,mass_A,,,,mass_C,,,,mass_B,,mass_C
t,x,y,vx,vy,x,y,vx,vy,θ,ω,θ
1.000000E-03,3.337048E-03,3.338807E-03,0.000000E+00,-1.226250E-02,-3.500383E-03,3.338807E-03,0.000000E+00,-1.226250E-02,0.000000E+00,0.000000E+00,0.000000E+00
2.000000E-03,3.337048E-03,3.326545E-03,0.000000E+00,-1.226250E-02,-3.500383E-03,3.326545E-03,0.000000E+00,-1.226250E-02,0.000000E+00,0.000000E+00,0.000000E+00
3.000000E-03,3.337048E-03,3.304472E-03,0.000000E+00,-2.207250E-02,-3.500383E-03,3.304472E-03,0.000000E+00,-2.207250E-02,0.000000E+00,0.000000E+00,0.000000E+00
4.000000E-03,3.336800E-03,3.294943E-03,-2.482700E-04,-9.529129E-03,-3.500631E-03,3.294943E-03,-2.482719E-04,-9.529650E-03,0.000000E+00,0.000000E+00,-4.370030E-06
5.000000E-03,3.336410E-03,3.292478E-03,-3.893204E-04,-2.465198E-03,-3.501021E-03,3.292477E-03,-3.893224E-04,-2.465510E-03,0.000000E+00,0.000000E+00,-6.983527E-06
6.000000E-03,3.335967E-03,3.291897E-03,-4.429857E-04,-5.810534E-04,-3.501464E-03,3.291896E-03,-4.429866E-04,-5.811799E-04,0.000000E+00,0.000000E+00,-8.043588E-06
7.000000E-03,3.335496E-03,3.291818E-03,-4.713353E-04,-7.914447E-05,-3.501935E-03,3.291817E-03,-4.713353E-04,-7.920277E-05,0.000000E+00,0.000000E+00,-8.532146E-06
8.000000E-03,3.335003E-03,3.291871E-03,-4.930066E-04,5.327575E-05,-3.502428E-03,3.291870E-03,-4.930061E-04,5.323543E-05,0.000000E+00,0.000000E+00,-8.869984E-06
9.000000E-03,3.334490E-03,3.291958E-03,-5.131963E-04,8.692025E-05,-3.502941E-03,3.291957E-03,-5.131956E-04,8.688277E-05,0.000000E+00,0.000000E+00,-9.184112E-06
1.000000E-02,3.333957E-03,3.292052E-03,-5.332816E-04,9.418705E-05,-3.503474E-03,3.292051E-03,-5.332809E-04,9.414888E-05,0.000000E+00,0.000000E+00,-9.503967E-06
1.100000E-02,3.333403E-03,3.292147E-03,-5.535913E-04,9.443671E-05,-3.504028E-03,3.292146E-03,-5.535906E-04,9.439740E-05,0.000000E+00,0.000000E+00,-9.833431E-06
1.200000E-02,3.332829E-03,3.292240E-03,-5.741715E-04,9.284459E-05,-3.504602E-03,3.292238E-03,-5.741708E-04,9.280427E-05,0.000000E+00,0.000000E+00,-1.017131E-05
1.300000E-02,3.332234E-03,3.292330E-03,-5.949948E-04,9.079252E-05,-3.505197E-03,3.292329E-03,-5.949943E-04,9.075139E-05,0.000000E+00,0.000000E+00,-1.051599E-05
1.400000E-02,3.331618E-03,3.292419E-03,-6.160174E-04,8.864810E-05,-3.505813E-03,3.292418E-03,-6.160169E-04,8.860631E-05,0.000000E+00,0.000000E+00,-1.086621E-05
1.500000E-02,3.330981E-03,3.292506E-03,-6.371935E-04,8.650783E-05,-3.506450E-03,3.292504E-03,-6.371932E-04,8.646550E-05,0.000000E+00,0.000000E+00,-1.122095E-05
1.600000E-02,3.330322E-03,3.292590E-03,-6.584804E-04,8.439585E-05,-3.507109E-03,3.292589E-03,-6.584802E-04,8.435307E-05,0.000000E+00,0.000000E+00,-1.157939E-05
1.700000E-02,3.329642E-03,3.292672E-03,-6.798382E-04,8.231703E-05,-3.507789E-03,3.292671E-03,-6.798381E-04,8.227390E-05,0.000000E+00,0.000000E+00,-1.194081E-05
1.800000E-02,3.328941E-03,3.292753E-03,-7.012306E-04,8.027121E-05,-3.508490E-03,3.292751E-03,-7.012307E-04,8.022780E-05,0.000000E+00,0.000000E+00,-1.230457E-05
1.900000E-02,3.328218E-03,3.292831E-03,-7.226246E-04,7.825691E-05,-3.509213E-03,3.292829E-03,-7.226247E-04,7.821329E-05,0.000000E+00,0.000000E+00,-1.267012E-05
2.000000E-02,3.327474E-03,3.292907E-03,-7.439898E-04,7.627243E-05,-3.509957E-03,3.292906E-03,-7.439901E-04,7.622866E-05,0.000000E+00,0.000000E+00,-1.303692E-05
2.100000E-02,3.326709E-03,3.292981E-03,-7.652988E-04,7.431606E-05,-3.510722E-03,3.292980E-03,-7.652992E-04,7.427219E-05,0.000000E+00,0.000000E+00,-1.340453E-05
2.200000E-02,3.325923E-03,3.293054E-03,-7.865266E-04,7.238613E-05,-3.511508E-03,3.293052E-03,-7.865271E-04,7.234221E-05,0.000000E+00,0.000000E+00,-1.377253E-05
2.300000E-02,3.325115E-03,3.293124E-03,-8.076505E-04,7.048108E-05,-3.512316E-03,3.293123E-03,-8.076510E-04,7.043716E-05,0.000000E+00,0.000000E+00,-1.414053E-05
2.400000E-02,3.324286E-03,3.293193E-03,-8.286498E-04,6.859943E-05,-3.513145E-03,3.293191E-03,-8.286504E-04,6.855555E-05,0.000000E+00,0.000000E+00,-1.450821E-05
2.500000E-02,3.323437E-03,3.293260E-03,-8.495061E-04,6.673978E-05,-3.513994E-03,3.293258E-03,-8.495068E-04,6.669598E-05,0.000000E+00,0.000000E+00,-1.487526E-05
2.600000E-02,3.322567E-03,3.293325E-03,-8.702024E-04,6.490079E-05,-3.514864E-03,3.293323E-03,-8.702032E-04,6.485710E-05,0.000000E+00,0.000000E+00,-1.524139E-05
2.700000E-02,3.321676E-03,3.293388E-03,-8.907237E-04,6.308122E-05,-3.515755E-03,3.293386E-03,-8.907246E-04,6.303766E-05,0.000000E+00,0.000000E+00,-1.560638E-05
2.800000E-02,3.320765E-03,3.293449E-03,-9.110565E-04,6.127988E-05,-3.516666E-03,3.293447E-03,-9.110574E-04,6.123649E-05,0.000000E+00,0.000000E+00,-1.596999E-05
2.900000E-02,3.319834E-03,3.293508E-03,-9.311885E-04,5.949565E-05,-3.517597E-03,3.293506E-03,-9.311894E-04,5.945245E-05,0.000000E+00,0.000000E+00,-1.633203E-05
3.000000E-02,3.318882E-03,3.293566E-03,-9.511089E-04,5.772748E-05,-3.518548E-03,3.293564E-03,-9.511099E-04,5.768448E-05,0.000000E+00,0.000000E+00,-1.669232E-05
3.100000E-02,3.317912E-03,3.293622E-03,-9.708080E-04,5.597436E-05,-3.519519E-03,3.293620E-03,-9.708091E-04,5.593159E-05,0.000000E+00,0.000000E+00,-1.705070E-05
3.200000E-02,3.316921E-03,3.293676E-03,-9.902774E-04,5.423537E-05,-3.520510E-03,3.293674E-03,-9.902785E-04,5.419285E-05,0.000000E+00,0.000000E+00,-1.740704E-05
3.300000E-02,3.315912E-03,3.293729E-03,-1.009510E-03,5.250962E-05,-3.521519E-03,3.293727E-03,-1.009511E-03,5.246735E-05,0.000000E+00,0.000000E+00,-1.776120E-05
3.400000E-02,3.314883E-03,3.293780E-03,-1.028498E-03,5.079627E-05,-3.522548E-03,3.293777E-03,-1.028499E-03,5.075428E-05,0.000000E+00,0.000000E+00,-1.811309E-05
3.500000E-02,3.313836E-03,3.293829E-03,-1.047237E-03,4.909454E-05,-3.523595E-03,3.293827E-03,-1.047238E-03,4.905283E-05,0.000000E+00,0.000000E+00,-1.846259E-05
3.600000E-02,3.312770E-03,3.293876E-03,-1.065722E-03,4.740370E-05,-3.524661E-03,3.293874E-03,-1.065723E-03,4.736228E-05,0.000000E+00,0.000000E+00,-1.880964E-05
3.700000E-02,3.311686E-03,3.293922E-03,-1.083948E-03,4.572304E-05,-3.525744E-03,3.293920E-03,-1.083949E-03,4.568193E-05,0.000000E+00,0.000000E+00,-1.915415E-05
3.800000E-02,3.310585E-03,3.293966E-03,-1.101912E-03,4.405193E-05,-3.526846E-03,3.293964E-03,-1.101913E-03,4.401113E-05,0.000000E+00,0.000000E+00,-1.949607E-05
3.900000E-02,3.309465E-03,3.294008E-03,-1.119612E-03,4.238975E-05,-3.527966E-03,3.294006E-03,-1.119613E-03,4.234926E-05,0.000000E+00,0.000000E+00,-1.983533E-05
4.000000E-02,3.308328E-03,3.294049E-03,-1.137045E-03,4.073592E-05,-3.529103E-03,3.294047E-03,-1.137046E-03,4.069575E-05,0.000000E+00,0.000000E+00,-2.017190E-05
4.100000E-02,3.307174E-03,3.294088E-03,-1.154210E-03,3.908991E-05,-3.530257E-03,3.294086E-03,-1.154211E-03,3.905007E-05,0.000000E+00,0.000000E+00,-2.050573E-05
4.200000E-02,3.306003E-03,3.294126E-03,-1.171105E-03,3.745122E-05,-3.531428E-03,3.294123E-03,-1.171106E-03,3.741171E-05,0.000000E+00,0.000000E+00,-2.083681E-05
4.300000E-02,3.304815E-03,3.294161E-03,-1.187730E-03,3.581938E-05,-3.532616E-03,3.294159E-03,-1.187730E-03,3.578020E-05,0.000000E+00,0.000000E+00,-2.116509E-05
4.400000E-02,3.303611E-03,3.294196E-03,-1.204083E-03,3.419394E-05,-3.533820E-03,3.294193E-03,-1.204084E-03,3.415510E-05,0.000000E+00,0.000000E+00,-2.149057E-05
4.500000E-02,3.302391E-03,3.294228E-03,-1.220167E-03,3.257451E-05,-3.535040E-03,3.294226E-03,-1.220167E-03,3.253601E-05,0.000000E+00,0.000000E+00,-2.181323E-05
4.600000E-02,3.301155E-03,3.294259E-03,-1.235980E-03,3.096069E-05,-3.536276E-03,3.294256E-03,-1.235979E-03,3.092253E-05,0.000000E+00,0.000000E+00,-2.213306E-05
4.700000E-02,3.299903E-03,3.294288E-03,-1.251523E-03,2.935214E-05,-3.537528E-03,3.294286E-03,-1.251523E-03,2.931431E-05,0.000000E+00,0.000000E+00,-2.245007E-05
4.800000E-02,3.298636E-03,3.294316E-03,-1.266798E-03,2.774852E-05,-3.538795E-03,3.294313E-03,-1.266797E-03,2.771103E-05,0.000000E+00,0.000000E+00,-2.276424E-05
4.900000E-02,3.297355E-03,3.294342E-03,-1.281805E-03,2.614952E-05,-3.540076E-03,3.294340E-03,-1.281805E-03,2.611237E-05,0.000000E+00,0.000000E+00,-2.307560E-05
5.000000E-02,3.296058E-03,3.294367E-03,-1.296551E-03,2.455614E-05,-3.541373E-03,3.294364E-03,-1.296550E-03,2.451917E-05,0.000000E+00,0.000000E+00,-2.338542E-05
5.100000E-02,3.294747E-03,3.294390E-03,-1.311069E-03,2.297422E-05,-3.542684E-03,3.294387E-03,-1.311068E-03,2.293718E-05,0.000000E+00,0.000000E+00,-2.369584E-05
5.200000E-02,3.293422E-03,3.294411E-03,-1.325372E-03,2.139896E-05,-3.544009E-03,3.294408E-03,-1.325370E-03,2.136205E-05,0.000000E+00,0.000000E+00,-2.400512E-05
5.300000E-02,3.292082E-03,3.294431E-03,-1.339461E-03,1.982701E-05,-3.545349E-03,3.294428E-03,-1.339459E-03,1.979030E-05,0.000000E+00,0.000000E+00,-2.431272E-05
5.400000E-02,3.290729E-03,3.294449E-03,-1.353336E-03,1.825730E-05,-3.546702E-03,3.294446E-03,-1.353334E-03,1.822081E-05,0.000000E+00,0.000000E+00,-2.461851E-05
5.500000E-02,3.289362E-03,3.294466E-03,-1.367000E-03,1.668938E-05,-3.548069E-03,3.294463E-03,-1.366998E-03,1.665312E-05,0.000000E+00,0.000000E+00,-2.492243E-05
5.600000E-02,3.287981E-03,3.294481E-03,-1.380453E-03,1.512299E-05,-3.549450E-03,3.294478E-03,-1.380450E-03,1.508695E-05,0.000000E+00,0.000000E+00,-2.522447E-05
5.700000E-02,3.286588E-03,3.294495E-03,-1.393697E-03,1.355791E-05,-3.550843E-03,3.294492E-03,-1.393694E-03,1.352209E-05,0.000000E+00,0.000000E+00,-2.552462E-05
5.800000E-02,3.285181E-03,3.294507E-03,-1.406742E-03,1.199725E-05,-3.552250E-03,3.294504E-03,-1.406738E-03,1.196131E-05,0.000000E+00,0.000000E+00,-2.582586E-05
5.900000E-02,3.283761E-03,3.294517E-03,-1.419617E-03,1.044364E-05,-3.553670E-03,3.294514E-03,-1.419614E-03,1.040688E-05,0.000000E+00,0.000000E+00,-2.613385E-05
6.000000E-02,3.282329E-03,3.294526E-03,-1.432490E-03,8.930385E-06,-3.555102E-03,3.294523E-03,-1.432487E-03,8.889708E-06,0.000000E+00,0.000000E+00,-2.647470E-05
6.100000E-02,3.280883E-03,3.294534E-03,-1.445551E-03,7.468269E-06,-3.556548E-03,3.294530E-03,-1.445549E-03,7.425280E-06,0.000000E+00,0.000000E+00,-2.683494E-05
6.200000E-02,3.279424E-03,3.294540E-03,-1.458855E-03,6.023263E-06,-3.558007E-03,3.294536E-03,-1.458855E-03,5.978194E-06,0.000000E+00,0.000000E+00,-2.721260E-05
6.300000E-02,3.277952E-03,3.294544E-03,-1.472452E-03,4.584297E-06,-3.559479E-03,3.294541E-03,-1.472452E-03,4.538141E-06,0.000000E+00,0.000000E+00,-2.759938E-05
6.400000E-02,3.276466E-03,3.294547E-03,-1.486336E-03,3.137775E-06,-3.560965E-03,3.294544E-03,-1.486337E-03,3.090786E-06,0.000000E+00,0.000000E+00,-2.799314E-05
6.500000E-02,3.274965E-03,3.294549E-03,-1.500506E-03,1.678685E-06,-3.562466E-03,3.294546E-03,-1.500506E-03,1.630886E-06,0.000000E+00,0.000000E+00,-2.839368E-05
6.600000E-02,3.273450E-03,3.294549E-03,-1.514960E-03,2.049600E-07,-3.563981E-03,3.294546E-03,-1.514960E-03,1.563407E-07,0.000000E+00,0.000000E+00,-2.880109E-05
6.700000E-02,3.271920E-03,3.294548E-03,-1.529729E-03,-1.276024E-06,-3.565511E-03,3.294544E-03,-1.529729E-03,-1.326448E-06,0.000000E+00,0.000000E+00,-2.922364E-05
6.800000E-02,3.270375E-03,3.294545E-03,-1.544872E-03,-2.757869E-06,-3.567055E-03,3.294542E-03,-1.544873E-03,-2.809737E-06,0.000000E+00,0.000000E+00,-2.965827E-05
6.900000E-02,3.268815E-03,3.294541E-03,-1.560397E-03,-4.253587E-06,-3.568616E-03,3.294537E-03,-1.560398E-03,-4.306612E-06,0.000000E+00,0.000000E+00,-3.010261E-05
7.000000E-02,3.267239E-03,3.294535E-03,-1.576309E-03,-5.768713E-06,-3.570192E-03,3.294532E-03,-1.576309E-03,-5.822825E-06,0.000000E+00,0.000000E+00,-3.055605E-05
7.100000E-02,3.265646E-03,3.294528E-03,-1.592609E-03,-7.305664E-06,-3.571785E-03,3.294524E-03,-1.592610E-03,-7.360854E-06,0.000000E+00,0.000000E+00,-3.101852E-05
7.200000E-02,3.264037E-03,3.294519E-03,-1.609304E-03,-8.866035E-06,-3.573394E-03,3.294515E-03,-1.609304E-03,-8.922312E-06,0.000000E+00,0.000000E+00,-3.149012E-05
7.300000E-02,3.262410E-03,3.294509E-03,-1.626395E-03,-1.045122E-05,-3.575020E-03,3.294505E-03,-1.626396E-03,-1.050860E-05,0.000000E+00,0.000000E+00,-3.197095E-05
7.400000E-02,3.260767E-03,3.294496E-03,-1.643889E-03,-1.206258E-05,-3.576664E-03,3.294493E-03,-1.643889E-03,-1.212108E-05,0.000000E+00,0.000000E+00,-3.246117E-05
7.500000E-02,3.259105E-03,3.294483E-03,-1.661788E-03,-1.370149E-05,-3.578326E-03,3.294479E-03,-1.661788E-03,-1.376113E-05,0.000000E+00,0.000000E+00,-3.296094E-05
7.600000E-02,3.257425E-03,3.294467E-03,-1.680097E-03,-1.536934E-05,-3.580006E-03,3.294463E-03,-1.680097E-03,-1.543013E-05,0.000000E+00,0.000000E+00,-3.347041E-05
7.700000E-02,3.255726E-03,3.294450E-03,-1.698820E-03,-1.706755E-05,-3.581705E-03,3.294446E-03,-1.698821E-03,-1.712952E-05,0.000000E+00,0.000000E+00,-3.398974E-05
7.800000E-02,3.254008E-03,3.294432E-03,-1.717963E-03,-1.879758E-05,-3.583423E-03,3.294427E-03,-1.717964E-03,-1.886076E-05,0.000000E+00,0.000000E+00,-3.451911E-05
7.900000E-02,3.252270E-03,3.294411E-03,-1.737530E-03,-2.056093E-05,-3.585161E-03,3.294407E-03,-1.737531E-03,-2.062532E-05,0.000000E+00,0.000000E+00,-3.505869E-05
8.000000E-02,3.250513E-03,3.294389E-03,-1.757525E-03,-2.235910E-05,-3.586918E-03,3.294384E-03,-1.757526E-03,-2.242473E-05,0.000000E+00,0.000000E+00,-3.560866E-05
8.100000E-02,3.248735E-03,3.294364E-03,-1.777954E-03,-2.419367E-05,-3.588696E-03,3.294360E-03,-1.777955E-03,-2.426056E-05,0.000000E+00,0.000000E+00,-3.616920E-05
8.200000E-02,3.246936E-03,3.294338E-03,-1.798822E-03,-2.606623E-05,-3.590495E-03,3.294334E-03,-1.798822E-03,-2.613440E-05,0.000000E+00,0.000000E+00,-3.674051E-05
8.300000E-02,3.245116E-03,3.294310E-03,-1.820133E-03,-2.797841E-05,-3.592315E-03,3.294306E-03,-1.820134E-03,-2.804790E-05,0.000000E+00,0.000000E+00,-3.732277E-05
8.400000E-02,3.243274E-03,3.294280E-03,-1.841893E-03,-2.993191E-05,-3.594157E-03,3.294276E-03,-1.841894E-03,-3.000272E-05,0.000000E+00,0.000000E+00,-3.791620E-05
8.500000E-02,3.241410E-03,3.294249E-03,-1.864108E-03,-3.192843E-05,-3.596021E-03,3.294244E-03,-1.864108E-03,-3.200060E-05,0.000000E+00,0.000000E+00,-3.852099E-05
8.600000E-02,3.239523E-03,3.294215E-03,-1.886782E-03,-3.396975E-05,-3.597908E-03,3.294210E-03,-1.886783E-03,-3.404330E-05,0.000000E+00,0.000000E+00,-3.913735E-05
8.700000E-02,3.237613E-03,3.294178E-03,-1.909922E-03,-3.605767E-05,-3.599818E-03,3.294174E-03,-1.909923E-03,-3.613263E-05,0.000000E+00,0.000000E+00,-3.976552E-05
8.800000E-02,3.235680E-03,3.294140E-03,-1.933534E-03,-3.819407E-05,-3.601751E-03,3.294135E-03,-1.933535E-03,-3.827046E-05,0.000000E+00,0.000000E+00,-4.040571E-05
8.900000E-02,3.233722E-03,3.294100E-03,-1.957622E-03,-4.038085E-05,-3.603709E-03,3.294095E-03,-1.957623E-03,-4.045871E-05,0.000000E+00,0.000000E+00,-4.105815E-05
9.000000E-02,3.231740E-03,3.294057E-03,-1.982194E-03,-4.261997E-05,-3.605691E-03,3.294052E-03,-1.982195E-03,-4.269932E-05,0.000000E+00,0.000000E+00,-4.172309E-05
9.100000E-02,3.229733E-03,3.294012E-03,-2.007256E-03,-4.491347E-05,-3.607698E-03,3.294007E-03,-2.007256E-03,-4.499434E-05,0.000000E+00,0.000000E+00,-4.240076E-05
9.200000E-02,3.227700E-03,3.293965E-03,-2.032813E-03,-4.726341E-05,-3.609731E-03,3.293960E-03,-2.032813E-03,-4.734583E-05,0.000000E+00,0.000000E+00,-4.309143E-05
9.300000E-02,3.225641E-03,3.293915E-03,-2.058872E-03,-4.967192E-05,-3.611790E-03,3.293910E-03,-2.058873E-03,-4.975592E-05,0.000000E+00,0.000000E+00,-4.379535E-05
9.400000E-02,3.223555E-03,3.293863E-03,-2.085440E-03,-5.214121E-05,-3.613875E-03,3.293858E-03,-2.085441E-03,-5.222682E-05,0.000000E+00,0.000000E+00,-4.451279E-05
9.500000E-02,3.221443E-03,3.293809E-03,-2.112523E-03,-5.467353E-05,-3.615988E-03,3.293803E-03,-2.112524E-03,-5.476079E-05,0.000000E+00,0.000000E+00,-4.524402E-05
9.600000E-02,3.219303E-03,3.293751E-03,-2.140129E-03,-5.727121E-05,-3.618128E-03,3.293746E-03,-2.140130E-03,-5.736015E-05,0.000000E+00,0.000000E+00,-4.598933E-05
9.700000E-02,3.217135E-03,3.293691E-03,-2.168264E-03,-5.993664E-05,-3.620296E-03,3.293686E-03,-2.168265E-03,-6.002729E-05,0.000000E+00,0.000000E+00,-4.674901E-05
9.800000E-02,3.214938E-03,3.293629E-03,-2.196936E-03,-6.267228E-05,-3.622493E-03,3.293623E-03,-2.196937E-03,-6.276469E-05,0.000000E+00,0.000000E+00,-4.752336E-05
9.900000E-02,3.212711E-03,3.293563E-03,-2.226151E-03,-6.548067E-05,-3.624719E-03,3.293558E-03,-2.226152E-03,-6.557487E-05,0.000000E+00,0.000000E+00,-4.831270E-05
1.000000E-01,3.210456E-03,3.293495E-03,-2.255918E-03,-6.836443E-05,-3.626975E-03,3.293489E-03,-2.255919E-03,-6.846045E-05,0.000000E+00,0.000000E+00,-4.911733E-05
1.010000E-01,3.212178E-03,3.300959E-03,1.722797E-03,7.464454E-03,-3.625258E-03,3.300812E-03,1.716919E-03,7.323434E-03,0.000000E+00,0.000000E+00,-1.230830E-03
1.020000E-01,3.226625E-03,3.327629E-03,1.444636E-02,2.667003E-02,-3.610762E-03,3.327168E-03,1.449639E-02,2.635596E-02,0.000000E+00,0.000000E+00,-3.862737E-03
1.030000E-01,3.241724E-03,3.342395E-03,1.509904E-02,1.476561E-02,-3.595535E-03,3.343926E-03,1.522742E-02,1.675798E-02,0.000000E+00,0.000000E+00,1.283314E-02
1.040000E-01,3.256709E-03,3.345030E-03,1.498570E-02,2.634590E-03,-3.580411E-03,3.353242E-03,1.512388E-02,9.315297E-03,0.000000E+00,0.000000E+00,6.881839E-02
1.050000E-01,3.271509E-03,3.334722E-03,1.479964E-02,-1.030766E-02,-3.565443E-03,3.355950E-03,1.496745E-02,2.708000E-03,0.000000E+00,0.000000E+00,1.778948E-01
1.060000E-01,3.286069E-03,3.311163E-03,1.455966E-02,-2.355923E-02,-3.550646E-03,3.352400E-03,1.479705E-02,-3.549675E-03,0.000000E+00,0.000000E+00,3.455894E-01
1.070000E-01,3.310049E-03,3.320997E-03,2.398022E-02,9.834336E-03,-3.526801E-03,3.353737E-03,2.384564E-02,1.337250E-03,0.000000E+00,0.000000E+00,2.743754E-01
1.080000E-01,3.333996E-03,3.318676E-03,2.394750E-02,-2.321151E-03,-3.502962E-03,3.347644E-03,2.383822E-02,-6.093768E-03,0.000000E+00,0.000000E+00,2.427560E-01
1.090000E-01,3.357937E-03,3.305045E-03,2.394040E-02,-1.363104E-02,-3.479120E-03,3.333195E-03,2.384273E-02,-1.444872E-02,0.000000E+00,0.000000E+00,2.359003E-01
1.100000E-01,3.381885E-03,3.281036E-03,2.394827E-02,-2.400880E-02,-3.455265E-03,3.309344E-03,2.385453E-02,-2.385099E-02,0.000000E+00,0.000000E+00,2.372195E-01
1.110000E-01,3.405850E-03,3.247598E-03,2.396440E-02,-3.343771E-02,-3.431397E-03,3.275042E-03,2.386803E-02,-3.430197E-02,0.000000E+00,0.000000E+00,2.299738E-01
1.120000E-01,3.422240E-03,3.246637E-03,1.639026E-02,-9.610718E-04,-3.414952E-03,3.239872E-03,1.644491E-02,-3.516937E-02,0.000000E+00,0.000000E+00,-5.668912E-02
1.130000E-01,3.430768E-03,3.262363E-03,8.528506E-03,1.572574E-02,-3.406063E-03,3.211989E-03,8.888861E-03,-2.788373E-02,0.000000E+00,0.000000E+00,-4.221518E-01
1.140000E-01,3.418785E-03,3.296866E-03,-1.198295E-02,3.450254E-02,-3.417971E-03,3.236876E-03,-1.190762E-02,2.488738E-02,0.000000E+00,0.000000E+00,-5.027315E-01
1.150000E-01,3.392880E-03,3.341086E-03,-2.590491E-02,4.422041E-02,-3.444083E-03,3.294455E-03,-2.611205E-02,5.757930E-02,0.000000E+00,0.000000E+00,-3.907717E-01
1.160000E-01,3.359273E-03,3.381846E-03,-3.360718E-02,4.075974E-02,-3.478081E-03,3.362786E-03,-3.399817E-02,6.833097E-02,0.000000E+00,0.000000E+00,-1.597132E-01
1.170000E-01,3.324332E-03,3.407366E-03,-3.494102E-02,2.552035E-02,-3.513405E-03,3.423609E-03,-3.532337E-02,6.082220E-02,0.000000E+00,0.000000E+00,1.361016E-01
1.180000E-01,3.289461E-03,3.425299E-03,-3.487100E-02,1.793271E-02,-3.548499E-03,3.471763E-03,-3.509460E-02,4.815410E-02,0.000000E+00,0.000000E+00,3.893187E-01
1.190000E-01,3.254819E-03,3.436578E-03,-3.464189E-02,1.127958E-02,-3.583287E-03,3.506604E-03,-3.478819E-02,3.484115E-02,0.000000E+00,0.000000E+00,5.867158E-01
1.200000E-01,3.220535E-03,3.441731E-03,-3.428440E-02,5.152297E-03,-3.617716E-03,3.527787E-03,-3.442830E-02,2.118338E-02,0.000000E+00,0.000000E+00,7.210058E-01
1.210000E-01,3.186678E-03,3.440660E-03,-3.385670E-02,-1.070219E-03,-3.651756E-03,3.535551E-03,-3.404021E-02,7.763734E-03,0.000000E+00,0.000000E+00,7.949887E-01
1.220000E-01,3.153210E-03,3.432642E-03,-3.346854E-02,-8.018623E-03,-3.685444E-03,3.530823E-03,-3.368828E-02,-4.727664E-03,0.000000E+00,0.000000E+00,8.225301E-01
1.230000E-01,3.119977E-03,3.416484E-03,-3.323286E-02,-1.615754E-02,-3.718898E-03,3.514924E-03,-3.345346E-02,-1.589952E-02,0.000000E+00,0.000000E+00,8.246647E-01
1.240000E-01,3.086793E-03,3.390783E-03,-3.318409E-02,-2.570115E-02,-3.752259E-03,3.489213E-03,-3.336175E-02,-2.571060E-02,0.000000E+00,0.000000E+00,8.245641E-01
1.250000E-01,3.053490E-03,3.354134E-03,-3.330243E-02,-3.664913E-02,-3.785656E-03,3.454965E-03,-3.339635E-02,-3.424824E-02,0.000000E+00,0.000000E+00,8.446623E-01
1.260000E-01,3.019929E-03,3.305283E-03,-3.356102E-02,-4.885135E-02,-3.819187E-03,3.413316E-03,-3.353094E-02,-4.164930E-02,0.000000E+00,0.000000E+00,9.049882E-01
1.270000E-01,3.000255E-03,3.308131E-03,-1.967450E-02,2.848129E-03,-3.839353E-03,3.380960E-03,-2.016623E-02,-3.235574E-02,0.000000E+00,0.000000E+00,6.100706E-01
1.280000E-01,2.997566E-03,3.345624E-03,-2.688659E-03,3.749291E-02,-3.841928E-03,3.408987E-03,-2.575373E-03,2.802686E-02,0.000000E+00,0.000000E+00,5.307896E-01
1.290000E-01,2.997641E-03,3.377067E-03,7.463725E-05,3.144364E-02,-3.841260E-03,3.442717E-03,6.684172E-04,3.373000E-02,0.000000E+00,0.000000E+00,5.499889E-01
1.300000E-01,2.997615E-03,3.397575E-03,-2.545018E-05,2.050771E-02,-3.840304E-03,3.467534E-03,9.555036E-04,2.481679E-02,0.000000E+00,0.000000E+00,5.861706E-01
1.310000E-01,2.997360E-03,3.408384E-03,-2.556782E-04,1.080881E-02,-3.839221E-03,3.482574E-03,1.083428E-03,1.504078E-02,0.000000E+00,0.000000E+00,6.217487E-01
1.320000E-01,2.996745E-03,3.410769E-03,-6.146178E-04,2.385253E-03,-3.838183E-03,3.486959E-03,1.037829E-03,4.384804E-03,0.000000E+00,0.000000E+00,6.386588E-01
1.330000E-01,2.995627E-03,3.405819E-03,-1.118266E-03,-4.949724E-03,-3.837387E-03,3.479850E-03,7.963158E-04,-7.109254E-03,0.000000E+00,0.000000E+00,6.207320E-01
1.340000E-01,2.992718E-03,3.403609E-03,-2.909032E-03,-2.210578E-03,-3.838097E-03,3.448562E-03,-7.103514E-04,-3.128829E-02,0.000000E+00,0.000000E+00,3.770514E-01
1.350000E-01,2.982669E-03,3.380905E-03,-1.004843E-02,-2.270405E-02,-3.843989E-03,3.396539E-03,-5.892153E-03,-5.202218E-02,0.000000E+00,0.000000E+00,1.312207E-01
1.360000E-01,2.970712E-03,3.344356E-03,-1.195713E-02,-3.654898E-02,-3.850560E-03,3.333729E-03,-6.570922E-03,-6.281047E-02,0.000000E+00,0.000000E+00,-8.926066E-02
1.370000E-01,2.956150E-03,3.303784E-03,-1.456261E-02,-4.057145E-02,-3.859094E-03,3.280415E-03,-8.533951E-03,-5.331385E-02,0.000000E+00,0.000000E+00,-1.964643E-01
1.380000E-01,2.937137E-03,3.265880E-03,-1.901300E-02,-3.790414E-02,-3.872060E-03,3.272748E-03,-1.296599E-02,-7.667455E-03,0.000000E+00,0.000000E+00,5.778611E-02
1.390000E-01,2.924653E-03,3.250281E-03,-1.248408E-02,-1.559892E-02,-3.877153E-03,3.284452E-03,-5.092739E-03,1.170394E-02,0.000000E+00,0.000000E+00,2.878352E-01
1.400000E-01,2.918853E-03,3.248539E-03,-5.799122E-03,-1.742084E-03,-3.873984E-03,3.312104E-03,3.169215E-03,2.765261E-02,0.000000E+00,0.000000E+00,5.361385E-01
1.410000E-01,2.915270E-03,3.239999E-03,-3.583636E-03,-8.540360E-03,-3.867125E-03,3.345727E-03,6.858994E-03,3.362269E-02,0.000000E+00,0.000000E+00,8.930890E-01
1.420000E-01,2.911304E-03,3.228431E-03,-3.966111E-03,-1.156818E-02,-3.860420E-03,3.359091E-03,6.704231E-03,1.336395E-02,0.000000E+00,0.000000E+00,1.105383E+00
1.430000E-01,2.907592E-03,3.225415E-03,-3.711681E-03,-3.016090E-03,-3.854799E-03,3.338754E-03,5.621577E-03,-2.033687E-02,0.000000E+00,0.000000E+00,9.602022E-01
1.440000E-01,2.903825E-03,3.218302E-03,-3.767128E-03,-7.112795E-03,-3.849426E-03,3.299636E-03,5.373170E-03,-3.911744E-02,0.000000E+00,0.000000E+00,6.900254E-01
1.450000E-01,2.899778E-03,3.204044E-03,-4.047254E-03,-1.425725E-02,-3.844213E-03,3.245589E-03,5.212509E-03,-5.404750E-02,0.000000E+00,0.000000E+00,3.529507E-01
1.460000E-01,2.895275E-03,3.182354E-03,-4.502950E-03,-2.169048E-02,-3.839231E-03,3.177749E-03,4.982259E-03,-6.784022E-02,0.000000E+00,0.000000E+00,-3.918017E-02
1.470000E-01,2.890203E-03,3.153554E-03,-5.071989E-03,-2.879995E-02,-3.834474E-03,3.096713E-03,4.757378E-03,-8.103602E-02,0.000000E+00,0.000000E+00,-4.842892E-01
1.480000E-01,2.872432E-03,3.142872E-03,-1.777078E-02,-1.068173E-02,-3.845289E-03,3.063415E-03,-1.081534E-02,-3.329780E-02,0.000000E+00,0.000000E+00,-6.776641E-01
1.490000E-01,2.845196E-03,3.146440E-03,-2.723554E-02,3.567269E-03,-3.868014E-03,3.058709E-03,-2.272483E-02,-4.706340E-03,0.000000E+00,0.000000E+00,-7.487219E-01
1.500000E-01,2.813945E-03,3.138029E-03,-3.125164E-02,-8.410299E-03,-3.894919E-03,3.054385E-03,-2.690480E-02,-4.323365E-03,0.000000E+00,0.000000E+00,-7.143090E-01
1.510000E-01,2.776571E-03,3.147341E-03,-3.737399E-02,9.311754E-03,-3.928198E-03,3.054321E-03,-3.327901E-02,-6.400502E-05,0.000000E+00,0.000000E+00,-7.948521E-01
1.520000E-01,2.728587E-03,3.168877E-03,-4.798329E-02,2.153620E-02,-3.973837E-03,3.089583E-03,-4.563945E-02,3.526193E-02,0.000000E+00,0.000000E+00,-6.778148E-01
1.530000E-01,2.672785E-03,3.195713E-03,-5.580210E-02,2.683563E-02,-4.027805E-03,3.140081E-03,-5.396758E-02,5.049761E-02,0.000000E+00,0.000000E+00,-4.756909E-01
1.540000E-01,2.610937E-03,3.225029E-03,-6.184804E-02,2.931664E-02,-4.087816E-03,3.197327E-03,-6.001157E-02,5.724640E-02,0.000000E+00,0.000000E+00,-2.369421E-01
1.550000E-01,2.543494E-03,3.258401E-03,-6.744369E-02,3.337141E-02,-4.153415E-03,3.259810E-03,-6.559913E-02,6.248260E-02,0.000000E+00,0.000000E+00,1.205367E-02
1.560000E-01,2.473392E-03,3.298253E-03,-7.010112E-02,3.985231E-02,-4.221710E-03,3.315917E-03,-6.829450E-02,5.610697E-02,0.000000E+00,0.000000E+00,1.511617E-01
1.570000E-01,2.401804E-03,3.341169E-03,-7.158870E-02,4.291600E-02,-4.291536E-03,3.362763E-03,-6.982617E-02,4.684590E-02,0.000000E+00,0.000000E+00,1.848416E-01
1.580000E-01,2.330239E-03,3.377345E-03,-7.156496E-02,3.617547E-02,-4.361343E-03,3.399990E-03,-6.980666E-02,3.722692E-02,0.000000E+00,0.000000E+00,1.938930E-01
1.590000E-01,2.258559E-03,3.407328E-03,-7.167947E-02,2.998357E-02,-4.431349E-03,3.427307E-03,-7.000609E-02,2.731719E-02,0.000000E+00,0.000000E+00,1.711054E-01
1.600000E-01,2.186562E-03,3.431442E-03,-7.199690E-02,2.411402E-02,-4.501862E-03,3.444429E-03,-7.051366E-02,1.712202E-02,0.000000E+00,0.000000E+00,1.112474E-01
1.610000E-01,2.114004E-03,3.449647E-03,-7.255873E-02,1.820489E-02,-4.573241E-03,3.451084E-03,-7.137834E-02,6.654988E-03,0.000000E+00,0.000000E+00,1.230850E-02
1.620000E-01,2.040634E-03,3.443083E-03,-7.336930E-02,-6.564345E-03,-4.644990E-03,3.459442E-03,-7.174965E-02,8.358316E-03,0.000000E+00,0.000000E+00,1.401984E-01
1.630000E-01,1.966600E-03,3.433937E-03,-7.403465E-02,-9.145571E-03,-4.717810E-03,3.454887E-03,-7.282009E-02,-4.554875E-03,0.000000E+00,0.000000E+00,1.795729E-01
1.640000E-01,1.893395E-03,3.414082E-03,-7.320440E-02,-1.985477E-02,-4.791367E-03,3.443129E-03,-7.355653E-02,-1.175793E-02,0.000000E+00,0.000000E+00,2.489614E-01
1.650000E-01,1.821725E-03,3.383037E-03,-7.167082E-02,-3.104572E-02,-4.865316E-03,3.422576E-03,-7.394876E-02,-2.055287E-02,0.000000E+00,0.000000E+00,3.387788E-01
1.660000E-01,1.750816E-03,3.343399E-03,-7.090836E-02,-3.963753E-02,-4.940439E-03,3.389057E-03,-7.512346E-02,-3.351906E-02,0.000000E+00,0.000000E+00,3.909545E-01
1.670000E-01,1.678684E-03,3.294990E-03,-7.213206E-02,-4.840897E-02,-5.017758E-03,3.344913E-03,-7.731872E-02,-4.414461E-02,0.000000E+00,0.000000E+00,4.271363E-01
1.680000E-01,1.613973E-03,3.288321E-03,-6.471108E-02,-6.668965E-03,-5.087234E-03,3.307445E-03,-6.947625E-02,-3.746739E-02,0.000000E+00,0.000000E+00,1.635114E-01
1.690000E-01,1.552982E-03,3.302293E-03,-6.099139E-02,1.397162E-02,-5.152743E-03,3.271277E-03,-6.550925E-02,-3.616814E-02,0.000000E+00,0.000000E+00,-2.650059E-01
1.700000E-01,1.492228E-03,3.317864E-03,-6.075334E-02,1.557145E-02,-5.218009E-03,3.230682E-03,-6.526584E-02,-4.059478E-02,0.000000E+00,0.000000E+00,-7.443666E-01
1.710000E-01,1.430131E-03,3.326565E-03,-6.209712E-02,8.700493E-03,-5.284746E-03,3.182916E-03,-6.673670E-02,-4.776665E-02,0.000000E+00,0.000000E+00,-1.225522E+00
1.720000E-01,1.366440E-03,3.327708E-03,-6.369165E-02,1.142863E-03,-5.353154E-03,3.127064E-03,-6.840762E-02,-5.585166E-02,0.000000E+00,0.000000E+00,-1.710315E+00
1.730000E-01,1.301058E-03,3.321782E-03,-6.538134E-02,-5.925354E-03,-5.423218E-03,3.062342E-03,-7.006402E-02,-6.472245E-02,0.000000E+00,0.000000E+00,-2.209530E+00
1.740000E-01,1.229029E-03,3.319351E-03,-7.202938E-02,-2.431270E-03,-5.500980E-03,3.057558E-03,-7.776200E-02,-4.784058E-03,0.000000E+00,0.000000E+00,-2.227650E+00
1.750000E-01,1.150985E-03,3.320940E-03,-7.804345E-02,1.589174E-03,-5.585741E-03,3.086313E-03,-8.476134E-02,2.875577E-02,0.000000E+00,0.000000E+00,-1.994693E+00
1.760000E-01,1.067757E-03,3.321292E-03,-8.322865E-02,3.518185E-04,-5.676411E-03,3.128203E-03,-9.066991E-02,4.188945E-02,0.000000E+00,0.000000E+00,-1.639962E+00
1.770000E-01,9.797430E-04,3.309997E-03,-8.801375E-02,-1.129557E-02,-5.772571E-03,3.176489E-03,-9.615988E-02,4.828582E-02,0.000000E+00,0.000000E+00,-1.132714E+00
1.780000E-01,8.869606E-04,3.287155E-03,-9.278233E-02,-2.284174E-02,-5.873634E-03,3.230124E-03,-1.010629E-01,5.363586E-02,0.000000E+00,0.000000E+00,-4.833180E-01
1.790000E-01,7.892418E-04,3.260121E-03,-9.771884E-02,-2.703402E-02,-5.979044E-03,3.289419E-03,-1.054107E-01,5.929418E-02,0.000000E+00,0.000000E+00,2.480150E-01
1.800000E-01,6.873270E-04,3.227520E-03,-1.019148E-01,-3.260119E-02,-6.087514E-03,3.350060E-03,-1.084698E-01,6.064162E-02,0.000000E+00,0.000000E+00,1.036231E+00
1.810000E-01,5.825877E-04,3.198775E-03,-1.047392E-01,-2.874413E-02,-6.197391E-03,3.406798E-03,-1.098765E-01,5.673735E-02,0.000000E+00,0.000000E+00,1.757389E+00
1.820000E-01,4.751539E-04,3.164330E-03,-1.074339E-01,-3.444557E-02,-6.308554E-03,3.457884E-03,-1.111633E-01,5.108644E-02,0.000000E+00,0.000000E+00,2.477838E+00
1.830000E-01,3.650055E-04,3.118965E-03,-1.101484E-01,-4.536532E-02,-6.420773E-03,3.502330E-03,-1.122194E-01,4.444577E-02,0.000000E+00,0.000000E+00,3.233511E+00
1.840000E-01,2.545953E-04,3.077016E-03,-1.104102E-01,-4.194878E-02,-6.533087E-03,3.524128E-03,-1.123136E-01,2.179856E-02,0.000000E+00,0.000000E+00,3.768696E+00
1.850000E-01,1.434988E-04,3.035060E-03,-1.110965E-01,-4.195548E-02,-6.646315E-03,3.527696E-03,-1.132282E-01,3.567679E-03,0.000000E+00,0.000000E+00,4.149831E+00
1.860000E-01,3.101644E-05,2.987651E-03,-1.124823E-01,-4.740913E-02,-6.760942E-03,3.517765E-03,-1.146269E-01,-9.931311E-03,0.000000E+00,0.000000E+00,4.462899E+00
1.870000E-01,-8.282806E-05,2.932462E-03,-1.138445E-01,-5.518900E-02,-6.876843E-03,3.493820E-03,-1.159015E-01,-2.394517E-02,0.000000E+00,0.000000E+00,4.723351E+00
1.880000E-01,-1.978025E-04,2.868566E-03,-1.149745E-01,-6.389584E-02,-6.993713E-03,3.456982E-03,-1.168693E-01,-3.683747E-02,0.000000E+00,0.000000E+00,4.948546E+00
1.890000E-01,-3.088564E-04,2.818040E-03,-1.110539E-01,-5.052620E-02,-7.107763E-03,3.413854E-03,-1.140497E-01,-4.312793E-02,0.000000E+00,0.000000E+00,5.008253E+00
1.900000E-01,-4.060775E-04,2.826817E-03,-9.722101E-02,8.777341E-03,-7.211813E-03,3.374681E-03,-1.040507E-01,-3.917369E-02,0.000000E+00,0.000000E+00,4.602397E+00
1.910000E-01,-4.975360E-04,2.854851E-03,-9.145857E-02,2.803317E-02,-7.311633E-03,3.319642E-03,-9.981983E-02,-5.503899E-02,0.000000E+00,0.000000E+00,3.902112E+00
1.920000E-01,-5.874488E-04,2.886247E-03,-8.991273E-02,3.139664E-02,-7.409507E-03,3.249889E-03,-9.787349E-02,-6.975301E-02,0.000000E+00,0.000000E+00,3.051192E+00
1.930000E-01,-6.733547E-04,2.918914E-03,-8.590591E-02,3.266665E-02,-7.501231E-03,3.187470E-03,-9.172423E-02,-6.241891E-02,0.000000E+00,0.000000E+00,2.252410E+00
1.940000E-01,-7.506741E-04,2.951574E-03,-7.731944E-02,3.265991E-02,-7.581616E-03,3.160167E-03,-8.038514E-02,-2.730268E-02,0.000000E+00,0.000000E+00,1.749069E+00
1.950000E-01,-8.255043E-04,2.982944E-03,-7.483021E-02,3.137056E-02,-7.658656E-03,3.139107E-03,-7.704003E-02,-2.105990E-02,0.000000E+00,0.000000E+00,1.309191E+00
1.960000E-01,-8.990977E-04,3.014699E-03,-7.359337E-02,3.175436E-02,-7.733987E-03,3.118145E-03,-7.533082E-02,-2.096202E-02,0.000000E+00,0.000000E+00,8.671073E-01
1.970000E-01,-9.717562E-04,3.045204E-03,-7.265847E-02,3.050531E-02,-7.807883E-03,3.097439E-03,-7.389624E-02,-2.070613E-02,0.000000E+00,0.000000E+00,4.377884E-01
1.980000E-01,-1.043603E-03,3.074146E-03,-7.184712E-02,2.894235E-02,-7.880490E-03,3.076944E-03,-7.260689E-02,-2.049535E-02,0.000000E+00,0.000000E+00,2.344103E-02
1.990000E-01,-1.118742E-03,3.111510E-03,-7.513919E-02,3.736398E-02,-7.956111E-03,3.085149E-03,-7.562126E-02,8.205405E-03,0.000000E+00,0.000000E+00,-2.209026E-01
2.000000E-01,-1.196461E-03,3.158786E-03,-7.771873E-02,4.727547E-02,-8.034138E-03,3.108125E-03,-7.802704E-02,2.297563E-02,0.000000E+00,0.000000E+00,-4.245045E-01
2.010000E-01,-1.277151E-03,3.203971E-03,-8.068974E-02,4.518530E-02,-8.115069E-03,3.133190E-03,-8.093040E-02,2.506551E-02,0.000000E+00,0.000000E+00,-5.930625E-01
2.020000E-01,-1.360602E-03,3.242256E-03,-8.345098E-02,3.828437E-02,-8.198769E-03,3.159024E-03,-8.369988E-02,2.583344E-02,0.000000E+00,0.000000E+00,-6.973518E-01
2.030000E-01,-1.448050E-03,3.277517E-03,-8.744810E-02,3.526104E-02,-8.286511E-03,3.188460E-03,-8.774251E-02,2.943660E-02,0.000000E+00,0.000000E+00,-7.461139E-01
2.040000E-01,-1.538870E-03,3.304976E-03,-9.081982E-02,2.745912E-02,-8.377720E-03,3.221850E-03,-9.120943E-02,3.339011E-02,0.000000E+00,0.000000E+00,-6.963895E-01
2.050000E-01,-1.634771E-03,3.331329E-03,-9.590070E-02,2.635348E-02,-8.474055E-03,3.263094E-03,-9.633439E-02,4.124371E-02,0.000000E+00,0.000000E+00,-5.716185E-01
2.060000E-01,-1.733723E-03,3.346208E-03,-9.895271E-02,1.487869E-02,-8.573448E-03,3.309756E-03,-9.939362E-02,4.666249E-02,0.000000E+00,0.000000E+00,-3.053477E-01
2.070000E-01,-1.834845E-03,3.354677E-03,-1.011214E-01,8.469298E-03,-8.674799E-03,3.356012E-03,-1.013504E-01,4.625572E-02,0.000000E+00,0.000000E+00,1.118264E-02
2.080000E-01,-1.936066E-03,3.354513E-03,-1.012212E-01,-1.639912E-04,-8.775969E-03,3.390941E-03,-1.011700E-01,3.492897E-02,0.000000E+00,0.000000E+00,3.051428E-01
2.090000E-01,-2.037351E-03,3.345902E-03,-1.012855E-01,-8.610763E-03,-8.876966E-03,3.414237E-03,-1.009974E-01,2.329563E-02,0.000000E+00,0.000000E+00,5.724209E-01
2.100000E-01,-2.138653E-03,3.328947E-03,-1.013013E-01,-1.695541E-02,-8.977790E-03,3.425725E-03,-1.008234E-01,1.148869E-02,0.000000E+00,0.000000E+00,8.107200E-01
2.110000E-01,-2.239913E-03,3.303595E-03,-1.012599E-01,-2.535210E-02,-9.078424E-03,3.425410E-03,-1.006343E-01,-3.155836E-04,0.000000E+00,0.000000E+00,1.020506E+00
2.120000E-01,-2.339987E-03,3.275240E-03,-1.000746E-01,-2.835506E-02,-9.178119E-03,3.399908E-03,-9.969538E-02,-2.550184E-02,0.000000E+00,0.000000E+00,1.044462E+00
2.130000E-01,-2.438893E-03,3.237267E-03,-9.890538E-02,-3.797311E-02,-9.276596E-03,3.363089E-03,-9.847659E-02,-3.681868E-02,0.000000E+00,0.000000E+00,1.054197E+00
2.140000E-01,-2.530327E-03,3.230303E-03,-9.143476E-02,-6.963470E-03,-9.368016E-03,3.333880E-03,-9.142040E-02,-2.920926E-02,0.000000E+00,0.000000E+00,8.678458E-01
2.150000E-01,-2.614376E-03,3.241580E-03,-8.404819E-02,1.127671E-02,-9.452119E-03,3.310342E-03,-8.410289E-02,-2.353844E-02,0.000000E+00,0.000000E+00,5.761578E-01
2.160000E-01,-2.691202E-03,3.258816E-03,-7.682627E-02,1.723565E-02,-9.528799E-03,3.301046E-03,-7.667970E-02,-9.295959E-03,0.000000E+00,0.000000E+00,3.538630E-01
2.170000E-01,-2.758729E-03,3.281822E-03,-6.752743E-02,2.300668E-02,-9.596093E-03,3.322839E-03,-6.729452E-02,2.179297E-02,0.000000E+00,0.000000E+00,3.437047E-01
2.180000E-01,-2.822483E-03,3.308043E-03,-6.375367E-02,2.622100E-02,-9.659720E-03,3.344249E-03,-6.362634E-02,2.140990E-02,0.000000E+00,0.000000E+00,3.033955E-01
2.190000E-01,-2.885464E-03,3.326484E-03,-6.298098E-02,1.844037E-02,-9.722598E-03,3.356886E-03,-6.287830E-02,1.263740E-02,0.000000E+00,0.000000E+00,2.547718E-01
2.200000E-01,-2.948233E-03,3.334175E-03,-6.276898E-02,7.691395E-03,-9.785267E-03,3.360119E-03,-6.266920E-02,3.232690E-03,0.000000E+00,0.000000E+00,2.174113E-01
2.210000E-01,-3.010763E-03,3.331233E-03,-6.253009E-02,-2.941958E-03,-9.847706E-03,3.353778E-03,-6.243886E-02,-6.340483E-03,0.000000E+00,0.000000E+00,1.889338E-01
2.220000E-01,-3.073143E-03,3.320843E-03,-6.237972E-02,-1.039005E-02,-9.910070E-03,3.332322E-03,-6.236366E-02,-2.145589E-02,0.000000E+00,0.000000E+00,9.619925E-02
2.230000E-01,-3.135922E-03,3.309729E-03,-6.277889E-02,-1.111456E-02,-9.972903E-03,3.287624E-03,-6.283313E-02,-4.469786E-02,0.000000E+00,0.000000E+00,-1.852380E-01
2.240000E-01,-3.199083E-03,3.294374E-03,-6.316130E-02,-1.535410E-02,-1.003592E-02,3.226326E-03,-6.301380E-02,-6.129852E-02,0.000000E+00,0.000000E+00,-5.702590E-01
2.250000E-01,-3.266300E-03,3.281601E-03,-6.721673E-02,-1.277374E-02,-1.010279E-02,3.174849E-03,-6.687289E-02,-5.147707E-02,0.000000E+00,0.000000E+00,-8.946016E-01
2.260000E-01,-3.344941E-03,3.283689E-03,-7.864123E-02,2.088288E-03,-1.018143E-02,3.172548E-03,-7.864039E-02,-2.300328E-03,0.000000E+00,0.000000E+00,-9.313728E-01
2.270000E-01,-3.430375E-03,3.289012E-03,-8.543416E-02,5.323238E-03,-1.026706E-02,3.185039E-03,-8.562932E-02,1.249080E-02,0.000000E+00,0.000000E+00,-8.712924E-01
2.280000E-01,-3.521663E-03,3.295853E-03,-9.128816E-02,6.840994E-03,-1.035866E-02,3.206425E-03,-9.159722E-02,2.138611E-02,0.000000E+00,0.000000E+00,-7.493855E-01
2.290000E-01,-3.618708E-03,3.305128E-03,-9.704514E-02,9.275120E-03,-1.045605E-02,3.235312E-03,-9.739419E-02,2.888641E-02,0.000000E+00,0.000000E+00,-5.850303E-01
2.300000E-01,-3.721371E-03,3.316334E-03,-1.026622E-01,1.120558E-02,-1.055905E-02,3.272052E-03,-1.030014E-01,3.674050E-02,0.000000E+00,0.000000E+00,-3.710487E-01
2.310000E-01,-3.827466E-03,3.317493E-03,-1.060951E-01,1.159323E-03,-1.066543E-02,3.316278E-03,-1.063804E-01,4.422610E-02,0.000000E+00,0.000000E+00,-1.017904E-02
2.320000E-01,-3.935555E-03,3.310760E-03,-1.080894E-01,-6.733123E-03,-1.077347E-02,3.360689E-03,-1.080347E-01,4.441085E-02,0.000000E+00,0.000000E+00,4.183556E-01
2.330000E-01,-4.043555E-03,3.295488E-03,-1.079998E-01,-1.527255E-02,-1.088107E-02,3.394143E-03,-1.076064E-01,3.345359E-02,0.000000E+00,0.000000E+00,8.266361E-01
2.340000E-01,-4.151453E-03,3.271898E-03,-1.078981E-01,-2.358996E-02,-1.098830E-02,3.416548E-03,-1.072217E-01,2.240558E-02,0.000000E+00,0.000000E+00,1.212057E+00
2.350000E-01,-4.259252E-03,3.240005E-03,-1.077993E-01,-3.189247E-02,-1.109518E-02,3.428013E-03,-1.068894E-01,1.146424E-02,0.000000E+00,0.000000E+00,1.575399E+00
2.360000E-01,-4.366972E-03,3.199621E-03,-1.077193E-01,-4.038403E-02,-1.120179E-02,3.428808E-03,-1.066077E-01,7.949572E-04,0.000000E+00,0.000000E+00,1.920533E+00
2.370000E-01,-4.474640E-03,3.150407E-03,-1.076687E-01,-4.921401E-02,-1.130816E-02,3.419305E-03,-1.063645E-01,-9.502743E-03,0.000000E+00,0.000000E+00,2.253417E+00
2.380000E-01,-4.582292E-03,3.091956E-03,-1.076517E-01,-5.845142E-02,-1.141430E-02,3.399901E-03,-1.061423E-01,-1.940339E-02,0.000000E+00,0.000000E+00,2.580802E+00
2.390000E-01,-4.689960E-03,3.023871E-03,-1.076678E-01,-6.808509E-02,-1.152022E-02,3.370954E-03,-1.059251E-01,-2.894782E-02,0.000000E+00,0.000000E+00,2.909010E+00
2.400000E-01,-4.797673E-03,2.945834E-03,-1.077136E-01,-7.803673E-02,-1.162593E-02,3.332723E-03,-1.057021E-01,-3.823100E-02,0.000000E+00,0.000000E+00,3.242912E+00
2.410000E-01,-4.905456E-03,2.857656E-03,-1.077829E-01,-8.817741E-02,-1.173140E-02,3.285334E-03,-1.054702E-01,-4.738891E-02,0.000000E+00,0.000000E+00,3.585164E+00
2.420000E-01,-5.014290E-03,2.768004E-03,-1.088340E-01,-8.965271E-02,-1.183829E-02,3.227272E-03,-1.068907E-01,-5.806206E-02,0.000000E+00,0.000000E+00,3.850308E+00
2.430000E-01,-5.107051E-03,2.756228E-03,-9.276047E-02,-1.177618E-02,-1.193537E-02,3.147875E-03,-9.707910E-02,-7.939622E-02,0.000000E+00,0.000000E+00,3.282686E+00
2.440000E-01,-5.193885E-03,2.777823E-03,-8.683443E-02,2.159514E-02,-1.202807E-02,3.050415E-03,-9.269876E-02,-9.746095E-02,0.000000E+00,0.000000E+00,2.284120E+00
2.450000E-01,-5.281490E-03,2.809724E-03,-8.760459E-02,3.190148E-02,-1.211993E-02,2.940003E-03,-9.186239E-02,-1.104117E-01,0.000000E+00,0.000000E+00,1.091406E+00
2.460000E-01,-5.367267E-03,2.857181E-03,-8.577756E-02,4.745643E-02,-1.220701E-02,2.851831E-03,-8.707891E-02,-8.817208E-02,0.000000E+00,0.000000E+00,-4.481524E-02
2.470000E-01,-5.444410E-03,2.926931E-03,-7.714251E-02,6.975007E-02,-1.228371E-02,2.844444E-03,-7.670566E-02,-7.386432E-03,0.000000E+00,0.000000E+00,-6.909903E-01
2.480000E-01,-5.523917E-03,2.983028E-03,-7.950701E-02,5.609694E-02,-1.236274E-02,2.865114E-03,-7.902468E-02,2.066956E-02,0.000000E+00,0.000000E+00,-9.877861E-01
2.490000E-01,-5.608229E-03,3.037989E-03,-8.431204E-02,5.496181E-02,-1.244657E-02,2.893478E-03,-8.383035E-02,2.836456E-02,0.000000E+00,0.000000E+00,-1.210621E+00
2.500000E-01,-5.697082E-03,3.090204E-03,-8.885309E-02,5.221423E-02,-1.253503E-02,2.927292E-03,-8.846170E-02,3.381369E-02,0.000000E+00,0.000000E+00,-1.364792E+00
2.510000E-01,-5.790868E-03,3.142508E-03,-9.378627E-02,5.230472E-02,-1.262847E-02,2.965061E-03,-9.344590E-02,3.776927E-02,0.000000E+00,0.000000E+00,-1.486585E+00
2.520000E-01,-5.890484E-03,3.199805E-03,-9.961591E-02,5.729678E-02,-1.272772E-02,3.008075E-03,-9.924867E-02,4.301327E-02,0.000000E+00,0.000000E+00,-1.606273E+00
2.530000E-01,-5.994087E-03,3.252526E-03,-1.036026E-01,5.272049E-02,-1.283119E-02,3.055218E-03,-1.034632E-01,4.714386E-02,0.000000E+00,0.000000E+00,-1.653000E+00
2.540000E-01,-6.101079E-03,3.294946E-03,-1.069923E-01,4.242082E-02,-1.293857E-02,3.111223E-03,-1.073848E-01,5.600444E-02,0.000000E+00,0.000000E+00,-1.539168E+00
2.550000E-01,-6.215178E-03,3.345704E-03,-1.140986E-01,5.075737E-02,-1.305302E-02,3.174962E-03,-1.144460E-01,6.373904E-02,0.000000E+00,0.000000E+00,-1.430387E+00
2.560000E-01,-6.332344E-03,3.383923E-03,-1.171663E-01,3.821886E-02,-1.317093E-02,3.245838E-03,-1.179139E-01,7.087555E-02,0.000000E+00,0.000000E+00,-1.156762E+00
2.570000E-01,-6.450278E-03,3.405749E-03,-1.179344E-01,2.182638E-02,-1.328962E-02,3.311088E-03,-1.186859E-01,6.525044E-02,0.000000E+00,0.000000E+00,-7.929618E-01
2.580000E-01,-6.568476E-03,3.417247E-03,-1.181980E-01,1.149786E-02,-1.340828E-02,3.366039E-03,-1.186674E-01,5.495101E-02,0.000000E+00,0.000000E+00,-4.289512E-01
2.590000E-01,-6.686747E-03,3.420977E-03,-1.182709E-01,3.729718E-03,-1.352673E-02,3.409159E-03,-1.184489E-01,4.312045E-02,0.000000E+00,0.000000E+00,-9.898788E-02
2.600000E-01,-6.805023E-03,3.417213E-03,-1.182759E-01,-3.763446E-03,-1.364497E-02,3.440244E-03,-1.182333E-01,3.108462E-02,0.000000E+00,0.000000E+00,1.929205E-01
2.610000E-01,-6.923265E-03,3.406053E-03,-1.182414E-01,-1.116043E-02,-1.376301E-02,3.459326E-03,-1.180468E-01,1.908175E-02,0.000000E+00,0.000000E+00,4.462529E-01
2.620000E-01,-7.041494E-03,3.387309E-03,-1.182290E-01,-1.874426E-02,-1.388095E-02,3.466737E-03,-1.179372E-01,7.411687E-03,0.000000E+00,0.000000E+00,6.653657E-01
2.630000E-01,-7.159795E-03,3.360433E-03,-1.183010E-01,-2.687525E-02,-1.399889E-02,3.463076E-03,-1.179425E-01,-3.661170E-03,0.000000E+00,0.000000E+00,8.598461E-01
2.640000E-01,-7.278273E-03,3.324582E-03,-1.184783E-01,-3.585148E-02,-1.411695E-02,3.449103E-03,-1.180556E-01,-1.397312E-02,0.000000E+00,0.000000E+00,1.043150E+00
2.650000E-01,-7.397017E-03,3.278804E-03,-1.187442E-01,-4.577806E-02,-1.423518E-02,3.425636E-03,-1.182345E-01,-2.346757E-02,0.000000E+00,0.000000E+00,1.230089E+00
2.660000E-01,-7.516092E-03,3.222253E-03,-1.190752E-01,-5.655084E-02,-1.435362E-02,3.393434E-03,-1.184356E-01,-3.220206E-02,0.000000E+00,0.000000E+00,1.434127E+00
2.670000E-01,-7.635546E-03,3.154357E-03,-1.194539E-01,-6.789614E-02,-1.447225E-02,3.353063E-03,-1.186307E-01,-4.037063E-02,0.000000E+00,0.000000E+00,1.664811E+00
2.680000E-01,-7.755412E-03,3.074951E-03,-1.198658E-01,-7.940525E-02,-1.459106E-02,3.304762E-03,-1.188078E-01,-4.830096E-02,0.000000E+00,0.000000E+00,1.925526E+00
2.690000E-01,-7.875701E-03,2.984353E-03,-1.202893E-01,-9.059830E-02,-1.471002E-02,3.248372E-03,-1.189670E-01,-5.638979E-02,0.000000E+00,0.000000E+00,2.212312E+00
2.700000E-01,-7.992393E-03,2.911216E-03,-1.166916E-01,-7.313725E-02,-1.482598E-02,3.190770E-03,-1.159513E-01,-5.760181E-02,0.000000E+00,0.000000E+00,2.342602E+00
2.710000E-01,-8.099771E-03,2.907959E-03,-1.073782E-01,-3.256988E-03,-1.493435E-02,3.155916E-03,-1.083695E-01,-3.485464E-02,0.000000E+00,0.000000E+00,2.077766E+00
2.720000E-01,-8.216833E-03,2.950522E-03,-1.170623E-01,4.256314E-02,-1.505348E-02,3.129396E-03,-1.191311E-01,-2.651981E-02,0.000000E+00,0.000000E+00,1.498744E+00
2.730000E-01,-8.346808E-03,3.024288E-03,-1.299747E-01,7.376584E-02,-1.518514E-02,3.123459E-03,-1.316628E-01,-5.936892E-03,0.000000E+00,0.000000E+00,8.308588E-01
2.740000E-01,-8.483481E-03,3.114040E-03,-1.366731E-01,8.975161E-02,-1.532262E-02,3.114705E-03,-1.374828E-01,-8.754081E-03,0.000000E+00,0.000000E+00,5.574638E-03
2.750000E-01,-8.622262E-03,3.177803E-03,-1.387808E-01,6.376365E-02,-1.546107E-02,3.115392E-03,-1.384528E-01,6.874068E-04,0.000000E+00,0.000000E+00,-5.228652E-01
2.760000E-01,-8.777444E-03,3.258168E-03,-1.551820E-01,8.036468E-02,-1.561591E-02,3.163788E-03,-1.548355E-01,4.839564E-02,0.000000E+00,0.000000E+00,-7.907071E-01
2.770000E-01,-8.941327E-03,3.340191E-03,-1.638834E-01,8.202363E-02,-1.577969E-02,3.235061E-03,-1.637809E-01,7.127286E-02,0.000000E+00,0.000000E+00,-8.807760E-01
2.780000E-01,-9.109003E-03,3.413201E-03,-1.676752E-01,7.300986E-02,-1.594754E-02,3.314955E-03,-1.678536E-01,7.989380E-02,0.000000E+00,0.000000E+00,-8.230896E-01
2.790000E-01,-9.277617E-03,3.475660E-03,-1.686144E-01,6.245826E-02,-1.611638E-02,3.388139E-03,-1.688318E-01,7.318473E-02,0.000000E+00,0.000000E+00,-7.332127E-01
2.800000E-01,-9.446412E-03,3.529277E-03,-1.687949E-01,5.361691E-02,-1.628535E-02,3.450173E-03,-1.689698E-01,6.203314E-02,0.000000E+00,0.000000E+00,-6.626943E-01
2.810000E-01,-9.615343E-03,3.574142E-03,-1.689308E-01,4.486587E-02,-1.645442E-02,3.501003E-03,-1.690699E-01,5.083039E-02,0.000000E+00,0.000000E+00,-6.127180E-01
2.820000E-01,-9.784390E-03,3.609883E-03,-1.690475E-01,3.574070E-02,-1.662358E-02,3.540953E-03,-1.691628E-01,3.994982E-02,0.000000E+00,0.000000E+00,-5.774493E-01
2.830000E-01,-9.953550E-03,3.636020E-03,-1.691600E-01,2.613687E-02,-1.679284E-02,3.570469E-03,-1.692625E-01,2.951638E-02,0.000000E+00,0.000000E+00,-5.491317E-01
2.840000E-01,-1.012284E-02,3.652060E-03,-1.692850E-01,1.603955E-02,-1.696223E-02,3.590022E-03,-1.693845E-01,1.955309E-02,0.000000E+00,0.000000E+00,-5.196922E-01
2.850000E-01,-1.029227E-02,3.657590E-03,-1.694373E-01,5.530536E-03,-1.713177E-02,3.600018E-03,-1.695402E-01,9.995649E-03,0.000000E+00,0.000000E+00,-4.822821E-01
2.860000E-01,-1.046190E-02,3.652372E-03,-1.696262E-01,-5.217893E-03,-1.730150E-02,3.600726E-03,-1.697340E-01,7.084624E-04,0.000000E+00,0.000000E+00,-4.326322E-01
2.870000E-01,-1.063175E-02,3.636402E-03,-1.698517E-01,-1.597059E-02,-1.747146E-02,3.592226E-03,-1.699604E-01,-8.500521E-03,0.000000E+00,0.000000E+00,-3.700522E-01
2.880000E-01,-1.080186E-02,3.609918E-03,-1.701056E-01,-2.648368E-02,-1.764167E-02,3.574371E-03,-1.702064E-01,-1.785516E-02,0.000000E+00,0.000000E+00,-2.977697E-01
2.890000E-01,-1.097223E-02,3.573350E-03,-1.703774E-01,-3.656805E-02,-1.781213E-02,3.546800E-03,-1.704608E-01,-2.757061E-02,0.000000E+00,0.000000E+00,-2.223987E-01
2.900000E-01,-1.114290E-02,3.527217E-03,-1.706621E-01,-4.613332E-02,-1.798285E-02,3.508992E-03,-1.707213E-01,-3.780816E-02,0.000000E+00,0.000000E+00,-1.526607E-01
2.910000E-01,-1.131385E-02,3.472014E-03,-1.709589E-01,-5.520225E-02,-1.815384E-02,3.460347E-03,-1.709919E-01,-4.864447E-02,0.000000E+00,0.000000E+00,-9.772829E-02
2.920000E-01,-1.148512E-02,3.408112E-03,-1.712639E-01,-6.390195E-02,-1.832511E-02,3.400287E-03,-1.712716E-01,-6.006028E-02,0.000000E+00,0.000000E+00,-6.554813E-02
2.930000E-01,-1.165668E-02,3.335681E-03,-1.715616E-01,-7.243150E-02,-1.849666E-02,3.328346E-03,-1.715447E-01,-7.194120E-02,0.000000E+00,0.000000E+00,-6.144119E-02
2.940000E-01,-1.182627E-02,3.259197E-03,-1.695852E-01,-7.648373E-02,-1.866618E-02,3.253383E-03,-1.695185E-01,-7.496266E-02,0.000000E+00,0.000000E+00,-4.870029E-02
2.950000E-01,-1.199367E-02,3.203214E-03,-1.674018E-01,-5.598283E-02,-1.883343E-02,3.192775E-03,-1.672573E-01,-6.060821E-02,0.000000E+00,0.000000E+00,-8.744746E-02
2.960000E-01,-1.215879E-02,3.201853E-03,-1.651205E-01,-1.361244E-03,-1.899838E-02,3.192894E-03,-1.649431E-01,1.189774E-04,0.000000E+00,0.000000E+00,-7.504982E-02
2.970000E-01,-1.232075E-02,3.212482E-03,-1.619650E-01,1.062881E-02,-1.916017E-02,3.210343E-03,-1.617890E-01,1.744885E-02,0.000000E+00,0.000000E+00,-1.791826E-02
2.980000E-01,-1.248062E-02,3.227772E-03,-1.598693E-01,1.529037E-02,-1.931984E-02,3.230445E-03,-1.596731E-01,2.010162E-02,0.000000E+00,0.000000E+00,2.238763E-02
2.990000E-01,-1.263872E-02,3.245336E-03,-1.580949E-01,1.756342E-02,-1.947773E-02,3.250750E-03,-1.578885E-01,2.030591E-02,0.000000E+00,0.000000E+00,4.536427E-02
3.000000E-01,-1.279588E-02,3.260119E-03,-1.571677E-01,1.478336E-02,-1.963468E-02,3.266190E-03,-1.569565E-01,1.543978E-02,0.000000E+00,0.000000E+00,5.086513E-02
3.010000E-01,-1.295283E-02,3.270147E-03,-1.569464E-01,1.002799E-02,-1.979143E-02,3.276334E-03,-1.567417E-01,1.014364E-02,0.000000E+00,0.000000E+00,5.183562E-02
3.020000E-01,-1.311037E-02,3.272346E-03,-1.575420E-01,2.199004E-03,-1.994877E-02,3.283091E-03,-1.573432E-01,6.756710E-03,0.000000E+00,0.000000E+00,9.002400E-02
3.030000E-01,-1.326938E-02,3.265579E-03,-1.590097E-01,-6.767129E-03,-2.010757E-02,3.285583E-03,-1.587969E-01,2.492142E-03,0.000000E+00,0.000000E+00,1.676080E-01
3.040000E-01,-1.342894E-02,3.255797E-03,-1.595564E-01,-9.781660E-03,-2.026693E-02,3.285404E-03,-1.593696E-01,-1.790372E-04,0.000000E+00,0.000000E+00,2.480722E-01
3.050000E-01,-1.358921E-02,3.237687E-03,-1.602730E-01,-1.811020E-02,-2.042706E-02,3.277097E-03,-1.601227E-01,-8.306461E-03,0.000000E+00,0.000000E+00,3.302232E-01
3.060000E-01,-1.374989E-02,3.212284E-03,-1.606775E-01,-2.540345E-02,-2.058764E-02,3.255981E-03,-1.605868E-01,-2.111579E-02,0.000000E+00,0.000000E+00,3.661540E-01
3.070000E-01,-1.391071E-02,3.179855E-03,-1.608232E-01,-3.242830E-02,-2.074844E-02,3.221761E-03,-1.607938E-01,-3.422006E-02,0.000000E+00,0.000000E+00,3.511423E-01
3.080000E-01,-1.407146E-02,3.138671E-03,-1.607444E-01,-4.118465E-02,-2.090916E-02,3.176730E-03,-1.607270E-01,-4.503167E-02,0.000000E+00,0.000000E+00,3.189086E-01
3.090000E-01,-1.423212E-02,3.088962E-03,-1.606665E-01,-4.970808E-02,-2.106982E-02,3.120757E-03,-1.606580E-01,-5.597230E-02,0.000000E+00,0.000000E+00,2.664200E-01
3.100000E-01,-1.439273E-02,3.030869E-03,-1.606030E-01,-5.809315E-02,-2.123042E-02,3.053781E-03,-1.605955E-01,-6.697587E-02,0.000000E+00,0.000000E+00,1.919896E-01
3.110000E-01,-1.454472E-02,3.028535E-03,-1.519978E-01,-2.334226E-03,-2.138250E-02,3.051318E-03,-1.520862E-01,-2.463525E-03,0.000000E+00,0.000000E+00,1.909037E-01
3.120000E-01,-1.468892E-02,3.053927E-03,-1.441941E-01,2.539186E-02,-2.152687E-02,3.084642E-03,-1.443645E-01,3.332366E-02,0.000000E+00,0.000000E+00,2.573591E-01
3.130000E-01,-1.482789E-02,3.089213E-03,-1.389754E-01,3.528592E-02,-2.166601E-02,3.123174E-03,-1.391382E-01,3.853251E-02,0.000000E+00,0.000000E+00,2.845552E-01
3.140000E-01,-1.496106E-02,3.128425E-03,-1.331699E-01,3.921244E-02,-2.179934E-02,3.165052E-03,-1.333359E-01,4.187821E-02,0.000000E+00,0.000000E+00,3.068833E-01
3.150000E-01,-1.508968E-02,3.166236E-03,-1.286160E-01,3.781033E-02,-2.192808E-02,3.207448E-03,-1.287327E-01,4.239590E-02,0.000000E+00,0.000000E+00,3.452971E-01
3.160000E-01,-1.521435E-02,3.201368E-03,-1.246705E-01,3.513196E-02,-2.205282E-02,3.248234E-03,-1.247424E-01,4.078547E-02,0.000000E+00,0.000000E+00,3.926592E-01
3.170000E-01,-1.533660E-02,3.232116E-03,-1.222500E-01,3.074813E-02,-2.217513E-02,3.279983E-03,-1.223094E-01,3.174948E-02,0.000000E+00,0.000000E+00,4.010451E-01
3.180000E-01,-1.545806E-02,3.256691E-03,-1.214647E-01,2.457491E-02,-2.229668E-02,3.297119E-03,-1.215500E-01,1.713577E-02,0.000000E+00,0.000000E+00,3.387156E-01
3.190000E-01,-1.557924E-02,3.272133E-03,-1.211795E-01,1.544278E-02,-2.241794E-02,3.303366E-03,-1.212623E-01,6.247399E-03,0.000000E+00,0.000000E+00,2.616731E-01
3.200000E-01,-1.570028E-02,3.277603E-03,-1.210391E-01,5.469112E-03,-2.253905E-02,3.299848E-03,-1.211139E-01,-3.518690E-03,0.000000E+00,0.000000E+00,1.863709E-01
3.210000E-01,-1.582120E-02,3.278936E-03,-1.209129E-01,1.333497E-03,-2.266004E-02,3.288262E-03,-1.209830E-01,-1.158553E-02,0.000000E+00,0.000000E+00,7.813400E-02
3.220000E-01,-1.594213E-02,3.288345E-03,-1.209294E-01,9.409328E-03,-2.278099E-02,3.272078E-03,-1.209499E-01,-1.618406E-02,0.000000E+00,0.000000E+00,-1.362866E-01
3.230000E-01,-1.606560E-02,3.299015E-03,-1.234774E-01,1.066946E-02,-2.290441E-02,3.271675E-03,-1.234258E-01,-4.030509E-04,0.000000E+00,0.000000E+00,-2.290525E-01
3.240000E-01,-1.619192E-02,3.308891E-03,-1.263155E-01,9.875858E-03,-2.303064E-02,3.278178E-03,-1.262305E-01,6.503125E-03,0.000000E+00,0.000000E+00,-2.573121E-01
3.250000E-01,-1.631998E-02,3.306973E-03,-1.280614E-01,-1.917220E-03,-2.315867E-02,3.288913E-03,-1.280272E-01,1.073494E-02,0.000000E+00,0.000000E+00,-1.513126E-01
3.260000E-01,-1.645078E-02,3.304905E-03,-1.307981E-01,-2.068293E-03,-2.328944E-02,3.307780E-03,-1.307701E-01,1.886694E-02,0.000000E+00,0.000000E+00,2.408627E-02
3.270000E-01,-1.658489E-02,3.306959E-03,-1.341168E-01,2.054025E-03,-2.342352E-02,3.316765E-03,-1.340778E-01,8.985144E-03,0.000000E+00,0.000000E+00,8.215709E-02
3.280000E-01,-1.672034E-02,3.306502E-03,-1.354494E-01,-4.575963E-04,-2.355897E-02,3.317671E-03,-1.354526E-01,9.058360E-04,0.000000E+00,0.000000E+00,9.358021E-02
3.290000E-01,-1.685628E-02,3.297591E-03,-1.359360E-01,-8.910906E-03,-2.369495E-02,3.308681E-03,-1.359837E-01,-8.989638E-03,0.000000E+00,0.000000E+00,9.291992E-02
3.300000E-01,-1.699245E-02,3.278818E-03,-1.361687E-01,-1.877220E-02,-2.383121E-02,3.289324E-03,-1.362549E-01,-1.935768E-02,0.000000E+00,0.000000E+00,8.801353E-02
3.310000E-01,-1.712859E-02,3.251419E-03,-1.361380E-01,-2.739955E-02,-2.396745E-02,3.258814E-03,-1.362453E-01,-3.050954E-02,0.000000E+00,0.000000E+00,6.195684E-02
3.320000E-01,-1.726452E-02,3.214901E-03,-1.359286E-01,-3.651759E-02,-2.410349E-02,3.218026E-03,-1.360378E-01,-4.078865E-02,0.000000E+00,0.000000E+00,2.617366E-02
3.330000E-01,-1.740024E-02,3.169273E-03,-1.357269E-01,-4.562878E-02,-2.423933E-02,3.167008E-03,-1.358345E-01,-5.101756E-02,0.000000E+00,0.000000E+00,-1.897232E-02
3.340000E-01,-1.753577E-02,3.114491E-03,-1.355322E-01,-5.478191E-02,-2.437496E-02,3.105853E-03,-1.356343E-01,-6.115498E-02,0.000000E+00,0.000000E+00,-7.236291E-02
3.350000E-01,-1.767112E-02,3.050480E-03,-1.353417E-01,-6.401039E-02,-2.451040E-02,3.034678E-03,-1.354349E-01,-7.117447E-02,0.000000E+00,0.000000E+00,-1.323785E-01
3.360000E-01,-1.780627E-02,2.977155E-03,-1.351513E-01,-7.332484E-02,-2.464563E-02,2.953608E-03,-1.352327E-01,-8.107025E-02,0.000000E+00,0.000000E+00,-1.972625E-01
3.370000E-01,-1.794187E-02,2.896136E-03,-1.356050E-01,-8.101992E-02,-2.478132E-02,2.869271E-03,-1.356872E-01,-8.433705E-02,0.000000E+00,0.000000E+00,-2.250482E-01
3.380000E-01,-1.807954E-02,2.815526E-03,-1.376689E-01,-8.060982E-02,-2.491906E-02,2.791852E-03,-1.377445E-01,-7.741930E-02,0.000000E+00,0.000000E+00,-1.983185E-01
3.390000E-01,-1.819983E-02,2.795808E-03,-1.202864E-01,-1.971746E-02,-2.503955E-02,2.774016E-03,-1.204893E-01,-1.783575E-02,0.000000E+00,0.000000E+00,-1.825498E-01
3.400000E-01,-1.829771E-02,2.815381E-03,-9.787935E-02,1.957243E-02,-2.513751E-02,2.794370E-03,-9.796128E-02,2.035422E-02,0.000000E+00,0.000000E+00,-1.759988E-01
3.410000E-01,-1.838617E-02,2.845548E-03,-8.845907E-02,3.016777E-02,-2.522600E-02,2.825021E-03,-8.849260E-02,3.065100E-02,0.000000E+00,0.000000E+00,-1.719500E-01
3.420000E-01,-1.847108E-02,2.878806E-03,-8.491450E-02,3.325748E-02,-2.531094E-02,2.857401E-03,-8.493202E-02,3.237959E-02,0.000000E+00,0.000000E+00,-1.793034E-01
3.430000E-01,-1.855546E-02,2.910565E-03,-8.438270E-02,3.175953E-02,-2.539533E-02,2.888948E-03,-8.439368E-02,3.154738E-02,0.000000E+00,0.000000E+00,-1.810802E-01
3.440000E-01,-1.864061E-02,2.940905E-03,-8.514944E-02,3.033976E-02,-2.548048E-02,2.919079E-03,-8.515347E-02,3.013064E-02,0.000000E+00,0.000000E+00,-1.828318E-01
3.450000E-01,-1.872648E-02,2.970098E-03,-8.586756E-02,2.919236E-02,-2.556635E-02,2.948741E-03,-8.587175E-02,2.966229E-02,0.000000E+00,0.000000E+00,-1.788953E-01
3.460000E-01,-1.881381E-02,2.998353E-03,-8.732498E-02,2.825570E-02,-2.565368E-02,2.977257E-03,-8.732877E-02,2.851534E-02,0.000000E+00,0.000000E+00,-1.767203E-01
3.470000E-01,-1.890308E-02,3.025858E-03,-8.927319E-02,2.750499E-02,-2.574296E-02,3.006090E-03,-8.927736E-02,2.883361E-02,0.000000E+00,0.000000E+00,-1.655908E-01
3.480000E-01,-1.899428E-02,3.052640E-03,-9.120063E-02,2.678208E-02,-2.583416E-02,3.037422E-03,-9.120145E-02,3.133130E-02,0.000000E+00,0.000000E+00,-1.274835E-01
3.490000E-01,-1.908799E-02,3.080839E-03,-9.370742E-02,2.819886E-02,-2.592786E-02,3.068078E-03,-9.369380E-02,3.065643E-02,0.000000E+00,0.000000E+00,-1.068974E-01
3.500000E-01,-1.918550E-02,3.110120E-03,-9.751718E-02,2.928102E-02,-2.602535E-02,3.099764E-03,-9.749722E-02,3.168575E-02,0.000000E+00,0.000000E+00,-8.675392E-02
3.510000E-01,-1.928750E-02,3.140894E-03,-1.020005E-01,3.077339E-02,-2.612733E-02,3.133124E-03,-1.019753E-01,3.335985E-02,0.000000E+00,0.000000E+00,-6.508802E-02
3.520000E-01,-1.939425E-02,3.173500E-03,-1.067494E-01,3.260599E-02,-2.623405E-02,3.168571E-03,-1.067204E-01,3.544719E-02,0.000000E+00,0.000000E+00,-4.128808E-02
3.530000E-01,-1.950561E-02,3.208333E-03,-1.113515E-01,3.483340E-02,-2.634537E-02,3.204289E-03,-1.113209E-01,3.571875E-02,0.000000E+00,0.000000E+00,-3.387180E-02
3.540000E-01,-1.962132E-02,3.243441E-03,-1.157122E-01,3.510852E-02,-2.646106E-02,3.239913E-03,-1.156871E-01,3.562381E-02,0.000000E+00,0.000000E+00,-2.955539E-02
3.550000E-01,-1.974170E-02,3.276428E-03,-1.203855E-01,3.298683E-02,-2.658140E-02,3.283618E-03,-1.203410E-01,4.370477E-02,0.000000E+00,0.000000E+00,6.022808E-02
3.560000E-01,-1.986576E-02,3.317322E-03,-1.240620E-01,4.089363E-02,-2.670538E-02,3.324747E-03,-1.239821E-01,4.112869E-02,0.000000E+00,0.000000E+00,6.219792E-02
3.570000E-01,-1.998983E-02,3.349740E-03,-1.240652E-01,3.241786E-02,-2.682936E-02,3.354562E-03,-1.239777E-01,2.981525E-02,0.000000E+00,0.000000E+00,4.039630E-02
3.580000E-01,-2.011389E-02,3.374032E-03,-1.240635E-01,2.429192E-02,-2.695332E-02,3.372541E-03,-1.239650E-01,1.797852E-02,0.000000E+00,0.000000E+00,-1.249220E-02
3.590000E-01,-2.023793E-02,3.390455E-03,-1.240370E-01,1.642356E-02,-2.707724E-02,3.378285E-03,-1.239170E-01,5.744329E-03,0.000000E+00,0.000000E+00,-1.019567E-01
3.600000E-01,-2.036190E-02,3.399137E-03,-1.239701E-01,8.681905E-03,-2.720105E-02,3.371619E-03,-1.238090E-01,-6.665537E-03,0.000000E+00,0.000000E+00,-2.305330E-01
3.610000E-01,-2.048576E-02,3.400006E-03,-1.238637E-01,8.690376E-04,-2.732468E-02,3.352689E-03,-1.236346E-01,-1.892987E-02,0.000000E+00,0.000000E+00,-3.964089E-01
3.620000E-01,-2.060929E-02,3.378030E-03,-1.235228E-01,-2.197601E-02,-2.744817E-02,3.332915E-03,-1.234854E-01,-1.977475E-02,0.000000E+00,0.000000E+00,-3.779699E-01
3.630000E-01,-2.073162E-02,3.338196E-03,-1.223313E-01,-3.983409E-02,-2.757054E-02,3.311499E-03,-1.223762E-01,-2.141553E-02,0.000000E+00,0.000000E+00,-2.236631E-01
3.640000E-01,-2.085031E-02,3.297936E-03,-1.186942E-01,-4.026028E-02,-2.768919E-02,3.294370E-03,-1.186454E-01,-1.712903E-02,0.000000E+00,0.000000E+00,-2.987334E-02
3.650000E-01,-2.095777E-02,3.287628E-03,-1.074567E-01,-1.030796E-02,-2.779654E-02,3.300171E-03,-1.073528E-01,5.800446E-03,0.000000E+00,0.000000E+00,1.050836E-01
3.660000E-01,-2.105719E-02,3.292373E-03,-9.941621E-02,4.744638E-03,-2.789593E-02,3.321174E-03,-9.938821E-02,2.100297E-02,0.000000E+00,0.000000E+00,2.412969E-01
3.670000E-01,-2.115204E-02,3.308331E-03,-9.485575E-02,1.595857E-02,-2.799088E-02,3.338766E-03,-9.494426E-02,1.759259E-02,0.000000E+00,0.000000E+00,2.549833E-01
3.680000E-01,-2.124568E-02,3.318306E-03,-9.364225E-02,9.974699E-03,-2.808463E-02,3.349252E-03,-9.375521E-02,1.048625E-02,0.000000E+00,0.000000E+00,2.592647E-01
3.690000E-01,-2.133918E-02,3.316731E-03,-9.349363E-02,-1.574677E-03,-2.817822E-02,3.351288E-03,-9.359184E-02,2.035945E-03,0.000000E+00,0.000000E+00,2.895092E-01
3.700000E-01,-2.143256E-02,3.303690E-03,-9.338068E-02,-1.304070E-02,-2.827168E-02,3.344647E-03,-9.345813E-02,-6.641484E-03,0.000000E+00,0.000000E+00,3.431147E-01
3.710000E-01,-2.152587E-02,3.279690E-03,-9.331217E-02,-2.399994E-02,-2.836505E-02,3.328807E-03,-9.336560E-02,-1.584032E-02,0.000000E+00,0.000000E+00,4.114670E-01
3.720000E-01,-2.161914E-02,3.245523E-03,-9.327055E-02,-3.416710E-02,-2.845835E-02,3.303036E-03,-9.330486E-02,-2.577060E-02,0.000000E+00,0.000000E+00,4.818027E-01
3.730000E-01,-2.171237E-02,3.202099E-03,-9.323134E-02,-4.342465E-02,-2.855161E-02,3.266489E-03,-9.326180E-02,-3.654718E-02,0.000000E+00,0.000000E+00,5.394120E-01
3.740000E-01,-2.180682E-02,3.154301E-03,-9.445104E-02,-4.779736E-02,-2.864618E-02,3.217547E-03,-9.457191E-02,-4.894225E-02,0.000000E+00,0.000000E+00,5.298121E-01
3.750000E-01,-2.191169E-02,3.152466E-03,-1.048693E-01,-1.834906E-03,-2.875130E-02,3.196831E-03,-1.051109E-01,-2.071587E-02,0.000000E+00,0.000000E+00,3.716363E-01
3.760000E-01,-2.203058E-02,3.173987E-03,-1.188861E-01,2.152098E-02,-2.887027E-02,3.212152E-03,-1.189727E-01,1.532175E-02,0.000000E+00,0.000000E+00,3.197028E-01
3.770000E-01,-2.215705E-02,3.205841E-03,-1.264722E-01,3.185326E-02,-2.899682E-02,3.236859E-03,-1.265507E-01,2.470691E-02,0.000000E+00,0.000000E+00,2.598368E-01
3.780000E-01,-2.228932E-02,3.244987E-03,-1.322714E-01,3.914625E-02,-2.912918E-02,3.263593E-03,-1.323573E-01,2.673415E-02,0.000000E+00,0.000000E+00,1.558617E-01
3.790000E-01,-2.242654E-02,3.289949E-03,-1.372202E-01,4.496213E-02,-2.926646E-02,3.289012E-03,-1.372843E-01,2.541890E-02,0.000000E+00,0.000000E+00,-7.846658E-03
3.800000E-01,-2.256689E-02,3.335476E-03,-1.403496E-01,4.552699E-02,-2.940679E-02,3.306927E-03,-1.403285E-01,1.791493E-02,0.000000E+00,0.000000E+00,-2.391433E-01
3.810000E-01,-2.270804E-02,3.370859E-03,-1.411433E-01,3.538248E-02,-2.954779E-02,3.314229E-03,-1.410003E-01,7.301941E-03,0.000000E+00,0.000000E+00,-4.743661E-01
3.820000E-01,-2.284941E-02,3.395230E-03,-1.413713E-01,2.437177E-02,-2.968891E-02,3.312697E-03,-1.411188E-01,-1.532618E-03,0.000000E+00,0.000000E+00,-6.913667E-01
3.830000E-01,-2.299073E-02,3.410961E-03,-1.413244E-01,1.573047E-02,-2.982982E-02,3.300368E-03,-1.409158E-01,-1.232866E-02,0.000000E+00,0.000000E+00,-9.264314E-01
3.840000E-01,-2.313201E-02,3.418001E-03,-1.412821E-01,7.040618E-03,-2.997052E-02,3.277277E-03,-1.406929E-01,-2.309098E-02,0.000000E+00,0.000000E+00,-1.178880E+00
3.850000E-01,-2.327325E-02,3.416156E-03,-1.412405E-01,-1.845545E-03,-3.011097E-02,3.243610E-03,-1.404533E-01,-3.366737E-02,0.000000E+00,0.000000E+00,-1.445523E+00
3.860000E-01,-2.341445E-02,3.405136E-03,-1.411950E-01,-1.102020E-02,-3.025117E-02,3.199671E-03,-1.402042E-01,-4.393849E-02,0.000000E+00,0.000000E+00,-1.721395E+00
3.870000E-01,-2.355559E-02,3.384627E-03,-1.411408E-01,-2.050844E-02,-3.039113E-02,3.145826E-03,-1.399542E-01,-5.384539E-02,0.000000E+00,0.000000E+00,-2.000830E+00
3.880000E-01,-2.369666E-02,3.354353E-03,-1.410709E-01,-3.027416E-02,-3.053084E-02,3.082425E-03,-1.397067E-01,-6.340067E-02,0.000000E+00,0.000000E+00,-2.278565E+00
3.890000E-01,-2.383763E-02,3.314122E-03,-1.409748E-01,-4.023102E-02,-3.067029E-02,3.009741E-03,-1.394553E-01,-7.268365E-02,0.000000E+00,0.000000E+00,-2.550722E+00
3.900000E-01,-2.397912E-02,3.265156E-03,-1.414857E-01,-4.896650E-02,-3.081032E-02,2.933236E-03,-1.400335E-01,-7.650522E-02,0.000000E+00,0.000000E+00,-2.781740E+00
3.910000E-01,-2.412247E-02,3.209594E-03,-1.433534E-01,-5.556151E-02,-3.095264E-02,2.860402E-03,-1.423192E-01,-7.283382E-02,0.000000E+00,0.000000E+00,-2.926692E+00
3.920000E-01,-2.426149E-02,3.152792E-03,-1.390112E-01,-5.680231E-02,-3.109169E-02,2.809867E-03,-1.390420E-01,-5.053568E-02,0.000000E+00,0.000000E+00,-2.874246E+00
3.930000E-01,-2.439085E-02,3.105267E-03,-1.293642E-01,-4.752434E-02,-3.122352E-02,2.828501E-03,-1.318306E-01,1.863424E-02,0.000000E+00,0.000000E+00,-2.319575E+00
3.940000E-01,-2.451871E-02,3.054349E-03,-1.278649E-01,-5.091862E-02,-3.135377E-02,2.866159E-03,-1.302500E-01,3.765848E-02,0.000000E+00,0.000000E+00,-1.577125E+00
3.950000E-01,-2.464752E-02,2.986605E-03,-1.288081E-01,-6.774417E-02,-3.148420E-02,2.910640E-03,-1.304330E-01,4.448056E-02,0.000000E+00,0.000000E+00,-6.366067E-01
3.960000E-01,-2.477337E-02,2.920730E-03,-1.258442E-01,-6.587505E-02,-3.160993E-02,2.974966E-03,-1.257278E-01,6.432622E-02,0.000000E+00,0.000000E+00,4.545363E-01
3.970000E-01,-2.489452E-02,2.931150E-03,-1.211582E-01,1.042094E-02,-3.173042E-02,3.030402E-03,-1.204943E-01,5.543553E-02,0.000000E+00,0.000000E+00,8.318261E-01
3.980000E-01,-2.501850E-02,2.961443E-03,-1.239777E-01,3.029266E-02,-3.185413E-02,3.074638E-03,-1.237126E-01,4.423581E-02,0.000000E+00,0.000000E+00,9.487005E-01
3.990000E-01,-2.514600E-02,2.996240E-03,-1.275014E-01,3.479642E-02,-3.198155E-02,3.115187E-03,-1.274147E-01,4.054953E-02,0.000000E+00,0.000000E+00,9.969214E-01
4.000000E-01,-2.527615E-02,3.036052E-03,-1.301489E-01,3.981248E-02,-3.211186E-02,3.150693E-03,-1.303159E-01,3.550556E-02,0.000000E+00,0.000000E+00,9.608077E-01
4.010000E-01,-2.541024E-02,3.077424E-03,-1.340917E-01,4.137189E-02,-3.224619E-02,3.186112E-03,-1.343272E-01,3.541952E-02,0.000000E+00,0.000000E+00,9.108979E-01
4.020000E-01,-2.554731E-02,3.124343E-03,-1.370663E-01,4.691866E-02,-3.238348E-02,3.225269E-03,-1.372862E-01,3.915715E-02,0.000000E+00,0.000000E+00,8.458325E-01
4.030000E-01,-2.568730E-02,3.174720E-03,-1.399901E-01,5.037787E-02,-3.252379E-02,3.259882E-03,-1.403108E-01,3.461260E-02,0.000000E+00,0.000000E+00,7.136905E-01
4.040000E-01,-2.583079E-02,3.225637E-03,-1.434867E-01,5.091638E-02,-3.266758E-02,3.289949E-03,-1.437890E-01,3.006700E-02,0.000000E+00,0.000000E+00,5.389515E-01
4.050000E-01,-2.597886E-02,3.284542E-03,-1.480713E-01,5.890539E-02,-3.281598E-02,3.318857E-03,-1.484057E-01,2.890800E-02,0.000000E+00,0.000000E+00,2.875575E-01
4.060000E-01,-2.612886E-02,3.346397E-03,-1.500021E-01,6.185455E-02,-3.296617E-02,3.335248E-03,-1.501875E-01,1.639159E-02,0.000000E+00,0.000000E+00,-9.342155E-02
4.070000E-01,-2.627902E-02,3.399943E-03,-1.501620E-01,5.354575E-02,-3.311619E-02,3.340709E-03,-1.500197E-01,5.460215E-03,0.000000E+00,0.000000E+00,-4.963702E-01
4.080000E-01,-2.642939E-02,3.445520E-03,-1.503706E-01,4.557792E-02,-3.326603E-02,3.334919E-03,-1.498357E-01,-5.789735E-03,0.000000E+00,0.000000E+00,-9.268375E-01
4.090000E-01,-2.658004E-02,3.483347E-03,-1.506499E-01,3.782681E-02,-3.341567E-02,3.317653E-03,-1.496390E-01,-1.726566E-02,0.000000E+00,0.000000E+00,-1.388565E+00
4.100000E-01,-2.673106E-02,3.513452E-03,-1.510118E-01,3.010502E-02,-3.356510E-02,3.288826E-03,-1.494326E-01,-2.882730E-02,0.000000E+00,0.000000E+00,-1.882562E+00
4.110000E-01,-2.688156E-02,3.528768E-03,-1.505064E-01,1.531616E-02,-3.371392E-02,3.255573E-03,-1.488210E-01,-3.325340E-02,0.000000E+00,0.000000E+00,-2.289786E+00
4.120000E-01,-2.702894E-02,3.522289E-03,-1.473786E-01,-6.479826E-03,-3.386105E-02,3.241964E-03,-1.471324E-01,-1.360808E-02,0.000000E+00,0.000000E+00,-2.349550E+00
4.130000E-01,-2.717250E-02,3.506742E-03,-1.435558E-01,-1.554627E-02,-3.400571E-02,3.253250E-03,-1.446590E-01,1.128555E-02,0.000000E+00,0.000000E+00,-2.124532E+00
4.140000E-01,-2.731141E-02,3.479321E-03,-1.389134E-01,-2.742165E-02,-3.414649E-02,3.280898E-03,-1.407839E-01,2.764787E-02,0.000000E+00,0.000000E+00,-1.662832E+00
4.150000E-01,-2.744625E-02,3.441177E-03,-1.348449E-01,-3.814369E-02,-3.428325E-02,3.324186E-03,-1.367517E-01,4.328788E-02,0.000000E+00,0.000000E+00,-9.803215E-01
4.160000E-01,-2.758091E-02,3.393836E-03,-1.346577E-01,-4.734084E-02,-3.441885E-02,3.363500E-03,-1.356082E-01,3.931410E-02,0.000000E+00,0.000000E+00,-2.541890E-01
4.170000E-01,-2.771639E-02,3.335533E-03,-1.354732E-01,-5.830269E-02,-3.455417E-02,3.394287E-03,-1.353172E-01,3.078691E-02,0.000000E+00,0.000000E+00,4.922989E-01
4.180000E-01,-2.785273E-02,3.266191E-03,-1.363414E-01,-6.934227E-02,-3.468915E-02,3.416785E-03,-1.349765E-01,2.249852E-02,0.000000E+00,0.000000E+00,1.261919E+00
4.190000E-01,-2.798996E-02,3.186121E-03,-1.372322E-01,-8.006969E-02,-3.482371E-02,3.430858E-03,-1.345618E-01,1.407245E-02,0.000000E+00,0.000000E+00,2.051050E+00
4.200000E-01,-2.812806E-02,3.095951E-03,-1.380978E-01,-9.017054E-02,-3.495779E-02,3.436007E-03,-1.340798E-01,5.149407E-03,0.000000E+00,0.000000E+00,2.850435E+00
4.210000E-01,-2.826695E-02,2.996487E-03,-1.388914E-01,-9.946429E-02,-3.509136E-02,3.431485E-03,-1.335720E-01,-4.522025E-03,0.000000E+00,0.000000E+00,3.647186E+00
4.220000E-01,-2.840653E-02,2.888581E-03,-1.395779E-01,-1.079061E-01,-3.522446E-02,3.416431E-03,-1.331022E-01,-1.505448E-02,0.000000E+00,0.000000E+00,4.427053E+00
4.230000E-01,-2.853787E-02,2.872764E-03,-1.313410E-01,-1.581684E-02,-3.535755E-02,3.377136E-03,-1.330887E-01,-3.929447E-02,0.000000E+00,0.000000E+00,4.229799E+00
4.240000E-01,-2.867009E-02,2.899827E-03,-1.322257E-01,2.706339E-02,-3.549536E-02,3.320823E-03,-1.378068E-01,-5.631316E-02,0.000000E+00,0.000000E+00,3.529645E+00
4.250000E-01,-2.881013E-02,2.943470E-03,-1.400409E-01,4.364329E-02,-3.564050E-02,3.270601E-03,-1.451379E-01,-5.022166E-02,0.000000E+00,0.000000E+00,2.742008E+00
4.260000E-01,-2.896071E-02,3.004931E-03,-1.505790E-01,6.146040E-02,-3.579464E-02,3.248228E-03,-1.541405E-01,-2.237310E-02,0.000000E+00,0.000000E+00,2.038951E+00
4.270000E-01,-2.911584E-02,3.076345E-03,-1.551279E-01,7.141421E-02,-3.595266E-02,3.221303E-03,-1.580212E-01,-2.692567E-02,0.000000E+00,0.000000E+00,1.214632E+00
4.280000E-01,-2.927418E-02,3.155356E-03,-1.583396E-01,7.901068E-02,-3.611256E-02,3.186330E-03,-1.598986E-01,-3.497229E-02,0.000000E+00,0.000000E+00,2.595214E-01
4.290000E-01,-2.943610E-02,3.241992E-03,-1.619244E-01,8.663605E-02,-3.627390E-02,3.142037E-03,-1.613458E-01,-4.429378E-02,0.000000E+00,0.000000E+00,-8.374919E-01
4.300000E-01,-2.960160E-02,3.336931E-03,-1.654959E-01,9.493954E-02,-3.643585E-02,3.093192E-03,-1.619512E-01,-4.884420E-02,0.000000E+00,0.000000E+00,-2.042548E+00
4.310000E-01,-2.976883E-02,3.425531E-03,-1.672255E-01,8.859973E-02,-3.659651E-02,3.038092E-03,-1.606526E-01,-5.510028E-02,0.000000E+00,0.000000E+00,-3.247784E+00
4.320000E-01,-2.993569E-02,3.499020E-03,-1.668624E-01,7.348883E-02,-3.675494E-02,2.982583E-03,-1.584330E-01,-5.550947E-02,0.000000E+00,0.000000E+00,-4.330870E+00
4.330000E-01,-3.010245E-02,3.561431E-03,-1.667582E-01,6.241078E-02,-3.691155E-02,2.923718E-03,-1.566068E-01,-5.886484E-02,0.000000E+00,0.000000E+00,-5.350484E+00
4.340000E-01,-3.026954E-02,3.613450E-03,-1.670947E-01,5.201904E-02,-3.706678E-02,2.858639E-03,-1.552315E-01,-6.507890E-02,0.000000E+00,0.000000E+00,-6.336546E+00
4.350000E-01,-3.043384E-02,3.645995E-03,-1.643012E-01,3.254501E-02,-3.722012E-02,2.796751E-03,-1.533453E-01,-6.188780E-02,0.000000E+00,0.000000E+00,-7.132983E+00
4.360000E-01,-3.057862E-02,3.662275E-03,-1.447752E-01,1.628088E-02,-3.736431E-02,2.807043E-03,-1.441843E-01,1.029148E-02,0.000000E+00,0.000000E+00,-7.183385E+00
4.370000E-01,-3.071334E-02,3.671688E-03,-1.347221E-01,9.412282E-03,-3.750344E-02,2.851406E-03,-1.391271E-01,4.436310E-02,0.000000E+00,0.000000E+00,-6.888276E+00
4.380000E-01,-3.084514E-02,3.673123E-03,-1.317973E-01,1.435281E-03,-3.764081E-02,2.899845E-03,-1.373734E-01,4.843966E-02,0.000000E+00,0.000000E+00,-6.491750E+00
4.390000E-01,-3.097713E-02,3.664331E-03,-1.319911E-01,-8.792228E-03,-3.777811E-02,2.938620E-03,-1.372967E-01,3.877475E-02,0.000000E+00,0.000000E+00,-6.090804E+00
4.400000E-01,-3.110932E-02,3.645209E-03,-1.321905E-01,-1.912201E-02,-3.791534E-02,2.967856E-03,-1.372364E-01,2.923549E-02,0.000000E+00,0.000000E+00,-5.683511E+00
4.410000E-01,-3.124173E-02,3.615812E-03,-1.324107E-01,-2.939708E-02,-3.805251E-02,2.987525E-03,-1.371729E-01,1.966998E-02,0.000000E+00,0.000000E+00,-5.270546E+00
4.420000E-01,-3.137439E-02,3.576346E-03,-1.326575E-01,-3.946603E-02,-3.818960E-02,2.997450E-03,-1.370879E-01,9.924488E-03,0.000000E+00,0.000000E+00,-4.855144E+00
4.430000E-01,-3.150731E-02,3.527129E-03,-1.329267E-01,-4.921687E-02,-3.832657E-02,2.997324E-03,-1.369697E-01,-1.254892E-04,0.000000E+00,0.000000E+00,-4.442520E+00
4.440000E-01,-3.163742E-02,3.455200E-03,-1.301060E-01,-7.192847E-02,-3.846213E-02,3.000199E-03,-1.355541E-01,2.874440E-03,0.000000E+00,0.000000E+00,-3.814250E+00
4.450000E-01,-3.176587E-02,3.368782E-03,-1.284498E-01,-8.641832E-02,-3.859650E-02,3.012872E-03,-1.343696E-01,1.267296E-02,0.000000E+00,0.000000E+00,-2.982702E+00
4.460000E-01,-3.189520E-02,3.278658E-03,-1.293326E-01,-9.012408E-02,-3.873108E-02,3.043702E-03,-1.345883E-01,3.082983E-02,0.000000E+00,0.000000E+00,-1.968539E+00
4.470000E-01,-3.202622E-02,3.180214E-03,-1.310177E-01,-9.844402E-02,-3.886538E-02,3.077018E-03,-1.342976E-01,3.331599E-02,0.000000E+00,0.000000E+00,-8.644713E-01
4.480000E-01,-3.215395E-02,3.138031E-03,-1.277264E-01,-4.218258E-02,-3.899385E-02,3.113857E-03,-1.284644E-01,3.683933E-02,0.000000E+00,0.000000E+00,-2.025001E-01
4.490000E-01,-3.228505E-02,3.140562E-03,-1.311025E-01,2.530748E-03,-3.912498E-02,3.149011E-03,-1.311377E-01,3.515365E-02,0.000000E+00,0.000000E+00,7.077088E-02
4.500000E-01,-3.241825E-02,3.153064E-03,-1.332006E-01,1.250158E-02,-3.925812E-02,3.182921E-03,-1.331357E-01,3.391000E-02,0.000000E+00,0.000000E+00,2.501026E-01
4.510000E-01,-3.255374E-02,3.165371E-03,-1.354880E-01,1.230760E-02,-3.939349E-02,3.214651E-03,-1.353727E-01,3.173063E-02,0.000000E+00,0.000000E+00,4.128055E-01
4.520000E-01,-3.269162E-02,3.175806E-03,-1.378862E-01,1.043473E-02,-3.953120E-02,3.245104E-03,-1.377115E-01,3.045258E-02,0.000000E+00,0.000000E+00,5.804947E-01
4.530000E-01,-3.283288E-02,3.185594E-03,-1.412534E-01,9.787750E-03,-3.967220E-02,3.277102E-03,-1.409921E-01,3.199772E-02,0.000000E+00,0.000000E+00,7.665530E-01
4.540000E-01,-3.297712E-02,3.195769E-03,-1.442437E-01,1.017556E-02,-3.981616E-02,3.306555E-03,-1.439640E-01,2.945327E-02,0.000000E+00,0.000000E+00,9.280528E-01
4.550000E-01,-3.312310E-02,3.205770E-03,-1.459815E-01,1.000109E-02,-3.996198E-02,3.326534E-03,-1.458181E-01,1.997925E-02,0.000000E+00,0.000000E+00,1.011648E+00
4.560000E-01,-3.327052E-02,3.216937E-03,-1.474195E-01,1.116671E-02,-4.010947E-02,3.333888E-03,-1.474897E-01,7.354306E-03,0.000000E+00,0.000000E+00,9.797070E-01
4.570000E-01,-3.341926E-02,3.228966E-03,-1.487377E-01,1.202899E-02,-4.025850E-02,3.327288E-03,-1.490315E-01,-6.600858E-03,0.000000E+00,0.000000E+00,8.236320E-01
4.580000E-01,-3.356825E-02,3.234505E-03,-1.489866E-01,5.538544E-03,-4.040779E-02,3.308739E-03,-1.492901E-01,-1.854882E-02,0.000000E+00,0.000000E+00,6.218447E-01
4.590000E-01,-3.371729E-02,3.231934E-03,-1.490397E-01,-2.570659E-03,-4.055707E-02,3.279095E-03,-1.492805E-01,-2.964405E-02,0.000000E+00,0.000000E+00,3.950515E-01
4.600000E-01,-3.386642E-02,3.221249E-03,-1.491344E-01,-1.068549E-02,-4.070635E-02,3.238261E-03,-1.492774E-01,-4.083372E-02,0.000000E+00,0.000000E+00,1.425075E-01
4.610000E-01,-3.401568E-02,3.202268E-03,-1.492626E-01,-1.898002E-02,-4.085561E-02,3.186295E-03,-1.492677E-01,-5.196556E-02,0.000000E+00,0.000000E+00,-1.338007E-01
4.620000E-01,-3.416283E-02,3.187019E-03,-1.471506E-01,-1.524970E-02,-4.100279E-02,3.178923E-03,-1.471747E-01,-7.372148E-03,0.000000E+00,0.000000E+00,-6.781317E-02
4.630000E-01,-3.430315E-02,3.199748E-03,-1.403214E-01,1.272886E-02,-4.114312E-02,3.194061E-03,-1.403282E-01,1.513778E-02,0.000000E+00,0.000000E+00,-4.763453E-02
4.640000E-01,-3.443676E-02,3.216541E-03,-1.336021E-01,1.679308E-02,-4.127672E-02,3.222412E-03,-1.336032E-01,2.835072E-02,0.000000E+00,0.000000E+00,4.917943E-02
4.650000E-01,-3.456217E-02,3.240891E-03,-1.254162E-01,2.434982E-02,-4.140210E-02,3.263897E-03,-1.253827E-01,4.148482E-02,0.000000E+00,0.000000E+00,1.927130E-01
4.660000E-01,-3.468038E-02,3.277796E-03,-1.182107E-01,3.690501E-02,-4.152027E-02,3.310450E-03,-1.181713E-01,4.655295E-02,0.000000E+00,0.000000E+00,2.735307E-01
4.670000E-01,-3.479550E-02,3.317842E-03,-1.151164E-01,4.004593E-02,-4.163538E-02,3.352091E-03,-1.151043E-01,4.164110E-02,0.000000E+00,0.000000E+00,2.868932E-01
4.680000E-01,-3.491067E-02,3.347450E-03,-1.151676E-01,2.960894E-02,-4.175053E-02,3.384673E-03,-1.151477E-01,3.258231E-02,0.000000E+00,0.000000E+00,3.118005E-01
4.690000E-01,-3.502587E-02,3.366441E-03,-1.152031E-01,1.899045E-02,-4.186570E-02,3.408395E-03,-1.151712E-01,2.372251E-02,0.000000E+00,0.000000E+00,3.514401E-01
4.700000E-01,-3.514109E-02,3.374884E-03,-1.152201E-01,8.443010E-03,-4.198087E-02,3.423184E-03,-1.151736E-01,1.478813E-02,0.000000E+00,0.000000E+00,4.045923E-01
4.710000E-01,-3.525631E-02,3.373099E-03,-1.152224E-01,-1.784589E-03,-4.209603E-02,3.428697E-03,-1.151620E-01,5.513281E-03,0.000000E+00,0.000000E+00,4.657260E-01
4.720000E-01,-3.537153E-02,3.361598E-03,-1.152175E-01,-1.150099E-02,-4.221118E-02,3.424402E-03,-1.151500E-01,-4.294725E-03,0.000000E+00,0.000000E+00,5.260930E-01
4.730000E-01,-3.548674E-02,3.340987E-03,-1.152134E-01,-2.061170E-02,-4.232634E-02,3.409678E-03,-1.151517E-01,-1.472402E-02,0.000000E+00,0.000000E+00,5.754146E-01
4.740000E-01,-3.560196E-02,3.311843E-03,-1.152163E-01,-2.914330E-02,-4.244151E-02,3.383925E-03,-1.151765E-01,-2.575293E-02,0.000000E+00,0.000000E+00,6.038166E-01
4.750000E-01,-3.572069E-02,3.297404E-03,-1.187266E-01,-1.443909E-02,-4.256045E-02,3.342472E-03,-1.189419E-01,-4.145296E-02,0.000000E+00,0.000000E+00,3.775230E-01
4.760000E-01,-3.584649E-02,3.300384E-03,-1.258049E-01,2.979419E-03,-4.268636E-02,3.311838E-03,-1.259030E-01,-3.063401E-02,0.000000E+00,0.000000E+00,9.595195E-02
4.770000E-01,-3.597493E-02,3.306078E-03,-1.284408E-01,5.694022E-03,-4.281468E-02,3.274627E-03,-1.283221E-01,-3.721090E-02,0.000000E+00,0.000000E+00,-2.634541E-01
4.780000E-01,-3.610381E-02,3.304802E-03,-1.288784E-01,-1.275286E-03,-4.294311E-02,3.226863E-03,-1.284343E-01,-4.776428E-02,0.000000E+00,0.000000E+00,-6.529031E-01
4.790000E-01,-3.623257E-02,3.292380E-03,-1.287622E-01,-1.242270E-02,-4.307116E-02,3.170978E-03,-1.280484E-01,-5.588516E-02,0.000000E+00,0.000000E+00,-1.017034E+00
4.800000E-01,-3.636141E-02,3.270007E-03,-1.288396E-01,-2.237288E-02,-4.319902E-02,3.105570E-03,-1.278545E-01,-6.540764E-02,0.000000E+00,0.000000E+00,-1.377632E+00
4.810000E-01,-3.649064E-02,3.240044E-03,-1.292299E-01,-2.996289E-02,-4.332709E-02,3.035764E-03,-1.280733E-01,-6.980586E-02,0.000000E+00,0.000000E+00,-1.711543E+00
4.820000E-01,-3.661990E-02,3.211746E-03,-1.292616E-01,-2.829767E-02,-4.345513E-02,2.972442E-03,-1.280391E-01,-6.332273E-02,0.000000E+00,0.000000E+00,-2.005135E+00
4.830000E-01,-3.674690E-02,3.179478E-03,-1.270001E-01,-3.226858E-02,-4.358140E-02,2.923300E-03,-1.262700E-01,-4.914155E-02,0.000000E+00,0.000000E+00,-2.146614E+00
4.840000E-01,-3.687419E-02,3.139559E-03,-1.272870E-01,-3.991912E-02,-4.370829E-02,2.875895E-03,-1.268882E-01,-4.740510E-02,0.000000E+00,0.000000E+00,-2.209410E+00
4.850000E-01,-3.700176E-02,3.093193E-03,-1.275639E-01,-4.636535E-02,-4.383554E-02,2.824350E-03,-1.272484E-01,-5.154521E-02,0.000000E+00,0.000000E+00,-2.252875E+00
4.860000E-01,-3.712995E-02,3.040182E-03,-1.281897E-01,-5.301121E-02,-4.396346E-02,2.767302E-03,-1.279237E-01,-5.704775E-02,0.000000E+00,0.000000E+00,-2.286754E+00
4.870000E-01,-3.724710E-02,2.993789E-03,-1.171520E-01,-4.639249E-02,-4.408186E-02,2.763633E-03,-1.183974E-01,-3.668592E-03,0.000000E+00,0.000000E+00,-1.928669E+00
4.880000E-01,-3.735716E-02,2.947199E-03,-1.100591E-01,-4.659031E-02,-4.419343E-02,2.788543E-03,-1.115715E-01,2.490924E-02,0.000000E+00,0.000000E+00,-1.329484E+00
4.890000E-01,-3.746460E-02,2.882468E-03,-1.074416E-01,-6.473125E-02,-4.430193E-02,2.821148E-03,-1.085018E-01,3.260576E-02,0.000000E+00,0.000000E+00,-5.138339E-01
4.900000E-01,-3.756549E-02,2.818326E-03,-1.008948E-01,-6.414173E-02,-4.440257E-02,2.866754E-03,-1.006396E-01,4.560557E-02,0.000000E+00,0.000000E+00,4.058260E-01
4.910000E-01,-3.765188E-02,2.822331E-03,-8.638986E-02,4.005113E-03,-4.448837E-02,2.908123E-03,-8.579686E-02,4.136918E-02,0.000000E+00,0.000000E+00,7.189742E-01
4.920000E-01,-3.773459E-02,2.845817E-03,-8.270317E-02,2.348586E-02,-4.457087E-02,2.938775E-03,-8.250592E-02,3.065171E-02,0.000000E+00,0.000000E+00,7.790425E-01
4.930000E-01,-3.781603E-02,2.873661E-03,-8.144111E-02,2.784407E-02,-4.465228E-02,2.965123E-03,-8.140695E-02,2.634772E-02,0.000000E+00,0.000000E+00,7.665075E-01
4.940000E-01,-3.789858E-02,2.903388E-03,-8.255377E-02,2.972638E-02,-4.473486E-02,2.991568E-03,-8.258577E-02,2.644527E-02,0.000000E+00,0.000000E+00,7.390092E-01
4.950000E-01,-3.798280E-02,2.932125E-03,-8.422298E-02,2.873709E-02,-4.481913E-02,3.018264E-03,-8.426434E-02,2.669639E-02,0.000000E+00,0.000000E+00,7.219043E-01
4.960000E-01,-3.806876E-02,2.961262E-03,-8.595907E-02,2.913773E-02,-4.490516E-02,3.043690E-03,-8.603206E-02,2.542559E-02,0.000000E+00,0.000000E+00,6.907899E-01
4.970000E-01,-3.815711E-02,2.990025E-03,-8.834974E-02,2.876232E-02,-4.499359E-02,3.068241E-03,-8.842439E-02,2.455073E-02,0.000000E+00,0.000000E+00,6.554903E-01
4.980000E-01,-3.824832E-02,3.018694E-03,-9.120304E-02,2.866931E-02,-4.508486E-02,3.093206E-03,-9.127149E-02,2.496568E-02,0.000000E+00,0.000000E+00,6.244481E-01
4.990000E-01,-3.834313E-02,3.048262E-03,-9.481630E-02,2.956802E-02,-4.517976E-02,3.117127E-03,-9.490770E-02,2.392119E-02,0.000000E+00,0.000000E+00,5.771206E-01
5.000000E-01,-3.844182E-02,3.079453E-03,-9.868378E-02,3.119074E-02,-4.527854E-02,3.141559E-03,-9.877294E-02,2.443158E-02,0.000000E+00,0.000000E+00,5.204725E-01
5.010000E-01,-3.854504E-02,3.113200E-03,-1.032271E-01,3.374716E-02,-4.538187E-02,3.166277E-03,-1.033312E-01,2.471821E-02,0.000000E+00,0.000000E+00,4.448031E-01
5.020000E-01,-3.865324E-02,3.150387E-03,-1.081961E-01,3.718703E-02,-4.549017E-02,3.192246E-03,-1.083049E-01,2.596906E-02,0.000000E+00,0.000000E+00,3.507902E-01
5.030000E-01,-3.876672E-02,3.191680E-03,-1.134789E-01,4.129326E-02,-4.560375E-02,3.220144E-03,-1.135766E-01,2.789811E-02,0.000000E+00,0.000000E+00,2.385341E-01
5.040000E-01,-3.888525E-02,3.237057E-03,-1.185328E-01,4.537703E-02,-4.572234E-02,3.248101E-03,-1.185946E-01,2.795697E-02,0.000000E+00,0.000000E+00,9.255072E-02
5.050000E-01,-3.900837E-02,3.282742E-03,-1.231169E-01,4.568501E-02,-4.584546E-02,3.277158E-03,-1.231156E-01,2.905706E-02,0.000000E+00,0.000000E+00,-4.679365E-02
5.060000E-01,-3.913430E-02,3.316101E-03,-1.259314E-01,3.335894E-02,-4.597137E-02,3.310728E-03,-1.259109E-01,3.356947E-02,0.000000E+00,0.000000E+00,-4.502955E-02
5.070000E-01,-3.926032E-02,3.339420E-03,-1.260199E-01,2.331899E-02,-4.609735E-02,3.334224E-03,-1.259783E-01,2.349650E-02,0.000000E+00,0.000000E+00,-4.354219E-02
5.080000E-01,-3.938626E-02,3.354886E-03,-1.259455E-01,1.546538E-02,-4.622325E-02,3.346324E-03,-1.258977E-01,1.209965E-02,0.000000E+00,0.000000E+00,-7.174825E-02
5.090000E-01,-3.951214E-02,3.362937E-03,-1.258745E-01,8.051447E-03,-4.634906E-02,3.346683E-03,-1.258149E-01,3.589315E-04,0.000000E+00,0.000000E+00,-1.362146E-01
5.100000E-01,-3.963797E-02,3.363847E-03,-1.258329E-01,9.097821E-04,-4.647481E-02,3.335105E-03,-1.257474E-01,-1.157766E-02,0.000000E+00,0.000000E+00,-2.408655E-01
5.110000E-01,-3.976383E-02,3.357620E-03,-1.258551E-01,-6.226899E-03,-4.660053E-02,3.311616E-03,-1.257218E-01,-2.348957E-02,0.000000E+00,0.000000E+00,-3.855375E-01
5.120000E-01,-3.989147E-02,3.346745E-03,-1.276386E-01,-1.087463E-02,-4.672811E-02,3.289479E-03,-1.275755E-01,-2.213643E-02,0.000000E+00,0.000000E+00,-4.799173E-01
5.130000E-01,-4.002116E-02,3.334383E-03,-1.296902E-01,-1.236245E-02,-4.685800E-02,3.289148E-03,-1.298896E-01,-3.316519E-04,0.000000E+00,0.000000E+00,-3.790855E-01
5.140000E-01,-4.014862E-02,3.309542E-03,-1.274683E-01,-2.484134E-02,-4.698565E-02,3.301268E-03,-1.276546E-01,1.211985E-02,0.000000E+00,0.000000E+00,-6.933785E-02
5.150000E-01,-4.026580E-02,3.317013E-03,-1.171728E-01,7.471094E-03,-4.710280E-02,3.312940E-03,-1.171524E-01,1.167210E-02,0.000000E+00,0.000000E+00,-3.413268E-02
5.160000E-01,-4.037922E-02,3.320529E-03,-1.134259E-01,3.516063E-03,-4.721644E-02,3.313179E-03,-1.136396E-01,2.397658E-04,0.000000E+00,0.000000E+00,-6.158691E-02
5.170000E-01,-4.049119E-02,3.311022E-03,-1.119696E-01,-9.506383E-03,-4.732880E-02,3.303699E-03,-1.123551E-01,-9.480483E-03,0.000000E+00,0.000000E+00,-6.136641E-02
5.180000E-01,-4.060349E-02,3.290485E-03,-1.123029E-01,-2.053718E-02,-4.744148E-02,3.285728E-03,-1.126781E-01,-1.797139E-02,0.000000E+00,0.000000E+00,-3.986417E-02
5.190000E-01,-4.071617E-02,3.258721E-03,-1.126753E-01,-3.176387E-02,-4.755451E-02,3.259625E-03,-1.130333E-01,-2.610301E-02,0.000000E+00,0.000000E+00,7.567982E-03
5.200000E-01,-4.082922E-02,3.215938E-03,-1.130453E-01,-4.278331E-02,-4.766788E-02,3.225370E-03,-1.133730E-01,-3.425473E-02,0.000000E+00,0.000000E+00,7.902184E-02
5.210000E-01,-4.094258E-02,3.162686E-03,-1.133691E-01,-5.325183E-02,-4.778153E-02,3.182550E-03,-1.136523E-01,-4.281948E-02,0.000000E+00,0.000000E+00,1.664190E-01
5.220000E-01,-4.105620E-02,3.099730E-03,-1.136160E-01,-6.295663E-02,-4.789538E-02,3.130435E-03,-1.138472E-01,-5.211512E-02,0.000000E+00,0.000000E+00,2.572377E-01
5.230000E-01,-4.116997E-02,3.027905E-03,-1.137743E-01,-7.182413E-02,-4.800934E-02,3.068102E-03,-1.139582E-01,-6.233330E-02,0.000000E+00,0.000000E+00,3.367366E-01
5.240000E-01,-4.128368E-02,3.021611E-03,-1.137004E-01,-6.294027E-03,-4.812333E-02,3.030439E-03,-1.139946E-01,-3.766296E-02,0.000000E+00,0.000000E+00,7.394864E-02
5.250000E-01,-4.140674E-02,3.055767E-03,-1.230604E-01,3.415562E-02,-4.824655E-02,3.047130E-03,-1.232167E-01,1.669108E-02,0.000000E+00,0.000000E+00,-7.234992E-02
5.260000E-01,-4.153712E-02,3.098454E-03,-1.303884E-01,4.268668E-02,-4.837698E-02,3.082847E-03,-1.304244E-01,3.571675E-02,0.000000E+00,0.000000E+00,-1.307348E-01
5.270000E-01,-4.167449E-02,3.148946E-03,-1.373676E-01,5.049234E-02,-4.851435E-02,3.125699E-03,-1.373773E-01,4.285222E-02,0.000000E+00,0.000000E+00,-1.947334E-01
5.280000E-01,-4.181850E-02,3.206248E-03,-1.440112E-01,5.730191E-02,-4.865836E-02,3.174588E-03,-1.440061E-01,4.888872E-02,0.000000E+00,0.000000E+00,-2.652076E-01
5.290000E-01,-4.196886E-02,3.270510E-03,-1.503541E-01,6.426237E-02,-4.880868E-02,3.228646E-03,-1.503252E-01,5.405809E-02,0.000000E+00,0.000000E+00,-3.506853E-01
5.300000E-01,-4.212461E-02,3.338185E-03,-1.557557E-01,6.767511E-02,-4.896439E-02,3.286389E-03,-1.557086E-01,5.774282E-02,0.000000E+00,0.000000E+00,-4.338851E-01
5.310000E-01,-4.228245E-02,3.395591E-03,-1.578368E-01,5.740580E-02,-4.912224E-02,3.343243E-03,-1.578461E-01,5.685477E-02,0.000000E+00,0.000000E+00,-4.385001E-01
5.320000E-01,-4.244042E-02,3.443476E-03,-1.579659E-01,4.788472E-02,-4.928020E-02,3.389661E-03,-1.579622E-01,4.641785E-02,0.000000E+00,0.000000E+00,-4.507873E-01
5.330000E-01,-4.259847E-02,3.482839E-03,-1.580528E-01,3.936310E-02,-4.943822E-02,3.424964E-03,-1.580219E-01,3.530248E-02,0.000000E+00,0.000000E+00,-4.848024E-01
5.340000E-01,-4.275662E-02,3.513585E-03,-1.581545E-01,3.074552E-02,-4.959632E-02,3.449151E-03,-1.580922E-01,2.418759E-02,0.000000E+00,0.000000E+00,-5.397379E-01
5.350000E-01,-4.291488E-02,3.535425E-03,-1.582587E-01,2.184067E-02,-4.975448E-02,3.462412E-03,-1.581624E-01,1.326047E-02,0.000000E+00,0.000000E+00,-6.116152E-01
5.360000E-01,-4.307324E-02,3.547950E-03,-1.583575E-01,1.252432E-02,-4.991271E-02,3.465067E-03,-1.582282E-01,2.655150E-03,0.000000E+00,0.000000E+00,-6.942924E-01
5.370000E-01,-4.323169E-02,3.550701E-03,-1.584519E-01,2.751600E-03,-5.007100E-02,3.457491E-03,-1.582951E-01,-7.575874E-03,0.000000E+00,0.000000E+00,-7.808115E-01
5.380000E-01,-4.339024E-02,3.543252E-03,-1.585508E-01,-7.449595E-03,-5.022938E-02,3.440029E-03,-1.583757E-01,-1.746208E-02,0.000000E+00,0.000000E+00,-8.646952E-01
5.390000E-01,-4.354891E-02,3.525265E-03,-1.586688E-01,-1.798694E-02,-5.038786E-02,3.412930E-03,-1.584855E-01,-2.709946E-02,0.000000E+00,0.000000E+00,-9.410428E-01
5.400000E-01,-4.370773E-02,3.496553E-03,-1.588234E-01,-2.871175E-02,-5.054650E-02,3.376299E-03,-1.586393E-01,-3.663022E-02,0.000000E+00,0.000000E+00,-1.007391E+00
5.410000E-01,-4.386677E-02,3.457117E-03,-1.590314E-01,-3.943580E-02,-5.070535E-02,3.330079E-03,-1.588473E-01,-4.622028E-02,0.000000E+00,0.000000E+00,-1.064242E+00
5.420000E-01,-4.402607E-02,3.407151E-03,-1.593028E-01,-4.996602E-02,-5.086446E-02,3.274044E-03,-1.591109E-01,-5.603532E-02,0.000000E+00,0.000000E+00,-1.115105E+00
5.430000E-01,-4.418571E-02,3.346998E-03,-1.596389E-01,-6.015288E-02,-5.102388E-02,3.207825E-03,-1.594232E-01,-6.621895E-02,0.000000E+00,0.000000E+00,-1.165946E+00
5.440000E-01,-4.434088E-02,3.241302E-03,-1.551700E-01,-1.056963E-01,-5.117972E-02,3.157577E-03,-1.558378E-01,-5.024778E-02,0.000000E+00,0.000000E+00,-7.014108E-01
5.450000E-01,-4.449407E-02,3.119526E-03,-1.531966E-01,-1.217759E-01,-5.133304E-02,3.106335E-03,-1.533202E-01,-5.124169E-02,0.000000E+00,0.000000E+00,-1.105083E-01
5.460000E-01,-4.464859E-02,3.011520E-03,-1.545157E-01,-1.080063E-01,-5.148700E-02,3.030079E-03,-1.539580E-01,-7.625630E-02,0.000000E+00,0.000000E+00,1.555000E-01
5.470000E-01,-4.479337E-02,2.965406E-03,-1.447781E-01,-4.611391E-02,-5.163111E-02,3.019660E-03,-1.441093E-01,-1.041879E-02,0.000000E+00,0.000000E+00,4.546076E-01
5.480000E-01,-4.493183E-02,2.985203E-03,-1.384638E-01,1.979728E-02,-5.176925E-02,3.044555E-03,-1.381402E-01,2.489490E-02,0.000000E+00,0.000000E+00,4.973429E-01
5.490000E-01,-4.506983E-02,3.022187E-03,-1.379941E-01,3.698416E-02,-5.190712E-02,3.081027E-03,-1.378665E-01,3.647147E-02,0.000000E+00,0.000000E+00,4.930562E-01
5.500000E-01,-4.520938E-02,3.064950E-03,-1.395513E-01,4.276245E-02,-5.204664E-02,3.119516E-03,-1.395249E-01,3.848972E-02,0.000000E+00,0.000000E+00,4.572554E-01
5.510000E-01,-4.534936E-02,3.116075E-03,-1.399866E-01,5.112573E-02,-5.218668E-02,3.164260E-03,-1.400433E-01,4.474376E-02,0.000000E+00,0.000000E+00,4.037746E-01
5.520000E-01,-4.549253E-02,3.168842E-03,-1.431653E-01,5.276681E-02,-5.232988E-02,3.209594E-03,-1.432013E-01,4.533376E-02,0.000000E+00,0.000000E+00,3.414876E-01
5.530000E-01,-4.563983E-02,3.221269E-03,-1.473007E-01,5.242691E-02,-5.247722E-02,3.255374E-03,-1.473386E-01,4.578012E-02,0.000000E+00,0.000000E+00,2.857888E-01
5.540000E-01,-4.579097E-02,3.278366E-03,-1.511446E-01,5.709703E-02,-5.262837E-02,3.299473E-03,-1.511511E-01,4.409912E-02,0.000000E+00,0.000000E+00,1.768710E-01
5.550000E-01,-4.594402E-02,3.334790E-03,-1.530468E-01,5.642357E-02,-5.278136E-02,3.337190E-03,-1.529858E-01,3.771739E-02,0.000000E+00,0.000000E+00,2.011846E-02
5.560000E-01,-4.609712E-02,3.382615E-03,-1.530975E-01,4.782549E-02,-5.293434E-02,3.363751E-03,-1.529769E-01,2.656016E-02,0.000000E+00,0.000000E+00,-1.580838E-01
5.570000E-01,-4.625028E-02,3.422079E-03,-1.531577E-01,3.946411E-02,-5.308729E-02,3.378750E-03,-1.529499E-01,1.499905E-02,0.000000E+00,0.000000E+00,-3.631071E-01
5.580000E-01,-4.640349E-02,3.453325E-03,-1.532141E-01,3.124624E-02,-5.324017E-02,3.381879E-03,-1.528820E-01,3.129478E-03,0.000000E+00,0.000000E+00,-5.987444E-01
5.590000E-01,-4.655674E-02,3.476372E-03,-1.532469E-01,2.304636E-02,-5.339292E-02,3.372991E-03,-1.527467E-01,-8.887852E-03,0.000000E+00,0.000000E+00,-8.663928E-01
5.600000E-01,-4.670997E-02,3.491083E-03,-1.532357E-01,1.471137E-02,-5.354544E-02,3.352178E-03,-1.525240E-01,-2.081351E-02,0.000000E+00,0.000000E+00,-1.164163E+00
5.610000E-01,-4.686241E-02,3.490805E-03,-1.524336E-01,-2.786279E-04,-5.369725E-02,3.326366E-03,-1.518124E-01,-2.581190E-02,0.000000E+00,0.000000E+00,-1.378206E+00
5.620000E-01,-4.701194E-02,3.463675E-03,-1.495298E-01,-2.713001E-02,-5.384693E-02,3.308199E-03,-1.496749E-01,-1.816722E-02,0.000000E+00,0.000000E+00,-1.303085E+00
5.630000E-01,-4.716007E-02,3.417295E-03,-1.481378E-01,-4.637968E-02,-5.399544E-02,3.287720E-03,-1.485096E-01,-2.047898E-02,0.000000E+00,0.000000E+00,-1.086003E+00
5.640000E-01,-4.730228E-02,3.360212E-03,-1.422056E-01,-5.708314E-02,-5.413843E-02,3.292656E-03,-1.429972E-01,4.936155E-03,0.000000E+00,0.000000E+00,-5.661870E-01
5.650000E-01,-4.744005E-02,3.297327E-03,-1.377722E-01,-6.288452E-02,-5.427655E-02,3.314476E-03,-1.381191E-01,2.181975E-02,0.000000E+00,0.000000E+00,1.437178E-01
5.660000E-01,-4.757537E-02,3.228270E-03,-1.353175E-01,-6.905745E-02,-5.441107E-02,3.343488E-03,-1.345159E-01,2.901219E-02,0.000000E+00,0.000000E+00,9.656480E-01
5.670000E-01,-4.771129E-02,3.148188E-03,-1.359257E-01,-8.008211E-02,-5.454473E-02,3.363668E-03,-1.336641E-01,2.018005E-02,0.000000E+00,0.000000E+00,1.806121E+00
5.680000E-01,-4.784790E-02,3.057090E-03,-1.366029E-01,-9.109788E-02,-5.467752E-02,3.374919E-03,-1.327860E-01,1.125129E-02,0.000000E+00,0.000000E+00,2.664445E+00
5.690000E-01,-4.798522E-02,2.955295E-03,-1.373187E-01,-1.017953E-01,-5.480941E-02,3.376824E-03,-1.318931E-01,1.904901E-03,0.000000E+00,0.000000E+00,3.534660E+00
5.700000E-01,-4.811681E-02,2.877438E-03,-1.315908E-01,-7.785683E-02,-5.493613E-02,3.375736E-03,-1.267183E-01,-1.088169E-03,0.000000E+00,0.000000E+00,4.179260E+00
5.710000E-01,-4.823304E-02,2.878652E-03,-1.162338E-01,1.213817E-03,-5.505260E-02,3.381083E-03,-1.164672E-01,5.347253E-03,0.000000E+00,0.000000E+00,4.213659E+00
5.720000E-01,-4.834971E-02,2.916121E-03,-1.166658E-01,3.746929E-02,-5.517431E-02,3.351519E-03,-1.217122E-01,-2.956390E-02,0.000000E+00,0.000000E+00,3.650428E+00
5.730000E-01,-4.846990E-02,2.971468E-03,-1.201927E-01,5.534676E-02,-5.530087E-02,3.300643E-03,-1.265646E-01,-5.087579E-02,0.000000E+00,0.000000E+00,2.758875E+00
5.740000E-01,-4.859757E-02,3.035754E-03,-1.276697E-01,6.428605E-02,-5.543327E-02,3.257040E-03,-1.323920E-01,-4.360297E-02,0.000000E+00,0.000000E+00,1.854145E+00
5.750000E-01,-4.873817E-02,3.101912E-03,-1.406030E-01,6.615796E-02,-5.557592E-02,3.259056E-03,-1.426515E-01,2.016022E-03,0.000000E+00,0.000000E+00,1.316538E+00
5.760000E-01,-4.888558E-02,3.175242E-03,-1.474079E-01,7.333056E-02,-5.572470E-02,3.268637E-03,-1.487841E-01,9.580997E-03,0.000000E+00,0.000000E+00,7.823846E-01
5.770000E-01,-4.903743E-02,3.252460E-03,-1.518548E-01,7.721832E-02,-5.587730E-02,3.275877E-03,-1.526003E-01,7.239689E-03,0.000000E+00,0.000000E+00,1.961546E-01
5.780000E-01,-4.919331E-02,3.334142E-03,-1.558783E-01,8.168106E-02,-5.603308E-02,3.279288E-03,-1.557768E-01,3.410827E-03,0.000000E+00,0.000000E+00,-4.594908E-01
5.790000E-01,-4.935162E-02,3.413192E-03,-1.583105E-01,7.905080E-02,-5.619024E-02,3.275736E-03,-1.571562E-01,-3.551833E-03,0.000000E+00,0.000000E+00,-1.151491E+00
5.800000E-01,-4.951162E-02,3.485706E-03,-1.599958E-01,7.251344E-02,-5.634802E-02,3.266083E-03,-1.577855E-01,-9.653173E-03,0.000000E+00,0.000000E+00,-1.840022E+00
5.810000E-01,-4.967289E-02,3.550285E-03,-1.612708E-01,6.457917E-02,-5.650607E-02,3.249387E-03,-1.580458E-01,-1.669587E-02,0.000000E+00,0.000000E+00,-2.521381E+00
5.820000E-01,-4.983486E-02,3.605905E-03,-1.619728E-01,5.562021E-02,-5.666372E-02,3.222605E-03,-1.576512E-01,-2.678220E-02,0.000000E+00,0.000000E+00,-3.212612E+00
5.830000E-01,-4.999742E-02,3.652123E-03,-1.625549E-01,4.621784E-02,-5.682081E-02,3.185253E-03,-1.570911E-01,-3.735238E-02,0.000000E+00,0.000000E+00,-3.914194E+00
5.840000E-01,-5.016056E-02,3.688590E-03,-1.631410E-01,3.646726E-02,-5.697735E-02,3.137618E-03,-1.565420E-01,-4.763449E-02,0.000000E+00,0.000000E+00,-4.620928E+00
5.850000E-01,-5.032429E-02,3.714951E-03,-1.637359E-01,2.636061E-02,-5.713339E-02,3.080004E-03,-1.560426E-01,-5.761389E-02,0.000000E+00,0.000000E+00,-5.327410E+00
5.860000E-01,-5.048817E-02,3.728643E-03,-1.638710E-01,1.369197E-02,-5.728897E-02,3.014162E-03,-1.555727E-01,-6.584239E-02,0.000000E+00,0.000000E+00,-5.997401E+00
5.870000E-01,-5.065238E-02,3.730715E-03,-1.642148E-01,2.072509E-03,-5.744422E-02,2.939334E-03,-1.552581E-01,-7.482763E-02,0.000000E+00,0.000000E+00,-6.646097E+00
5.880000E-01,-5.081712E-02,3.722093E-03,-1.647382E-01,-8.621933E-03,-5.759925E-02,2.855042E-03,-1.550296E-01,-8.429211E-02,0.000000E+00,0.000000E+00,-7.285369E+00
5.890000E-01,-5.096831E-02,3.680496E-03,-1.511929E-01,-4.159741E-02,-5.775033E-02,2.814489E-03,-1.510756E-01,-4.055324E-02,0.000000E+00,0.000000E+00,-7.276814E+00
5.900000E-01,-5.110327E-02,3.633786E-03,-1.349556E-01,-4.671011E-02,-5.789399E-02,2.843015E-03,-1.436576E-01,2.852589E-02,0.000000E+00,0.000000E+00,-6.642109E+00
5.910000E-01,-5.123406E-02,3.578568E-03,-1.307883E-01,-5.521758E-02,-5.803512E-02,2.888066E-03,-1.411316E-01,4.505133E-02,0.000000E+00,0.000000E+00,-5.797294E+00
5.920000E-01,-5.136317E-02,3.513853E-03,-1.291116E-01,-6.471541E-02,-5.817423E-02,2.937796E-03,-1.391096E-01,4.973024E-02,0.000000E+00,0.000000E+00,-4.834379E+00
5.930000E-01,-5.149273E-02,3.440598E-03,-1.295678E-01,-7.325517E-02,-5.831208E-02,2.983113E-03,-1.378523E-01,4.531654E-02,0.000000E+00,0.000000E+00,-3.838013E+00
5.940000E-01,-5.162287E-02,3.358832E-03,-1.301376E-01,-8.176612E-02,-5.844855E-02,3.023336E-03,-1.364690E-01,4.022279E-02,0.000000E+00,0.000000E+00,-2.813941E+00
5.950000E-01,-5.175349E-02,3.268245E-03,-1.306164E-01,-9.058614E-02,-5.858343E-02,3.060030E-03,-1.348760E-01,3.669458E-02,0.000000E+00,0.000000E+00,-1.746161E+00
5.960000E-01,-5.188594E-02,3.196361E-03,-1.324543E-01,-7.188423E-02,-5.871777E-02,3.104293E-03,-1.343437E-01,4.426325E-02,0.000000E+00,0.000000E+00,-7.720895E-01
5.970000E-01,-5.202470E-02,3.186823E-03,-1.387540E-01,-9.538248E-03,-5.885691E-02,3.147808E-03,-1.391441E-01,4.351430E-02,0.000000E+00,0.000000E+00,-3.271836E-01
5.980000E-01,-5.216504E-02,3.192038E-03,-1.403393E-01,5.215199E-03,-5.899741E-02,3.182576E-03,-1.404965E-01,3.476836E-02,0.000000E+00,0.000000E+00,-7.934902E-02
5.990000E-01,-5.230524E-02,3.199880E-03,-1.402060E-01,7.841860E-03,-5.913772E-02,3.212205E-03,-1.403091E-01,2.962931E-02,0.000000E+00,0.000000E+00,1.033572E-01
6.000000E-01,-5.244548E-02,3.206425E-03,-1.402385E-01,6.545009E-03,-5.927800E-02,3.239828E-03,-1.402774E-01,2.762228E-02,0.000000E+00,0.000000E+00,2.801032E-01
6.010000E-01,-5.258627E-02,3.210285E-03,-1.407935E-01,3.859671E-03,-5.941877E-02,3.265885E-03,-1.407739E-01,2.605772E-02,0.000000E+00,0.000000E+00,4.662438E-01
6.020000E-01,-5.272789E-02,3.212044E-03,-1.416162E-01,1.759153E-03,-5.956036E-02,3.288468E-03,-1.415884E-01,2.258241E-02,0.000000E+00,0.000000E+00,6.408491E-01
6.030000E-01,-5.287141E-02,3.206887E-03,-1.435147E-01,-5.156415E-03,-5.970364E-02,3.312631E-03,-1.432791E-01,2.416321E-02,0.000000E+00,0.000000E+00,8.867044E-01
6.040000E-01,-5.301522E-02,3.195226E-03,-1.438187E-01,-1.166136E-02,-5.984714E-02,3.327807E-03,-1.435017E-01,1.517650E-02,0.000000E+00,0.000000E+00,1.111752E+00
6.050000E-01,-5.315912E-02,3.175784E-03,-1.438972E-01,-1.944246E-02,-5.999068E-02,3.331030E-03,-1.435399E-01,3.222530E-03,0.000000E+00,0.000000E+00,1.301815E+00
6.060000E-01,-5.330324E-02,3.149668E-03,-1.441184E-01,-2.611572E-02,-6.013448E-02,3.321494E-03,-1.438015E-01,-9.535830E-03,0.000000E+00,0.000000E+00,1.440857E+00
6.070000E-01,-5.344758E-02,3.116910E-03,-1.443452E-01,-3.275843E-02,-6.027860E-02,3.299854E-03,-1.441143E-01,-2.163966E-02,0.000000E+00,0.000000E+00,1.534102E+00
6.080000E-01,-5.359198E-02,3.075995E-03,-1.443958E-01,-4.091441E-02,-6.042282E-02,3.267443E-03,-1.442277E-01,-3.241118E-02,0.000000E+00,0.000000E+00,1.605410E+00
6.090000E-01,-5.373645E-02,3.026839E-03,-1.444648E-01,-4.915616E-02,-6.056719E-02,3.224373E-03,-1.443705E-01,-4.307028E-02,0.000000E+00,0.000000E+00,1.656439E+00
6.100000E-01,-5.388101E-02,2.969351E-03,-1.445699E-01,-5.748782E-02,-6.071175E-02,3.170680E-03,-1.445557E-01,-5.369270E-02,0.000000E+00,0.000000E+00,1.688248E+00
6.110000E-01,-5.401413E-02,2.970507E-03,-1.331171E-01,1.156085E-03,-6.084519E-02,3.162811E-03,-1.334400E-01,-7.869159E-03,0.000000E+00,0.000000E+00,1.612532E+00
6.120000E-01,-5.413891E-02,2.996950E-03,-1.247734E-01,2.644284E-02,-6.097034E-02,3.177061E-03,-1.251468E-01,1.424938E-02,0.000000E+00,0.000000E+00,1.510252E+00
6.130000E-01,-5.425826E-02,3.027787E-03,-1.193556E-01,3.083736E-02,-6.108991E-02,3.202405E-03,-1.195752E-01,2.534472E-02,0.000000E+00,0.000000E+00,1.464169E+00
6.140000E-01,-5.437243E-02,3.058589E-03,-1.141661E-01,3.080129E-02,-6.120409E-02,3.237517E-03,-1.141778E-01,3.511128E-02,0.000000E+00,0.000000E+00,1.500289E+00
6.150000E-01,-5.448177E-02,3.089496E-03,-1.093432E-01,3.090702E-02,-6.131321E-02,3.281625E-03,-1.091191E-01,4.410879E-02,0.000000E+00,0.000000E+00,1.610981E+00
6.160000E-01,-5.458951E-02,3.117305E-03,-1.077405E-01,2.780893E-02,-6.142081E-02,3.319651E-03,-1.076055E-01,3.802558E-02,0.000000E+00,0.000000E+00,1.696631E+00
6.170000E-01,-5.469661E-02,3.141352E-03,-1.071010E-01,2.404777E-02,-6.152799E-02,3.347053E-03,-1.071752E-01,2.740191E-02,0.000000E+00,0.000000E+00,1.724719E+00
6.180000E-01,-5.480335E-02,3.162509E-03,-1.067416E-01,2.115672E-02,-6.163517E-02,3.361447E-03,-1.071839E-01,1.439456E-02,0.000000E+00,0.000000E+00,1.667946E+00
6.190000E-01,-5.490968E-02,3.182068E-03,-1.063264E-01,1.955935E-02,-6.174214E-02,3.366332E-03,-1.069682E-01,4.884181E-03,0.000000E+00,0.000000E+00,1.544822E+00
6.200000E-01,-5.501614E-02,3.199192E-03,-1.064618E-01,1.712374E-02,-6.184940E-02,3.360936E-03,-1.072608E-01,-5.395649E-03,0.000000E+00,0.000000E+00,1.355942E+00
6.210000E-01,-5.512320E-02,3.214394E-03,-1.070543E-01,1.520211E-02,-6.195739E-02,3.343933E-03,-1.079873E-01,-1.700307E-02,0.000000E+00,0.000000E+00,1.085881E+00
6.220000E-01,-5.523102E-02,3.228445E-03,-1.078202E-01,1.405028E-02,-6.206612E-02,3.316059E-03,-1.087338E-01,-2.787394E-02,0.000000E+00,0.000000E+00,7.343931E-01
6.230000E-01,-5.534003E-02,3.240652E-03,-1.090110E-01,1.220755E-02,-6.217585E-02,3.276798E-03,-1.097318E-01,-3.926064E-02,0.000000E+00,0.000000E+00,3.029627E-01
6.240000E-01,-5.545179E-02,3.251891E-03,-1.117594E-01,1.123933E-02,-6.228791E-02,3.242825E-03,-1.120579E-01,-3.397325E-02,0.000000E+00,0.000000E+00,-7.598885E-02
6.250000E-01,-5.556799E-02,3.260136E-03,-1.161991E-01,8.244502E-03,-6.240420E-02,3.242379E-03,-1.162825E-01,-4.458117E-04,0.000000E+00,0.000000E+00,-1.488231E-01
6.260000E-01,-5.568627E-02,3.270553E-03,-1.182836E-01,1.041701E-02,-6.252253E-02,3.246497E-03,-1.183364E-01,4.118090E-03,0.000000E+00,0.000000E+00,-2.016137E-01
6.270000E-01,-5.580651E-02,3.279652E-03,-1.202452E-01,9.098583E-03,-6.264281E-02,3.247845E-03,-1.202822E-01,1.347217E-03,0.000000E+00,0.000000E+00,-2.665765E-01
6.280000E-01,-5.592893E-02,3.285868E-03,-1.224125E-01,6.216068E-03,-6.276525E-02,3.244819E-03,-1.224379E-01,-3.025565E-03,0.000000E+00,0.000000E+00,-3.440282E-01
6.290000E-01,-5.605370E-02,3.289656E-03,-1.247721E-01,3.787995E-03,-6.289003E-02,3.236926E-03,-1.247755E-01,-7.892962E-03,0.000000E+00,0.000000E+00,-4.419224E-01
6.300000E-01,-5.618105E-02,3.291415E-03,-1.273515E-01,1.758870E-03,-6.301734E-02,3.223854E-03,-1.273156E-01,-1.307210E-02,0.000000E+00,0.000000E+00,-5.662151E-01
6.310000E-01,-5.631110E-02,3.290547E-03,-1.300462E-01,-8.678348E-04,-6.314731E-02,3.205856E-03,-1.299704E-01,-1.799740E-02,0.000000E+00,0.000000E+00,-7.097700E-01
6.320000E-01,-5.644275E-02,3.280499E-03,-1.316578E-01,-1.004798E-02,-6.327894E-02,3.183422E-03,-1.316279E-01,-2.243488E-02,0.000000E+00,0.000000E+00,-8.135724E-01
6.330000E-01,-5.657561E-02,3.259942E-03,-1.328567E-01,-2.055662E-02,-6.341184E-02,3.155630E-03,-1.328977E-01,-2.779124E-02,0.000000E+00,0.000000E+00,-8.741892E-01
6.340000E-01,-5.670933E-02,3.229137E-03,-1.337195E-01,-3.080532E-02,-6.354565E-02,3.120703E-03,-1.338125E-01,-3.492778E-02,0.000000E+00,0.000000E+00,-9.087196E-01
6.350000E-01,-5.684338E-02,3.188787E-03,-1.340523E-01,-4.034966E-02,-6.367980E-02,3.075769E-03,-1.341453E-01,-4.493372E-02,0.000000E+00,0.000000E+00,-9.471160E-01
6.360000E-01,-5.697764E-02,3.139034E-03,-1.342545E-01,-4.975357E-02,-6.381413E-02,3.020237E-03,-1.343320E-01,-5.553235E-02,0.000000E+00,0.000000E+00,-9.955226E-01
6.370000E-01,-5.711207E-02,3.079787E-03,-1.344319E-01,-5.924614E-02,-6.394862E-02,2.954172E-03,-1.344907E-01,-6.606478E-02,0.000000E+00,0.000000E+00,-1.052641E+00
6.380000E-01,-5.724665E-02,3.010943E-03,-1.345840E-01,-6.884447E-02,-6.408324E-02,2.877681E-03,-1.346223E-01,-7.649077E-02,0.000000E+00,0.000000E+00,-1.116694E+00
6.390000E-01,-5.737606E-02,2.931299E-03,-1.294069E-01,-7.964403E-02,-6.421327E-02,2.824804E-03,-1.300264E-01,-5.287713E-02,0.000000E+00,0.000000E+00,-8.923559E-01
6.400000E-01,-5.747783E-02,2.912520E-03,-1.017667E-01,-1.877878E-02,-6.431559E-02,2.841822E-03,-1.023260E-01,1.701779E-02,0.000000E+00,0.000000E+00,-5.923834E-01
6.410000E-01,-5.756573E-02,2.931603E-03,-8.789918E-02,1.908332E-02,-6.440367E-02,2.869617E-03,-8.807422E-02,2.779496E-02,0.000000E+00,0.000000E+00,-5.193794E-01
6.420000E-01,-5.764751E-02,2.958551E-03,-8.178812E-02,2.694710E-02,-6.448558E-02,2.900784E-03,-8.191583E-02,3.116765E-02,0.000000E+00,0.000000E+00,-4.840086E-01
6.430000E-01,-5.772634E-02,2.985412E-03,-7.882408E-02,2.686167E-02,-6.456452E-02,2.931077E-03,-7.893131E-02,3.029295E-02,0.000000E+00,0.000000E+00,-4.552529E-01
6.440000E-01,-5.780353E-02,3.010330E-03,-7.719080E-02,2.491797E-02,-6.464179E-02,2.959356E-03,-7.727749E-02,2.827897E-02,0.000000E+00,0.000000E+00,-4.270879E-01
6.450000E-01,-5.787991E-02,3.032933E-03,-7.638410E-02,2.260268E-02,-6.471825E-02,2.985813E-03,-7.645331E-02,2.645633E-02,0.000000E+00,0.000000E+00,-3.947970E-01
6.460000E-01,-5.795718E-02,3.054902E-03,-7.727147E-02,2.196884E-02,-6.479555E-02,3.009560E-03,-7.730511E-02,2.374788E-02,0.000000E+00,0.000000E+00,-3.798899E-01
6.470000E-01,-5.803576E-02,3.077077E-03,-7.857784E-02,2.217500E-02,-6.487414E-02,3.032718E-03,-7.859316E-02,2.315773E-02,0.000000E+00,0.000000E+00,-3.716556E-01
6.480000E-01,-5.811665E-02,3.098100E-03,-8.088719E-02,2.102326E-02,-6.495505E-02,3.055492E-03,-8.090935E-02,2.277357E-02,0.000000E+00,0.000000E+00,-3.569899E-01
6.490000E-01,-5.820038E-02,3.119242E-03,-8.373252E-02,2.114216E-02,-6.503881E-02,3.078662E-03,-8.375408E-02,2.317073E-02,0.000000E+00,0.000000E+00,-3.399930E-01
6.500000E-01,-5.828648E-02,3.142931E-03,-8.609285E-02,2.368884E-02,-6.512490E-02,3.103640E-03,-8.609730E-02,2.497777E-02,0.000000E+00,0.000000E+00,-3.291939E-01
6.510000E-01,-5.837614E-02,3.166861E-03,-8.965975E-02,2.392992E-02,-6.521456E-02,3.128355E-03,-8.965167E-02,2.471457E-02,0.000000E+00,0.000000E+00,-3.226202E-01
6.520000E-01,-5.847016E-02,3.191444E-03,-9.402300E-02,2.458340E-02,-6.530857E-02,3.153763E-03,-9.400922E-02,2.540870E-02,0.000000E+00,0.000000E+00,-3.157063E-01
6.530000E-01,-5.856932E-02,3.218934E-03,-9.915945E-02,2.748967E-02,-6.540772E-02,3.182222E-03,-9.915104E-02,2.845810E-02,0.000000E+00,0.000000E+00,-3.075929E-01
6.540000E-01,-5.867370E-02,3.247384E-03,-1.043798E-01,2.844986E-02,-6.551215E-02,3.218173E-03,-1.044319E-01,3.595179E-02,0.000000E+00,0.000000E+00,-2.447374E-01
6.550000E-01,-5.878243E-02,3.274259E-03,-1.087332E-01,2.687541E-02,-6.562090E-02,3.254363E-03,-1.087513E-01,3.619010E-02,0.000000E+00,0.000000E+00,-1.666951E-01
6.560000E-01,-5.889617E-02,3.307409E-03,-1.137428E-01,3.314963E-02,-6.573464E-02,3.290274E-03,-1.137401E-01,3.591026E-02,0.000000E+00,0.000000E+00,-1.435655E-01
6.570000E-01,-5.901024E-02,3.328836E-03,-1.140664E-01,2.142673E-02,-6.584868E-02,3.317641E-03,-1.140423E-01,2.736758E-02,0.000000E+00,0.000000E+00,-9.379088E-02
6.580000E-01,-5.912425E-02,3.342250E-03,-1.140129E-01,1.341414E-02,-6.596266E-02,3.333832E-03,-1.139789E-01,1.619061E-02,0.000000E+00,0.000000E+00,-7.052864E-02
6.590000E-01,-5.923822E-02,3.348140E-03,-1.139692E-01,5.890225E-03,-6.607659E-02,3.338459E-03,-1.139294E-01,4.627156E-03,0.000000E+00,0.000000E+00,-8.111175E-02
6.600000E-01,-5.935218E-02,3.346835E-03,-1.139626E-01,-1.305343E-03,-6.619051E-02,3.331239E-03,-1.139159E-01,-7.220433E-03,0.000000E+00,0.000000E+00,-1.306725E-01
6.610000E-01,-5.946620E-02,3.338397E-03,-1.140141E-01,-8.437395E-03,-6.630446E-02,3.312052E-03,-1.139507E-01,-1.918703E-02,0.000000E+00,0.000000E+00,-2.207409E-01
6.620000E-01,-5.958033E-02,3.322534E-03,-1.141290E-01,-1.586272E-02,-6.641849E-02,3.281038E-03,-1.140317E-01,-3.101408E-02,0.000000E+00,0.000000E+00,-3.476915E-01
6.630000E-01,-5.969910E-02,3.310454E-03,-1.187773E-01,-1.208047E-02,-6.653734E-02,3.271392E-03,-1.188555E-01,-9.645529E-03,0.000000E+00,0.000000E+00,-3.272865E-01
6.640000E-01,-5.981519E-02,3.305672E-03,-1.160823E-01,-4.781893E-03,-6.665350E-02,3.276973E-03,-1.161555E-01,5.580824E-03,0.000000E+00,0.000000E+00,-2.404597E-01
6.650000E-01,-5.992407E-02,3.307245E-03,-1.088790E-01,1.572979E-03,-6.676242E-02,3.296323E-03,-1.089233E-01,1.935043E-02,0.000000E+00,0.000000E+00,-9.150949E-02
6.660000E-01,-6.002567E-02,3.317900E-03,-1.016011E-01,1.065452E-02,-6.686410E-02,3.317233E-03,-1.016758E-01,2.090967E-02,0.000000E+00,0.000000E+00,-5.585870E-03
6.670000E-01,-6.012395E-02,3.326078E-03,-9.828494E-02,8.178068E-03,-6.696255E-02,3.329077E-03,-9.845204E-02,1.184361E-02,0.000000E+00,0.000000E+00,2.512526E-02
6.680000E-01,-6.022247E-02,3.323308E-03,-9.851781E-02,-2.769835E-03,-6.706123E-02,3.332300E-03,-9.867926E-02,3.223635E-03,0.000000E+00,0.000000E+00,7.533848E-02
6.690000E-01,-6.032125E-02,3.309244E-03,-9.877622E-02,-1.406422E-02,-6.716015E-02,3.327390E-03,-9.892220E-02,-4.910085E-03,0.000000E+00,0.000000E+00,1.520291E-01
6.700000E-01,-6.042028E-02,3.283947E-03,-9.903095E-02,-2.529651E-02,-6.725930E-02,3.314434E-03,-9.914616E-02,-1.295563E-02,0.000000E+00,0.000000E+00,2.554144E-01
6.710000E-01,-6.051953E-02,3.247876E-03,-9.925183E-02,-3.607138E-02,-6.735862E-02,3.293075E-03,-9.932156E-02,-2.135972E-02,0.000000E+00,0.000000E+00,3.786576E-01
6.720000E-01,-6.061895E-02,3.201771E-03,-9.942012E-02,-4.610505E-02,-6.745806E-02,3.262590E-03,-9.943976E-02,-3.048438E-02,0.000000E+00,0.000000E+00,5.095133E-01
6.730000E-01,-6.071848E-02,3.146511E-03,-9.953002E-02,-5.526014E-02,-6.755757E-02,3.222057E-03,-9.951180E-02,-4.053288E-02,0.000000E+00,0.000000E+00,6.328827E-01
6.740000E-01,-6.081806E-02,3.082972E-03,-9.958446E-02,-6.353836E-02,-6.765713E-02,3.170504E-03,-9.955708E-02,-5.155358E-02,0.000000E+00,0.000000E+00,7.332760E-01
6.750000E-01,-6.092505E-02,3.086768E-03,-1.069882E-01,3.796189E-03,-6.776439E-02,3.161336E-03,-1.072626E-01,-9.167944E-03,0.000000E+00,0.000000E+00,6.246564E-01
6.760000E-01,-6.104419E-02,3.109902E-03,-1.191349E-01,2.313326E-02,-6.788358E-02,3.186244E-03,-1.191886E-01,2.490768E-02,0.000000E+00,0.000000E+00,6.395145E-01
6.770000E-01,-6.117196E-02,3.140360E-03,-1.277757E-01,3.045840E-02,-6.801134E-02,3.223193E-03,-1.277569E-01,3.694944E-02,0.000000E+00,0.000000E+00,6.938866E-01
6.780000E-01,-6.130580E-02,3.179619E-03,-1.338422E-01,3.925924E-02,-6.814523E-02,3.262564E-03,-1.338911E-01,3.937090E-02,0.000000E+00,0.000000E+00,6.948169E-01
6.790000E-01,-6.144480E-02,3.228944E-03,-1.389962E-01,4.932480E-02,-6.828439E-02,3.301104E-03,-1.391615E-01,3.854022E-02,0.000000E+00,0.000000E+00,6.044684E-01
6.800000E-01,-6.158850E-02,3.286402E-03,-1.436979E-01,5.745772E-02,-6.842829E-02,3.339474E-03,-1.438998E-01,3.836990E-02,0.000000E+00,0.000000E+00,4.445687E-01
6.810000E-01,-6.173444E-02,3.344881E-03,-1.459373E-01,5.847869E-02,-6.857438E-02,3.371991E-03,-1.460869E-01,3.251649E-02,0.000000E+00,0.000000E+00,2.270904E-01
6.820000E-01,-6.188079E-02,3.396187E-03,-1.463528E-01,5.130672E-02,-6.872074E-02,3.394153E-03,-1.463668E-01,2.216228E-02,0.000000E+00,0.000000E+00,-1.704115E-02
6.830000E-01,-6.202723E-02,3.438565E-03,-1.464380E-01,4.237808E-02,-6.886703E-02,3.405389E-03,-1.462825E-01,1.123624E-02,0.000000E+00,0.000000E+00,-2.779090E-01
6.840000E-01,-6.217377E-02,3.472000E-03,-1.465461E-01,3.343517E-02,-6.901322E-02,3.405836E-03,-1.461966E-01,4.465849E-04,0.000000E+00,0.000000E+00,-5.542618E-01
6.850000E-01,-6.232047E-02,3.496343E-03,-1.466947E-01,2.434234E-02,-6.915935E-02,3.395746E-03,-1.461313E-01,-1.008963E-02,0.000000E+00,0.000000E+00,-8.427330E-01
6.860000E-01,-6.246735E-02,3.511334E-03,-1.468873E-01,1.499117E-02,-6.930545E-02,3.375427E-03,-1.460998E-01,-2.031928E-02,0.000000E+00,0.000000E+00,-1.138604E+00
6.870000E-01,-6.261447E-02,3.516668E-03,-1.471150E-01,5.333813E-03,-6.945156E-02,3.345178E-03,-1.461045E-01,-3.024886E-02,0.000000E+00,0.000000E+00,-1.436809E+00
6.880000E-01,-6.276184E-02,3.512062E-03,-1.473653E-01,-4.605765E-03,-6.959770E-02,3.305246E-03,-1.461426E-01,-3.993171E-02,0.000000E+00,0.000000E+00,-1.732928E+00
6.890000E-01,-6.290918E-02,3.488642E-03,-1.473464E-01,-2.342007E-02,-6.974415E-02,3.261607E-03,-1.464518E-01,-4.363890E-02,0.000000E+00,0.000000E+00,-1.902473E+00
6.900000E-01,-6.305682E-02,3.448678E-03,-1.476429E-01,-3.996415E-02,-6.989125E-02,3.212594E-03,-1.470939E-01,-4.901358E-02,0.000000E+00,0.000000E+00,-1.978404E+00
6.910000E-01,-6.320469E-02,3.397087E-03,-1.478683E-01,-5.159102E-02,-7.003865E-02,3.155061E-03,-1.474015E-01,-5.753257E-02,0.000000E+00,0.000000E+00,-2.028292E+00
6.920000E-01,-6.335269E-02,3.335572E-03,-1.479935E-01,-6.151457E-02,-7.018614E-02,3.087670E-03,-1.474969E-01,-6.739076E-02,0.000000E+00,0.000000E+00,-2.077646E+00
6.930000E-01,-6.349822E-02,3.252939E-03,-1.455385E-01,-8.263282E-02,-7.033200E-02,3.023024E-03,-1.458601E-01,-6.464678E-02,0.000000E+00,0.000000E+00,-1.926933E+00
6.940000E-01,-6.363806E-02,3.133387E-03,-1.398345E-01,-1.195522E-01,-7.047368E-02,2.979209E-03,-1.416800E-01,-4.381437E-02,0.000000E+00,0.000000E+00,-1.292091E+00
6.950000E-01,-6.377671E-02,2.995254E-03,-1.386458E-01,-1.381330E-01,-7.061360E-02,2.936091E-03,-1.399188E-01,-4.311860E-02,0.000000E+00,0.000000E+00,-4.958011E-01
6.960000E-01,-6.390433E-02,2.900831E-03,-1.276278E-01,-9.442366E-02,-7.074132E-02,2.951688E-03,-1.277173E-01,1.559729E-02,0.000000E+00,0.000000E+00,4.261900E-01
6.970000E-01,-6.402345E-02,2.902424E-03,-1.191124E-01,1.593180E-03,-7.086020E-02,2.985971E-03,-1.188806E-01,3.428272E-02,0.000000E+00,0.000000E+00,7.001338E-01
6.980000E-01,-6.414350E-02,2.928992E-03,-1.200581E-01,2.656869E-02,-7.098022E-02,3.021213E-03,-1.200138E-01,3.524202E-02,0.000000E+00,0.000000E+00,7.728141E-01
6.990000E-01,-6.426539E-02,2.963597E-03,-1.218873E-01,3.460458E-02,-7.110216E-02,3.055900E-03,-1.219469E-01,3.468689E-02,0.000000E+00,0.000000E+00,7.734970E-01
7.000000E-01,-6.438969E-02,3.001374E-03,-1.242995E-01,3.777730E-02,-7.122657E-02,3.091109E-03,-1.244124E-01,3.520919E-02,0.000000E+00,0.000000E+00,7.519663E-01
7.010000E-01,-6.451555E-02,3.046601E-03,-1.258648E-01,4.522695E-02,-7.135261E-02,3.127677E-03,-1.260342E-01,3.656864E-02,0.000000E+00,0.000000E+00,6.794007E-01
7.020000E-01,-6.464498E-02,3.092459E-03,-1.294219E-01,4.585790E-02,-7.148216E-02,3.165516E-03,-1.295527E-01,3.783870E-02,0.000000E+00,0.000000E+00,6.121952E-01
7.030000E-01,-6.477875E-02,3.138802E-03,-1.337762E-01,4.634311E-02,-7.161605E-02,3.205038E-03,-1.338878E-01,3.952231E-02,0.000000E+00,0.000000E+00,5.550336E-01
7.040000E-01,-6.491741E-02,3.187140E-03,-1.386574E-01,4.833758E-02,-7.175481E-02,3.247207E-03,-1.387585E-01,4.216862E-02,0.000000E+00,0.000000E+00,5.033354E-01
7.050000E-01,-6.506116E-02,3.239524E-03,-1.437503E-01,5.238373E-02,-7.189866E-02,3.291772E-03,-1.438499E-01,4.456471E-02,0.000000E+00,0.000000E+00,4.378118E-01
7.060000E-01,-6.520783E-02,3.297488E-03,-1.466645E-01,5.796465E-02,-7.204547E-02,3.327881E-03,-1.468097E-01,3.610942E-02,0.000000E+00,0.000000E+00,2.546742E-01
7.070000E-01,-6.535607E-02,3.355179E-03,-1.482462E-01,5.769038E-02,-7.219376E-02,3.355207E-03,-1.482890E-01,2.732634E-02,0.000000E+00,0.000000E+00,2.415216E-04
7.080000E-01,-6.550440E-02,3.404484E-03,-1.483302E-01,4.930498E-02,-7.234198E-02,3.371139E-03,-1.482242E-01,1.593150E-02,0.000000E+00,0.000000E+00,-2.794108E-01
7.090000E-01,-6.565282E-02,3.445669E-03,-1.484199E-01,4.118492E-02,-7.249010E-02,3.375251E-03,-1.481150E-01,4.111969E-03,0.000000E+00,0.000000E+00,-5.900728E-01
7.100000E-01,-6.580132E-02,3.478880E-03,-1.484981E-01,3.321127E-02,-7.263803E-02,3.367277E-03,-1.479302E-01,-7.974162E-03,0.000000E+00,0.000000E+00,-9.352187E-01
7.110000E-01,-6.594987E-02,3.504104E-03,-1.485502E-01,2.522435E-02,-7.278567E-02,3.347209E-03,-1.476492E-01,-2.006735E-02,0.000000E+00,0.000000E+00,-1.314816E+00
7.120000E-01,-6.609845E-02,3.521122E-03,-1.485754E-01,1.701742E-02,-7.293295E-02,3.315377E-03,-1.472802E-01,-3.183194E-02,0.000000E+00,0.000000E+00,-1.724295E+00
7.130000E-01,-6.624565E-02,3.517012E-03,-1.472082E-01,-4.109556E-03,-7.307967E-02,3.295089E-03,-1.467166E-01,-2.028842E-02,0.000000E+00,0.000000E+00,-1.859928E+00
7.140000E-01,-6.638953E-02,3.500745E-03,-1.438750E-01,-1.626673E-02,-7.322402E-02,3.294241E-03,-1.443506E-01,-8.485442E-04,0.000000E+00,0.000000E+00,-1.730670E+00
7.150000E-01,-6.652837E-02,3.471003E-03,-1.388415E-01,-2.974281E-02,-7.336410E-02,3.310649E-03,-1.400764E-01,1.640831E-02,0.000000E+00,0.000000E+00,-1.343807E+00
7.160000E-01,-6.666551E-02,3.425531E-03,-1.371446E-01,-4.547101E-02,-7.350239E-02,3.328247E-03,-1.382918E-01,1.759817E-02,0.000000E+00,0.000000E+00,-8.152282E-01
7.170000E-01,-6.680282E-02,3.369157E-03,-1.373030E-01,-5.637418E-02,-7.364029E-02,3.337156E-03,-1.378961E-01,8.909076E-03,0.000000E+00,0.000000E+00,-2.681580E-01
7.180000E-01,-6.694035E-02,3.301358E-03,-1.375281E-01,-6.779912E-02,-7.377779E-02,3.337717E-03,-1.374988E-01,5.604203E-04,0.000000E+00,0.000000E+00,3.046693E-01
7.190000E-01,-6.707818E-02,3.222001E-03,-1.378375E-01,-7.935744E-02,-7.391488E-02,3.329858E-03,-1.370913E-01,-7.858324E-03,0.000000E+00,0.000000E+00,9.038379E-01
7.200000E-01,-6.721640E-02,3.131400E-03,-1.382200E-01,-9.060027E-02,-7.405155E-02,3.313118E-03,-1.366771E-01,-1.674067E-02,0.000000E+00,0.000000E+00,1.522888E+00
7.210000E-01,-6.735503E-02,3.030239E-03,-1.386253E-01,-1.011613E-01,-7.418782E-02,3.286741E-03,-1.362614E-01,-2.637684E-02,0.000000E+00,0.000000E+00,2.149863E+00
7.220000E-01,-6.748945E-02,2.953286E-03,-1.344242E-01,-7.695346E-02,-7.432041E-02,3.257204E-03,-1.325983E-01,-2.953645E-02,0.000000E+00,0.000000E+00,2.547485E+00
7.230000E-01,-6.761369E-02,2.959601E-03,-1.242363E-01,6.315310E-03,-7.444662E-02,3.223675E-03,-1.262027E-01,-3.352968E-02,0.000000E+00,0.000000E+00,2.213220E+00
7.240000E-01,-6.774233E-02,2.996600E-03,-1.286386E-01,3.699939E-02,-7.457870E-02,3.160139E-03,-1.320830E-01,-6.353589E-02,0.000000E+00,0.000000E+00,1.370356E+00
7.250000E-01,-6.788682E-02,3.042675E-03,-1.444883E-01,4.607507E-02,-7.472449E-02,3.149759E-03,-1.457894E-01,-1.037971E-02,0.000000E+00,0.000000E+00,8.972248E-01
7.260000E-01,-6.804284E-02,3.099150E-03,-1.560250E-01,5.647408E-02,-7.488119E-02,3.163807E-03,-1.566999E-01,1.404812E-02,0.000000E+00,0.000000E+00,5.417233E-01
7.270000E-01,-6.820636E-02,3.166618E-03,-1.635202E-01,6.746855E-02,-7.504512E-02,3.185485E-03,-1.639292E-01,2.167833E-02,0.000000E+00,0.000000E+00,1.580717E-01
7.280000E-01,-6.837647E-02,3.244272E-03,-1.701134E-01,7.765418E-02,-7.521530E-02,3.210628E-03,-1.701849E-01,2.514282E-02,0.000000E+00,0.000000E+00,-2.818681E-01
7.290000E-01,-6.855047E-02,3.319847E-03,-1.739988E-01,7.557463E-02,-7.538901E-02,3.235691E-03,-1.737071E-01,2.506275E-02,0.000000E+00,0.000000E+00,-7.050540E-01
7.300000E-01,-6.872655E-02,3.385873E-03,-1.760778E-01,6.602642E-02,-7.556461E-02,3.261529E-03,-1.755999E-01,2.583839E-02,0.000000E+00,0.000000E+00,-1.041758E+00
7.310000E-01,-6.890375E-02,3.443170E-03,-1.772018E-01,5.729709E-02,-7.574119E-02,3.282795E-03,-1.765778E-01,2.126552E-02,0.000000E+00,0.000000E+00,-1.343656E+00
7.320000E-01,-6.908106E-02,3.492294E-03,-1.773069E-01,4.912401E-02,-7.591761E-02,3.293569E-03,-1.764183E-01,1.077382E-02,0.000000E+00,0.000000E+00,-1.665013E+00
7.330000E-01,-6.925838E-02,3.532983E-03,-1.773212E-01,4.068881E-02,-7.609373E-02,3.293326E-03,-1.761198E-01,-2.431206E-04,0.000000E+00,0.000000E+00,-2.008055E+00
7.340000E-01,-6.943575E-02,3.564924E-03,-1.773676E-01,3.194044E-02,-7.626956E-02,3.282414E-03,-1.758326E-01,-1.091204E-02,0.000000E+00,0.000000E+00,-2.367264E+00
7.350000E-01,-6.961319E-02,3.587656E-03,-1.774365E-01,2.273258E-02,-7.644513E-02,3.261296E-03,-1.755742E-01,-2.111756E-02,0.000000E+00,0.000000E+00,-2.734925E+00
7.360000E-01,-6.979070E-02,3.600667E-03,-1.775164E-01,1.301078E-02,-7.662049E-02,3.230453E-03,-1.753599E-01,-3.084336E-02,0.000000E+00,0.000000E+00,-3.102728E+00
7.370000E-01,-6.996830E-02,3.603479E-03,-1.775980E-01,2.812023E-03,-7.679569E-02,3.190295E-03,-1.751994E-01,-4.015789E-02,0.000000E+00,0.000000E+00,-3.463238E+00
7.380000E-01,-7.014598E-02,3.595740E-03,-1.776788E-01,-7.739015E-03,-7.697079E-02,3.141097E-03,-1.750955E-01,-4.919762E-02,0.000000E+00,0.000000E+00,-3.811197E+00
7.390000E-01,-7.032374E-02,3.577301E-03,-1.777658E-01,-1.843908E-02,-7.714583E-02,3.082947E-03,-1.750414E-01,-5.815056E-02,0.000000E+00,0.000000E+00,-4.144628E+00
7.400000E-01,-7.050162E-02,3.548263E-03,-1.778722E-01,-2.903765E-02,-7.732085E-02,3.015717E-03,-1.750188E-01,-6.722928E-02,0.000000E+00,0.000000E+00,-4.465436E+00
7.410000E-01,-7.067963E-02,3.508967E-03,-1.780123E-01,-3.929660E-02,-7.749585E-02,2.939086E-03,-1.750002E-01,-7.663149E-02,0.000000E+00,0.000000E+00,-4.779191E+00
7.420000E-01,-7.085783E-02,3.459914E-03,-1.781996E-01,-4.905300E-02,-7.767080E-02,2.852584E-03,-1.749566E-01,-8.650132E-02,0.000000E+00,0.000000E+00,-5.094054E+00
7.430000E-01,-7.101792E-02,3.387102E-03,-1.600921E-01,-7.281201E-02,-7.783707E-02,2.853786E-03,-1.662664E-01,1.201434E-03,0.000000E+00,0.000000E+00,-4.471917E+00
7.440000E-01,-7.117092E-02,3.297867E-03,-1.530004E-01,-8.923503E-02,-7.799908E-02,2.896565E-03,-1.620141E-01,4.277944E-02,0.000000E+00,0.000000E+00,-3.363489E+00
7.450000E-01,-7.132443E-02,3.197539E-03,-1.535098E-01,-1.003280E-01,-7.815972E-02,2.946249E-03,-1.606382E-01,4.968348E-02,0.000000E+00,0.000000E+00,-2.105450E+00
7.460000E-01,-7.147950E-02,3.113147E-03,-1.550723E-01,-8.439126E-02,-7.831838E-02,2.996124E-03,-1.586561E-01,4.987517E-02,0.000000E+00,0.000000E+00,-9.803207E-01
7.470000E-01,-7.163749E-02,3.108151E-03,-1.579847E-01,-4.996786E-03,-7.847716E-02,3.056603E-03,-1.587785E-01,6.047853E-02,0.000000E+00,0.000000E+00,-4.318090E-01
7.480000E-01,-7.179801E-02,3.122533E-03,-1.605207E-01,1.438206E-02,-7.863787E-02,3.119451E-03,-1.607122E-01,6.284842E-02,0.000000E+00,0.000000E+00,-2.581469E-02
7.490000E-01,-7.196008E-02,3.137650E-03,-1.620709E-01,1.511766E-02,-7.879982E-02,3.178552E-03,-1.619524E-01,5.910140E-02,0.000000E+00,0.000000E+00,3.426278E-01
7.500000E-01,-7.212311E-02,3.150760E-03,-1.630340E-01,1.311011E-02,-7.896244E-02,3.236282E-03,-1.626226E-01,5.772984E-02,0.000000E+00,0.000000E+00,7.164123E-01
7.510000E-01,-7.228719E-02,3.159553E-03,-1.640774E-01,8.792550E-03,-7.912577E-02,3.291828E-03,-1.633307E-01,5.554568E-02,0.000000E+00,0.000000E+00,1.108102E+00
7.520000E-01,-7.245112E-02,3.164443E-03,-1.639258E-01,4.890351E-03,-7.928879E-02,3.337356E-03,-1.630137E-01,4.552813E-02,0.000000E+00,0.000000E+00,1.448601E+00
7.530000E-01,-7.261523E-02,3.162400E-03,-1.641184E-01,-2.043085E-03,-7.945188E-02,3.371767E-03,-1.630937E-01,3.441065E-02,0.000000E+00,0.000000E+00,1.754085E+00
7.540000E-01,-7.277993E-02,3.155141E-03,-1.646920E-01,-7.259516E-03,-7.961557E-02,3.395049E-03,-1.636828E-01,2.328194E-02,0.000000E+00,0.000000E+00,2.010064E+00
7.550000E-01,-7.294548E-02,3.145140E-03,-1.655568E-01,-1.000024E-02,-7.978032E-02,3.406862E-03,-1.647510E-01,1.181302E-02,0.000000E+00,0.000000E+00,2.192913E+00
7.560000E-01,-7.311176E-02,3.131905E-03,-1.662722E-01,-1.323522E-02,-7.994606E-02,3.406792E-03,-1.657487E-01,-6.919538E-05,0.000000E+00,0.000000E+00,2.303289E+00
7.570000E-01,-7.327806E-02,3.110811E-03,-1.663005E-01,-2.109386E-02,-8.011196E-02,3.395445E-03,-1.658941E-01,-1.134761E-02,0.000000E+00,0.000000E+00,2.385002E+00
7.580000E-01,-7.344429E-02,3.081141E-03,-1.662373E-01,-2.967029E-02,-8.027788E-02,3.373127E-03,-1.659197E-01,-2.231738E-02,0.000000E+00,0.000000E+00,2.446653E+00
7.590000E-01,-7.361048E-02,3.042799E-03,-1.661883E-01,-3.834231E-02,-8.044384E-02,3.339959E-03,-1.659579E-01,-3.316821E-02,0.000000E+00,0.000000E+00,2.490039E+00
7.600000E-01,-7.377394E-02,3.016876E-03,-1.634615E-01,-2.592239E-02,-8.060784E-02,3.300678E-03,-1.640070E-01,-3.928072E-02,0.000000E+00,0.000000E+00,2.378045E+00
7.610000E-01,-7.393002E-02,3.043969E-03,-1.560813E-01,2.709221E-02,-8.076697E-02,3.240567E-03,-1.591237E-01,-6.011195E-02,0.000000E+00,0.000000E+00,1.647100E+00
7.620000E-01,-7.407940E-02,3.087039E-03,-1.493734E-01,4.306996E-02,-8.091847E-02,3.183345E-03,-1.515072E-01,-5.722180E-02,0.000000E+00,0.000000E+00,8.067716E-01
7.630000E-01,-7.422101E-02,3.126862E-03,-1.416138E-01,3.982372E-02,-8.106071E-02,3.159261E-03,-1.422325E-01,-2.408382E-02,0.000000E+00,0.000000E+00,2.713996E-01
7.640000E-01,-7.435795E-02,3.164169E-03,-1.369374E-01,3.730666E-02,-8.119772E-02,3.145106E-03,-1.370095E-01,-1.415531E-02,0.000000E+00,0.000000E+00,-1.596906E-01
7.650000E-01,-7.449199E-02,3.197111E-03,-1.340413E-01,3.294193E-02,-8.133149E-02,3.131647E-03,-1.337755E-01,-1.345848E-02,0.000000E+00,0.000000E+00,-5.483853E-01
7.660000E-01,-7.462353E-02,3.227437E-03,-1.315403E-01,3.032660E-02,-8.146249E-02,3.118191E-03,-1.309994E-01,-1.345609E-02,0.000000E+00,0.000000E+00,-9.151723E-01
7.670000E-01,-7.475333E-02,3.253603E-03,-1.297945E-01,2.616544E-02,-8.159151E-02,3.102648E-03,-1.290182E-01,-1.554271E-02,0.000000E+00,0.000000E+00,-1.264613E+00
7.680000E-01,-7.488164E-02,3.277251E-03,-1.283142E-01,2.364796E-02,-8.171884E-02,3.086360E-03,-1.273327E-01,-1.628826E-02,0.000000E+00,0.000000E+00,-1.599250E+00
7.690000E-01,-7.501027E-02,3.298832E-03,-1.286349E-01,2.158157E-02,-8.184668E-02,3.080579E-03,-1.278407E-01,-5.780821E-03,0.000000E+00,0.000000E+00,-1.828554E+00
7.700000E-01,-7.514259E-02,3.319086E-03,-1.323125E-01,2.025310E-02,-8.197914E-02,3.104006E-03,-1.324611E-01,2.342715E-02,0.000000E+00,0.000000E+00,-1.801940E+00
7.710000E-01,-7.527731E-02,3.334469E-03,-1.347218E-01,1.538326E-02,-8.211446E-02,3.137579E-03,-1.353138E-01,3.357256E-02,0.000000E+00,0.000000E+00,-1.649495E+00
7.720000E-01,-7.541363E-02,3.346383E-03,-1.363196E-01,1.191457E-02,-8.225141E-02,3.172191E-03,-1.369523E-01,3.461254E-02,0.000000E+00,0.000000E+00,-1.459289E+00
7.730000E-01,-7.555176E-02,3.351956E-03,-1.381284E-01,5.572634E-03,-8.239017E-02,3.205720E-03,-1.387629E-01,3.352875E-02,0.000000E+00,0.000000E+00,-1.225052E+00
7.740000E-01,-7.569177E-02,3.350175E-03,-1.400081E-01,-1.781226E-03,-8.253075E-02,3.237931E-03,-1.405805E-01,3.221120E-02,0.000000E+00,0.000000E+00,-9.402694E-01
7.750000E-01,-7.583367E-02,3.338563E-03,-1.419040E-01,-1.161210E-02,-8.267310E-02,3.269775E-03,-1.423424E-01,3.184352E-02,0.000000E+00,0.000000E+00,-5.762343E-01
7.760000E-01,-7.597781E-02,3.311851E-03,-1.441404E-01,-2.671132E-02,-8.281734E-02,3.302709E-03,-1.442479E-01,3.293400E-02,0.000000E+00,0.000000E+00,-7.658715E-02
7.770000E-01,-7.612042E-02,3.295943E-03,-1.426135E-01,-1.590862E-02,-8.295958E-02,3.336314E-03,-1.422386E-01,3.360462E-02,0.000000E+00,0.000000E+00,3.382071E-01
7.780000E-01,-7.626178E-02,3.284392E-03,-1.413615E-01,-1.155084E-02,-8.310031E-02,3.365641E-03,-1.407299E-01,2.932746E-02,0.000000E+00,0.000000E+00,6.807041E-01
7.790000E-01,-7.640275E-02,3.270014E-03,-1.409696E-01,-1.437817E-02,-8.324046E-02,3.388332E-03,-1.401481E-01,2.269064E-02,0.000000E+00,0.000000E+00,9.913328E-01
7.800000E-01,-7.654259E-02,3.250924E-03,-1.398403E-01,-1.908944E-02,-8.337954E-02,3.393331E-03,-1.390752E-01,4.998951E-03,0.000000E+00,0.000000E+00,1.193239E+00
7.810000E-01,-7.668160E-02,3.224855E-03,-1.390075E-01,-2.606926E-02,-8.351788E-02,3.382639E-03,-1.383438E-01,-1.069203E-02,0.000000E+00,0.000000E+00,1.322171E+00
7.820000E-01,-7.682008E-02,3.190876E-03,-1.384734E-01,-3.397945E-02,-8.365576E-02,3.359120E-03,-1.378803E-01,-2.351819E-02,0.000000E+00,0.000000E+00,1.409921E+00
7.830000E-01,-7.695816E-02,3.150469E-03,-1.380866E-01,-4.040704E-02,-8.379335E-02,3.324213E-03,-1.375882E-01,-3.490743E-02,0.000000E+00,0.000000E+00,1.456095E+00
7.840000E-01,-7.709632E-02,3.106780E-03,-1.381582E-01,-4.368842E-02,-8.393113E-02,3.281049E-03,-1.377783E-01,-4.316431E-02,0.000000E+00,0.000000E+00,1.460567E+00
7.850000E-01,-7.723525E-02,3.055576E-03,-1.389275E-01,-5.120447E-02,-8.406963E-02,3.232557E-03,-1.385038E-01,-4.849177E-02,0.000000E+00,0.000000E+00,1.483384E+00
7.860000E-01,-7.737453E-02,2.994954E-03,-1.392858E-01,-6.062197E-02,-8.420847E-02,3.175574E-03,-1.388392E-01,-5.698264E-02,0.000000E+00,0.000000E+00,1.513972E+00
7.870000E-01,-7.751403E-02,2.926573E-03,-1.394998E-01,-6.838106E-02,-8.434755E-02,3.109094E-03,-1.390811E-01,-6.648048E-02,0.000000E+00,0.000000E+00,1.529989E+00
7.880000E-01,-7.765208E-02,2.858265E-03,-1.380436E-01,-6.830786E-02,-8.448557E-02,3.021589E-03,-1.380202E-01,-8.750448E-02,0.000000E+00,0.000000E+00,1.369142E+00
7.890000E-01,-7.779452E-02,2.832123E-03,-1.424458E-01,-2.614210E-02,-8.462761E-02,2.947229E-03,-1.420412E-01,-7.436075E-02,0.000000E+00,0.000000E+00,9.650772E-01
7.900000E-01,-7.793066E-02,2.853065E-03,-1.361374E-01,2.094222E-02,-8.476315E-02,2.881396E-03,-1.355374E-01,-6.583215E-02,0.000000E+00,0.000000E+00,2.375806E-01
7.910000E-01,-7.805134E-02,2.894373E-03,-1.206820E-01,4.130826E-02,-8.488241E-02,2.856552E-03,-1.192630E-01,-2.484484E-02,0.000000E+00,0.000000E+00,-3.172263E-01
7.920000E-01,-7.816346E-02,2.940952E-03,-1.121148E-01,4.657895E-02,-8.499288E-02,2.860257E-03,-1.104713E-01,3.705401E-03,0.000000E+00,0.000000E+00,-6.769640E-01
7.930000E-01,-7.827122E-02,2.987426E-03,-1.077640E-01,4.647390E-02,-8.509942E-02,2.890796E-03,-1.065413E-01,3.053944E-02,0.000000E+00,0.000000E+00,-8.107694E-01
7.940000E-01,-7.837746E-02,3.029469E-03,-1.062375E-01,4.204338E-02,-8.520465E-02,2.928998E-03,-1.052284E-01,3.820124E-02,0.000000E+00,0.000000E+00,-8.431269E-01
7.950000E-01,-7.848344E-02,3.066412E-03,-1.059799E-01,3.694242E-02,-8.530973E-02,2.966018E-03,-1.050747E-01,3.701996E-02,0.000000E+00,0.000000E+00,-8.425880E-01
7.960000E-01,-7.858892E-02,3.101444E-03,-1.054865E-01,3.503213E-02,-8.541444E-02,2.999675E-03,-1.047143E-01,3.365753E-02,0.000000E+00,0.000000E+00,-8.542197E-01
7.970000E-01,-7.869487E-02,3.133220E-03,-1.059499E-01,3.177579E-02,-8.551974E-02,3.031122E-03,-1.052970E-01,3.144650E-02,0.000000E+00,0.000000E+00,-8.570652E-01
7.980000E-01,-7.880142E-02,3.161310E-03,-1.065452E-01,2.808980E-02,-8.562579E-02,3.061160E-03,-1.060478E-01,3.003797E-02,0.000000E+00,0.000000E+00,-8.407749E-01
7.990000E-01,-7.890979E-02,3.187808E-03,-1.083654E-01,2.649837E-02,-8.573373E-02,3.091776E-03,-1.079401E-01,3.061597E-02,0.000000E+00,0.000000E+00,-8.062619E-01
8.000000E-01,-7.902004E-02,3.212225E-03,-1.102537E-01,2.441739E-02,-8.584367E-02,3.122880E-03,-1.099432E-01,3.110476E-02,0.000000E+00,0.000000E+00,-7.501573E-01
8.010000E-01,-7.913361E-02,3.235574E-03,-1.135722E-01,2.334919E-02,-8.595696E-02,3.154480E-03,-1.132924E-01,3.159961E-02,0.000000E+00,0.000000E+00,-6.809200E-01
8.020000E-01,-7.925076E-02,3.257706E-03,-1.171501E-01,2.213119E-02,-8.607389E-02,3.186889E-03,-1.169310E-01,3.240867E-02,0.000000E+00,0.000000E+00,-5.946497E-01
8.030000E-01,-7.937252E-02,3.280775E-03,-1.217607E-01,2.306923E-02,-8.619544E-02,3.221358E-03,-1.215492E-01,3.446980E-02,0.000000E+00,0.000000E+00,-4.989401E-01
8.040000E-01,-7.949759E-02,3.295783E-03,-1.250700E-01,1.500845E-02,-8.632037E-02,3.260248E-03,-1.249253E-01,3.888992E-02,0.000000E+00,0.000000E+00,-2.984106E-01
8.050000E-01,-7.962825E-02,3.316814E-03,-1.306566E-01,2.103074E-02,-8.645080E-02,3.300393E-03,-1.304328E-01,4.014435E-02,0.000000E+00,0.000000E+00,-1.379067E-01
8.060000E-01,-7.976000E-02,3.332372E-03,-1.317554E-01,1.555789E-02,-8.658230E-02,3.330315E-03,-1.314995E-01,2.992255E-02,0.000000E+00,0.000000E+00,-1.727323E-02
8.070000E-01,-7.989176E-02,3.338899E-03,-1.317576E-01,6.527444E-03,-8.671377E-02,3.348692E-03,-1.314717E-01,1.837687E-02,0.000000E+00,0.000000E+00,8.224534E-02
8.080000E-01,-8.002346E-02,3.336706E-03,-1.316943E-01,-2.193838E-03,-8.684517E-02,3.355036E-03,-1.314010E-01,6.344190E-03,0.000000E+00,0.000000E+00,1.539597E-01
8.090000E-01,-8.015499E-02,3.326040E-03,-1.315324E-01,-1.066587E-02,-8.697643E-02,3.348981E-03,-1.312589E-01,-6.055149E-03,0.000000E+00,0.000000E+00,1.926926E-01
8.100000E-01,-8.028624E-02,3.307063E-03,-1.312492E-01,-1.897639E-02,-8.710745E-02,3.330375E-03,-1.310217E-01,-1.860644E-02,0.000000E+00,0.000000E+00,1.958065E-01
8.110000E-01,-8.041709E-02,3.279798E-03,-1.308485E-01,-2.726525E-02,-8.723814E-02,3.299375E-03,-1.306856E-01,-3.099990E-02,0.000000E+00,0.000000E+00,1.644410E-01
8.120000E-01,-8.054902E-02,3.246638E-03,-1.319393E-01,-3.315958E-02,-8.736980E-02,3.270013E-03,-1.316642E-01,-2.936229E-02,0.000000E+00,0.000000E+00,1.963452E-01
8.130000E-01,-8.067933E-02,3.241096E-03,-1.303009E-01,-5.542303E-03,-8.749993E-02,3.267748E-03,-1.301272E-01,-2.264433E-03,0.000000E+00,0.000000E+00,2.238852E-01
8.140000E-01,-8.080086E-02,3.252258E-03,-1.215336E-01,1.116178E-02,-8.762147E-02,3.273302E-03,-1.215384E-01,5.554033E-03,0.000000E+00,0.000000E+00,1.767784E-01
8.150000E-01,-8.091181E-02,3.277833E-03,-1.109512E-01,2.557483E-02,-8.773249E-02,3.291495E-03,-1.110254E-01,1.819268E-02,0.000000E+00,0.000000E+00,1.147646E-01
8.160000E-01,-8.101333E-02,3.317803E-03,-1.015170E-01,3.997046E-02,-8.783417E-02,3.316240E-03,-1.016740E-01,2.474490E-02,0.000000E+00,0.000000E+00,-1.313413E-02
8.170000E-01,-8.111290E-02,3.354001E-03,-9.956955E-02,3.619765E-02,-8.793395E-02,3.330626E-03,-9.978582E-02,1.438642E-02,0.000000E+00,0.000000E+00,-1.963438E-01
8.180000E-01,-8.121181E-02,3.379164E-03,-9.891175E-02,2.516304E-02,-8.803314E-02,3.336379E-03,-9.918491E-02,5.752425E-03,0.000000E+00,0.000000E+00,-3.593715E-01
8.190000E-01,-8.131004E-02,3.392772E-03,-9.823563E-02,1.360832E-02,-8.813173E-02,3.333639E-03,-9.859022E-02,-2.739662E-03,0.000000E+00,0.000000E+00,-4.966529E-01
8.200000E-01,-8.140762E-02,3.394631E-03,-9.757043E-02,1.859036E-03,-8.822975E-02,3.322086E-03,-9.801855E-02,-1.155240E-02,0.000000E+00,0.000000E+00,-6.092459E-01
8.210000E-01,-8.150457E-02,3.384953E-03,-9.695143E-02,-9.678071E-03,-8.832723E-02,3.301026E-03,-9.748448E-02,-2.106017E-02,0.000000E+00,0.000000E+00,-7.047710E-01
8.220000E-01,-8.160095E-02,3.364322E-03,-9.638710E-02,-2.063094E-02,-8.842421E-02,3.269569E-03,-9.697916E-02,-3.145743E-02,0.000000E+00,0.000000E+00,-7.956057E-01
8.230000E-01,-8.169680E-02,3.333575E-03,-9.584694E-02,-3.074683E-02,-8.852067E-02,3.226807E-03,-9.646309E-02,-4.276219E-02,0.000000E+00,0.000000E+00,-8.963973E-01
8.240000E-01,-8.179208E-02,3.293665E-03,-9.528126E-02,-3.991031E-02,-8.861656E-02,3.171958E-03,-9.588169E-02,-5.484915E-02,0.000000E+00,0.000000E+00,-1.021704E+00
8.250000E-01,-8.189730E-02,3.267461E-03,-1.052192E-01,-2.620410E-02,-8.872261E-02,3.169894E-03,-1.060569E-01,-2.063507E-03,0.000000E+00,0.000000E+00,-8.189807E-01
8.260000E-01,-8.201765E-02,3.273908E-03,-1.203516E-01,6.447092E-03,-8.884387E-02,3.195019E-03,-1.212574E-01,2.512496E-02,0.000000E+00,0.000000E+00,-6.621259E-01
8.270000E-01,-8.214464E-02,3.288928E-03,-1.269893E-01,1.501962E-02,-8.897183E-02,3.226786E-03,-1.279561E-01,3.176701E-02,0.000000E+00,0.000000E+00,-5.214980E-01
8.280000E-01,-8.227496E-02,3.301494E-03,-1.303181E-01,1.256618E-02,-8.910314E-02,3.262128E-03,-1.313109E-01,3.534185E-02,0.000000E+00,0.000000E+00,-3.303205E-01
8.290000E-01,-8.240733E-02,3.307611E-03,-1.323670E-01,6.116701E-03,-8.923643E-02,3.299196E-03,-1.332924E-01,3.706841E-02,0.000000E+00,0.000000E+00,-7.059624E-02
8.300000E-01,-8.254057E-02,3.305106E-03,-1.332463E-01,-2.504656E-03,-8.937044E-02,3.333472E-03,-1.340117E-01,3.427583E-02,0.000000E+00,0.000000E+00,2.379618E-01
8.310000E-01,-8.267336E-02,3.293439E-03,-1.327850E-01,-1.166680E-02,-8.950383E-02,3.357539E-03,-1.333883E-01,2.406714E-02,0.000000E+00,0.000000E+00,5.376720E-01
8.320000E-01,-8.280572E-02,3.272810E-03,-1.323603E-01,-2.062893E-02,-8.963664E-02,3.371365E-03,-1.328053E-01,1.382619E-02,0.000000E+00,0.000000E+00,8.265951E-01
8.330000E-01,-8.293771E-02,3.243214E-03,-1.319882E-01,-2.959613E-02,-8.976892E-02,3.375038E-03,-1.322796E-01,3.672879E-03,0.000000E+00,0.000000E+00,1.105519E+00
8.340000E-01,-8.306990E-02,3.207762E-03,-1.321955E-01,-3.545216E-02,-8.990133E-02,3.365211E-03,-1.324172E-01,-9.826922E-03,0.000000E+00,0.000000E+00,1.320308E+00
8.350000E-01,-8.320237E-02,3.165651E-03,-1.324712E-01,-4.211140E-02,-9.003401E-02,3.343044E-03,-1.326778E-01,-2.216719E-02,0.000000E+00,0.000000E+00,1.487436E+00
8.360000E-01,-8.333491E-02,3.115426E-03,-1.325326E-01,-5.022434E-02,-9.016673E-02,3.309870E-03,-1.327201E-01,-3.317452E-02,0.000000E+00,0.000000E+00,1.630279E+00
8.370000E-01,-8.346747E-02,3.056498E-03,-1.325683E-01,-5.892853E-02,-9.029946E-02,3.266201E-03,-1.327283E-01,-4.366860E-02,0.000000E+00,0.000000E+00,1.758105E+00
8.380000E-01,-8.360008E-02,2.988441E-03,-1.326034E-01,-6.805687E-02,-9.043218E-02,3.212364E-03,-1.327245E-01,-5.383727E-02,0.000000E+00,0.000000E+00,1.877203E+00
8.390000E-01,-8.372972E-02,2.936609E-03,-1.296437E-01,-5.183178E-02,-9.056332E-02,3.116194E-03,-1.311373E-01,-9.616949E-02,0.000000E+00,0.000000E+00,1.505372E+00
8.400000E-01,-8.385723E-02,2.891581E-03,-1.275106E-01,-4.502851E-02,-9.069241E-02,2.991243E-03,-1.290929E-01,-1.249516E-01,0.000000E+00,0.000000E+00,8.353568E-01
8.410000E-01,-8.398416E-02,2.843360E-03,-1.269298E-01,-4.822008E-02,-9.081990E-02,2.849563E-03,-1.274835E-01,-1.416792E-01,0.000000E+00,0.000000E+00,5.199201E-02
8.420000E-01,-8.408868E-02,2.848751E-03,-1.045191E-01,5.390478E-03,-9.092436E-02,2.803793E-03,-1.044620E-01,-4.577081E-02,0.000000E+00,0.000000E+00,-3.768295E-01
8.430000E-01,-8.418036E-02,2.879584E-03,-9.168091E-02,3.083326E-02,-9.101610E-02,2.816312E-03,-9.173886E-02,1.251935E-02,0.000000E+00,0.000000E+00,-5.303201E-01
8.440000E-01,-8.426994E-02,2.914140E-03,-8.957723E-02,3.455605E-02,-9.110583E-02,2.845641E-03,-8.973729E-02,2.932935E-02,0.000000E+00,0.000000E+00,-5.741118E-01
8.450000E-01,-8.436039E-02,2.948105E-03,-9.045234E-02,3.396488E-02,-9.119645E-02,2.879337E-03,-9.061092E-02,3.369538E-02,0.000000E+00,0.000000E+00,-5.763570E-01
8.460000E-01,-8.445273E-02,2.980996E-03,-9.233903E-02,3.289069E-02,-9.128895E-02,2.916313E-03,-9.250805E-02,3.697638E-02,0.000000E+00,0.000000E+00,-5.421030E-01
8.470000E-01,-8.454781E-02,3.012323E-03,-9.507687E-02,3.132761E-02,-9.138420E-02,2.953348E-03,-9.524124E-02,3.703518E-02,0.000000E+00,0.000000E+00,-4.942588E-01
8.480000E-01,-8.464613E-02,3.042949E-03,-9.832240E-02,3.062557E-02,-9.148266E-02,2.989579E-03,-9.846733E-02,3.623083E-02,0.000000E+00,0.000000E+00,-4.472748E-01
8.490000E-01,-8.474810E-02,3.073034E-03,-1.019743E-01,3.008484E-02,-9.158478E-02,3.026071E-03,-1.021155E-01,3.649240E-02,0.000000E+00,0.000000E+00,-3.935689E-01
8.500000E-01,-8.485410E-02,3.103191E-03,-1.059998E-01,3.015725E-02,-9.169091E-02,3.063554E-03,-1.061360E-01,3.748265E-02,0.000000E+00,0.000000E+00,-3.321730E-01
8.510000E-01,-8.496418E-02,3.133985E-03,-1.100731E-01,3.079350E-02,-9.180113E-02,3.104191E-03,-1.102125E-01,4.063671E-02,0.000000E+00,0.000000E+00,-2.496792E-01
8.520000E-01,-8.507877E-02,3.167750E-03,-1.145917E-01,3.376502E-02,-9.191583E-02,3.146812E-03,-1.147056E-01,4.262157E-02,0.000000E+00,0.000000E+00,-1.754567E-01
8.530000E-01,-8.519844E-02,3.203744E-03,-1.196661E-01,3.599391E-02,-9.203561E-02,3.192346E-03,-1.197792E-01,4.553325E-02,0.000000E+00,0.000000E+00,-9.551428E-02
8.540000E-01,-8.532277E-02,3.243393E-03,-1.243319E-01,3.964974E-02,-9.216002E-02,3.239297E-03,-1.244080E-01,4.695089E-02,0.000000E+00,0.000000E+00,-3.433013E-02
8.550000E-01,-8.544929E-02,3.283144E-03,-1.265269E-01,3.975102E-02,-9.228661E-02,3.277512E-03,-1.265947E-01,3.821529E-02,0.000000E+00,0.000000E+00,-4.719901E-02
8.560000E-01,-8.557993E-02,3.314152E-03,-1.306394E-01,3.100724E-02,-9.241733E-02,3.323364E-03,-1.307182E-01,4.585182E-02,0.000000E+00,0.000000E+00,7.719557E-02
8.570000E-01,-8.571057E-02,3.336653E-03,-1.306343E-01,2.250182E-02,-9.254802E-02,3.357851E-03,-1.306870E-01,3.448783E-02,0.000000E+00,0.000000E+00,1.776336E-01
8.580000E-01,-8.584117E-02,3.351008E-03,-1.306018E-01,1.435432E-02,-9.267867E-02,3.380513E-03,-1.306479E-01,2.266198E-02,0.000000E+00,0.000000E+00,2.472466E-01
8.590000E-01,-8.597170E-02,3.357479E-03,-1.305274E-01,6.471134E-03,-9.280925E-02,3.391009E-03,-1.305853E-01,1.049595E-02,0.000000E+00,0.000000E+00,2.809700E-01
8.600000E-01,-8.610210E-02,3.356186E-03,-1.304027E-01,-1.293278E-03,-9.293974E-02,3.389203E-03,-1.304841E-01,-1.806651E-03,0.000000E+00,0.000000E+00,2.766650E-01
8.610000E-01,-8.623233E-02,3.347030E-03,-1.302317E-01,-9.155351E-03,-9.307007E-02,3.375251E-03,-1.303374E-01,-1.395210E-02,0.000000E+00,0.000000E+00,2.364679E-01
8.620000E-01,-8.636236E-02,3.329640E-03,-1.300305E-01,-1.739005E-02,-9.320023E-02,3.349650E-03,-1.301515E-01,-2.560087E-02,0.000000E+00,0.000000E+00,1.676646E-01
8.630000E-01,-8.649219E-02,3.308684E-03,-1.298318E-01,-2.095651E-02,-9.333015E-02,3.308556E-03,-1.299269E-01,-4.109383E-02,0.000000E+00,0.000000E+00,-1.069408E-03
8.640000E-01,-8.661492E-02,3.297718E-03,-1.227240E-01,-1.096525E-02,-9.345293E-02,3.291098E-03,-1.227736E-01,-1.745758E-02,0.000000E+00,0.000000E+00,-5.546872E-02
8.650000E-01,-8.672794E-02,3.298006E-03,-1.130195E-01,2.877717E-04,-9.356599E-02,3.289390E-03,-1.130670E-01,-1.708676E-03,0.000000E+00,0.000000E+00,-7.219646E-02
8.660000E-01,-8.683193E-02,3.311595E-03,-1.039957E-01,1.358866E-02,-9.367012E-02,3.303901E-03,-1.041287E-01,1.451088E-02,0.000000E+00,0.000000E+00,-6.446797E-02
8.670000E-01,-8.693229E-02,3.324804E-03,-1.003610E-01,1.320931E-02,-9.377069E-02,3.322357E-03,-1.005719E-01,1.845665E-02,0.000000E+00,0.000000E+00,-2.050097E-02
8.680000E-01,-8.703048E-02,3.329726E-03,-9.818897E-02,4.921652E-03,-9.386911E-02,3.343159E-03,-9.841686E-02,2.080170E-02,0.000000E+00,0.000000E+00,1.125467E-01
8.690000E-01,-8.712850E-02,3.323108E-03,-9.801264E-02,-6.617650E-03,-9.396729E-02,3.355650E-03,-9.817765E-02,1.249120E-02,0.000000E+00,0.000000E+00,2.726370E-01
8.700000E-01,-8.722636E-02,3.304937E-03,-9.786299E-02,-1.817086E-02,-9.406522E-02,3.359716E-03,-9.793560E-02,4.066160E-03,0.000000E+00,0.000000E+00,4.589274E-01
8.710000E-01,-8.732410E-02,3.275633E-03,-9.774528E-02,-2.930464E-02,-9.416293E-02,3.354849E-03,-9.770241E-02,-4.867191E-03,0.000000E+00,0.000000E+00,6.636477E-01
8.720000E-01,-8.742175E-02,3.235952E-03,-9.764887E-02,-3.968097E-02,-9.426041E-02,3.340273E-03,-9.748774E-02,-1.457645E-02,0.000000E+00,0.000000E+00,8.739564E-01
8.730000E-01,-8.751930E-02,3.186841E-03,-9.755191E-02,-4.911029E-02,-9.435771E-02,3.315101E-03,-9.729794E-02,-2.517124E-02,0.000000E+00,0.000000E+00,1.074505E+00
8.740000E-01,-8.761799E-02,3.142312E-03,-9.868615E-02,-4.452979E-02,-9.445654E-02,3.268911E-03,-9.882882E-02,-4.619070E-02,0.000000E+00,0.000000E+00,1.060571E+00
8.750000E-01,-8.772580E-02,3.147684E-03,-1.078120E-01,5.372295E-03,-9.456503E-02,3.236121E-03,-1.084930E-01,-3.278941E-02,0.000000E+00,0.000000E+00,7.408453E-01
8.760000E-01,-8.784844E-02,3.180425E-03,-1.226379E-01,3.274091E-02,-9.468797E-02,3.244705E-03,-1.229404E-01,8.583464E-03,0.000000E+00,0.000000E+00,5.384676E-01
8.770000E-01,-8.798038E-02,3.225754E-03,-1.319353E-01,4.532917E-02,-9.482009E-02,3.270465E-03,-1.321120E-01,2.576042E-02,0.000000E+00,0.000000E+00,3.745381E-01
8.780000E-01,-8.811810E-02,3.277231E-03,-1.377193E-01,5.147668E-02,-9.495794E-02,3.298563E-03,-1.378564E-01,2.809763E-02,0.000000E+00,0.000000E+00,1.786946E-01
8.790000E-01,-8.825906E-02,3.328318E-03,-1.409633E-01,5.108700E-02,-9.509897E-02,3.319650E-03,-1.410262E-01,2.108737E-02,0.000000E+00,0.000000E+00,-7.260395E-02
8.800000E-01,-8.840093E-02,3.368612E-03,-1.418703E-01,4.029489E-02,-9.524078E-02,3.330603E-03,-1.418116E-01,1.095287E-02,0.000000E+00,0.000000E+00,-3.183923E-01
8.810000E-01,-8.854287E-02,3.398994E-03,-1.419451E-01,3.038150E-02,-9.538253E-02,3.331857E-03,-1.417497E-01,1.253713E-03,0.000000E+00,0.000000E+00,-5.623900E-01
8.820000E-01,-8.868475E-02,3.420784E-03,-1.418777E-01,2.178996E-02,-9.552404E-02,3.322308E-03,-1.415118E-01,-9.548739E-03,0.000000E+00,0.000000E+00,-8.249195E-01
8.830000E-01,-8.882657E-02,3.433960E-03,-1.418184E-01,1.317647E-02,-9.566529E-02,3.301965E-03,-1.412521E-01,-2.034282E-02,0.000000E+00,0.000000E+00,-1.105737E+00
8.840000E-01,-8.896833E-02,3.438334E-03,-1.417635E-01,4.373682E-03,-9.580627E-02,3.271002E-03,-1.409738E-01,-3.096371E-02,0.000000E+00,0.000000E+00,-1.401818E+00
8.850000E-01,-8.911004E-02,3.433603E-03,-1.417078E-01,-4.730814E-03,-9.594695E-02,3.229728E-03,-1.406848E-01,-4.127377E-02,0.000000E+00,0.000000E+00,-1.708044E+00
8.860000E-01,-8.925169E-02,3.419426E-03,-1.416453E-01,-1.417750E-02,-9.608735E-02,3.178530E-03,-1.403951E-01,-5.119799E-02,0.000000E+00,0.000000E+00,-2.018330E+00
8.870000E-01,-8.939325E-02,3.395486E-03,-1.415675E-01,-2.393967E-02,-9.622746E-02,3.117788E-03,-1.401101E-01,-6.074193E-02,0.000000E+00,0.000000E+00,-2.326854E+00
8.880000E-01,-8.953465E-02,3.362913E-03,-1.413943E-01,-3.257327E-02,-9.636738E-02,3.052878E-03,-1.399245E-01,-6.491026E-02,0.000000E+00,0.000000E+00,-2.598014E+00
8.890000E-01,-8.967692E-02,3.323869E-03,-1.422712E-01,-3.904419E-02,-9.650859E-02,2.993052E-03,-1.412058E-01,-5.982592E-02,0.000000E+00,0.000000E+00,-2.772328E+00
8.900000E-01,-8.981978E-02,3.276021E-03,-1.428585E-01,-4.784721E-02,-9.665050E-02,2.928276E-03,-1.419134E-01,-6.477602E-02,0.000000E+00,0.000000E+00,-2.914359E+00
8.910000E-01,-8.996242E-02,3.218417E-03,-1.426388E-01,-5.760396E-02,-9.679215E-02,2.854141E-03,-1.416515E-01,-7.413442E-02,0.000000E+00,0.000000E+00,-3.053081E+00
8.920000E-01,-9.009588E-02,3.170676E-03,-1.334611E-01,-4.774185E-02,-9.692747E-02,2.849026E-03,-1.353210E-01,-5.114858E-03,0.000000E+00,0.000000E+00,-2.695643E+00
8.930000E-01,-9.022501E-02,3.123523E-03,-1.291314E-01,-4.715287E-02,-9.705945E-02,2.880092E-03,-1.319733E-01,3.106531E-02,0.000000E+00,0.000000E+00,-2.039916E+00
8.940000E-01,-9.035452E-02,3.070375E-03,-1.295157E-01,-5.314773E-02,-9.719118E-02,2.917970E-03,-1.317381E-01,3.787808E-02,0.000000E+00,0.000000E+00,-1.277047E+00
8.950000E-01,-9.048476E-02,3.010757E-03,-1.302377E-01,-5.961770E-02,-9.732253E-02,2.958646E-03,-1.313436E-01,4.067638E-02,0.000000E+00,0.000000E+00,-4.366476E-01
8.960000E-01,-9.060798E-02,3.002027E-03,-1.232153E-01,-8.730372E-03,-9.744571E-02,3.024225E-03,-1.231863E-01,6.557838E-02,0.000000E+00,0.000000E+00,1.860003E-01
8.970000E-01,-9.072669E-02,3.031084E-03,-1.187150E-01,2.905672E-02,-9.756427E-02,3.072850E-03,-1.185571E-01,4.862538E-02,0.000000E+00,0.000000E+00,3.499773E-01
8.980000E-01,-9.084797E-02,3.065812E-03,-1.212748E-01,3.472793E-02,-9.768546E-02,3.117870E-03,-1.211912E-01,4.502008E-02,0.000000E+00,0.000000E+00,4.362221E-01
8.990000E-01,-9.097270E-02,3.098015E-03,-1.247351E-01,3.220382E-02,-9.781014E-02,3.159653E-03,-1.246813E-01,4.178256E-02,0.000000E+00,0.000000E+00,5.164871E-01
9.000000E-01,-9.109948E-02,3.126645E-03,-1.267749E-01,2.862932E-02,-9.793686E-02,3.197255E-03,-1.267123E-01,3.760274E-02,0.000000E+00,0.000000E+00,5.916802E-01
9.010000E-01,-9.123007E-02,3.153510E-03,-1.305910E-01,2.686501E-02,-9.806733E-02,3.238681E-03,-1.304735E-01,4.142568E-02,0.000000E+00,0.000000E+00,7.136918E-01
9.020000E-01,-9.136370E-02,3.178232E-03,-1.336350E-01,2.472199E-02,-9.820083E-02,3.275693E-03,-1.335027E-01,3.701193E-02,0.000000E+00,0.000000E+00,8.166780E-01
9.030000E-01,-9.149988E-02,3.202927E-03,-1.361787E-01,2.469488E-02,-9.833693E-02,3.305771E-03,-1.360979E-01,3.007858E-02,0.000000E+00,0.000000E+00,8.617945E-01
9.040000E-01,-9.163914E-02,3.228094E-03,-1.392620E-01,2.516709E-02,-9.847619E-02,3.329094E-03,-1.392566E-01,2.332252E-02,0.000000E+00,0.000000E+00,8.463407E-01
9.050000E-01,-9.178121E-02,3.259088E-03,-1.420658E-01,3.099467E-02,-9.861846E-02,3.342500E-03,-1.422769E-01,1.340635E-02,0.000000E+00,0.000000E+00,6.989524E-01
9.060000E-01,-9.192688E-02,3.293811E-03,-1.456683E-01,3.472276E-02,-9.876437E-02,3.348740E-03,-1.459031E-01,6.239844E-03,0.000000E+00,0.000000E+00,4.602762E-01
9.070000E-01,-9.207502E-02,3.334978E-03,-1.481432E-01,4.116664E-02,-9.891268E-02,3.342770E-03,-1.483133E-01,-5.969990E-03,0.000000E+00,0.000000E+00,6.529586E-02
9.080000E-01,-9.222331E-02,3.368409E-03,-1.482902E-01,3.343073E-02,-9.906078E-02,3.324568E-03,-1.480984E-01,-1.820185E-02,0.000000E+00,0.000000E+00,-3.673617E-01
9.090000E-01,-9.237167E-02,3.393606E-03,-1.483564E-01,2.519734E-02,-9.920851E-02,3.295086E-03,-1.477336E-01,-2.948241E-02,0.000000E+00,0.000000E+00,-8.255835E-01
9.100000E-01,-9.252015E-02,3.410839E-03,-1.484793E-01,1.723344E-02,-9.935586E-02,3.254324E-03,-1.473482E-01,-4.076212E-02,0.000000E+00,0.000000E+00,-1.311657E+00
9.110000E-01,-9.266658E-02,3.431169E-03,-1.464312E-01,2.032964E-02,-9.950146E-02,3.245007E-03,-1.456021E-01,-9.316643E-03,0.000000E+00,0.000000E+00,-1.560180E+00
9.120000E-01,-9.280977E-02,3.450396E-03,-1.431913E-01,1.922698E-02,-9.964426E-02,3.255329E-03,-1.427923E-01,1.032185E-02,0.000000E+00,0.000000E+00,-1.634868E+00
9.130000E-01,-9.294985E-02,3.460960E-03,-1.400837E-01,1.056448E-02,-9.978444E-02,3.277034E-03,-1.401802E-01,2.170515E-02,0.000000E+00,0.000000E+00,-1.541521E+00
9.140000E-01,-9.308749E-02,3.453056E-03,-1.376326E-01,-7.904334E-03,-9.992292E-02,3.311407E-03,-1.384808E-01,3.437324E-02,0.000000E+00,0.000000E+00,-1.187154E+00
9.150000E-01,-9.322458E-02,3.426961E-03,-1.370913E-01,-2.609535E-02,-1.000609E-01,3.341243E-03,-1.379860E-01,2.983513E-02,0.000000E+00,0.000000E+00,-7.183733E-01
9.160000E-01,-9.336123E-02,3.382376E-03,-1.366544E-01,-4.458499E-02,-1.001982E-01,3.367833E-03,-1.372561E-01,2.659062E-02,0.000000E+00,0.000000E+00,-1.218716E-01
9.170000E-01,-9.349802E-02,3.321179E-03,-1.367892E-01,-6.119718E-02,-1.003348E-01,3.389958E-03,-1.366185E-01,2.212529E-02,0.000000E+00,0.000000E+00,5.763939E-01
9.180000E-01,-9.363572E-02,3.248935E-03,-1.377005E-01,-7.224321E-02,-1.004712E-01,3.403398E-03,-1.364713E-01,1.343972E-02,0.000000E+00,0.000000E+00,1.294496E+00
9.190000E-01,-9.377441E-02,3.165766E-03,-1.386857E-01,-8.316967E-02,-1.006076E-01,3.408213E-03,-1.363109E-01,4.814767E-03,0.000000E+00,0.000000E+00,2.032061E+00
9.200000E-01,-9.391409E-02,3.072163E-03,-1.396811E-01,-9.360246E-02,-1.007437E-01,3.404167E-03,-1.361040E-01,-4.046032E-03,0.000000E+00,0.000000E+00,2.783108E+00
9.210000E-01,-9.405470E-02,2.968857E-03,-1.406105E-01,-1.033065E-01,-1.008795E-01,3.390741E-03,-1.358405E-01,-1.342630E-02,0.000000E+00,0.000000E+00,3.537310E+00
9.220000E-01,-9.419521E-02,2.870697E-03,-1.405076E-01,-9.815968E-02,-1.010162E-01,3.354279E-03,-1.367001E-01,-3.646142E-02,0.000000E+00,0.000000E+00,4.055263E+00
9.230000E-01,-9.433072E-02,2.828004E-03,-1.355165E-01,-4.269333E-02,-1.011539E-01,3.285348E-03,-1.377108E-01,-6.893162E-02,0.000000E+00,0.000000E+00,3.834677E+00
9.240000E-01,-9.446405E-02,2.859442E-03,-1.333290E-01,3.143803E-02,-1.012925E-01,3.235288E-03,-1.386038E-01,-5.005970E-02,0.000000E+00,0.000000E+00,3.150443E+00
9.250000E-01,-9.460827E-02,2.924802E-03,-1.442153E-01,6.536015E-02,-1.014408E-01,3.225612E-03,-1.482780E-01,-9.676269E-03,0.000000E+00,0.000000E+00,2.520883E+00
9.260000E-01,-9.475981E-02,3.003946E-03,-1.515401E-01,7.914463E-02,-1.015958E-01,3.219467E-03,-1.550497E-01,-6.144271E-03,0.000000E+00,0.000000E+00,1.805775E+00
9.270000E-01,-9.491730E-02,3.086179E-03,-1.574951E-01,8.223267E-02,-1.017558E-01,3.209571E-03,-1.599637E-01,-9.896703E-03,0.000000E+00,0.000000E+00,1.033711E+00
9.280000E-01,-9.507924E-02,3.176884E-03,-1.619365E-01,9.070453E-02,-1.019190E-01,3.191177E-03,-1.631834E-01,-1.839315E-02,0.000000E+00,0.000000E+00,1.197371E-01
9.290000E-01,-9.524467E-02,3.273347E-03,-1.654302E-01,9.646326E-02,-1.020837E-01,3.167082E-03,-1.647463E-01,-2.409538E-02,0.000000E+00,0.000000E+00,-8.901851E-01
9.300000E-01,-9.541308E-02,3.372060E-03,-1.684104E-01,9.871303E-02,-1.022490E-01,3.136920E-03,-1.652736E-01,-3.016209E-02,0.000000E+00,0.000000E+00,-1.970063E+00
9.310000E-01,-9.558245E-02,3.462561E-03,-1.693729E-01,9.050117E-02,-1.024128E-01,3.098590E-03,-1.637487E-01,-3.833023E-02,0.000000E+00,0.000000E+00,-3.050275E+00
9.320000E-01,-9.575261E-02,3.542767E-03,-1.701535E-01,8.020558E-02,-1.025751E-01,3.053896E-03,-1.623252E-01,-4.469408E-02,0.000000E+00,0.000000E+00,-4.098576E+00
9.330000E-01,-9.592347E-02,3.608213E-03,-1.708643E-01,6.544646E-02,-1.027366E-01,3.003424E-03,-1.614983E-01,-5.047121E-02,0.000000E+00,0.000000E+00,-5.072753E+00
9.340000E-01,-9.609424E-02,3.663138E-03,-1.707674E-01,5.492459E-02,-1.028966E-01,2.948845E-03,-1.600530E-01,-5.457983E-02,0.000000E+00,0.000000E+00,-5.994435E+00
9.350000E-01,-9.626492E-02,3.708242E-03,-1.706809E-01,4.510404E-02,-1.030554E-01,2.889291E-03,-1.587351E-01,-5.955341E-02,0.000000E+00,0.000000E+00,-6.876841E+00
9.360000E-01,-9.643607E-02,3.742757E-03,-1.711477E-01,3.451528E-02,-1.032132E-01,2.821727E-03,-1.578751E-01,-6.756460E-02,0.000000E+00,0.000000E+00,-7.739180E+00
9.370000E-01,-9.659869E-02,3.764405E-03,-1.626255E-01,2.164783E-02,-1.033670E-01,2.781938E-03,-1.537795E-01,-3.978879E-02,0.000000E+00,0.000000E+00,-8.259162E+00
9.380000E-01,-9.674117E-02,3.769060E-03,-1.424772E-01,4.655471E-03,-1.035132E-01,2.813764E-03,-1.461238E-01,3.182608E-02,0.000000E+00,0.000000E+00,-8.029505E+00
9.390000E-01,-9.687673E-02,3.761005E-03,-1.355622E-01,-8.055559E-03,-1.036564E-01,2.864262E-03,-1.432899E-01,5.049792E-02,0.000000E+00,0.000000E+00,-7.534698E+00
9.400000E-01,-9.700943E-02,3.740581E-03,-1.327020E-01,-2.042430E-02,-1.037982E-01,2.917596E-03,-1.417322E-01,5.333408E-02,0.000000E+00,0.000000E+00,-6.912117E+00
9.410000E-01,-9.714092E-02,3.708259E-03,-1.314900E-01,-3.232163E-02,-1.039388E-01,2.967512E-03,-1.405881E-01,4.991588E-02,0.000000E+00,0.000000E+00,-6.218872E+00
9.420000E-01,-9.727236E-02,3.664171E-03,-1.314408E-01,-4.408763E-02,-1.040786E-01,3.009248E-03,-1.398189E-01,4.173601E-02,0.000000E+00,0.000000E+00,-5.496325E+00
9.430000E-01,-9.740360E-02,3.607854E-03,-1.312370E-01,-5.631708E-02,-1.042174E-01,3.043486E-03,-1.388609E-01,3.423791E-02,0.000000E+00,0.000000E+00,-4.734817E+00
9.440000E-01,-9.753477E-02,3.540134E-03,-1.311647E-01,-6.772054E-02,-1.043552E-01,3.069848E-03,-1.377913E-01,2.636223E-02,0.000000E+00,0.000000E+00,-3.944423E+00
9.450000E-01,-9.766577E-02,3.460530E-03,-1.310023E-01,-7.960355E-02,-1.044918E-01,3.088983E-03,-1.365582E-01,1.913533E-02,0.000000E+00,0.000000E+00,-3.115588E+00
9.460000E-01,-9.779659E-02,3.375429E-03,-1.308173E-01,-8.510064E-02,-1.046272E-01,3.114860E-03,-1.354305E-01,2.587689E-02,0.000000E+00,0.000000E+00,-2.184611E+00
9.470000E-01,-9.792753E-02,3.282418E-03,-1.309444E-01,-9.301131E-02,-1.047613E-01,3.146997E-03,-1.340353E-01,3.213727E-02,0.000000E+00,0.000000E+00,-1.135254E+00
9.480000E-01,-9.806226E-02,3.251956E-03,-1.347280E-01,-3.046198E-02,-1.048966E-01,3.178819E-03,-1.353801E-01,3.182204E-02,0.000000E+00,0.000000E+00,-6.131154E-01
9.490000E-01,-9.819699E-02,3.249886E-03,-1.347364E-01,-2.070579E-03,-1.050316E-01,3.211169E-03,-1.349421E-01,3.234990E-02,0.000000E+00,0.000000E+00,-3.245627E-01
9.500000E-01,-9.833179E-02,3.250559E-03,-1.348008E-01,6.738941E-04,-1.051665E-01,3.245551E-03,-1.348874E-01,3.438165E-02,0.000000E+00,0.000000E+00,-4.198635E-02
9.510000E-01,-9.846678E-02,3.248107E-03,-1.349848E-01,-2.452603E-03,-1.053014E-01,3.276841E-03,-1.349101E-01,3.128961E-02,0.000000E+00,0.000000E+00,2.408794E-01
9.520000E-01,-9.860140E-02,3.241513E-03,-1.346245E-01,-6.594176E-03,-1.054358E-01,3.301166E-03,-1.344629E-01,2.432519E-02,0.000000E+00,0.000000E+00,5.000831E-01
9.530000E-01,-9.873708E-02,3.230370E-03,-1.356739E-01,-1.114229E-02,-1.055712E-01,3.323490E-03,-1.353217E-01,2.232390E-02,0.000000E+00,0.000000E+00,7.806480E-01
9.540000E-01,-9.887458E-02,3.213181E-03,-1.375037E-01,-1.718989E-02,-1.057080E-01,3.344927E-03,-1.368746E-01,2.143759E-02,0.000000E+00,0.000000E+00,1.104507E+00
9.550000E-01,-9.901286E-02,3.189546E-03,-1.382751E-01,-2.363489E-02,-1.058455E-01,3.357394E-03,-1.374876E-01,1.246710E-02,0.000000E+00,0.000000E+00,1.407224E+00
9.560000E-01,-9.915184E-02,3.161147E-03,-1.389875E-01,-2.839829E-02,-1.059837E-01,3.359698E-03,-1.381383E-01,2.303848E-03,0.000000E+00,0.000000E+00,1.664700E+00
9.570000E-01,-9.929135E-02,3.127043E-03,-1.395086E-01,-3.410458E-02,-1.061223E-01,3.351714E-03,-1.386551E-01,-7.984041E-03,0.000000E+00,0.000000E+00,1.883788E+00
9.580000E-01,-9.943073E-02,3.083892E-03,-1.393817E-01,-4.315060E-02,-1.062608E-01,3.332427E-03,-1.385207E-01,-1.928759E-02,0.000000E+00,0.000000E+00,2.083965E+00
9.590000E-01,-9.956994E-02,3.031726E-03,-1.392078E-01,-5.216576E-02,-1.063992E-01,3.301825E-03,-1.383681E-01,-3.060169E-02,0.000000E+00,0.000000E+00,2.264878E+00
9.600000E-01,-9.970894E-02,2.970502E-03,-1.389956E-01,-6.122466E-02,-1.065374E-01,3.260005E-03,-1.381960E-01,-4.182031E-02,0.000000E+00,0.000000E+00,2.427686E+00
9.610000E-01,-9.983865E-02,2.963968E-03,-1.297163E-01,-6.533913E-03,-1.066681E-01,3.233539E-03,-1.307114E-01,-2.646544E-02,0.000000E+00,0.000000E+00,2.260397E+00
9.620000E-01,-9.995966E-02,2.988645E-03,-1.210081E-01,2.467702E-02,-1.067900E-01,3.238443E-03,-1.219040E-01,4.904052E-03,0.000000E+00,0.000000E+00,2.094477E+00
9.630000E-01,-1.000733E-01,3.024694E-03,-1.136809E-01,3.604932E-02,-1.069049E-01,3.244430E-03,-1.148603E-01,5.986301E-03,0.000000E+00,0.000000E+00,1.842276E+00
9.640000E-01,-1.001821E-01,3.062525E-03,-1.087452E-01,3.783099E-02,-1.070147E-01,3.250451E-03,-1.098488E-01,6.021151E-03,0.000000E+00,0.000000E+00,1.575472E+00
9.650000E-01,-1.002879E-01,3.095604E-03,-1.057754E-01,3.307904E-02,-1.071213E-01,3.255724E-03,-1.066210E-01,5.273695E-03,0.000000E+00,0.000000E+00,1.342292E+00
9.660000E-01,-1.003918E-01,3.124404E-03,-1.039526E-01,2.880009E-02,-1.072259E-01,3.261072E-03,-1.045296E-01,5.347513E-03,0.000000E+00,0.000000E+00,1.145649E+00
9.670000E-01,-1.004947E-01,3.150109E-03,-1.028914E-01,2.570464E-02,-1.073292E-01,3.265212E-03,-1.032786E-01,4.139813E-03,0.000000E+00,0.000000E+00,9.648594E-01
9.680000E-01,-1.005969E-01,3.173904E-03,-1.021862E-01,2.379535E-02,-1.074316E-01,3.266994E-03,-1.024366E-01,1.782607E-03,0.000000E+00,0.000000E+00,7.803326E-01
9.690000E-01,-1.006987E-01,3.194975E-03,-1.018342E-01,2.107066E-02,-1.075336E-01,3.264643E-03,-1.019704E-01,-2.350915E-03,0.000000E+00,0.000000E+00,5.840042E-01
9.700000E-01,-1.007998E-01,3.215379E-03,-1.011015E-01,2.040427E-02,-1.076347E-01,3.258841E-03,-1.011579E-01,-5.802388E-03,0.000000E+00,0.000000E+00,3.643285E-01
9.710000E-01,-1.009005E-01,3.233938E-03,-1.006949E-01,1.855897E-02,-1.077354E-01,3.249191E-03,-1.006475E-01,-9.649852E-03,0.000000E+00,0.000000E+00,1.278641E-01
9.720000E-01,-1.010031E-01,3.251525E-03,-1.025442E-01,1.758664E-02,-1.078377E-01,3.246928E-03,-1.023188E-01,-2.262898E-03,0.000000E+00,0.000000E+00,-3.853353E-02
9.730000E-01,-1.011103E-01,3.269901E-03,-1.072109E-01,1.837624E-02,-1.079445E-01,3.262869E-03,-1.068001E-01,1.594105E-02,0.000000E+00,0.000000E+00,-5.895170E-02
9.740000E-01,-1.012184E-01,3.285490E-03,-1.081528E-01,1.558873E-02,-1.080522E-01,3.278199E-03,-1.076806E-01,1.532965E-02,0.000000E+00,0.000000E+00,-6.112795E-02
9.750000E-01,-1.013265E-01,3.298711E-03,-1.080633E-01,1.322076E-02,-1.081598E-01,3.286949E-03,-1.075831E-01,8.750195E-03,0.000000E+00,0.000000E+00,-9.861714E-02
9.760000E-01,-1.014347E-01,3.310052E-03,-1.082389E-01,1.134144E-02,-1.082675E-01,3.287762E-03,-1.077721E-01,8.126198E-04,0.000000E+00,0.000000E+00,-1.869119E-01
9.770000E-01,-1.015423E-01,3.311562E-03,-1.075286E-01,1.509601E-03,-1.083746E-01,3.283540E-03,-1.070897E-01,-4.221761E-03,0.000000E+00,0.000000E+00,-2.349862E-01
9.780000E-01,-1.016501E-01,3.313677E-03,-1.078736E-01,2.115193E-03,-1.084820E-01,3.275785E-03,-1.074346E-01,-7.754679E-03,0.000000E+00,0.000000E+00,-3.177730E-01
9.790000E-01,-1.017582E-01,3.311155E-03,-1.080556E-01,-2.522122E-03,-1.085897E-01,3.265079E-03,-1.076752E-01,-1.070598E-02,0.000000E+00,0.000000E+00,-3.864258E-01
9.800000E-01,-1.018659E-01,3.297004E-03,-1.077426E-01,-1.415095E-02,-1.086972E-01,3.249495E-03,-1.074594E-01,-1.558398E-02,0.000000E+00,0.000000E+00,-3.984605E-01
9.810000E-01,-1.019737E-01,3.272136E-03,-1.078062E-01,-2.486819E-02,-1.088048E-01,3.229809E-03,-1.076109E-01,-1.968597E-02,0.000000E+00,0.000000E+00,-3.550077E-01
9.820000E-01,-1.020819E-01,3.236856E-03,-1.081114E-01,-3.527989E-02,-1.089128E-01,3.206088E-03,-1.079836E-01,-2.372116E-02,0.000000E+00,0.000000E+00,-2.580659E-01
9.830000E-01,-1.021902E-01,3.191000E-03,-1.083397E-01,-4.585533E-02,-1.090210E-01,3.177027E-03,-1.082575E-01,-2.906160E-02,0.000000E+00,0.000000E+00,-1.172081E-01
9.840000E-01,-1.022982E-01,3.134296E-03,-1.079743E-01,-5.670430E-02,-1.091290E-01,3.139014E-03,-1.079306E-01,-3.801308E-02,0.000000E+00,0.000000E+00,3.957037E-02
9.850000E-01,-1.024057E-01,3.068508E-03,-1.075466E-01,-6.578820E-02,-1.092365E-01,3.091059E-03,-1.075048E-01,-4.795420E-02,0.000000E+00,0.000000E+00,1.891599E-01
9.860000E-01,-1.025135E-01,2.997121E-03,-1.077385E-01,-7.138643E-02,-1.093443E-01,3.027923E-03,-1.078750E-01,-6.313588E-02,0.000000E+00,0.000000E+00,2.583585E-01
9.870000E-01,-1.026211E-01,2.919445E-03,-1.076977E-01,-7.767670E-02,-1.094523E-01,2.951305E-03,-1.079832E-01,-7.661854E-02,0.000000E+00,0.000000E+00,2.672228E-01
9.880000E-01,-1.027235E-01,2.859972E-03,-1.023611E-01,-5.947316E-02,-1.095553E-01,2.869479E-03,-1.029942E-01,-8.182552E-02,0.000000E+00,0.000000E+00,7.973919E-02
9.890000E-01,-1.028108E-01,2.860070E-03,-8.728856E-02,9.843415E-05,-1.096437E-01,2.814306E-03,-8.833390E-02,-5.517361E-02,0.000000E+00,0.000000E+00,-3.837418E-01
9.900000E-01,-1.028835E-01,2.877650E-03,-7.271849E-02,1.757966E-02,-1.097170E-01,2.816510E-03,-7.332348E-02,2.203709E-03,0.000000E+00,0.000000E+00,-5.126209E-01
9.910000E-01,-1.029488E-01,2.900195E-03,-6.525439E-02,2.254554E-02,-1.097827E-01,2.835452E-03,-6.567673E-02,1.894226E-02,0.000000E+00,0.000000E+00,-5.427968E-01
9.920000E-01,-1.030116E-01,2.923035E-03,-6.283243E-02,2.284014E-02,-1.098458E-01,2.857734E-03,-6.317116E-02,2.228249E-02,0.000000E+00,0.000000E+00,-5.474447E-01
9.930000E-01,-1.030739E-01,2.945534E-03,-6.224671E-02,2.249860E-02,-1.099083E-01,2.880558E-03,-6.250187E-02,2.282392E-02,0.000000E+00,0.000000E+00,-5.446972E-01
9.940000E-01,-1.031366E-01,2.968282E-03,-6.273329E-02,2.274842E-02,-1.099712E-01,2.903594E-03,-6.291129E-02,2.303576E-02,0.000000E+00,0.000000E+00,-5.422744E-01
9.950000E-01,-1.032010E-01,2.990564E-03,-6.442802E-02,2.228121E-02,-1.100358E-01,2.926102E-03,-6.453348E-02,2.250776E-02,0.000000E+00,0.000000E+00,-5.403671E-01
9.960000E-01,-1.032675E-01,3.011900E-03,-6.647412E-02,2.133677E-02,-1.101023E-01,2.949119E-03,-6.655008E-02,2.301720E-02,0.000000E+00,0.000000E+00,-5.262754E-01
9.970000E-01,-1.033362E-01,3.033998E-03,-6.867114E-02,2.209728E-02,-1.101711E-01,2.972510E-03,-6.872760E-02,2.339083E-02,0.000000E+00,0.000000E+00,-5.154284E-01
9.980000E-01,-1.034081E-01,3.056405E-03,-7.190152E-02,2.240764E-02,-1.102430E-01,2.995621E-03,-7.194408E-02,2.311104E-02,0.000000E+00,0.000000E+00,-5.095291E-01
9.990000E-01,-1.034826E-01,3.078561E-03,-7.452369E-02,2.215564E-02,-1.103176E-01,3.022856E-03,-7.456743E-02,2.723519E-02,0.000000E+00,0.000000E+00,-4.669485E-01
1.000000E+00,-1.035610E-01,3.101215E-03,-7.838951E-02,2.265376E-02,-1.103960E-01,3.052663E-03,-7.841275E-02,2.980717E-02,0.000000E+00,0.000000E+00,-4.069856E-01
1.001000E+00,-1.036439E-01,3.125873E-03,-8.294352E-02,2.465879E-02,-1.104789E-01,3.085065E-03,-8.292795E-02,3.240234E-02,0.000000E+00,0.000000E+00,-3.420773E-01
1.002000E+00,-1.037320E-01,3.154188E-03,-8.811256E-02,2.831424E-02,-1.105670E-01,3.120580E-03,-8.806879E-02,3.551429E-02,0.000000E+00,0.000000E+00,-2.817249E-01
1.003000E+00,-1.038258E-01,3.186924E-03,-9.373307E-02,3.273655E-02,-1.106606E-01,3.160111E-03,-9.367171E-02,3.953133E-02,0.000000E+00,0.000000E+00,-2.247690E-01
1.004000E+00,-1.039248E-01,3.221344E-03,-9.906047E-02,3.441991E-02,-1.107597E-01,3.203341E-03,-9.901959E-02,4.322948E-02,0.000000E+00,0.000000E+00,-1.509214E-01
1.005000E+00,-1.040270E-01,3.252841E-03,-1.021954E-01,3.149729E-02,-1.108619E-01,3.240474E-03,-1.022339E-01,3.713370E-02,0.000000E+00,0.000000E+00,-1.036715E-01
1.006000E+00,-1.041377E-01,3.295844E-03,-1.106803E-01,4.300276E-02,-1.109725E-01,3.294730E-03,-1.105756E-01,5.425577E-02,0.000000E+00,0.000000E+00,-9.339470E-03
1.007000E+00,-1.042507E-01,3.336402E-03,-1.129595E-01,4.055815E-02,-1.110853E-01,3.341361E-03,-1.128638E-01,4.663079E-02,0.000000E+00,0.000000E+00,4.156789E-02
1.008000E+00,-1.043639E-01,3.370963E-03,-1.132330E-01,3.456026E-02,-1.111985E-01,3.372534E-03,-1.131978E-01,3.117364E-02,0.000000E+00,0.000000E+00,1.317762E-02
1.009000E+00,-1.044771E-01,3.397218E-03,-1.131608E-01,2.625526E-02,-1.113117E-01,3.391569E-03,-1.131236E-01,1.903410E-02,0.000000E+00,0.000000E+00,-4.735861E-02
1.010000E+00,-1.045901E-01,3.415573E-03,-1.130174E-01,1.835478E-02,-1.114246E-01,3.398054E-03,-1.129692E-01,6.485881E-03,0.000000E+00,0.000000E+00,-1.468585E-01
1.011000E+00,-1.047029E-01,3.426288E-03,-1.128039E-01,1.071523E-02,-1.115374E-01,3.391815E-03,-1.127240E-01,-6.238961E-03,0.000000E+00,0.000000E+00,-2.889909E-01
1.012000E+00,-1.048154E-01,3.429382E-03,-1.125424E-01,3.094651E-03,-1.116497E-01,3.373019E-03,-1.123988E-01,-1.879624E-02,0.000000E+00,0.000000E+00,-4.725114E-01
1.013000E+00,-1.049277E-01,3.424535E-03,-1.122699E-01,-4.847945E-03,-1.117618E-01,3.342238E-03,-1.120286E-01,-3.078134E-02,0.000000E+00,0.000000E+00,-6.899262E-01
1.014000E+00,-1.050397E-01,3.411069E-03,-1.120183E-01,-1.346549E-02,-1.118734E-01,3.300386E-03,-1.116594E-01,-4.185165E-02,0.000000E+00,0.000000E+00,-9.279115E-01
1.015000E+00,-1.051504E-01,3.390818E-03,-1.106735E-01,-2.025120E-02,-1.119838E-01,3.258669E-03,-1.103926E-01,-4.171698E-02,0.000000E+00,0.000000E+00,-1.107875E+00
1.016000E+00,-1.052562E-01,3.368385E-03,-1.058482E-01,-2.243282E-02,-1.120900E-01,3.239609E-03,-1.061942E-01,-1.906016E-02,0.000000E+00,0.000000E+00,-1.079552E+00
1.017000E+00,-1.053562E-01,3.322910E-03,-9.995506E-02,-4.547512E-02,-1.121909E-01,3.246661E-03,-1.009087E-01,7.051814E-03,0.000000E+00,0.000000E+00,-6.391689E-01
1.018000E+00,-1.054526E-01,3.258918E-03,-9.638809E-02,-6.399190E-02,-1.122879E-01,3.268330E-03,-9.692032E-02,2.166894E-02,0.000000E+00,0.000000E+00,7.889378E-02
1.019000E+00,-1.055477E-01,3.186039E-03,-9.517672E-02,-7.287928E-02,-1.123824E-01,3.290271E-03,-9.458224E-02,2.194140E-02,0.000000E+00,0.000000E+00,8.737225E-01
1.020000E+00,-1.056397E-01,3.107438E-03,-9.195287E-02,-7.860049E-02,-1.124721E-01,3.324292E-03,-8.963995E-02,3.402056E-02,0.000000E+00,0.000000E+00,1.817907E+00
1.021000E+00,-1.057322E-01,3.018114E-03,-9.252448E-02,-8.932393E-02,-1.125604E-01,3.349086E-03,-8.828525E-02,2.479420E-02,0.000000E+00,0.000000E+00,2.775054E+00
1.022000E+00,-1.058304E-01,2.951504E-03,-9.819950E-02,-6.660984E-02,-1.126537E-01,3.372372E-03,-9.337494E-02,2.328583E-02,0.000000E+00,0.000000E+00,3.529577E+00
1.023000E+00,-1.059295E-01,2.880794E-03,-9.908947E-02,-7.071035E-02,-1.127472E-01,3.386430E-03,-9.342451E-02,1.405790E-02,0.000000E+00,0.000000E+00,4.241615E+00
1.024000E+00,-1.060310E-01,2.873548E-03,-1.014876E-01,-7.245998E-03,-1.128495E-01,3.367564E-03,-1.023603E-01,-1.886560E-02,0.000000E+00,0.000000E+00,4.143957E+00
1.025000E+00,-1.061362E-01,2.904529E-03,-1.052034E-01,3.098114E-02,-1.129595E-01,3.324406E-03,-1.100026E-01,-4.315776E-02,0.000000E+00,0.000000E+00,3.521290E+00
1.026000E+00,-1.062440E-01,2.952500E-03,-1.078276E-01,4.797124E-02,-1.130725E-01,3.276917E-03,-1.129490E-01,-4.748986E-02,0.000000E+00,0.000000E+00,2.720050E+00
1.027000E+00,-1.063589E-01,3.013055E-03,-1.148970E-01,6.055480E-02,-1.131904E-01,3.269452E-03,-1.178808E-01,-7.464433E-03,0.000000E+00,0.000000E+00,2.149414E+00
1.028000E+00,-1.064823E-01,3.089446E-03,-1.233382E-01,7.639027E-02,-1.133159E-01,3.279283E-03,-1.255922E-01,9.830868E-03,0.000000E+00,0.000000E+00,1.591249E+00
1.029000E+00,-1.066133E-01,3.180517E-03,-1.310817E-01,9.107108E-02,-1.134488E-01,3.295364E-03,-1.328340E-01,1.608147E-02,0.000000E+00,0.000000E+00,9.625837E-01
1.030000E+00,-1.067518E-01,3.284600E-03,-1.384075E-01,1.040833E-01,-1.135882E-01,3.315688E-03,-1.393989E-01,2.032354E-02,0.000000E+00,0.000000E+00,2.605462E-01
1.031000E+00,-1.068929E-01,3.385518E-03,-1.411270E-01,1.009184E-01,-1.137293E-01,3.326571E-03,-1.411612E-01,1.088320E-02,0.000000E+00,0.000000E+00,-4.940186E-01
1.032000E+00,-1.070344E-01,3.477683E-03,-1.414959E-01,9.216510E-02,-1.138697E-01,3.325746E-03,-1.403186E-01,-8.248753E-04,0.000000E+00,0.000000E+00,-1.273382E+00
1.033000E+00,-1.071761E-01,3.561536E-03,-1.417237E-01,8.385257E-02,-1.140088E-01,3.313803E-03,-1.391833E-01,-1.194299E-02,0.000000E+00,0.000000E+00,-2.076446E+00
1.034000E+00,-1.073181E-01,3.637240E-03,-1.420285E-01,7.570361E-02,-1.141468E-01,3.290762E-03,-1.379949E-01,-2.304117E-02,0.000000E+00,0.000000E+00,-2.904603E+00
1.035000E+00,-1.074605E-01,3.704695E-03,-1.424189E-01,6.745575E-02,-1.142836E-01,3.256906E-03,-1.367834E-01,-3.385596E-02,0.000000E+00,0.000000E+00,-3.754861E+00
1.036000E+00,-1.076034E-01,3.763572E-03,-1.428858E-01,5.887678E-02,-1.144192E-01,3.212715E-03,-1.355920E-01,-4.419154E-02,0.000000E+00,0.000000E+00,-4.620654E+00
1.037000E+00,-1.077468E-01,3.813388E-03,-1.434018E-01,4.981573E-02,-1.145537E-01,3.158757E-03,-1.344628E-01,-5.395800E-02,0.000000E+00,0.000000E+00,-5.493387E+00
1.038000E+00,-1.078908E-01,3.853608E-03,-1.439279E-01,4.022030E-02,-1.146871E-01,3.095590E-03,-1.334247E-01,-6.316640E-02,0.000000E+00,0.000000E+00,-6.364086E+00
1.039000E+00,-1.080352E-01,3.883741E-03,-1.444248E-01,3.013244E-02,-1.148196E-01,3.023681E-03,-1.324880E-01,-7.190922E-02,0.000000E+00,0.000000E+00,-7.224858E+00
1.040000E+00,-1.081751E-01,3.910799E-03,-1.399553E-01,2.705847E-02,-1.149486E-01,2.966373E-03,-1.290390E-01,-5.730834E-02,0.000000E+00,0.000000E+00,-7.937574E+00
1.041000E+00,-1.083041E-01,3.944072E-03,-1.289652E-01,3.327308E-02,-1.150714E-01,2.952872E-03,-1.227429E-01,-1.350044E-02,0.000000E+00,0.000000E+00,-8.332854E+00
1.042000E+00,-1.084332E-01,3.966859E-03,-1.290577E-01,2.278700E-02,-1.151940E-01,2.930542E-03,-1.226234E-01,-2.233046E-02,0.000000E+00,0.000000E+00,-8.714620E+00
1.043000E+00,-1.085624E-01,3.979404E-03,-1.292686E-01,1.254503E-02,-1.153165E-01,2.898974E-03,-1.225388E-01,-3.156823E-02,0.000000E+00,0.000000E+00,-9.088417E+00
1.044000E+00,-1.086810E-01,3.954514E-03,-1.185899E-01,-2.488970E-02,-1.154384E-01,2.894344E-03,-1.218321E-01,-4.629693E-03,0.000000E+00,0.000000E+00,-8.916548E+00
1.045000E+00,-1.087928E-01,3.911796E-03,-1.118029E-01,-4.271802E-02,-1.155611E-01,2.923864E-03,-1.227365E-01,2.952033E-02,0.000000E+00,0.000000E+00,-8.304543E+00
1.046000E+00,-1.089048E-01,3.857813E-03,-1.119597E-01,-5.398362E-02,-1.156860E-01,2.963228E-03,-1.249063E-01,3.936370E-02,0.000000E+00,0.000000E+00,-7.515119E+00
1.047000E+00,-1.090186E-01,3.793217E-03,-1.138619E-01,-6.459621E-02,-1.158129E-01,3.004060E-03,-1.269003E-01,4.083217E-02,0.000000E+00,0.000000E+00,-6.625248E+00
1.048000E+00,-1.091349E-01,3.718712E-03,-1.162971E-01,-7.450500E-02,-1.159416E-01,3.045278E-03,-1.286891E-01,4.121763E-02,0.000000E+00,0.000000E+00,-5.650322E+00
1.049000E+00,-1.092541E-01,3.634150E-03,-1.191710E-01,-8.456175E-02,-1.160720E-01,3.087242E-03,-1.304372E-01,4.196419E-02,0.000000E+00,0.000000E+00,-4.586235E+00
1.050000E+00,-1.093767E-01,3.539224E-03,-1.226126E-01,-9.492539E-02,-1.162043E-01,3.131899E-03,-1.322933E-01,4.465708E-02,0.000000E+00,0.000000E+00,-3.414145E+00
1.051000E+00,-1.095036E-01,3.433330E-03,-1.268391E-01,-1.058944E-01,-1.163386E-01,3.181917E-03,-1.342622E-01,5.001783E-02,0.000000E+00,0.000000E+00,-2.106567E+00
1.052000E+00,-1.096344E-01,3.316078E-03,-1.308261E-01,-1.172523E-01,-1.164734E-01,3.233290E-03,-1.348347E-01,5.137318E-02,0.000000E+00,0.000000E+00,-6.935432E-01
1.053000E+00,-1.097689E-01,3.187799E-03,-1.344651E-01,-1.282790E-01,-1.166076E-01,3.281863E-03,-1.341835E-01,4.857343E-02,0.000000E+00,0.000000E+00,7.880338E-01
1.054000E+00,-1.099100E-01,3.051900E-03,-1.411536E-01,-1.358986E-01,-1.167432E-01,3.340773E-03,-1.355722E-01,5.890977E-02,0.000000E+00,0.000000E+00,2.420745E+00
1.055000E+00,-1.100548E-01,2.915980E-03,-1.448118E-01,-1.359205E-01,-1.168781E-01,3.381585E-03,-1.349232E-01,4.081168E-02,0.000000E+00,0.000000E+00,3.903685E+00
1.056000E+00,-1.102037E-01,2.803585E-03,-1.488685E-01,-1.123945E-01,-1.170170E-01,3.396486E-03,-1.388906E-01,1.490149E-02,0.000000E+00,0.000000E+00,4.973417E+00
1.057000E+00,-1.103466E-01,2.740151E-03,-1.429292E-01,-6.343369E-02,-1.171526E-01,3.410488E-03,-1.356312E-01,1.400120E-02,0.000000E+00,0.000000E+00,5.625029E+00
1.058000E+00,-1.104706E-01,2.745789E-03,-1.239703E-01,5.637619E-03,-1.172748E-01,3.431504E-03,-1.221464E-01,2.101664E-02,0.000000E+00,0.000000E+00,5.754756E+00
1.059000E+00,-1.105862E-01,2.779764E-03,-1.156004E-01,3.397467E-02,-1.173949E-01,3.416968E-03,-1.201176E-01,-1.453599E-02,0.000000E+00,0.000000E+00,5.346560E+00
1.060000E+00,-1.106990E-01,2.821967E-03,-1.128520E-01,4.220342E-02,-1.175145E-01,3.379907E-03,-1.196438E-01,-3.706096E-02,0.000000E+00,0.000000E+00,4.680002E+00
1.061000E+00,-1.108111E-01,2.863235E-03,-1.120209E-01,4.126732E-02,-1.176329E-01,3.335670E-03,-1.183374E-01,-4.423679E-02,0.000000E+00,0.000000E+00,3.961627E+00
1.062000E+00,-1.109204E-01,2.902325E-03,-1.092851E-01,3.909025E-02,-1.177466E-01,3.303426E-03,-1.137409E-01,-3.224398E-02,0.000000E+00,0.000000E+00,3.362756E+00
1.063000E+00,-1.110276E-01,2.942042E-03,-1.072500E-01,3.971713E-02,-1.178574E-01,3.276917E-03,-1.107865E-01,-2.650913E-02,0.000000E+00,0.000000E+00,2.807053E+00
1.064000E+00,-1.111334E-01,2.982920E-03,-1.057515E-01,4.087856E-02,-1.179660E-01,3.254084E-03,-1.086305E-01,-2.283350E-02,0.000000E+00,0.000000E+00,2.272664E+00
1.065000E+00,-1.112386E-01,3.023074E-03,-1.052510E-01,4.015383E-02,-1.180736E-01,3.232888E-03,-1.075532E-01,-2.119587E-02,0.000000E+00,0.000000E+00,1.758260E+00
1.066000E+00,-1.113441E-01,3.056417E-03,-1.055386E-01,3.334257E-02,-1.181809E-01,3.208156E-03,-1.072766E-01,-2.473211E-02,0.000000E+00,0.000000E+00,1.271456E+00
1.067000E+00,-1.114510E-01,3.091749E-03,-1.068998E-01,3.533257E-02,-1.182891E-01,3.177340E-03,-1.082832E-01,-3.081601E-02,0.000000E+00,0.000000E+00,7.171169E-01
1.068000E+00,-1.115593E-01,3.126943E-03,-1.082638E-01,3.519379E-02,-1.183982E-01,3.139506E-03,-1.090380E-01,-3.783436E-02,0.000000E+00,0.000000E+00,1.052462E-01
1.069000E+00,-1.116673E-01,3.160038E-03,-1.079787E-01,3.309510E-02,-1.185062E-01,3.105218E-03,-1.080676E-01,-3.428705E-02,0.000000E+00,0.000000E+00,-4.592627E-01
1.070000E+00,-1.117769E-01,3.193488E-03,-1.096130E-01,3.344962E-02,-1.186151E-01,3.063375E-03,-1.088707E-01,-4.184338E-02,0.000000E+00,0.000000E+00,-1.090053E+00
1.071000E+00,-1.118883E-01,3.226296E-03,-1.114036E-01,3.280830E-02,-1.187257E-01,3.046828E-03,-1.105439E-01,-1.654743E-02,0.000000E+00,0.000000E+00,-1.503568E+00
1.072000E+00,-1.120078E-01,3.262758E-03,-1.194961E-01,3.646138E-02,-1.188450E-01,3.070362E-03,-1.193576E-01,2.353395E-02,0.000000E+00,0.000000E+00,-1.611850E+00
1.073000E+00,-1.121318E-01,3.292797E-03,-1.240061E-01,3.003912E-02,-1.189693E-01,3.106193E-03,-1.242401E-01,3.583173E-02,0.000000E+00,0.000000E+00,-1.563292E+00
1.074000E+00,-1.122595E-01,3.318100E-03,-1.277097E-01,2.530314E-02,-1.190974E-01,3.150446E-03,-1.280943E-01,4.425225E-02,0.000000E+00,0.000000E+00,-1.404532E+00
1.075000E+00,-1.123909E-01,3.337065E-03,-1.314205E-01,1.896499E-02,-1.192291E-01,3.199885E-03,-1.317774E-01,4.943907E-02,0.000000E+00,0.000000E+00,-1.149250E+00
1.076000E+00,-1.125249E-01,3.345900E-03,-1.340013E-01,8.835052E-03,-1.193633E-01,3.252628E-03,-1.341928E-01,5.274298E-02,0.000000E+00,0.000000E+00,-7.814383E-01
1.077000E+00,-1.126612E-01,3.347113E-03,-1.362883E-01,1.213456E-03,-1.194993E-01,3.306716E-03,-1.360013E-01,5.408871E-02,0.000000E+00,0.000000E+00,-3.384790E-01
1.078000E+00,-1.127984E-01,3.336323E-03,-1.372071E-01,-1.079020E-02,-1.196356E-01,3.355726E-03,-1.362801E-01,4.901008E-02,0.000000E+00,0.000000E+00,1.625995E-01
1.079000E+00,-1.129334E-01,3.320159E-03,-1.349846E-01,-1.616385E-02,-1.197693E-01,3.379379E-03,-1.336718E-01,2.365309E-02,0.000000E+00,0.000000E+00,4.963504E-01
1.080000E+00,-1.130665E-01,3.299428E-03,-1.330873E-01,-2.073131E-02,-1.199010E-01,3.381277E-03,-1.317522E-01,1.897494E-03,0.000000E+00,0.000000E+00,6.861307E-01
1.081000E+00,-1.131989E-01,3.272042E-03,-1.323754E-01,-2.738595E-02,-1.200321E-01,3.368188E-03,-1.310565E-01,-1.308910E-02,0.000000E+00,0.000000E+00,8.061205E-01
1.082000E+00,-1.133310E-01,3.237419E-03,-1.320937E-01,-3.462317E-02,-1.201629E-01,3.342309E-03,-1.308057E-01,-2.587844E-02,0.000000E+00,0.000000E+00,8.795941E-01
1.083000E+00,-1.134629E-01,3.195528E-03,-1.318978E-01,-4.189139E-02,-1.202936E-01,3.304169E-03,-1.306713E-01,-3.814022E-02,0.000000E+00,0.000000E+00,9.112091E-01
1.084000E+00,-1.135946E-01,3.146596E-03,-1.317064E-01,-4.893146E-02,-1.204241E-01,3.253689E-03,-1.305802E-01,-5.048037E-02,0.000000E+00,0.000000E+00,8.983681E-01
1.085000E+00,-1.137237E-01,3.105276E-03,-1.291252E-01,-4.132030E-02,-1.205525E-01,3.195616E-03,-1.283876E-01,-5.807262E-02,0.000000E+00,0.000000E+00,7.579379E-01
1.086000E+00,-1.138521E-01,3.065376E-03,-1.283504E-01,-3.989957E-02,-1.206802E-01,3.130556E-03,-1.277143E-01,-6.505989E-02,0.000000E+00,0.000000E+00,5.469144E-01
1.087000E+00,-1.139808E-01,3.021079E-03,-1.287110E-01,-4.429675E-02,-1.208082E-01,3.057517E-03,-1.279725E-01,-7.303904E-02,0.000000E+00,0.000000E+00,3.057828E-01
1.088000E+00,-1.141091E-01,2.968337E-03,-1.283717E-01,-5.274238E-02,-1.209358E-01,2.975290E-03,-1.275348E-01,-8.222743E-02,0.000000E+00,0.000000E+00,5.835517E-02
1.089000E+00,-1.142394E-01,2.910502E-03,-1.302802E-01,-5.783472E-02,-1.210650E-01,2.905925E-03,-1.292140E-01,-6.936539E-02,0.000000E+00,0.000000E+00,-3.842768E-02
1.090000E+00,-1.143681E-01,2.867024E-03,-1.286940E-01,-4.347784E-02,-1.211927E-01,2.844899E-03,-1.277219E-01,-6.102559E-02,0.000000E+00,0.000000E+00,-1.857547E-01
1.091000E+00,-1.144886E-01,2.883227E-03,-1.204622E-01,1.620228E-02,-1.213114E-01,2.771577E-03,-1.187334E-01,-7.332174E-02,0.000000E+00,0.000000E+00,-9.375086E-01
1.092000E+00,-1.145903E-01,2.929426E-03,-1.017640E-01,4.619889E-02,-1.214117E-01,2.761918E-03,-1.002426E-01,-9.658933E-03,0.000000E+00,0.000000E+00,-1.406697E+00
1.093000E+00,-1.146843E-01,2.966235E-03,-9.392409E-02,3.680899E-02,-1.215051E-01,2.787223E-03,-9.341719E-02,2.530427E-02,0.000000E+00,0.000000E+00,-1.503380E+00
1.094000E+00,-1.147762E-01,2.998098E-03,-9.194278E-02,3.186354E-02,-1.215969E-01,2.819760E-03,-9.181449E-02,3.253728E-02,0.000000E+00,0.000000E+00,-1.497753E+00
1.095000E+00,-1.148671E-01,3.026756E-03,-9.091992E-02,2.865756E-02,-1.216879E-01,2.855985E-03,-9.099571E-02,3.622480E-02,0.000000E+00,0.000000E+00,-1.434211E+00
1.096000E+00,-1.149581E-01,3.053667E-03,-9.093141E-02,2.691173E-02,-1.217790E-01,2.892689E-03,-9.107529E-02,3.670433E-02,0.000000E+00,0.000000E+00,-1.351972E+00
1.097000E+00,-1.150502E-01,3.079683E-03,-9.216513E-02,2.601525E-02,-1.218713E-01,2.928182E-03,-9.233246E-02,3.549291E-02,0.000000E+00,0.000000E+00,-1.272370E+00
1.098000E+00,-1.151445E-01,3.103670E-03,-9.427091E-02,2.398737E-02,-1.219658E-01,2.963203E-03,-9.448339E-02,3.502121E-02,0.000000E+00,0.000000E+00,-1.179693E+00
1.099000E+00,-1.152405E-01,3.129270E-03,-9.599216E-02,2.559996E-02,-1.220621E-01,3.000272E-03,-9.630853E-02,3.706892E-02,0.000000E+00,0.000000E+00,-1.083346E+00
1.100000E+00,-1.153390E-01,3.154838E-03,-9.854294E-02,2.556806E-02,-1.221611E-01,3.039581E-03,-9.896543E-02,3.930922E-02,0.000000E+00,0.000000E+00,-9.679093E-01
1.101000E+00,-1.154411E-01,3.179061E-03,-1.020362E-01,2.422290E-02,-1.222636E-01,3.081121E-03,-1.025304E-01,4.154013E-02,0.000000E+00,0.000000E+00,-8.224441E-01
1.102000E+00,-1.155473E-01,3.201774E-03,-1.062736E-01,2.271292E-02,-1.223704E-01,3.125589E-03,-1.067982E-01,4.446805E-02,0.000000E+00,0.000000E+00,-6.397246E-01
1.103000E+00,-1.156583E-01,3.224170E-03,-1.109542E-01,2.239596E-02,-1.224818E-01,3.173309E-03,-1.114588E-01,4.771960E-02,0.000000E+00,0.000000E+00,-4.270593E-01
1.104000E+00,-1.157745E-01,3.247950E-03,-1.162314E-01,2.377973E-02,-1.225985E-01,3.225580E-03,-1.166576E-01,5.227113E-02,0.000000E+00,0.000000E+00,-1.878192E-01
1.105000E+00,-1.158958E-01,3.275545E-03,-1.213113E-01,2.759544E-02,-1.227201E-01,3.279325E-03,-1.215969E-01,5.374539E-02,0.000000E+00,0.000000E+00,3.174006E-02
1.106000E+00,-1.160182E-01,3.300690E-03,-1.223921E-01,2.514525E-02,-1.228428E-01,3.318251E-03,-1.226874E-01,3.892556E-02,0.000000E+00,0.000000E+00,1.474313E-01
1.107000E+00,-1.161409E-01,3.319859E-03,-1.227240E-01,1.916870E-02,-1.229659E-01,3.341685E-03,-1.231195E-01,2.343370E-02,0.000000E+00,0.000000E+00,1.832273E-01
1.108000E+00,-1.162636E-01,3.330417E-03,-1.226721E-01,1.055815E-02,-1.230890E-01,3.353134E-03,-1.230732E-01,1.144916E-02,0.000000E+00,0.000000E+00,1.906961E-01
1.109000E+00,-1.163862E-01,3.332758E-03,-1.225416E-01,2.340496E-03,-1.232119E-01,3.352219E-03,-1.229597E-01,-9.151248E-04,0.000000E+00,0.000000E+00,1.633569E-01
1.110000E+00,-1.165085E-01,3.327149E-03,-1.223354E-01,-5.609035E-03,-1.233347E-01,3.338733E-03,-1.227731E-01,-1.348600E-02,0.000000E+00,0.000000E+00,9.723151E-02
1.111000E+00,-1.166306E-01,3.313649E-03,-1.220627E-01,-1.350010E-02,-1.234572E-01,3.312723E-03,-1.225115E-01,-2.600996E-02,0.000000E+00,0.000000E+00,-7.769270E-03
1.112000E+00,-1.167537E-01,3.294757E-03,-1.231644E-01,-1.889153E-02,-1.235808E-01,3.287211E-03,-1.235316E-01,-2.551174E-02,0.000000E+00,0.000000E+00,-6.332891E-02
1.113000E+00,-1.168795E-01,3.290855E-03,-1.257465E-01,-3.902064E-03,-1.237067E-01,3.285097E-03,-1.259365E-01,-2.114015E-03,0.000000E+00,0.000000E+00,-4.832139E-02
1.114000E+00,-1.169994E-01,3.293524E-03,-1.198891E-01,2.669553E-03,-1.238271E-01,3.295156E-03,-1.204086E-01,1.005846E-02,0.000000E+00,0.000000E+00,1.368714E-02
1.115000E+00,-1.171105E-01,3.300712E-03,-1.111519E-01,7.187726E-03,-1.239387E-01,3.318645E-03,-1.115775E-01,2.348956E-02,0.000000E+00,0.000000E+00,1.504762E-01
1.116000E+00,-1.172160E-01,3.305626E-03,-1.054459E-01,4.913364E-03,-1.240442E-01,3.341179E-03,-1.055541E-01,2.253348E-02,0.000000E+00,0.000000E+00,2.983212E-01
1.117000E+00,-1.173131E-01,3.328159E-03,-9.717677E-02,2.253319E-02,-1.241416E-01,3.358749E-03,-9.737138E-02,1.757071E-02,0.000000E+00,0.000000E+00,2.566748E-01
1.118000E+00,-1.174095E-01,3.341579E-03,-9.638734E-02,1.342064E-02,-1.242382E-01,3.365136E-03,-9.660514E-02,6.386981E-03,0.000000E+00,0.000000E+00,1.976520E-01
1.119000E+00,-1.175054E-01,3.343694E-03,-9.589404E-02,2.114222E-03,-1.243344E-01,3.362985E-03,-9.616004E-02,-2.151370E-03,0.000000E+00,0.000000E+00,1.618558E-01
1.120000E+00,-1.176009E-01,3.334206E-03,-9.544296E-02,-9.487698E-03,-1.244301E-01,3.352221E-03,-9.575538E-02,-1.076419E-02,0.000000E+00,0.000000E+00,1.511391E-01
1.121000E+00,-1.176959E-01,3.313216E-03,-9.503817E-02,-2.098985E-02,-1.245255E-01,3.332381E-03,-9.539213E-02,-1.983991E-02,0.000000E+00,0.000000E+00,1.607783E-01
1.122000E+00,-1.177906E-01,3.281207E-03,-9.466244E-02,-3.200921E-02,-1.246206E-01,3.302723E-03,-9.505327E-02,-2.965731E-02,0.000000E+00,0.000000E+00,1.804986E-01
1.123000E+00,-1.178848E-01,3.238938E-03,-9.427714E-02,-4.226929E-02,-1.247153E-01,3.262374E-03,-9.470516E-02,-4.034996E-02,0.000000E+00,0.000000E+00,1.965870E-01
1.124000E+00,-1.179787E-01,3.187310E-03,-9.383585E-02,-5.162731E-02,-1.248096E-01,3.210469E-03,-9.430730E-02,-5.190427E-02,0.000000E+00,0.000000E+00,1.942505E-01
1.125000E+00,-1.180768E-01,3.151368E-03,-9.815893E-02,-3.594185E-02,-1.249081E-01,3.170831E-03,-9.850601E-02,-3.963800E-02,0.000000E+00,0.000000E+00,1.632402E-01
1.126000E+00,-1.181932E-01,3.161565E-03,-1.163404E-01,1.019657E-02,-1.250247E-01,3.175643E-03,-1.165920E-01,4.811658E-03,0.000000E+00,0.000000E+00,1.180712E-01
1.127000E+00,-1.183180E-01,3.184397E-03,-1.248305E-01,2.283224E-02,-1.251499E-01,3.189433E-03,-1.252228E-01,1.379001E-02,0.000000E+00,0.000000E+00,4.223189E-02
1.128000E+00,-1.184476E-01,3.214440E-03,-1.295692E-01,3.004273E-02,-1.252799E-01,3.201793E-03,-1.300045E-01,1.236043E-02,0.000000E+00,0.000000E+00,-1.060539E-01
1.129000E+00,-1.185807E-01,3.250078E-03,-1.331702E-01,3.563797E-02,-1.254135E-01,3.209300E-03,-1.335450E-01,7.506768E-03,0.000000E+00,0.000000E+00,-3.419388E-01
1.130000E+00,-1.187170E-01,3.290386E-03,-1.362836E-01,4.030804E-02,-1.255499E-01,3.210489E-03,-1.364478E-01,1.188446E-03,0.000000E+00,0.000000E+00,-6.699341E-01
1.131000E+00,-1.188556E-01,3.331914E-03,-1.385620E-01,4.152807E-02,-1.256883E-01,3.206173E-03,-1.383544E-01,-4.315487E-03,0.000000E+00,0.000000E+00,-1.054290E+00
1.132000E+00,-1.189946E-01,3.366965E-03,-1.389890E-01,3.505098E-02,-1.258267E-01,3.193196E-03,-1.384217E-01,-1.297717E-02,0.000000E+00,0.000000E+00,-1.456959E+00
1.133000E+00,-1.191334E-01,3.393177E-03,-1.388262E-01,2.621181E-02,-1.259646E-01,3.169824E-03,-1.378893E-01,-2.337176E-02,0.000000E+00,0.000000E+00,-1.872684E+00
1.134000E+00,-1.192721E-01,3.410619E-03,-1.387401E-01,1.744179E-02,-1.261020E-01,3.136116E-03,-1.373898E-01,-3.370784E-02,0.000000E+00,0.000000E+00,-2.301581E+00
1.135000E+00,-1.194109E-01,3.419233E-03,-1.387356E-01,8.614858E-03,-1.262389E-01,3.092209E-03,-1.369365E-01,-4.390768E-02,0.000000E+00,0.000000E+00,-2.742063E+00
1.136000E+00,-1.195497E-01,3.418850E-03,-1.388065E-01,-3.837205E-04,-1.263754E-01,3.038284E-03,-1.365376E-01,-5.392418E-02,0.000000E+00,0.000000E+00,-3.191189E+00
1.137000E+00,-1.196886E-01,3.409220E-03,-1.389375E-01,-9.629807E-03,-1.265116E-01,2.974537E-03,-1.361947E-01,-6.374760E-02,0.000000E+00,0.000000E+00,-3.645302E+00
1.138000E+00,-1.198276E-01,3.388894E-03,-1.390109E-01,-2.032601E-02,-1.266476E-01,2.901890E-03,-1.359417E-01,-7.264714E-02,0.000000E+00,0.000000E+00,-4.084499E+00
1.139000E+00,-1.199615E-01,3.326222E-03,-1.339151E-01,-6.267177E-02,-1.267817E-01,2.841216E-03,-1.341450E-01,-6.067398E-02,0.000000E+00,0.000000E+00,-4.067664E+00
1.140000E+00,-1.200809E-01,3.252538E-03,-1.193799E-01,-7.368441E-02,-1.269063E-01,2.843942E-03,-1.245694E-01,2.725856E-03,0.000000E+00,0.000000E+00,-3.425895E+00
1.141000E+00,-1.201933E-01,3.173485E-03,-1.123948E-01,-7.905322E-02,-1.270248E-01,2.876706E-03,-1.184742E-01,3.276439E-02,0.000000E+00,0.000000E+00,-2.487543E+00
1.142000E+00,-1.203046E-01,3.084644E-03,-1.113267E-01,-8.884008E-02,-1.271407E-01,2.914408E-03,-1.159740E-01,3.770240E-02,0.000000E+00,0.000000E+00,-1.426519E+00
1.143000E+00,-1.204159E-01,2.985196E-03,-1.112323E-01,-9.944874E-02,-1.272543E-01,2.955391E-03,-1.136032E-01,4.098267E-02,0.000000E+00,0.000000E+00,-2.497162E-01
1.144000E+00,-1.205284E-01,2.875521E-03,-1.124958E-01,-1.096746E-01,-1.273662E-01,2.994720E-03,-1.118213E-01,3.932874E-02,0.000000E+00,0.000000E+00,9.987005E-01
1.145000E+00,-1.206253E-01,2.842611E-03,-9.696821E-02,-3.291021E-02,-1.274609E-01,3.063220E-03,-9.479174E-02,6.850061E-02,0.000000E+00,0.000000E+00,1.848501E+00
1.146000E+00,-1.207190E-01,2.859179E-03,-9.362988E-02,1.656854E-02,-1.275535E-01,3.115682E-03,-9.253897E-02,5.246163E-02,0.000000E+00,0.000000E+00,2.149331E+00
1.147000E+00,-1.208145E-01,2.891405E-03,-9.553245E-02,3.222583E-02,-1.276490E-01,3.151099E-03,-9.549204E-02,3.541668E-02,0.000000E+00,0.000000E+00,2.176056E+00
1.148000E+00,-1.209139E-01,2.928403E-03,-9.944027E-02,3.699780E-02,-1.277487E-01,3.181919E-03,-9.972848E-02,3.081997E-02,0.000000E+00,0.000000E+00,2.124249E+00
1.149000E+00,-1.210174E-01,2.968465E-03,-1.034176E-01,4.006199E-02,-1.278526E-01,3.210025E-03,-1.038990E-01,2.810652E-02,0.000000E+00,0.000000E+00,2.024015E+00
1.150000E+00,-1.211244E-01,3.011989E-03,-1.070623E-01,4.352373E-02,-1.279604E-01,3.233320E-03,-1.077935E-01,2.329450E-02,0.000000E+00,0.000000E+00,1.854441E+00
1.151000E+00,-1.212355E-01,3.060344E-03,-1.111136E-01,4.835506E-02,-1.280724E-01,3.253330E-03,-1.120070E-01,2.001015E-02,0.000000E+00,0.000000E+00,1.616875E+00
1.152000E+00,-1.213507E-01,3.113805E-03,-1.151543E-01,5.346088E-02,-1.281885E-01,3.269291E-03,-1.161390E-01,1.596071E-02,0.000000E+00,0.000000E+00,1.302624E+00
1.153000E+00,-1.214709E-01,3.172720E-03,-1.201831E-01,5.891547E-02,-1.283096E-01,3.285014E-03,-1.210553E-01,1.572306E-02,0.000000E+00,0.000000E+00,9.407258E-01
1.154000E+00,-1.215961E-01,3.234414E-03,-1.251864E-01,6.169383E-02,-1.284354E-01,3.300881E-03,-1.258175E-01,1.586708E-02,0.000000E+00,0.000000E+00,5.567981E-01
1.155000E+00,-1.217227E-01,3.287605E-03,-1.266331E-01,5.319067E-02,-1.285624E-01,3.307034E-03,-1.269817E-01,6.153643E-03,0.000000E+00,0.000000E+00,1.627601E-01
1.156000E+00,-1.218525E-01,3.336024E-03,-1.298097E-01,4.841906E-02,-1.286922E-01,3.317922E-03,-1.298387E-01,1.088723E-02,0.000000E+00,0.000000E+00,-1.516406E-01
1.157000E+00,-1.219833E-01,3.377184E-03,-1.307580E-01,4.116011E-02,-1.288228E-01,3.322015E-03,-1.305772E-01,4.093673E-03,0.000000E+00,0.000000E+00,-4.621455E-01
1.158000E+00,-1.221141E-01,3.410353E-03,-1.308317E-01,3.316934E-02,-1.289532E-01,3.314472E-03,-1.303992E-01,-7.542954E-03,0.000000E+00,0.000000E+00,-8.032060E-01
1.159000E+00,-1.222450E-01,3.435827E-03,-1.309467E-01,2.547403E-02,-1.290834E-01,3.295048E-03,-1.301860E-01,-1.942407E-02,0.000000E+00,0.000000E+00,-1.179364E+00
1.160000E+00,-1.223762E-01,3.453678E-03,-1.311203E-01,1.785089E-02,-1.292133E-01,3.263637E-03,-1.299437E-01,-3.141094E-02,0.000000E+00,0.000000E+00,-1.592140E+00
1.161000E+00,-1.225075E-01,3.463691E-03,-1.313419E-01,1.001306E-02,-1.293430E-01,3.220347E-03,-1.296662E-01,-4.329044E-02,0.000000E+00,0.000000E+00,-2.038874E+00
1.162000E+00,-1.226388E-01,3.452880E-03,-1.312817E-01,-1.081075E-02,-1.294739E-01,3.197514E-03,-1.308735E-01,-2.283269E-02,0.000000E+00,0.000000E+00,-2.139637E+00
1.163000E+00,-1.227701E-01,3.434597E-03,-1.312911E-01,-1.828322E-02,-1.296061E-01,3.204585E-03,-1.322090E-01,7.070403E-03,0.000000E+00,0.000000E+00,-1.927117E+00
1.164000E+00,-1.228977E-01,3.403400E-03,-1.276555E-01,-3.119727E-02,-1.297353E-01,3.223951E-03,-1.291842E-01,1.936668E-02,0.000000E+00,0.000000E+00,-1.503363E+00
1.165000E+00,-1.230212E-01,3.358314E-03,-1.234630E-01,-4.508647E-02,-1.298604E-01,3.259462E-03,-1.251165E-01,3.551046E-02,0.000000E+00,0.000000E+00,-8.280803E-01
1.166000E+00,-1.231415E-01,3.301400E-03,-1.203115E-01,-5.691316E-02,-1.299814E-01,3.308032E-03,-1.210395E-01,4.857039E-02,0.000000E+00,0.000000E+00,5.555161E-02
1.167000E+00,-1.232606E-01,3.236801E-03,-1.191344E-01,-6.459960E-02,-1.300995E-01,3.359279E-03,-1.180648E-01,5.124741E-02,0.000000E+00,0.000000E+00,1.026015E+00
1.168000E+00,-1.233807E-01,3.161325E-03,-1.200764E-01,-7.547592E-02,-1.302165E-01,3.401876E-03,-1.169615E-01,4.259655E-02,0.000000E+00,0.000000E+00,2.015421E+00
1.169000E+00,-1.235018E-01,3.075257E-03,-1.210319E-01,-8.606820E-02,-1.303322E-01,3.435535E-03,-1.157835E-01,3.365876E-02,0.000000E+00,0.000000E+00,3.019303E+00
1.170000E+00,-1.236288E-01,3.015354E-03,-1.270555E-01,-5.990223E-02,-1.304537E-01,3.468793E-03,-1.215016E-01,3.325858E-02,0.000000E+00,0.000000E+00,3.801065E+00
1.171000E+00,-1.237596E-01,2.969621E-03,-1.307909E-01,-4.573358E-02,-1.305791E-01,3.497924E-03,-1.253867E-01,2.913086E-02,0.000000E+00,0.000000E+00,4.429811E+00
1.172000E+00,-1.238893E-01,2.941617E-03,-1.297226E-01,-2.800386E-02,-1.307079E-01,3.481801E-03,-1.287512E-01,-1.612340E-02,0.000000E+00,0.000000E+00,4.529661E+00
1.173000E+00,-1.240217E-01,2.966895E-03,-1.323923E-01,2.527819E-02,-1.308445E-01,3.449264E-03,-1.366587E-01,-3.253691E-02,0.000000E+00,0.000000E+00,4.044042E+00
1.174000E+00,-1.241571E-01,3.020148E-03,-1.354208E-01,5.325304E-02,-1.309861E-01,3.403970E-03,-1.415956E-01,-4.529419E-02,0.000000E+00,0.000000E+00,3.216906E+00
1.175000E+00,-1.242965E-01,3.087444E-03,-1.393406E-01,6.729538E-02,-1.311313E-01,3.344703E-03,-1.451880E-01,-5.926706E-02,0.000000E+00,0.000000E+00,2.155558E+00
1.176000E+00,-1.244420E-01,3.149063E-03,-1.454985E-01,6.161963E-02,-1.312802E-01,3.290748E-03,-1.488450E-01,-5.395448E-02,0.000000E+00,0.000000E+00,1.186979E+00
1.177000E+00,-1.245921E-01,3.211394E-03,-1.501437E-01,6.233114E-02,-1.314317E-01,3.232823E-03,-1.515737E-01,-5.792525E-02,0.000000E+00,0.000000E+00,1.795077E-01
1.178000E+00,-1.247454E-01,3.276622E-03,-1.533313E-01,6.522810E-02,-1.315842E-01,3.169111E-03,-1.524901E-01,-6.371189E-02,0.000000E+00,0.000000E+00,-9.006637E-01
1.179000E+00,-1.249018E-01,3.343698E-03,-1.563299E-01,6.707521E-02,-1.317369E-01,3.097940E-03,-1.527021E-01,-7.117127E-02,0.000000E+00,0.000000E+00,-2.059182E+00
1.180000E+00,-1.250594E-01,3.402323E-03,-1.576079E-01,5.862563E-02,-1.318882E-01,3.019371E-03,-1.512328E-01,-7.856858E-02,0.000000E+00,0.000000E+00,-3.209737E+00
1.181000E+00,-1.252169E-01,3.446545E-03,-1.574669E-01,4.422167E-02,-1.320374E-01,2.938095E-03,-1.492209E-01,-8.127636E-02,0.000000E+00,0.000000E+00,-4.263342E+00
1.182000E+00,-1.253717E-01,3.484504E-03,-1.548527E-01,3.795923E-02,-1.321831E-01,2.865464E-03,-1.456915E-01,-7.263118E-02,0.000000E+00,0.000000E+00,-5.192969E+00
1.183000E+00,-1.255246E-01,3.515348E-03,-1.528835E-01,3.084340E-02,-1.323260E-01,2.795310E-03,-1.429583E-01,-7.015388E-02,0.000000E+00,0.000000E+00,-6.043132E+00
1.184000E+00,-1.256622E-01,3.557058E-03,-1.375672E-01,4.171047E-02,-1.324590E-01,2.792903E-03,-1.329583E-01,-2.406925E-03,0.000000E+00,0.000000E+00,-6.414717E+00
1.185000E+00,-1.257910E-01,3.598883E-03,-1.288215E-01,4.182452E-02,-1.325868E-01,2.823841E-03,-1.278081E-01,3.093779E-02,0.000000E+00,0.000000E+00,-6.506290E+00
1.186000E+00,-1.259171E-01,3.633338E-03,-1.261521E-01,3.445564E-02,-1.327131E-01,2.858201E-03,-1.262570E-01,3.436032E-02,0.000000E+00,0.000000E+00,-6.506984E+00
1.187000E+00,-1.260431E-01,3.655067E-03,-1.259402E-01,2.172877E-02,-1.328395E-01,2.884247E-03,-1.264185E-01,2.604581E-02,0.000000E+00,0.000000E+00,-6.470600E+00
1.188000E+00,-1.261668E-01,3.654354E-03,-1.237016E-01,-7.126131E-04,-1.329658E-01,2.907694E-03,-1.263025E-01,2.344768E-02,0.000000E+00,0.000000E+00,-6.267050E+00
1.189000E+00,-1.262850E-01,3.618506E-03,-1.182369E-01,-3.584836E-02,-1.330911E-01,2.939920E-03,-1.253094E-01,3.222562E-02,0.000000E+00,0.000000E+00,-5.693739E+00
1.190000E+00,-1.264017E-01,3.564246E-03,-1.166593E-01,-5.425964E-02,-1.332156E-01,2.969637E-03,-1.244703E-01,2.971677E-02,0.000000E+00,0.000000E+00,-4.987244E+00
1.191000E+00,-1.265179E-01,3.495771E-03,-1.162604E-01,-6.847527E-02,-1.333392E-01,2.993402E-03,-1.236468E-01,2.376537E-02,0.000000E+00,0.000000E+00,-4.212077E+00
1.192000E+00,-1.266344E-01,3.415413E-03,-1.164476E-01,-8.035810E-02,-1.334620E-01,3.009253E-03,-1.228111E-01,1.585099E-02,0.000000E+00,0.000000E+00,-3.404375E+00
1.193000E+00,-1.267510E-01,3.322823E-03,-1.165832E-01,-9.258971E-02,-1.335838E-01,3.017609E-03,-1.217911E-01,8.356206E-03,0.000000E+00,0.000000E+00,-2.557623E+00
1.194000E+00,-1.268678E-01,3.218527E-03,-1.168808E-01,-1.042964E-01,-1.337045E-01,3.018085E-03,-1.206949E-01,4.758750E-04,0.000000E+00,0.000000E+00,-1.679353E+00
1.195000E+00,-1.269837E-01,3.142320E-03,-1.158279E-01,-7.620691E-02,-1.338225E-01,3.046576E-03,-1.180349E-01,2.849114E-02,0.000000E+00,0.000000E+00,-8.020833E-01
1.196000E+00,-1.270948E-01,3.138646E-03,-1.111479E-01,-3.673533E-03,-1.339341E-01,3.094324E-03,-1.115744E-01,4.774798E-02,0.000000E+00,0.000000E+00,-3.712998E-01
1.197000E+00,-1.272077E-01,3.154998E-03,-1.128498E-01,1.635186E-02,-1.340469E-01,3.132678E-03,-1.128103E-01,3.835353E-02,0.000000E+00,0.000000E+00,-1.869878E-01
1.198000E+00,-1.273218E-01,3.172590E-03,-1.141128E-01,1.759170E-02,-1.341609E-01,3.166789E-03,-1.139929E-01,3.411061E-02,0.000000E+00,0.000000E+00,-4.860236E-02
1.199000E+00,-1.274371E-01,3.189883E-03,-1.153056E-01,1.729342E-02,-1.342761E-01,3.198815E-03,-1.151587E-01,3.202647E-02,0.000000E+00,0.000000E+00,7.482725E-02
1.200000E+00,-1.275543E-01,3.205190E-03,-1.171918E-01,1.530636E-02,-1.343931E-01,3.227066E-03,-1.170469E-01,2.825110E-02,0.000000E+00,0.000000E+00,1.832792E-01
1.201000E+00,-1.276738E-01,3.217903E-03,-1.194805E-01,1.271317E-02,-1.345124E-01,3.254713E-03,-1.193243E-01,2.764670E-02,0.000000E+00,0.000000E+00,3.083969E-01
1.202000E+00,-1.277953E-01,3.228718E-03,-1.215497E-01,1.081496E-02,-1.346338E-01,3.280188E-03,-1.213796E-01,2.547544E-02,0.000000E+00,0.000000E+00,4.312307E-01
1.203000E+00,-1.279182E-01,3.238439E-03,-1.228576E-01,9.720944E-03,-1.347565E-01,3.301627E-03,-1.226637E-01,2.143907E-02,0.000000E+00,0.000000E+00,5.294178E-01
1.204000E+00,-1.280431E-01,3.245950E-03,-1.249726E-01,7.511439E-03,-1.348812E-01,3.319159E-03,-1.247562E-01,1.753139E-02,0.000000E+00,0.000000E+00,6.133823E-01
1.205000E+00,-1.281700E-01,3.253650E-03,-1.268234E-01,7.699834E-03,-1.350079E-01,3.327840E-03,-1.266936E-01,8.680856E-03,0.000000E+00,0.000000E+00,6.216130E-01
1.206000E+00,-1.282997E-01,3.261074E-03,-1.297321E-01,7.424231E-03,-1.351376E-01,3.332446E-03,-1.296247E-01,4.606294E-03,0.000000E+00,0.000000E+00,5.980135E-01
1.207000E+00,-1.284317E-01,3.273400E-03,-1.320539E-01,1.232591E-02,-1.352697E-01,3.329097E-03,-1.321029E-01,-3.348997E-03,0.000000E+00,0.000000E+00,4.666785E-01
1.208000E+00,-1.285664E-01,3.292005E-03,-1.346738E-01,1.860453E-02,-1.354045E-01,3.318417E-03,-1.348053E-01,-1.067942E-02,0.000000E+00,0.000000E+00,2.213096E-01
1.209000E+00,-1.287018E-01,3.305808E-03,-1.354071E-01,1.380317E-02,-1.355399E-01,3.297526E-03,-1.354181E-01,-2.089111E-02,0.000000E+00,0.000000E+00,-6.939125E-02
1.210000E+00,-1.288373E-01,3.311155E-03,-1.354863E-01,5.346966E-03,-1.356752E-01,3.265438E-03,-1.352967E-01,-3.208832E-02,0.000000E+00,0.000000E+00,-3.830646E-01
1.211000E+00,-1.289727E-01,3.310893E-03,-1.353953E-01,-2.623768E-04,-1.358103E-01,3.236448E-03,-1.351077E-01,-2.899001E-02,0.000000E+00,0.000000E+00,-6.237860E-01
1.212000E+00,-1.291043E-01,3.298179E-03,-1.316085E-01,-1.271309E-02,-1.359420E-01,3.240290E-03,-1.317295E-01,3.841506E-03,0.000000E+00,0.000000E+00,-4.850707E-01
1.213000E+00,-1.292309E-01,3.302295E-03,-1.266083E-01,4.115526E-03,-1.360687E-01,3.250950E-03,-1.266485E-01,1.066090E-02,0.000000E+00,0.000000E+00,-4.302254E-01
1.214000E+00,-1.293520E-01,3.306706E-03,-1.210603E-01,4.411299E-03,-1.361898E-01,3.269330E-03,-1.211676E-01,1.837955E-02,0.000000E+00,0.000000E+00,-3.131808E-01
1.215000E+00,-1.294679E-01,3.308014E-03,-1.158826E-01,1.307982E-03,-1.363059E-01,3.295027E-03,-1.160262E-01,2.569656E-02,0.000000E+00,0.000000E+00,-1.088246E-01
1.216000E+00,-1.295798E-01,3.304878E-03,-1.119357E-01,-3.136154E-03,-1.364179E-01,3.321769E-03,-1.120388E-01,2.674258E-02,0.000000E+00,0.000000E+00,1.415276E-01
1.217000E+00,-1.296867E-01,3.314089E-03,-1.068799E-01,9.210719E-03,-1.365249E-01,3.341023E-03,-1.069719E-01,1.925378E-02,0.000000E+00,0.000000E+00,2.256736E-01
1.218000E+00,-1.297918E-01,3.323847E-03,-1.051450E-01,9.758213E-03,-1.366302E-01,3.346620E-03,-1.053140E-01,5.597552E-03,0.000000E+00,0.000000E+00,1.908080E-01
1.219000E+00,-1.298970E-01,3.324358E-03,-1.051673E-01,5.107452E-04,-1.367355E-01,3.341727E-03,-1.053503E-01,-4.893879E-03,0.000000E+00,0.000000E+00,1.455214E-01
1.220000E+00,-1.300024E-01,3.314485E-03,-1.053977E-01,-9.872951E-03,-1.368411E-01,3.327770E-03,-1.055751E-01,-1.395673E-02,0.000000E+00,0.000000E+00,1.113033E-01
1.221000E+00,-1.301080E-01,3.294417E-03,-1.056351E-01,-2.006809E-02,-1.369469E-01,3.304643E-03,-1.058078E-01,-2.312647E-02,0.000000E+00,0.000000E+00,8.567765E-02
1.222000E+00,-1.302139E-01,3.264528E-03,-1.058530E-01,-2.988874E-02,-1.370529E-01,3.272034E-03,-1.060206E-01,-3.260984E-02,0.000000E+00,0.000000E+00,6.287898E-02
1.223000E+00,-1.303199E-01,3.225296E-03,-1.060284E-01,-3.923163E-02,-1.371591E-01,3.229473E-03,-1.061889E-01,-4.256079E-02,0.000000E+00,0.000000E+00,3.498736E-02
1.224000E+00,-1.304278E-01,3.181501E-03,-1.078460E-01,-4.379555E-02,-1.372671E-01,3.195566E-03,-1.080025E-01,-3.390652E-02,0.000000E+00,0.000000E+00,1.178301E-01
1.225000E+00,-1.305387E-01,3.180466E-03,-1.109243E-01,-1.034884E-03,-1.373782E-01,3.200827E-03,-1.110777E-01,5.260710E-03,0.000000E+00,0.000000E+00,1.705663E-01
1.226000E+00,-1.306531E-01,3.207320E-03,-1.144060E-01,2.685426E-02,-1.374928E-01,3.214947E-03,-1.145799E-01,1.412056E-02,0.000000E+00,0.000000E+00,6.389298E-02
1.227000E+00,-1.307729E-01,3.250819E-03,-1.198017E-01,4.349863E-02,-1.376127E-01,3.225854E-03,-1.198824E-01,1.090643E-02,0.000000E+00,0.000000E+00,-2.091264E-01
1.228000E+00,-1.308969E-01,3.299689E-03,-1.239682E-01,4.887010E-02,-1.377365E-01,3.236324E-03,-1.238176E-01,1.047007E-02,0.000000E+00,0.000000E+00,-5.307946E-01
1.229000E+00,-1.310231E-01,3.341537E-03,-1.262418E-01,4.184763E-02,-1.378624E-01,3.246577E-03,-1.259347E-01,1.025325E-02,0.000000E+00,0.000000E+00,-7.954613E-01
1.230000E+00,-1.311515E-01,3.376269E-03,-1.283825E-01,3.473195E-02,-1.379904E-01,3.256326E-03,-1.279985E-01,9.748892E-03,0.000000E+00,0.000000E+00,-1.004759E+00
1.231000E+00,-1.312821E-01,3.408408E-03,-1.305731E-01,3.213992E-02,-1.381204E-01,3.259240E-03,-1.299556E-01,2.914197E-03,0.000000E+00,0.000000E+00,-1.249626E+00
1.232000E+00,-1.314145E-01,3.431365E-03,-1.324160E-01,2.295671E-02,-1.382522E-01,3.262388E-03,-1.318507E-01,3.147533E-03,0.000000E+00,0.000000E+00,-1.415627E+00
1.233000E+00,-1.315480E-01,3.440083E-03,-1.335251E-01,8.718279E-03,-1.383854E-01,3.266704E-03,-1.332172E-01,4.316207E-03,0.000000E+00,0.000000E+00,-1.452555E+00
1.234000E+00,-1.316824E-01,3.439328E-03,-1.344256E-01,-7.554962E-04,-1.385196E-01,3.266609E-03,-1.341577E-01,-9.459676E-05,0.000000E+00,0.000000E+00,-1.447077E+00
1.235000E+00,-1.318167E-01,3.427008E-03,-1.342941E-01,-1.231993E-02,-1.386536E-01,3.257010E-03,-1.340057E-01,-9.599198E-03,0.000000E+00,0.000000E+00,-1.424352E+00
1.236000E+00,-1.319507E-01,3.404951E-03,-1.339422E-01,-2.205704E-02,-1.387871E-01,3.234935E-03,-1.335272E-01,-2.207516E-02,0.000000E+00,0.000000E+00,-1.424590E+00
1.237000E+00,-1.320844E-01,3.373231E-03,-1.337235E-01,-3.171995E-02,-1.389203E-01,3.200807E-03,-1.331926E-01,-3.412778E-02,0.000000E+00,0.000000E+00,-1.444869E+00
1.238000E+00,-1.322155E-01,3.308751E-03,-1.311574E-01,-6.448025E-02,-1.390515E-01,3.170732E-03,-1.311735E-01,-3.007503E-02,0.000000E+00,0.000000E+00,-1.156647E+00
1.239000E+00,-1.323454E-01,3.219156E-03,-1.298879E-01,-8.959528E-02,-1.391812E-01,3.141559E-03,-1.297284E-01,-2.917312E-02,0.000000E+00,0.000000E+00,-6.503622E-01
1.240000E+00,-1.324755E-01,3.118720E-03,-1.301106E-01,-1.004355E-01,-1.393103E-01,3.100075E-03,-1.290798E-01,-4.148419E-02,0.000000E+00,0.000000E+00,-1.563000E-01
1.241000E+00,-1.326001E-01,3.039227E-03,-1.245828E-01,-7.949292E-02,-1.394331E-01,3.061055E-03,-1.228227E-01,-3.901980E-02,0.000000E+00,0.000000E+00,1.830313E-01
1.242000E+00,-1.327098E-01,3.005779E-03,-1.096680E-01,-3.344803E-02,-1.395408E-01,3.079460E-03,-1.076686E-01,1.840453E-02,0.000000E+00,0.000000E+00,6.179796E-01
1.243000E+00,-1.328146E-01,2.987686E-03,-1.048175E-01,-1.809287E-02,-1.396433E-01,3.110618E-03,-1.024680E-01,3.115850E-02,0.000000E+00,0.000000E+00,1.031347E+00
1.244000E+00,-1.329155E-01,2.974129E-03,-1.009125E-01,-1.355705E-02,-1.397416E-01,3.144409E-03,-9.830619E-02,3.379033E-02,0.000000E+00,0.000000E+00,1.428975E+00
1.245000E+00,-1.330135E-01,2.962779E-03,-9.801557E-02,-1.134964E-02,-1.398368E-01,3.176830E-03,-9.525232E-02,3.242170E-02,0.000000E+00,0.000000E+00,1.796812E+00
1.246000E+00,-1.331117E-01,2.981331E-03,-9.814911E-02,1.855148E-02,-1.399331E-01,3.207786E-03,-9.622039E-02,3.095535E-02,0.000000E+00,0.000000E+00,1.901397E+00
1.247000E+00,-1.332105E-01,3.013723E-03,-9.885178E-02,3.239231E-02,-1.400306E-01,3.233215E-03,-9.753059E-02,2.542967E-02,0.000000E+00,0.000000E+00,1.843334E+00
1.248000E+00,-1.333103E-01,3.050267E-03,-9.974343E-02,3.654397E-02,-1.401293E-01,3.251197E-03,-9.875144E-02,1.798126E-02,0.000000E+00,0.000000E+00,1.687780E+00
1.249000E+00,-1.334111E-01,3.085402E-03,-1.007890E-01,3.513471E-02,-1.402294E-01,3.262331E-03,-1.000585E-01,1.113477E-02,0.000000E+00,0.000000E+00,1.486440E+00
1.250000E+00,-1.335133E-01,3.121324E-03,-1.022043E-01,3.592220E-02,-1.403311E-01,3.267979E-03,-1.016575E-01,5.647501E-03,0.000000E+00,0.000000E+00,1.232278E+00
1.251000E+00,-1.336167E-01,3.163766E-03,-1.034570E-01,4.244165E-02,-1.404341E-01,3.277428E-03,-1.030062E-01,9.448977E-03,0.000000E+00,0.000000E+00,9.551760E-01
1.252000E+00,-1.337227E-01,3.208455E-03,-1.059603E-01,4.468931E-02,-1.405394E-01,3.287201E-03,-1.053808E-01,9.773280E-03,0.000000E+00,0.000000E+00,6.618419E-01
1.253000E+00,-1.338321E-01,3.252990E-03,-1.094221E-01,4.453469E-02,-1.406480E-01,3.298372E-03,-1.085451E-01,1.117107E-02,0.000000E+00,0.000000E+00,3.814887E-01
1.254000E+00,-1.339459E-01,3.303299E-03,-1.137543E-01,5.030898E-02,-1.407607E-01,3.307439E-03,-1.126761E-01,9.066886E-03,0.000000E+00,0.000000E+00,3.480937E-02
1.255000E+00,-1.340620E-01,3.344692E-03,-1.161115E-01,4.139369E-02,-1.408755E-01,3.316239E-03,-1.148037E-01,8.800024E-03,0.000000E+00,0.000000E+00,-2.392683E-01
1.256000E+00,-1.341783E-01,3.375345E-03,-1.163095E-01,3.065300E-02,-1.409903E-01,3.314722E-03,-1.148697E-01,-1.517272E-03,0.000000E+00,0.000000E+00,-5.098894E-01
1.257000E+00,-1.342947E-01,3.396827E-03,-1.163710E-01,2.148151E-02,-1.411051E-01,3.301411E-03,-1.147190E-01,-1.331086E-02,0.000000E+00,0.000000E+00,-8.026818E-01
1.258000E+00,-1.344110E-01,3.409292E-03,-1.163635E-01,1.246510E-02,-1.412195E-01,3.275895E-03,-1.144632E-01,-2.551549E-02,0.000000E+00,0.000000E+00,-1.122434E+00
1.259000E+00,-1.345273E-01,3.412858E-03,-1.162490E-01,3.565593E-03,-1.413336E-01,3.237940E-03,-1.140631E-01,-3.795556E-02,0.000000E+00,0.000000E+00,-1.472141E+00
1.260000E+00,-1.346433E-01,3.407582E-03,-1.160074E-01,-5.275723E-03,-1.414471E-01,3.187563E-03,-1.135013E-01,-5.037638E-02,0.000000E+00,0.000000E+00,-1.852161E+00
1.261000E+00,-1.347589E-01,3.393414E-03,-1.156441E-01,-1.416753E-02,-1.415599E-01,3.125084E-03,-1.127940E-01,-6.247971E-02,0.000000E+00,0.000000E+00,-2.259425E+00
1.262000E+00,-1.348717E-01,3.365260E-03,-1.127371E-01,-2.815472E-02,-1.416724E-01,3.115514E-03,-1.125334E-01,-9.569331E-03,0.000000E+00,0.000000E+00,-2.103139E+00
1.263000E+00,-1.349814E-01,3.323957E-03,-1.097700E-01,-4.130298E-02,-1.417831E-01,3.125560E-03,-1.106846E-01,1.004554E-02,0.000000E+00,0.000000E+00,-1.670779E+00
1.264000E+00,-1.350849E-01,3.286077E-03,-1.034960E-01,-3.788003E-02,-1.418876E-01,3.150377E-03,-1.045569E-01,2.481747E-02,0.000000E+00,0.000000E+00,-1.142772E+00
1.265000E+00,-1.351777E-01,3.277334E-03,-9.279882E-02,-8.742215E-03,-1.419814E-01,3.193548E-03,-9.379999E-02,4.317029E-02,0.000000E+00,0.000000E+00,-7.055523E-01
1.266000E+00,-1.352622E-01,3.278337E-03,-8.445382E-02,1.002508E-03,-1.420669E-01,3.249137E-03,-8.548634E-02,5.558970E-02,0.000000E+00,0.000000E+00,-2.458575E-01
1.267000E+00,-1.353405E-01,3.281194E-03,-7.827676E-02,2.857087E-03,-1.421461E-01,3.310642E-03,-7.912696E-02,6.150444E-02,0.000000E+00,0.000000E+00,2.479167E-01
1.268000E+00,-1.354147E-01,3.282767E-03,-7.427841E-02,1.572452E-03,-1.422209E-01,3.368678E-03,-7.479855E-02,5.803623E-02,0.000000E+00,0.000000E+00,7.231878E-01
1.269000E+00,-1.354856E-01,3.282357E-03,-7.091519E-02,-4.093115E-04,-1.422920E-01,3.421892E-03,-7.117102E-02,5.321421E-02,0.000000E+00,0.000000E+00,1.174434E+00
1.270000E+00,-1.355538E-01,3.280644E-03,-6.813268E-02,-1.713629E-03,-1.423602E-01,3.469874E-03,-6.819112E-02,4.798189E-02,0.000000E+00,0.000000E+00,1.592509E+00
1.271000E+00,-1.356198E-01,3.278891E-03,-6.606548E-02,-1.752719E-03,-1.424262E-01,3.513050E-03,-6.598607E-02,4.317571E-02,0.000000E+00,0.000000E+00,1.970367E+00
1.272000E+00,-1.356852E-01,3.280504E-03,-6.537816E-02,1.613601E-03,-1.424920E-01,3.543073E-03,-6.579146E-02,3.002344E-02,0.000000E+00,0.000000E+00,2.209068E+00
1.273000E+00,-1.357508E-01,3.291029E-03,-6.562646E-02,1.052442E-02,-1.425597E-01,3.545094E-03,-6.767366E-02,2.020581E-03,0.000000E+00,0.000000E+00,2.136948E+00
1.274000E+00,-1.358159E-01,3.301361E-03,-6.504781E-02,1.033170E-02,-1.426276E-01,3.531105E-03,-6.797505E-02,-1.398869E-02,0.000000E+00,0.000000E+00,1.931722E+00
1.275000E+00,-1.358805E-01,3.306290E-03,-6.460496E-02,4.929617E-03,-1.426956E-01,3.501285E-03,-6.799550E-02,-2.981981E-02,0.000000E+00,0.000000E+00,1.638903E+00
1.276000E+00,-1.359447E-01,3.305761E-03,-6.417050E-02,-5.291486E-04,-1.427634E-01,3.456033E-03,-6.778067E-02,-4.525197E-02,0.000000E+00,0.000000E+00,1.262486E+00
1.277000E+00,-1.360087E-01,3.304674E-03,-6.405003E-02,-1.087193E-03,-1.428310E-01,3.397061E-03,-6.760755E-02,-5.897259E-02,0.000000E+00,0.000000E+00,7.758461E-01
1.278000E+00,-1.360733E-01,3.309927E-03,-6.457788E-02,5.252781E-03,-1.428987E-01,3.326692E-03,-6.763299E-02,-7.036919E-02,0.000000E+00,0.000000E+00,1.407344E-01
1.279000E+00,-1.361376E-01,3.307017E-03,-6.425786E-02,-2.909503E-03,-1.429650E-01,3.245004E-03,-6.634440E-02,-8.168761E-02,0.000000E+00,0.000000E+00,-5.203977E-01
1.280000E+00,-1.362029E-01,3.296740E-03,-6.537259E-02,-1.027683E-02,-1.430316E-01,3.166414E-03,-6.662771E-02,-7.858990E-02,0.000000E+00,0.000000E+00,-1.093360E+00
1.281000E+00,-1.362718E-01,3.293014E-03,-6.887887E-02,-3.726312E-03,-1.431008E-01,3.096141E-03,-6.921114E-02,-7.027324E-02,0.000000E+00,0.000000E+00,-1.651312E+00
1.282000E+00,-1.363403E-01,3.276926E-03,-6.852267E-02,-1.608794E-02,-1.431692E-01,3.019589E-03,-6.831600E-02,-7.655239E-02,0.000000E+00,0.000000E+00,-2.158111E+00
1.283000E+00,-1.364102E-01,3.253441E-03,-6.987938E-02,-2.348476E-02,-1.432388E-01,2.950905E-03,-6.959626E-02,-6.868366E-02,0.000000E+00,0.000000E+00,-2.536810E+00
1.284000E+00,-1.364842E-01,3.230459E-03,-7.400774E-02,-2.298205E-02,-1.433133E-01,2.912594E-03,-7.454974E-02,-3.831121E-02,0.000000E+00,0.000000E+00,-2.664955E+00
1.285000E+00,-1.365601E-01,3.202544E-03,-7.588577E-02,-2.791505E-02,-1.433900E-01,2.880854E-03,-7.673152E-02,-3.173964E-02,0.000000E+00,0.000000E+00,-2.696640E+00
1.286000E+00,-1.366372E-01,3.167813E-03,-7.709852E-02,-3.473100E-02,-1.434681E-01,2.847975E-03,-7.802596E-02,-3.287905E-02,0.000000E+00,0.000000E+00,-2.680775E+00
1.287000E+00,-1.367152E-01,3.125483E-03,-7.794698E-02,-4.233060E-02,-1.435469E-01,2.810895E-03,-7.885711E-02,-3.707980E-02,0.000000E+00,0.000000E+00,-2.636476E+00
1.288000E+00,-1.367922E-01,3.078335E-03,-7.704163E-02,-4.714725E-02,-1.436252E-01,2.780969E-03,-7.832377E-02,-2.992577E-02,0.000000E+00,0.000000E+00,-2.491867E+00
1.289000E+00,-1.368638E-01,3.032100E-03,-7.162154E-02,-4.623546E-02,-1.436992E-01,2.783708E-03,-7.393555E-02,2.738192E-03,0.000000E+00,0.000000E+00,-2.081170E+00
1.290000E+00,-1.369329E-01,2.980852E-03,-6.908830E-02,-5.124841E-02,-1.437704E-01,2.796462E-03,-7.123216E-02,1.275481E-02,0.000000E+00,0.000000E+00,-1.544736E+00
1.291000E+00,-1.370006E-01,2.893252E-03,-6.767165E-02,-8.759989E-02,-1.438401E-01,2.819413E-03,-6.967639E-02,2.295081E-02,0.000000E+00,0.000000E+00,-6.185322E-01
1.292000E+00,-1.370562E-01,2.864784E-03,-5.566324E-02,-2.846788E-02,-1.438960E-01,2.871868E-03,-5.588487E-02,5.245464E-02,0.000000E+00,0.000000E+00,5.934317E-02
1.293000E+00,-1.371038E-01,2.867956E-03,-4.757981E-02,3.172446E-03,-1.439430E-01,2.936794E-03,-4.697976E-02,6.492623E-02,0.000000E+00,0.000000E+00,5.766792E-01
1.294000E+00,-1.371495E-01,2.878522E-03,-4.568226E-02,1.056588E-02,-1.439876E-01,3.003029E-03,-4.459543E-02,6.623468E-02,0.000000E+00,0.000000E+00,1.043122E+00
1.295000E+00,-1.371960E-01,2.893925E-03,-4.654157E-02,1.540249E-02,-1.440329E-01,3.059773E-03,-4.537650E-02,5.674391E-02,0.000000E+00,0.000000E+00,1.389599E+00
1.296000E+00,-1.372473E-01,2.921737E-03,-5.122580E-02,2.781264E-02,-1.440835E-01,3.104166E-03,-5.060349E-02,4.439302E-02,0.000000E+00,0.000000E+00,1.528598E+00
1.297000E+00,-1.373021E-01,2.952916E-03,-5.486001E-02,3.117860E-02,-1.441380E-01,3.141739E-03,-5.451231E-02,3.757317E-02,0.000000E+00,0.000000E+00,1.582233E+00
1.298000E+00,-1.373601E-01,2.984625E-03,-5.800426E-02,3.170938E-02,-1.441959E-01,3.173220E-03,-5.782049E-02,3.148070E-02,0.000000E+00,0.000000E+00,1.580360E+00
1.299000E+00,-1.374210E-01,3.017429E-03,-6.084179E-02,3.280430E-02,-1.442567E-01,3.196497E-03,-6.088294E-02,2.327790E-02,0.000000E+00,0.000000E+00,1.500561E+00
1.300000E+00,-1.374862E-01,3.053414E-03,-6.517881E-02,3.598411E-02,-1.443221E-01,3.218187E-03,-6.532187E-02,2.168983E-02,0.000000E+00,0.000000E+00,1.380796E+00
1.301000E+00,-1.375560E-01,3.093652E-03,-6.986102E-02,4.023842E-02,-1.443922E-01,3.238936E-03,-7.008173E-02,2.074867E-02,0.000000E+00,0.000000E+00,1.217486E+00
1.302000E+00,-1.376295E-01,3.137190E-03,-7.352229E-02,4.353784E-02,-1.444660E-01,3.253293E-03,-7.381984E-02,1.435690E-02,0.000000E+00,0.000000E+00,9.729591E-01
1.303000E+00,-1.377087E-01,3.186475E-03,-7.914590E-02,4.928468E-02,-1.445453E-01,3.270154E-03,-7.935285E-02,1.686071E-02,0.000000E+00,0.000000E+00,7.012530E-01
1.304000E+00,-1.377921E-01,3.232552E-03,-8.343408E-02,4.607719E-02,-1.446287E-01,3.287469E-03,-8.340492E-02,1.731523E-02,0.000000E+00,0.000000E+00,4.602351E-01
1.305000E+00,-1.378808E-01,3.283763E-03,-8.866742E-02,5.121139E-02,-1.447172E-01,3.303790E-03,-8.849346E-02,1.632090E-02,0.000000E+00,0.000000E+00,1.678413E-01
1.306000E+00,-1.379701E-01,3.322851E-03,-8.935227E-02,3.908780E-02,-1.448061E-01,3.311095E-03,-8.891521E-02,7.305625E-03,0.000000E+00,0.000000E+00,-9.852891E-02
1.307000E+00,-1.380626E-01,3.357212E-03,-9.244229E-02,3.436076E-02,-1.448981E-01,3.323504E-03,-9.198110E-02,1.240897E-02,0.000000E+00,0.000000E+00,-2.825341E-01
1.308000E+00,-1.381550E-01,3.383727E-03,-9.240591E-02,2.651494E-02,-1.449899E-01,3.324683E-03,-9.182621E-02,1.179113E-03,0.000000E+00,0.000000E+00,-4.949319E-01
1.309000E+00,-1.382474E-01,3.402897E-03,-9.240657E-02,1.917040E-02,-1.450816E-01,3.314365E-03,-9.166321E-02,-1.031873E-02,0.000000E+00,0.000000E+00,-7.421834E-01
1.310000E+00,-1.383399E-01,3.415017E-03,-9.249614E-02,1.212008E-02,-1.451731E-01,3.292377E-03,-9.153389E-02,-2.198721E-02,0.000000E+00,0.000000E+00,-1.028203E+00
1.311000E+00,-1.384326E-01,3.420057E-03,-9.270875E-02,5.039575E-03,-1.452646E-01,3.258688E-03,-9.146886E-02,-3.368913E-02,0.000000E+00,0.000000E+00,-1.353042E+00
1.312000E+00,-1.385272E-01,3.420977E-03,-9.455953E-02,9.206067E-04,-1.453580E-01,3.229510E-03,-9.342872E-02,-2.917815E-02,0.000000E+00,0.000000E+00,-1.605558E+00
1.313000E+00,-1.386246E-01,3.409138E-03,-9.742234E-02,-1.183897E-02,-1.454554E-01,3.230941E-03,-9.738030E-02,1.431092E-03,0.000000E+00,0.000000E+00,-1.494343E+00
1.314000E+00,-1.387192E-01,3.384982E-03,-9.461134E-02,-2.415622E-02,-1.455505E-01,3.243433E-03,-9.503630E-02,1.249154E-02,0.000000E+00,0.000000E+00,-1.187044E+00
1.315000E+00,-1.388100E-01,3.346808E-03,-9.077252E-02,-3.817368E-02,-1.456419E-01,3.270974E-03,-9.141939E-02,2.754131E-02,0.000000E+00,0.000000E+00,-6.359569E-01
1.316000E+00,-1.388971E-01,3.294101E-03,-8.718438E-02,-5.270735E-02,-1.457291E-01,3.315314E-03,-8.721221E-02,4.433957E-02,0.000000E+00,0.000000E+00,1.778985E-01
1.317000E+00,-1.389845E-01,3.229628E-03,-8.733684E-02,-6.447352E-02,-1.458149E-01,3.357187E-03,-8.586130E-02,4.187357E-02,0.000000E+00,0.000000E+00,1.069881E+00
1.318000E+00,-1.390731E-01,3.154229E-03,-8.858908E-02,-7.539885E-02,-1.459004E-01,3.390823E-03,-8.540822E-02,3.363610E-02,0.000000E+00,0.000000E+00,1.984750E+00
1.319000E+00,-1.391629E-01,3.068188E-03,-8.984448E-02,-8.604024E-02,-1.459852E-01,3.416253E-03,-8.483885E-02,2.542941E-02,0.000000E+00,0.000000E+00,2.920627E+00
1.320000E+00,-1.392579E-01,3.011826E-03,-9.501434E-02,-5.636206E-02,-1.460756E-01,3.442411E-03,-9.035948E-02,2.615816E-02,0.000000E+00,0.000000E+00,3.613861E+00
1.321000E+00,-1.393574E-01,2.974595E-03,-9.948775E-02,-3.723132E-02,-1.461713E-01,3.466537E-03,-9.570166E-02,2.412559E-02,0.000000E+00,0.000000E+00,4.129440E+00
1.322000E+00,-1.394565E-01,2.943066E-03,-9.905240E-02,-3.152934E-02,-1.462683E-01,3.468829E-03,-9.705722E-02,2.292809E-03,0.000000E+00,0.000000E+00,4.413551E+00
1.323000E+00,-1.395585E-01,2.966026E-03,-1.020797E-01,2.296000E-02,-1.463747E-01,3.441881E-03,-1.063961E-01,-2.694880E-02,0.000000E+00,0.000000E+00,3.993495E+00
1.324000E+00,-1.396659E-01,3.016611E-03,-1.073186E-01,5.058547E-02,-1.464885E-01,3.400204E-03,-1.137594E-01,-4.167697E-02,0.000000E+00,0.000000E+00,3.217996E+00
1.325000E+00,-1.397775E-01,3.076303E-03,-1.116544E-01,5.969159E-02,-1.466055E-01,3.356091E-03,-1.170790E-01,-4.411246E-02,0.000000E+00,0.000000E+00,2.346465E+00
1.326000E+00,-1.398938E-01,3.131896E-03,-1.162856E-01,5.559363E-02,-1.467247E-01,3.328488E-03,-1.191380E-01,-2.760355E-02,0.000000E+00,0.000000E+00,1.648505E+00
1.327000E+00,-1.400143E-01,3.192683E-03,-1.204939E-01,6.078685E-02,-1.468470E-01,3.299502E-03,-1.223049E-01,-2.898514E-02,0.000000E+00,0.000000E+00,8.956633E-01
1.328000E+00,-1.401394E-01,3.260927E-03,-1.250694E-01,6.824346E-02,-1.469727E-01,3.264562E-03,-1.257383E-01,-3.494055E-02,0.000000E+00,0.000000E+00,3.047998E-02
1.329000E+00,-1.402662E-01,3.320415E-03,-1.268576E-01,5.948785E-02,-1.470988E-01,3.224509E-03,-1.260590E-01,-4.005272E-02,0.000000E+00,0.000000E+00,-8.041805E-01
1.330000E+00,-1.403942E-01,3.368500E-03,-1.279499E-01,4.808503E-02,-1.472246E-01,3.176171E-03,-1.258288E-01,-4.833799E-02,0.000000E+00,0.000000E+00,-1.612882E+00
1.331000E+00,-1.405231E-01,3.405655E-03,-1.289048E-01,3.715563E-02,-1.473502E-01,3.118973E-03,-1.255599E-01,-5.719776E-02,0.000000E+00,0.000000E+00,-2.404538E+00
1.332000E+00,-1.406528E-01,3.432187E-03,-1.297077E-01,2.653202E-02,-1.474754E-01,3.052509E-03,-1.251913E-01,-6.646427E-02,0.000000E+00,0.000000E+00,-3.185238E+00
1.333000E+00,-1.407812E-01,3.452338E-03,-1.284438E-01,2.015037E-02,-1.475985E-01,2.986485E-03,-1.230878E-01,-6.602420E-02,0.000000E+00,0.000000E+00,-3.909211E+00
1.334000E+00,-1.409062E-01,3.472511E-03,-1.250146E-01,2.017364E-02,-1.477183E-01,2.939678E-03,-1.198819E-01,-4.680668E-02,0.000000E+00,0.000000E+00,-4.472496E+00
1.335000E+00,-1.410317E-01,3.487073E-03,-1.254123E-01,1.456139E-02,-1.478388E-01,2.896502E-03,-1.204202E-01,-4.317591E-02,0.000000E+00,0.000000E+00,-4.958452E+00
1.336000E+00,-1.411582E-01,3.493560E-03,-1.264932E-01,6.487212E-03,-1.479603E-01,2.850347E-03,-1.215307E-01,-4.615582E-02,0.000000E+00,0.000000E+00,-5.401855E+00
1.337000E+00,-1.412855E-01,3.490715E-03,-1.273685E-01,-2.844587E-03,-1.480827E-01,2.798128E-03,-1.223642E-01,-5.221900E-02,0.000000E+00,0.000000E+00,-5.818023E+00
1.338000E+00,-1.414088E-01,3.484529E-03,-1.233132E-01,-6.186728E-03,-1.482024E-01,2.762027E-03,-1.197934E-01,-3.610066E-02,0.000000E+00,0.000000E+00,-6.070597E+00
1.339000E+00,-1.415199E-01,3.485128E-03,-1.110905E-01,5.990298E-04,-1.483143E-01,2.780954E-03,-1.118482E-01,1.892671E-02,0.000000E+00,0.000000E+00,-5.917056E+00
1.340000E+00,-1.416273E-01,3.481060E-03,-1.074121E-01,-4.067844E-03,-1.484240E-01,2.813870E-03,-1.096914E-01,3.291641E-02,0.000000E+00,0.000000E+00,-5.606450E+00
1.341000E+00,-1.417321E-01,3.447821E-03,-1.047757E-01,-3.323906E-02,-1.485346E-01,2.854657E-03,-1.106107E-01,4.078729E-02,0.000000E+00,0.000000E+00,-4.983476E+00
1.342000E+00,-1.418364E-01,3.392684E-03,-1.042811E-01,-5.513655E-02,-1.486460E-01,2.896883E-03,-1.114121E-01,4.222553E-02,0.000000E+00,0.000000E+00,-4.164301E+00
1.343000E+00,-1.419415E-01,3.323568E-03,-1.051026E-01,-6.911653E-02,-1.487578E-01,2.937383E-03,-1.117488E-01,4.050058E-02,0.000000E+00,0.000000E+00,-3.242701E+00
1.344000E+00,-1.420472E-01,3.244917E-03,-1.057404E-01,-7.865026E-02,-1.488689E-01,2.978210E-03,-1.111036E-01,4.082643E-02,0.000000E+00,0.000000E+00,-2.238973E+00
1.345000E+00,-1.421539E-01,3.155423E-03,-1.066961E-01,-8.949440E-02,-1.489791E-01,3.017524E-03,-1.102753E-01,3.931415E-02,0.000000E+00,0.000000E+00,-1.157468E+00
1.346000E+00,-1.422581E-01,3.086717E-03,-1.041382E-01,-6.870642E-02,-1.490843E-01,3.066081E-03,-1.052107E-01,4.855688E-02,0.000000E+00,0.000000E+00,-1.732029E-01
1.347000E+00,-1.423593E-01,3.082462E-03,-1.011949E-01,-4.254464E-03,-1.491849E-01,3.124935E-03,-1.005894E-01,5.885426E-02,0.000000E+00,0.000000E+00,3.565214E-01
1.348000E+00,-1.424633E-01,3.096871E-03,-1.040064E-01,1.440907E-02,-1.492881E-01,3.160199E-03,-1.031274E-01,3.526379E-02,0.000000E+00,0.000000E+00,5.316371E-01
1.349000E+00,-1.425706E-01,3.112719E-03,-1.073319E-01,1.584744E-02,-1.493946E-01,3.194428E-03,-1.065281E-01,3.422904E-02,0.000000E+00,0.000000E+00,6.860183E-01
1.350000E+00,-1.426804E-01,3.126748E-03,-1.098044E-01,1.402941E-02,-1.495037E-01,3.227687E-03,-1.091134E-01,3.325898E-02,0.000000E+00,0.000000E+00,8.475311E-01
1.351000E+00,-1.427922E-01,3.138696E-03,-1.117760E-01,1.194830E-02,-1.496149E-01,3.259225E-03,-1.111917E-01,3.153768E-02,0.000000E+00,0.000000E+00,1.012068E+00
1.352000E+00,-1.429062E-01,3.147325E-03,-1.140250E-01,8.628985E-03,-1.497283E-01,3.289972E-03,-1.134497E-01,3.074735E-02,0.000000E+00,0.000000E+00,1.197845E+00
1.353000E+00,-1.430211E-01,3.152644E-03,-1.148816E-01,5.318514E-03,-1.498427E-01,3.313180E-03,-1.143784E-01,2.320776E-02,0.000000E+00,0.000000E+00,1.348113E+00
1.354000E+00,-1.431368E-01,3.156376E-03,-1.156722E-01,3.731762E-03,-1.499581E-01,3.326516E-03,-1.153699E-01,1.333618E-02,0.000000E+00,0.000000E+00,1.428798E+00
1.355000E+00,-1.432537E-01,3.159855E-03,-1.168912E-01,3.479350E-03,-1.500750E-01,3.328680E-03,-1.168595E-01,2.164476E-03,0.000000E+00,0.000000E+00,1.417767E+00
1.356000E+00,-1.433723E-01,3.166362E-03,-1.186056E-01,6.507053E-03,-1.501939E-01,3.319400E-03,-1.189211E-01,-9.280244E-03,0.000000E+00,0.000000E+00,1.285176E+00
1.357000E+00,-1.434930E-01,3.178074E-03,-1.207831E-01,1.171195E-02,-1.503153E-01,3.300322E-03,-1.214168E-01,-1.907792E-02,0.000000E+00,0.000000E+00,1.026577E+00
1.358000E+00,-1.436161E-01,3.194228E-03,-1.230699E-01,1.615460E-02,-1.504391E-01,3.273603E-03,-1.238528E-01,-2.671965E-02,0.000000E+00,0.000000E+00,6.665066E-01
1.359000E+00,-1.437400E-01,3.204735E-03,-1.238446E-01,1.050604E-02,-1.505636E-01,3.236884E-03,-1.244096E-01,-3.671813E-02,0.000000E+00,0.000000E+00,2.699517E-01
1.360000E+00,-1.438597E-01,3.181313E-03,-1.196980E-01,-2.342148E-02,-1.506833E-01,3.218761E-03,-1.197474E-01,-1.812308E-02,0.000000E+00,0.000000E+00,3.144374E-01
1.361000E+00,-1.439761E-01,3.149701E-03,-1.164262E-01,-3.161233E-02,-1.507997E-01,3.213330E-03,-1.164315E-01,-5.431083E-03,0.000000E+00,0.000000E+00,5.342594E-01
1.362000E+00,-1.440871E-01,3.140283E-03,-1.110345E-01,-9.417749E-03,-1.509109E-01,3.226725E-03,-1.111233E-01,1.339477E-02,0.000000E+00,0.000000E+00,7.257752E-01
1.363000E+00,-1.441947E-01,3.151245E-03,-1.075761E-01,1.096243E-02,-1.510186E-01,3.255419E-03,-1.076949E-01,2.869394E-02,0.000000E+00,0.000000E+00,8.746141E-01
1.364000E+00,-1.442985E-01,3.168366E-03,-1.038393E-01,1.712090E-02,-1.511226E-01,3.288088E-03,-1.040036E-01,3.266882E-02,0.000000E+00,0.000000E+00,1.005101E+00
1.365000E+00,-1.444001E-01,3.190185E-03,-1.015684E-01,2.181828E-02,-1.512246E-01,3.309818E-03,-1.020467E-01,2.172970E-02,0.000000E+00,0.000000E+00,1.004287E+00
1.366000E+00,-1.444993E-01,3.217328E-03,-9.915133E-02,2.714340E-02,-1.513245E-01,3.322058E-03,-9.989669E-02,1.224048E-02,0.000000E+00,0.000000E+00,8.791063E-01
1.367000E+00,-1.445964E-01,3.247770E-03,-9.717234E-02,3.044244E-02,-1.514226E-01,3.325029E-03,-9.806522E-02,2.971415E-03,0.000000E+00,0.000000E+00,6.484523E-01
1.368000E+00,-1.446923E-01,3.278179E-03,-9.591792E-02,3.040837E-02,-1.515194E-01,3.318783E-03,-9.679271E-02,-6.246704E-03,0.000000E+00,0.000000E+00,3.407648E-01
1.369000E+00,-1.447879E-01,3.304127E-03,-9.557829E-02,2.594870E-02,-1.516156E-01,3.303942E-03,-9.627850E-02,-1.484030E-02,0.000000E+00,0.000000E+00,-1.553025E-03
1.370000E+00,-1.448841E-01,3.320859E-03,-9.619990E-02,1.673154E-02,-1.517123E-01,3.279513E-03,-9.670640E-02,-2.442907E-02,0.000000E+00,0.000000E+00,-3.469283E-01
1.371000E+00,-1.449808E-01,3.322148E-03,-9.663103E-02,1.288958E-03,-1.518093E-01,3.249573E-03,-9.697257E-02,-2.994059E-02,0.000000E+00,0.000000E+00,-6.089271E-01
1.372000E+00,-1.450767E-01,3.299434E-03,-9.590812E-02,-2.271391E-02,-1.519055E-01,3.223500E-03,-9.617668E-02,-2.607300E-02,0.000000E+00,0.000000E+00,-6.370835E-01
1.373000E+00,-1.451761E-01,3.287512E-03,-9.938947E-02,-1.192161E-02,-1.520053E-01,3.222699E-03,-9.977511E-02,-8.008548E-04,0.000000E+00,0.000000E+00,-5.437566E-01
1.374000E+00,-1.452783E-01,3.290527E-03,-1.022585E-01,3.014329E-03,-1.521078E-01,3.232459E-03,-1.025411E-01,9.759903E-03,0.000000E+00,0.000000E+00,-4.871470E-01
1.375000E+00,-1.453832E-01,3.295942E-03,-1.049376E-01,5.415343E-03,-1.522130E-01,3.244785E-03,-1.052064E-01,1.232619E-02,0.000000E+00,0.000000E+00,-4.291555E-01
1.376000E+00,-1.454910E-01,3.304349E-03,-1.077935E-01,8.407116E-03,-1.523210E-01,3.257706E-03,-1.080297E-01,1.292128E-02,0.000000E+00,0.000000E+00,-3.912741E-01
1.377000E+00,-1.456014E-01,3.312027E-03,-1.103267E-01,7.678186E-03,-1.524316E-01,3.271733E-03,-1.105879E-01,1.402675E-02,0.000000E+00,0.000000E+00,-3.380063E-01
1.378000E+00,-1.457145E-01,3.317139E-03,-1.131757E-01,5.111089E-03,-1.525451E-01,3.287115E-03,-1.134838E-01,1.538228E-02,0.000000E+00,0.000000E+00,-2.518373E-01
1.379000E+00,-1.458301E-01,3.311984E-03,-1.155930E-01,-5.154752E-03,-1.526611E-01,3.302211E-03,-1.159463E-01,1.509583E-02,0.000000E+00,0.000000E+00,-8.196992E-02
1.380000E+00,-1.459477E-01,3.294341E-03,-1.175924E-01,-1.764236E-02,-1.527789E-01,3.314596E-03,-1.178803E-01,1.238520E-02,0.000000E+00,0.000000E+00,1.698846E-01
1.381000E+00,-1.460660E-01,3.266394E-03,-1.182796E-01,-2.794704E-02,-1.528974E-01,3.317250E-03,-1.184627E-01,2.653782E-03,0.000000E+00,0.000000E+00,4.265255E-01
1.382000E+00,-1.461848E-01,3.229299E-03,-1.187949E-01,-3.709517E-02,-1.530163E-01,3.309247E-03,-1.189061E-01,-8.002818E-03,0.000000E+00,0.000000E+00,6.704930E-01
1.383000E+00,-1.463041E-01,3.182965E-03,-1.192778E-01,-4.633458E-02,-1.531356E-01,3.290502E-03,-1.193293E-01,-1.874553E-02,0.000000E+00,0.000000E+00,9.018314E-01
1.384000E+00,-1.464238E-01,3.127220E-03,-1.197215E-01,-5.574437E-02,-1.532554E-01,3.261009E-03,-1.197198E-01,-2.949325E-02,0.000000E+00,0.000000E+00,1.121929E+00
1.385000E+00,-1.465439E-01,3.061856E-03,-1.201199E-01,-6.536469E-02,-1.533754E-01,3.220844E-03,-1.200641E-01,-4.016434E-02,0.000000E+00,0.000000E+00,1.333196E+00
1.386000E+00,-1.466644E-01,2.986665E-03,-1.204702E-01,-7.519092E-02,-1.534958E-01,3.170147E-03,-1.203530E-01,-5.069672E-02,0.000000E+00,0.000000E+00,1.538526E+00
1.387000E+00,-1.467854E-01,2.904706E-03,-1.210281E-01,-8.195816E-02,-1.536168E-01,3.105632E-03,-1.210243E-01,-6.451569E-02,0.000000E+00,0.000000E+00,1.684703E+00
1.388000E+00,-1.469075E-01,2.821150E-03,-1.220862E-01,-8.355654E-02,-1.537393E-01,3.021718E-03,-1.225197E-01,-8.391414E-02,0.000000E+00,0.000000E+00,1.681600E+00
1.389000E+00,-1.470169E-01,2.795814E-03,-1.094177E-01,-2.533632E-02,-1.538501E-01,2.943989E-03,-1.107618E-01,-7.772871E-02,0.000000E+00,0.000000E+00,1.242249E+00
1.390000E+00,-1.471116E-01,2.808756E-03,-9.468491E-02,1.294274E-02,-1.539458E-01,2.888267E-03,-9.571543E-02,-5.572207E-02,0.000000E+00,0.000000E+00,6.665618E-01
1.391000E+00,-1.471897E-01,2.833757E-03,-7.808524E-02,2.500016E-02,-1.540244E-01,2.876767E-03,-7.856303E-02,-1.149977E-02,0.000000E+00,0.000000E+00,3.605576E-01
1.392000E+00,-1.472622E-01,2.863185E-03,-7.249976E-02,2.942883E-02,-1.540971E-01,2.874263E-03,-7.278232E-02,-2.504385E-03,0.000000E+00,0.000000E+00,9.285877E-02
1.393000E+00,-1.473322E-01,2.893381E-03,-7.000213E-02,3.019579E-02,-1.541673E-01,2.872617E-03,-7.011149E-02,-1.646065E-03,0.000000E+00,0.000000E+00,-1.740606E-01
1.394000E+00,-1.474019E-01,2.925532E-03,-6.971532E-02,3.215078E-02,-1.542370E-01,2.887317E-03,-6.977462E-02,1.470063E-02,0.000000E+00,0.000000E+00,-3.203332E-01
1.395000E+00,-1.474735E-01,2.955912E-03,-7.161158E-02,3.038037E-02,-1.543088E-01,2.909816E-03,-7.177707E-02,2.249864E-02,0.000000E+00,0.000000E+00,-3.863903E-01
1.396000E+00,-1.475463E-01,2.987103E-03,-7.278743E-02,3.119120E-02,-1.543817E-01,2.936321E-03,-7.292587E-02,2.650465E-02,0.000000E+00,0.000000E+00,-4.256640E-01
1.397000E+00,-1.476213E-01,3.017904E-03,-7.498778E-02,3.080074E-02,-1.544569E-01,2.964421E-03,-7.511949E-02,2.810081E-02,0.000000E+00,0.000000E+00,-4.482854E-01
1.398000E+00,-1.476993E-01,3.048206E-03,-7.804693E-02,3.030203E-02,-1.545350E-01,2.992793E-03,-7.818174E-02,2.837144E-02,0.000000E+00,0.000000E+00,-4.644575E-01
1.399000E+00,-1.477808E-01,3.076529E-03,-8.141840E-02,2.832254E-02,-1.546166E-01,3.020765E-03,-8.155522E-02,2.797200E-02,0.000000E+00,0.000000E+00,-4.673861E-01
1.400000E+00,-1.478664E-01,3.105532E-03,-8.561098E-02,2.900344E-02,-1.547023E-01,3.049917E-03,-8.575808E-02,2.915181E-02,0.000000E+00,0.000000E+00,-4.661326E-01
1.401000E+00,-1.479568E-01,3.137147E-03,-9.045742E-02,3.161429E-02,-1.547930E-01,3.081176E-03,-9.060757E-02,3.125891E-02,0.000000E+00,0.000000E+00,-4.691007E-01
1.402000E+00,-1.480522E-01,3.170507E-03,-9.540957E-02,3.336079E-02,-1.548885E-01,3.116454E-03,-9.559334E-02,3.527833E-02,0.000000E+00,0.000000E+00,-4.530180E-01
1.403000E+00,-1.481523E-01,3.203008E-03,-1.000154E-01,3.250066E-02,-1.549887E-01,3.153883E-03,-1.001921E-01,3.742939E-02,0.000000E+00,0.000000E+00,-4.117015E-01
1.404000E+00,-1.482569E-01,3.237295E-03,-1.046705E-01,3.428691E-02,-1.550936E-01,3.191942E-03,-1.048164E-01,3.805838E-02,0.000000E+00,0.000000E+00,-3.800867E-01
1.405000E+00,-1.483667E-01,3.271015E-03,-1.097580E-01,3.371978E-02,-1.552035E-01,3.236195E-03,-1.099446E-01,4.425329E-02,0.000000E+00,0.000000E+00,-2.918035E-01
1.406000E+00,-1.484814E-01,3.307043E-03,-1.147535E-01,3.602826E-02,-1.553185E-01,3.284953E-03,-1.149554E-01,4.875788E-02,0.000000E+00,0.000000E+00,-1.851197E-01
1.407000E+00,-1.485962E-01,3.334707E-03,-1.147222E-01,2.766418E-02,-1.554334E-01,3.322863E-03,-1.148925E-01,3.791011E-02,0.000000E+00,0.000000E+00,-9.925457E-02
1.408000E+00,-1.487109E-01,3.354490E-03,-1.146977E-01,1.978277E-02,-1.555482E-01,3.349410E-03,-1.148484E-01,2.654734E-02,0.000000E+00,0.000000E+00,-4.256648E-02
1.409000E+00,-1.488255E-01,3.366784E-03,-1.146823E-01,1.229385E-02,-1.556630E-01,3.364165E-03,-1.148245E-01,1.475494E-02,0.000000E+00,0.000000E+00,-2.194256E-02
1.410000E+00,-1.489402E-01,3.371837E-03,-1.146814E-01,5.053089E-03,-1.557778E-01,3.366852E-03,-1.148201E-01,2.686323E-03,0.000000E+00,0.000000E+00,-4.177440E-02
1.411000E+00,-1.490549E-01,3.369665E-03,-1.147087E-01,-2.171958E-03,-1.558927E-01,3.357436E-03,-1.148395E-01,-9.415942E-03,0.000000E+00,0.000000E+00,-1.024732E-01
1.412000E+00,-1.491697E-01,3.359946E-03,-1.147807E-01,-9.718973E-03,-1.560076E-01,3.336198E-03,-1.148912E-01,-2.123728E-02,0.000000E+00,0.000000E+00,-1.989851E-01
1.413000E+00,-1.492847E-01,3.332885E-03,-1.150053E-01,-2.706126E-02,-1.561226E-01,3.312580E-03,-1.150678E-01,-2.361836E-02,0.000000E+00,0.000000E+00,-1.701351E-01
1.414000E+00,-1.493985E-01,3.297004E-03,-1.137626E-01,-3.588059E-02,-1.562365E-01,3.278077E-03,-1.138983E-01,-3.450250E-02,0.000000E+00,0.000000E+00,-1.585848E-01
1.415000E+00,-1.495050E-01,3.282757E-03,-1.065104E-01,-1.424659E-02,-1.563432E-01,3.254060E-03,-1.066391E-01,-2.401743E-02,0.000000E+00,0.000000E+00,-2.404487E-01
1.416000E+00,-1.496002E-01,3.285647E-03,-9.524668E-02,2.889533E-03,-1.564385E-01,3.264895E-03,-9.528096E-02,1.083462E-02,0.000000E+00,0.000000E+00,-1.738784E-01
1.417000E+00,-1.496868E-01,3.300957E-03,-8.655827E-02,1.530974E-02,-1.565249E-01,3.298803E-03,-8.647928E-02,3.390855E-02,0.000000E+00,0.000000E+00,-1.804435E-02
1.418000E+00,-1.497691E-01,3.307582E-03,-8.230996E-02,6.625617E-03,-1.566071E-01,3.340645E-03,-8.217556E-02,4.184218E-02,0.000000E+00,0.000000E+00,2.770332E-01
1.419000E+00,-1.498502E-01,3.310689E-03,-8.111308E-02,3.106765E-03,-1.566879E-01,3.375545E-03,-8.081495E-02,3.489993E-02,0.000000E+00,0.000000E+00,5.434381E-01
1.420000E+00,-1.499280E-01,3.320802E-03,-7.780974E-02,1.011326E-02,-1.567654E-01,3.406007E-03,-7.746159E-02,3.046181E-02,0.000000E+00,0.000000E+00,7.139620E-01
1.421000E+00,-1.500061E-01,3.319944E-03,-7.808849E-02,-8.581570E-04,-1.568431E-01,3.427637E-03,-7.766176E-02,2.162968E-02,0.000000E+00,0.000000E+00,9.024244E-01
1.422000E+00,-1.500845E-01,3.308645E-03,-7.839137E-02,-1.129891E-02,-1.569209E-01,3.440103E-03,-7.788550E-02,1.246645E-02,0.000000E+00,0.000000E+00,1.101606E+00
1.423000E+00,-1.501632E-01,3.287666E-03,-7.868876E-02,-2.097889E-02,-1.569991E-01,3.442861E-03,-7.812239E-02,2.757700E-03,0.000000E+00,0.000000E+00,1.300562E+00
1.424000E+00,-1.502422E-01,3.257830E-03,-7.896382E-02,-2.983636E-02,-1.570774E-01,3.435204E-03,-7.837784E-02,-7.656773E-03,0.000000E+00,0.000000E+00,1.486480E+00
1.425000E+00,-1.503251E-01,3.247615E-03,-8.289613E-02,-1.021553E-02,-1.571607E-01,3.404560E-03,-8.321499E-02,-3.064381E-02,0.000000E+00,0.000000E+00,1.315284E+00
1.426000E+00,-1.504137E-01,3.255455E-03,-8.863199E-02,7.840533E-03,-1.572496E-01,3.379982E-03,-8.899209E-02,-2.457860E-02,0.000000E+00,0.000000E+00,1.043609E+00
1.427000E+00,-1.505067E-01,3.272392E-03,-9.298166E-02,1.693658E-02,-1.573429E-01,3.352426E-03,-9.325420E-02,-2.755531E-02,0.000000E+00,0.000000E+00,6.707565E-01
1.428000E+00,-1.506034E-01,3.293310E-03,-9.669122E-02,2.091870E-02,-1.574395E-01,3.319699E-03,-9.664583E-02,-3.272765E-02,0.000000E+00,0.000000E+00,2.211669E-01
1.429000E+00,-1.507030E-01,3.312885E-03,-9.961227E-02,1.957431E-02,-1.575386E-01,3.280867E-03,-9.904446E-02,-3.883216E-02,0.000000E+00,0.000000E+00,-2.683717E-01
1.430000E+00,-1.508041E-01,3.323565E-03,-1.010944E-01,1.068066E-02,-1.576385E-01,3.234264E-03,-9.994492E-02,-4.660237E-02,0.000000E+00,0.000000E+00,-7.486002E-01
1.431000E+00,-1.509051E-01,3.326106E-03,-1.009916E-01,2.541065E-03,-1.577382E-01,3.199186E-03,-9.966945E-02,-3.507835E-02,0.000000E+00,0.000000E+00,-1.064103E+00
1.432000E+00,-1.510006E-01,3.329723E-03,-9.550532E-02,3.616377E-03,-1.578327E-01,3.208246E-03,-9.453670E-02,9.059647E-03,0.000000E+00,0.000000E+00,-1.018621E+00
1.433000E+00,-1.510903E-01,3.332508E-03,-8.970701E-02,2.785528E-03,-1.579215E-01,3.243294E-03,-8.875681E-02,3.504805E-02,0.000000E+00,0.000000E+00,-7.482309E-01
1.434000E+00,-1.511745E-01,3.334935E-03,-8.421603E-02,2.427176E-03,-1.580044E-01,3.301900E-03,-8.285346E-02,5.860651E-02,0.000000E+00,0.000000E+00,-2.771317E-01
1.435000E+00,-1.512580E-01,3.330207E-03,-8.350201E-02,-4.728396E-03,-1.580858E-01,3.357900E-03,-8.146077E-02,5.600034E-02,0.000000E+00,0.000000E+00,2.323881E-01
1.436000E+00,-1.513422E-01,3.315468E-03,-8.418927E-02,-1.473949E-02,-1.581673E-01,3.403525E-03,-8.151092E-02,4.562433E-02,0.000000E+00,0.000000E+00,7.391823E-01
1.437000E+00,-1.514270E-01,3.290275E-03,-8.484090E-02,-2.519288E-02,-1.582489E-01,3.438920E-03,-8.153494E-02,3.539529E-02,0.000000E+00,0.000000E+00,1.248257E+00
1.438000E+00,-1.515125E-01,3.254335E-03,-8.546296E-02,-3.593992E-02,-1.583304E-01,3.464205E-03,-8.152016E-02,2.528447E-02,0.000000E+00,0.000000E+00,1.763133E+00
1.439000E+00,-1.515985E-01,3.207537E-03,-8.606440E-02,-4.679774E-02,-1.584118E-01,3.479401E-03,-8.147052E-02,1.519607E-02,0.000000E+00,0.000000E+00,2.284997E+00
1.440000E+00,-1.516852E-01,3.149948E-03,-8.665114E-02,-5.758938E-02,-1.584933E-01,3.484396E-03,-8.140225E-02,4.995556E-03,0.000000E+00,0.000000E+00,2.812419E+00
1.441000E+00,-1.517724E-01,3.081779E-03,-8.722192E-02,-6.816817E-02,-1.585746E-01,3.478956E-03,-8.133630E-02,-5.440081E-03,0.000000E+00,0.000000E+00,3.341690E+00
1.442000E+00,-1.518604E-01,3.005428E-03,-8.794144E-02,-7.635128E-02,-1.586562E-01,3.459595E-03,-8.166241E-02,-1.936086E-02,0.000000E+00,0.000000E+00,3.823373E+00
1.443000E+00,-1.519491E-01,2.923340E-03,-8.878399E-02,-8.208868E-02,-1.587387E-01,3.423402E-03,-8.249066E-02,-3.619329E-02,0.000000E+00,0.000000E+00,4.212302E+00
1.444000E+00,-1.520342E-01,2.862766E-03,-8.500859E-02,-6.057317E-02,-1.588203E-01,3.370175E-03,-8.151116E-02,-5.322700E-02,0.000000E+00,0.000000E+00,4.276150E+00
1.445000E+00,-1.521113E-01,2.867042E-03,-7.715604E-02,4.275684E-03,-1.589005E-01,3.293221E-03,-8.019835E-02,-7.695362E-02,0.000000E+00,0.000000E+00,3.591954E+00
1.446000E+00,-1.521845E-01,2.891618E-03,-7.321473E-02,2.457553E-02,-1.589760E-01,3.239886E-03,-7.555438E-02,-5.333527E-02,0.000000E+00,0.000000E+00,2.935568E+00
1.447000E+00,-1.522608E-01,2.926431E-03,-7.625894E-02,3.481346E-02,-1.590536E-01,3.216053E-03,-7.761805E-02,-2.383260E-02,0.000000E+00,0.000000E+00,2.441409E+00
1.448000E+00,-1.523478E-01,2.969102E-03,-8.703103E-02,4.267112E-02,-1.591418E-01,3.223903E-03,-8.813313E-02,7.849845E-03,0.000000E+00,0.000000E+00,2.147824E+00
1.449000E+00,-1.524390E-01,3.013867E-03,-9.121272E-02,4.476469E-02,-1.592344E-01,3.231203E-03,-9.263786E-02,7.299391E-03,0.000000E+00,0.000000E+00,1.831864E+00
1.450000E+00,-1.525326E-01,3.060861E-03,-9.356602E-02,4.699403E-02,-1.593295E-01,3.233765E-03,-9.510591E-02,2.562494E-03,0.000000E+00,0.000000E+00,1.457215E+00
1.451000E+00,-1.526279E-01,3.110151E-03,-9.535399E-02,4.928995E-02,-1.594262E-01,3.233352E-03,-9.666828E-02,-4.134332E-04,0.000000E+00,0.000000E+00,1.038231E+00
1.452000E+00,-1.527252E-01,3.163108E-03,-9.727342E-02,5.295766E-02,-1.595243E-01,3.228723E-03,-9.816085E-02,-4.628479E-03,0.000000E+00,0.000000E+00,5.529158E-01
1.453000E+00,-1.528251E-01,3.219880E-03,-9.990031E-02,5.677145E-02,-1.596246E-01,3.221703E-03,-1.002790E-01,-7.019939E-03,0.000000E+00,0.000000E+00,1.536483E-02
1.454000E+00,-1.529273E-01,3.273691E-03,-1.022102E-01,5.381150E-02,-1.597267E-01,3.214595E-03,-1.021397E-01,-7.108522E-03,0.000000E+00,0.000000E+00,-4.979696E-01
1.455000E+00,-1.530302E-01,3.315382E-03,-1.028713E-01,4.169093E-02,-1.598290E-01,3.201735E-03,-1.022340E-01,-1.286022E-02,0.000000E+00,0.000000E+00,-9.576621E-01
1.456000E+00,-1.531363E-01,3.354341E-03,-1.060562E-01,3.895868E-02,-1.599341E-01,3.189483E-03,-1.051652E-01,-1.225132E-02,0.000000E+00,0.000000E+00,-1.389226E+00
1.457000E+00,-1.532455E-01,3.389439E-03,-1.092344E-01,3.509782E-02,-1.600423E-01,3.177160E-03,-1.081327E-01,-1.232280E-02,0.000000E+00,0.000000E+00,-1.788890E+00
1.458000E+00,-1.533559E-01,3.409534E-03,-1.104221E-01,2.009479E-02,-1.601515E-01,3.160667E-03,-1.091838E-01,-1.649309E-02,0.000000E+00,0.000000E+00,-2.097347E+00
1.459000E+00,-1.534667E-01,3.420194E-03,-1.108169E-01,1.066010E-02,-1.602609E-01,3.135546E-03,-1.093981E-01,-2.512174E-02,0.000000E+00,0.000000E+00,-2.399072E+00
1.460000E+00,-1.535778E-01,3.423659E-03,-1.110636E-01,3.465205E-03,-1.603703E-01,3.100282E-03,-1.093988E-01,-3.526391E-02,0.000000E+00,0.000000E+00,-2.725693E+00
1.461000E+00,-1.536893E-01,3.419956E-03,-1.114875E-01,-3.702956E-03,-1.604798E-01,3.054928E-03,-1.095711E-01,-4.535369E-02,0.000000E+00,0.000000E+00,-3.076991E+00
1.462000E+00,-1.538027E-01,3.417937E-03,-1.133990E-01,-2.019057E-03,-1.605941E-01,3.054578E-03,-1.142913E-01,-3.498731E-04,0.000000E+00,0.000000E+00,-3.062546E+00
1.463000E+00,-1.539162E-01,3.413756E-03,-1.135085E-01,-4.180641E-03,-1.607100E-01,3.076524E-03,-1.159098E-01,2.194557E-02,0.000000E+00,0.000000E+00,-2.841715E+00
1.464000E+00,-1.540275E-01,3.406253E-03,-1.113359E-01,-7.503788E-03,-1.608241E-01,3.108164E-03,-1.140667E-01,3.164040E-02,0.000000E+00,0.000000E+00,-2.511306E+00
1.465000E+00,-1.541388E-01,3.385083E-03,-1.112403E-01,-2.116998E-02,-1.609384E-01,3.145850E-03,-1.142877E-01,3.768590E-02,0.000000E+00,0.000000E+00,-2.015019E+00
1.466000E+00,-1.542492E-01,3.354216E-03,-1.104072E-01,-3.086688E-02,-1.610517E-01,3.185830E-03,-1.133561E-01,3.998044E-02,0.000000E+00,0.000000E+00,-1.417963E+00
1.467000E+00,-1.543589E-01,3.312520E-03,-1.097276E-01,-4.169595E-02,-1.611641E-01,3.226479E-03,-1.123092E-01,4.064806E-02,0.000000E+00,0.000000E+00,-7.243829E-01
1.468000E+00,-1.544685E-01,3.254883E-03,-1.095826E-01,-5.763651E-02,-1.612757E-01,3.266038E-03,-1.116112E-01,3.955962E-02,0.000000E+00,0.000000E+00,9.389077E-02
1.469000E+00,-1.545788E-01,3.180669E-03,-1.102735E-01,-7.421462E-02,-1.613868E-01,3.301504E-03,-1.111728E-01,3.546615E-02,0.000000E+00,0.000000E+00,1.016829E+00
1.470000E+00,-1.546904E-01,3.095561E-03,-1.116132E-01,-8.510793E-02,-1.614977E-01,3.328934E-03,-1.108817E-01,2.743001E-02,0.000000E+00,0.000000E+00,1.963481E+00
1.471000E+00,-1.548001E-01,3.025050E-03,-1.097113E-01,-7.051085E-02,-1.616056E-01,3.355298E-03,-1.079027E-01,2.636391E-02,0.000000E+00,0.000000E+00,2.778180E+00
1.472000E+00,-1.549027E-01,3.026262E-03,-1.026121E-01,1.211778E-03,-1.617092E-01,3.366646E-03,-1.036073E-01,1.134816E-02,0.000000E+00,0.000000E+00,2.862894E+00
1.473000E+00,-1.550027E-01,3.054307E-03,-1.000465E-01,2.804557E-02,-1.618119E-01,3.367567E-03,-1.026469E-01,9.202046E-04,0.000000E+00,0.000000E+00,2.634080E+00
1.474000E+00,-1.551050E-01,3.090850E-03,-1.023002E-01,3.654322E-02,-1.619172E-01,3.362205E-03,-1.053441E-01,-5.361793E-03,0.000000E+00,0.000000E+00,2.281099E+00
1.475000E+00,-1.552106E-01,3.134174E-03,-1.056000E-01,4.332369E-02,-1.620261E-01,3.350909E-03,-1.088353E-01,-1.129549E-02,0.000000E+00,0.000000E+00,1.821435E+00
1.476000E+00,-1.553197E-01,3.184591E-03,-1.090483E-01,5.041684E-02,-1.621382E-01,3.333763E-03,-1.121641E-01,-1.714584E-02,0.000000E+00,0.000000E+00,1.253290E+00
1.477000E+00,-1.554323E-01,3.241699E-03,-1.125617E-01,5.710765E-02,-1.622534E-01,3.310217E-03,-1.151540E-01,-2.354625E-02,0.000000E+00,0.000000E+00,5.755211E-01
1.478000E+00,-1.555479E-01,3.301614E-03,-1.156103E-01,5.991547E-02,-1.623706E-01,3.276965E-03,-1.171918E-01,-3.325241E-02,0.000000E+00,0.000000E+00,-2.069986E-01
1.479000E+00,-1.556647E-01,3.352919E-03,-1.168335E-01,5.130483E-02,-1.624877E-01,3.232519E-03,-1.171457E-01,-4.444563E-02,0.000000E+00,0.000000E+00,-1.010943E+00
1.480000E+00,-1.557821E-01,3.391836E-03,-1.174525E-01,3.891756E-02,-1.626043E-01,3.182081E-03,-1.166081E-01,-5.043824E-02,0.000000E+00,0.000000E+00,-1.761070E+00
1.481000E+00,-1.559002E-01,3.418222E-03,-1.180274E-01,2.638577E-02,-1.627206E-01,3.125209E-03,-1.162578E-01,-5.687158E-02,0.000000E+00,0.000000E+00,-2.459985E+00
1.482000E+00,-1.560187E-01,3.437281E-03,-1.185123E-01,1.905863E-02,-1.628366E-01,3.066766E-03,-1.160203E-01,-5.844347E-02,0.000000E+00,0.000000E+00,-3.110643E+00
1.483000E+00,-1.561377E-01,3.453757E-03,-1.190202E-01,1.647593E-02,-1.629531E-01,3.019958E-03,-1.164926E-01,-4.680817E-02,0.000000E+00,0.000000E+00,-3.641964E+00
1.484000E+00,-1.562573E-01,3.460380E-03,-1.195488E-01,6.623676E-03,-1.630702E-01,2.974493E-03,-1.171503E-01,-4.546507E-02,0.000000E+00,0.000000E+00,-4.079310E+00
1.485000E+00,-1.563772E-01,3.455708E-03,-1.199586E-01,-4.672768E-03,-1.631879E-01,2.925522E-03,-1.176888E-01,-4.897049E-02,0.000000E+00,0.000000E+00,-4.451260E+00
1.486000E+00,-1.564976E-01,3.439628E-03,-1.204011E-01,-1.607970E-02,-1.633062E-01,2.871051E-03,-1.182721E-01,-5.447128E-02,0.000000E+00,0.000000E+00,-4.773630E+00
1.487000E+00,-1.566185E-01,3.413458E-03,-1.208486E-01,-2.616990E-02,-1.634249E-01,2.809688E-03,-1.187491E-01,-6.136304E-02,0.000000E+00,0.000000E+00,-5.069164E+00
1.488000E+00,-1.567283E-01,3.394018E-03,-1.098125E-01,-1.944022E-02,-1.635361E-01,2.801363E-03,-1.111307E-01,-8.324995E-03,0.000000E+00,0.000000E+00,-4.975356E+00
1.489000E+00,-1.568307E-01,3.374610E-03,-1.024700E-01,-1.940802E-02,-1.636421E-01,2.824370E-03,-1.060443E-01,2.300684E-02,0.000000E+00,0.000000E+00,-4.618469E+00
1.490000E+00,-1.569309E-01,3.349080E-03,-1.001029E-01,-2.553026E-02,-1.637465E-01,2.854627E-03,-1.043332E-01,3.025705E-02,0.000000E+00,0.000000E+00,-4.149376E+00
1.491000E+00,-1.570288E-01,3.291825E-03,-9.795119E-02,-5.725465E-02,-1.638509E-01,2.891373E-03,-1.044929E-01,3.674621E-02,0.000000E+00,0.000000E+00,-3.359339E+00
1.492000E+00,-1.571263E-01,3.212238E-03,-9.754673E-02,-7.958736E-02,-1.639549E-01,2.928267E-03,-1.039644E-01,3.689448E-02,0.000000E+00,0.000000E+00,-2.381308E+00
1.493000E+00,-1.572247E-01,3.119801E-03,-9.839276E-02,-9.243690E-02,-1.640581E-01,2.964223E-03,-1.031412E-01,3.595564E-02,0.000000E+00,0.000000E+00,-1.304257E+00
1.494000E+00,-1.573246E-01,3.016316E-03,-9.982264E-02,-1.034845E-01,-1.641602E-01,2.997513E-03,-1.021817E-01,3.328953E-02,0.000000E+00,0.000000E+00,-1.576082E-01
1.495000E+00,-1.574231E-01,2.922946E-03,-9.853818E-02,-9.337014E-02,-1.642586E-01,3.026358E-03,-9.837314E-02,2.884557E-02,0.000000E+00,0.000000E+00,8.667435E-01
1.496000E+00,-1.575161E-01,2.910417E-03,-9.301784E-02,-1.252904E-02,-1.643512E-01,3.052757E-03,-9.256098E-02,2.639862E-02,0.000000E+00,0.000000E+00,1.193012E+00
1.497000E+00,-1.576079E-01,2.927379E-03,-9.175135E-02,1.696190E-02,-1.644430E-01,3.077769E-03,-9.178885E-02,2.501177E-02,0.000000E+00,0.000000E+00,1.260453E+00
1.498000E+00,-1.577001E-01,2.951040E-03,-9.226285E-02,2.366106E-02,-1.645353E-01,3.103500E-03,-9.237010E-02,2.573163E-02,0.000000E+00,0.000000E+00,1.277781E+00
1.499000E+00,-1.577947E-01,2.974158E-03,-9.456641E-02,2.311820E-02,-1.646300E-01,3.129132E-03,-9.462770E-02,2.563226E-02,0.000000E+00,0.000000E+00,1.298833E+00
1.500000E+00,-1.578917E-01,2.995818E-03,-9.703618E-02,2.166003E-02,-1.647271E-01,3.152045E-03,-9.709893E-02,2.291266E-02,0.000000E+00,0.000000E+00,1.309315E+00
1.501000E+00,-1.579929E-01,3.017067E-03,-1.011769E-01,2.124934E-02,-1.648282E-01,3.178166E-03,-1.011601E-01,2.612101E-02,0.000000E+00,0.000000E+00,1.350132E+00
1.502000E+00,-1.580986E-01,3.037779E-03,-1.056636E-01,2.071117E-02,-1.649338E-01,3.206924E-03,-1.055674E-01,2.875789E-02,0.000000E+00,0.000000E+00,1.417563E+00
1.503000E+00,-1.582091E-01,3.059148E-03,-1.104891E-01,2.136933E-02,-1.650441E-01,3.238764E-03,-1.103189E-01,3.183988E-02,0.000000E+00,0.000000E+00,1.505313E+00
1.504000E+00,-1.583228E-01,3.081781E-03,-1.137137E-01,2.263326E-02,-1.651578E-01,3.264574E-03,-1.136943E-01,2.581047E-02,0.000000E+00,0.000000E+00,1.531932E+00
1.505000E+00,-1.584426E-01,3.111481E-03,-1.198115E-01,2.970005E-02,-1.652776E-01,3.297154E-03,-1.198423E-01,3.257964E-02,0.000000E+00,0.000000E+00,1.556046E+00
1.506000E+00,-1.585662E-01,3.147418E-03,-1.236351E-01,3.593685E-02,-1.654016E-01,3.323723E-03,-1.239761E-01,2.656913E-02,0.000000E+00,0.000000E+00,1.477501E+00
1.507000E+00,-1.586926E-01,3.193255E-03,-1.263571E-01,4.583650E-02,-1.655288E-01,3.337021E-03,-1.272025E-01,1.329791E-02,0.000000E+00,0.000000E+00,1.204756E+00
1.508000E+00,-1.588221E-01,3.251007E-03,-1.295070E-01,5.775249E-02,-1.656594E-01,3.336329E-03,-1.305590E-01,-6.925179E-04,0.000000E+00,0.000000E+00,7.149477E-01
1.509000E+00,-1.589552E-01,3.321402E-03,-1.330748E-01,7.039485E-02,-1.657930E-01,3.321427E-03,-1.336722E-01,-1.490200E-02,0.000000E+00,0.000000E+00,2.057175E-04
1.510000E+00,-1.590896E-01,3.388547E-03,-1.344131E-01,6.714493E-02,-1.659269E-01,3.294350E-03,-1.338280E-01,-2.707688E-02,0.000000E+00,0.000000E+00,-7.893123E-01
1.511000E+00,-1.592247E-01,3.447944E-03,-1.351573E-01,5.939757E-02,-1.660601E-01,3.255943E-03,-1.331803E-01,-3.840710E-02,0.000000E+00,0.000000E+00,-1.608996E+00
1.512000E+00,-1.593610E-01,3.497407E-03,-1.363045E-01,4.946280E-02,-1.661937E-01,3.224710E-03,-1.336354E-01,-3.123241E-02,0.000000E+00,0.000000E+00,-2.285512E+00
1.513000E+00,-1.594965E-01,3.533231E-03,-1.354781E-01,3.582354E-02,-1.663278E-01,3.226536E-03,-1.341116E-01,1.826053E-03,0.000000E+00,0.000000E+00,-2.570602E+00
1.514000E+00,-1.596278E-01,3.556716E-03,-1.312436E-01,2.348512E-02,-1.664588E-01,3.241837E-03,-1.309601E-01,1.530104E-02,0.000000E+00,0.000000E+00,-2.639211E+00
1.515000E+00,-1.597541E-01,3.567398E-03,-1.263299E-01,1.068231E-02,-1.665861E-01,3.273113E-03,-1.273484E-01,3.127627E-02,0.000000E+00,0.000000E+00,-2.466453E+00
1.516000E+00,-1.598758E-01,3.568203E-03,-1.217184E-01,8.051679E-04,-1.667097E-01,3.319858E-03,-1.236188E-01,4.674417E-02,0.000000E+00,0.000000E+00,-2.081221E+00
1.517000E+00,-1.599969E-01,3.560359E-03,-1.210415E-01,-7.844879E-03,-1.668325E-01,3.362492E-03,-1.227522E-01,4.263480E-02,0.000000E+00,0.000000E+00,-1.658036E+00
1.518000E+00,-1.601182E-01,3.541720E-03,-1.213961E-01,-1.863816E-02,-1.669553E-01,3.396381E-03,-1.227864E-01,3.388849E-02,0.000000E+00,0.000000E+00,-1.217793E+00
1.519000E+00,-1.602400E-01,3.511894E-03,-1.217637E-01,-2.982647E-02,-1.670781E-01,3.422063E-03,-1.227976E-01,2.568184E-02,0.000000E+00,0.000000E+00,-7.526477E-01
1.520000E+00,-1.603622E-01,3.470869E-03,-1.221394E-01,-4.102535E-02,-1.672008E-01,3.439697E-03,-1.227432E-01,1.763436E-02,0.000000E+00,0.000000E+00,-2.611590E-01
1.521000E+00,-1.604847E-01,3.419029E-03,-1.225100E-01,-5.183931E-02,-1.673234E-01,3.448990E-03,-1.226039E-01,9.293208E-03,0.000000E+00,0.000000E+00,2.510157E-01
1.522000E+00,-1.606075E-01,3.357076E-03,-1.228634E-01,-6.195369E-02,-1.674458E-01,3.449268E-03,-1.223983E-01,2.772813E-04,0.000000E+00,0.000000E+00,7.724004E-01
1.523000E+00,-1.607307E-01,3.285887E-03,-1.231876E-01,-7.118883E-02,-1.675680E-01,3.439637E-03,-1.221727E-01,-9.630224E-03,0.000000E+00,0.000000E+00,1.288201E+00
1.524000E+00,-1.608542E-01,3.206371E-03,-1.234705E-01,-7.951594E-02,-1.676900E-01,3.419150E-03,-1.219819E-01,-2.048696E-02,0.000000E+00,0.000000E+00,1.782888E+00
1.525000E+00,-1.609779E-01,3.119303E-03,-1.237057E-01,-8.706814E-02,-1.678118E-01,3.386931E-03,-1.218735E-01,-3.221953E-02,0.000000E+00,0.000000E+00,2.242646E+00
1.526000E+00,-1.611089E-01,3.099398E-03,-1.309990E-01,-1.990496E-02,-1.679443E-01,3.328942E-03,-1.325031E-01,-5.798893E-02,0.000000E+00,0.000000E+00,1.923350E+00
1.527000E+00,-1.612457E-01,3.110900E-03,-1.368468E-01,1.150212E-02,-1.680837E-01,3.253001E-03,-1.393307E-01,-7.594118E-02,0.000000E+00,0.000000E+00,1.190507E+00
1.528000E+00,-1.613862E-01,3.132247E-03,-1.404857E-01,2.134768E-02,-1.682257E-01,3.163110E-03,-1.419896E-01,-8.989060E-02,0.000000E+00,0.000000E+00,2.585434E-01
1.529000E+00,-1.615285E-01,3.154375E-03,-1.422973E-01,2.212767E-02,-1.683678E-01,3.079569E-03,-1.420957E-01,-8.354080E-02,0.000000E+00,0.000000E+00,-6.266601E-01
1.530000E+00,-1.616694E-01,3.173399E-03,-1.408408E-01,1.902340E-02,-1.685079E-01,3.036081E-03,-1.401017E-01,-4.348800E-02,0.000000E+00,0.000000E+00,-1.150344E+00
1.531000E+00,-1.618104E-01,3.189082E-03,-1.410156E-01,1.568349E-02,-1.686480E-01,3.007786E-03,-1.401078E-01,-2.829572E-02,0.000000E+00,0.000000E+00,-1.518820E+00
1.532000E+00,-1.619521E-01,3.200731E-03,-1.417260E-01,1.164913E-02,-1.687885E-01,2.985275E-03,-1.405553E-01,-2.251024E-02,0.000000E+00,0.000000E+00,-1.805127E+00
1.533000E+00,-1.620889E-01,3.215617E-03,-1.368463E-01,1.488608E-02,-1.689244E-01,2.984215E-03,-1.358792E-01,-1.060749E-03,0.000000E+00,0.000000E+00,-1.938908E+00
1.534000E+00,-1.622232E-01,3.227934E-03,-1.342710E-01,1.231629E-02,-1.690578E-01,2.989531E-03,-1.333814E-01,5.315891E-03,0.000000E+00,0.000000E+00,-1.997777E+00
1.535000E+00,-1.623566E-01,3.231757E-03,-1.334221E-01,3.823305E-03,-1.691902E-01,2.988582E-03,-1.324119E-01,-9.490021E-04,0.000000E+00,0.000000E+00,-2.038036E+00
1.536000E+00,-1.624893E-01,3.222487E-03,-1.327084E-01,-9.269523E-03,-1.693219E-01,2.981048E-03,-1.316971E-01,-7.534054E-03,0.000000E+00,0.000000E+00,-2.023802E+00
1.537000E+00,-1.626213E-01,3.200453E-03,-1.319827E-01,-2.203409E-02,-1.694528E-01,2.966716E-03,-1.309421E-01,-1.433138E-02,0.000000E+00,0.000000E+00,-1.959586E+00
1.538000E+00,-1.627529E-01,3.169692E-03,-1.316035E-01,-3.076138E-02,-1.695832E-01,2.942686E-03,-1.303449E-01,-2.403016E-02,0.000000E+00,0.000000E+00,-1.903546E+00
1.539000E+00,-1.628841E-01,3.130436E-03,-1.311481E-01,-3.925560E-02,-1.697129E-01,2.908973E-03,-1.296917E-01,-3.371288E-02,0.000000E+00,0.000000E+00,-1.857496E+00
1.540000E+00,-1.630086E-01,3.109602E-03,-1.244968E-01,-2.083472E-02,-1.698369E-01,2.920704E-03,-1.240414E-01,1.173075E-02,0.000000E+00,0.000000E+00,-1.584614E+00
1.541000E+00,-1.631257E-01,3.121439E-03,-1.171596E-01,1.183799E-02,-1.699534E-01,2.953806E-03,-1.165248E-01,3.310191E-02,0.000000E+00,0.000000E+00,-1.406443E+00
1.542000E+00,-1.632395E-01,3.141408E-03,-1.137727E-01,1.996830E-02,-1.700665E-01,2.989594E-03,-1.130615E-01,3.578849E-02,0.000000E+00,0.000000E+00,-1.273891E+00
1.543000E+00,-1.633512E-01,3.162044E-03,-1.117216E-01,2.063599E-02,-1.701775E-01,3.023029E-03,-1.109804E-01,3.343497E-02,0.000000E+00,0.000000E+00,-1.166650E+00
1.544000E+00,-1.634627E-01,3.168682E-03,-1.115030E-01,6.638186E-03,-1.702885E-01,3.057352E-03,-1.110532E-01,3.432293E-02,0.000000E+00,0.000000E+00,-9.344197E-01
1.545000E+00,-1.635759E-01,3.146076E-03,-1.131998E-01,-2.260637E-02,-1.704014E-01,3.093229E-03,-1.129023E-01,3.587707E-02,0.000000E+00,0.000000E+00,-4.436028E-01
1.546000E+00,-1.636826E-01,3.147075E-03,-1.066808E-01,9.996955E-04,-1.705074E-01,3.138296E-03,-1.059932E-01,4.506699E-02,0.000000E+00,0.000000E+00,-7.370199E-02
1.547000E+00,-1.637843E-01,3.163059E-03,-1.017335E-01,1.598390E-02,-1.706083E-01,3.185536E-03,-1.008889E-01,4.723960E-02,0.000000E+00,0.000000E+00,1.887189E-01
1.548000E+00,-1.638837E-01,3.182156E-03,-9.932527E-02,1.909663E-02,-1.707067E-01,3.229666E-03,-9.837552E-02,4.412996E-02,0.000000E+00,0.000000E+00,3.989549E-01
1.549000E+00,-1.639824E-01,3.202255E-03,-9.870300E-02,2.009901E-02,-1.708045E-01,3.263780E-03,-9.783547E-02,3.411394E-02,0.000000E+00,0.000000E+00,5.167023E-01
1.550000E+00,-1.640826E-01,3.225148E-03,-1.002717E-01,2.289366E-02,-1.709043E-01,3.279089E-03,-9.977256E-02,1.530895E-02,0.000000E+00,0.000000E+00,4.530399E-01
1.551000E+00,-1.641845E-01,3.248390E-03,-1.018721E-01,2.324200E-02,-1.710057E-01,3.282167E-03,-1.014453E-01,3.078280E-03,0.000000E+00,0.000000E+00,2.837076E-01
1.552000E+00,-1.642891E-01,3.271131E-03,-1.045770E-01,2.274095E-02,-1.711098E-01,3.288330E-03,-1.040738E-01,6.162801E-03,0.000000E+00,0.000000E+00,1.444699E-01
1.553000E+00,-1.643970E-01,3.298747E-03,-1.078660E-01,2.761590E-02,-1.712171E-01,3.295173E-03,-1.072635E-01,6.842998E-03,0.000000E+00,0.000000E+00,-3.003001E-02
1.554000E+00,-1.645060E-01,3.323971E-03,-1.090369E-01,2.522370E-02,-1.713256E-01,3.301538E-03,-1.084916E-01,6.365555E-03,0.000000E+00,0.000000E+00,-1.884715E-01
1.555000E+00,-1.646170E-01,3.344827E-03,-1.110313E-01,2.085612E-02,-1.714360E-01,3.304008E-03,-1.104513E-01,2.469643E-03,0.000000E+00,0.000000E+00,-3.429742E-01
1.556000E+00,-1.647302E-01,3.358900E-03,-1.131475E-01,1.407258E-02,-1.715485E-01,3.306517E-03,-1.124406E-01,2.509048E-03,0.000000E+00,0.000000E+00,-4.401765E-01
1.557000E+00,-1.648452E-01,3.365950E-03,-1.149957E-01,7.049833E-03,-1.716627E-01,3.307342E-03,-1.141974E-01,8.247492E-04,0.000000E+00,0.000000E+00,-4.925416E-01
1.558000E+00,-1.649601E-01,3.363777E-03,-1.149654E-01,-2.172947E-03,-1.717768E-01,3.296536E-03,-1.141337E-01,-1.080540E-02,0.000000E+00,0.000000E+00,-5.651535E-01
1.559000E+00,-1.650750E-01,3.352445E-03,-1.148742E-01,-1.133133E-02,-1.718908E-01,3.273791E-03,-1.140092E-01,-2.274512E-02,0.000000E+00,0.000000E+00,-6.611623E-01
1.560000E+00,-1.651897E-01,3.331943E-03,-1.146773E-01,-2.050244E-02,-1.720046E-01,3.238922E-03,-1.137852E-01,-3.486949E-02,0.000000E+00,0.000000E+00,-7.820195E-01
1.561000E+00,-1.653029E-01,3.293176E-03,-1.131937E-01,-3.876658E-02,-1.721172E-01,3.200777E-03,-1.125773E-01,-3.814502E-02,0.000000E+00,0.000000E+00,-7.768650E-01
1.562000E+00,-1.654117E-01,3.256151E-03,-1.088419E-01,-3.702537E-02,-1.722257E-01,3.173918E-03,-1.085554E-01,-2.685894E-02,0.000000E+00,0.000000E+00,-6.914269E-01
1.563000E+00,-1.655155E-01,3.255561E-03,-1.037591E-01,-5.902331E-04,-1.723293E-01,3.178409E-03,-1.035353E-01,4.491562E-03,0.000000E+00,0.000000E+00,-6.487236E-01
1.564000E+00,-1.656128E-01,3.269510E-03,-9.729192E-02,1.394923E-02,-1.724264E-01,3.189535E-03,-9.712219E-02,1.112613E-02,0.000000E+00,0.000000E+00,-6.724762E-01
1.565000E+00,-1.657017E-01,3.295494E-03,-8.895572E-02,2.598436E-02,-1.725154E-01,3.207054E-03,-8.900363E-02,1.751889E-02,0.000000E+00,0.000000E+00,-7.436464E-01
1.566000E+00,-1.657835E-01,3.328676E-03,-8.173485E-02,3.318187E-02,-1.725974E-01,3.229609E-03,-8.198191E-02,2.255508E-02,0.000000E+00,0.000000E+00,-8.329596E-01
1.567000E+00,-1.658607E-01,3.357264E-03,-7.722637E-02,2.858784E-02,-1.726751E-01,3.255056E-03,-7.773489E-02,2.544680E-02,0.000000E+00,0.000000E+00,-8.593016E-01
1.568000E+00,-1.659348E-01,3.376134E-03,-7.410481E-02,1.887015E-02,-1.727501E-01,3.283300E-03,-7.500791E-02,2.824340E-02,0.000000E+00,0.000000E+00,-7.804037E-01
1.569000E+00,-1.660066E-01,3.384991E-03,-7.182325E-02,8.856877E-03,-1.728231E-01,3.309647E-03,-7.299033E-02,2.634690E-02,0.000000E+00,0.000000E+00,-6.332805E-01
1.570000E+00,-1.660778E-01,3.381556E-03,-7.113929E-02,-3.434800E-03,-1.728955E-01,3.326633E-03,-7.236774E-02,1.698668E-02,0.000000E+00,0.000000E+00,-4.615608E-01
1.571000E+00,-1.661484E-01,3.365004E-03,-7.060638E-02,-1.655196E-02,-1.729674E-01,3.334348E-03,-7.188714E-02,7.714324E-03,0.000000E+00,0.000000E+00,-2.575877E-01
1.572000E+00,-1.662184E-01,3.335185E-03,-7.007064E-02,-2.981908E-02,-1.730388E-01,3.333022E-03,-7.140966E-02,-1.326037E-03,0.000000E+00,0.000000E+00,-1.817631E-02
1.573000E+00,-1.662879E-01,3.293382E-03,-6.948321E-02,-4.180328E-02,-1.731096E-01,3.322057E-03,-7.082773E-02,-1.096458E-02,0.000000E+00,0.000000E+00,2.408426E-01
1.574000E+00,-1.663586E-01,3.252544E-03,-7.072076E-02,-4.083741E-02,-1.731817E-01,3.290843E-03,-7.215353E-02,-3.121439E-02,0.000000E+00,0.000000E+00,3.215976E-01
1.575000E+00,-1.664362E-01,3.244341E-03,-7.754544E-02,-8.203002E-03,-1.732605E-01,3.265899E-03,-7.872050E-02,-2.494340E-02,0.000000E+00,0.000000E+00,1.809948E-01
1.576000E+00,-1.665213E-01,3.250588E-03,-8.513728E-02,6.246913E-03,-1.733463E-01,3.265437E-03,-8.586400E-02,-4.625565E-04,0.000000E+00,0.000000E+00,1.246501E-01
1.577000E+00,-1.666107E-01,3.260458E-03,-8.935293E-02,9.869785E-03,-1.734363E-01,3.273834E-03,-8.994459E-02,8.397101E-03,0.000000E+00,0.000000E+00,1.122772E-01
1.578000E+00,-1.667032E-01,3.270746E-03,-9.256870E-02,1.028763E-02,-1.735295E-01,3.284260E-03,-9.319372E-02,1.042658E-02,0.000000E+00,0.000000E+00,1.134332E-01
1.579000E+00,-1.667989E-01,3.283842E-03,-9.561560E-02,1.309592E-02,-1.736257E-01,3.293560E-03,-9.624757E-02,9.299441E-03,0.000000E+00,0.000000E+00,8.156008E-02
1.580000E+00,-1.668976E-01,3.301222E-03,-9.877978E-02,1.738069E-02,-1.737251E-01,3.300969E-03,-9.939240E-02,7.409202E-03,0.000000E+00,0.000000E+00,-2.127411E-03
1.581000E+00,-1.669991E-01,3.318975E-03,-1.014129E-01,1.775266E-02,-1.738271E-01,3.308753E-03,-1.019452E-01,7.784264E-03,0.000000E+00,0.000000E+00,-8.577497E-02
1.582000E+00,-1.671004E-01,3.328338E-03,-1.013372E-01,9.363392E-03,-1.739290E-01,3.308716E-03,-1.018983E-01,-3.707362E-05,0.000000E+00,0.000000E+00,-1.646431E-01
1.583000E+00,-1.672012E-01,3.328916E-03,-1.008053E-01,5.773202E-04,-1.740304E-01,3.298156E-03,-1.014003E-01,-1.056029E-02,0.000000E+00,0.000000E+00,-2.580707E-01
1.584000E+00,-1.673015E-01,3.320840E-03,-1.003428E-01,-8.075468E-03,-1.741313E-01,3.277099E-03,-1.009504E-01,-2.105696E-02,0.000000E+00,0.000000E+00,-3.669479E-01
1.585000E+00,-1.674015E-01,3.304114E-03,-9.996267E-02,-1.672625E-02,-1.742319E-01,3.245683E-03,-1.005605E-01,-3.141595E-02,0.000000E+00,0.000000E+00,-4.901318E-01
1.586000E+00,-1.675012E-01,3.278600E-03,-9.967439E-02,-2.551451E-02,-1.743321E-01,3.204116E-03,-1.002416E-01,-4.156652E-02,0.000000E+00,0.000000E+00,-6.247177E-01
1.587000E+00,-1.676007E-01,3.244043E-03,-9.947951E-02,-3.455633E-02,-1.744321E-01,3.152624E-03,-9.999950E-02,-5.149215E-02,0.000000E+00,0.000000E+00,-7.666908E-01
1.588000E+00,-1.677000E-01,3.200126E-03,-9.937228E-02,-4.391739E-02,-1.745319E-01,3.091398E-03,-9.983435E-02,-6.122606E-02,0.000000E+00,0.000000E+00,-9.117669E-01
1.589000E+00,-1.677973E-01,3.122907E-03,-9.725113E-02,-7.721878E-02,-1.746294E-01,3.028956E-03,-9.748786E-02,-6.244237E-02,0.000000E+00,0.000000E+00,-7.878446E-01
1.590000E+00,-1.678870E-01,3.053318E-03,-8.967849E-02,-6.958858E-02,-1.747188E-01,2.968756E-03,-8.937599E-02,-6.019961E-02,0.000000E+00,0.000000E+00,-7.091516E-01
1.591000E+00,-1.679587E-01,3.023142E-03,-7.173604E-02,-3.017658E-02,-1.747907E-01,2.968551E-03,-7.186102E-02,-2.050747E-04,0.000000E+00,0.000000E+00,-4.578114E-01
1.592000E+00,-1.680223E-01,3.008469E-03,-6.357424E-02,-1.467338E-02,-1.748544E-01,2.987236E-03,-6.370264E-02,1.868507E-02,0.000000E+00,0.000000E+00,-1.780593E-01
1.593000E+00,-1.680822E-01,2.998896E-03,-5.996583E-02,-9.572758E-03,-1.749144E-01,3.009321E-03,-5.998206E-02,2.208500E-02,0.000000E+00,0.000000E+00,8.743019E-02
1.594000E+00,-1.681400E-01,2.991871E-03,-5.778577E-02,-7.024762E-03,-1.749721E-01,3.030494E-03,-5.772422E-02,2.117313E-02,0.000000E+00,0.000000E+00,3.239041E-01
1.595000E+00,-1.681963E-01,2.986882E-03,-5.626276E-02,-4.989110E-03,-1.750282E-01,3.049866E-03,-5.615693E-02,1.937173E-02,0.000000E+00,0.000000E+00,5.281986E-01
1.596000E+00,-1.682518E-01,2.989392E-03,-5.556295E-02,2.510454E-03,-1.750837E-01,3.069036E-03,-5.546390E-02,1.916990E-02,0.000000E+00,0.000000E+00,6.679065E-01
1.597000E+00,-1.683090E-01,3.004486E-03,-5.716945E-02,1.509408E-02,-1.751410E-01,3.091954E-03,-5.728917E-02,2.291839E-02,0.000000E+00,0.000000E+00,7.335030E-01
1.598000E+00,-1.683688E-01,3.022584E-03,-5.973479E-02,1.809784E-02,-1.752009E-01,3.114573E-03,-5.993919E-02,2.261914E-02,0.000000E+00,0.000000E+00,7.713909E-01
1.599000E+00,-1.684318E-01,3.043740E-03,-6.301066E-02,2.115530E-02,-1.752642E-01,3.135640E-03,-6.326812E-02,2.106653E-02,0.000000E+00,0.000000E+00,7.706176E-01
1.600000E+00,-1.684985E-01,3.067895E-03,-6.670823E-02,2.415539E-02,-1.753312E-01,3.156436E-03,-6.697450E-02,2.079612E-02,0.000000E+00,0.000000E+00,7.424231E-01
1.601000E+00,-1.685693E-01,3.095650E-03,-7.080846E-02,2.775549E-02,-1.754023E-01,3.177581E-03,-7.108548E-02,2.114442E-02,0.000000E+00,0.000000E+00,6.869666E-01
1.602000E+00,-1.686447E-01,3.127905E-03,-7.541099E-02,3.225407E-02,-1.754780E-01,3.199447E-03,-7.570111E-02,2.186677E-02,0.000000E+00,0.000000E+00,5.998526E-01
1.603000E+00,-1.687245E-01,3.162234E-03,-7.981167E-02,3.432957E-02,-1.755580E-01,3.221461E-03,-8.006687E-02,2.201382E-02,0.000000E+00,0.000000E+00,4.965781E-01
1.604000E+00,-1.688098E-01,3.204087E-03,-8.533279E-02,4.185295E-02,-1.756436E-01,3.245882E-03,-8.555738E-02,2.442096E-02,0.000000E+00,0.000000E+00,3.504158E-01
1.605000E+00,-1.688987E-01,3.244398E-03,-8.886891E-02,4.031054E-02,-1.757326E-01,3.268952E-03,-8.906248E-02,2.306965E-02,0.000000E+00,0.000000E+00,2.058616E-01
1.606000E+00,-1.689933E-01,3.290243E-03,-9.462490E-02,4.584519E-02,-1.758274E-01,3.294751E-03,-9.478660E-02,2.579970E-02,0.000000E+00,0.000000E+00,3.780008E-02
1.607000E+00,-1.690896E-01,3.329286E-03,-9.628681E-02,3.904350E-02,-1.759238E-01,3.317720E-03,-9.634053E-02,2.296874E-02,0.000000E+00,0.000000E+00,-9.696677E-02
1.608000E+00,-1.691876E-01,3.361872E-03,-9.794338E-02,3.258536E-02,-1.760217E-01,3.337373E-03,-9.791430E-02,1.965284E-02,0.000000E+00,0.000000E+00,-2.053897E-01
1.609000E+00,-1.692855E-01,3.386267E-03,-9.796287E-02,2.439560E-02,-1.761196E-01,3.344972E-03,-9.788625E-02,7.598484E-03,0.000000E+00,0.000000E+00,-3.462136E-01
1.610000E+00,-1.693835E-01,3.402714E-03,-9.795430E-02,1.644692E-02,-1.762174E-01,3.340157E-03,-9.780074E-02,-4.814251E-03,0.000000E+00,0.000000E+00,-5.244659E-01
1.611000E+00,-1.694814E-01,3.411282E-03,-9.789595E-02,8.567565E-03,-1.763150E-01,3.322813E-03,-9.762873E-02,-1.734423E-02,0.000000E+00,0.000000E+00,-7.417142E-01
1.612000E+00,-1.695793E-01,3.405588E-03,-9.788314E-02,-5.693366E-03,-1.764127E-01,3.298438E-03,-9.771752E-02,-2.437540E-02,0.000000E+00,0.000000E+00,-8.983412E-01
1.613000E+00,-1.696759E-01,3.376451E-03,-9.668870E-02,-2.913750E-02,-1.765098E-01,3.277892E-03,-9.709717E-02,-2.054613E-02,0.000000E+00,0.000000E+00,-8.262731E-01
1.614000E+00,-1.697737E-01,3.335783E-03,-9.775960E-02,-4.066764E-02,-1.766082E-01,3.274379E-03,-9.834016E-02,-3.512039E-03,0.000000E+00,0.000000E+00,-5.147568E-01
1.615000E+00,-1.698677E-01,3.286474E-03,-9.395676E-02,-4.930965E-02,-1.767025E-01,3.281338E-03,-9.430574E-02,6.958136E-03,0.000000E+00,0.000000E+00,-4.305424E-02
1.616000E+00,-1.699480E-01,3.275737E-03,-8.032300E-02,-1.073625E-02,-1.767829E-01,3.299677E-03,-8.046020E-02,1.833969E-02,0.000000E+00,0.000000E+00,2.006830E-01
1.617000E+00,-1.700179E-01,3.296265E-03,-6.987518E-02,2.052810E-02,-1.768532E-01,3.322457E-03,-7.024009E-02,2.277927E-02,0.000000E+00,0.000000E+00,2.195421E-01
1.618000E+00,-1.700828E-01,3.329153E-03,-6.490317E-02,3.288787E-02,-1.769186E-01,3.341593E-03,-6.546128E-02,1.913690E-02,0.000000E+00,0.000000E+00,1.042693E-01
1.619000E+00,-1.701464E-01,3.356156E-03,-6.359636E-02,2.700248E-02,-1.769828E-01,3.353213E-03,-6.415081E-02,1.161973E-02,0.000000E+00,0.000000E+00,-2.466141E-02
1.620000E+00,-1.702097E-01,3.371982E-03,-6.329847E-02,1.582672E-02,-1.770466E-01,3.356180E-03,-6.381258E-02,2.967077E-03,0.000000E+00,0.000000E+00,-1.324275E-01
1.621000E+00,-1.702727E-01,3.376676E-03,-6.301302E-02,4.693192E-03,-1.771101E-01,3.350204E-03,-6.349135E-02,-5.975801E-03,0.000000E+00,0.000000E+00,-2.218209E-01
1.622000E+00,-1.703354E-01,3.370635E-03,-6.277483E-02,-6.040847E-03,-1.771733E-01,3.334726E-03,-6.321278E-02,-1.547817E-02,0.000000E+00,0.000000E+00,-3.008825E-01
1.623000E+00,-1.703980E-01,3.354543E-03,-6.259940E-02,-1.609205E-02,-1.772363E-01,3.309042E-03,-6.298399E-02,-2.568474E-02,0.000000E+00,0.000000E+00,-3.812375E-01
1.624000E+00,-1.704605E-01,3.329223E-03,-6.248047E-02,-2.531976E-02,-1.772991E-01,3.272417E-03,-6.279170E-02,-3.662447E-02,0.000000E+00,0.000000E+00,-4.759298E-01
1.625000E+00,-1.705250E-01,3.274212E-03,-6.452106E-02,-5.501084E-02,-1.773642E-01,3.241484E-03,-6.511092E-02,-3.093355E-02,0.000000E+00,0.000000E+00,-2.741867E-01
1.626000E+00,-1.706029E-01,3.247286E-03,-7.785640E-02,-2.692585E-02,-1.774424E-01,3.241709E-03,-7.823528E-02,2.254755E-04,0.000000E+00,0.000000E+00,-4.672203E-02
1.627000E+00,-1.706929E-01,3.250571E-03,-9.000317E-02,3.285091E-03,-1.775326E-01,3.259976E-03,-9.020490E-02,1.826682E-02,0.000000E+00,0.000000E+00,7.878022E-02
1.628000E+00,-1.707892E-01,3.262992E-03,-9.630639E-02,1.242073E-02,-1.776290E-01,3.283461E-03,-9.642644E-02,2.348500E-02,0.000000E+00,0.000000E+00,1.714614E-01
1.629000E+00,-1.708902E-01,3.278302E-03,-1.009400E-01,1.531003E-02,-1.777300E-01,3.308246E-03,-1.009980E-01,2.478513E-02,0.000000E+00,0.000000E+00,2.508290E-01
1.630000E+00,-1.709947E-01,3.294367E-03,-1.045532E-01,1.606445E-02,-1.778346E-01,3.330205E-03,-1.045684E-01,2.195951E-02,0.000000E+00,0.000000E+00,3.002084E-01
1.631000E+00,-1.711008E-01,3.308003E-03,-1.061112E-01,1.363599E-02,-1.779407E-01,3.340410E-03,-1.061171E-01,1.020429E-02,0.000000E+00,0.000000E+00,2.714626E-01
1.632000E+00,-1.712072E-01,3.315283E-03,-1.064202E-01,7.280739E-03,-1.780471E-01,3.336405E-03,-1.063852E-01,-4.005212E-03,0.000000E+00,0.000000E+00,1.769261E-01
1.633000E+00,-1.713137E-01,3.314022E-03,-1.064813E-01,-1.260890E-03,-1.781535E-01,3.320895E-03,-1.063593E-01,-1.550979E-02,0.000000E+00,0.000000E+00,5.756850E-02
1.634000E+00,-1.714202E-01,3.303798E-03,-1.065143E-01,-1.022437E-02,-1.782598E-01,3.294682E-03,-1.062903E-01,-2.621318E-02,0.000000E+00,0.000000E+00,-7.637027E-02
1.635000E+00,-1.715268E-01,3.284538E-03,-1.065603E-01,-1.925986E-02,-1.783660E-01,3.257820E-03,-1.062240E-01,-3.686120E-02,0.000000E+00,0.000000E+00,-2.238294E-01
1.636000E+00,-1.716334E-01,3.256075E-03,-1.066206E-01,-2.846325E-02,-1.784721E-01,3.210459E-03,-1.061634E-01,-4.736118E-02,0.000000E+00,0.000000E+00,-3.821691E-01
1.637000E+00,-1.717401E-01,3.218183E-03,-1.066945E-01,-3.789242E-02,-1.785783E-01,3.152805E-03,-1.061116E-01,-5.765391E-02,0.000000E+00,0.000000E+00,-5.477691E-01
1.638000E+00,-1.718469E-01,3.170627E-03,-1.067783E-01,-4.755537E-02,-1.786843E-01,3.085084E-03,-1.060698E-01,-6.772095E-02,0.000000E+00,0.000000E+00,-7.167868E-01
1.639000E+00,-1.719538E-01,3.113217E-03,-1.068657E-01,-5.741001E-02,-1.787904E-01,3.007501E-03,-1.060359E-01,-7.758348E-02,0.000000E+00,0.000000E+00,-8.859089E-01
1.640000E+00,-1.720607E-01,3.045844E-03,-1.069484E-01,-6.737361E-02,-1.788964E-01,2.920204E-03,-1.060031E-01,-8.729663E-02,0.000000E+00,0.000000E+00,-1.052976E+00
1.641000E+00,-1.721638E-01,2.975724E-03,-1.031247E-01,-7.011983E-02,-1.789986E-01,2.848121E-03,-1.022748E-01,-7.208361E-02,0.000000E+00,0.000000E+00,-1.069563E+00
1.642000E+00,-1.722560E-01,2.914957E-03,-9.216413E-02,-6.076650E-02,-1.790902E-01,2.838525E-03,-9.158912E-02,-9.595548E-03,0.000000E+00,0.000000E+00,-6.407525E-01
1.643000E+00,-1.723404E-01,2.873928E-03,-8.442368E-02,-4.102924E-02,-1.791737E-01,2.845539E-03,-8.342406E-02,7.013968E-03,0.000000E+00,0.000000E+00,-2.380362E-01
1.644000E+00,-1.724131E-01,2.882554E-03,-7.269118E-02,8.626195E-03,-1.792456E-01,2.856588E-03,-7.190179E-02,1.104912E-02,0.000000E+00,0.000000E+00,-2.177457E-01
1.645000E+00,-1.724852E-01,2.903430E-03,-7.212063E-02,2.087542E-02,-1.793173E-01,2.880398E-03,-7.172602E-02,2.381029E-02,0.000000E+00,0.000000E+00,-1.931459E-01
1.646000E+00,-1.725601E-01,2.928581E-03,-7.487809E-02,2.515137E-02,-1.793920E-01,2.909016E-03,-7.471841E-02,2.861758E-02,0.000000E+00,0.000000E+00,-1.640813E-01
1.647000E+00,-1.726377E-01,2.957116E-03,-7.755049E-02,2.853475E-02,-1.794694E-01,2.940035E-03,-7.744263E-02,3.101937E-02,0.000000E+00,0.000000E+00,-1.432464E-01
1.648000E+00,-1.727188E-01,2.986543E-03,-8.117555E-02,2.942725E-02,-1.795505E-01,2.972147E-03,-8.107557E-02,3.211125E-02,0.000000E+00,0.000000E+00,-1.207386E-01
1.649000E+00,-1.728044E-01,3.016144E-03,-8.556170E-02,2.960099E-02,-1.796360E-01,3.006033E-03,-8.547782E-02,3.388641E-02,0.000000E+00,0.000000E+00,-8.479895E-02
1.650000E+00,-1.728940E-01,3.046506E-03,-8.958077E-02,3.036158E-02,-1.797255E-01,3.038551E-03,-8.948655E-02,3.251826E-02,0.000000E+00,0.000000E+00,-6.671219E-02
1.651000E+00,-1.729891E-01,3.079263E-03,-9.516375E-02,3.275779E-02,-1.798206E-01,3.076651E-03,-9.510746E-02,3.809972E-02,0.000000E+00,0.000000E+00,-2.190974E-02
1.652000E+00,-1.730898E-01,3.114639E-03,-1.006374E-01,3.537543E-02,-1.799212E-01,3.119149E-03,-1.005875E-01,4.249749E-02,0.000000E+00,0.000000E+00,3.782366E-02
1.653000E+00,-1.731953E-01,3.152336E-03,-1.055058E-01,3.769715E-02,-1.800266E-01,3.162112E-03,-1.054177E-01,4.296354E-02,0.000000E+00,0.000000E+00,8.199441E-02
1.654000E+00,-1.733062E-01,3.193474E-03,-1.108767E-01,4.113833E-02,-1.801374E-01,3.208831E-03,-1.107964E-01,4.671937E-02,0.000000E+00,0.000000E+00,1.288052E-01
1.655000E+00,-1.734210E-01,3.236466E-03,-1.148059E-01,4.299157E-02,-1.802521E-01,3.253067E-03,-1.147066E-01,4.423521E-02,0.000000E+00,0.000000E+00,1.392379E-01
1.656000E+00,-1.735405E-01,3.289785E-03,-1.195634E-01,5.331904E-02,-1.803716E-01,3.294736E-03,-1.195385E-01,4.166933E-02,0.000000E+00,0.000000E+00,4.152710E-02
1.657000E+00,-1.736633E-01,3.339516E-03,-1.227310E-01,4.973089E-02,-1.804945E-01,3.342086E-03,-1.228436E-01,4.735046E-02,0.000000E+00,0.000000E+00,2.156102E-02
1.658000E+00,-1.737860E-01,3.381596E-03,-1.227095E-01,4.207986E-02,-1.806173E-01,3.378330E-03,-1.228206E-01,3.624378E-02,0.000000E+00,0.000000E+00,-2.738769E-02
1.659000E+00,-1.739087E-01,3.416473E-03,-1.227542E-01,3.487722E-02,-1.807402E-01,3.403068E-03,-1.228597E-01,2.473761E-02,0.000000E+00,0.000000E+00,-1.124287E-01
1.660000E+00,-1.740316E-01,3.444390E-03,-1.228954E-01,2.791741E-02,-1.808631E-01,3.415993E-03,-1.229823E-01,1.292465E-02,0.000000E+00,0.000000E+00,-2.381697E-01
1.661000E+00,-1.741547E-01,3.465272E-03,-1.231366E-01,2.088203E-02,-1.809863E-01,3.416954E-03,-1.231794E-01,9.616176E-04,0.000000E+00,0.000000E+00,-4.052334E-01
1.662000E+00,-1.742782E-01,3.473503E-03,-1.234655E-01,8.230292E-03,-1.811098E-01,3.409436E-03,-1.234490E-01,-7.517883E-03,0.000000E+00,0.000000E+00,-5.373042E-01
1.663000E+00,-1.744014E-01,3.462284E-03,-1.231484E-01,-1.121903E-02,-1.812330E-01,3.399988E-03,-1.232140E-01,-9.448450E-03,0.000000E+00,0.000000E+00,-5.224508E-01
1.664000E+00,-1.745238E-01,3.433694E-03,-1.224203E-01,-2.858965E-02,-1.813557E-01,3.386475E-03,-1.227630E-01,-1.351255E-02,0.000000E+00,0.000000E+00,-3.959897E-01
1.665000E+00,-1.746459E-01,3.387528E-03,-1.221186E-01,-4.616610E-02,-1.814784E-01,3.367996E-03,-1.226463E-01,-1.847910E-02,0.000000E+00,0.000000E+00,-1.637879E-01
1.666000E+00,-1.747685E-01,3.330478E-03,-1.226212E-01,-5.704980E-02,-1.816015E-01,3.340679E-03,-1.230562E-01,-2.731736E-02,0.000000E+00,0.000000E+00,8.553583E-02
1.667000E+00,-1.748918E-01,3.261910E-03,-1.232364E-01,-6.856760E-02,-1.817250E-01,3.305321E-03,-1.235469E-01,-3.535807E-02,0.000000E+00,0.000000E+00,3.639845E-01
1.668000E+00,-1.750157E-01,3.181685E-03,-1.239328E-01,-8.022523E-02,-1.818491E-01,3.262406E-03,-1.240591E-01,-4.291477E-02,0.000000E+00,0.000000E+00,6.767886E-01
1.669000E+00,-1.751403E-01,3.090216E-03,-1.246381E-01,-9.146871E-02,-1.819736E-01,3.211954E-03,-1.245125E-01,-5.045239E-02,0.000000E+00,0.000000E+00,1.020641E+00
1.670000E+00,-1.752656E-01,2.988340E-03,-1.252690E-01,-1.018764E-01,-1.820984E-01,3.153488E-03,-1.248449E-01,-5.846546E-02,0.000000E+00,0.000000E+00,1.384560E+00
1.671000E+00,-1.753959E-01,2.906442E-03,-1.303437E-01,-8.189796E-02,-1.822289E-01,3.093247E-03,-1.304541E-01,-6.024123E-02,0.000000E+00,0.000000E+00,1.566014E+00
1.672000E+00,-1.755274E-01,2.821667E-03,-1.314291E-01,-8.477560E-02,-1.823605E-01,3.024377E-03,-1.316480E-01,-6.886992E-02,0.000000E+00,0.000000E+00,1.699224E+00
1.673000E+00,-1.756490E-01,2.823022E-03,-1.216691E-01,1.355707E-03,-1.824837E-01,2.983234E-03,-1.231847E-01,-4.114274E-02,0.000000E+00,0.000000E+00,1.342830E+00
1.674000E+00,-1.757759E-01,2.865261E-03,-1.268917E-01,4.223904E-02,-1.826113E-01,3.000713E-03,-1.275723E-01,1.747913E-02,0.000000E+00,0.000000E+00,1.135249E+00
1.675000E+00,-1.759117E-01,2.918287E-03,-1.357957E-01,5.302585E-02,-1.827474E-01,3.040483E-03,-1.361453E-01,3.977008E-02,0.000000E+00,0.000000E+00,1.024123E+00
1.676000E+00,-1.760556E-01,2.984761E-03,-1.439041E-01,6.647425E-02,-1.828917E-01,3.090813E-03,-1.442424E-01,5.032999E-02,0.000000E+00,0.000000E+00,8.887976E-01
1.677000E+00,-1.762075E-01,3.064424E-03,-1.518775E-01,7.966297E-02,-1.830439E-01,3.148976E-03,-1.522448E-01,5.816259E-02,0.000000E+00,0.000000E+00,7.085905E-01
1.678000E+00,-1.763674E-01,3.155478E-03,-1.599226E-01,9.105355E-02,-1.832042E-01,3.214149E-03,-1.602825E-01,6.517250E-02,0.000000E+00,0.000000E+00,4.916798E-01
1.679000E+00,-1.765350E-01,3.258369E-03,-1.675832E-01,1.028911E-01,-1.833721E-01,3.286955E-03,-1.679267E-01,7.280683E-02,0.000000E+00,0.000000E+00,2.395554E-01
1.680000E+00,-1.767075E-01,3.368159E-03,-1.724412E-01,1.097896E-01,-1.835449E-01,3.363326E-03,-1.727742E-01,7.637096E-02,0.000000E+00,0.000000E+00,-4.049373E-02
1.681000E+00,-1.768803E-01,3.469694E-03,-1.728523E-01,1.015356E-01,-1.837179E-01,3.428349E-03,-1.730047E-01,6.502283E-02,0.000000E+00,0.000000E+00,-3.464489E-01
1.682000E+00,-1.770536E-01,3.563157E-03,-1.732886E-01,9.346279E-02,-1.838911E-01,3.481653E-03,-1.732010E-01,5.330386E-02,0.000000E+00,0.000000E+00,-6.829426E-01
1.683000E+00,-1.772273E-01,3.648403E-03,-1.737479E-01,8.524545E-02,-1.840644E-01,3.523185E-03,-1.733538E-01,4.153165E-02,0.000000E+00,0.000000E+00,-1.049224E+00
1.684000E+00,-1.774016E-01,3.724988E-03,-1.742141E-01,7.658570E-02,-1.842379E-01,3.553214E-03,-1.734590E-01,3.002919E-02,0.000000E+00,0.000000E+00,-1.439347E+00
1.685000E+00,-1.775762E-01,3.792280E-03,-1.746648E-01,6.729223E-02,-1.844114E-01,3.572252E-03,-1.735235E-01,1.903792E-02,0.000000E+00,0.000000E+00,-1.843743E+00
1.686000E+00,-1.777513E-01,3.849586E-03,-1.750812E-01,5.730505E-02,-1.845850E-01,3.580929E-03,-1.735670E-01,8.677497E-03,0.000000E+00,0.000000E+00,-2.251337E+00
1.687000E+00,-1.779268E-01,3.896262E-03,-1.754562E-01,4.667678E-02,-1.847586E-01,3.579878E-03,-1.736180E-01,-1.051024E-03,0.000000E+00,0.000000E+00,-2.651480E+00
1.688000E+00,-1.781026E-01,3.931815E-03,-1.757953E-01,3.555283E-02,-1.849323E-01,3.569629E-03,-1.737055E-01,-1.024924E-02,0.000000E+00,0.000000E+00,-3.035583E+00
1.689000E+00,-1.782787E-01,3.955978E-03,-1.761152E-01,2.416323E-02,-1.851062E-01,3.550519E-03,-1.738478E-01,-1.911015E-02,0.000000E+00,0.000000E+00,-3.398590E+00
1.690000E+00,-1.784551E-01,3.968783E-03,-1.764403E-01,1.280430E-02,-1.852802E-01,3.522615E-03,-1.740450E-01,-2.790416E-02,0.000000E+00,0.000000E+00,-3.740196E+00
1.691000E+00,-1.786319E-01,3.970570E-03,-1.767988E-01,1.787319E-03,-1.854545E-01,3.485674E-03,-1.742785E-01,-3.694106E-02,0.000000E+00,0.000000E+00,-4.065305E+00
1.692000E+00,-1.788091E-01,3.958915E-03,-1.771689E-01,-1.165521E-02,-1.856293E-01,3.440894E-03,-1.748261E-01,-4.477964E-02,0.000000E+00,0.000000E+00,-4.343473E+00
1.693000E+00,-1.789865E-01,3.925411E-03,-1.773749E-01,-3.350425E-02,-1.858056E-01,3.392770E-03,-1.763030E-01,-4.812442E-02,0.000000E+00,0.000000E+00,-4.466270E+00
1.694000E+00,-1.791641E-01,3.880198E-03,-1.776839E-01,-4.521289E-02,-1.859824E-01,3.335168E-03,-1.767421E-01,-5.760150E-02,0.000000E+00,0.000000E+00,-4.570344E+00
1.695000E+00,-1.793422E-01,3.826564E-03,-1.780328E-01,-5.363399E-02,-1.861591E-01,3.265843E-03,-1.767816E-01,-6.932555E-02,0.000000E+00,0.000000E+00,-4.702203E+00
1.696000E+00,-1.795167E-01,3.754433E-03,-1.745234E-01,-7.213031E-02,-1.863341E-01,3.199199E-03,-1.749766E-01,-6.664385E-02,0.000000E+00,0.000000E+00,-4.656088E+00
1.697000E+00,-1.796852E-01,3.656658E-03,-1.684644E-01,-9.777524E-02,-1.865080E-01,3.172169E-03,-1.738570E-01,-2.702938E-02,0.000000E+00,0.000000E+00,-4.061758E+00
1.698000E+00,-1.798580E-01,3.558423E-03,-1.727930E-01,-9.823478E-02,-1.866877E-01,3.183742E-03,-1.797026E-01,1.157273E-02,0.000000E+00,0.000000E+00,-3.140118E+00
1.699000E+00,-1.800332E-01,3.454164E-03,-1.752021E-01,-1.042593E-01,-1.868687E-01,3.206900E-03,-1.809980E-01,2.315763E-02,0.000000E+00,0.000000E+00,-2.071681E+00
1.700000E+00,-1.802107E-01,3.339778E-03,-1.775416E-01,-1.143863E-01,-1.870498E-01,3.227615E-03,-1.810877E-01,2.071521E-02,0.000000E+00,0.000000E+00,-9.395842E-01
1.701000E+00,-1.803912E-01,3.214012E-03,-1.805007E-01,-1.257662E-01,-1.872311E-01,3.245808E-03,-1.813413E-01,1.819332E-02,0.000000E+00,0.000000E+00,2.663485E-01
1.702000E+00,-1.805754E-01,3.076802E-03,-1.841621E-01,-1.372093E-01,-1.874128E-01,3.263622E-03,-1.816797E-01,1.781340E-02,0.000000E+00,0.000000E+00,1.565105E+00
1.703000E+00,-1.807636E-01,2.927741E-03,-1.882685E-01,-1.490609E-01,-1.875945E-01,3.281289E-03,-1.816743E-01,1.766790E-02,0.000000E+00,0.000000E+00,2.962853E+00
1.704000E+00,-1.809554E-01,2.804387E-03,-1.917289E-01,-1.233543E-01,-1.877771E-01,3.303213E-03,-1.826619E-01,2.192354E-02,0.000000E+00,0.000000E+00,4.182178E+00
1.705000E+00,-1.811365E-01,2.734954E-03,-1.811508E-01,-6.943262E-02,-1.879516E-01,3.318595E-03,-1.744278E-01,1.538172E-02,0.000000E+00,0.000000E+00,4.894866E+00
1.706000E+00,-1.812935E-01,2.759858E-03,-1.569715E-01,2.490326E-02,-1.881112E-01,3.311072E-03,-1.596779E-01,-7.522646E-03,0.000000E+00,0.000000E+00,4.622303E+00
1.707000E+00,-1.814430E-01,2.809351E-03,-1.494816E-01,4.949318E-02,-1.882666E-01,3.282053E-03,-1.553765E-01,-2.901954E-02,0.000000E+00,0.000000E+00,3.962781E+00
1.708000E+00,-1.815908E-01,2.858988E-03,-1.478223E-01,4.963713E-02,-1.884199E-01,3.244459E-03,-1.533033E-01,-3.759396E-02,0.000000E+00,0.000000E+00,3.230637E+00
1.709000E+00,-1.817392E-01,2.899270E-03,-1.484279E-01,4.028210E-02,-1.885727E-01,3.196381E-03,-1.528342E-01,-4.807806E-02,0.000000E+00,0.000000E+00,2.489555E+00
1.710000E+00,-1.818868E-01,2.921896E-03,-1.475989E-01,2.262629E-02,-1.887231E-01,3.147427E-03,-1.503196E-01,-4.895328E-02,0.000000E+00,0.000000E+00,1.889526E+00
1.711000E+00,-1.820268E-01,2.947826E-03,-1.399584E-01,2.592929E-02,-1.888639E-01,3.145935E-03,-1.407927E-01,-1.492480E-03,0.000000E+00,0.000000E+00,1.659718E+00
1.712000E+00,-1.821605E-01,2.980226E-03,-1.337502E-01,3.239992E-02,-1.889979E-01,3.166369E-03,-1.340705E-01,2.043399E-02,0.000000E+00,0.000000E+00,1.559448E+00
1.713000E+00,-1.822907E-01,3.012141E-03,-1.301730E-01,3.191532E-02,-1.891282E-01,3.194623E-03,-1.302500E-01,2.825378E-02,0.000000E+00,0.000000E+00,1.528771E+00
1.714000E+00,-1.824184E-01,3.048201E-03,-1.277023E-01,3.605982E-02,-1.892559E-01,3.230755E-03,-1.276723E-01,3.613244E-02,0.000000E+00,0.000000E+00,1.529385E+00
1.715000E+00,-1.825443E-01,3.083290E-03,-1.259366E-01,3.508892E-02,-1.893817E-01,3.268659E-03,-1.258276E-01,3.790452E-02,0.000000E+00,0.000000E+00,1.552987E+00
1.716000E+00,-1.826703E-01,3.115853E-03,-1.259309E-01,3.256377E-02,-1.895076E-01,3.299929E-03,-1.259347E-01,3.126943E-02,0.000000E+00,0.000000E+00,1.542148E+00
1.717000E+00,-1.827967E-01,3.146315E-03,-1.263901E-01,3.046174E-02,-1.896342E-01,3.320730E-03,-1.266054E-01,2.080110E-02,0.000000E+00,0.000000E+00,1.461203E+00
1.718000E+00,-1.829238E-01,3.173837E-03,-1.271522E-01,2.752197E-02,-1.897618E-01,3.330742E-03,-1.275329E-01,1.001160E-02,0.000000E+00,0.000000E+00,1.314487E+00
1.719000E+00,-1.830517E-01,3.199084E-03,-1.278812E-01,2.524699E-02,-1.898901E-01,3.330668E-03,-1.283681E-01,-7.381284E-05,0.000000E+00,0.000000E+00,1.102338E+00
1.720000E+00,-1.831801E-01,3.222798E-03,-1.284346E-01,2.371407E-02,-1.900191E-01,3.321047E-03,-1.289431E-01,-9.620855E-03,0.000000E+00,0.000000E+00,8.230592E-01
1.721000E+00,-1.833099E-01,3.244922E-03,-1.297477E-01,2.212369E-02,-1.901492E-01,3.298797E-03,-1.301803E-01,-2.224998E-02,0.000000E+00,0.000000E+00,4.513211E-01
1.722000E+00,-1.834409E-01,3.265009E-03,-1.310356E-01,2.008683E-02,-1.902804E-01,3.265750E-03,-1.311862E-01,-3.304684E-02,0.000000E+00,0.000000E+00,6.211370E-03
1.723000E+00,-1.835743E-01,3.281541E-03,-1.334287E-01,1.653201E-02,-1.904138E-01,3.251467E-03,-1.333238E-01,-1.428308E-02,0.000000E+00,0.000000E+00,-2.519337E-01
1.724000E+00,-1.837122E-01,3.295134E-03,-1.378770E-01,1.359333E-02,-1.905516E-01,3.257010E-03,-1.378425E-01,5.542742E-03,0.000000E+00,0.000000E+00,-3.193757E-01
1.725000E+00,-1.838523E-01,3.305389E-03,-1.400907E-01,1.025548E-02,-1.906917E-01,3.269085E-03,-1.401250E-01,1.207563E-02,0.000000E+00,0.000000E+00,-3.041266E-01
1.726000E+00,-1.839939E-01,3.312992E-03,-1.416381E-01,7.602772E-03,-1.908334E-01,3.282272E-03,-1.416961E-01,1.318635E-02,0.000000E+00,0.000000E+00,-2.573503E-01
1.727000E+00,-1.841371E-01,3.316826E-03,-1.431581E-01,3.833794E-03,-1.909766E-01,3.292919E-03,-1.432204E-01,1.064708E-02,0.000000E+00,0.000000E+00,-2.002731E-01
1.728000E+00,-1.842815E-01,3.315869E-03,-1.444127E-01,-9.573397E-04,-1.911211E-01,3.300137E-03,-1.444731E-01,7.217676E-03,0.000000E+00,0.000000E+00,-1.317892E-01
1.729000E+00,-1.844269E-01,3.305303E-03,-1.453791E-01,-1.056580E-02,-1.912665E-01,3.301656E-03,-1.454360E-01,1.519705E-03,0.000000E+00,0.000000E+00,-3.054820E-02
1.730000E+00,-1.845726E-01,3.285587E-03,-1.456793E-01,-1.971553E-02,-1.914123E-01,3.293942E-03,-1.457169E-01,-7.713777E-03,0.000000E+00,0.000000E+00,6.998997E-02
1.731000E+00,-1.847184E-01,3.256472E-03,-1.457908E-01,-2.911509E-02,-1.915581E-01,3.276053E-03,-1.458094E-01,-1.788967E-02,0.000000E+00,0.000000E+00,1.640239E-01
1.732000E+00,-1.848643E-01,3.217908E-03,-1.458922E-01,-3.856450E-02,-1.917040E-01,3.247972E-03,-1.458947E-01,-2.808033E-02,0.000000E+00,0.000000E+00,2.518477E-01
1.733000E+00,-1.850098E-01,3.174127E-03,-1.455465E-01,-4.378095E-02,-1.918496E-01,3.203976E-03,-1.455918E-01,-4.399654E-02,0.000000E+00,0.000000E+00,2.500402E-01
1.734000E+00,-1.851555E-01,3.124476E-03,-1.456764E-01,-4.965076E-02,-1.919953E-01,3.145593E-03,-1.457494E-01,-5.838258E-02,0.000000E+00,0.000000E+00,1.768940E-01
1.735000E+00,-1.853014E-01,3.067259E-03,-1.459499E-01,-5.721664E-02,-1.921413E-01,3.074831E-03,-1.460120E-01,-7.076251E-02,0.000000E+00,0.000000E+00,6.342323E-02
1.736000E+00,-1.854475E-01,3.001496E-03,-1.460939E-01,-6.576348E-02,-1.922874E-01,2.992622E-03,-1.461195E-01,-8.220932E-02,0.000000E+00,0.000000E+00,-7.433826E-02
1.737000E+00,-1.855937E-01,2.926453E-03,-1.461407E-01,-7.504294E-02,-1.924336E-01,2.899897E-03,-1.461175E-01,-9.272411E-02,0.000000E+00,0.000000E+00,-2.224473E-01
1.738000E+00,-1.857398E-01,2.841837E-03,-1.461376E-01,-8.461623E-02,-1.925796E-01,2.797071E-03,-1.460610E-01,-1.028260E-01,0.000000E+00,0.000000E+00,-3.749846E-01
1.739000E+00,-1.858632E-01,2.793809E-03,-1.233622E-01,-4.802771E-02,-1.927031E-01,2.780146E-03,-1.234778E-01,-1.692563E-02,0.000000E+00,0.000000E+00,-1.144522E-01
1.740000E+00,-1.859613E-01,2.806600E-03,-9.815156E-02,1.279064E-02,-1.928013E-01,2.804610E-03,-9.815651E-02,2.446411E-02,0.000000E+00,0.000000E+00,-1.666778E-02
1.741000E+00,-1.860511E-01,2.835048E-03,-8.980511E-02,2.844861E-02,-1.928911E-01,2.837051E-03,-8.980013E-02,3.244057E-02,0.000000E+00,0.000000E+00,1.677149E-02
1.742000E+00,-1.861384E-01,2.865965E-03,-8.727924E-02,3.091619E-02,-1.929783E-01,2.869408E-03,-8.727499E-02,3.235781E-02,0.000000E+00,0.000000E+00,2.884750E-02
1.743000E+00,-1.862244E-01,2.897371E-03,-8.604169E-02,3.140692E-02,-1.930644E-01,2.901418E-03,-8.603938E-02,3.201018E-02,0.000000E+00,0.000000E+00,3.390079E-02
1.744000E+00,-1.863104E-01,2.927010E-03,-8.598294E-02,2.963889E-02,-1.931503E-01,2.932381E-03,-8.597895E-02,3.096267E-02,0.000000E+00,0.000000E+00,4.498967E-02
1.745000E+00,-1.863971E-01,2.956226E-03,-8.665931E-02,2.921566E-02,-1.932370E-01,2.961920E-03,-8.665757E-02,2.953891E-02,0.000000E+00,0.000000E+00,4.769741E-02
1.746000E+00,-1.864847E-01,2.984787E-03,-8.766171E-02,2.856126E-02,-1.933247E-01,2.991313E-03,-8.765812E-02,2.939307E-02,0.000000E+00,0.000000E+00,5.466520E-02
1.747000E+00,-1.865746E-01,3.012219E-03,-8.981808E-02,2.743142E-02,-1.934145E-01,3.019207E-03,-8.981448E-02,2.789396E-02,0.000000E+00,0.000000E+00,5.853980E-02
1.748000E+00,-1.866664E-01,3.041434E-03,-9.188607E-02,2.921492E-02,-1.935064E-01,3.047283E-03,-9.188676E-02,2.807638E-02,0.000000E+00,0.000000E+00,4.900264E-02
1.749000E+00,-1.867606E-01,3.073847E-03,-9.417507E-02,3.241330E-02,-1.936005E-01,3.075131E-03,-9.418242E-02,2.784712E-02,0.000000E+00,0.000000E+00,1.075319E-02
1.750000E+00,-1.868587E-01,3.106646E-03,-9.811204E-02,3.279868E-02,-1.936987E-01,3.103671E-03,-9.811918E-02,2.854013E-02,0.000000E+00,0.000000E+00,-2.491927E-02
1.751000E+00,-1.869612E-01,3.140139E-03,-1.024958E-01,3.349301E-02,-1.938012E-01,3.133605E-03,-1.025012E-01,2.993427E-02,0.000000E+00,0.000000E+00,-5.472955E-02
1.752000E+00,-1.870685E-01,3.175279E-03,-1.072563E-01,3.514029E-02,-1.939084E-01,3.165680E-03,-1.072602E-01,3.207517E-02,0.000000E+00,0.000000E+00,-8.040496E-02
1.753000E+00,-1.871809E-01,3.212893E-03,-1.123680E-01,3.761429E-02,-1.940208E-01,3.200757E-03,-1.123711E-01,3.507670E-02,0.000000E+00,0.000000E+00,-1.016614E-01
1.754000E+00,-1.872987E-01,3.254107E-03,-1.178909E-01,4.121388E-02,-1.941387E-01,3.239844E-03,-1.178935E-01,3.908681E-02,0.000000E+00,0.000000E+00,-1.194790E-01
1.755000E+00,-1.874186E-01,3.288700E-03,-1.198527E-01,3.459282E-02,-1.942585E-01,3.271795E-03,-1.198467E-01,3.195127E-02,0.000000E+00,0.000000E+00,-1.416064E-01
1.756000E+00,-1.875411E-01,3.317999E-03,-1.225150E-01,2.929956E-02,-1.943811E-01,3.306643E-03,-1.225336E-01,3.484781E-02,0.000000E+00,0.000000E+00,-9.513064E-02
1.757000E+00,-1.876636E-01,3.339011E-03,-1.224802E-01,2.101168E-02,-1.945036E-01,3.330246E-03,-1.224903E-01,2.360332E-02,0.000000E+00,0.000000E+00,-7.342137E-02
1.758000E+00,-1.877860E-01,3.352180E-03,-1.224410E-01,1.316857E-02,-1.946260E-01,3.342187E-03,-1.224449E-01,1.194113E-02,0.000000E+00,0.000000E+00,-8.370308E-02
1.759000E+00,-1.879084E-01,3.357826E-03,-1.224118E-01,5.646256E-03,-1.947484E-01,3.342150E-03,-1.224060E-01,-3.676719E-05,0.000000E+00,0.000000E+00,-1.313075E-01
1.760000E+00,-1.880308E-01,3.356066E-03,-1.224034E-01,-1.760172E-03,-1.948708E-01,3.329978E-03,-1.223758E-01,-1.217256E-02,0.000000E+00,0.000000E+00,-2.185280E-01
1.761000E+00,-1.881533E-01,3.346729E-03,-1.224155E-01,-9.336924E-03,-1.949931E-01,3.305759E-03,-1.223459E-01,-2.421929E-02,0.000000E+00,0.000000E+00,-3.431928E-01
1.762000E+00,-1.882770E-01,3.327042E-03,-1.237411E-01,-1.968730E-02,-1.951169E-01,3.283986E-03,-1.237308E-01,-2.177215E-02,0.000000E+00,0.000000E+00,-3.606569E-01
1.763000E+00,-1.884007E-01,3.304927E-03,-1.236691E-01,-2.211496E-02,-1.952406E-01,3.283229E-03,-1.237718E-01,-7.572424E-04,0.000000E+00,0.000000E+00,-1.817501E-01
1.764000E+00,-1.885155E-01,3.300294E-03,-1.147902E-01,-4.632677E-03,-1.953555E-01,3.293608E-03,-1.148217E-01,1.037899E-02,0.000000E+00,0.000000E+00,-5.600347E-02
1.765000E+00,-1.886209E-01,3.306551E-03,-1.054170E-01,6.256790E-03,-1.954609E-01,3.318555E-03,-1.054095E-01,2.494698E-02,0.000000E+00,0.000000E+00,1.005564E-01
1.766000E+00,-1.887223E-01,3.315837E-03,-1.014663E-01,9.286115E-03,-1.955623E-01,3.342426E-03,-1.014246E-01,2.387133E-02,0.000000E+00,0.000000E+00,2.227310E-01
1.767000E+00,-1.888203E-01,3.333451E-03,-9.796403E-02,1.761419E-02,-1.956603E-01,3.350272E-03,-9.799272E-02,7.845273E-03,0.000000E+00,0.000000E+00,1.409006E-01
1.768000E+00,-1.889183E-01,3.339817E-03,-9.800852E-02,6.365964E-03,-1.957583E-01,3.349769E-03,-9.801817E-02,-5.028034E-04,0.000000E+00,0.000000E+00,8.336377E-02
1.769000E+00,-1.890164E-01,3.334746E-03,-9.805208E-02,-5.071340E-03,-1.958564E-01,3.341139E-03,-9.805105E-02,-8.629971E-03,0.000000E+00,0.000000E+00,5.355462E-02
1.770000E+00,-1.891144E-01,3.318458E-03,-9.807634E-02,-1.628736E-02,-1.959544E-01,3.324158E-03,-9.807026E-02,-1.698142E-02,0.000000E+00,0.000000E+00,4.774086E-02
1.771000E+00,-1.892125E-01,3.291533E-03,-9.807092E-02,-2.692479E-02,-1.960525E-01,3.298204E-03,-9.806208E-02,-2.595349E-02,0.000000E+00,0.000000E+00,5.587712E-02
1.772000E+00,-1.893105E-01,3.254783E-03,-9.803293E-02,-3.675092E-02,-1.961505E-01,3.262414E-03,-9.802287E-02,-3.579021E-02,0.000000E+00,0.000000E+00,6.392464E-02
1.773000E+00,-1.894085E-01,3.209113E-03,-9.796172E-02,-4.566910E-02,-1.962485E-01,3.215845E-03,-9.795267E-02,-4.656888E-02,0.000000E+00,0.000000E+00,5.638759E-02
1.774000E+00,-1.895091E-01,3.160097E-03,-1.005588E-01,-4.901624E-02,-1.963490E-01,3.179347E-03,-1.005123E-01,-3.649755E-02,0.000000E+00,0.000000E+00,1.612528E-01
1.775000E+00,-1.896262E-01,3.154789E-03,-1.171705E-01,-5.307991E-03,-1.964661E-01,3.187921E-03,-1.170988E-01,8.574040E-03,0.000000E+00,0.000000E+00,2.775395E-01
1.776000E+00,-1.897538E-01,3.167880E-03,-1.275307E-01,1.309102E-02,-1.965935E-01,3.209912E-03,-1.274741E-01,2.199051E-02,0.000000E+00,0.000000E+00,3.520892E-01
1.777000E+00,-1.898877E-01,3.187924E-03,-1.339180E-01,2.004395E-02,-1.967274E-01,3.236179E-03,-1.338719E-01,2.626678E-02,0.000000E+00,0.000000E+00,4.042174E-01
1.778000E+00,-1.900267E-01,3.212324E-03,-1.390035E-01,2.439966E-02,-1.968664E-01,3.263823E-03,-1.389753E-01,2.764454E-02,0.000000E+00,0.000000E+00,4.313998E-01
1.779000E+00,-1.901702E-01,3.240198E-03,-1.435303E-01,2.787442E-02,-1.970099E-01,3.291374E-03,-1.435279E-01,2.755101E-02,0.000000E+00,0.000000E+00,4.286909E-01
1.780000E+00,-1.903177E-01,3.271232E-03,-1.475001E-01,3.103328E-02,-1.971575E-01,3.317189E-03,-1.475301E-01,2.581443E-02,0.000000E+00,0.000000E+00,3.849734E-01
1.781000E+00,-1.904673E-01,3.304107E-03,-1.495581E-01,3.287563E-02,-1.973071E-01,3.332866E-03,-1.496449E-01,1.567724E-02,0.000000E+00,0.000000E+00,2.409053E-01
1.782000E+00,-1.906172E-01,3.330283E-03,-1.498791E-01,2.617550E-02,-1.974570E-01,3.337511E-03,-1.499296E-01,4.644704E-03,0.000000E+00,0.000000E+00,6.054701E-02
1.783000E+00,-1.907670E-01,3.347548E-03,-1.498300E-01,1.726570E-02,-1.976068E-01,3.331394E-03,-1.498095E-01,-6.116948E-03,0.000000E+00,0.000000E+00,-1.353235E-01
1.784000E+00,-1.909168E-01,3.355930E-03,-1.497918E-01,8.382066E-03,-1.977565E-01,3.314536E-03,-1.496813E-01,-1.685786E-02,0.000000E+00,0.000000E+00,-3.467540E-01
1.785000E+00,-1.910666E-01,3.355332E-03,-1.497735E-01,-5.980614E-04,-1.979061E-01,3.287086E-03,-1.495549E-01,-2.744976E-02,0.000000E+00,0.000000E+00,-5.716915E-01
1.786000E+00,-1.912163E-01,3.345555E-03,-1.497806E-01,-9.777600E-03,-1.980555E-01,3.249284E-03,-1.494409E-01,-3.780239E-02,0.000000E+00,0.000000E+00,-8.064656E-01
1.787000E+00,-1.913661E-01,3.326339E-03,-1.498129E-01,-1.921629E-02,-1.982049E-01,3.201405E-03,-1.493472E-01,-4.787877E-02,0.000000E+00,0.000000E+00,-1.046596E+00
1.788000E+00,-1.915160E-01,3.297420E-03,-1.498651E-01,-2.891844E-02,-1.983541E-01,3.143710E-03,-1.492770E-01,-5.769484E-02,0.000000E+00,0.000000E+00,-1.287699E+00
1.789000E+00,-1.916659E-01,3.258586E-03,-1.499304E-01,-3.883389E-02,-1.985034E-01,3.076399E-03,-1.492293E-01,-6.731137E-02,0.000000E+00,0.000000E+00,-1.526321E+00
1.790000E+00,-1.918159E-01,3.209717E-03,-1.500035E-01,-4.886961E-02,-1.986526E-01,2.999575E-03,-1.491997E-01,-7.682333E-02,0.000000E+00,0.000000E+00,-1.760579E+00
1.791000E+00,-1.919660E-01,3.149329E-03,-1.500532E-01,-6.038805E-02,-1.988018E-01,2.914171E-03,-1.492384E-01,-8.540435E-02,0.000000E+00,0.000000E+00,-1.970246E+00
1.792000E+00,-1.921162E-01,3.075854E-03,-1.502138E-01,-7.347446E-02,-1.989513E-01,2.821337E-03,-1.495257E-01,-9.283432E-02,0.000000E+00,0.000000E+00,-2.132522E+00
1.793000E+00,-1.922497E-01,2.983125E-03,-1.334652E-01,-9.272944E-02,-1.990875E-01,2.815966E-03,-1.361789E-01,-5.370839E-03,0.000000E+00,0.000000E+00,-1.400383E+00
1.794000E+00,-1.923776E-01,2.873682E-03,-1.279652E-01,-1.094429E-01,-1.992175E-01,2.850520E-03,-1.299888E-01,3.455366E-02,0.000000E+00,0.000000E+00,-1.940225E-01
1.795000E+00,-1.924928E-01,2.851762E-03,-1.151639E-01,-2.191924E-02,-1.993326E-01,2.888802E-03,-1.151122E-01,3.828229E-02,0.000000E+00,0.000000E+00,3.102696E-01
1.796000E+00,-1.926026E-01,2.875146E-03,-1.098107E-01,2.338316E-02,-1.994423E-01,2.927893E-03,-1.097173E-01,3.909099E-02,0.000000E+00,0.000000E+00,4.418515E-01
1.797000E+00,-1.927141E-01,2.909151E-03,-1.114988E-01,3.400525E-02,-1.995538E-01,2.966016E-03,-1.114745E-01,3.812266E-02,0.000000E+00,0.000000E+00,4.763422E-01
1.798000E+00,-1.928289E-01,2.946644E-03,-1.147727E-01,3.749285E-02,-1.996686E-01,3.004339E-03,-1.147723E-01,3.832332E-02,0.000000E+00,0.000000E+00,4.832985E-01
1.799000E+00,-1.929473E-01,2.986969E-03,-1.183975E-01,4.032558E-02,-1.997870E-01,3.042328E-03,-1.184195E-01,3.798890E-02,0.000000E+00,0.000000E+00,4.637241E-01
1.800000E+00,-1.930689E-01,3.034014E-03,-1.216014E-01,4.704490E-02,-1.999087E-01,3.079966E-03,-1.216648E-01,3.763863E-02,0.000000E+00,0.000000E+00,3.849292E-01
1.801000E+00,-1.931939E-01,3.085551E-03,-1.249744E-01,5.153633E-02,-2.000337E-01,3.119959E-03,-1.250392E-01,3.999303E-02,0.000000E+00,0.000000E+00,2.882332E-01
1.802000E+00,-1.933236E-01,3.138974E-03,-1.297092E-01,5.342373E-02,-2.001635E-01,3.162398E-03,-1.297522E-01,4.243839E-02,0.000000E+00,0.000000E+00,1.962118E-01
1.803000E+00,-1.934585E-01,3.195582E-03,-1.349191E-01,5.660759E-02,-2.002984E-01,3.207647E-03,-1.349449E-01,4.524882E-02,0.000000E+00,0.000000E+00,1.010628E-01
1.804000E+00,-1.935989E-01,3.256191E-03,-1.404174E-01,6.060903E-02,-2.004388E-01,3.256246E-03,-1.404242E-01,4.859902E-02,0.000000E+00,0.000000E+00,4.587767E-04
1.805000E+00,-1.937412E-01,3.310102E-03,-1.422811E-01,5.391136E-02,-2.005811E-01,3.296993E-03,-1.422752E-01,4.074763E-02,0.000000E+00,0.000000E+00,-1.098096E-01
1.806000E+00,-1.938834E-01,3.355331E-03,-1.422560E-01,4.522892E-02,-2.007233E-01,3.326712E-03,-1.422150E-01,2.971828E-02,0.000000E+00,0.000000E+00,-2.397377E-01
1.807000E+00,-1.940257E-01,3.392371E-03,-1.422168E-01,3.703944E-02,-2.008654E-01,3.344954E-03,-1.421185E-01,1.824224E-02,0.000000E+00,0.000000E+00,-3.971978E-01
1.808000E+00,-1.941678E-01,3.421631E-03,-1.421755E-01,2.926033E-02,-2.010074E-01,3.351360E-03,-1.419848E-01,6.406407E-03,0.000000E+00,0.000000E+00,-5.886441E-01
1.809000E+00,-1.943100E-01,3.443386E-03,-1.421492E-01,2.175551E-02,-2.011492E-01,3.345706E-03,-1.418183E-01,-5.653869E-03,0.000000E+00,0.000000E+00,-8.182599E-01
1.810000E+00,-1.944521E-01,3.457697E-03,-1.421570E-01,1.431023E-02,-2.012909E-01,3.327968E-03,-1.416294E-01,-1.773846E-02,0.000000E+00,0.000000E+00,-1.086757E+00
1.811000E+00,-1.945944E-01,3.464322E-03,-1.422127E-01,6.625408E-03,-2.014323E-01,3.298390E-03,-1.414348E-01,-2.957815E-02,0.000000E+00,0.000000E+00,-1.390092E+00
1.812000E+00,-1.947388E-01,3.469665E-03,-1.444766E-01,5.342926E-03,-2.015764E-01,3.291027E-03,-1.441506E-01,-7.362625E-03,0.000000E+00,0.000000E+00,-1.496556E+00
1.813000E+00,-1.948810E-01,3.470990E-03,-1.421647E-01,1.325023E-03,-2.017187E-01,3.296000E-03,-1.422600E-01,4.973056E-03,0.000000E+00,0.000000E+00,-1.465988E+00
1.814000E+00,-1.950187E-01,3.463955E-03,-1.376926E-01,-7.034938E-03,-2.018570E-01,3.315563E-03,-1.383303E-01,1.956275E-02,0.000000E+00,0.000000E+00,-1.243124E+00
1.815000E+00,-1.951541E-01,3.434326E-03,-1.353786E-01,-2.962912E-02,-2.019934E-01,3.340496E-03,-1.363346E-01,2.493299E-02,0.000000E+00,0.000000E+00,-7.860059E-01
1.816000E+00,-1.952889E-01,3.385641E-03,-1.348492E-01,-4.868535E-02,-2.021288E-01,3.362273E-03,-1.354259E-01,2.177751E-02,0.000000E+00,0.000000E+00,-1.957400E-01
1.817000E+00,-1.954241E-01,3.325630E-03,-1.351743E-01,-6.001105E-02,-2.022638E-01,3.375698E-03,-1.349996E-01,1.342475E-02,0.000000E+00,0.000000E+00,4.194141E-01
1.818000E+00,-1.955596E-01,3.254162E-03,-1.355523E-01,-7.146784E-02,-2.023983E-01,3.380808E-03,-1.345275E-01,5.109494E-03,0.000000E+00,0.000000E+00,1.060943E+00
1.819000E+00,-1.956956E-01,3.171539E-03,-1.359808E-01,-8.262274E-02,-2.025323E-01,3.377251E-03,-1.340198E-01,-3.556756E-03,0.000000E+00,0.000000E+00,1.723469E+00
1.820000E+00,-1.958321E-01,3.078413E-03,-1.364287E-01,-9.312641E-02,-2.026658E-01,3.364368E-03,-1.334995E-01,-1.288284E-02,0.000000E+00,0.000000E+00,2.396108E+00
1.821000E+00,-1.959689E-01,2.975627E-03,-1.368474E-01,-1.027854E-01,-2.027988E-01,3.341301E-03,-1.329986E-01,-2.306684E-02,0.000000E+00,0.000000E+00,3.064683E+00
1.822000E+00,-1.961036E-01,2.903369E-03,-1.346638E-01,-7.225819E-02,-2.029316E-01,3.302200E-03,-1.327701E-01,-3.910116E-02,0.000000E+00,0.000000E+00,3.342890E+00
1.823000E+00,-1.962363E-01,2.915120E-03,-1.327383E-01,1.175146E-02,-2.030683E-01,3.240050E-03,-1.366443E-01,-6.215023E-02,0.000000E+00,0.000000E+00,2.722951E+00
1.824000E+00,-1.963694E-01,2.957500E-03,-1.331384E-01,4.238008E-02,-2.032056E-01,3.176255E-03,-1.373501E-01,-6.379488E-02,0.000000E+00,0.000000E+00,1.832817E+00
1.825000E+00,-1.965135E-01,3.018185E-03,-1.440705E-01,6.068410E-02,-2.033514E-01,3.172786E-03,-1.458184E-01,-3.468588E-03,0.000000E+00,0.000000E+00,1.295209E+00
1.826000E+00,-1.966676E-01,3.090037E-03,-1.540373E-01,7.185240E-02,-2.035065E-01,3.189240E-03,-1.550492E-01,1.645363E-02,0.000000E+00,0.000000E+00,8.310540E-01
1.827000E+00,-1.968279E-01,3.171555E-03,-1.603368E-01,8.151847E-02,-2.036674E-01,3.207834E-03,-1.609445E-01,1.859356E-02,0.000000E+00,0.000000E+00,3.039040E-01
1.828000E+00,-1.969928E-01,3.260172E-03,-1.649261E-01,8.861608E-02,-2.038323E-01,3.220594E-03,-1.649030E-01,1.276061E-02,0.000000E+00,0.000000E+00,-3.315434E-01
1.829000E+00,-1.971612E-01,3.350704E-03,-1.683385E-01,9.053273E-02,-2.039996E-01,3.225161E-03,-1.673117E-01,4.567319E-03,0.000000E+00,0.000000E+00,-1.051735E+00
1.830000E+00,-1.973303E-01,3.429099E-03,-1.691690E-01,7.839513E-02,-2.041668E-01,3.221637E-03,-1.672040E-01,-3.524331E-03,0.000000E+00,0.000000E+00,-1.738176E+00
1.831000E+00,-1.975000E-01,3.495342E-03,-1.697247E-01,6.624228E-02,-2.043338E-01,3.210363E-03,-1.669723E-01,-1.127398E-02,0.000000E+00,0.000000E+00,-2.387940E+00
1.832000E+00,-1.976702E-01,3.550579E-03,-1.701044E-01,5.523778E-02,-2.045004E-01,3.190412E-03,-1.665982E-01,-1.995091E-02,0.000000E+00,0.000000E+00,-3.018477E+00
1.833000E+00,-1.978405E-01,3.596669E-03,-1.703161E-01,4.608941E-02,-2.046663E-01,3.160311E-03,-1.659127E-01,-3.010127E-02,0.000000E+00,0.000000E+00,-3.657784E+00
1.834000E+00,-1.980110E-01,3.633742E-03,-1.705073E-01,3.707291E-02,-2.048315E-01,3.119996E-03,-1.651559E-01,-4.031455E-02,0.000000E+00,0.000000E+00,-4.307596E+00
1.835000E+00,-1.981817E-01,3.661498E-03,-1.706860E-01,2.775619E-02,-2.049959E-01,3.069779E-03,-1.643971E-01,-5.021743E-02,0.000000E+00,0.000000E+00,-4.962888E+00
1.836000E+00,-1.983510E-01,3.682041E-03,-1.693068E-01,2.054253E-02,-2.051585E-01,3.017458E-03,-1.626271E-01,-5.232125E-02,0.000000E+00,0.000000E+00,-5.575810E+00
1.837000E+00,-1.985197E-01,3.693895E-03,-1.687136E-01,1.185433E-02,-2.053200E-01,2.959076E-03,-1.615294E-01,-5.838143E-02,0.000000E+00,0.000000E+00,-6.167225E+00
1.838000E+00,-1.986884E-01,3.695989E-03,-1.686693E-01,2.094203E-03,-2.054809E-01,2.891925E-03,-1.608611E-01,-6.715122E-02,0.000000E+00,0.000000E+00,-6.750947E+00
1.839000E+00,-1.988570E-01,3.688104E-03,-1.686868E-01,-7.885100E-03,-2.056412E-01,2.815616E-03,-1.602595E-01,-7.630887E-02,0.000000E+00,0.000000E+00,-7.328439E+00
1.840000E+00,-1.990107E-01,3.691922E-03,-1.537086E-01,3.817777E-03,-2.057944E-01,2.816156E-03,-1.532903E-01,5.394226E-04,0.000000E+00,0.000000E+00,-7.356123E+00
1.841000E+00,-1.991556E-01,3.688972E-03,-1.448834E-01,-2.949763E-03,-2.059445E-01,2.855265E-03,-1.500771E-01,3.910943E-02,0.000000E+00,0.000000E+00,-7.001133E+00
1.842000E+00,-1.992959E-01,3.655785E-03,-1.402426E-01,-3.318698E-02,-2.060942E-01,2.903588E-03,-1.496363E-01,4.832258E-02,0.000000E+00,0.000000E+00,-6.313822E+00
1.843000E+00,-1.994343E-01,3.608049E-03,-1.384587E-01,-4.773566E-02,-2.062429E-01,2.956435E-03,-1.487059E-01,5.284729E-02,0.000000E+00,0.000000E+00,-5.466876E+00
1.844000E+00,-1.995730E-01,3.548348E-03,-1.386687E-01,-5.970139E-02,-2.063910E-01,3.006405E-03,-1.481455E-01,4.996978E-02,0.000000E+00,0.000000E+00,-4.544718E+00
1.845000E+00,-1.997125E-01,3.477016E-03,-1.394971E-01,-7.133147E-02,-2.065386E-01,3.050256E-03,-1.475527E-01,4.385094E-02,0.000000E+00,0.000000E+00,-3.577438E+00
1.846000E+00,-1.998531E-01,3.396666E-03,-1.405740E-01,-8.035026E-02,-2.066855E-01,3.090226E-03,-1.469153E-01,3.997051E-02,0.000000E+00,0.000000E+00,-2.568052E+00
1.847000E+00,-1.999949E-01,3.306858E-03,-1.418153E-01,-8.980802E-02,-2.068317E-01,3.127437E-03,-1.462152E-01,3.721097E-02,0.000000E+00,0.000000E+00,-1.503292E+00
1.848000E+00,-2.001393E-01,3.272053E-03,-1.444164E-01,-3.480495E-02,-2.069779E-01,3.190549E-03,-1.462241E-01,6.311187E-02,0.000000E+00,0.000000E+00,-6.828327E-01
1.849000E+00,-2.002831E-01,3.264483E-03,-1.437948E-01,-7.569759E-03,-2.071221E-01,3.261869E-03,-1.442000E-01,7.131993E-02,0.000000E+00,0.000000E+00,-2.190403E-02
1.850000E+00,-2.004262E-01,3.258133E-03,-1.430858E-01,-6.350900E-03,-2.072647E-01,3.327907E-03,-1.426330E-01,6.603803E-02,0.000000E+00,0.000000E+00,5.845731E-01
1.851000E+00,-2.005694E-01,3.247175E-03,-1.431970E-01,-1.095707E-02,-2.074067E-01,3.390414E-03,-1.419369E-01,6.250666E-02,0.000000E+00,0.000000E+00,1.200143E+00
1.852000E+00,-2.007130E-01,3.231060E-03,-1.436040E-01,-1.611545E-02,-2.075482E-01,3.448324E-03,-1.415145E-01,5.791040E-02,0.000000E+00,0.000000E+00,1.820590E+00
1.853000E+00,-2.008571E-01,3.210365E-03,-1.441172E-01,-2.069534E-02,-2.076896E-01,3.497669E-03,-1.413994E-01,4.934472E-02,0.000000E+00,0.000000E+00,2.407849E+00
1.854000E+00,-2.010009E-01,3.185729E-03,-1.438474E-01,-2.463548E-02,-2.078307E-01,3.529866E-03,-1.411398E-01,3.219703E-02,0.000000E+00,0.000000E+00,2.884557E+00
1.855000E+00,-2.011451E-01,3.154866E-03,-1.441178E-01,-3.086342E-02,-2.079721E-01,3.548297E-03,-1.413976E-01,1.843082E-02,0.000000E+00,0.000000E+00,3.298198E+00
1.856000E+00,-2.012895E-01,3.117581E-03,-1.443946E-01,-3.728483E-02,-2.081138E-01,3.555049E-03,-1.416658E-01,6.752706E-03,0.000000E+00,0.000000E+00,3.667878E+00
1.857000E+00,-2.014338E-01,3.071259E-03,-1.443150E-01,-4.632163E-02,-2.082553E-01,3.550328E-03,-1.414664E-01,-4.721693E-03,0.000000E+00,0.000000E+00,4.017245E+00
1.858000E+00,-2.015771E-01,3.021811E-03,-1.432771E-01,-4.944816E-02,-2.083968E-01,3.524600E-03,-1.415667E-01,-2.572746E-02,0.000000E+00,0.000000E+00,4.216509E+00
1.859000E+00,-2.017168E-01,2.984837E-03,-1.397800E-01,-3.697398E-02,-2.085388E-01,3.459416E-03,-1.419611E-01,-6.518376E-02,0.000000E+00,0.000000E+00,3.979449E+00
1.860000E+00,-2.018551E-01,2.948877E-03,-1.382490E-01,-3.595981E-02,-2.086806E-01,3.372712E-03,-1.418034E-01,-8.670416E-02,0.000000E+00,0.000000E+00,3.553257E+00
1.861000E+00,-2.019885E-01,2.959061E-03,-1.334139E-01,1.018376E-02,-2.088194E-01,3.289443E-03,-1.388103E-01,-8.326905E-02,0.000000E+00,0.000000E+00,2.768994E+00
1.862000E+00,-2.021120E-01,2.998694E-03,-1.234753E-01,3.963330E-02,-2.089474E-01,3.221305E-03,-1.279454E-01,-6.813864E-02,0.000000E+00,0.000000E+00,1.865311E+00
1.863000E+00,-2.022238E-01,3.042405E-03,-1.117956E-01,4.371008E-02,-2.090612E-01,3.188297E-03,-1.138408E-01,-3.300743E-02,0.000000E+00,0.000000E+00,1.222355E+00
1.864000E+00,-2.023324E-01,3.081427E-03,-1.086055E-01,3.902222E-02,-2.091708E-01,3.163822E-03,-1.096526E-01,-2.447532E-02,0.000000E+00,0.000000E+00,6.903090E-01
1.865000E+00,-2.024393E-01,3.116262E-03,-1.068994E-01,3.483480E-02,-2.092782E-01,3.139805E-03,-1.073643E-01,-2.401707E-02,0.000000E+00,0.000000E+00,1.972410E-01
1.866000E+00,-2.025444E-01,3.149211E-03,-1.051180E-01,3.294959E-02,-2.093833E-01,3.117063E-03,-1.051099E-01,-2.274147E-02,0.000000E+00,0.000000E+00,-2.693293E-01
1.867000E+00,-2.026465E-01,3.184387E-03,-1.021558E-01,3.517604E-02,-2.094850E-01,3.096230E-03,-1.016781E-01,-2.083308E-02,0.000000E+00,0.000000E+00,-7.385799E-01
1.868000E+00,-2.027467E-01,3.217682E-03,-1.001381E-01,3.329517E-02,-2.095842E-01,3.074942E-03,-9.922753E-02,-2.128822E-02,0.000000E+00,0.000000E+00,-1.195932E+00
1.869000E+00,-2.028507E-01,3.249721E-03,-1.039794E-01,3.203854E-02,-2.096878E-01,3.083941E-03,-1.035653E-01,8.999034E-03,0.000000E+00,0.000000E+00,-1.388979E+00
1.870000E+00,-2.029570E-01,3.276046E-03,-1.063782E-01,2.632549E-02,-2.097943E-01,3.107979E-03,-1.064736E-01,2.403766E-02,0.000000E+00,0.000000E+00,-1.408120E+00
1.871000E+00,-2.030646E-01,3.297145E-03,-1.075798E-01,2.109903E-02,-2.099022E-01,3.136486E-03,-1.079193E-01,2.850726E-02,0.000000E+00,0.000000E+00,-1.346008E+00
1.872000E+00,-2.031730E-01,3.313563E-03,-1.083660E-01,1.641720E-02,-2.100111E-01,3.170112E-03,-1.089106E-01,3.362658E-02,0.000000E+00,0.000000E+00,-1.201777E+00
1.873000E+00,-2.032828E-01,3.327766E-03,-1.097808E-01,1.420319E-02,-2.101214E-01,3.203720E-03,-1.103074E-01,3.360743E-02,0.000000E+00,0.000000E+00,-1.039173E+00
1.874000E+00,-2.033944E-01,3.334160E-03,-1.115861E-01,6.394297E-03,-2.102335E-01,3.236254E-03,-1.121339E-01,3.253393E-02,0.000000E+00,0.000000E+00,-8.201612E-01
1.875000E+00,-2.035082E-01,3.328219E-03,-1.138452E-01,-5.941469E-03,-2.103479E-01,3.269481E-03,-1.143820E-01,3.322669E-02,0.000000E+00,0.000000E+00,-4.920322E-01
1.876000E+00,-2.036243E-01,3.310620E-03,-1.161104E-01,-1.759816E-02,-2.104643E-01,3.303111E-03,-1.163863E-01,3.363018E-02,0.000000E+00,0.000000E+00,-6.290606E-02
1.877000E+00,-2.037415E-01,3.300315E-03,-1.172079E-01,-1.030576E-02,-2.105814E-01,3.329777E-03,-1.171044E-01,2.666604E-02,0.000000E+00,0.000000E+00,2.467934E-01
1.878000E+00,-2.038581E-01,3.291225E-03,-1.166105E-01,-9.089489E-03,-2.106979E-01,3.331878E-03,-1.164505E-01,2.100875E-03,0.000000E+00,0.000000E+00,3.405373E-01
1.879000E+00,-2.039748E-01,3.277714E-03,-1.166670E-01,-1.351172E-02,-2.108144E-01,3.317264E-03,-1.165250E-01,-1.461388E-02,0.000000E+00,0.000000E+00,3.313118E-01
1.880000E+00,-2.040918E-01,3.258846E-03,-1.169761E-01,-1.886739E-02,-2.109312E-01,3.287900E-03,-1.168426E-01,-2.936398E-02,0.000000E+00,0.000000E+00,2.433881E-01
1.881000E+00,-2.042089E-01,3.233582E-03,-1.171599E-01,-2.526378E-02,-2.110482E-01,3.244590E-03,-1.170041E-01,-4.330962E-02,0.000000E+00,0.000000E+00,9.221714E-02
1.882000E+00,-2.043262E-01,3.201963E-03,-1.173173E-01,-3.161978E-02,-2.111653E-01,3.187359E-03,-1.170912E-01,-5.723104E-02,0.000000E+00,0.000000E+00,-1.223432E-01
1.883000E+00,-2.044437E-01,3.164054E-03,-1.174601E-01,-3.790842E-02,-2.112824E-01,3.116217E-03,-1.170887E-01,-7.114254E-02,0.000000E+00,0.000000E+00,-4.007844E-01
1.884000E+00,-2.045610E-01,3.117553E-03,-1.173272E-01,-4.650106E-02,-2.113992E-01,3.034144E-03,-1.167548E-01,-8.207242E-02,0.000000E+00,0.000000E+00,-6.988375E-01
1.885000E+00,-2.046786E-01,3.065247E-03,-1.175520E-01,-5.230631E-02,-2.115159E-01,2.943278E-03,-1.167169E-01,-9.086642E-02,0.000000E+00,0.000000E+00,-1.021979E+00
1.886000E+00,-2.047975E-01,3.014149E-03,-1.188965E-01,-5.109800E-02,-2.116337E-01,2.852965E-03,-1.177867E-01,-9.031295E-02,0.000000E+00,0.000000E+00,-1.350673E+00
1.887000E+00,-2.049126E-01,2.966699E-03,-1.151574E-01,-4.744963E-02,-2.117485E-01,2.799178E-03,-1.148187E-01,-5.378671E-02,0.000000E+00,0.000000E+00,-1.403824E+00
1.888000E+00,-2.050150E-01,2.928336E-03,-1.023655E-01,-3.836284E-02,-2.118519E-01,2.803599E-03,-1.034189E-01,4.421141E-03,0.000000E+00,0.000000E+00,-1.045227E+00
1.889000E+00,-2.051124E-01,2.887186E-03,-9.743054E-02,-4.115027E-02,-2.119504E-01,2.823642E-03,-9.850623E-02,2.004283E-02,0.000000E+00,0.000000E+00,-5.324232E-01
1.890000E+00,-2.051954E-01,2.886625E-03,-8.296915E-02,-5.606315E-04,-2.120336E-01,2.840551E-03,-8.321685E-02,1.690873E-02,0.000000E+00,0.000000E+00,-3.860419E-01
1.891000E+00,-2.052716E-01,2.907109E-03,-7.622173E-02,2.048338E-02,-2.121098E-01,2.847676E-03,-7.617406E-02,7.124980E-03,0.000000E+00,0.000000E+00,-4.979654E-01
1.892000E+00,-2.053432E-01,2.930096E-03,-7.152513E-02,2.298740E-02,-2.121813E-01,2.867193E-03,-7.152764E-02,1.951748E-02,0.000000E+00,0.000000E+00,-5.270367E-01
1.893000E+00,-2.054123E-01,2.953566E-03,-6.919344E-02,2.346969E-02,-2.122506E-01,2.891284E-03,-6.921930E-02,2.409062E-02,0.000000E+00,0.000000E+00,-5.218325E-01
1.894000E+00,-2.054804E-01,2.976836E-03,-6.803713E-02,2.326965E-02,-2.123186E-01,2.916264E-03,-6.805337E-02,2.498035E-02,0.000000E+00,0.000000E+00,-5.074989E-01
1.895000E+00,-2.055484E-01,2.999851E-03,-6.797610E-02,2.301534E-02,-2.123866E-01,2.940758E-03,-6.797685E-02,2.449406E-02,0.000000E+00,0.000000E+00,-4.951100E-01
1.896000E+00,-2.056170E-01,3.022147E-03,-6.866421E-02,2.229629E-02,-2.124553E-01,2.965928E-03,-6.867178E-02,2.516943E-02,0.000000E+00,0.000000E+00,-4.710378E-01
1.897000E+00,-2.056871E-01,3.043708E-03,-7.005657E-02,2.156098E-02,-2.125253E-01,2.992076E-03,-7.007830E-02,2.614822E-02,0.000000E+00,0.000000E+00,-4.326035E-01
1.898000E+00,-2.057594E-01,3.065253E-03,-7.232827E-02,2.154505E-02,-2.125977E-01,3.018507E-03,-7.233922E-02,2.643118E-02,0.000000E+00,0.000000E+00,-3.916656E-01
1.899000E+00,-2.058347E-01,3.088702E-03,-7.525379E-02,2.344871E-02,-2.126729E-01,3.045378E-03,-7.521295E-02,2.687047E-02,0.000000E+00,0.000000E+00,-3.629990E-01
1.900000E+00,-2.059131E-01,3.112560E-03,-7.842241E-02,2.385832E-02,-2.127512E-01,3.071247E-03,-7.835568E-02,2.586952E-02,0.000000E+00,0.000000E+00,-3.461517E-01
1.901000E+00,-2.059963E-01,3.138091E-03,-8.325224E-02,2.553116E-02,-2.128344E-01,3.102566E-03,-8.317195E-02,3.131896E-02,0.000000E+00,0.000000E+00,-2.976617E-01
1.902000E+00,-2.060838E-01,3.161054E-03,-8.742355E-02,2.296306E-02,-2.129218E-01,3.137596E-03,-8.736602E-02,3.503022E-02,0.000000E+00,0.000000E+00,-1.965553E-01
1.903000E+00,-2.061766E-01,3.189221E-03,-9.279773E-02,2.816648E-02,-2.130145E-01,3.176353E-03,-9.269588E-02,3.875629E-02,0.000000E+00,0.000000E+00,-1.078255E-01
1.904000E+00,-2.062735E-01,3.218985E-03,-9.689711E-02,2.976438E-02,-2.131113E-01,3.211918E-03,-9.680071E-02,3.556532E-02,0.000000E+00,0.000000E+00,-5.921962E-02
1.905000E+00,-2.063764E-01,3.255528E-03,-1.029816E-01,3.654259E-02,-2.132141E-01,3.254404E-03,-1.028276E-01,4.248622E-02,0.000000E+00,0.000000E+00,-9.416651E-03
1.906000E+00,-2.064845E-01,3.290759E-03,-1.080377E-01,3.523133E-02,-2.133220E-01,3.300663E-03,-1.079007E-01,4.625889E-02,0.000000E+00,0.000000E+00,8.298973E-02
1.907000E+00,-2.065938E-01,3.324807E-03,-1.093729E-01,3.404736E-02,-2.134312E-01,3.336250E-03,-1.092186E-01,3.558661E-02,0.000000E+00,0.000000E+00,9.589012E-02
1.908000E+00,-2.067032E-01,3.350432E-03,-1.093457E-01,2.562566E-02,-2.135404E-01,3.360284E-03,-1.091909E-01,2.403480E-02,0.000000E+00,0.000000E+00,8.256100E-02
1.909000E+00,-2.068125E-01,3.368060E-03,-1.092927E-01,1.762796E-02,-2.136495E-01,3.372293E-03,-1.091368E-01,1.200891E-02,0.000000E+00,0.000000E+00,3.547433E-02
1.910000E+00,-2.069217E-01,3.377985E-03,-1.092148E-01,9.924788E-03,-2.137586E-01,3.371933E-03,-1.090488E-01,-3.605135E-04,0.000000E+00,0.000000E+00,-5.071951E-02
1.911000E+00,-2.070308E-01,3.380292E-03,-1.091095E-01,2.306899E-03,-2.138675E-01,3.359077E-03,-1.089142E-01,-1.285631E-02,0.000000E+00,0.000000E+00,-1.777974E-01
1.912000E+00,-2.071398E-01,3.374785E-03,-1.089700E-01,-5.506955E-03,-2.139762E-01,3.333932E-03,-1.087193E-01,-2.514410E-02,0.000000E+00,0.000000E+00,-3.423779E-01
1.913000E+00,-2.072486E-01,3.360969E-03,-1.087967E-01,-1.381610E-02,-2.140847E-01,3.297114E-03,-1.084674E-01,-3.681851E-02,0.000000E+00,0.000000E+00,-5.351737E-01
1.914000E+00,-2.073576E-01,3.340422E-03,-1.090289E-01,-2.054710E-02,-2.141935E-01,3.278138E-03,-1.088433E-01,-1.897603E-02,0.000000E+00,0.000000E+00,-5.220213E-01
1.915000E+00,-2.074624E-01,3.304147E-03,-1.047828E-01,-3.627493E-02,-2.142983E-01,3.275306E-03,-1.047921E-01,-2.831429E-03,0.000000E+00,0.000000E+00,-2.417254E-01
1.916000E+00,-2.075599E-01,3.273385E-03,-9.750809E-02,-3.076194E-02,-2.143957E-01,3.281660E-03,-9.736084E-02,6.353943E-03,0.000000E+00,0.000000E+00,6.936309E-02
1.917000E+00,-2.076412E-01,3.285182E-03,-8.134120E-02,1.179671E-02,-2.144768E-01,3.300839E-03,-8.115344E-02,1.917886E-02,0.000000E+00,0.000000E+00,1.312417E-01
1.918000E+00,-2.077139E-01,3.316269E-03,-7.266144E-02,3.108705E-02,-2.145493E-01,3.318111E-03,-7.249574E-02,1.727153E-02,0.000000E+00,0.000000E+00,1.544119E-02
1.919000E+00,-2.077840E-01,3.343838E-03,-7.010887E-02,2.756917E-02,-2.146192E-01,3.324496E-03,-6.982345E-02,6.385398E-03,0.000000E+00,0.000000E+00,-1.621309E-01
1.920000E+00,-2.078538E-01,3.360464E-03,-6.980540E-02,1.662658E-02,-2.146887E-01,3.322162E-03,-6.948728E-02,-2.334114E-03,0.000000E+00,0.000000E+00,-3.210811E-01
1.921000E+00,-2.079233E-01,3.365862E-03,-6.950212E-02,5.397906E-03,-2.147578E-01,3.311196E-03,-6.917464E-02,-1.096654E-02,0.000000E+00,0.000000E+00,-4.582781E-01
1.922000E+00,-2.079925E-01,3.360081E-03,-6.920212E-02,-5.780934E-03,-2.148267E-01,3.291305E-03,-6.888118E-02,-1.989044E-02,0.000000E+00,0.000000E+00,-5.765798E-01
1.923000E+00,-2.080614E-01,3.343511E-03,-6.890220E-02,-1.657070E-02,-2.148953E-01,3.261886E-03,-6.859012E-02,-2.941940E-02,0.000000E+00,0.000000E+00,-6.843176E-01
1.924000E+00,-2.081300E-01,3.316793E-03,-6.858579E-02,-2.671764E-02,-2.149636E-01,3.222149E-03,-6.827101E-02,-3.973631E-02,0.000000E+00,0.000000E+00,-7.934855E-01
1.925000E+00,-2.081982E-01,3.280703E-03,-6.822706E-02,-3.608974E-02,-2.150315E-01,3.171276E-03,-6.788622E-02,-5.087326E-02,0.000000E+00,0.000000E+00,-9.174554E-01
1.926000E+00,-2.082748E-01,3.261935E-03,-7.660947E-02,-1.876844E-02,-2.151078E-01,3.162035E-03,-7.633985E-02,-9.240883E-03,0.000000E+00,0.000000E+00,-8.376197E-01
1.927000E+00,-2.083613E-01,3.265074E-03,-8.648093E-02,3.138825E-03,-2.151943E-01,3.191079E-03,-8.648370E-02,2.904400E-02,0.000000E+00,0.000000E+00,-6.204344E-01
1.928000E+00,-2.084540E-01,3.273313E-03,-9.272226E-02,8.239114E-03,-2.152870E-01,3.239115E-03,-9.276359E-02,4.803548E-02,0.000000E+00,0.000000E+00,-2.867537E-01
1.929000E+00,-2.085513E-01,3.284203E-03,-9.723759E-02,1.088974E-02,-2.153841E-01,3.297954E-03,-9.702348E-02,5.883888E-02,0.000000E+00,0.000000E+00,1.153085E-01
1.930000E+00,-2.086512E-01,3.292387E-03,-9.989321E-02,8.184227E-03,-2.154834E-01,3.355100E-03,-9.932640E-02,5.714681E-02,0.000000E+00,0.000000E+00,5.259094E-01
1.931000E+00,-2.087528E-01,3.298156E-03,-1.016594E-01,5.769345E-03,-2.155842E-01,3.407420E-03,-1.008037E-01,5.231995E-02,0.000000E+00,0.000000E+00,9.163397E-01
1.932000E+00,-2.088559E-01,3.298301E-03,-1.030440E-01,1.445789E-04,-2.156861E-01,3.454042E-03,-1.019029E-01,4.662202E-02,0.000000E+00,0.000000E+00,1.306224E+00
1.933000E+00,-2.089591E-01,3.286234E-03,-1.031798E-01,-1.206631E-02,-2.157878E-01,3.492699E-03,-1.016654E-01,3.865668E-02,0.000000E+00,0.000000E+00,1.731800E+00
1.934000E+00,-2.090624E-01,3.262320E-03,-1.033841E-01,-2.391478E-02,-2.158892E-01,3.523230E-03,-1.014092E-01,3.053137E-02,0.000000E+00,0.000000E+00,2.188722E+00
1.935000E+00,-2.091657E-01,3.231100E-03,-1.032393E-01,-3.121935E-02,-2.159902E-01,3.540217E-03,-1.010674E-01,1.698674E-02,0.000000E+00,0.000000E+00,2.593427E+00
1.936000E+00,-2.092685E-01,3.196944E-03,-1.028536E-01,-3.415633E-02,-2.160913E-01,3.537211E-03,-1.010644E-01,-3.006300E-03,0.000000E+00,0.000000E+00,2.855104E+00
1.937000E+00,-2.093720E-01,3.157411E-03,-1.035019E-01,-3.953321E-02,-2.161933E-01,3.519495E-03,-1.020334E-01,-1.771626E-02,0.000000E+00,0.000000E+00,3.038486E+00
1.938000E+00,-2.094758E-01,3.110341E-03,-1.037524E-01,-4.706961E-02,-2.162959E-01,3.488924E-03,-1.025516E-01,-3.057086E-02,0.000000E+00,0.000000E+00,3.177218E+00
1.939000E+00,-2.095791E-01,3.059602E-03,-1.033299E-01,-5.073874E-02,-2.163988E-01,3.438832E-03,-1.028889E-01,-5.009136E-02,0.000000E+00,0.000000E+00,3.182846E+00
1.940000E+00,-2.096784E-01,3.031120E-03,-9.923477E-02,-2.848225E-02,-2.164999E-01,3.362115E-03,-1.010765E-01,-7.671762E-02,0.000000E+00,0.000000E+00,2.777942E+00
1.941000E+00,-2.097712E-01,3.040866E-03,-9.285316E-02,9.746282E-03,-2.165959E-01,3.280726E-03,-9.606261E-02,-8.138840E-02,0.000000E+00,0.000000E+00,2.012878E+00
1.942000E+00,-2.098585E-01,3.061709E-03,-8.732656E-02,2.084300E-02,-2.166853E-01,3.208116E-03,-8.941303E-02,-7.261022E-02,0.000000E+00,0.000000E+00,1.228571E+00
1.943000E+00,-2.099362E-01,3.087988E-03,-7.768526E-02,2.627817E-02,-2.167636E-01,3.173660E-03,-7.825329E-02,-3.445570E-02,0.000000E+00,0.000000E+00,7.189360E-01
1.944000E+00,-2.100093E-01,3.114079E-03,-7.303015E-02,2.609133E-02,-2.168368E-01,3.148090E-03,-7.321289E-02,-2.557051E-02,0.000000E+00,0.000000E+00,2.854136E-01
1.945000E+00,-2.100789E-01,3.138384E-03,-6.968940E-02,2.430551E-02,-2.169065E-01,3.125444E-03,-6.967795E-02,-2.264606E-02,0.000000E+00,0.000000E+00,-1.085948E-01
1.946000E+00,-2.101458E-01,3.161044E-03,-6.681938E-02,2.266011E-02,-2.169732E-01,3.105074E-03,-6.668125E-02,-2.037021E-02,0.000000E+00,0.000000E+00,-4.696986E-01
1.947000E+00,-2.102113E-01,3.182387E-03,-6.553217E-02,2.134279E-02,-2.170384E-01,3.082771E-03,-6.523391E-02,-2.230303E-02,0.000000E+00,0.000000E+00,-8.359637E-01
1.948000E+00,-2.102822E-01,3.205720E-03,-7.088814E-02,2.333257E-02,-2.171090E-01,3.088150E-03,-7.057089E-02,5.379731E-03,0.000000E+00,0.000000E+00,-9.866387E-01
1.949000E+00,-2.103574E-01,3.228127E-03,-7.525278E-02,2.240735E-02,-2.171840E-01,3.106785E-03,-7.503888E-02,1.863464E-02,0.000000E+00,0.000000E+00,-1.018325E+00
1.950000E+00,-2.104350E-01,3.247234E-03,-7.753268E-02,1.910723E-02,-2.172615E-01,3.130539E-03,-7.745099E-02,2.375439E-02,0.000000E+00,0.000000E+00,-9.793442E-01
1.951000E+00,-2.105151E-01,3.265243E-03,-8.013391E-02,1.800889E-02,-2.173416E-01,3.157873E-03,-8.015055E-02,2.733310E-02,0.000000E+00,0.000000E+00,-9.011035E-01
1.952000E+00,-2.105982E-01,3.279134E-03,-8.311682E-02,1.389107E-02,-2.174248E-01,3.186770E-03,-8.323065E-02,2.889757E-02,0.000000E+00,0.000000E+00,-7.751660E-01
1.953000E+00,-2.106847E-01,3.290074E-03,-8.648408E-02,1.093916E-02,-2.175115E-01,3.221226E-03,-8.664835E-02,3.445625E-02,0.000000E+00,0.000000E+00,-5.778010E-01
1.954000E+00,-2.107758E-01,3.306109E-03,-9.113806E-02,1.603515E-02,-2.176026E-01,3.255604E-03,-9.111760E-02,3.437750E-02,0.000000E+00,0.000000E+00,-4.238705E-01
1.955000E+00,-2.108706E-01,3.314205E-03,-9.480295E-02,8.096161E-03,-2.176974E-01,3.295552E-03,-9.479408E-02,3.994838E-02,0.000000E+00,0.000000E+00,-1.565482E-01
1.956000E+00,-2.109662E-01,3.313937E-03,-9.555614E-02,-2.677787E-04,-2.177928E-01,3.327832E-03,-9.535589E-02,3.227991E-02,0.000000E+00,0.000000E+00,1.166219E-01
1.957000E+00,-2.110618E-01,3.304765E-03,-9.560700E-02,-9.172403E-03,-2.178880E-01,3.348553E-03,-9.526251E-02,2.072134E-02,0.000000E+00,0.000000E+00,3.675360E-01
1.958000E+00,-2.111574E-01,3.286973E-03,-9.559258E-02,-1.779217E-02,-2.179832E-01,3.357292E-03,-9.515205E-02,8.738822E-03,0.000000E+00,0.000000E+00,5.902462E-01
1.959000E+00,-2.112529E-01,3.260771E-03,-9.548798E-02,-2.620150E-02,-2.180782E-01,3.353742E-03,-9.500732E-02,-3.549825E-03,0.000000E+00,0.000000E+00,7.804129E-01
1.960000E+00,-2.113482E-01,3.226248E-03,-9.527407E-02,-3.452287E-02,-2.181730E-01,3.337790E-03,-9.480838E-02,-1.595264E-02,0.000000E+00,0.000000E+00,9.363320E-01
1.961000E+00,-2.114431E-01,3.183319E-03,-9.494351E-02,-4.292869E-02,-2.182675E-01,3.309596E-03,-9.453730E-02,-2.819351E-02,0.000000E+00,0.000000E+00,1.060062E+00
1.962000E+00,-2.115369E-01,3.175509E-03,-9.374756E-02,-7.810320E-03,-2.183614E-01,3.299235E-03,-9.385624E-02,-1.036096E-02,0.000000E+00,0.000000E+00,1.038639E+00
1.963000E+00,-2.116267E-01,3.183704E-03,-8.988660E-02,8.194713E-03,-2.184515E-01,3.296452E-03,-9.011582E-02,-2.783286E-03,0.000000E+00,0.000000E+00,9.464679E-01
1.964000E+00,-2.117094E-01,3.199640E-03,-8.269968E-02,1.593635E-02,-2.185344E-01,3.301601E-03,-8.289336E-02,5.148785E-03,0.000000E+00,0.000000E+00,8.559013E-01
1.965000E+00,-2.117830E-01,3.224626E-03,-7.351514E-02,2.498627E-02,-2.186081E-01,3.320686E-03,-7.371738E-02,1.908515E-02,0.000000E+00,0.000000E+00,8.063476E-01
1.966000E+00,-2.118507E-01,3.258958E-03,-6.774782E-02,3.433149E-02,-2.186763E-01,3.334769E-03,-6.823243E-02,1.408303E-02,0.000000E+00,0.000000E+00,6.363476E-01
1.967000E+00,-2.119145E-01,3.299367E-03,-6.384167E-02,4.040886E-02,-2.187408E-01,3.338719E-03,-6.451129E-02,3.949701E-03,0.000000E+00,0.000000E+00,3.302920E-01
1.968000E+00,-2.119773E-01,3.331932E-03,-6.273088E-02,3.256559E-02,-2.188042E-01,3.334371E-03,-6.331264E-02,-4.347276E-03,0.000000E+00,0.000000E+00,2.047012E-02
1.969000E+00,-2.120396E-01,3.353299E-03,-6.227730E-02,2.136692E-02,-2.188669E-01,3.320918E-03,-6.273653E-02,-1.345348E-02,0.000000E+00,0.000000E+00,-2.717456E-01
1.970000E+00,-2.121014E-01,3.363527E-03,-6.182999E-02,1.022771E-02,-2.189291E-01,3.298022E-03,-6.218636E-02,-2.289631E-02,0.000000E+00,0.000000E+00,-5.496823E-01
1.971000E+00,-2.121628E-01,3.362971E-03,-6.140017E-02,-5.563383E-04,-2.189907E-01,3.265127E-03,-6.165524E-02,-3.289439E-02,0.000000E+00,0.000000E+00,-8.209823E-01
1.972000E+00,-2.122238E-01,3.352214E-03,-6.098498E-02,-1.075705E-02,-2.190519E-01,3.221583E-03,-6.111748E-02,-4.354452E-02,0.000000E+00,0.000000E+00,-1.096015E+00
1.973000E+00,-2.122843E-01,3.331962E-03,-6.056968E-02,-2.025189E-02,-2.191124E-01,3.166762E-03,-6.053520E-02,-5.482109E-02,0.000000E+00,0.000000E+00,-1.385962E+00
1.974000E+00,-2.123481E-01,3.300455E-03,-6.376032E-02,-3.150690E-02,-2.191765E-01,3.123699E-03,-6.415825E-02,-4.306304E-02,0.000000E+00,0.000000E+00,-1.482785E+00
1.975000E+00,-2.124243E-01,3.288473E-03,-7.620184E-02,-1.198215E-02,-2.192537E-01,3.135982E-03,-7.719214E-02,1.228327E-02,0.000000E+00,0.000000E+00,-1.279113E+00
1.976000E+00,-2.125059E-01,3.286416E-03,-8.164438E-02,-2.056487E-03,-2.193365E-01,3.168167E-03,-8.271481E-02,3.218483E-02,0.000000E+00,0.000000E+00,-9.918026E-01
1.977000E+00,-2.125905E-01,3.284613E-03,-8.453694E-02,-1.802729E-03,-2.194221E-01,3.209324E-03,-8.561072E-02,4.115721E-02,0.000000E+00,0.000000E+00,-6.314198E-01
1.978000E+00,-2.126776E-01,3.280634E-03,-8.711492E-02,-3.979355E-03,-2.195100E-01,3.257508E-03,-8.797917E-02,4.818450E-02,0.000000E+00,0.000000E+00,-1.939275E-01
1.979000E+00,-2.127670E-01,3.273781E-03,-8.941086E-02,-6.853337E-03,-2.195999E-01,3.311011E-03,-8.987422E-02,5.350234E-02,0.000000E+00,0.000000E+00,3.121800E-01
1.980000E+00,-2.128577E-01,3.263895E-03,-9.072606E-02,-9.885420E-03,-2.196906E-01,3.362857E-03,-9.069746E-02,5.184668E-02,0.000000E+00,0.000000E+00,8.297684E-01
1.981000E+00,-2.129498E-01,3.251036E-03,-9.210630E-02,-1.285985E-02,-2.197822E-01,3.411213E-03,-9.157652E-02,4.835551E-02,0.000000E+00,0.000000E+00,1.342994E+00
1.982000E+00,-2.130435E-01,3.236271E-03,-9.369913E-02,-1.476444E-02,-2.198749E-01,3.453365E-03,-9.273081E-02,4.215162E-02,0.000000E+00,0.000000E+00,1.820180E+00
1.983000E+00,-2.131386E-01,3.220776E-03,-9.504472E-02,-1.549540E-02,-2.199689E-01,3.484316E-03,-9.393150E-02,3.095152E-02,0.000000E+00,0.000000E+00,2.209614E+00
1.984000E+00,-2.132354E-01,3.202981E-03,-9.680234E-02,-1.779503E-02,-2.200644E-01,3.507947E-03,-9.556088E-02,2.363136E-02,0.000000E+00,0.000000E+00,2.556981E+00
1.985000E+00,-2.133332E-01,3.182644E-03,-9.777606E-02,-2.033616E-02,-2.201610E-01,3.522190E-03,-9.656077E-02,1.424279E-02,0.000000E+00,0.000000E+00,2.846960E+00
1.986000E+00,-2.134310E-01,3.153735E-03,-9.786489E-02,-2.890945E-02,-2.202575E-01,3.525865E-03,-9.655424E-02,3.675255E-03,0.000000E+00,0.000000E+00,3.120252E+00
1.987000E+00,-2.135290E-01,3.116083E-03,-9.795834E-02,-3.765198E-02,-2.203541E-01,3.518809E-03,-9.658859E-02,-7.056449E-03,0.000000E+00,0.000000E+00,3.376896E+00
1.988000E+00,-2.136271E-01,3.069534E-03,-9.807793E-02,-4.654884E-02,-2.204508E-01,3.500941E-03,-9.667133E-02,-1.786853E-02,0.000000E+00,0.000000E+00,3.617509E+00
1.989000E+00,-2.137243E-01,3.021557E-03,-9.720406E-02,-4.797691E-02,-2.205476E-01,3.462235E-03,-9.685624E-02,-3.870553E-02,0.000000E+00,0.000000E+00,3.695228E+00
1.990000E+00,-2.138187E-01,2.985944E-03,-9.442268E-02,-3.561307E-02,-2.206445E-01,3.387487E-03,-9.687891E-02,-7.474826E-02,0.000000E+00,0.000000E+00,3.366649E+00
1.991000E+00,-2.139105E-01,2.966028E-03,-9.177148E-02,-1.991641E-02,-2.207399E-01,3.299383E-03,-9.541362E-02,-8.810414E-02,0.000000E+00,0.000000E+00,2.794454E+00
1.992000E+00,-2.139967E-01,2.981667E-03,-8.628458E-02,1.563879E-02,-2.208300E-01,3.225156E-03,-9.002331E-02,-7.422697E-02,0.000000E+00,0.000000E+00,2.040764E+00
1.993000E+00,-2.140744E-01,3.008280E-03,-7.761576E-02,2.661379E-02,-2.209096E-01,3.185487E-03,-7.963869E-02,-3.966890E-02,0.000000E+00,0.000000E+00,1.485083E+00
1.994000E+00,-2.141462E-01,3.036232E-03,-7.179433E-02,2.795198E-02,-2.209827E-01,3.154175E-03,-7.314686E-02,-3.131219E-02,0.000000E+00,0.000000E+00,9.883451E-01
1.995000E+00,-2.142143E-01,3.064223E-03,-6.815400E-02,2.799109E-02,-2.210518E-01,3.125814E-03,-6.901934E-02,-2.836073E-02,0.000000E+00,0.000000E+00,5.160936E-01
1.996000E+00,-2.142805E-01,3.090649E-03,-6.619825E-02,2.642559E-02,-2.211184E-01,3.099691E-03,-6.660741E-02,-2.612258E-02,0.000000E+00,0.000000E+00,7.576567E-02
1.997000E+00,-2.143456E-01,3.116003E-03,-6.508038E-02,2.535391E-02,-2.211835E-01,3.074626E-03,-6.509530E-02,-2.506563E-02,0.000000E+00,0.000000E+00,-3.467040E-01
1.998000E+00,-2.144158E-01,3.142669E-03,-7.018463E-02,2.666565E-02,-2.212535E-01,3.079591E-03,-6.998688E-02,4.965460E-03,0.000000E+00,0.000000E+00,-5.285381E-01
1.999000E+00,-2.144897E-01,3.169215E-03,-7.388905E-02,2.654673E-02,-2.213272E-01,3.097438E-03,-7.369847E-02,1.784724E-02,0.000000E+00,0.000000E+00,-6.014443E-01
2.000000E+00,-2.145657E-01,3.197339E-03,-7.607072E-02,2.812349E-02,-2.214031E-01,3.121447E-03,-7.593165E-02,2.400901E-02,0.000000E+00,0.000000E+00,-6.359311E-01
2.001000E+00,-2.146445E-01,3.221502E-03,-7.880757E-02,2.416268E-02,-2.214818E-01,3.149295E-03,-7.871212E-02,2.784776E-02,0.000000E+00,0.000000E+00,-6.050629E-01
2.002000E+00,-2.147264E-01,3.242785E-03,-8.188387E-02,2.128348E-02,-2.215636E-01,3.179842E-03,-8.181588E-02,3.054699E-02,0.000000E+00,0.000000E+00,-5.274481E-01
2.003000E+00,-2.148115E-01,3.263593E-03,-8.508119E-02,2.080817E-02,-2.216486E-01,3.213979E-03,-8.500326E-02,3.413703E-02,0.000000E+00,0.000000E+00,-4.157645E-01
2.004000E+00,-2.149005E-01,3.279445E-03,-8.900987E-02,1.585229E-02,-2.217375E-01,3.254567E-03,-8.892504E-02,4.058747E-02,0.000000E+00,0.000000E+00,-2.084899E-01
2.005000E+00,-2.149936E-01,3.291929E-03,-9.309399E-02,1.248318E-02,-2.218304E-01,3.301098E-03,-9.285123E-02,4.653148E-02,0.000000E+00,0.000000E+00,7.684388E-02
2.006000E+00,-2.150894E-01,3.302985E-03,-9.578085E-02,1.105605E-02,-2.219257E-01,3.344427E-03,-9.531312E-02,4.332894E-02,0.000000E+00,0.000000E+00,3.473267E-01
2.007000E+00,-2.151871E-01,3.315481E-03,-9.771927E-02,1.249579E-02,-2.220228E-01,3.379113E-03,-9.711216E-02,3.468625E-02,0.000000E+00,0.000000E+00,5.333431E-01
2.008000E+00,-2.152848E-01,3.318978E-03,-9.770417E-02,3.497390E-03,-2.221198E-01,3.402086E-03,-9.702581E-02,2.297289E-02,0.000000E+00,0.000000E+00,6.966336E-01
2.009000E+00,-2.153824E-01,3.313625E-03,-9.759624E-02,-5.352757E-03,-2.222167E-01,3.412949E-03,-9.688547E-02,1.086318E-02,0.000000E+00,0.000000E+00,8.326286E-01
2.010000E+00,-2.154798E-01,3.299536E-03,-9.736311E-02,-1.408884E-02,-2.223134E-01,3.411507E-03,-9.666098E-02,-1.441962E-03,0.000000E+00,0.000000E+00,9.387252E-01
2.011000E+00,-2.155758E-01,3.283872E-03,-9.604804E-02,-1.566459E-02,-2.224091E-01,3.385077E-03,-9.573849E-02,-2.642983E-02,0.000000E+00,0.000000E+00,8.485256E-01
2.012000E+00,-2.156702E-01,3.258033E-03,-9.434762E-02,-2.583903E-02,-2.225032E-01,3.352228E-03,-9.409068E-02,-3.284990E-02,0.000000E+00,0.000000E+00,7.897828E-01
2.013000E+00,-2.157630E-01,3.235765E-03,-9.283384E-02,-2.226807E-02,-2.225958E-01,3.317848E-03,-9.255125E-02,-3.437961E-02,0.000000E+00,0.000000E+00,6.882719E-01
2.014000E+00,-2.158533E-01,3.240534E-03,-9.025052E-02,4.769108E-03,-2.226858E-01,3.296324E-03,-8.997727E-02,-2.152424E-02,0.000000E+00,0.000000E+00,4.678321E-01
2.015000E+00,-2.159352E-01,3.253733E-03,-8.198135E-02,1.319919E-02,-2.227674E-01,3.295324E-03,-8.165923E-02,-1.000238E-03,0.000000E+00,0.000000E+00,3.487815E-01
2.016000E+00,-2.160089E-01,3.271466E-03,-7.368625E-02,1.773327E-02,-2.228408E-01,3.316165E-03,-7.343212E-02,2.084174E-02,0.000000E+00,0.000000E+00,3.748625E-01
2.017000E+00,-2.160772E-01,3.290160E-03,-6.830447E-02,1.869343E-02,-2.229089E-01,3.341978E-03,-6.809520E-02,2.581275E-02,0.000000E+00,0.000000E+00,4.345789E-01
2.018000E+00,-2.161419E-01,3.311533E-03,-6.470173E-02,2.137330E-02,-2.229736E-01,3.363127E-03,-6.467906E-02,2.114857E-02,0.000000E+00,0.000000E+00,4.326957E-01
2.019000E+00,-2.162055E-01,3.325647E-03,-6.360109E-02,1.411411E-02,-2.230373E-01,3.375456E-03,-6.366279E-02,1.232948E-02,0.000000E+00,0.000000E+00,4.177255E-01
2.020000E+00,-2.162687E-01,3.329025E-03,-6.320032E-02,3.378430E-03,-2.231006E-01,3.378089E-03,-6.329796E-02,2.633355E-03,0.000000E+00,0.000000E+00,4.114712E-01
2.021000E+00,-2.163315E-01,3.321771E-03,-6.279950E-02,-7.254138E-03,-2.231635E-01,3.370817E-03,-6.293449E-02,-7.272000E-03,0.000000E+00,0.000000E+00,4.113133E-01
2.022000E+00,-2.163939E-01,3.304189E-03,-6.239491E-02,-1.758257E-02,-2.232261E-01,3.353299E-03,-6.257041E-02,-1.751890E-02,0.000000E+00,0.000000E+00,4.118367E-01
2.023000E+00,-2.164568E-01,3.285333E-03,-6.290575E-02,-1.885545E-02,-2.232895E-01,3.315201E-03,-6.336957E-02,-3.809741E-02,0.000000E+00,0.000000E+00,2.504585E-01
2.024000E+00,-2.165201E-01,3.263751E-03,-6.325710E-02,-2.158199E-02,-2.233532E-01,3.259463E-03,-6.375569E-02,-5.573840E-02,0.000000E+00,0.000000E+00,-3.595989E-02
2.025000E+00,-2.165848E-01,3.262749E-03,-6.467743E-02,-1.002303E-03,-2.234182E-01,3.222171E-03,-6.502663E-02,-3.729132E-02,0.000000E+00,0.000000E+00,-3.402221E-01
2.026000E+00,-2.166595E-01,3.273348E-03,-7.472777E-02,1.059893E-02,-2.234932E-01,3.224255E-03,-7.496849E-02,2.084100E-03,0.000000E+00,0.000000E+00,-4.115977E-01
2.027000E+00,-2.167408E-01,3.286316E-03,-8.128753E-02,1.296780E-02,-2.235747E-01,3.245776E-03,-8.153793E-02,2.152008E-02,0.000000E+00,0.000000E+00,-3.398836E-01
2.028000E+00,-2.168264E-01,3.299612E-03,-8.557641E-02,1.329581E-02,-2.236605E-01,3.274752E-03,-8.578901E-02,2.897662E-02,0.000000E+00,0.000000E+00,-2.084126E-01
2.029000E+00,-2.169152E-01,3.309745E-03,-8.882304E-02,1.013357E-02,-2.237495E-01,3.306884E-03,-8.898448E-02,3.213169E-02,0.000000E+00,0.000000E+00,-2.398711E-02
2.030000E+00,-2.170058E-01,3.316879E-03,-9.065814E-02,7.133656E-03,-2.238402E-01,3.336507E-03,-9.072138E-02,2.962340E-02,0.000000E+00,0.000000E+00,1.645540E-01
2.031000E+00,-2.170971E-01,3.320790E-03,-9.130312E-02,3.911642E-03,-2.239315E-01,3.357232E-03,-9.131527E-02,2.072502E-02,0.000000E+00,0.000000E+00,3.055050E-01
2.032000E+00,-2.171881E-01,3.316019E-03,-9.094378E-02,-4.771161E-03,-2.240225E-01,3.367551E-03,-9.095316E-02,1.031905E-02,0.000000E+00,0.000000E+00,4.320067E-01
2.033000E+00,-2.172787E-01,3.302605E-03,-9.063188E-02,-1.341468E-02,-2.241131E-01,3.367489E-03,-9.064531E-02,-6.250431E-05,0.000000E+00,0.000000E+00,5.439343E-01
2.034000E+00,-2.173691E-01,3.280445E-03,-9.036435E-02,-2.215998E-02,-2.242035E-01,3.357145E-03,-9.038562E-02,-1.034420E-02,0.000000E+00,0.000000E+00,6.429780E-01
2.035000E+00,-2.174592E-01,3.249323E-03,-9.013314E-02,-3.112149E-02,-2.242937E-01,3.336676E-03,-9.016223E-02,-2.046873E-02,0.000000E+00,0.000000E+00,7.322680E-01
2.036000E+00,-2.175491E-01,3.208959E-03,-8.993137E-02,-4.036448E-02,-2.243837E-01,3.306263E-03,-8.996461E-02,-3.041267E-02,0.000000E+00,0.000000E+00,8.156782E-01
2.037000E+00,-2.176389E-01,3.161808E-03,-8.974996E-02,-4.715051E-02,-2.244736E-01,3.261568E-03,-8.993063E-02,-4.469530E-02,0.000000E+00,0.000000E+00,8.362346E-01
2.038000E+00,-2.177291E-01,3.113766E-03,-9.020329E-02,-4.804173E-02,-2.245644E-01,3.195659E-03,-9.076903E-02,-6.590937E-02,0.000000E+00,0.000000E+00,6.864186E-01
2.039000E+00,-2.178197E-01,3.059794E-03,-9.065460E-02,-5.397234E-02,-2.246557E-01,3.115575E-03,-9.129703E-02,-8.008324E-02,0.000000E+00,0.000000E+00,4.675257E-01
2.040000E+00,-2.179096E-01,2.972468E-03,-8.981481E-02,-8.732630E-02,-2.247454E-01,3.038195E-03,-8.976485E-02,-7.738078E-02,0.000000E+00,0.000000E+00,5.508824E-01
2.041000E+00,-2.179939E-01,2.890308E-03,-8.437087E-02,-8.215961E-02,-2.248297E-01,2.960244E-03,-8.428969E-02,-7.795048E-02,0.000000E+00,0.000000E+00,5.861653E-01
2.042000E+00,-2.180589E-01,2.882293E-03,-6.498767E-02,-8.014683E-03,-2.248951E-01,2.909283E-03,-6.542336E-02,-5.096090E-02,0.000000E+00,0.000000E+00,2.262056E-01
2.043000E+00,-2.181150E-01,2.899137E-03,-5.603539E-02,1.684352E-02,-2.249513E-01,2.878743E-03,-5.617234E-02,-3.054028E-02,0.000000E+00,0.000000E+00,-1.709231E-01
2.044000E+00,-2.181694E-01,2.922359E-03,-5.440350E-02,2.322178E-02,-2.250057E-01,2.879475E-03,-5.438643E-02,7.316826E-04,0.000000E+00,0.000000E+00,-3.594104E-01
2.045000E+00,-2.182253E-01,2.946388E-03,-5.592125E-02,2.402935E-02,-2.250616E-01,2.894942E-03,-5.591380E-02,1.546709E-02,0.000000E+00,0.000000E+00,-4.311683E-01
2.046000E+00,-2.182833E-01,2.969336E-03,-5.798685E-02,2.294782E-02,-2.251196E-01,2.916828E-03,-5.801759E-02,2.188634E-02,0.000000E+00,0.000000E+00,-4.400621E-01
2.047000E+00,-2.183442E-01,2.991604E-03,-6.096015E-02,2.226769E-02,-2.251806E-01,2.941513E-03,-6.101240E-02,2.468463E-02,0.000000E+00,0.000000E+00,-4.198036E-01
2.048000E+00,-2.184087E-01,3.015178E-03,-6.446505E-02,2.357423E-02,-2.252451E-01,2.967143E-03,-6.449030E-02,2.563042E-02,0.000000E+00,0.000000E+00,-4.025701E-01
2.049000E+00,-2.184771E-01,3.038000E-03,-6.838685E-02,2.282189E-02,-2.253136E-01,2.996390E-03,-6.845751E-02,2.924676E-02,0.000000E+00,0.000000E+00,-3.487223E-01
2.050000E+00,-2.185504E-01,3.063383E-03,-7.333116E-02,2.538364E-02,-2.253870E-01,3.027977E-03,-7.340667E-02,3.158711E-02,0.000000E+00,0.000000E+00,-2.967303E-01
2.051000E+00,-2.186290E-01,3.091595E-03,-7.854438E-02,2.821138E-02,-2.254656E-01,3.063285E-03,-7.862065E-02,3.530799E-02,0.000000E+00,0.000000E+00,-2.372540E-01
2.052000E+00,-2.187128E-01,3.124549E-03,-8.387597E-02,3.295461E-02,-2.255495E-01,3.101919E-03,-8.392490E-02,3.863390E-02,0.000000E+00,0.000000E+00,-1.896571E-01
2.053000E+00,-2.188023E-01,3.160069E-03,-8.947601E-02,3.551972E-02,-2.256391E-01,3.146428E-03,-8.952341E-02,4.450913E-02,0.000000E+00,0.000000E+00,-1.143200E-01
2.054000E+00,-2.188959E-01,3.195424E-03,-9.354354E-02,3.535463E-02,-2.257327E-01,3.189080E-03,-9.362088E-02,4.265197E-02,0.000000E+00,0.000000E+00,-5.316374E-02
2.055000E+00,-2.189948E-01,3.237887E-03,-9.894106E-02,4.246347E-02,-2.258316E-01,3.234501E-03,-9.896297E-02,4.542077E-02,0.000000E+00,0.000000E+00,-2.838019E-02
2.056000E+00,-2.191000E-01,3.280462E-03,-1.051890E-01,4.257504E-02,-2.259368E-01,3.291561E-03,-1.051820E-01,5.706015E-02,0.000000E+00,0.000000E+00,9.301131E-02
2.057000E+00,-2.192057E-01,3.319300E-03,-1.056928E-01,3.883769E-02,-2.260426E-01,3.330367E-03,-1.057750E-01,3.880633E-02,0.000000E+00,0.000000E+00,9.274737E-02
2.058000E+00,-2.193113E-01,3.349819E-03,-1.056541E-01,3.051885E-02,-2.261483E-01,3.357505E-03,-1.057393E-01,2.713820E-02,0.000000E+00,0.000000E+00,6.441567E-02
2.059000E+00,-2.194169E-01,3.372477E-03,-1.055800E-01,2.265809E-02,-2.262540E-01,3.372515E-03,-1.056646E-01,1.500977E-02,0.000000E+00,0.000000E+00,3.209921E-04
2.060000E+00,-2.195224E-01,3.387599E-03,-1.054756E-01,1.512223E-02,-2.263596E-01,3.375083E-03,-1.055457E-01,2.567930E-03,0.000000E+00,0.000000E+00,-1.048845E-01
2.061000E+00,-2.196277E-01,3.395289E-03,-1.053495E-01,7.689461E-03,-2.264649E-01,3.365132E-03,-1.053789E-01,-9.950867E-03,0.000000E+00,0.000000E+00,-2.527087E-01
2.062000E+00,-2.197329E-01,3.395334E-03,-1.052116E-01,4.500197E-05,-2.265701E-01,3.342930E-03,-1.051661E-01,-2.220235E-02,0.000000E+00,0.000000E+00,-4.391378E-01
2.063000E+00,-2.198380E-01,3.387175E-03,-1.050743E-01,-8.158642E-03,-2.266750E-01,3.309136E-03,-1.049243E-01,-3.379412E-02,0.000000E+00,0.000000E+00,-6.539593E-01
2.064000E+00,-2.199442E-01,3.374130E-03,-1.062037E-01,-1.304447E-02,-2.267811E-01,3.281001E-03,-1.060760E-01,-2.813445E-02,0.000000E+00,0.000000E+00,-7.804118E-01
2.065000E+00,-2.200470E-01,3.357011E-03,-1.028060E-01,-1.711914E-02,-2.268841E-01,3.263648E-03,-1.029579E-01,-1.735356E-02,0.000000E+00,0.000000E+00,-7.823586E-01
2.066000E+00,-2.201450E-01,3.317631E-03,-9.798474E-02,-3.938014E-02,-2.269826E-01,3.266651E-03,-9.850074E-02,3.003327E-03,0.000000E+00,0.000000E+00,-4.271843E-01
2.067000E+00,-2.202331E-01,3.282011E-03,-8.811801E-02,-3.561979E-02,-2.270710E-01,3.299106E-03,-8.840439E-02,3.245484E-02,0.000000E+00,0.000000E+00,1.432389E-01
2.068000E+00,-2.203150E-01,3.252203E-03,-8.182701E-02,-2.980835E-02,-2.271524E-01,3.340049E-03,-8.144054E-02,4.094325E-02,0.000000E+00,0.000000E+00,7.360847E-01
2.069000E+00,-2.203969E-01,3.211275E-03,-8.195689E-02,-4.092789E-02,-2.272332E-01,3.372316E-03,-8.078309E-02,3.226660E-02,0.000000E+00,0.000000E+00,1.349456E+00
2.070000E+00,-2.204791E-01,3.159166E-03,-8.215623E-02,-5.210896E-02,-2.273133E-01,3.395743E-03,-8.011703E-02,2.342749E-02,0.000000E+00,0.000000E+00,1.982588E+00
2.071000E+00,-2.205615E-01,3.096193E-03,-8.242134E-02,-6.297363E-02,-2.273928E-01,3.409872E-03,-7.947082E-02,1.412928E-02,0.000000E+00,0.000000E+00,2.629072E+00
2.072000E+00,-2.206442E-01,3.022978E-03,-8.271170E-02,-7.321433E-02,-2.274716E-01,3.414038E-03,-7.886728E-02,4.165330E-03,0.000000E+00,0.000000E+00,3.278188E+00
2.073000E+00,-2.207215E-01,3.002228E-03,-7.730433E-02,-2.075054E-02,-2.275476E-01,3.419145E-03,-7.600209E-02,5.107615E-03,0.000000E+00,0.000000E+00,3.495097E+00
2.074000E+00,-2.208003E-01,3.022687E-03,-7.879183E-02,2.045917E-02,-2.276293E-01,3.394148E-03,-8.166068E-02,-2.499702E-02,0.000000E+00,0.000000E+00,3.113520E+00
2.075000E+00,-2.208830E-01,3.060453E-03,-8.265120E-02,3.776659E-02,-2.277159E-01,3.355717E-03,-8.657288E-02,-3.843156E-02,0.000000E+00,0.000000E+00,2.474320E+00
2.076000E+00,-2.209706E-01,3.100946E-03,-8.765334E-02,4.049308E-02,-2.278064E-01,3.328434E-03,-9.048609E-02,-2.728323E-02,0.000000E+00,0.000000E+00,1.906043E+00
2.077000E+00,-2.210629E-01,3.149239E-03,-9.232946E-02,4.829238E-02,-2.279010E-01,3.299390E-03,-9.468482E-02,-2.904396E-02,0.000000E+00,0.000000E+00,1.257895E+00
2.078000E+00,-2.211593E-01,3.205829E-03,-9.638806E-02,5.659019E-02,-2.279990E-01,3.267850E-03,-9.791784E-02,-3.153986E-02,0.000000E+00,0.000000E+00,5.195346E-01
2.079000E+00,-2.212592E-01,3.266575E-03,-9.989381E-02,6.074594E-02,-2.280991E-01,3.228954E-03,-1.001481E-01,-3.889605E-02,0.000000E+00,0.000000E+00,-3.151390E-01
2.080000E+00,-2.213603E-01,3.317929E-03,-1.011287E-01,5.135436E-02,-2.281989E-01,3.179105E-03,-9.978927E-02,-4.984861E-02,0.000000E+00,0.000000E+00,-1.162958E+00
2.081000E+00,-2.214633E-01,3.385533E-03,-1.029942E-01,6.760345E-02,-2.282999E-01,3.173651E-03,-1.009795E-01,-5.453640E-03,0.000000E+00,0.000000E+00,-1.775170E+00
2.082000E+00,-2.215606E-01,3.451639E-03,-9.722855E-02,6.610588E-02,-2.283953E-01,3.196706E-03,-9.543417E-02,2.305407E-02,0.000000E+00,0.000000E+00,-2.136118E+00
2.083000E+00,-2.216520E-01,3.517476E-03,-9.141720E-02,6.583752E-02,-2.284854E-01,3.242671E-03,-9.005772E-02,4.596517E-02,0.000000E+00,0.000000E+00,-2.302916E+00
2.084000E+00,-2.217393E-01,3.580578E-03,-8.730365E-02,6.310147E-02,-2.285716E-01,3.302429E-03,-8.625858E-02,5.975800E-02,0.000000E+00,0.000000E+00,-2.331260E+00
2.085000E+00,-2.218270E-01,3.634374E-03,-8.774918E-02,5.379621E-02,-2.286580E-01,3.351906E-03,-8.640943E-02,4.947750E-02,0.000000E+00,0.000000E+00,-2.367880E+00
2.086000E+00,-2.219152E-01,3.678214E-03,-8.815131E-02,4.384015E-02,-2.287446E-01,3.391328E-03,-8.656190E-02,3.942142E-02,0.000000E+00,0.000000E+00,-2.405437E+00
2.087000E+00,-2.220037E-01,3.711534E-03,-8.850176E-02,3.331994E-02,-2.288313E-01,3.420930E-03,-8.670452E-02,2.960217E-02,0.000000E+00,0.000000E+00,-2.437213E+00
2.088000E+00,-2.220925E-01,3.733936E-03,-8.881649E-02,2.240190E-02,-2.289182E-01,3.440878E-03,-8.684486E-02,1.994847E-02,0.000000E+00,0.000000E+00,-2.458473E+00
2.089000E+00,-2.221816E-01,3.745227E-03,-8.912301E-02,1.129082E-02,-2.290051E-01,3.451185E-03,-8.699780E-02,1.030655E-02,0.000000E+00,0.000000E+00,-2.467487E+00
2.090000E+00,-2.222711E-01,3.745432E-03,-8.945208E-02,2.055439E-04,-2.290923E-01,3.451674E-03,-8.718003E-02,4.893757E-04,0.000000E+00,0.000000E+00,-2.465928E+00
2.091000E+00,-2.223609E-01,3.734794E-03,-8.982720E-02,-1.063839E-02,-2.291797E-01,3.442013E-03,-8.740230E-02,-9.660784E-03,0.000000E+00,0.000000E+00,-2.458605E+00
2.092000E+00,-2.224512E-01,3.713729E-03,-9.025468E-02,-2.106468E-02,-2.292674E-01,3.421770E-03,-8.766057E-02,-2.024384E-02,0.000000E+00,0.000000E+00,-2.452652E+00
2.093000E+00,-2.225410E-01,3.674032E-03,-8.978518E-02,-3.969726E-02,-2.293551E-01,3.395866E-03,-8.773011E-02,-2.590389E-02,0.000000E+00,0.000000E+00,-2.337615E+00
2.094000E+00,-2.226282E-01,3.603194E-03,-8.728976E-02,-7.083776E-02,-2.294419E-01,3.375885E-03,-8.673637E-02,-1.998063E-02,0.000000E+00,0.000000E+00,-1.910736E+00
2.095000E+00,-2.227143E-01,3.514894E-03,-8.606869E-02,-8.830028E-02,-2.295273E-01,3.353481E-03,-8.545623E-02,-2.240380E-02,0.000000E+00,0.000000E+00,-1.357188E+00
2.096000E+00,-2.228003E-01,3.413198E-03,-8.594700E-02,-1.016959E-01,-2.296120E-01,3.323834E-03,-8.471530E-02,-2.964709E-02,0.000000E+00,0.000000E+00,-7.516213E-01
2.097000E+00,-2.228863E-01,3.298688E-03,-8.606769E-02,-1.145101E-01,-2.296960E-01,3.286134E-03,-8.401223E-02,-3.770023E-02,0.000000E+00,0.000000E+00,-1.056262E-01
2.098000E+00,-2.229766E-01,3.224945E-03,-9.025181E-02,-7.374334E-02,-2.297839E-01,3.234393E-03,-8.789337E-02,-5.174057E-02,0.000000E+00,0.000000E+00,7.952857E-02
2.099000E+00,-2.230723E-01,3.217227E-03,-9.569467E-02,-7.717538E-03,-2.298784E-01,3.211085E-03,-9.449379E-02,-2.330853E-02,0.000000E+00,0.000000E+00,-5.170585E-02
2.100000E+00,-2.231703E-01,3.225261E-03,-9.807609E-02,8.034054E-03,-2.299759E-01,3.194520E-03,-9.743146E-02,-1.656448E-02,0.000000E+00,0.000000E+00,-2.588046E-01
2.101000E+00,-2.232701E-01,3.234600E-03,-9.972685E-02,9.339013E-03,-2.300752E-01,3.178030E-03,-9.931124E-02,-1.649075E-02,0.000000E+00,0.000000E+00,-4.762858E-01
2.102000E+00,-2.233714E-01,3.243208E-03,-1.013746E-01,8.607933E-03,-2.301762E-01,3.161731E-03,-1.010719E-01,-1.629829E-02,0.000000E+00,0.000000E+00,-6.859934E-01
2.103000E+00,-2.234749E-01,3.249335E-03,-1.034653E-01,6.127295E-03,-2.302795E-01,3.144102E-03,-1.032338E-01,-1.762939E-02,0.000000E+00,0.000000E+00,-8.860149E-01
2.104000E+00,-2.235808E-01,3.252423E-03,-1.058959E-01,3.087594E-03,-2.303852E-01,3.126353E-03,-1.057593E-01,-1.774844E-02,0.000000E+00,0.000000E+00,-1.061429E+00
2.105000E+00,-2.236895E-01,3.253595E-03,-1.087193E-01,1.171965E-03,-2.304939E-01,3.108455E-03,-1.086549E-01,-1.789833E-02,0.000000E+00,0.000000E+00,-1.221956E+00
2.106000E+00,-2.237971E-01,3.257268E-03,-1.075404E-01,3.673134E-03,-2.306013E-01,3.110768E-03,-1.074039E-01,2.312595E-03,0.000000E+00,0.000000E+00,-1.233431E+00
2.107000E+00,-2.239064E-01,3.260012E-03,-1.092979E-01,2.744530E-03,-2.307105E-01,3.119331E-03,-1.091610E-01,8.563225E-03,0.000000E+00,0.000000E+00,-1.184480E+00
2.108000E+00,-2.240172E-01,3.259736E-03,-1.108489E-01,-2.769116E-04,-2.308212E-01,3.122087E-03,-1.107355E-01,2.756472E-03,0.000000E+00,0.000000E+00,-1.158966E+00
2.109000E+00,-2.241282E-01,3.251681E-03,-1.110122E-01,-8.054221E-03,-2.309321E-01,3.115436E-03,-1.109097E-01,-6.651748E-03,0.000000E+00,0.000000E+00,-1.147178E+00
2.110000E+00,-2.242395E-01,3.236194E-03,-1.112550E-01,-1.548752E-02,-2.310433E-01,3.099146E-03,-1.111753E-01,-1.628922E-02,0.000000E+00,0.000000E+00,-1.153940E+00
2.111000E+00,-2.243511E-01,3.213509E-03,-1.116151E-01,-2.268446E-02,-2.311549E-01,3.072998E-03,-1.115786E-01,-2.614839E-02,0.000000E+00,0.000000E+00,-1.183105E+00
2.112000E+00,-2.244632E-01,3.183666E-03,-1.121206E-01,-2.984340E-02,-2.312670E-01,3.036784E-03,-1.121536E-01,-3.621371E-02,0.000000E+00,0.000000E+00,-1.236721E+00
2.113000E+00,-2.245786E-01,3.155412E-03,-1.154048E-01,-2.825355E-02,-2.313836E-01,3.044137E-03,-1.166326E-01,7.352992E-03,0.000000E+00,0.000000E+00,-9.368119E-01
2.114000E+00,-2.246910E-01,3.164028E-03,-1.123805E-01,8.615721E-03,-2.314968E-01,3.073097E-03,-1.131490E-01,2.895930E-02,0.000000E+00,0.000000E+00,-7.654779E-01
2.115000E+00,-2.248000E-01,3.180624E-03,-1.090280E-01,1.659608E-02,-2.316066E-01,3.106293E-03,-1.097801E-01,3.319621E-02,0.000000E+00,0.000000E+00,-6.256781E-01
2.116000E+00,-2.249062E-01,3.196392E-03,-1.062065E-01,1.576754E-02,-2.317137E-01,3.141412E-03,-1.071062E-01,3.511929E-02,0.000000E+00,0.000000E+00,-4.627335E-01
2.117000E+00,-2.250088E-01,3.214535E-03,-1.025344E-01,1.814344E-02,-2.318173E-01,3.173751E-03,-1.036292E-01,3.233879E-02,0.000000E+00,0.000000E+00,-3.432070E-01
2.118000E+00,-2.251086E-01,3.232761E-03,-9.982424E-02,1.822607E-02,-2.319185E-01,3.201244E-03,-1.011747E-01,2.749281E-02,0.000000E+00,0.000000E+00,-2.651743E-01
2.119000E+00,-2.252064E-01,3.248101E-03,-9.778370E-02,1.534008E-02,-2.320178E-01,3.225110E-03,-9.934621E-02,2.386619E-02,0.000000E+00,0.000000E+00,-1.933957E-01
2.120000E+00,-2.253027E-01,3.261023E-03,-9.627550E-02,1.292171E-02,-2.321158E-01,3.245770E-03,-9.796650E-02,2.066018E-02,0.000000E+00,0.000000E+00,-1.282707E-01
2.121000E+00,-2.253978E-01,3.272068E-03,-9.512216E-02,1.104506E-02,-2.322127E-01,3.263882E-03,-9.686597E-02,1.811167E-02,0.000000E+00,0.000000E+00,-6.882585E-02
2.122000E+00,-2.254922E-01,3.280627E-03,-9.443236E-02,8.559252E-03,-2.323088E-01,3.281059E-03,-9.617534E-02,1.717767E-02,0.000000E+00,0.000000E+00,3.632136E-03
2.123000E+00,-2.255854E-01,3.288945E-03,-9.320575E-02,8.317775E-03,-2.324037E-01,3.295845E-03,-9.484696E-02,1.478567E-02,0.000000E+00,0.000000E+00,5.798279E-02
2.124000E+00,-2.256776E-01,3.295352E-03,-9.213523E-02,6.406741E-03,-2.324973E-01,3.307864E-03,-9.364096E-02,1.201906E-02,0.000000E+00,0.000000E+00,1.051213E-01
2.125000E+00,-2.257695E-01,3.299218E-03,-9.196935E-02,3.866494E-03,-2.325906E-01,3.312059E-03,-9.331535E-02,4.194351E-03,0.000000E+00,0.000000E+00,1.078545E-01
2.126000E+00,-2.258620E-01,3.303330E-03,-9.251949E-02,4.112114E-03,-2.326844E-01,3.313048E-03,-9.374017E-02,9.892706E-04,0.000000E+00,0.000000E+00,8.160883E-02
2.127000E+00,-2.259563E-01,3.306932E-03,-9.430238E-02,3.601751E-03,-2.327799E-01,3.311843E-03,-9.549957E-02,-1.204885E-03,0.000000E+00,0.000000E+00,4.123427E-02
2.128000E+00,-2.260521E-01,3.306523E-03,-9.575586E-02,-4.092429E-04,-2.328768E-01,3.298033E-03,-9.695509E-02,-1.380989E-02,0.000000E+00,0.000000E+00,-7.127553E-02
2.129000E+00,-2.261491E-01,3.301124E-03,-9.704119E-02,-5.399074E-03,-2.329750E-01,3.277179E-03,-9.814518E-02,-2.085437E-02,0.000000E+00,0.000000E+00,-2.009943E-01
2.130000E+00,-2.262468E-01,3.283194E-03,-9.769713E-02,-1.792972E-02,-2.330737E-01,3.249186E-03,-9.876919E-02,-2.799232E-02,0.000000E+00,0.000000E+00,-2.854129E-01
2.131000E+00,-2.263451E-01,3.255765E-03,-9.826419E-02,-2.742930E-02,-2.331731E-01,3.210696E-03,-9.935184E-02,-3.849056E-02,0.000000E+00,0.000000E+00,-3.781826E-01
2.132000E+00,-2.264439E-01,3.218866E-03,-9.878547E-02,-3.689842E-02,-2.332730E-01,3.161585E-03,-9.986428E-02,-4.911067E-02,0.000000E+00,0.000000E+00,-4.805776E-01
2.133000E+00,-2.265440E-01,3.174135E-03,-1.001465E-01,-4.473152E-02,-2.333742E-01,3.107450E-03,-1.012714E-01,-5.413481E-02,0.000000E+00,0.000000E+00,-5.593722E-01
2.134000E+00,-2.266467E-01,3.123667E-03,-1.026299E-01,-5.046749E-02,-2.334781E-01,3.055645E-03,-1.038892E-01,-5.180542E-02,0.000000E+00,0.000000E+00,-5.704893E-01
2.135000E+00,-2.267508E-01,3.066047E-03,-1.041843E-01,-5.762085E-02,-2.335836E-01,3.001441E-03,-1.054795E-01,-5.420355E-02,0.000000E+00,0.000000E+00,-5.417283E-01
2.136000E+00,-2.268564E-01,3.000813E-03,-1.055037E-01,-6.523369E-02,-2.336904E-01,2.943704E-03,-1.067898E-01,-5.773695E-02,0.000000E+00,0.000000E+00,-4.787797E-01
2.137000E+00,-2.269626E-01,2.926652E-03,-1.062262E-01,-7.416133E-02,-2.337978E-01,2.878502E-03,-1.074331E-01,-6.520224E-02,0.000000E+00,0.000000E+00,-4.036009E-01
2.138000E+00,-2.270699E-01,2.854720E-03,-1.073365E-01,-7.193193E-02,-2.339064E-01,2.802967E-03,-1.085519E-01,-7.553485E-02,0.000000E+00,0.000000E+00,-4.337233E-01
2.139000E+00,-2.271528E-01,2.847363E-03,-8.288304E-02,-7.356747E-03,-2.339902E-01,2.788313E-03,-8.386470E-02,-1.465460E-02,0.000000E+00,0.000000E+00,-4.948109E-01
2.140000E+00,-2.272217E-01,2.864810E-03,-6.889854E-02,1.744701E-02,-2.340599E-01,2.804312E-03,-6.964891E-02,1.599952E-02,0.000000E+00,0.000000E+00,-5.068839E-01
2.141000E+00,-2.272850E-01,2.886850E-03,-6.331284E-02,2.203957E-02,-2.341238E-01,2.826532E-03,-6.389522E-02,2.221978E-02,0.000000E+00,0.000000E+00,-5.053311E-01
2.142000E+00,-2.273451E-01,2.906948E-03,-6.007029E-02,2.009852E-02,-2.341843E-01,2.848927E-03,-6.051001E-02,2.239523E-02,0.000000E+00,0.000000E+00,-4.860592E-01
2.143000E+00,-2.274022E-01,2.926804E-03,-5.711450E-02,1.985554E-02,-2.342417E-01,2.872384E-03,-5.741544E-02,2.345657E-02,0.000000E+00,0.000000E+00,-4.558734E-01
2.144000E+00,-2.274573E-01,2.950373E-03,-5.509300E-02,2.356905E-02,-2.342969E-01,2.895070E-03,-5.523505E-02,2.268578E-02,0.000000E+00,0.000000E+00,-4.632626E-01
2.145000E+00,-2.275111E-01,2.974779E-03,-5.384352E-02,2.440589E-02,-2.343508E-01,2.916527E-03,-5.389335E-02,2.145697E-02,0.000000E+00,0.000000E+00,-4.879604E-01
2.146000E+00,-2.275655E-01,2.997896E-03,-5.440016E-02,2.311738E-02,-2.344053E-01,2.937565E-03,-5.441566E-02,2.103884E-02,0.000000E+00,0.000000E+00,-5.053698E-01
2.147000E+00,-2.276218E-01,3.021642E-03,-5.624945E-02,2.374647E-02,-2.344615E-01,2.957421E-03,-5.621988E-02,1.985538E-02,0.000000E+00,0.000000E+00,-5.379647E-01
2.148000E+00,-2.276809E-01,3.045632E-03,-5.914456E-02,2.398945E-02,-2.345206E-01,2.977036E-03,-5.909110E-02,1.961473E-02,0.000000E+00,0.000000E+00,-5.746125E-01
2.149000E+00,-2.277437E-01,3.070601E-03,-6.281802E-02,2.496873E-02,-2.345833E-01,2.997520E-03,-6.274899E-02,2.048438E-02,0.000000E+00,0.000000E+00,-6.121800E-01
2.150000E+00,-2.278102E-01,3.093512E-03,-6.648429E-02,2.291184E-02,-2.346498E-01,3.021129E-03,-6.645936E-02,2.360867E-02,0.000000E+00,0.000000E+00,-6.063454E-01
2.151000E+00,-2.278819E-01,3.119625E-03,-7.162530E-02,2.611220E-02,-2.347214E-01,3.046962E-03,-7.158286E-02,2.583330E-02,0.000000E+00,0.000000E+00,-6.086854E-01
2.152000E+00,-2.279592E-01,3.149646E-03,-7.730827E-02,3.002177E-02,-2.347986E-01,3.076791E-03,-7.725857E-02,2.982881E-02,0.000000E+00,0.000000E+00,-6.103061E-01
2.153000E+00,-2.280422E-01,3.182365E-03,-8.302887E-02,3.271913E-02,-2.348816E-01,3.112814E-03,-8.300431E-02,3.602372E-02,0.000000E+00,0.000000E+00,-5.826279E-01
2.154000E+00,-2.281303E-01,3.217246E-03,-8.813174E-02,3.488082E-02,-2.349697E-01,3.151642E-03,-8.810371E-02,3.882750E-02,0.000000E+00,0.000000E+00,-5.495709E-01
2.155000E+00,-2.282240E-01,3.251664E-03,-9.368415E-02,3.441784E-02,-2.350634E-01,3.200146E-03,-9.371767E-02,4.850428E-02,0.000000E+00,0.000000E+00,-4.315711E-01
2.156000E+00,-2.283242E-01,3.293170E-03,-1.002144E-01,4.150563E-02,-2.351636E-01,3.250835E-03,-1.001978E-01,5.068865E-02,0.000000E+00,0.000000E+00,-3.546470E-01
2.157000E+00,-2.284248E-01,3.325196E-03,-1.006311E-01,3.202581E-02,-2.352642E-01,3.290015E-03,-1.006053E-01,3.918038E-02,0.000000E+00,0.000000E+00,-2.947142E-01
2.158000E+00,-2.285296E-01,3.354199E-03,-1.047929E-01,2.900366E-02,-2.353690E-01,3.339058E-03,-1.047489E-01,4.904251E-02,0.000000E+00,0.000000E+00,-1.268457E-01
2.159000E+00,-2.286344E-01,3.375237E-03,-1.047855E-01,2.103803E-02,-2.354737E-01,3.376196E-03,-1.046719E-01,3.713813E-02,0.000000E+00,0.000000E+00,8.030725E-03
2.160000E+00,-2.287392E-01,3.388707E-03,-1.047487E-01,1.346945E-02,-2.355783E-01,3.400997E-03,-1.045950E-01,2.480074E-02,0.000000E+00,0.000000E+00,1.029609E-01
2.161000E+00,-2.288439E-01,3.394810E-03,-1.046855E-01,6.103029E-03,-2.356828E-01,3.413206E-03,-1.045170E-01,1.220941E-02,0.000000E+00,0.000000E+00,1.541218E-01
2.162000E+00,-2.289485E-01,3.393449E-03,-1.045906E-01,-1.360368E-03,-2.357872E-01,3.412865E-03,-1.044223E-01,-3.412693E-04,0.000000E+00,0.000000E+00,1.626637E-01
2.163000E+00,-2.290529E-01,3.384180E-03,-1.044554E-01,-9.269433E-03,-2.358915E-01,3.400431E-03,-1.042902E-01,-1.243391E-02,0.000000E+00,0.000000E+00,1.361548E-01
2.164000E+00,-2.291572E-01,3.366257E-03,-1.042872E-01,-1.792343E-02,-2.359956E-01,3.376781E-03,-1.041203E-01,-2.364958E-02,0.000000E+00,0.000000E+00,8.818173E-02
2.165000E+00,-2.292613E-01,3.338748E-03,-1.041084E-01,-2.750872E-02,-2.360995E-01,3.343036E-03,-1.039356E-01,-3.374560E-02,0.000000E+00,0.000000E+00,3.592688E-02
2.166000E+00,-2.293647E-01,3.304210E-03,-1.034127E-01,-3.453789E-02,-2.362027E-01,3.293801E-03,-1.031675E-01,-4.923451E-02,0.000000E+00,0.000000E+00,-8.721514E-02
2.167000E+00,-2.294520E-01,3.309020E-03,-8.729804E-02,4.809934E-03,-2.362897E-01,3.274476E-03,-8.699469E-02,-1.932526E-02,0.000000E+00,0.000000E+00,-2.894550E-01
2.168000E+00,-2.295301E-01,3.296813E-03,-7.807269E-02,-1.220676E-02,-2.363675E-01,3.288704E-03,-7.776758E-02,1.422771E-02,0.000000E+00,0.000000E+00,-6.795552E-02
2.169000E+00,-2.296042E-01,3.276442E-03,-7.406623E-02,-2.037132E-02,-2.364411E-01,3.316821E-03,-7.361847E-02,2.811702E-02,0.000000E+00,0.000000E+00,3.383840E-01
2.170000E+00,-2.296761E-01,3.248877E-03,-7.198658E-02,-2.756491E-02,-2.365122E-01,3.347573E-03,-7.112605E-02,3.075227E-02,0.000000E+00,0.000000E+00,8.271513E-01
2.171000E+00,-2.297481E-01,3.210859E-03,-7.197546E-02,-3.801767E-02,-2.365828E-01,3.369383E-03,-7.059707E-02,2.180992E-02,0.000000E+00,0.000000E+00,1.328676E+00
2.172000E+00,-2.298200E-01,3.162588E-03,-7.192698E-02,-4.827152E-02,-2.366528E-01,3.381893E-03,-7.001451E-02,1.251037E-02,0.000000E+00,0.000000E+00,1.838337E+00
2.173000E+00,-2.298919E-01,3.104440E-03,-7.183959E-02,-5.814773E-02,-2.367222E-01,3.384523E-03,-6.941083E-02,2.630215E-03,0.000000E+00,0.000000E+00,2.348135E+00
2.174000E+00,-2.299633E-01,3.059834E-03,-7.144115E-02,-4.460637E-02,-2.367920E-01,3.375341E-03,-6.973404E-02,-9.182773E-03,0.000000E+00,0.000000E+00,2.645378E+00
2.175000E+00,-2.300348E-01,3.064119E-03,-7.152623E-02,4.285630E-03,-2.368646E-01,3.352632E-03,-7.266355E-02,-2.270869E-02,0.000000E+00,0.000000E+00,2.418923E+00
2.176000E+00,-2.301092E-01,3.086163E-03,-7.433835E-02,2.204381E-02,-2.369411E-01,3.316375E-03,-7.648725E-02,-3.625654E-02,0.000000E+00,0.000000E+00,1.929936E+00
2.177000E+00,-2.301872E-01,3.123174E-03,-7.805417E-02,3.701133E-02,-2.370211E-01,3.282550E-03,-8.000178E-02,-3.382568E-02,0.000000E+00,0.000000E+00,1.335972E+00
2.178000E+00,-2.302723E-01,3.178809E-03,-8.505387E-02,5.563468E-02,-2.371071E-01,3.277004E-03,-8.599563E-02,-5.546222E-03,0.000000E+00,0.000000E+00,8.230992E-01
2.179000E+00,-2.303634E-01,3.248224E-03,-9.108619E-02,6.941532E-02,-2.371986E-01,3.278084E-03,-9.143291E-02,1.080746E-03,0.000000E+00,0.000000E+00,2.502989E-01
2.180000E+00,-2.304593E-01,3.326760E-03,-9.590604E-02,7.853600E-02,-2.372941E-01,3.278209E-03,-9.549774E-02,1.246430E-04,0.000000E+00,0.000000E+00,-4.069990E-01
2.181000E+00,-2.305580E-01,3.403223E-03,-9.875664E-02,7.646286E-02,-2.373915E-01,3.274628E-03,-9.748757E-02,-3.580656E-03,0.000000E+00,0.000000E+00,-1.078083E+00
2.182000E+00,-2.306588E-01,3.473468E-03,-1.007751E-01,7.024483E-02,-2.374902E-01,3.268199E-03,-9.869397E-02,-6.429554E-03,0.000000E+00,0.000000E+00,-1.721096E+00
2.183000E+00,-2.307614E-01,3.536304E-03,-1.025349E-01,6.283620E-02,-2.375900E-01,3.259551E-03,-9.980863E-02,-8.647684E-03,0.000000E+00,0.000000E+00,-2.320813E+00
2.184000E+00,-2.308653E-01,3.591272E-03,-1.039208E-01,5.496731E-02,-2.376907E-01,3.246809E-03,-1.006501E-01,-1.274160E-02,0.000000E+00,0.000000E+00,-2.889125E+00
2.185000E+00,-2.309689E-01,3.632332E-03,-1.036209E-01,4.106043E-02,-2.377907E-01,3.226762E-03,-1.000476E-01,-2.004702E-02,0.000000E+00,0.000000E+00,-3.402319E+00
2.186000E+00,-2.310709E-01,3.651574E-03,-1.019831E-01,1.924163E-02,-2.378900E-01,3.206420E-03,-9.925392E-02,-2.034232E-02,0.000000E+00,0.000000E+00,-3.734980E+00
2.187000E+00,-2.311723E-01,3.655232E-03,-1.013801E-01,3.658269E-03,-2.379892E-01,3.180754E-03,-9.922218E-02,-2.566645E-02,0.000000E+00,0.000000E+00,-3.981514E+00
2.188000E+00,-2.312735E-01,3.645989E-03,-1.012777E-01,-9.243199E-03,-2.380886E-01,3.147021E-03,-9.940507E-02,-3.373263E-02,0.000000E+00,0.000000E+00,-4.187447E+00
2.189000E+00,-2.313748E-01,3.626180E-03,-1.012796E-01,-1.980854E-02,-2.381880E-01,3.103850E-03,-9.942001E-02,-4.317106E-02,0.000000E+00,0.000000E+00,-4.383955E+00
2.190000E+00,-2.314723E-01,3.576516E-03,-9.752659E-02,-4.966421E-02,-2.382860E-01,3.064447E-03,-9.791096E-02,-3.940267E-02,0.000000E+00,0.000000E+00,-4.297913E+00
2.191000E+00,-2.315652E-01,3.507603E-03,-9.288174E-02,-6.891285E-02,-2.383817E-01,3.042893E-03,-9.578380E-02,-2.155399E-02,0.000000E+00,0.000000E+00,-3.900053E+00
2.192000E+00,-2.316525E-01,3.435446E-03,-8.727243E-02,-7.215732E-02,-2.384740E-01,3.055506E-03,-9.227838E-02,1.261225E-02,0.000000E+00,0.000000E+00,-3.187925E+00
2.193000E+00,-2.317378E-01,3.354129E-03,-8.526571E-02,-8.131644E-02,-2.385640E-01,3.075296E-03,-9.001707E-02,1.979080E-02,0.000000E+00,0.000000E+00,-2.339062E+00
2.194000E+00,-2.318220E-01,3.262958E-03,-8.422567E-02,-9.117095E-02,-2.386519E-01,3.098707E-03,-8.790040E-02,2.341024E-02,0.000000E+00,0.000000E+00,-1.377627E+00
2.195000E+00,-2.319094E-01,3.184370E-03,-8.739080E-02,-7.858821E-02,-2.387409E-01,3.130179E-03,-8.900642E-02,3.147273E-02,0.000000E+00,0.000000E+00,-4.544846E-01
2.196000E+00,-2.320083E-01,3.152792E-03,-9.893423E-02,-3.157771E-02,-2.388393E-01,3.180222E-03,-9.830710E-02,5.004226E-02,0.000000E+00,0.000000E+00,2.300659E-01
2.197000E+00,-2.321123E-01,3.151562E-03,-1.040327E-01,-1.230365E-03,-2.389420E-01,3.216970E-03,-1.027296E-01,3.674893E-02,0.000000E+00,0.000000E+00,5.487135E-01
2.198000E+00,-2.322182E-01,3.152836E-03,-1.058705E-01,1.274199E-03,-2.390466E-01,3.235933E-03,-1.045972E-01,1.896247E-02,0.000000E+00,0.000000E+00,6.972179E-01
2.199000E+00,-2.323253E-01,3.147340E-03,-1.070791E-01,-5.496138E-03,-2.391525E-01,3.240348E-03,-1.059337E-01,4.415052E-03,0.000000E+00,0.000000E+00,7.804983E-01
2.200000E+00,-2.324332E-01,3.133633E-03,-1.078737E-01,-1.370666E-02,-2.392594E-01,3.230803E-03,-1.069292E-01,-9.544903E-03,0.000000E+00,0.000000E+00,8.155309E-01
2.201000E+00,-2.325502E-01,3.156575E-03,-1.169977E-01,2.294154E-02,-2.393755E-01,3.236406E-03,-1.161060E-01,5.603397E-03,0.000000E+00,0.000000E+00,6.701166E-01
2.202000E+00,-2.326740E-01,3.197454E-03,-1.238457E-01,4.087895E-02,-2.394984E-01,3.252233E-03,-1.228607E-01,1.582648E-02,0.000000E+00,0.000000E+00,4.599002E-01
2.203000E+00,-2.328025E-01,3.243084E-03,-1.284654E-01,4.562994E-02,-2.396257E-01,3.270231E-03,-1.273312E-01,1.799765E-02,0.000000E+00,0.000000E+00,2.279535E-01
2.204000E+00,-2.329352E-01,3.286174E-03,-1.327584E-01,4.309007E-02,-2.397573E-01,3.293677E-03,-1.315383E-01,2.344684E-02,0.000000E+00,0.000000E+00,6.301925E-02
2.205000E+00,-2.330707E-01,3.321071E-03,-1.355090E-01,3.489712E-02,-2.398915E-01,3.318924E-03,-1.341900E-01,2.524622E-02,0.000000E+00,0.000000E+00,-1.803853E-02
2.206000E+00,-2.332064E-01,3.348889E-03,-1.356746E-01,2.781808E-02,-2.400259E-01,3.329029E-03,-1.343928E-01,1.010572E-02,0.000000E+00,0.000000E+00,-1.668577E-01
2.207000E+00,-2.333422E-01,3.369816E-03,-1.357833E-01,2.092685E-02,-2.401603E-01,3.323633E-03,-1.344865E-01,-5.396121E-03,0.000000E+00,0.000000E+00,-3.880872E-01
2.208000E+00,-2.334779E-01,3.381935E-03,-1.356613E-01,1.211877E-02,-2.402946E-01,3.306202E-03,-1.342061E-01,-1.743171E-02,0.000000E+00,0.000000E+00,-6.365282E-01
2.209000E+00,-2.336133E-01,3.385444E-03,-1.354729E-01,3.509148E-03,-2.404284E-01,3.276473E-03,-1.338210E-01,-2.972882E-02,0.000000E+00,0.000000E+00,-9.160709E-01
2.210000E+00,-2.337485E-01,3.380432E-03,-1.352039E-01,-5.012156E-03,-2.405617E-01,3.234383E-03,-1.333135E-01,-4.208950E-02,0.000000E+00,0.000000E+00,-1.228021E+00
2.211000E+00,-2.338847E-01,3.370500E-03,-1.361706E-01,-9.931858E-03,-2.406959E-01,3.200316E-03,-1.342613E-01,-3.406714E-02,0.000000E+00,0.000000E+00,-1.431280E+00
2.212000E+00,-2.340221E-01,3.360399E-03,-1.374240E-01,-1.010062E-02,-2.408320E-01,3.203049E-03,-1.360763E-01,2.732386E-03,0.000000E+00,0.000000E+00,-1.323654E+00
2.213000E+00,-2.341566E-01,3.340448E-03,-1.344868E-01,-1.995164E-02,-2.409658E-01,3.217963E-03,-1.338240E-01,1.491499E-02,0.000000E+00,0.000000E+00,-1.030524E+00
2.214000E+00,-2.342861E-01,3.309984E-03,-1.294766E-01,-3.046350E-02,-2.410950E-01,3.249416E-03,-1.291136E-01,3.145257E-02,0.000000E+00,0.000000E+00,-5.096600E-01
2.215000E+00,-2.344110E-01,3.272856E-03,-1.248521E-01,-3.712787E-02,-2.412192E-01,3.294721E-03,-1.242539E-01,4.530540E-02,0.000000E+00,0.000000E+00,1.840085E-01
2.216000E+00,-2.345283E-01,3.249733E-03,-1.173719E-01,-2.312354E-02,-2.413353E-01,3.330893E-03,-1.161171E-01,3.617171E-02,0.000000E+00,0.000000E+00,6.831092E-01
2.217000E+00,-2.346422E-01,3.228112E-03,-1.138770E-01,-2.162117E-02,-2.414477E-01,3.348659E-03,-1.123259E-01,1.776631E-02,0.000000E+00,0.000000E+00,1.014798E+00
2.218000E+00,-2.347541E-01,3.202000E-03,-1.119294E-01,-2.611198E-02,-2.415580E-01,3.349024E-03,-1.103702E-01,3.648117E-04,0.000000E+00,0.000000E+00,1.237906E+00
2.219000E+00,-2.348644E-01,3.169428E-03,-1.102393E-01,-3.257133E-02,-2.416668E-01,3.334277E-03,-1.088072E-01,-1.474748E-02,0.000000E+00,0.000000E+00,1.388214E+00
2.220000E+00,-2.349731E-01,3.129261E-03,-1.087019E-01,-4.016770E-02,-2.417743E-01,3.305602E-03,-1.074630E-01,-2.867456E-02,0.000000E+00,0.000000E+00,1.485228E+00
2.221000E+00,-2.350803E-01,3.081034E-03,-1.072241E-01,-4.822696E-02,-2.418805E-01,3.263406E-03,-1.062237E-01,-4.219618E-02,0.000000E+00,0.000000E+00,1.536224E+00
2.222000E+00,-2.351832E-01,3.077971E-03,-1.029103E-01,-3.062090E-03,-2.419838E-01,3.222337E-03,-1.033269E-01,-4.106922E-02,0.000000E+00,0.000000E+00,1.216103E+00
2.223000E+00,-2.352860E-01,3.103888E-03,-1.027616E-01,2.591675E-02,-2.420869E-01,3.211932E-03,-1.030160E-01,-1.040485E-02,0.000000E+00,0.000000E+00,9.101637E-01
2.224000E+00,-2.353926E-01,3.140904E-03,-1.066755E-01,3.701558E-02,-2.421931E-01,3.220394E-03,-1.062587E-01,8.462369E-03,0.000000E+00,0.000000E+00,6.696975E-01
2.225000E+00,-2.355019E-01,3.187593E-03,-1.092129E-01,4.668869E-02,-2.423016E-01,3.236861E-03,-1.085075E-01,1.646638E-02,0.000000E+00,0.000000E+00,4.151331E-01
2.226000E+00,-2.356130E-01,3.245124E-03,-1.111399E-01,5.753146E-02,-2.424119E-01,3.251767E-03,-1.102559E-01,1.490633E-02,0.000000E+00,0.000000E+00,5.598284E-02
2.227000E+00,-2.357262E-01,3.307331E-03,-1.131925E-01,6.220655E-02,-2.425240E-01,3.265119E-03,-1.120857E-01,1.335159E-02,0.000000E+00,0.000000E+00,-3.557822E-01
2.228000E+00,-2.358392E-01,3.363812E-03,-1.130464E-01,5.648142E-02,-2.426359E-01,3.271594E-03,-1.118960E-01,6.475030E-03,0.000000E+00,0.000000E+00,-7.773543E-01
2.229000E+00,-2.359527E-01,3.408317E-03,-1.134569E-01,4.450468E-02,-2.427483E-01,3.284605E-03,-1.123810E-01,1.301155E-02,0.000000E+00,0.000000E+00,-1.042940E+00
2.230000E+00,-2.360649E-01,3.423360E-03,-1.121817E-01,1.504363E-02,-2.428593E-01,3.309838E-03,-1.110497E-01,2.523261E-02,0.000000E+00,0.000000E+00,-9.572183E-01
2.231000E+00,-2.361746E-01,3.412309E-03,-1.097169E-01,-1.105087E-02,-2.429676E-01,3.338301E-03,-1.083075E-01,2.846315E-02,0.000000E+00,0.000000E+00,-6.241999E-01
2.232000E+00,-2.362826E-01,3.380282E-03,-1.080289E-01,-3.202711E-02,-2.430737E-01,3.365796E-03,-1.060952E-01,2.749506E-02,0.000000E+00,0.000000E+00,-1.222188E-01
2.233000E+00,-2.363898E-01,3.339404E-03,-1.072016E-01,-4.087841E-02,-2.431787E-01,3.383938E-03,-1.050456E-01,1.814198E-02,0.000000E+00,0.000000E+00,3.758448E-01
2.234000E+00,-2.364962E-01,3.289541E-03,-1.064002E-01,-4.986310E-02,-2.432828E-01,3.393231E-03,-1.040333E-01,9.292774E-03,0.000000E+00,0.000000E+00,8.753388E-01
2.235000E+00,-2.366019E-01,3.230533E-03,-1.056317E-01,-5.900759E-02,-2.433858E-01,3.394013E-03,-1.030436E-01,7.819289E-04,0.000000E+00,0.000000E+00,1.380441E+00
2.236000E+00,-2.367068E-01,3.162272E-03,-1.048995E-01,-6.826081E-02,-2.434879E-01,3.386396E-03,-1.020679E-01,-7.616537E-03,0.000000E+00,0.000000E+00,1.892997E+00
2.237000E+00,-2.368110E-01,3.084788E-03,-1.042082E-01,-7.748481E-02,-2.435890E-01,3.370285E-03,-1.011109E-01,-1.611151E-02,0.000000E+00,0.000000E+00,2.411923E+00
2.238000E+00,-2.369145E-01,2.998281E-03,-1.035553E-01,-8.650630E-02,-2.436892E-01,3.345442E-03,-1.001834E-01,-2.484252E-02,0.000000E+00,0.000000E+00,2.933496E+00
2.239000E+00,-2.370195E-01,2.935461E-03,-1.049506E-01,-6.282000E-02,-2.437914E-01,3.319607E-03,-1.021896E-01,-2.583478E-02,0.000000E+00,0.000000E+00,3.246704E+00
2.240000E+00,-2.371263E-01,2.883781E-03,-1.068708E-01,-5.167995E-02,-2.438960E-01,3.289233E-03,-1.045872E-01,-3.037486E-02,0.000000E+00,0.000000E+00,3.427504E+00
2.241000E+00,-2.372331E-01,2.838140E-03,-1.067636E-01,-4.564121E-02,-2.440015E-01,3.240292E-03,-1.055130E-01,-4.894028E-02,0.000000E+00,0.000000E+00,3.400308E+00
2.242000E+00,-2.373372E-01,2.824375E-03,-1.041044E-01,-1.376521E-02,-2.441068E-01,3.162428E-03,-1.053258E-01,-7.786463E-02,0.000000E+00,0.000000E+00,2.858799E+00
2.243000E+00,-2.374322E-01,2.854639E-03,-9.502853E-02,3.026421E-02,-2.442039E-01,3.103547E-03,-9.709354E-02,-5.888103E-02,0.000000E+00,0.000000E+00,2.105086E+00
2.244000E+00,-2.375158E-01,2.913838E-03,-8.356293E-02,5.919861E-02,-2.442883E-01,3.102015E-03,-8.435739E-02,-1.531187E-03,0.000000E+00,0.000000E+00,1.591596E+00
2.245000E+00,-2.376000E-01,2.962283E-03,-8.424799E-02,4.844568E-02,-2.443734E-01,3.122179E-03,-8.518048E-02,2.016370E-02,0.000000E+00,0.000000E+00,1.352299E+00
2.246000E+00,-2.376847E-01,3.005321E-03,-8.460781E-02,4.303805E-02,-2.444592E-01,3.146310E-03,-8.581253E-02,2.413116E-02,0.000000E+00,0.000000E+00,1.192234E+00
2.247000E+00,-2.377694E-01,3.047684E-03,-8.471829E-02,4.236282E-02,-2.445452E-01,3.167836E-03,-8.593482E-02,2.152619E-02,0.000000E+00,0.000000E+00,1.015892E+00
2.248000E+00,-2.378549E-01,3.088199E-03,-8.548470E-02,4.051503E-02,-2.446317E-01,3.186134E-03,-8.655512E-02,1.829705E-02,0.000000E+00,0.000000E+00,8.279366E-01
2.249000E+00,-2.379409E-01,3.125624E-03,-8.602193E-02,3.742490E-02,-2.447188E-01,3.201827E-03,-8.702841E-02,1.569362E-02,0.000000E+00,0.000000E+00,6.441422E-01
2.250000E+00,-2.380287E-01,3.164406E-03,-8.782831E-02,3.878164E-02,-2.448074E-01,3.215948E-03,-8.866370E-02,1.412055E-02,0.000000E+00,0.000000E+00,4.356387E-01
2.251000E+00,-2.381184E-01,3.204796E-03,-8.973561E-02,4.038994E-02,-2.448978E-01,3.229638E-03,-9.042005E-02,1.369035E-02,0.000000E+00,0.000000E+00,2.099522E-01
2.252000E+00,-2.382110E-01,3.248376E-03,-9.251218E-02,4.358036E-02,-2.449908E-01,3.241591E-03,-9.298287E-02,1.195297E-02,0.000000E+00,0.000000E+00,-5.733995E-02
2.253000E+00,-2.383050E-01,3.289038E-03,-9.409059E-02,4.066142E-02,-2.450854E-01,3.251992E-03,-9.454737E-02,1.040081E-02,0.000000E+00,0.000000E+00,-3.130439E-01
2.254000E+00,-2.384039E-01,3.336586E-03,-9.890106E-02,4.754828E-02,-2.451842E-01,3.263332E-03,-9.886697E-02,1.134012E-02,0.000000E+00,0.000000E+00,-6.189954E-01
2.255000E+00,-2.385051E-01,3.375622E-03,-1.011141E-01,3.903626E-02,-2.452852E-01,3.275533E-03,-1.009347E-01,1.220078E-02,0.000000E+00,0.000000E+00,-8.457490E-01
2.256000E+00,-2.386087E-01,3.405622E-03,-1.036497E-01,2.999959E-02,-2.453887E-01,3.290755E-03,-1.034976E-01,1.522196E-02,0.000000E+00,0.000000E+00,-9.706186E-01
2.257000E+00,-2.387145E-01,3.426536E-03,-1.057620E-01,2.091388E-02,-2.454944E-01,3.306600E-03,-1.056822E-01,1.584556E-02,0.000000E+00,0.000000E+00,-1.013449E+00
2.258000E+00,-2.388202E-01,3.437880E-03,-1.056920E-01,1.134436E-02,-2.455999E-01,3.310287E-03,-1.055824E-01,3.686301E-03,0.000000E+00,0.000000E+00,-1.078162E+00
2.259000E+00,-2.389257E-01,3.439686E-03,-1.054982E-01,1.805939E-03,-2.457053E-01,3.301452E-03,-1.053794E-01,-8.834674E-03,0.000000E+00,0.000000E+00,-1.168071E+00
2.260000E+00,-2.390308E-01,3.431948E-03,-1.051067E-01,-7.737700E-03,-2.458103E-01,3.279917E-03,-1.050177E-01,-2.153489E-02,0.000000E+00,0.000000E+00,-1.284636E+00
2.261000E+00,-2.391353E-01,3.412027E-03,-1.045147E-01,-1.992078E-02,-2.459150E-01,3.247481E-03,-1.046107E-01,-3.243561E-02,0.000000E+00,0.000000E+00,-1.390325E+00
2.262000E+00,-2.392375E-01,3.376073E-03,-1.021878E-01,-3.595460E-02,-2.460178E-01,3.213391E-03,-1.028216E-01,-3.409001E-02,0.000000E+00,0.000000E+00,-1.374448E+00
2.263000E+00,-2.393419E-01,3.355411E-03,-1.044471E-01,-2.066205E-02,-2.461226E-01,3.208863E-03,-1.048280E-01,-4.528417E-03,0.000000E+00,0.000000E+00,-1.238114E+00
2.264000E+00,-2.394422E-01,3.344380E-03,-1.002973E-01,-1.103067E-02,-2.462235E-01,3.219079E-03,-1.009138E-01,1.021626E-02,0.000000E+00,0.000000E+00,-1.058557E+00
2.265000E+00,-2.395368E-01,3.334503E-03,-9.454265E-02,-9.876626E-03,-2.463189E-01,3.231916E-03,-9.539334E-02,1.283683E-02,0.000000E+00,0.000000E+00,-8.665948E-01
2.266000E+00,-2.396257E-01,3.324515E-03,-8.898145E-02,-9.988069E-03,-2.464090E-01,3.245330E-03,-9.012089E-02,1.341396E-02,0.000000E+00,0.000000E+00,-6.688172E-01
2.267000E+00,-2.397096E-01,3.313151E-03,-8.381550E-02,-1.136393E-02,-2.464944E-01,3.260998E-03,-8.539772E-02,1.566800E-02,0.000000E+00,0.000000E+00,-4.404081E-01
2.268000E+00,-2.397895E-01,3.295453E-03,-7.992462E-02,-1.769827E-02,-2.465765E-01,3.281104E-03,-8.205788E-02,2.010559E-02,0.000000E+00,0.000000E+00,-1.211387E-01
2.269000E+00,-2.398661E-01,3.270364E-03,-7.659084E-02,-2.508879E-02,-2.466555E-01,3.303063E-03,-7.899447E-02,2.195909E-02,0.000000E+00,0.000000E+00,2.759386E-01
2.270000E+00,-2.399394E-01,3.242738E-03,-7.333768E-02,-2.762607E-02,-2.467312E-01,3.320994E-03,-7.568123E-02,1.793150E-02,0.000000E+00,0.000000E+00,6.601438E-01
2.271000E+00,-2.400110E-01,3.219052E-03,-7.162476E-02,-2.368637E-02,-2.468049E-01,3.319298E-03,-7.378572E-02,-1.695799E-03,0.000000E+00,0.000000E+00,8.453569E-01
2.272000E+00,-2.400821E-01,3.209896E-03,-7.110999E-02,-9.156097E-03,-2.468782E-01,3.320473E-03,-7.327039E-02,1.174695E-03,0.000000E+00,0.000000E+00,9.321633E-01
2.273000E+00,-2.401556E-01,3.224561E-03,-7.347962E-02,1.466494E-02,-2.469540E-01,3.324970E-03,-7.578086E-02,4.496497E-03,0.000000E+00,0.000000E+00,8.461702E-01
2.274000E+00,-2.402296E-01,3.247345E-03,-7.393191E-02,2.278393E-02,-2.470305E-01,3.325512E-03,-7.645820E-02,5.422201E-04,0.000000E+00,0.000000E+00,6.585078E-01
2.275000E+00,-2.403042E-01,3.271216E-03,-7.460363E-02,2.387103E-02,-2.471077E-01,3.316152E-03,-7.722954E-02,-9.359945E-03,0.000000E+00,0.000000E+00,3.784231E-01
2.276000E+00,-2.403792E-01,3.300816E-03,-7.502316E-02,2.960007E-02,-2.471852E-01,3.310751E-03,-7.754131E-02,-5.401032E-03,0.000000E+00,0.000000E+00,8.363639E-02
2.277000E+00,-2.404549E-01,3.331231E-03,-7.570053E-02,3.041520E-02,-2.472632E-01,3.308600E-03,-7.799272E-02,-2.150798E-03,0.000000E+00,0.000000E+00,-1.904512E-01
2.278000E+00,-2.405308E-01,3.357180E-03,-7.591357E-02,2.594881E-02,-2.473413E-01,3.300386E-03,-7.809453E-02,-8.214435E-03,0.000000E+00,0.000000E+00,-4.777896E-01
2.279000E+00,-2.406082E-01,3.381091E-03,-7.742549E-02,2.391149E-02,-2.474207E-01,3.293272E-03,-7.933919E-02,-7.113439E-03,0.000000E+00,0.000000E+00,-7.385599E-01
2.280000E+00,-2.406861E-01,3.399141E-03,-7.790427E-02,1.805006E-02,-2.475004E-01,3.282731E-03,-7.972065E-02,-1.054069E-02,0.000000E+00,0.000000E+00,-9.787064E-01
2.281000E+00,-2.407633E-01,3.406498E-03,-7.722069E-02,7.356313E-03,-2.475793E-01,3.261855E-03,-7.895753E-02,-2.087674E-02,0.000000E+00,0.000000E+00,-1.215699E+00
2.282000E+00,-2.408400E-01,3.397997E-03,-7.663011E-02,-8.500348E-03,-2.476577E-01,3.233654E-03,-7.832961E-02,-2.820099E-02,0.000000E+00,0.000000E+00,-1.380875E+00
2.283000E+00,-2.409161E-01,3.376515E-03,-7.615778E-02,-2.148207E-02,-2.477356E-01,3.197846E-03,-7.793896E-02,-3.580739E-02,0.000000E+00,0.000000E+00,-1.500797E+00
2.284000E+00,-2.409918E-01,3.343159E-03,-7.570075E-02,-3.335658E-02,-2.478132E-01,3.154565E-03,-7.759913E-02,-4.328125E-02,0.000000E+00,0.000000E+00,-1.583681E+00
2.285000E+00,-2.410672E-01,3.298413E-03,-7.533949E-02,-4.474522E-02,-2.478905E-01,3.103499E-03,-7.731911E-02,-5.106558E-02,0.000000E+00,0.000000E+00,-1.636252E+00
2.286000E+00,-2.411422E-01,3.242602E-03,-7.506800E-02,-5.581162E-02,-2.479676E-01,3.044433E-03,-7.708154E-02,-5.906659E-02,0.000000E+00,0.000000E+00,-1.663071E+00
2.287000E+00,-2.412171E-01,3.176084E-03,-7.486913E-02,-6.651757E-02,-2.480445E-01,2.977072E-03,-7.685635E-02,-6.736109E-02,0.000000E+00,0.000000E+00,-1.669660E+00
2.288000E+00,-2.412918E-01,3.099361E-03,-7.472520E-02,-7.672370E-02,-2.481211E-01,2.900974E-03,-7.661816E-02,-7.609801E-02,0.000000E+00,0.000000E+00,-1.663953E+00
2.289000E+00,-2.413630E-01,3.019339E-03,-7.115452E-02,-8.002206E-02,-2.481946E-01,2.842933E-03,-7.355384E-02,-5.804088E-02,0.000000E+00,0.000000E+00,-1.479155E+00
2.290000E+00,-2.414407E-01,2.970060E-03,-7.775763E-02,-4.927861E-02,-2.482743E-01,2.850127E-03,-7.963332E-02,7.194412E-03,0.000000E+00,0.000000E+00,-1.005475E+00
2.291000E+00,-2.415115E-01,2.955839E-03,-7.070933E-02,-1.422070E-02,-2.483458E-01,2.873640E-03,-7.153266E-02,2.351291E-02,0.000000E+00,0.000000E+00,-6.890830E-01
2.292000E+00,-2.415764E-01,2.957055E-03,-6.494654E-02,1.215598E-03,-2.484112E-01,2.899086E-03,-6.541817E-02,2.544577E-02,0.000000E+00,0.000000E+00,-4.859370E-01
2.293000E+00,-2.416389E-01,2.961787E-03,-6.254331E-02,4.732480E-03,-2.484741E-01,2.923503E-03,-6.291474E-02,2.441690E-02,0.000000E+00,0.000000E+00,-3.209146E-01
2.294000E+00,-2.417000E-01,2.967556E-03,-6.108312E-02,5.769133E-03,-2.485355E-01,2.946721E-03,-6.141658E-02,2.321797E-02,0.000000E+00,0.000000E+00,-1.746443E-01
2.295000E+00,-2.417649E-01,2.984146E-03,-6.483560E-02,1.658930E-02,-2.486005E-01,2.970786E-03,-6.499290E-02,2.406531E-02,0.000000E+00,0.000000E+00,-1.119777E-01
2.296000E+00,-2.418330E-01,3.003894E-03,-6.811233E-02,1.974794E-02,-2.486687E-01,2.993479E-03,-6.817799E-02,2.269256E-02,0.000000E+00,0.000000E+00,-8.729547E-02
2.297000E+00,-2.419037E-01,3.023196E-03,-7.067870E-02,1.930282E-02,-2.487394E-01,3.014533E-03,-7.071321E-02,2.105439E-02,0.000000E+00,0.000000E+00,-7.261380E-02
2.298000E+00,-2.419762E-01,3.044724E-03,-7.254799E-02,2.152771E-02,-2.488120E-01,3.036259E-03,-7.258245E-02,2.172593E-02,0.000000E+00,0.000000E+00,-7.095201E-02
2.299000E+00,-2.420514E-01,3.066725E-03,-7.517524E-02,2.200131E-02,-2.488872E-01,3.058643E-03,-7.522053E-02,2.238403E-02,0.000000E+00,0.000000E+00,-6.774372E-02
2.300000E+00,-2.421302E-01,3.088112E-03,-7.881039E-02,2.138682E-02,-2.489661E-01,3.081723E-03,-7.887057E-02,2.308035E-02,0.000000E+00,0.000000E+00,-5.354865E-02
2.301000E+00,-2.422115E-01,3.114653E-03,-8.135706E-02,2.654028E-02,-2.490476E-01,3.107644E-03,-8.145131E-02,2.592036E-02,0.000000E+00,0.000000E+00,-5.874375E-02
2.302000E+00,-2.422962E-01,3.144107E-03,-8.467748E-02,2.945436E-02,-2.491324E-01,3.136535E-03,-8.479918E-02,2.889116E-02,0.000000E+00,0.000000E+00,-6.346310E-02
2.303000E+00,-2.423853E-01,3.175090E-03,-8.910353E-02,3.098347E-02,-2.492216E-01,3.168312E-03,-8.924969E-02,3.177663E-02,0.000000E+00,0.000000E+00,-5.681411E-02
2.304000E+00,-2.424799E-01,3.208987E-03,-9.461013E-02,3.389673E-02,-2.493164E-01,3.204736E-03,-9.475707E-02,3.642468E-02,0.000000E+00,0.000000E+00,-3.562625E-02
2.305000E+00,-2.425802E-01,3.248125E-03,-1.002405E-01,3.913771E-02,-2.494167E-01,3.247040E-03,-1.003315E-01,4.230362E-02,0.000000E+00,0.000000E+00,-9.092717E-03
2.306000E+00,-2.426847E-01,3.292005E-03,-1.045182E-01,4.387989E-02,-2.495213E-01,3.284081E-03,-1.046385E-01,3.704088E-02,0.000000E+00,0.000000E+00,-6.640823E-02
2.307000E+00,-2.427921E-01,3.330358E-03,-1.074171E-01,3.835312E-02,-2.496288E-01,3.322764E-03,-1.075048E-01,3.868333E-02,0.000000E+00,0.000000E+00,-6.363997E-02
2.308000E+00,-2.429014E-01,3.362490E-03,-1.092887E-01,3.213229E-02,-2.497382E-01,3.359430E-03,-1.093277E-01,3.666589E-02,0.000000E+00,0.000000E+00,-2.564553E-02
2.309000E+00,-2.430107E-01,3.386414E-03,-1.092746E-01,2.392403E-02,-2.498475E-01,3.384040E-03,-1.093082E-01,2.461008E-02,0.000000E+00,0.000000E+00,-1.989589E-02
2.310000E+00,-2.431199E-01,3.402464E-03,-1.092064E-01,1.604940E-02,-2.499567E-01,3.396152E-03,-1.092390E-01,1.211179E-02,0.000000E+00,0.000000E+00,-5.289478E-02
2.311000E+00,-2.432289E-01,3.410835E-03,-1.090659E-01,8.371376E-03,-2.500658E-01,3.395568E-03,-1.090943E-01,-5.839006E-04,0.000000E+00,0.000000E+00,-1.279435E-01
2.312000E+00,-2.433378E-01,3.411503E-03,-1.088550E-01,6.680360E-04,-2.501747E-01,3.382457E-03,-1.088663E-01,-1.311075E-02,0.000000E+00,0.000000E+00,-2.434140E-01
2.313000E+00,-2.434465E-01,3.399375E-03,-1.087193E-01,-1.212790E-02,-2.502835E-01,3.361416E-03,-1.087915E-01,-2.104147E-02,0.000000E+00,0.000000E+00,-3.181083E-01
2.314000E+00,-2.435547E-01,3.368284E-03,-1.081313E-01,-3.109119E-02,-2.503918E-01,3.338977E-03,-1.083542E-01,-2.243840E-02,0.000000E+00,0.000000E+00,-2.455888E-01
2.315000E+00,-2.436619E-01,3.319896E-03,-1.072413E-01,-4.838749E-02,-2.504992E-01,3.312280E-03,-1.074054E-01,-2.669776E-02,0.000000E+00,0.000000E+00,-6.382757E-02
2.316000E+00,-2.437624E-01,3.279008E-03,-1.004824E-01,-4.088860E-02,-2.505997E-01,3.283337E-03,-1.005116E-01,-2.894275E-02,0.000000E+00,0.000000E+00,3.627673E-02
2.317000E+00,-2.438462E-01,3.279796E-03,-8.377662E-02,7.886039E-04,-2.506837E-01,3.286454E-03,-8.401521E-02,3.117460E-03,0.000000E+00,0.000000E+00,5.579017E-02
2.318000E+00,-2.439181E-01,3.297172E-03,-7.197250E-02,1.737574E-02,-2.507560E-01,3.312857E-03,-7.223576E-02,2.640225E-02,0.000000E+00,0.000000E+00,1.314228E-01
2.319000E+00,-2.439835E-01,3.326780E-03,-6.535312E-02,2.960799E-02,-2.508217E-01,3.348735E-03,-6.573470E-02,3.587810E-02,0.000000E+00,0.000000E+00,1.839507E-01
2.320000E+00,-2.440477E-01,3.350107E-03,-6.423100E-02,2.332649E-02,-2.508863E-01,3.376810E-03,-6.459739E-02,2.807565E-02,0.000000E+00,0.000000E+00,2.237301E-01
2.321000E+00,-2.441117E-01,3.362307E-03,-6.403689E-02,1.219991E-02,-2.509507E-01,3.396182E-03,-6.434945E-02,1.937158E-02,0.000000E+00,0.000000E+00,2.838023E-01
2.322000E+00,-2.441756E-01,3.363409E-03,-6.386971E-02,1.102386E-03,-2.510148E-01,3.406699E-03,-6.411665E-02,1.051711E-02,0.000000E+00,0.000000E+00,3.626624E-01
2.323000E+00,-2.442394E-01,3.353807E-03,-6.374101E-02,-9.602385E-03,-2.510787E-01,3.407924E-03,-6.391463E-02,1.224991E-03,0.000000E+00,0.000000E+00,4.533537E-01
2.324000E+00,-2.443030E-01,3.334177E-03,-6.364955E-02,-1.962978E-02,-2.511424E-01,3.399229E-03,-6.375181E-02,-8.694657E-03,0.000000E+00,0.000000E+00,5.449465E-01
2.325000E+00,-2.443666E-01,3.305346E-03,-6.358558E-02,-2.883126E-02,-2.512061E-01,3.379911E-03,-6.363036E-02,-1.931839E-02,0.000000E+00,0.000000E+00,6.246259E-01
2.326000E+00,-2.444318E-01,3.270715E-03,-6.517683E-02,-3.463014E-02,-2.512713E-01,3.346836E-03,-6.525199E-02,-3.307462E-02,0.000000E+00,0.000000E+00,6.376482E-01
2.327000E+00,-2.445059E-01,3.267991E-03,-7.412537E-02,-2.724860E-03,-2.513457E-01,3.316907E-03,-7.438689E-02,-2.992972E-02,0.000000E+00,0.000000E+00,4.097535E-01
2.328000E+00,-2.445858E-01,3.284380E-03,-7.993621E-02,1.638928E-02,-2.514257E-01,3.289310E-03,-8.001862E-02,-2.759696E-02,0.000000E+00,0.000000E+00,4.129611E-02
2.329000E+00,-2.446698E-01,3.307180E-03,-8.392458E-02,2.280010E-02,-2.515093E-01,3.256269E-03,-8.353194E-02,-3.304092E-02,0.000000E+00,0.000000E+00,-4.264839E-01
2.330000E+00,-2.447565E-01,3.329149E-03,-8.672866E-02,2.196863E-02,-2.515949E-01,3.216836E-03,-8.566811E-02,-3.943303E-02,0.000000E+00,0.000000E+00,-9.409258E-01
2.331000E+00,-2.448440E-01,3.337679E-03,-8.750094E-02,8.530001E-03,-2.516809E-01,3.170828E-03,-8.592463E-02,-4.600747E-02,0.000000E+00,0.000000E+00,-1.397996E+00
2.332000E+00,-2.449322E-01,3.332952E-03,-8.822034E-02,-4.726409E-03,-2.517671E-01,3.118080E-03,-8.627390E-02,-5.274872E-02,0.000000E+00,0.000000E+00,-1.800640E+00
2.333000E+00,-2.450174E-01,3.321472E-03,-8.514280E-02,-1.148030E-02,-2.518505E-01,3.078171E-03,-8.331938E-02,-3.990883E-02,0.000000E+00,0.000000E+00,-2.039226E+00
2.334000E+00,-2.450938E-01,3.314942E-03,-7.647643E-02,-6.529573E-03,-2.519257E-01,3.077494E-03,-7.528527E-02,-6.766081E-04,0.000000E+00,0.000000E+00,-1.990556E+00
2.335000E+00,-2.451707E-01,3.299194E-03,-7.683534E-02,-1.574865E-02,-2.520011E-01,3.066674E-03,-7.532454E-02,-1.082039E-02,0.000000E+00,0.000000E+00,-1.949705E+00
2.336000E+00,-2.452478E-01,3.273922E-03,-7.717641E-02,-2.527185E-02,-2.520764E-01,3.045808E-03,-7.536914E-02,-2.086591E-02,0.000000E+00,0.000000E+00,-1.913295E+00
2.337000E+00,-2.453244E-01,3.240440E-03,-7.656151E-02,-3.348164E-02,-2.521510E-01,3.021810E-03,-7.459099E-02,-2.399808E-02,0.000000E+00,0.000000E+00,-1.834336E+00
2.338000E+00,-2.454007E-01,3.200410E-03,-7.632542E-02,-4.003000E-02,-2.522255E-01,3.005906E-03,-7.447349E-02,-1.590375E-02,0.000000E+00,0.000000E+00,-1.632473E+00
2.339000E+00,-2.454784E-01,3.152198E-03,-7.770268E-02,-4.821207E-02,-2.523012E-01,2.987108E-03,-7.567709E-02,-1.879786E-02,0.000000E+00,0.000000E+00,-1.386115E+00
2.340000E+00,-2.455579E-01,3.096153E-03,-7.943902E-02,-5.604514E-02,-2.523784E-01,2.965908E-03,-7.721160E-02,-2.119970E-02,0.000000E+00,0.000000E+00,-1.093986E+00
2.341000E+00,-2.456378E-01,3.030610E-03,-7.988891E-02,-6.554316E-02,-2.524556E-01,2.935881E-03,-7.725234E-02,-3.002742E-02,0.000000E+00,0.000000E+00,-7.960257E-01
2.342000E+00,-2.457174E-01,2.947493E-03,-7.962274E-02,-8.311644E-02,-2.525324E-01,2.902193E-03,-7.675102E-02,-3.368832E-02,0.000000E+00,0.000000E+00,-3.808500E-01
2.343000E+00,-2.457938E-01,2.870093E-03,-7.638197E-02,-7.739993E-02,-2.526056E-01,2.912650E-03,-7.317107E-02,1.045770E-02,0.000000E+00,0.000000E+00,3.579534E-01
2.344000E+00,-2.458584E-01,2.855852E-03,-6.460123E-02,-1.424149E-02,-2.526662E-01,2.961695E-03,-6.065923E-02,4.904468E-02,0.000000E+00,0.000000E+00,8.907181E-01
2.345000E+00,-2.459187E-01,2.864520E-03,-6.035801E-02,8.668218E-03,-2.527225E-01,3.022811E-03,-5.627438E-02,6.111628E-02,0.000000E+00,0.000000E+00,1.332759E+00
2.346000E+00,-2.459788E-01,2.880009E-03,-6.012481E-02,1.548891E-02,-2.527785E-01,3.086911E-03,-5.605556E-02,6.409958E-02,0.000000E+00,0.000000E+00,1.742863E+00
2.347000E+00,-2.460411E-01,2.909537E-03,-6.222584E-02,2.952807E-02,-2.528378E-01,3.131490E-03,-5.924469E-02,4.457909E-02,0.000000E+00,0.000000E+00,1.870380E+00
2.348000E+00,-2.461060E-01,2.947168E-03,-6.494285E-02,3.763136E-02,-2.529006E-01,3.163034E-03,-6.279144E-02,3.154382E-02,0.000000E+00,0.000000E+00,1.819691E+00
2.349000E+00,-2.461748E-01,2.991585E-03,-6.875977E-02,4.441659E-02,-2.529678E-01,3.190783E-03,-6.718398E-02,2.774952E-02,0.000000E+00,0.000000E+00,1.679665E+00
2.350000E+00,-2.462463E-01,3.040530E-03,-7.153741E-02,4.894518E-02,-2.530380E-01,3.210897E-03,-7.024999E-02,2.011324E-02,0.000000E+00,0.000000E+00,1.436933E+00
2.351000E+00,-2.463215E-01,3.091972E-03,-7.517518E-02,5.144142E-02,-2.531121E-01,3.229685E-03,-7.410355E-02,1.878886E-02,0.000000E+00,0.000000E+00,1.161797E+00
2.352000E+00,-2.464005E-01,3.141581E-03,-7.905444E-02,4.960944E-02,-2.531900E-01,3.245528E-03,-7.791578E-02,1.584212E-02,0.000000E+00,0.000000E+00,8.771240E-01
2.353000E+00,-2.464851E-01,3.196500E-03,-8.455751E-02,5.491883E-02,-2.532735E-01,3.263211E-03,-8.341330E-02,1.768316E-02,0.000000E+00,0.000000E+00,5.630417E-01
2.354000E+00,-2.465739E-01,3.253898E-03,-8.881383E-02,5.739781E-02,-2.533609E-01,3.278549E-03,-8.741296E-02,1.533877E-02,0.000000E+00,0.000000E+00,2.081106E-01
2.355000E+00,-2.466655E-01,3.303592E-03,-9.155383E-02,4.969387E-02,-2.534508E-01,3.295149E-03,-8.991497E-02,1.659950E-02,0.000000E+00,0.000000E+00,-7.128998E-02
2.356000E+00,-2.467589E-01,3.347925E-03,-9.345470E-02,4.433334E-02,-2.535427E-01,3.311393E-03,-9.188275E-02,1.624356E-02,0.000000E+00,0.000000E+00,-3.085511E-01
2.357000E+00,-2.468525E-01,3.384806E-03,-9.354866E-02,3.688103E-02,-2.536345E-01,3.317393E-03,-9.180463E-02,6.000116E-03,0.000000E+00,0.000000E+00,-5.695033E-01
2.358000E+00,-2.469462E-01,3.414707E-03,-9.377010E-02,2.990117E-02,-2.537263E-01,3.312928E-03,-9.183576E-02,-4.464831E-03,0.000000E+00,0.000000E+00,-8.600342E-01
2.359000E+00,-2.470404E-01,3.437903E-03,-9.417046E-02,2.319633E-02,-2.538183E-01,3.297805E-03,-9.202808E-02,-1.512301E-02,0.000000E+00,0.000000E+00,-1.184127E+00
2.360000E+00,-2.471352E-01,3.454373E-03,-9.477289E-02,1.646976E-02,-2.539107E-01,3.271874E-03,-9.240406E-02,-2.593119E-02,0.000000E+00,0.000000E+00,-1.542890E+00
2.361000E+00,-2.472297E-01,3.454946E-03,-9.452620E-02,5.723153E-04,-2.540030E-01,3.243924E-03,-9.229350E-02,-2.794921E-02,0.000000E+00,0.000000E+00,-1.784459E+00
2.362000E+00,-2.473228E-01,3.429516E-03,-9.304097E-02,-2.542912E-02,-2.540950E-01,3.237250E-03,-9.198958E-02,-6.674207E-03,0.000000E+00,0.000000E+00,-1.626203E+00
2.363000E+00,-2.474170E-01,3.393835E-03,-9.422069E-02,-3.568109E-02,-2.541894E-01,3.246690E-03,-9.437963E-02,9.439390E-03,0.000000E+00,0.000000E+00,-1.244680E+00
2.364000E+00,-2.475068E-01,3.364889E-03,-8.983949E-02,-2.894607E-02,-2.542798E-01,3.260535E-03,-9.041896E-02,1.384580E-02,0.000000E+00,0.000000E+00,-8.827043E-01
2.365000E+00,-2.475916E-01,3.337862E-03,-8.476194E-02,-2.702739E-02,-2.543656E-01,3.280156E-03,-8.577626E-02,1.962042E-02,0.000000E+00,0.000000E+00,-4.880753E-01
2.366000E+00,-2.476720E-01,3.312201E-03,-8.044521E-02,-2.566120E-02,-2.544472E-01,3.305057E-03,-8.162784E-02,2.490078E-02,0.000000E+00,0.000000E+00,-6.041487E-02
2.367000E+00,-2.477499E-01,3.288405E-03,-7.786932E-02,-2.379551E-02,-2.545263E-01,3.328360E-03,-7.908295E-02,2.330369E-02,0.000000E+00,0.000000E+00,3.378240E-01
2.368000E+00,-2.478280E-01,3.260499E-03,-7.809697E-02,-2.790624E-02,-2.546061E-01,3.337195E-03,-7.975677E-02,8.834677E-03,0.000000E+00,0.000000E+00,6.482924E-01
2.369000E+00,-2.479069E-01,3.224536E-03,-7.894411E-02,-3.596274E-02,-2.546868E-01,3.336508E-03,-8.074957E-02,-6.874294E-04,0.000000E+00,0.000000E+00,9.461678E-01
2.370000E+00,-2.479869E-01,3.179628E-03,-7.992957E-02,-4.490837E-02,-2.547685E-01,3.327652E-03,-8.173555E-02,-8.855261E-03,0.000000E+00,0.000000E+00,1.250402E+00
2.371000E+00,-2.480673E-01,3.128893E-03,-8.046199E-02,-5.073490E-02,-2.548511E-01,3.307413E-03,-8.255477E-02,-2.023975E-02,0.000000E+00,0.000000E+00,1.507428E+00
2.372000E+00,-2.481479E-01,3.077953E-03,-8.054858E-02,-5.093982E-02,-2.549346E-01,3.270154E-03,-8.353059E-02,-3.725821E-02,0.000000E+00,0.000000E+00,1.622184E+00
2.373000E+00,-2.482298E-01,3.046057E-03,-8.191372E-02,-3.189605E-02,-2.550206E-01,3.223949E-03,-8.597213E-02,-4.620548E-02,0.000000E+00,0.000000E+00,1.500573E+00
2.374000E+00,-2.483152E-01,3.068651E-03,-8.537442E-02,2.259364E-02,-2.551108E-01,3.213289E-03,-9.019118E-02,-1.065976E-02,0.000000E+00,0.000000E+00,1.219300E+00
2.375000E+00,-2.484044E-01,3.114021E-03,-8.929395E-02,4.537072E-02,-2.552048E-01,3.219126E-03,-9.405603E-02,5.837014E-03,0.000000E+00,0.000000E+00,8.854743E-01
2.376000E+00,-2.484972E-01,3.172035E-03,-9.271101E-02,5.801410E-02,-2.553021E-01,3.230025E-03,-9.722631E-02,1.089878E-02,0.000000E+00,0.000000E+00,4.882455E-01
2.377000E+00,-2.485947E-01,3.233879E-03,-9.751629E-02,6.184327E-02,-2.554040E-01,3.243454E-03,-1.019282E-01,1.342927E-02,0.000000E+00,0.000000E+00,8.057047E-02
2.378000E+00,-2.486972E-01,3.296811E-03,-1.025403E-01,6.293198E-02,-2.555108E-01,3.259442E-03,-1.067914E-01,1.598768E-02,0.000000E+00,0.000000E+00,-3.142340E-01
2.379000E+00,-2.488035E-01,3.362650E-03,-1.062692E-01,6.583972E-02,-2.556205E-01,3.269194E-03,-1.097143E-01,9.752189E-03,0.000000E+00,0.000000E+00,-7.854342E-01
2.380000E+00,-2.489132E-01,3.422774E-03,-1.097182E-01,6.012367E-02,-2.557331E-01,3.278183E-03,-1.126357E-01,8.988704E-03,0.000000E+00,0.000000E+00,-1.214561E+00
2.381000E+00,-2.490264E-01,3.475523E-03,-1.132340E-01,5.274843E-02,-2.558490E-01,3.288678E-03,-1.158735E-01,1.049559E-02,0.000000E+00,0.000000E+00,-1.568719E+00
2.382000E+00,-2.491422E-01,3.514545E-03,-1.157313E-01,3.902277E-02,-2.559674E-01,3.301652E-03,-1.184050E-01,1.297336E-02,0.000000E+00,0.000000E+00,-1.786594E+00
2.383000E+00,-2.492574E-01,3.528991E-03,-1.151806E-01,1.444589E-02,-2.560856E-01,3.315972E-03,-1.181545E-01,1.432047E-02,0.000000E+00,0.000000E+00,-1.786867E+00
2.384000E+00,-2.493729E-01,3.526967E-03,-1.154994E-01,-2.024373E-03,-2.562039E-01,3.324908E-03,-1.183456E-01,8.936162E-03,0.000000E+00,0.000000E+00,-1.694276E+00
2.385000E+00,-2.494892E-01,3.510919E-03,-1.163009E-01,-1.604774E-02,-2.563228E-01,3.325499E-03,-1.188450E-01,5.911506E-04,0.000000E+00,0.000000E+00,-1.554251E+00
2.386000E+00,-2.496063E-01,3.481749E-03,-1.171677E-01,-2.916986E-02,-2.564421E-01,3.316921E-03,-1.193290E-01,-8.578514E-03,0.000000E+00,0.000000E+00,-1.381282E+00
2.387000E+00,-2.497243E-01,3.440083E-03,-1.179940E-01,-4.166589E-02,-2.565618E-01,3.298877E-03,-1.197161E-01,-1.804381E-02,0.000000E+00,0.000000E+00,-1.183089E+00
2.388000E+00,-2.498431E-01,3.386614E-03,-1.187928E-01,-5.346941E-02,-2.566818E-01,3.271051E-03,-1.200220E-01,-2.782640E-02,0.000000E+00,0.000000E+00,-9.681115E-01
2.389000E+00,-2.499627E-01,3.322065E-03,-1.195674E-01,-6.454858E-02,-2.568021E-01,3.233106E-03,-1.202556E-01,-3.794500E-02,0.000000E+00,0.000000E+00,-7.451983E-01
2.390000E+00,-2.500821E-01,3.240962E-03,-1.194110E-01,-8.110324E-02,-2.569217E-01,3.189370E-03,-1.196049E-01,-4.373546E-02,0.000000E+00,0.000000E+00,-4.321792E-01
2.391000E+00,-2.501993E-01,3.153322E-03,-1.171839E-01,-8.764048E-02,-2.570382E-01,3.123185E-03,-1.165345E-01,-6.618515E-02,0.000000E+00,0.000000E+00,-2.524774E-01
2.392000E+00,-2.503000E-01,3.104988E-03,-1.007173E-01,-4.833386E-02,-2.571378E-01,3.106355E-03,-9.959224E-02,-1.682971E-02,0.000000E+00,0.000000E+00,1.145976E-02
2.393000E+00,-2.503895E-01,3.079607E-03,-8.950434E-02,-2.538092E-02,-2.572258E-01,3.122086E-03,-8.795348E-02,1.573070E-02,0.000000E+00,0.000000E+00,3.560195E-01
2.394000E+00,-2.504738E-01,3.060586E-03,-8.435356E-02,-1.902129E-02,-2.573082E-01,3.145315E-03,-8.237669E-02,2.322924E-02,0.000000E+00,0.000000E+00,7.103001E-01
2.395000E+00,-2.505546E-01,3.043161E-03,-8.074079E-02,-1.742446E-02,-2.573866E-01,3.169721E-03,-7.842307E-02,2.440599E-02,0.000000E+00,0.000000E+00,1.061263E+00
2.396000E+00,-2.506340E-01,3.052222E-03,-7.946474E-02,9.061129E-03,-2.574641E-01,3.192745E-03,-7.751916E-02,2.302364E-02,0.000000E+00,0.000000E+00,1.178649E+00
2.397000E+00,-2.507123E-01,3.076981E-03,-7.829230E-02,2.475876E-02,-2.575410E-01,3.212437E-03,-7.690628E-02,1.969217E-02,0.000000E+00,0.000000E+00,1.136394E+00
2.398000E+00,-2.507912E-01,3.105022E-03,-7.888320E-02,2.804094E-02,-2.576188E-01,3.223839E-03,-7.776716E-02,1.140166E-02,0.000000E+00,0.000000E+00,9.969937E-01
2.399000E+00,-2.508716E-01,3.132703E-03,-8.041760E-02,2.768136E-02,-2.576981E-01,3.230173E-03,-7.934020E-02,6.334394E-03,0.000000E+00,0.000000E+00,8.180272E-01
2.400000E+00,-2.509540E-01,3.163001E-03,-8.233458E-02,3.029761E-02,-2.577793E-01,3.240855E-03,-8.115305E-02,1.068135E-02,0.000000E+00,0.000000E+00,6.535246E-01
2.401000E+00,-2.510394E-01,3.196948E-03,-8.543553E-02,3.394745E-02,-2.578636E-01,3.252829E-03,-8.434654E-02,1.197480E-02,0.000000E+00,0.000000E+00,4.691650E-01
2.402000E+00,-2.511283E-01,3.234337E-03,-8.891783E-02,3.738875E-02,-2.579514E-01,3.265042E-03,-8.779819E-02,1.221262E-02,0.000000E+00,0.000000E+00,2.578378E-01
2.403000E+00,-2.512214E-01,3.271170E-03,-9.305303E-02,3.683306E-02,-2.580431E-01,3.280332E-03,-9.173792E-02,1.528960E-02,0.000000E+00,0.000000E+00,7.694640E-02
2.404000E+00,-2.513175E-01,3.300636E-03,-9.608989E-02,2.946631E-02,-2.581379E-01,3.296508E-03,-9.478302E-02,1.617628E-02,0.000000E+00,0.000000E+00,-3.468282E-02
2.405000E+00,-2.514157E-01,3.327001E-03,-9.820187E-02,2.636417E-02,-2.582349E-01,3.303391E-03,-9.698126E-02,6.883458E-03,0.000000E+00,0.000000E+00,-1.983668E-01
2.406000E+00,-2.515175E-01,3.344867E-03,-1.018654E-01,1.786668E-02,-2.583354E-01,3.318809E-03,-1.005401E-01,1.541733E-02,0.000000E+00,0.000000E+00,-2.189888E-01
2.407000E+00,-2.516204E-01,3.351006E-03,-1.028433E-01,6.139144E-03,-2.584370E-01,3.328902E-03,-1.015781E-01,1.009330E-02,0.000000E+00,0.000000E+00,-1.857940E-01
2.408000E+00,-2.517231E-01,3.348333E-03,-1.027529E-01,-2.673821E-03,-2.585385E-01,3.326970E-03,-1.014528E-01,-1.931729E-03,0.000000E+00,0.000000E+00,-1.795908E-01
2.409000E+00,-2.518257E-01,3.337099E-03,-1.025789E-01,-1.123345E-02,-2.586397E-01,3.312695E-03,-1.012552E-01,-1.427526E-02,0.000000E+00,0.000000E+00,-2.052025E-01
2.410000E+00,-2.519280E-01,3.317435E-03,-1.023089E-01,-1.966406E-02,-2.587407E-01,3.285923E-03,-1.009714E-01,-2.677184E-02,0.000000E+00,0.000000E+00,-2.650194E-01
2.411000E+00,-2.520300E-01,3.289304E-03,-1.019317E-01,-2.813090E-02,-2.588413E-01,3.246760E-03,-1.005896E-01,-3.916310E-02,0.000000E+00,0.000000E+00,-3.578698E-01
2.412000E+00,-2.521319E-01,3.283264E-03,-1.019188E-01,-6.039842E-03,-2.589418E-01,3.218413E-03,-1.004587E-01,-2.834662E-02,0.000000E+00,0.000000E+00,-5.456155E-01
2.413000E+00,-2.522337E-01,3.289467E-03,-1.017785E-01,6.203067E-03,-2.590421E-01,3.221795E-03,-1.003031E-01,3.382111E-03,0.000000E+00,0.000000E+00,-5.694711E-01
2.414000E+00,-2.523280E-01,3.299825E-03,-9.431099E-02,1.035780E-02,-2.591355E-01,3.240514E-03,-9.343883E-02,1.871887E-02,0.000000E+00,0.000000E+00,-4.991791E-01
2.415000E+00,-2.524135E-01,3.317168E-03,-8.552718E-02,1.734264E-02,-2.592206E-01,3.275927E-03,-8.510105E-02,3.541305E-02,0.000000E+00,0.000000E+00,-3.471191E-01
2.416000E+00,-2.524944E-01,3.323165E-03,-8.090955E-02,5.997032E-03,-2.593011E-01,3.320893E-03,-8.052500E-02,4.496598E-02,0.000000E+00,0.000000E+00,-1.912065E-02
2.417000E+00,-2.525744E-01,3.315973E-03,-7.998564E-02,-7.192037E-03,-2.593805E-01,3.357890E-03,-7.942415E-02,3.699678E-02,0.000000E+00,0.000000E+00,3.528646E-01
2.418000E+00,-2.526535E-01,3.292061E-03,-7.914611E-02,-2.391176E-02,-2.594587E-01,3.388369E-03,-7.811829E-02,3.047837E-02,0.000000E+00,0.000000E+00,8.108057E-01
2.419000E+00,-2.527321E-01,3.251294E-03,-7.852615E-02,-4.076692E-02,-2.595355E-01,3.412001E-03,-7.679274E-02,2.363244E-02,0.000000E+00,0.000000E+00,1.353163E+00
2.420000E+00,-2.528101E-01,3.199080E-03,-7.805488E-02,-5.221423E-02,-2.596113E-01,3.425577E-03,-7.584153E-02,1.357568E-02,0.000000E+00,0.000000E+00,1.907389E+00
2.421000E+00,-2.528877E-01,3.135764E-03,-7.762439E-02,-6.331621E-02,-2.596862E-01,3.428440E-03,-7.493224E-02,2.863617E-03,0.000000E+00,0.000000E+00,2.465073E+00
2.422000E+00,-2.529649E-01,3.061916E-03,-7.714984E-02,-7.384798E-02,-2.597603E-01,3.419870E-03,-7.404404E-02,-8.570125E-03,0.000000E+00,0.000000E+00,3.015330E+00
2.423000E+00,-2.530386E-01,3.045014E-03,-7.369547E-02,-1.690145E-02,-2.598350E-01,3.391637E-03,-7.470363E-02,-2.823314E-02,0.000000E+00,0.000000E+00,2.919610E+00
2.424000E+00,-2.531146E-01,3.056165E-03,-7.603726E-02,1.115024E-02,-2.599141E-01,3.347771E-03,-7.911237E-02,-4.386578E-02,0.000000E+00,0.000000E+00,2.455720E+00
2.425000E+00,-2.531935E-01,3.081587E-03,-7.888918E-02,2.542285E-02,-2.599967E-01,3.290486E-03,-8.256373E-02,-5.728488E-02,0.000000E+00,0.000000E+00,1.758785E+00
2.426000E+00,-2.532866E-01,3.114521E-03,-9.312375E-02,3.293401E-02,-2.600914E-01,3.276329E-03,-9.478805E-02,-1.415696E-02,0.000000E+00,0.000000E+00,1.362149E+00
2.427000E+00,-2.533858E-01,3.150974E-03,-9.913398E-02,3.645221E-02,-2.601920E-01,3.269267E-03,-1.005657E-01,-7.062007E-03,0.000000E+00,0.000000E+00,9.957110E-01
2.428000E+00,-2.534881E-01,3.193520E-03,-1.023298E-01,4.254649E-02,-2.602959E-01,3.255624E-03,-1.038932E-01,-1.364346E-02,0.000000E+00,0.000000E+00,5.226629E-01
2.429000E+00,-2.535936E-01,3.242259E-03,-1.055385E-01,4.873919E-02,-2.604028E-01,3.235594E-03,-1.068580E-01,-2.002976E-02,0.000000E+00,0.000000E+00,-5.608420E-02
2.430000E+00,-2.537025E-01,3.296404E-03,-1.088153E-01,5.414471E-02,-2.605122E-01,3.210613E-03,-1.094508E-01,-2.498079E-02,0.000000E+00,0.000000E+00,-7.217849E-01
2.431000E+00,-2.538135E-01,3.348061E-03,-1.110952E-01,5.165699E-02,-2.606231E-01,3.183334E-03,-1.108684E-01,-2.727945E-02,0.000000E+00,0.000000E+00,-1.385752E+00
2.432000E+00,-2.539243E-01,3.387007E-03,-1.107247E-01,3.894647E-02,-2.607331E-01,3.149297E-03,-1.100640E-01,-3.403706E-02,0.000000E+00,0.000000E+00,-1.999492E+00
2.433000E+00,-2.540340E-01,3.414958E-03,-1.097685E-01,2.795023E-02,-2.608421E-01,3.112555E-03,-1.089739E-01,-3.674231E-02,0.000000E+00,0.000000E+00,-2.543308E+00
2.434000E+00,-2.541428E-01,3.435560E-03,-1.087789E-01,2.060205E-02,-2.609503E-01,3.079962E-03,-1.081563E-01,-3.259254E-02,0.000000E+00,0.000000E+00,-2.990214E+00
2.435000E+00,-2.542520E-01,3.449955E-03,-1.091523E-01,1.439551E-02,-2.610586E-01,3.045207E-03,-1.083282E-01,-3.475467E-02,0.000000E+00,0.000000E+00,-3.403015E+00
2.436000E+00,-2.543616E-01,3.457656E-03,-1.096339E-01,7.700340E-03,-2.611672E-01,3.006047E-03,-1.085790E-01,-3.916017E-02,0.000000E+00,0.000000E+00,-3.796501E+00
2.437000E+00,-2.544715E-01,3.457926E-03,-1.098620E-01,2.705569E-04,-2.612757E-01,2.960790E-03,-1.085569E-01,-4.525731E-02,0.000000E+00,0.000000E+00,-4.178741E+00
2.438000E+00,-2.545812E-01,3.449923E-03,-1.097524E-01,-8.003190E-03,-2.613839E-01,2.907690E-03,-1.081570E-01,-5.309938E-02,0.000000E+00,0.000000E+00,-4.557337E+00
2.439000E+00,-2.546907E-01,3.433025E-03,-1.094375E-01,-1.689812E-02,-2.614914E-01,2.845823E-03,-1.075309E-01,-6.186703E-02,0.000000E+00,0.000000E+00,-4.934872E+00
2.440000E+00,-2.547908E-01,3.413394E-03,-1.001005E-01,-1.963102E-02,-2.615945E-01,2.837290E-03,-1.031023E-01,-8.533629E-03,0.000000E+00,0.000000E+00,-4.839930E+00
2.441000E+00,-2.548840E-01,3.369894E-03,-9.322605E-02,-4.349936E-02,-2.616949E-01,2.863326E-03,-1.004208E-01,2.603601E-02,0.000000E+00,0.000000E+00,-4.253568E+00
2.442000E+00,-2.549752E-01,3.311039E-03,-9.121617E-02,-5.885588E-02,-2.617938E-01,2.896633E-03,-9.887259E-02,3.330706E-02,0.000000E+00,0.000000E+00,-3.477906E+00
2.443000E+00,-2.550660E-01,3.239843E-03,-9.080875E-02,-7.119534E-02,-2.618915E-01,2.931133E-03,-9.767353E-02,3.450014E-02,0.000000E+00,0.000000E+00,-2.589668E+00
2.444000E+00,-2.551567E-01,3.157071E-03,-9.069999E-02,-8.277181E-02,-2.619877E-01,2.967158E-03,-9.616081E-02,3.602505E-02,0.000000E+00,0.000000E+00,-1.592522E+00
2.445000E+00,-2.552485E-01,3.063865E-03,-9.179255E-02,-9.320673E-02,-2.620828E-01,3.001103E-03,-9.512913E-02,3.394495E-02,0.000000E+00,0.000000E+00,-5.261528E-01
2.446000E+00,-2.553419E-01,2.962232E-03,-9.340075E-02,-1.016328E-01,-2.621770E-01,3.032953E-03,-9.418769E-02,3.185045E-02,0.000000E+00,0.000000E+00,5.928103E-01
2.447000E+00,-2.554283E-01,2.926666E-03,-8.644236E-02,-3.556572E-02,-2.622631E-01,3.076743E-03,-8.614703E-02,4.378961E-02,0.000000E+00,0.000000E+00,1.257889E+00
2.448000E+00,-2.555173E-01,2.941809E-03,-8.895297E-02,1.514279E-02,-2.623522E-01,3.109263E-03,-8.909528E-02,3.251964E-02,0.000000E+00,0.000000E+00,1.403451E+00
2.449000E+00,-2.556102E-01,2.977100E-03,-9.294379E-02,3.529123E-02,-2.624456E-01,3.134194E-03,-9.342515E-02,2.493086E-02,0.000000E+00,0.000000E+00,1.316558E+00
2.450000E+00,-2.557075E-01,3.016169E-03,-9.721368E-02,3.906899E-02,-2.625433E-01,3.157899E-03,-9.767075E-02,2.370536E-02,0.000000E+00,0.000000E+00,1.187759E+00
2.451000E+00,-2.558088E-01,3.056142E-03,-1.013684E-01,3.997238E-02,-2.626451E-01,3.181900E-03,-1.017781E-01,2.400107E-02,0.000000E+00,0.000000E+00,1.053881E+00
2.452000E+00,-2.559139E-01,3.097265E-03,-1.050934E-01,4.112307E-02,-2.627506E-01,3.203113E-03,-1.055353E-01,2.121346E-02,0.000000E+00,0.000000E+00,8.870065E-01
2.453000E+00,-2.560242E-01,3.141249E-03,-1.103181E-01,4.398451E-02,-2.628613E-01,3.228149E-03,-1.106771E-01,2.503511E-02,0.000000E+00,0.000000E+00,7.281924E-01
2.454000E+00,-2.561398E-01,3.188459E-03,-1.155568E-01,4.720936E-02,-2.629772E-01,3.256035E-03,-1.158660E-01,2.788608E-02,0.000000E+00,0.000000E+00,5.662552E-01
2.455000E+00,-2.562593E-01,3.237881E-03,-1.194652E-01,4.942225E-02,-2.630970E-01,3.279020E-03,-1.197978E-01,2.298573E-02,0.000000E+00,0.000000E+00,3.447202E-01
2.456000E+00,-2.563848E-01,3.291445E-03,-1.255844E-01,5.356450E-02,-2.632228E-01,3.309106E-03,-1.257871E-01,3.008528E-02,0.000000E+00,0.000000E+00,1.479783E-01
2.457000E+00,-2.565118E-01,3.340048E-03,-1.269321E-01,4.860286E-02,-2.633498E-01,3.329357E-03,-1.270634E-01,2.025114E-02,0.000000E+00,0.000000E+00,-8.958247E-02
2.458000E+00,-2.566388E-01,3.379990E-03,-1.269778E-01,3.994214E-02,-2.634768E-01,3.338310E-03,-1.269722E-01,8.953051E-03,0.000000E+00,0.000000E+00,-3.492352E-01
2.459000E+00,-2.567658E-01,3.411710E-03,-1.270167E-01,3.171973E-02,-2.636036E-01,3.335539E-03,-1.268298E-01,-2.770630E-03,0.000000E+00,0.000000E+00,-6.382246E-01
2.460000E+00,-2.568928E-01,3.435545E-03,-1.270608E-01,2.383512E-02,-2.637302E-01,3.320739E-03,-1.266295E-01,-1.479994E-02,0.000000E+00,0.000000E+00,-9.619525E-01
2.461000E+00,-2.570200E-01,3.451650E-03,-1.271230E-01,1.610473E-02,-2.638566E-01,3.293787E-03,-1.263712E-01,-2.695262E-02,0.000000E+00,0.000000E+00,-1.322763E+00
2.462000E+00,-2.571472E-01,3.459905E-03,-1.272061E-01,8.254841E-03,-2.639827E-01,3.254816E-03,-1.260583E-01,-3.897070E-02,0.000000E+00,0.000000E+00,-1.718552E+00
2.463000E+00,-2.572770E-01,3.455074E-03,-1.297962E-01,-4.830309E-03,-2.641125E-01,3.248655E-03,-1.298504E-01,-6.161399E-03,0.000000E+00,0.000000E+00,-1.729685E+00
2.464000E+00,-2.574042E-01,3.436752E-03,-1.272570E-01,-1.832247E-02,-2.642406E-01,3.256558E-03,-1.280892E-01,7.903747E-03,0.000000E+00,0.000000E+00,-1.509849E+00
2.465000E+00,-2.575268E-01,3.404962E-03,-1.225637E-01,-3.178971E-02,-2.643645E-01,3.280761E-03,-1.238982E-01,2.420244E-02,0.000000E+00,0.000000E+00,-1.040612E+00
2.466000E+00,-2.576449E-01,3.359593E-03,-1.180766E-01,-4.536951E-02,-2.644837E-01,3.322697E-03,-1.191958E-01,4.193597E-02,0.000000E+00,0.000000E+00,-3.091106E-01
2.467000E+00,-2.577623E-01,3.302851E-03,-1.174289E-01,-5.674180E-02,-2.646011E-01,3.362421E-03,-1.173636E-01,3.972465E-02,0.000000E+00,0.000000E+00,4.990718E-01
2.468000E+00,-2.578803E-01,3.234900E-03,-1.180514E-01,-6.795130E-02,-2.647176E-01,3.393538E-03,-1.165662E-01,3.111612E-02,0.000000E+00,0.000000E+00,1.329127E+00
2.469000E+00,-2.579991E-01,3.155579E-03,-1.187557E-01,-7.932015E-02,-2.648334E-01,3.416172E-03,-1.157245E-01,2.263457E-02,0.000000E+00,0.000000E+00,2.183643E+00
2.470000E+00,-2.581186E-01,3.065144E-03,-1.195140E-01,-9.043512E-02,-2.649482E-01,3.430049E-03,-1.148328E-01,1.387701E-02,0.000000E+00,0.000000E+00,3.058400E+00
2.471000E+00,-2.582389E-01,2.964201E-03,-1.202708E-01,-1.009438E-01,-2.650621E-01,3.434545E-03,-1.139122E-01,4.496070E-03,0.000000E+00,0.000000E+00,3.943317E+00
2.472000E+00,-2.583621E-01,2.869237E-03,-1.231899E-01,-9.496347E-02,-2.651783E-01,3.433075E-03,-1.161502E-01,-1.470344E-03,0.000000E+00,0.000000E+00,4.728755E+00
2.473000E+00,-2.584823E-01,2.827384E-03,-1.201901E-01,-4.185345E-02,-2.652981E-01,3.395437E-03,-1.198111E-01,-3.763828E-02,0.000000E+00,0.000000E+00,4.764208E+00
2.474000E+00,-2.585997E-01,2.849207E-03,-1.174254E-01,2.182355E-02,-2.654209E-01,3.348216E-03,-1.228402E-01,-4.722022E-02,0.000000E+00,0.000000E+00,4.184033E+00
2.475000E+00,-2.587206E-01,2.895265E-03,-1.208793E-01,4.605794E-02,-2.655487E-01,3.287977E-03,-1.278369E-01,-6.023952E-02,0.000000E+00,0.000000E+00,3.291641E+00
2.476000E+00,-2.588532E-01,2.966137E-03,-1.326827E-01,7.087181E-02,-2.656859E-01,3.271038E-03,-1.371429E-01,-1.693917E-02,0.000000E+00,0.000000E+00,2.555075E+00
2.477000E+00,-2.589957E-01,3.051115E-03,-1.424886E-01,8.497823E-02,-2.658317E-01,3.268156E-03,-1.458111E-01,-2.881381E-03,0.000000E+00,0.000000E+00,1.818520E+00
2.478000E+00,-2.591436E-01,3.151398E-03,-1.478324E-01,1.002825E-01,-2.659821E-01,3.258628E-03,-1.503910E-01,-9.528557E-03,0.000000E+00,0.000000E+00,8.983389E-01
2.479000E+00,-2.592961E-01,3.264362E-03,-1.525187E-01,1.129638E-01,-2.661354E-01,3.236550E-03,-1.532650E-01,-2.207741E-02,0.000000E+00,0.000000E+00,-2.329865E-01
2.480000E+00,-2.594513E-01,3.376475E-03,-1.552344E-01,1.121135E-01,-2.662883E-01,3.198241E-03,-1.529698E-01,-3.830905E-02,0.000000E+00,0.000000E+00,-1.493302E+00
2.481000E+00,-2.596083E-01,3.480358E-03,-1.570364E-01,1.038835E-01,-2.664396E-01,3.147908E-03,-1.512944E-01,-5.033343E-02,0.000000E+00,0.000000E+00,-2.786158E+00
2.482000E+00,-2.597674E-01,3.576662E-03,-1.590390E-01,9.630385E-02,-2.665898E-01,3.095761E-03,-1.502170E-01,-5.214729E-02,0.000000E+00,0.000000E+00,-4.032003E+00
2.483000E+00,-2.599284E-01,3.664852E-03,-1.609708E-01,8.819011E-02,-2.667391E-01,3.039907E-03,-1.493091E-01,-5.585383E-02,0.000000E+00,0.000000E+00,-5.242677E+00
2.484000E+00,-2.600891E-01,3.736223E-03,-1.607303E-01,7.137098E-02,-2.668868E-01,2.982372E-03,-1.476562E-01,-5.753460E-02,0.000000E+00,0.000000E+00,-6.328116E+00
2.485000E+00,-2.602492E-01,3.793696E-03,-1.601074E-01,5.747260E-02,-2.670329E-01,2.922355E-03,-1.460465E-01,-6.001691E-02,0.000000E+00,0.000000E+00,-7.319400E+00
2.486000E+00,-2.604094E-01,3.840093E-03,-1.602005E-01,4.639680E-02,-2.671777E-01,2.856198E-03,-1.448017E-01,-6.615722E-02,0.000000E+00,0.000000E+00,-8.271095E+00
2.487000E+00,-2.605664E-01,3.864325E-03,-1.569560E-01,2.423170E-02,-2.673212E-01,2.792520E-03,-1.435086E-01,-6.367749E-02,0.000000E+00,0.000000E+00,-9.016114E+00
2.488000E+00,-2.607026E-01,3.871944E-03,-1.362629E-01,7.619660E-03,-2.674574E-01,2.800429E-03,-1.362072E-01,7.908719E-03,0.000000E+00,0.000000E+00,-9.013795E+00
2.489000E+00,-2.608286E-01,3.873379E-03,-1.260094E-01,1.434323E-03,-2.675894E-01,2.841048E-03,-1.320750E-01,4.061901E-02,0.000000E+00,0.000000E+00,-8.681613E+00
2.490000E+00,-2.609511E-01,3.865152E-03,-1.224970E-01,-8.226080E-03,-2.677200E-01,2.887184E-03,-1.305589E-01,4.613561E-02,0.000000E+00,0.000000E+00,-8.221211E+00
2.491000E+00,-2.610715E-01,3.846196E-03,-1.203574E-01,-1.895648E-02,-2.678495E-01,2.933694E-03,-1.294828E-01,4.651007E-02,0.000000E+00,0.000000E+00,-7.667454E+00
2.492000E+00,-2.611909E-01,3.815952E-03,-1.194527E-01,-3.024369E-02,-2.679784E-01,2.976422E-03,-1.288719E-01,4.272767E-02,0.000000E+00,0.000000E+00,-7.051053E+00
2.493000E+00,-2.613097E-01,3.775082E-03,-1.187948E-01,-4.087038E-02,-2.681067E-01,3.016995E-03,-1.283771E-01,4.057348E-02,0.000000E+00,0.000000E+00,-6.364037E+00
2.494000E+00,-2.614286E-01,3.723847E-03,-1.189034E-01,-5.123524E-02,-2.682349E-01,3.053477E-03,-1.281244E-01,3.648232E-02,0.000000E+00,0.000000E+00,-5.625119E+00
2.495000E+00,-2.615476E-01,3.662804E-03,-1.189223E-01,-6.104282E-02,-2.683625E-01,3.087787E-03,-1.276583E-01,3.430964E-02,0.000000E+00,0.000000E+00,-4.822943E+00
2.496000E+00,-2.616667E-01,3.591654E-03,-1.191514E-01,-7.114958E-02,-2.684896E-01,3.119476E-03,-1.270702E-01,3.168898E-02,0.000000E+00,0.000000E+00,-3.958848E+00
2.497000E+00,-2.617865E-01,3.511628E-03,-1.198389E-01,-8.002674E-02,-2.686161E-01,3.148690E-03,-1.265484E-01,2.921429E-02,0.000000E+00,0.000000E+00,-3.041943E+00
2.498000E+00,-2.619075E-01,3.421659E-03,-1.209953E-01,-8.996823E-02,-2.687424E-01,3.175091E-03,-1.262160E-01,2.640063E-02,0.000000E+00,0.000000E+00,-2.066070E+00
2.499000E+00,-2.620306E-01,3.322385E-03,-1.230412E-01,-9.927400E-02,-2.688688E-01,3.199710E-03,-1.264207E-01,2.461932E-02,0.000000E+00,0.000000E+00,-1.027758E+00
2.500000E+00,-2.621567E-01,3.212851E-03,-1.261510E-01,-1.095343E-01,-2.689961E-01,3.223905E-03,-1.272785E-01,2.419509E-02,0.000000E+00,0.000000E+00,9.260677E-02
2.501000E+00,-2.622870E-01,3.092601E-03,-1.303122E-01,-1.202500E-01,-2.691246E-01,3.251712E-03,-1.285079E-01,2.780646E-02,0.000000E+00,0.000000E+00,1.333047E+00
2.502000E+00,-2.624224E-01,2.962777E-03,-1.353932E-01,-1.298237E-01,-2.692542E-01,3.285534E-03,-1.296541E-01,3.382241E-02,0.000000E+00,0.000000E+00,2.704841E+00
2.503000E+00,-2.625383E-01,2.927841E-03,-1.158968E-01,-3.493624E-02,-2.693653E-01,3.342391E-03,-1.111305E-01,5.685644E-02,0.000000E+00,0.000000E+00,3.474846E+00
2.504000E+00,-2.626416E-01,2.937815E-03,-1.032370E-01,9.973527E-03,-2.694649E-01,3.412257E-03,-9.955703E-02,6.986611E-02,0.000000E+00,0.000000E+00,3.977508E+00
2.505000E+00,-2.627377E-01,2.966398E-03,-9.614757E-02,2.858392E-02,-2.695583E-01,3.481445E-03,-9.336648E-02,6.918795E-02,0.000000E+00,0.000000E+00,4.318431E+00
2.506000E+00,-2.628285E-01,3.008081E-03,-9.082340E-02,4.168259E-02,-2.696482E-01,3.534458E-03,-8.997889E-02,5.301311E-02,0.000000E+00,0.000000E+00,4.413605E+00
2.507000E+00,-2.629153E-01,3.057286E-03,-8.675266E-02,4.920452E-02,-2.697354E-01,3.576616E-03,-8.713842E-02,4.215790E-02,0.000000E+00,0.000000E+00,4.354504E+00
2.508000E+00,-2.630009E-01,3.101466E-03,-8.560857E-02,4.418034E-02,-2.698217E-01,3.607378E-03,-8.627120E-02,3.076221E-02,0.000000E+00,0.000000E+00,4.242000E+00
2.509000E+00,-2.630863E-01,3.136308E-03,-8.541929E-02,3.484183E-02,-2.699076E-01,3.627152E-03,-8.597320E-02,1.977451E-02,0.000000E+00,0.000000E+00,4.115771E+00
2.510000E+00,-2.631716E-01,3.161633E-03,-8.528709E-02,2.532562E-02,-2.699933E-01,3.636390E-03,-8.566675E-02,9.237947E-03,0.000000E+00,0.000000E+00,3.981095E+00
2.511000E+00,-2.632568E-01,3.177406E-03,-8.520163E-02,1.577224E-02,-2.700787E-01,3.635302E-03,-8.537468E-02,-1.087982E-03,0.000000E+00,0.000000E+00,3.840046E+00
2.512000E+00,-2.633413E-01,3.194052E-03,-8.445690E-02,1.664656E-02,-2.701647E-01,3.609987E-03,-8.606044E-02,-2.531542E-02,0.000000E+00,0.000000E+00,3.488237E+00
2.513000E+00,-2.634258E-01,3.209520E-03,-8.453318E-02,1.546736E-02,-2.702514E-01,3.566144E-03,-8.670079E-02,-4.384342E-02,0.000000E+00,0.000000E+00,2.990857E+00
2.514000E+00,-2.635103E-01,3.210483E-03,-8.452796E-02,9.633910E-04,-2.703371E-01,3.515921E-03,-8.565609E-02,-5.022293E-02,0.000000E+00,0.000000E+00,2.561776E+00
2.515000E+00,-2.635946E-01,3.197798E-03,-8.425112E-02,-1.268486E-02,-2.704217E-01,3.459852E-03,-8.462706E-02,-5.606861E-02,0.000000E+00,0.000000E+00,2.198172E+00
2.516000E+00,-2.636786E-01,3.170491E-03,-8.406114E-02,-2.730728E-02,-2.705056E-01,3.398193E-03,-8.386205E-02,-6.165898E-02,0.000000E+00,0.000000E+00,1.910307E+00
2.517000E+00,-2.637647E-01,3.152099E-03,-8.604529E-02,-1.839186E-02,-2.705918E-01,3.330131E-03,-8.621766E-02,-6.806216E-02,0.000000E+00,0.000000E+00,1.493775E+00
2.518000E+00,-2.638550E-01,3.168203E-03,-9.028099E-02,1.610450E-02,-2.706828E-01,3.265813E-03,-9.098918E-02,-6.431765E-02,0.000000E+00,0.000000E+00,8.190387E-01
2.519000E+00,-2.639459E-01,3.190165E-03,-9.095122E-02,2.196151E-02,-2.707738E-01,3.219647E-03,-9.101421E-02,-4.616630E-02,0.000000E+00,0.000000E+00,2.473946E-01
2.520000E+00,-2.640360E-01,3.211947E-03,-9.007717E-02,2.178239E-02,-2.708634E-01,3.184460E-03,-8.964370E-02,-3.518728E-02,0.000000E+00,0.000000E+00,-2.306751E-01
2.521000E+00,-2.641252E-01,3.231148E-03,-8.920769E-02,1.920111E-02,-2.709519E-01,3.153331E-03,-8.843494E-02,-3.112828E-02,0.000000E+00,0.000000E+00,-6.530851E-01
2.522000E+00,-2.642168E-01,3.250436E-03,-9.158241E-02,1.928734E-02,-2.710429E-01,3.139340E-03,-9.098513E-02,-1.399130E-02,0.000000E+00,0.000000E+00,-9.324179E-01
2.523000E+00,-2.643163E-01,3.271087E-03,-9.947684E-02,2.065102E-02,-2.711428E-01,3.161200E-03,-9.989209E-02,2.186008E-02,0.000000E+00,0.000000E+00,-9.222160E-01
2.524000E+00,-2.644184E-01,3.287612E-03,-1.021516E-01,1.652522E-02,-2.712457E-01,3.189377E-03,-1.029505E-01,2.817669E-02,0.000000E+00,0.000000E+00,-8.243498E-01
2.525000E+00,-2.645216E-01,3.300720E-03,-1.031582E-01,1.310834E-02,-2.713498E-01,3.216414E-03,-1.040814E-01,2.703704E-02,0.000000E+00,0.000000E+00,-7.073830E-01
2.526000E+00,-2.646256E-01,3.309710E-03,-1.040256E-01,8.989219E-03,-2.714548E-01,3.240223E-03,-1.050049E-01,2.380953E-02,0.000000E+00,0.000000E+00,-5.829575E-01
2.527000E+00,-2.647303E-01,3.314975E-03,-1.047244E-01,5.265241E-03,-2.715605E-01,3.259425E-03,-1.056914E-01,1.920138E-02,0.000000E+00,0.000000E+00,-4.659795E-01
2.528000E+00,-2.648361E-01,3.315590E-03,-1.057686E-01,6.151133E-04,-2.716672E-01,3.275044E-03,-1.067257E-01,1.561913E-02,0.000000E+00,0.000000E+00,-3.400748E-01
2.529000E+00,-2.649431E-01,3.305381E-03,-1.070262E-01,-1.020878E-02,-2.717752E-01,3.285600E-03,-1.079952E-01,1.055585E-02,0.000000E+00,0.000000E+00,-1.658920E-01
2.530000E+00,-2.650507E-01,3.292981E-03,-1.075646E-01,-1.240031E-02,-2.718836E-01,3.280186E-03,-1.084443E-01,-5.414142E-03,0.000000E+00,0.000000E+00,-1.072906E-01
2.531000E+00,-2.651585E-01,3.275751E-03,-1.078680E-01,-1.722987E-02,-2.719923E-01,3.257307E-03,-1.086479E-01,-2.287887E-02,0.000000E+00,0.000000E+00,-1.546407E-01
2.532000E+00,-2.652671E-01,3.252168E-03,-1.085921E-01,-2.358323E-02,-2.721016E-01,3.219674E-03,-1.092588E-01,-3.763257E-02,0.000000E+00,0.000000E+00,-2.724055E-01
2.533000E+00,-2.653765E-01,3.222435E-03,-1.093375E-01,-2.973261E-02,-2.722114E-01,3.167123E-03,-1.098339E-01,-5.255155E-02,0.000000E+00,0.000000E+00,-4.636646E-01
2.534000E+00,-2.654865E-01,3.186696E-03,-1.100350E-01,-3.573906E-02,-2.723217E-01,3.099444E-03,-1.102710E-01,-6.767809E-02,0.000000E+00,0.000000E+00,-7.313488E-01
2.535000E+00,-2.655969E-01,3.142277E-03,-1.103411E-01,-4.441923E-02,-2.724320E-01,3.020067E-03,-1.103473E-01,-7.937732E-02,0.000000E+00,0.000000E+00,-1.024316E+00
2.536000E+00,-2.657073E-01,3.088319E-03,-1.104678E-01,-5.395823E-02,-2.725423E-01,2.930160E-03,-1.102519E-01,-8.990721E-02,0.000000E+00,0.000000E+00,-1.325573E+00
2.537000E+00,-2.658210E-01,3.029354E-03,-1.136907E-01,-5.896415E-02,-2.726559E-01,2.846014E-03,-1.136268E-01,-8.414623E-02,0.000000E+00,0.000000E+00,-1.536551E+00
2.538000E+00,-2.659258E-01,2.980425E-03,-1.047815E-01,-4.892993E-02,-2.727615E-01,2.821716E-03,-1.056629E-01,-2.429781E-02,0.000000E+00,0.000000E+00,-1.330022E+00
2.539000E+00,-2.660225E-01,2.934379E-03,-9.667913E-02,-4.604542E-02,-2.728594E-01,2.837341E-03,-9.788764E-02,1.562544E-02,0.000000E+00,0.000000E+00,-8.131506E-01
2.540000E+00,-2.661100E-01,2.903891E-03,-8.751487E-02,-3.048761E-02,-2.729475E-01,2.862578E-03,-8.808453E-02,2.523622E-02,0.000000E+00,0.000000E+00,-3.461898E-01
2.541000E+00,-2.661825E-01,2.913086E-03,-7.253739E-02,9.194177E-03,-2.730202E-01,2.887288E-03,-7.264565E-02,2.471081E-02,0.000000E+00,0.000000E+00,-2.161663E-01
2.542000E+00,-2.662493E-01,2.929977E-03,-6.678852E-02,1.689145E-02,-2.730870E-01,2.910313E-03,-6.686051E-02,2.302456E-02,0.000000E+00,0.000000E+00,-1.647729E-01
2.543000E+00,-2.663129E-01,2.947993E-03,-6.354300E-02,1.801562E-02,-2.731506E-01,2.933322E-03,-6.359957E-02,2.300865E-02,0.000000E+00,0.000000E+00,-1.229336E-01
2.544000E+00,-2.663749E-01,2.966914E-03,-6.202986E-02,1.892130E-02,-2.732127E-01,2.956574E-03,-6.208261E-02,2.325190E-02,0.000000E+00,0.000000E+00,-8.664566E-02
2.545000E+00,-2.664363E-01,2.986729E-03,-6.136310E-02,1.981523E-02,-2.732741E-01,2.978598E-03,-6.141278E-02,2.202460E-02,0.000000E+00,0.000000E+00,-6.813236E-02
2.546000E+00,-2.664981E-01,3.006553E-03,-6.184648E-02,1.982375E-02,-2.733360E-01,2.999606E-03,-6.189118E-02,2.100830E-02,0.000000E+00,0.000000E+00,-5.820642E-02
2.547000E+00,-2.665614E-01,3.026355E-03,-6.333485E-02,1.980174E-02,-2.733994E-01,3.020063E-03,-6.337370E-02,2.045658E-02,0.000000E+00,0.000000E+00,-5.271917E-02
2.548000E+00,-2.666271E-01,3.046681E-03,-6.571353E-02,2.032609E-02,-2.734651E-01,3.040493E-03,-6.574945E-02,2.043045E-02,0.000000E+00,0.000000E+00,-5.184445E-02
2.549000E+00,-2.666957E-01,3.069189E-03,-6.857474E-02,2.250767E-02,-2.735338E-01,3.061050E-03,-6.864111E-02,2.055637E-02,0.000000E+00,0.000000E+00,-6.819375E-02
2.550000E+00,-2.667669E-01,3.091661E-03,-7.122360E-02,2.247249E-02,-2.736051E-01,3.083169E-03,-7.130497E-02,2.211893E-02,0.000000E+00,0.000000E+00,-7.115535E-02
2.551000E+00,-2.668430E-01,3.117316E-03,-7.608242E-02,2.565504E-02,-2.736813E-01,3.108424E-03,-7.619035E-02,2.525513E-02,0.000000E+00,0.000000E+00,-7.450492E-02
2.552000E+00,-2.669241E-01,3.144861E-03,-8.107009E-02,2.754480E-02,-2.737625E-01,3.137450E-03,-8.118977E-02,2.902593E-02,0.000000E+00,0.000000E+00,-6.209382E-02
2.553000E+00,-2.670105E-01,3.174217E-03,-8.639820E-02,2.935639E-02,-2.738490E-01,3.170818E-03,-8.651628E-02,3.336854E-02,0.000000E+00,0.000000E+00,-2.847727E-02
2.554000E+00,-2.671010E-01,3.205250E-03,-9.046796E-02,3.103262E-02,-2.739396E-01,3.202426E-03,-9.057305E-02,3.160719E-02,0.000000E+00,0.000000E+00,-2.366290E-02
2.555000E+00,-2.671985E-01,3.243076E-03,-9.756269E-02,3.782644E-02,-2.740372E-01,3.243936E-03,-9.768278E-02,4.151026E-02,0.000000E+00,0.000000E+00,7.201180E-03
2.556000E+00,-2.672984E-01,3.277660E-03,-9.991914E-02,3.458341E-02,-2.741372E-01,3.276882E-03,-9.999329E-02,3.294581E-02,0.000000E+00,0.000000E+00,-6.518812E-03
2.557000E+00,-2.674044E-01,3.319533E-03,-1.059719E-01,4.187343E-02,-2.742433E-01,3.318990E-03,-1.061011E-01,4.210790E-02,0.000000E+00,0.000000E+00,-4.554359E-03
2.558000E+00,-2.675104E-01,3.353185E-03,-1.059426E-01,3.365151E-02,-2.743494E-01,3.350015E-03,-1.060638E-01,3.102576E-02,0.000000E+00,0.000000E+00,-2.655217E-02
2.559000E+00,-2.676163E-01,3.379105E-03,-1.059284E-01,2.592055E-02,-2.744554E-01,3.369460E-03,-1.060377E-01,1.944519E-02,0.000000E+00,0.000000E+00,-8.079987E-02
2.560000E+00,-2.677222E-01,3.397657E-03,-1.059456E-01,1.855217E-02,-2.745615E-01,3.376924E-03,-1.060306E-01,7.464014E-03,0.000000E+00,0.000000E+00,-1.736897E-01
2.561000E+00,-2.678282E-01,3.408984E-03,-1.060038E-01,1.132617E-02,-2.746675E-01,3.372172E-03,-1.060404E-01,-4.752841E-03,0.000000E+00,0.000000E+00,-3.083879E-01
2.562000E+00,-2.679343E-01,3.412911E-03,-1.060970E-01,3.927540E-03,-2.747736E-01,3.355240E-03,-1.060515E-01,-1.693142E-02,0.000000E+00,0.000000E+00,-4.831281E-01
2.563000E+00,-2.680405E-01,3.404393E-03,-1.061371E-01,-8.518110E-03,-2.748796E-01,3.330801E-03,-1.060592E-01,-2.443956E-02,0.000000E+00,0.000000E+00,-6.165052E-01
2.564000E+00,-2.681458E-01,3.376710E-03,-1.053587E-01,-2.768309E-02,-2.749850E-01,3.305973E-03,-1.054378E-01,-2.482812E-02,0.000000E+00,0.000000E+00,-5.925832E-01
2.565000E+00,-2.682504E-01,3.331319E-03,-1.045728E-01,-4.539096E-02,-2.750899E-01,3.277511E-03,-1.048052E-01,-2.846151E-02,0.000000E+00,0.000000E+00,-4.507527E-01
2.566000E+00,-2.683497E-01,3.277580E-03,-9.927238E-02,-5.373940E-02,-2.751894E-01,3.271197E-03,-9.952765E-02,-6.313659E-03,0.000000E+00,0.000000E+00,-5.346277E-02
2.567000E+00,-2.684322E-01,3.273839E-03,-8.256640E-02,-3.740729E-03,-2.752720E-01,3.280853E-03,-8.259283E-02,9.656050E-03,0.000000E+00,0.000000E+00,5.876092E-02
2.568000E+00,-2.685026E-01,3.304312E-03,-7.033379E-02,3.047333E-02,-2.753423E-01,3.301856E-03,-7.033960E-02,2.100261E-02,0.000000E+00,0.000000E+00,-2.057436E-02
2.569000E+00,-2.685691E-01,3.341237E-03,-6.653347E-02,3.692521E-02,-2.754088E-01,3.322209E-03,-6.648205E-02,2.035259E-02,0.000000E+00,0.000000E+00,-1.594022E-01
2.570000E+00,-2.686358E-01,3.367330E-03,-6.666314E-02,2.609241E-02,-2.754754E-01,3.333891E-03,-6.658233E-02,1.168261E-02,0.000000E+00,0.000000E+00,-2.801140E-01
2.571000E+00,-2.687025E-01,3.382515E-03,-6.676200E-02,1.518525E-02,-2.755420E-01,3.337032E-03,-6.666656E-02,3.141218E-03,0.000000E+00,0.000000E+00,-3.810095E-01
2.572000E+00,-2.687694E-01,3.387038E-03,-6.683062E-02,4.523450E-03,-2.756088E-01,3.331419E-03,-6.672909E-02,-5.613260E-03,0.000000E+00,0.000000E+00,-4.659287E-01
2.573000E+00,-2.688362E-01,3.381422E-03,-6.688410E-02,-5.616471E-03,-2.756755E-01,3.316542E-03,-6.677527E-02,-1.487683E-02,0.000000E+00,0.000000E+00,-5.435082E-01
2.574000E+00,-2.689032E-01,3.366367E-03,-6.694637E-02,-1.505448E-02,-2.757424E-01,3.291709E-03,-6.681911E-02,-2.483328E-02,0.000000E+00,0.000000E+00,-6.254325E-01
2.575000E+00,-2.689702E-01,3.342628E-03,-6.704208E-02,-2.373937E-02,-2.758092E-01,3.256170E-03,-6.687611E-02,-3.553939E-02,0.000000E+00,0.000000E+00,-7.242920E-01
2.576000E+00,-2.690398E-01,3.306241E-03,-6.954170E-02,-3.638682E-02,-2.758785E-01,3.213588E-03,-6.930032E-02,-4.258206E-02,0.000000E+00,0.000000E+00,-7.762130E-01
2.577000E+00,-2.691216E-01,3.289618E-03,-8.178949E-02,-1.662367E-02,-2.759603E-01,3.207582E-03,-8.179415E-02,-6.005312E-03,0.000000E+00,0.000000E+00,-6.872654E-01
2.578000E+00,-2.692144E-01,3.293052E-03,-9.279715E-02,3.434501E-03,-2.760532E-01,3.222076E-03,-9.283346E-02,1.449338E-02,0.000000E+00,0.000000E+00,-5.946217E-01
2.579000E+00,-2.693115E-01,3.289076E-03,-9.710184E-02,-3.976255E-03,-2.761504E-01,3.241689E-03,-9.719894E-02,1.961305E-02,0.000000E+00,0.000000E+00,-3.969991E-01
2.580000E+00,-2.694124E-01,3.277482E-03,-1.009248E-01,-1.159358E-02,-2.762513E-01,3.263686E-03,-1.009433E-01,2.199713E-02,0.000000E+00,0.000000E+00,-1.155848E-01
2.581000E+00,-2.695169E-01,3.257725E-03,-1.045064E-01,-1.975764E-02,-2.763556E-01,3.286752E-03,-1.042959E-01,2.306654E-02,0.000000E+00,0.000000E+00,2.431976E-01
2.582000E+00,-2.696245E-01,3.233051E-03,-1.075640E-01,-2.467409E-02,-2.764627E-01,3.308708E-03,-1.070432E-01,2.195604E-02,0.000000E+00,0.000000E+00,6.338959E-01
2.583000E+00,-2.697339E-01,3.201207E-03,-1.093964E-01,-3.184334E-02,-2.765712E-01,3.327501E-03,-1.085039E-01,1.879238E-02,0.000000E+00,0.000000E+00,1.058206E+00
2.584000E+00,-2.698435E-01,3.160193E-03,-1.096871E-01,-4.101439E-02,-2.766796E-01,3.335547E-03,-1.084515E-01,8.046062E-03,0.000000E+00,0.000000E+00,1.469390E+00
2.585000E+00,-2.699535E-01,3.110061E-03,-1.099270E-01,-5.013215E-02,-2.767880E-01,3.332827E-03,-1.083828E-01,-2.719560E-03,0.000000E+00,0.000000E+00,1.866857E+00
2.586000E+00,-2.700636E-01,3.050807E-03,-1.101221E-01,-5.925319E-02,-2.768963E-01,3.319432E-03,-1.082980E-01,-1.339574E-02,0.000000E+00,0.000000E+00,2.251396E+00
2.587000E+00,-2.701738E-01,2.999182E-03,-1.101985E-01,-5.162592E-02,-2.770050E-01,3.300138E-03,-1.086787E-01,-1.929368E-02,0.000000E+00,0.000000E+00,2.522609E+00
2.588000E+00,-2.702849E-01,2.949995E-03,-1.110757E-01,-4.918645E-02,-2.771149E-01,3.273705E-03,-1.098864E-01,-2.643336E-02,0.000000E+00,0.000000E+00,2.713522E+00
2.589000E+00,-2.703966E-01,2.896001E-03,-1.117209E-01,-5.399382E-02,-2.772255E-01,3.238481E-03,-1.106752E-01,-3.522328E-02,0.000000E+00,0.000000E+00,2.871050E+00
2.590000E+00,-2.705083E-01,2.832985E-03,-1.117563E-01,-6.301579E-02,-2.773362E-01,3.193453E-03,-1.106973E-01,-4.502845E-02,0.000000E+00,0.000000E+00,3.022036E+00
2.591000E+00,-2.706081E-01,2.823845E-03,-9.975733E-02,-9.140577E-03,-2.774385E-01,3.130134E-03,-1.022371E-01,-6.331875E-02,0.000000E+00,0.000000E+00,2.567555E+00
2.592000E+00,-2.707003E-01,2.846372E-03,-9.217708E-02,2.252737E-02,-2.775342E-01,3.052625E-03,-9.573358E-02,-7.750931E-02,0.000000E+00,0.000000E+00,1.728702E+00
2.593000E+00,-2.707807E-01,2.897318E-03,-8.040083E-02,5.094582E-02,-2.776163E-01,3.018825E-03,-8.205368E-02,-3.380004E-02,0.000000E+00,0.000000E+00,1.018362E+00
2.594000E+00,-2.708536E-01,2.964334E-03,-7.294405E-02,6.701607E-02,-2.776896E-01,3.018233E-03,-7.335953E-02,-5.915391E-04,0.000000E+00,0.000000E+00,4.517448E-01
2.595000E+00,-2.709247E-01,3.036037E-03,-7.106669E-02,7.170244E-02,-2.777605E-01,3.028709E-03,-7.084807E-02,1.047618E-02,0.000000E+00,0.000000E+00,-6.141531E-02
2.596000E+00,-2.709957E-01,3.105685E-03,-7.100286E-02,6.964823E-02,-2.778308E-01,3.042767E-03,-7.034723E-02,1.405737E-02,0.000000E+00,0.000000E+00,-5.274004E-01
2.597000E+00,-2.710674E-01,3.171375E-03,-7.171798E-02,6.569004E-02,-2.779016E-01,3.057709E-03,-7.075905E-02,1.494222E-02,0.000000E+00,0.000000E+00,-9.528581E-01
2.598000E+00,-2.711401E-01,3.226345E-03,-7.267256E-02,5.497008E-02,-2.779732E-01,3.075974E-03,-7.165776E-02,1.826512E-02,0.000000E+00,0.000000E+00,-1.260655E+00
2.599000E+00,-2.712132E-01,3.257762E-03,-7.307314E-02,3.141679E-02,-2.780457E-01,3.099136E-03,-7.249459E-02,2.316214E-02,0.000000E+00,0.000000E+00,-1.329947E+00
2.600000E+00,-2.712913E-01,3.290084E-03,-7.818387E-02,3.232230E-02,-2.781235E-01,3.129492E-03,-7.778750E-02,3.035620E-02,0.000000E+00,0.000000E+00,-1.346503E+00
2.601000E+00,-2.713729E-01,3.315769E-03,-8.154409E-02,2.568503E-02,-2.782048E-01,3.161627E-03,-8.134400E-02,3.213503E-02,0.000000E+00,0.000000E+00,-1.292479E+00
2.602000E+00,-2.714563E-01,3.329615E-03,-8.344983E-02,1.384635E-02,-2.782883E-01,3.193040E-03,-8.344203E-02,3.141301E-02,0.000000E+00,0.000000E+00,-1.145225E+00
2.603000E+00,-2.715431E-01,3.335667E-03,-8.673994E-02,6.051314E-03,-2.783751E-01,3.224674E-03,-8.678967E-02,3.163404E-02,0.000000E+00,0.000000E+00,-9.307412E-01
2.604000E+00,-2.716340E-01,3.335448E-03,-9.091651E-02,-2.191289E-04,-2.784661E-01,3.259474E-03,-9.097588E-02,3.479945E-02,0.000000E+00,0.000000E+00,-6.371123E-01
2.605000E+00,-2.717268E-01,3.322815E-03,-9.280977E-02,-1.263217E-02,-2.785587E-01,3.291639E-03,-9.265470E-02,3.216497E-02,0.000000E+00,0.000000E+00,-2.614601E-01
2.606000E+00,-2.718233E-01,3.304465E-03,-9.649414E-02,-1.835014E-02,-2.786548E-01,3.331377E-03,-9.610073E-02,3.973822E-02,0.000000E+00,0.000000E+00,2.257078E-01
2.607000E+00,-2.719205E-01,3.282496E-03,-9.722188E-02,-2.196948E-02,-2.787512E-01,3.354809E-03,-9.634052E-02,2.343172E-02,0.000000E+00,0.000000E+00,6.065434E-01
2.608000E+00,-2.720179E-01,3.252760E-03,-9.737594E-02,-2.973565E-02,-2.788474E-01,3.367518E-03,-9.621889E-02,1.270881E-02,0.000000E+00,0.000000E+00,9.626653E-01
2.609000E+00,-2.721154E-01,3.215608E-03,-9.755322E-02,-3.715251E-02,-2.789436E-01,3.369322E-03,-9.619867E-02,1.804616E-03,0.000000E+00,0.000000E+00,1.289624E+00
2.610000E+00,-2.722132E-01,3.171184E-03,-9.778262E-02,-4.442320E-02,-2.790399E-01,3.360096E-03,-9.631388E-02,-9.226313E-03,0.000000E+00,0.000000E+00,1.585121E+00
2.611000E+00,-2.723113E-01,3.119369E-03,-9.808177E-02,-5.181569E-02,-2.791365E-01,3.339824E-03,-9.657162E-02,-2.027149E-02,0.000000E+00,0.000000E+00,1.850040E+00
2.612000E+00,-2.724035E-01,3.110139E-03,-9.221415E-02,-9.229745E-03,-2.792283E-01,3.319822E-03,-9.181321E-02,-2.000247E-02,0.000000E+00,0.000000E+00,1.759798E+00
2.613000E+00,-2.724959E-01,3.130783E-03,-9.234155E-02,2.064387E-02,-2.793209E-01,3.309414E-03,-9.267752E-02,-1.040766E-02,0.000000E+00,0.000000E+00,1.499249E+00
2.614000E+00,-2.725845E-01,3.166549E-03,-8.861145E-02,3.576653E-02,-2.794101E-01,3.301343E-03,-8.914172E-02,-8.071178E-03,0.000000E+00,0.000000E+00,1.131343E+00
2.615000E+00,-2.726687E-01,3.210938E-03,-8.424022E-02,4.438834E-02,-2.794947E-01,3.291141E-03,-8.463160E-02,-1.020257E-02,0.000000E+00,0.000000E+00,6.731719E-01
2.616000E+00,-2.727466E-01,3.240551E-03,-7.786993E-02,2.961371E-02,-2.795726E-01,3.305041E-03,-7.787655E-02,1.390010E-02,0.000000E+00,0.000000E+00,5.412901E-01
2.617000E+00,-2.728228E-01,3.261723E-03,-7.624888E-02,2.117102E-02,-2.796490E-01,3.313604E-03,-7.643591E-02,8.563480E-03,0.000000E+00,0.000000E+00,4.354614E-01
2.618000E+00,-2.728952E-01,3.283417E-03,-7.233243E-02,2.169486E-02,-2.797215E-01,3.327834E-03,-7.244971E-02,1.422950E-02,0.000000E+00,0.000000E+00,3.727974E-01
2.619000E+00,-2.729676E-01,3.297290E-03,-7.246837E-02,1.387264E-02,-2.797942E-01,3.330362E-03,-7.274175E-02,2.528419E-03,0.000000E+00,0.000000E+00,2.775732E-01
2.620000E+00,-2.730406E-01,3.301388E-03,-7.293222E-02,4.097683E-03,-2.798675E-01,3.324134E-03,-7.324971E-02,-6.228196E-03,0.000000E+00,0.000000E+00,1.909003E-01
2.621000E+00,-2.731139E-01,3.295987E-03,-7.337661E-02,-5.401044E-03,-2.799412E-01,3.308983E-03,-7.373934E-02,-1.515101E-02,0.000000E+00,0.000000E+00,1.090670E-01
2.622000E+00,-2.731878E-01,3.284399E-03,-7.386845E-02,-1.158737E-02,-2.800155E-01,3.281713E-03,-7.432257E-02,-2.727032E-02,0.000000E+00,0.000000E+00,-2.254582E-02
2.623000E+00,-2.732640E-01,3.280636E-03,-7.619360E-02,-3.762869E-03,-2.800923E-01,3.239560E-03,-7.674581E-02,-4.215265E-02,0.000000E+00,0.000000E+00,-3.446671E-01
2.624000E+00,-2.733450E-01,3.293205E-03,-8.099207E-02,1.256852E-02,-2.801735E-01,3.189729E-03,-8.120267E-02,-4.983084E-02,0.000000E+00,0.000000E+00,-8.681689E-01
2.625000E+00,-2.734310E-01,3.303395E-03,-8.598625E-02,1.018959E-02,-2.802596E-01,3.180163E-03,-8.616034E-02,-9.566167E-03,0.000000E+00,0.000000E+00,-1.033862E+00
2.626000E+00,-2.735219E-01,3.310419E-03,-9.092674E-02,7.023973E-03,-2.803510E-01,3.191869E-03,-9.136473E-02,1.170568E-02,0.000000E+00,0.000000E+00,-9.945282E-01
2.627000E+00,-2.736183E-01,3.314506E-03,-9.633973E-02,4.087269E-03,-2.804480E-01,3.211037E-03,-9.700560E-02,1.916883E-02,0.000000E+00,0.000000E+00,-8.679436E-01
2.628000E+00,-2.737191E-01,3.312083E-03,-1.008512E-01,-2.423078E-03,-2.805497E-01,3.235516E-03,-1.016908E-01,2.447867E-02,0.000000E+00,0.000000E+00,-6.422217E-01
2.629000E+00,-2.738245E-01,3.304344E-03,-1.054329E-01,-7.738930E-03,-2.806560E-01,3.263047E-03,-1.062707E-01,2.753105E-02,0.000000E+00,0.000000E+00,-3.463537E-01
2.630000E+00,-2.739347E-01,3.291503E-03,-1.101491E-01,-1.284079E-02,-2.807668E-01,3.293560E-03,-1.108380E-01,3.051254E-02,0.000000E+00,0.000000E+00,1.724799E-02
2.631000E+00,-2.740493E-01,3.274600E-03,-1.146314E-01,-1.690285E-02,-2.808819E-01,3.326169E-03,-1.150404E-01,3.260949E-02,0.000000E+00,0.000000E+00,4.324358E-01
2.632000E+00,-2.741654E-01,3.250537E-03,-1.161066E-01,-2.406296E-02,-2.809981E-01,3.350624E-03,-1.161990E-01,2.445507E-02,0.000000E+00,0.000000E+00,8.392317E-01
2.633000E+00,-2.742821E-01,3.217291E-03,-1.166268E-01,-3.324663E-02,-2.811145E-01,3.364041E-03,-1.164168E-01,1.341662E-02,0.000000E+00,0.000000E+00,1.230440E+00
2.634000E+00,-2.743991E-01,3.174891E-03,-1.170601E-01,-4.239995E-02,-2.812310E-01,3.366284E-03,-1.165789E-01,2.242850E-03,0.000000E+00,0.000000E+00,1.604692E+00
2.635000E+00,-2.745165E-01,3.123288E-03,-1.174155E-01,-5.160297E-02,-2.813477E-01,3.357390E-03,-1.166900E-01,-8.893763E-03,0.000000E+00,0.000000E+00,1.962731E+00
2.636000E+00,-2.746342E-01,3.062361E-03,-1.177162E-01,-6.092694E-02,-2.814645E-01,3.337553E-03,-1.167629E-01,-1.983709E-02,0.000000E+00,0.000000E+00,2.307208E+00
2.637000E+00,-2.747522E-01,2.991938E-03,-1.179899E-01,-7.042223E-02,-2.815813E-01,3.307067E-03,-1.168120E-01,-3.048561E-02,0.000000E+00,0.000000E+00,2.642047E+00
2.638000E+00,-2.748705E-01,2.911835E-03,-1.182581E-01,-8.010388E-02,-2.816982E-01,3.266263E-03,-1.168460E-01,-4.080380E-02,0.000000E+00,0.000000E+00,2.971596E+00
2.639000E+00,-2.749886E-01,2.836355E-03,-1.181270E-01,-7.547944E-02,-2.818152E-01,3.219018E-03,-1.170714E-01,-4.724508E-02,0.000000E+00,0.000000E+00,3.208337E+00
2.640000E+00,-2.751012E-01,2.789544E-03,-1.125693E-01,-4.681122E-02,-2.819289E-01,3.160650E-03,-1.136497E-01,-5.836875E-02,0.000000E+00,0.000000E+00,3.111138E+00
2.641000E+00,-2.751990E-01,2.804065E-03,-9.780579E-02,1.452159E-02,-2.820314E-01,3.083887E-03,-1.025192E-01,-7.676233E-02,0.000000E+00,0.000000E+00,2.345243E+00
2.642000E+00,-2.752929E-01,2.834709E-03,-9.390613E-02,3.064320E-02,-2.821295E-01,2.994897E-03,-9.807273E-02,-8.899005E-02,0.000000E+00,0.000000E+00,1.342259E+00
2.643000E+00,-2.753725E-01,2.893509E-03,-7.958862E-02,5.880078E-02,-2.822108E-01,2.952449E-03,-8.131793E-02,-4.244814E-02,0.000000E+00,0.000000E+00,4.938227E-01
2.644000E+00,-2.754429E-01,2.969677E-03,-7.046035E-02,7.616706E-02,-2.822814E-01,2.942285E-03,-7.064402E-02,-1.016396E-02,0.000000E+00,0.000000E+00,-2.294957E-01
2.645000E+00,-2.755102E-01,3.051690E-03,-6.724114E-02,8.201354E-02,-2.823479E-01,2.946786E-03,-6.645731E-02,4.501047E-03,0.000000E+00,0.000000E+00,-8.789619E-01
2.646000E+00,-2.755759E-01,3.123679E-03,-6.571903E-02,7.198912E-02,-2.824124E-01,2.961127E-03,-6.453191E-02,1.434108E-02,0.000000E+00,0.000000E+00,-1.362066E+00
2.647000E+00,-2.756404E-01,3.169480E-03,-6.446908E-02,4.580078E-02,-2.824762E-01,2.984758E-03,-6.376050E-02,2.363026E-02,0.000000E+00,0.000000E+00,-1.547914E+00
2.648000E+00,-2.757073E-01,3.205922E-03,-6.688803E-02,3.644159E-02,-2.825427E-01,3.012392E-03,-6.647955E-02,2.763488E-02,0.000000E+00,0.000000E+00,-1.621770E+00
2.649000E+00,-2.757788E-01,3.242084E-03,-7.156103E-02,3.616256E-02,-2.826140E-01,3.044317E-03,-7.129438E-02,3.192443E-02,0.000000E+00,0.000000E+00,-1.657331E+00
2.650000E+00,-2.758526E-01,3.268905E-03,-7.378763E-02,2.682050E-02,-2.826878E-01,3.079049E-03,-7.385240E-02,3.473225E-02,0.000000E+00,0.000000E+00,-1.591048E+00
2.651000E+00,-2.759280E-01,3.286110E-03,-7.543291E-02,1.720574E-02,-2.827634E-01,3.111271E-03,-7.563649E-02,3.222148E-02,0.000000E+00,0.000000E+00,-1.465225E+00
2.652000E+00,-2.760086E-01,3.302806E-03,-8.058144E-02,1.669593E-02,-2.828444E-01,3.150532E-03,-8.094815E-02,3.926172E-02,0.000000E+00,0.000000E+00,-1.276114E+00
2.653000E+00,-2.760923E-01,3.311075E-03,-8.367107E-02,8.269168E-03,-2.829285E-01,3.189709E-03,-8.409004E-02,3.917710E-02,0.000000E+00,0.000000E+00,-1.017093E+00
2.654000E+00,-2.761798E-01,3.309964E-03,-8.753934E-02,-1.111043E-03,-2.830165E-01,3.235168E-03,-8.798726E-02,4.545891E-02,0.000000E+00,0.000000E+00,-6.268190E-01
2.655000E+00,-2.762693E-01,3.299624E-03,-8.947934E-02,-1.034074E-02,-2.831060E-01,3.273490E-03,-8.953135E-02,3.832133E-02,0.000000E+00,0.000000E+00,-2.190189E-01
2.656000E+00,-2.763628E-01,3.287851E-03,-9.345328E-02,-1.177296E-02,-2.831992E-01,3.316301E-03,-9.319169E-02,4.281161E-02,0.000000E+00,0.000000E+00,2.384413E-01
2.657000E+00,-2.764571E-01,3.274583E-03,-9.434253E-02,-1.326795E-02,-2.832929E-01,3.340335E-03,-9.372005E-02,2.403409E-02,0.000000E+00,0.000000E+00,5.511027E-01
2.658000E+00,-2.765517E-01,3.254871E-03,-9.454991E-02,-1.971194E-02,-2.833867E-01,3.351878E-03,-9.376127E-02,1.154231E-02,0.000000E+00,0.000000E+00,8.131233E-01
2.659000E+00,-2.766463E-01,3.227872E-03,-9.464613E-02,-2.699932E-02,-2.834804E-01,3.352371E-03,-9.376154E-02,4.935091E-04,0.000000E+00,0.000000E+00,1.043661E+00
2.660000E+00,-2.767411E-01,3.193770E-03,-9.482656E-02,-3.410179E-02,-2.835744E-01,3.341672E-03,-9.391238E-02,-1.069929E-02,0.000000E+00,0.000000E+00,1.239950E+00
2.661000E+00,-2.768356E-01,3.167981E-03,-9.447351E-02,-2.578860E-02,-2.836682E-01,3.323653E-03,-9.387426E-02,-1.801887E-02,0.000000E+00,0.000000E+00,1.305181E+00
2.662000E+00,-2.769315E-01,3.172792E-03,-9.593725E-02,4.810443E-03,-2.837640E-01,3.321533E-03,-9.576650E-02,-2.119766E-03,0.000000E+00,0.000000E+00,1.247127E+00
2.663000E+00,-2.770243E-01,3.187471E-03,-9.273153E-02,1.467964E-02,-2.838566E-01,3.325686E-03,-9.255977E-02,4.152527E-03,0.000000E+00,0.000000E+00,1.158916E+00
2.664000E+00,-2.771122E-01,3.214460E-03,-8.795686E-02,2.698886E-02,-2.839443E-01,3.330683E-03,-8.778492E-02,4.997337E-03,0.000000E+00,0.000000E+00,9.745828E-01
2.665000E+00,-2.771976E-01,3.253621E-03,-8.536415E-02,3.916044E-02,-2.840297E-01,3.316368E-03,-8.540473E-02,-1.431500E-02,0.000000E+00,0.000000E+00,5.261998E-01
2.666000E+00,-2.772823E-01,3.290228E-03,-8.473667E-02,3.660700E-02,-2.841142E-01,3.286383E-03,-8.448105E-02,-2.998483E-02,0.000000E+00,0.000000E+00,-3.223991E-02
2.667000E+00,-2.773672E-01,3.320857E-03,-8.486575E-02,3.062957E-02,-2.841982E-01,3.239740E-03,-8.402445E-02,-4.664321E-02,0.000000E+00,0.000000E+00,-6.803420E-01
2.668000E+00,-2.774523E-01,3.345501E-03,-8.506801E-02,2.464350E-02,-2.842816E-01,3.178037E-03,-8.331130E-02,-6.170349E-02,0.000000E+00,0.000000E+00,-1.404694E+00
2.669000E+00,-2.775381E-01,3.360929E-03,-8.579794E-02,1.542887E-02,-2.843646E-01,3.106425E-03,-8.299536E-02,-7.161186E-02,0.000000E+00,0.000000E+00,-2.135111E+00
2.670000E+00,-2.776247E-01,3.366514E-03,-8.664503E-02,5.584312E-03,-2.844474E-01,3.026112E-03,-8.282396E-02,-8.031243E-02,0.000000E+00,0.000000E+00,-2.856276E+00
2.671000E+00,-2.777122E-01,3.362846E-03,-8.748833E-02,-3.667551E-03,-2.845300E-01,2.936572E-03,-8.261732E-02,-8.954021E-02,0.000000E+00,0.000000E+00,-3.577692E+00
2.672000E+00,-2.777990E-01,3.344768E-03,-8.678574E-02,-1.807863E-02,-2.846136E-01,2.870874E-03,-8.359942E-02,-6.569766E-02,0.000000E+00,0.000000E+00,-3.977991E+00
2.673000E+00,-2.778857E-01,3.303877E-03,-8.672772E-02,-4.089020E-02,-2.847034E-01,2.877396E-03,-8.979290E-02,6.521638E-03,0.000000E+00,0.000000E+00,-3.579490E+00
2.674000E+00,-2.779767E-01,3.281739E-03,-9.094228E-02,-2.213856E-02,-2.847973E-01,2.906278E-03,-9.395915E-02,2.888185E-02,0.000000E+00,0.000000E+00,-3.150802E+00
2.675000E+00,-2.780784E-01,3.282037E-03,-1.017719E-01,2.977576E-04,-2.849017E-01,2.951146E-03,-1.043294E-01,4.486849E-02,0.000000E+00,0.000000E+00,-2.776358E+00
2.676000E+00,-2.781880E-01,3.286675E-03,-1.095254E-01,4.638680E-03,-2.850139E-01,3.008893E-03,-1.122270E-01,5.774653E-02,0.000000E+00,0.000000E+00,-2.330370E+00
2.677000E+00,-2.783043E-01,3.292453E-03,-1.163805E-01,5.777765E-03,-2.851329E-01,3.076456E-03,-1.190251E-01,6.756296E-02,0.000000E+00,0.000000E+00,-1.811735E+00
2.678000E+00,-2.784277E-01,3.297058E-03,-1.233591E-01,4.605243E-03,-2.852587E-01,3.155386E-03,-1.257586E-01,7.893057E-02,0.000000E+00,0.000000E+00,-1.188120E+00
2.679000E+00,-2.785575E-01,3.295318E-03,-1.297703E-01,-1.740453E-03,-2.853902E-01,3.244455E-03,-1.314839E-01,8.906873E-02,0.000000E+00,0.000000E+00,-4.265017E-01
2.680000E+00,-2.786925E-01,3.290649E-03,-1.350089E-01,-4.668801E-03,-2.855257E-01,3.337844E-03,-1.355283E-01,9.338832E-02,0.000000E+00,0.000000E+00,3.957141E-01
2.681000E+00,-2.788294E-01,3.278378E-03,-1.369334E-01,-1.227086E-02,-2.856618E-01,3.424235E-03,-1.360801E-01,8.639194E-02,0.000000E+00,0.000000E+00,1.222963E+00
2.682000E+00,-2.789674E-01,3.257646E-03,-1.379761E-01,-2.073231E-02,-2.857976E-01,3.499166E-03,-1.358114E-01,7.493060E-02,0.000000E+00,0.000000E+00,2.025170E+00
2.683000E+00,-2.791063E-01,3.228406E-03,-1.389042E-01,-2.924013E-02,-2.859331E-01,3.562423E-03,-1.355512E-01,6.325673E-02,0.000000E+00,0.000000E+00,2.801074E+00
2.684000E+00,-2.792460E-01,3.190433E-03,-1.397207E-01,-3.797298E-02,-2.860684E-01,3.614096E-03,-1.352762E-01,5.167321E-02,0.000000E+00,0.000000E+00,3.553435E+00
2.685000E+00,-2.793865E-01,3.143381E-03,-1.404546E-01,-4.705136E-02,-2.862034E-01,3.654538E-03,-1.349677E-01,4.044246E-02,0.000000E+00,0.000000E+00,4.288217E+00
2.686000E+00,-2.795276E-01,3.086852E-03,-1.411511E-01,-5.652893E-02,-2.863380E-01,3.684250E-03,-1.346173E-01,2.971107E-02,0.000000E+00,0.000000E+00,5.013069E+00
2.687000E+00,-2.796695E-01,3.020459E-03,-1.418540E-01,-6.639355E-02,-2.864722E-01,3.703755E-03,-1.342232E-01,1.950518E-02,0.000000E+00,0.000000E+00,5.735777E+00
2.688000E+00,-2.798112E-01,2.949071E-03,-1.417248E-01,-7.138741E-02,-2.866056E-01,3.714595E-03,-1.333556E-01,1.084031E-02,0.000000E+00,0.000000E+00,6.428404E+00
2.689000E+00,-2.799525E-01,2.881947E-03,-1.413294E-01,-6.712446E-02,-2.867388E-01,3.719014E-03,-1.332352E-01,4.418951E-03,0.000000E+00,0.000000E+00,7.031728E+00
2.690000E+00,-2.800929E-01,2.816493E-03,-1.403737E-01,-6.545405E-02,-2.868731E-01,3.704529E-03,-1.343053E-01,-1.448523E-02,0.000000E+00,0.000000E+00,7.461806E+00
2.691000E+00,-2.802223E-01,2.786252E-03,-1.294109E-01,-3.024052E-02,-2.870048E-01,3.660687E-03,-1.316440E-01,-4.384208E-02,0.000000E+00,0.000000E+00,7.346383E+00
2.692000E+00,-2.803366E-01,2.809622E-03,-1.142659E-01,2.336979E-02,-2.871277E-01,3.616403E-03,-1.229639E-01,-4.428329E-02,0.000000E+00,0.000000E+00,6.774917E+00
2.693000E+00,-2.804465E-01,2.846280E-03,-1.098799E-01,3.665755E-02,-2.872478E-01,3.564272E-03,-1.200946E-01,-5.213119E-02,0.000000E+00,0.000000E+00,6.026158E+00
2.694000E+00,-2.805549E-01,2.885895E-03,-1.084082E-01,3.961557E-02,-2.873664E-01,3.502310E-03,-1.185684E-01,-6.196254E-02,0.000000E+00,0.000000E+00,5.170937E+00
2.695000E+00,-2.806624E-01,2.927788E-03,-1.074919E-01,4.189298E-02,-2.874834E-01,3.430007E-03,-1.170157E-01,-7.230240E-02,0.000000E+00,0.000000E+00,4.210961E+00
2.696000E+00,-2.807706E-01,2.968992E-03,-1.082677E-01,4.120416E-02,-2.875999E-01,3.345841E-03,-1.164652E-01,-8.416640E-02,0.000000E+00,0.000000E+00,3.158464E+00
2.697000E+00,-2.808809E-01,3.008819E-03,-1.102517E-01,3.982695E-02,-2.877164E-01,3.250371E-03,-1.164818E-01,-9.546967E-02,0.000000E+00,0.000000E+00,2.023871E+00
2.698000E+00,-2.809952E-01,3.075986E-03,-1.143740E-01,6.716613E-02,-2.878336E-01,3.218925E-03,-1.172696E-01,-3.144571E-02,0.000000E+00,0.000000E+00,1.197456E+00
2.699000E+00,-2.811145E-01,3.147333E-03,-1.192634E-01,7.134775E-02,-2.879541E-01,3.218116E-03,-1.204699E-01,-8.091318E-04,0.000000E+00,0.000000E+00,5.929339E-01
2.700000E+00,-2.812368E-01,3.202774E-03,-1.223163E-01,5.544030E-02,-2.880767E-01,3.228966E-03,-1.226545E-01,1.084975E-02,0.000000E+00,0.000000E+00,2.194043E-01
2.701000E+00,-2.813586E-01,3.250607E-03,-1.218161E-01,4.783340E-02,-2.881986E-01,3.238226E-03,-1.218627E-01,9.260117E-03,0.000000E+00,0.000000E+00,-1.037096E-01
2.702000E+00,-2.814823E-01,3.307611E-03,-1.236548E-01,5.700403E-02,-2.883220E-01,3.242989E-03,-1.233624E-01,4.762524E-03,0.000000E+00,0.000000E+00,-5.413237E-01
2.703000E+00,-2.816058E-01,3.356747E-03,-1.235400E-01,4.913585E-02,-2.884449E-01,3.242974E-03,-1.228984E-01,-1.512711E-05,0.000000E+00,0.000000E+00,-9.530776E-01
2.704000E+00,-2.817300E-01,3.397710E-03,-1.241860E-01,4.096267E-02,-2.885681E-01,3.237772E-03,-1.232623E-01,-5.201278E-03,0.000000E+00,0.000000E+00,-1.339853E+00
2.705000E+00,-2.818555E-01,3.429868E-03,-1.254729E-01,3.215885E-02,-2.886925E-01,3.228829E-03,-1.243908E-01,-8.943504E-03,0.000000E+00,0.000000E+00,-1.684270E+00
2.706000E+00,-2.819830E-01,3.454029E-03,-1.275012E-01,2.416106E-02,-2.888190E-01,3.219266E-03,-1.264313E-01,-9.562805E-03,0.000000E+00,0.000000E+00,-1.966904E+00
2.707000E+00,-2.821129E-01,3.471143E-03,-1.299388E-01,1.711383E-02,-2.889480E-01,3.211337E-03,-1.290388E-01,-7.929031E-03,0.000000E+00,0.000000E+00,-2.176813E+00
2.708000E+00,-2.822446E-01,3.481247E-03,-1.316291E-01,1.010376E-02,-2.890788E-01,3.200889E-03,-1.308212E-01,-1.044798E-02,0.000000E+00,0.000000E+00,-2.349099E+00
2.709000E+00,-2.823763E-01,3.482212E-03,-1.317026E-01,9.644414E-04,-2.892096E-01,3.179304E-03,-1.307407E-01,-2.158500E-02,0.000000E+00,0.000000E+00,-2.538158E+00
2.710000E+00,-2.825061E-01,3.463517E-03,-1.298577E-01,-1.869500E-02,-2.893391E-01,3.154301E-03,-1.295713E-01,-2.500295E-02,0.000000E+00,0.000000E+00,-2.591052E+00
2.711000E+00,-2.826309E-01,3.422488E-03,-1.247430E-01,-4.102803E-02,-2.894646E-01,3.131452E-03,-1.255188E-01,-2.284929E-02,0.000000E+00,0.000000E+00,-2.438637E+00
2.712000E+00,-2.827525E-01,3.382503E-03,-1.216524E-01,-3.998511E-02,-2.895872E-01,3.115400E-03,-1.225797E-01,-1.605175E-02,0.000000E+00,0.000000E+00,-2.238006E+00
2.713000E+00,-2.828686E-01,3.366119E-03,-1.160670E-01,-1.638439E-02,-2.897045E-01,3.132773E-03,-1.172516E-01,1.737339E-02,0.000000E+00,0.000000E+00,-1.955053E+00
2.714000E+00,-2.829809E-01,3.354815E-03,-1.123227E-01,-1.130423E-02,-2.898178E-01,3.155801E-03,-1.133565E-01,2.302747E-02,0.000000E+00,0.000000E+00,-1.667334E+00
2.715000E+00,-2.830899E-01,3.344017E-03,-1.089877E-01,-1.079751E-02,-2.899277E-01,3.178785E-03,-1.098362E-01,2.298457E-02,0.000000E+00,0.000000E+00,-1.384259E+00
2.716000E+00,-2.831959E-01,3.332618E-03,-1.059795E-01,-1.139954E-02,-2.900343E-01,3.199410E-03,-1.066273E-01,2.062436E-02,0.000000E+00,0.000000E+00,-1.115943E+00
2.717000E+00,-2.832991E-01,3.319740E-03,-1.031762E-01,-1.287779E-02,-2.901380E-01,3.218640E-03,-1.036822E-01,1.923001E-02,0.000000E+00,0.000000E+00,-8.469443E-01
2.718000E+00,-2.833998E-01,3.305610E-03,-1.007418E-01,-1.413025E-02,-2.902391E-01,3.234725E-03,-1.010854E-01,1.608502E-02,0.000000E+00,0.000000E+00,-5.938146E-01
2.719000E+00,-2.834979E-01,3.292007E-03,-9.808508E-02,-1.360252E-02,-2.903374E-01,3.250469E-03,-9.830243E-02,1.574390E-02,0.000000E+00,0.000000E+00,-3.479719E-01
2.720000E+00,-2.835940E-01,3.277194E-03,-9.607611E-02,-1.481301E-02,-2.904335E-01,3.262879E-03,-9.617055E-02,1.240994E-02,0.000000E+00,0.000000E+00,-1.199221E-01
2.721000E+00,-2.836882E-01,3.262244E-03,-9.424141E-02,-1.495045E-02,-2.905278E-01,3.273353E-03,-9.423453E-02,1.047451E-02,0.000000E+00,0.000000E+00,9.306486E-02
2.722000E+00,-2.837857E-01,3.270156E-03,-9.750256E-02,7.912396E-03,-2.906252E-01,3.284912E-03,-9.743192E-02,1.155838E-02,0.000000E+00,0.000000E+00,1.236088E-01
2.723000E+00,-2.838839E-01,3.281699E-03,-9.815668E-02,1.154251E-02,-2.907233E-01,3.294458E-03,-9.808041E-02,9.546888E-03,0.000000E+00,0.000000E+00,1.068923E-01
2.724000E+00,-2.839805E-01,3.291651E-03,-9.668358E-02,9.951888E-03,-2.908199E-01,3.299671E-03,-9.659536E-02,5.212473E-03,0.000000E+00,0.000000E+00,6.718990E-02
2.725000E+00,-2.840759E-01,3.299030E-03,-9.535684E-02,7.379353E-03,-2.909151E-01,3.301917E-03,-9.526019E-02,2.245858E-03,0.000000E+00,0.000000E+00,2.418501E-02
2.726000E+00,-2.841697E-01,3.304854E-03,-9.376336E-02,5.824366E-03,-2.910088E-01,3.300916E-03,-9.366330E-02,-1.000353E-03,0.000000E+00,0.000000E+00,-3.298957E-02
2.727000E+00,-2.842626E-01,3.304541E-03,-9.289833E-02,-3.129223E-04,-2.911016E-01,3.297447E-03,-9.280338E-02,-3.469435E-03,0.000000E+00,0.000000E+00,-5.943446E-02
2.728000E+00,-2.843553E-01,3.296896E-03,-9.276545E-02,-7.644802E-03,-2.911943E-01,3.291486E-03,-9.268180E-02,-5.960834E-03,0.000000E+00,0.000000E+00,-4.532717E-02
2.729000E+00,-2.844480E-01,3.287867E-03,-9.264425E-02,-9.029267E-03,-2.912869E-01,3.282913E-03,-9.258600E-02,-8.572790E-03,0.000000E+00,0.000000E+00,-4.150323E-02
2.730000E+00,-2.845409E-01,3.277541E-03,-9.297774E-02,-1.032602E-02,-2.913798E-01,3.271363E-03,-9.293562E-02,-1.155029E-02,0.000000E+00,0.000000E+00,-5.176041E-02
2.731000E+00,-2.846354E-01,3.265317E-03,-9.443051E-02,-1.222384E-02,-2.914742E-01,3.256551E-03,-9.438555E-02,-1.481223E-02,0.000000E+00,0.000000E+00,-7.344632E-02
2.732000E+00,-2.847313E-01,3.250152E-03,-9.595951E-02,-1.516521E-02,-2.915701E-01,3.236463E-03,-9.591176E-02,-2.008753E-02,0.000000E+00,0.000000E+00,-1.146863E-01
2.733000E+00,-2.848271E-01,3.225633E-03,-9.579012E-02,-2.451936E-02,-2.916659E-01,3.206248E-03,-9.574330E-02,-3.021482E-02,0.000000E+00,0.000000E+00,-1.624041E-01
2.734000E+00,-2.849228E-01,3.191863E-03,-9.563078E-02,-3.376967E-02,-2.917614E-01,3.165819E-03,-9.558212E-02,-4.042943E-02,0.000000E+00,0.000000E+00,-2.182014E-01
2.735000E+00,-2.850182E-01,3.148925E-03,-9.548580E-02,-4.293810E-02,-2.918569E-01,3.115112E-03,-9.543143E-02,-5.070668E-02,0.000000E+00,0.000000E+00,-2.832891E-01
2.736000E+00,-2.851136E-01,3.096861E-03,-9.535944E-02,-5.206366E-02,-2.919522E-01,3.054103E-03,-9.529466E-02,-6.100919E-02,0.000000E+00,0.000000E+00,-3.582381E-01
2.737000E+00,-2.852089E-01,3.035667E-03,-9.525537E-02,-6.119417E-02,-2.920473E-01,2.982806E-03,-9.517503E-02,-7.129669E-02,0.000000E+00,0.000000E+00,-4.428815E-01
2.738000E+00,-2.853040E-01,2.965291E-03,-9.517604E-02,-7.037602E-02,-2.921424E-01,2.901270E-03,-9.507514E-02,-8.153601E-02,0.000000E+00,0.000000E+00,-5.363859E-01
2.739000E+00,-2.853887E-01,2.886786E-03,-8.465606E-02,-7.850543E-02,-2.922272E-01,2.852828E-03,-8.477608E-02,-4.844289E-02,0.000000E+00,0.000000E+00,-2.845133E-01
2.740000E+00,-2.854515E-01,2.877297E-03,-6.279436E-02,-9.488655E-03,-2.922900E-01,2.854496E-03,-6.280403E-02,1.668480E-03,0.000000E+00,0.000000E+00,-1.910355E-01
2.741000E+00,-2.855056E-01,2.888457E-03,-5.407692E-02,1.115996E-02,-2.923441E-01,2.869631E-03,-5.407998E-02,1.513456E-02,0.000000E+00,0.000000E+00,-1.577350E-01
2.742000E+00,-2.855557E-01,2.903790E-03,-5.018222E-02,1.533326E-02,-2.923943E-01,2.887135E-03,-5.018859E-02,1.750447E-02,0.000000E+00,0.000000E+00,-1.395437E-01
2.743000E+00,-2.856038E-01,2.920324E-03,-4.804532E-02,1.653384E-02,-2.924423E-01,2.904661E-03,-4.805040E-02,1.752606E-02,0.000000E+00,0.000000E+00,-1.312304E-01
2.744000E+00,-2.856510E-01,2.936683E-03,-4.721770E-02,1.635878E-02,-2.924895E-01,2.921563E-03,-4.722262E-02,1.690206E-02,0.000000E+00,0.000000E+00,-1.266786E-01
2.745000E+00,-2.856984E-01,2.952743E-03,-4.738006E-02,1.605991E-02,-2.925369E-01,2.938091E-03,-4.738563E-02,1.652827E-02,0.000000E+00,0.000000E+00,-1.227544E-01
2.746000E+00,-2.857467E-01,2.968949E-03,-4.835904E-02,1.620607E-02,-2.925853E-01,2.954814E-03,-4.836264E-02,1.672213E-02,0.000000E+00,0.000000E+00,-1.184306E-01
2.747000E+00,-2.857974E-01,2.984741E-03,-5.060906E-02,1.579174E-02,-2.926359E-01,2.971687E-03,-5.060325E-02,1.687333E-02,0.000000E+00,0.000000E+00,-1.093688E-01
2.748000E+00,-2.858507E-01,3.001381E-03,-5.332128E-02,1.664055E-02,-2.926892E-01,2.989159E-03,-5.331935E-02,1.747182E-02,0.000000E+00,0.000000E+00,-1.024041E-01
2.749000E+00,-2.859060E-01,3.022150E-03,-5.531199E-02,2.076881E-02,-2.927445E-01,3.008123E-03,-5.533476E-02,1.896471E-02,0.000000E+00,0.000000E+00,-1.175191E-01
2.750000E+00,-2.859641E-01,3.046072E-03,-5.813347E-02,2.392247E-02,-2.928027E-01,3.029045E-03,-5.818489E-02,2.092163E-02,0.000000E+00,0.000000E+00,-1.426599E-01
2.751000E+00,-2.860263E-01,3.072305E-03,-6.216953E-02,2.623242E-02,-2.928650E-01,3.052839E-03,-6.223615E-02,2.379412E-02,0.000000E+00,0.000000E+00,-1.630870E-01
2.752000E+00,-2.860937E-01,3.101198E-03,-6.737280E-02,2.889302E-02,-2.929324E-01,3.080619E-03,-6.744337E-02,2.777947E-02,0.000000E+00,0.000000E+00,-1.724148E-01
2.753000E+00,-2.861668E-01,3.134007E-03,-7.317965E-02,3.280872E-02,-2.930057E-01,3.113404E-03,-7.325152E-02,3.278528E-02,0.000000E+00,0.000000E+00,-1.726093E-01
2.754000E+00,-2.862462E-01,3.171887E-03,-7.940451E-02,3.788066E-02,-2.930851E-01,3.152018E-03,-7.947679E-02,3.861387E-02,0.000000E+00,0.000000E+00,-1.664647E-01
2.755000E+00,-2.863322E-01,3.215506E-03,-8.595976E-02,4.361893E-02,-2.931712E-01,3.197259E-03,-8.603335E-02,4.524148E-02,0.000000E+00,0.000000E+00,-1.528696E-01
2.756000E+00,-2.864236E-01,3.261048E-03,-9.135801E-02,4.554158E-02,-2.932626E-01,3.244798E-03,-9.145182E-02,4.753863E-02,0.000000E+00,0.000000E+00,-1.361368E-01
2.757000E+00,-2.865167E-01,3.298770E-03,-9.318025E-02,3.772235E-02,-2.933559E-01,3.288991E-03,-9.327687E-02,4.419346E-02,0.000000E+00,0.000000E+00,-8.192260E-02
2.758000E+00,-2.866115E-01,3.330085E-03,-9.478242E-02,3.131446E-02,-2.934507E-01,3.329996E-03,-9.484848E-02,4.100468E-02,0.000000E+00,0.000000E+00,-7.416762E-04
2.759000E+00,-2.867063E-01,3.353479E-03,-9.474843E-02,2.339446E-02,-2.935455E-01,3.359065E-03,-9.480287E-02,2.906886E-02,0.000000E+00,0.000000E+00,4.679548E-02
2.760000E+00,-2.868010E-01,3.369444E-03,-9.468364E-02,1.596475E-02,-2.936403E-01,3.375733E-03,-9.473791E-02,1.666839E-02,0.000000E+00,0.000000E+00,5.268979E-02
2.761000E+00,-2.868956E-01,3.378280E-03,-9.459942E-02,8.836431E-03,-2.937349E-01,3.379712E-03,-9.465553E-02,3.978263E-03,0.000000E+00,0.000000E+00,1.199085E-02
2.762000E+00,-2.869901E-01,3.379978E-03,-9.450281E-02,1.697332E-03,-2.938295E-01,3.370999E-03,-9.454938E-02,-8.712328E-03,0.000000E+00,0.000000E+00,-7.521385E-02
2.763000E+00,-2.870845E-01,3.374125E-03,-9.439580E-02,-5.852653E-03,-2.939239E-01,3.350020E-03,-9.441115E-02,-2.097945E-02,0.000000E+00,0.000000E+00,-2.019341E-01
2.764000E+00,-2.871787E-01,3.359935E-03,-9.428906E-02,-1.418970E-02,-2.940182E-01,3.317640E-03,-9.425279E-02,-3.238033E-02,0.000000E+00,0.000000E+00,-3.543200E-01
2.765000E+00,-2.872729E-01,3.336371E-03,-9.419977E-02,-2.356443E-02,-2.941123E-01,3.274997E-03,-9.410713E-02,-4.264289E-02,0.000000E+00,0.000000E+00,-5.141438E-01
2.766000E+00,-2.873671E-01,3.302312E-03,-9.413284E-02,-3.405901E-02,-2.942063E-01,3.223264E-03,-9.400267E-02,-5.173261E-02,0.000000E+00,0.000000E+00,-6.622000E-01
2.767000E+00,-2.874436E-01,3.299701E-03,-7.649224E-02,-2.610528E-03,-2.942828E-01,3.214068E-03,-7.649547E-02,-9.195892E-03,0.000000E+00,0.000000E+00,-7.173610E-01
2.768000E+00,-2.875047E-01,3.328312E-03,-6.107948E-02,2.861097E-02,-2.943436E-01,3.223349E-03,-6.086104E-02,9.280576E-03,0.000000E+00,0.000000E+00,-8.792994E-01
2.769000E+00,-2.875603E-01,3.347607E-03,-5.567205E-02,1.929516E-02,-2.943994E-01,3.247769E-03,-5.579078E-02,2.441993E-02,0.000000E+00,0.000000E+00,-8.363600E-01
2.770000E+00,-2.876121E-01,3.354564E-03,-5.179201E-02,6.956892E-03,-2.944516E-01,3.285124E-03,-5.220963E-02,3.735522E-02,0.000000E+00,0.000000E+00,-5.816959E-01
2.771000E+00,-2.876616E-01,3.349417E-03,-4.946985E-02,-5.147128E-03,-2.945014E-01,3.327340E-03,-4.982432E-02,4.221608E-02,0.000000E+00,0.000000E+00,-1.849352E-01
2.772000E+00,-2.877112E-01,3.333804E-03,-4.960823E-02,-1.561343E-02,-2.945511E-01,3.360363E-03,-4.962517E-02,3.302267E-02,0.000000E+00,0.000000E+00,2.224751E-01
2.773000E+00,-2.877610E-01,3.307867E-03,-4.976037E-02,-2.593657E-02,-2.946005E-01,3.384059E-03,-4.941518E-02,2.369645E-02,0.000000E+00,0.000000E+00,6.382446E-01
2.774000E+00,-2.878109E-01,3.271956E-03,-4.991356E-02,-3.591076E-02,-2.946497E-01,3.398097E-03,-4.919657E-02,1.403845E-02,0.000000E+00,0.000000E+00,1.056694E+00
2.775000E+00,-2.878609E-01,3.226565E-03,-5.005220E-02,-4.539179E-02,-2.946987E-01,3.402010E-03,-4.898060E-02,3.912745E-03,0.000000E+00,0.000000E+00,1.469797E+00
2.776000E+00,-2.879173E-01,3.217549E-03,-5.640861E-02,-9.015437E-03,-2.947551E-01,3.391718E-03,-5.644940E-02,-1.029269E-02,0.000000E+00,0.000000E+00,1.459093E+00
2.777000E+00,-2.879787E-01,3.231923E-03,-6.140069E-02,1.437367E-02,-2.948174E-01,3.368441E-03,-6.225888E-02,-2.327653E-02,0.000000E+00,0.000000E+00,1.143631E+00
2.778000E+00,-2.880436E-01,3.258557E-03,-6.486035E-02,2.663463E-02,-2.948832E-01,3.332477E-03,-6.582233E-02,-3.596424E-02,0.000000E+00,0.000000E+00,6.192027E-01
2.779000E+00,-2.881142E-01,3.297433E-03,-7.061224E-02,3.887520E-02,-2.949542E-01,3.297545E-03,-7.100936E-02,-3.493151E-02,0.000000E+00,0.000000E+00,9.430280E-04
2.780000E+00,-2.881940E-01,3.347540E-03,-7.977171E-02,5.010710E-02,-2.950337E-01,3.285337E-03,-7.949077E-02,-1.220780E-02,0.000000E+00,0.000000E+00,-5.210498E-01
2.781000E+00,-2.882766E-01,3.391704E-03,-8.265477E-02,4.416413E-02,-2.951156E-01,3.275042E-03,-8.194423E-02,-1.029504E-02,0.000000E+00,0.000000E+00,-9.772712E-01
2.782000E+00,-2.883597E-01,3.427022E-03,-8.308625E-02,3.531815E-02,-2.951975E-01,3.253793E-03,-8.188659E-02,-2.124931E-02,0.000000E+00,0.000000E+00,-1.451221E+00
2.783000E+00,-2.884433E-01,3.453426E-03,-8.353620E-02,2.640377E-02,-2.952793E-01,3.221536E-03,-8.179579E-02,-3.225745E-02,0.000000E+00,0.000000E+00,-1.942819E+00
2.784000E+00,-2.885252E-01,3.460626E-03,-8.196563E-02,7.199719E-03,-2.953598E-01,3.188561E-03,-8.047733E-02,-3.297483E-02,0.000000E+00,0.000000E+00,-2.279575E+00
2.785000E+00,-2.886028E-01,3.432341E-03,-7.761910E-02,-2.828428E-02,-2.954377E-01,3.167889E-03,-7.787709E-02,-2.067171E-02,0.000000E+00,0.000000E+00,-2.215772E+00
2.786000E+00,-2.886793E-01,3.382743E-03,-7.649509E-02,-4.959834E-02,-2.955150E-01,3.143296E-03,-7.731040E-02,-2.459270E-02,0.000000E+00,0.000000E+00,-2.006198E+00
2.787000E+00,-2.887547E-01,3.313057E-03,-7.531812E-02,-6.968569E-02,-2.955915E-01,3.116504E-03,-7.647819E-02,-2.679231E-02,0.000000E+00,0.000000E+00,-1.646757E+00
2.788000E+00,-2.888300E-01,3.231187E-03,-7.533385E-02,-8.186977E-02,-2.956677E-01,3.081871E-03,-7.622935E-02,-3.463313E-02,0.000000E+00,0.000000E+00,-1.250982E+00
2.789000E+00,-2.889056E-01,3.139266E-03,-7.565516E-02,-9.192141E-02,-2.957438E-01,3.037928E-03,-7.615833E-02,-4.394273E-02,0.000000E+00,0.000000E+00,-8.490240E-01
2.790000E+00,-2.889816E-01,3.037302E-03,-7.594531E-02,-1.019637E-01,-2.958199E-01,2.984912E-03,-7.605168E-02,-5.301659E-02,0.000000E+00,0.000000E+00,-4.389544E-01
2.791000E+00,-2.890578E-01,2.925463E-03,-7.617921E-02,-1.118395E-01,-2.958958E-01,2.922874E-03,-7.587950E-02,-6.203811E-02,0.000000E+00,0.000000E+00,-2.169610E-02
2.792000E+00,-2.891376E-01,2.851503E-03,-7.978644E-02,-7.396018E-02,-2.959748E-01,2.883748E-03,-7.906965E-02,-3.912602E-02,0.000000E+00,0.000000E+00,2.702059E-01
2.793000E+00,-2.892147E-01,2.791251E-03,-7.719003E-02,-6.025175E-02,-2.960507E-01,2.890981E-03,-7.587364E-02,7.233354E-03,0.000000E+00,0.000000E+00,8.358270E-01
2.794000E+00,-2.892853E-01,2.773082E-03,-7.053953E-02,-1.816942E-02,-2.961199E-01,2.915583E-03,-6.919753E-02,2.460178E-02,0.000000E+00,0.000000E+00,1.194435E+00
2.795000E+00,-2.893493E-01,2.789815E-03,-6.405609E-02,1.673367E-02,-2.961832E-01,2.943237E-03,-6.325232E-02,2.765420E-02,0.000000E+00,0.000000E+00,1.286091E+00
2.796000E+00,-2.894057E-01,2.834797E-03,-5.634786E-02,4.498130E-02,-2.962395E-01,2.963013E-03,-5.635853E-02,1.977619E-02,0.000000E+00,0.000000E+00,1.074857E+00
2.797000E+00,-2.894636E-01,2.873698E-03,-5.793887E-02,3.890143E-02,-2.962975E-01,2.988434E-03,-5.793310E-02,2.542081E-02,0.000000E+00,0.000000E+00,9.618700E-01
2.798000E+00,-2.895241E-01,2.908775E-03,-6.043171E-02,3.507734E-02,-2.963579E-01,3.017910E-03,-6.041909E-02,2.947644E-02,0.000000E+00,0.000000E+00,9.149256E-01
2.799000E+00,-2.895877E-01,2.945642E-03,-6.361075E-02,3.686712E-02,-2.964215E-01,3.048519E-03,-6.365850E-02,3.060874E-02,0.000000E+00,0.000000E+00,8.624611E-01
2.800000E+00,-2.896554E-01,2.984271E-03,-6.774166E-02,3.862819E-02,-2.964894E-01,3.077552E-03,-6.785946E-02,2.903305E-02,0.000000E+00,0.000000E+00,7.820177E-01
2.801000E+00,-2.897284E-01,3.029227E-03,-7.294569E-02,4.495596E-02,-2.965625E-01,3.107051E-03,-7.311930E-02,2.949921E-02,0.000000E+00,0.000000E+00,6.524331E-01
2.802000E+00,-2.898069E-01,3.081380E-03,-7.859591E-02,5.215349E-02,-2.966413E-01,3.137890E-03,-7.879028E-02,3.083909E-02,0.000000E+00,0.000000E+00,4.737430E-01
2.803000E+00,-2.898896E-01,3.134231E-03,-8.262802E-02,5.285086E-02,-2.967242E-01,3.165334E-03,-8.284064E-02,2.744363E-02,0.000000E+00,0.000000E+00,2.607427E-01
2.804000E+00,-2.899790E-01,3.194747E-03,-8.939226E-02,6.051630E-02,-2.968136E-01,3.199456E-03,-8.949567E-02,3.412159E-02,0.000000E+00,0.000000E+00,3.947112E-02
2.805000E+00,-2.900727E-01,3.251986E-03,-9.371616E-02,5.723839E-02,-2.969074E-01,3.238410E-03,-9.372602E-02,3.895466E-02,0.000000E+00,0.000000E+00,-1.138028E-01
2.806000E+00,-2.901704E-01,3.308341E-03,-9.771438E-02,5.635578E-02,-2.970051E-01,3.274234E-03,-9.774552E-02,3.582356E-02,0.000000E+00,0.000000E+00,-2.859227E-01
2.807000E+00,-2.902723E-01,3.353976E-03,-1.018897E-01,4.563482E-02,-2.971071E-01,3.321863E-03,-1.019828E-01,4.762881E-02,0.000000E+00,0.000000E+00,-2.692037E-01
2.808000E+00,-2.903743E-01,3.389459E-03,-1.020388E-01,3.548230E-02,-2.972093E-01,3.359145E-03,-1.021541E-01,3.728248E-02,0.000000E+00,0.000000E+00,-2.541089E-01
2.809000E+00,-2.904763E-01,3.416831E-03,-1.019498E-01,2.737220E-02,-2.973113E-01,3.384268E-03,-1.020495E-01,2.512335E-02,0.000000E+00,0.000000E+00,-2.729562E-01
2.810000E+00,-2.905781E-01,3.436441E-03,-1.017896E-01,1.960991E-02,-2.974132E-01,3.396890E-03,-1.018701E-01,1.262131E-02,0.000000E+00,0.000000E+00,-3.315337E-01
2.811000E+00,-2.906796E-01,3.448470E-03,-1.015598E-01,1.202970E-02,-2.975148E-01,3.396909E-03,-1.016092E-01,1.881644E-05,0.000000E+00,0.000000E+00,-4.322082E-01
2.812000E+00,-2.907809E-01,3.452852E-03,-1.012872E-01,4.381618E-03,-2.976161E-01,3.384578E-03,-1.012852E-01,-1.233112E-02,0.000000E+00,0.000000E+00,-5.722922E-01
2.813000E+00,-2.908819E-01,3.449185E-03,-1.010194E-01,-3.667286E-03,-2.977170E-01,3.360540E-03,-1.009451E-01,-2.403738E-02,0.000000E+00,0.000000E+00,-7.430303E-01
2.814000E+00,-2.909827E-01,3.436733E-03,-1.007957E-01,-1.245207E-02,-2.978177E-01,3.325736E-03,-1.006411E-01,-3.480445E-02,0.000000E+00,0.000000E+00,-9.303824E-01
2.815000E+00,-2.910834E-01,3.414543E-03,-1.006207E-01,-2.218955E-02,-2.979181E-01,3.281217E-03,-1.004030E-01,-4.451856E-02,0.000000E+00,0.000000E+00,-1.117538E+00
2.816000E+00,-2.911818E-01,3.385143E-03,-9.844517E-02,-2.939989E-02,-2.980165E-01,3.239913E-03,-9.846182E-02,-4.130362E-02,0.000000E+00,0.000000E+00,-1.217283E+00
2.817000E+00,-2.912735E-01,3.354350E-03,-9.172264E-02,-3.079278E-02,-2.981091E-01,3.226306E-03,-9.253675E-02,-1.360719E-02,0.000000E+00,0.000000E+00,-1.073145E+00
2.818000E+00,-2.913590E-01,3.298947E-03,-8.551586E-02,-5.540306E-02,-2.981959E-01,3.241779E-03,-8.682240E-02,1.547229E-02,0.000000E+00,0.000000E+00,-4.790877E-01
2.819000E+00,-2.914413E-01,3.232428E-03,-8.231356E-02,-6.651958E-02,-2.982787E-01,3.268558E-03,-8.282768E-02,2.677914E-02,0.000000E+00,0.000000E+00,3.027598E-01
2.820000E+00,-2.915222E-01,3.158256E-03,-8.084612E-02,-7.417158E-02,-2.983587E-01,3.296391E-03,-7.994682E-02,2.783304E-02,0.000000E+00,0.000000E+00,1.157537E+00
2.821000E+00,-2.916035E-01,3.074015E-03,-8.129528E-02,-8.424106E-02,-2.984375E-01,3.314472E-03,-7.883333E-02,1.808107E-02,0.000000E+00,0.000000E+00,2.015142E+00
2.822000E+00,-2.916852E-01,2.980266E-03,-8.173255E-02,-9.374932E-02,-2.985152E-01,3.322230E-03,-7.774613E-02,7.758327E-03,0.000000E+00,0.000000E+00,2.866286E+00
2.823000E+00,-2.917691E-01,2.911541E-03,-8.385121E-02,-6.872431E-02,-2.985961E-01,3.312808E-03,-8.087941E-02,-9.422340E-03,0.000000E+00,0.000000E+00,3.363749E+00
2.824000E+00,-2.918594E-01,2.915187E-03,-9.032480E-02,3.645579E-03,-2.986887E-01,3.278102E-03,-9.260904E-02,-3.470590E-02,0.000000E+00,0.000000E+00,3.041875E+00
2.825000E+00,-2.919509E-01,2.953879E-03,-9.149880E-02,3.869226E-02,-2.987829E-01,3.265708E-03,-9.416752E-02,-1.239411E-02,0.000000E+00,0.000000E+00,2.613303E+00
2.826000E+00,-2.920486E-01,2.999319E-03,-9.770796E-02,4.543981E-02,-2.988825E-01,3.271514E-03,-9.958250E-02,5.806162E-03,0.000000E+00,0.000000E+00,2.280901E+00
2.827000E+00,-2.921536E-01,3.052573E-03,-1.049966E-01,5.325347E-02,-2.989891E-01,3.284445E-03,-1.066602E-01,1.293129E-02,0.000000E+00,0.000000E+00,1.942824E+00
2.828000E+00,-2.922649E-01,3.115000E-03,-1.113193E-01,6.242750E-02,-2.991020E-01,3.299751E-03,-1.129150E-01,1.530576E-02,0.000000E+00,0.000000E+00,1.547854E+00
2.829000E+00,-2.923816E-01,3.184828E-03,-1.166650E-01,6.982752E-02,-2.992202E-01,3.312798E-03,-1.181079E-01,1.304654E-02,0.000000E+00,0.000000E+00,1.072049E+00
2.830000E+00,-2.925038E-01,3.262394E-03,-1.221662E-01,7.756616E-02,-2.993433E-01,3.324640E-03,-1.231945E-01,1.184277E-02,0.000000E+00,0.000000E+00,5.214296E-01
2.831000E+00,-2.926298E-01,3.345214E-03,-1.260333E-01,8.282059E-02,-2.994697E-01,3.328629E-03,-1.263760E-01,3.988744E-03,0.000000E+00,0.000000E+00,-1.389285E-01
2.832000E+00,-2.927569E-01,3.423314E-03,-1.270731E-01,7.809994E-02,-2.995961E-01,3.321585E-03,-1.263728E-01,-7.044303E-03,0.000000E+00,0.000000E+00,-8.521765E-01
2.833000E+00,-2.928844E-01,3.492981E-03,-1.275419E-01,6.966636E-02,-2.997218E-01,3.303687E-03,-1.256723E-01,-1.789805E-02,0.000000E+00,0.000000E+00,-1.585839E+00
2.834000E+00,-2.930125E-01,3.554236E-03,-1.280930E-01,6.125536E-02,-2.998467E-01,3.274916E-03,-1.249595E-01,-2.877113E-02,0.000000E+00,0.000000E+00,-2.340419E+00
2.835000E+00,-2.931412E-01,3.606856E-03,-1.287136E-01,5.262000E-02,-2.999710E-01,3.235417E-03,-1.242394E-01,-3.949824E-02,0.000000E+00,0.000000E+00,-3.112980E+00
2.836000E+00,-2.932706E-01,3.650435E-03,-1.293690E-01,4.357855E-02,-3.000945E-01,3.185483E-03,-1.235165E-01,-4.993485E-02,0.000000E+00,0.000000E+00,-3.897864E+00
2.837000E+00,-2.934006E-01,3.684487E-03,-1.300190E-01,3.405226E-02,-3.002173E-01,3.125499E-03,-1.228009E-01,-5.998341E-02,0.000000E+00,0.000000E+00,-4.687923E+00
2.838000E+00,-2.935312E-01,3.708545E-03,-1.306313E-01,2.405854E-02,-3.003394E-01,3.055882E-03,-1.221079E-01,-6.961683E-02,0.000000E+00,0.000000E+00,-5.475908E+00
2.839000E+00,-2.936624E-01,3.722232E-03,-1.311852E-01,1.368709E-02,-3.004608E-01,2.976992E-03,-1.214486E-01,-7.888994E-02,0.000000E+00,0.000000E+00,-6.255751E+00
2.840000E+00,-2.937941E-01,3.725313E-03,-1.316730E-01,3.080351E-03,-3.005817E-01,2.889058E-03,-1.208205E-01,-8.793458E-02,0.000000E+00,0.000000E+00,-7.023657E+00
2.841000E+00,-2.939276E-01,3.723153E-03,-1.335523E-01,-2.159481E-03,-3.007060E-01,2.817065E-03,-1.243048E-01,-7.199242E-02,0.000000E+00,0.000000E+00,-7.613829E+00
2.842000E+00,-2.940547E-01,3.686978E-03,-1.270993E-01,-3.617543E-02,-3.008308E-01,2.764601E-03,-1.248538E-01,-5.246451E-02,0.000000E+00,0.000000E+00,-7.751594E+00
2.843000E+00,-2.941727E-01,3.632428E-03,-1.180002E-01,-5.454938E-02,-3.009531E-01,2.742024E-03,-1.222509E-01,-2.257642E-02,0.000000E+00,0.000000E+00,-7.481357E+00
2.844000E+00,-2.942816E-01,3.580580E-03,-1.088233E-01,-5.184808E-02,-3.010719E-01,2.772309E-03,-1.188586E-01,3.028478E-02,0.000000E+00,0.000000E+00,-6.788088E+00
2.845000E+00,-2.943901E-01,3.520482E-03,-1.085147E-01,-6.009886E-02,-3.011915E-01,2.814642E-03,-1.196129E-01,4.233293E-02,0.000000E+00,0.000000E+00,-5.924801E+00
2.846000E+00,-2.945003E-01,3.452234E-03,-1.102160E-01,-6.824747E-02,-3.013122E-01,2.859701E-03,-1.206789E-01,4.505868E-02,0.000000E+00,0.000000E+00,-4.971336E+00
2.847000E+00,-2.946126E-01,3.374113E-03,-1.122933E-01,-7.812083E-02,-3.014339E-01,2.907881E-03,-1.217207E-01,4.818034E-02,0.000000E+00,0.000000E+00,-3.910019E+00
2.848000E+00,-2.947278E-01,3.286239E-03,-1.151748E-01,-8.787449E-02,-3.015567E-01,2.956134E-03,-1.227093E-01,4.825317E-02,0.000000E+00,0.000000E+00,-2.767487E+00
2.849000E+00,-2.948458E-01,3.216422E-03,-1.180715E-01,-6.981704E-02,-3.016793E-01,3.014181E-03,-1.226246E-01,5.804627E-02,0.000000E+00,0.000000E+00,-1.695217E+00
2.850000E+00,-2.949664E-01,3.202198E-03,-1.205663E-01,-1.422333E-02,-3.018016E-01,3.094770E-03,-1.222891E-01,8.058992E-02,0.000000E+00,0.000000E+00,-9.004394E-01
2.851000E+00,-2.950896E-01,3.198345E-03,-1.231732E-01,-3.853165E-03,-3.019252E-01,3.185754E-03,-1.235930E-01,9.098303E-02,0.000000E+00,0.000000E+00,-1.055433E-01
2.852000E+00,-2.952131E-01,3.198751E-03,-1.235427E-01,4.061364E-04,-3.020478E-01,3.275789E-03,-1.226807E-01,9.003587E-02,0.000000E+00,0.000000E+00,6.457851E-01
2.853000E+00,-2.953384E-01,3.197113E-03,-1.252539E-01,-1.638309E-03,-3.021710E-01,3.366156E-03,-1.231416E-01,9.036697E-02,0.000000E+00,0.000000E+00,1.417245E+00
2.854000E+00,-2.954656E-01,3.191752E-03,-1.271937E-01,-5.360810E-03,-3.022947E-01,3.454777E-03,-1.237328E-01,8.862083E-02,0.000000E+00,0.000000E+00,2.205656E+00
2.855000E+00,-2.955949E-01,3.182558E-03,-1.293045E-01,-9.193952E-03,-3.024193E-01,3.539276E-03,-1.245514E-01,8.449895E-02,0.000000E+00,0.000000E+00,2.992180E+00
2.856000E+00,-2.957254E-01,3.172781E-03,-1.305289E-01,-9.776974E-03,-3.025445E-01,3.612833E-03,-1.252511E-01,7.355716E-02,0.000000E+00,0.000000E+00,3.692293E+00
2.857000E+00,-2.958572E-01,3.167234E-03,-1.318141E-01,-5.547245E-03,-3.026714E-01,3.673880E-03,-1.269221E-01,6.104671E-02,0.000000E+00,0.000000E+00,4.252181E+00
2.858000E+00,-2.959890E-01,3.169115E-03,-1.317993E-01,1.880752E-03,-3.028002E-01,3.713836E-03,-1.288043E-01,3.995616E-02,0.000000E+00,0.000000E+00,4.572435E+00
2.859000E+00,-2.961176E-01,3.181216E-03,-1.286331E-01,1.210105E-02,-3.029301E-01,3.714021E-03,-1.298266E-01,1.844852E-04,0.000000E+00,0.000000E+00,4.472037E+00
2.860000E+00,-2.962450E-01,3.193062E-03,-1.273984E-01,1.184614E-02,-3.030602E-01,3.693845E-03,-1.301421E-01,-2.017601E-02,0.000000E+00,0.000000E+00,4.202570E+00
2.861000E+00,-2.963719E-01,3.201201E-03,-1.268221E-01,8.139212E-03,-3.031905E-01,3.658161E-03,-1.302395E-01,-3.568359E-02,0.000000E+00,0.000000E+00,3.834043E+00
2.862000E+00,-2.964985E-01,3.203993E-03,-1.266720E-01,2.791773E-03,-3.033208E-01,3.608909E-03,-1.303226E-01,-4.925225E-02,0.000000E+00,0.000000E+00,3.396651E+00
2.863000E+00,-2.966258E-01,3.208313E-03,-1.272634E-01,4.320327E-03,-3.034520E-01,3.549245E-03,-1.311999E-01,-5.966352E-02,0.000000E+00,0.000000E+00,2.859248E+00
2.864000E+00,-2.967533E-01,3.225283E-03,-1.274760E-01,1.696974E-02,-3.035833E-01,3.494102E-03,-1.312765E-01,-5.514315E-02,0.000000E+00,0.000000E+00,2.253923E+00
2.865000E+00,-2.968757E-01,3.246790E-03,-1.224391E-01,2.150705E-02,-3.037081E-01,3.462520E-03,-1.248946E-01,-3.158189E-02,0.000000E+00,0.000000E+00,1.808479E+00
2.866000E+00,-2.969941E-01,3.268280E-03,-1.183530E-01,2.149026E-02,-3.038283E-01,3.439071E-03,-1.201651E-01,-2.344877E-02,0.000000E+00,0.000000E+00,1.431550E+00
2.867000E+00,-2.971094E-01,3.287589E-03,-1.153593E-01,1.930814E-02,-3.039451E-01,3.415388E-03,-1.168194E-01,-2.368343E-02,0.000000E+00,0.000000E+00,1.071070E+00
2.868000E+00,-2.972225E-01,3.304707E-03,-1.130712E-01,1.711805E-02,-3.040594E-01,3.388088E-03,-1.142464E-01,-2.730004E-02,0.000000E+00,0.000000E+00,6.987345E-01
2.869000E+00,-2.973346E-01,3.319221E-03,-1.121537E-01,1.451408E-02,-3.041724E-01,3.352120E-03,-1.130309E-01,-3.596819E-02,0.000000E+00,0.000000E+00,2.756704E-01
2.870000E+00,-2.974470E-01,3.320899E-03,-1.123303E-01,1.678673E-03,-3.042853E-01,3.307944E-03,-1.128418E-01,-4.417604E-02,0.000000E+00,0.000000E+00,-1.085504E-01
2.871000E+00,-2.975589E-01,3.306949E-03,-1.119443E-01,-1.395028E-02,-3.043975E-01,3.258677E-03,-1.122105E-01,-4.926683E-02,0.000000E+00,0.000000E+00,-4.044346E-01
2.872000E+00,-2.976696E-01,3.307543E-03,-1.107205E-01,5.939452E-04,-3.045084E-01,3.238558E-03,-1.109117E-01,-2.011928E-02,0.000000E+00,0.000000E+00,-5.779485E-01
2.873000E+00,-2.977873E-01,3.318493E-03,-1.176972E-01,1.095044E-02,-3.046265E-01,3.255386E-03,-1.181383E-01,1.682835E-02,0.000000E+00,0.000000E+00,-5.286731E-01
2.874000E+00,-2.979064E-01,3.326461E-03,-1.190161E-01,7.967478E-03,-3.047459E-01,3.272869E-03,-1.193887E-01,1.748339E-02,0.000000E+00,0.000000E+00,-4.489341E-01
2.875000E+00,-2.980250E-01,3.319671E-03,-1.186608E-01,-6.789847E-03,-3.048649E-01,3.286428E-03,-1.189689E-01,1.355859E-02,0.000000E+00,0.000000E+00,-2.784670E-01
2.876000E+00,-2.981421E-01,3.306827E-03,-1.171287E-01,-1.284373E-02,-3.049821E-01,3.298458E-03,-1.172693E-01,1.202957E-02,0.000000E+00,0.000000E+00,-7.011012E-02
2.877000E+00,-2.982564E-01,3.303980E-03,-1.143013E-01,-2.847471E-03,-3.050964E-01,3.312523E-03,-1.142881E-01,1.406550E-02,0.000000E+00,0.000000E+00,7.156290E-02
2.878000E+00,-2.983694E-01,3.302495E-03,-1.129441E-01,-1.485149E-03,-3.052093E-01,3.319574E-03,-1.128731E-01,7.051207E-03,0.000000E+00,0.000000E+00,1.430698E-01
2.879000E+00,-2.984822E-01,3.298999E-03,-1.128166E-01,-3.495388E-03,-3.053220E-01,3.315673E-03,-1.127309E-01,-3.901110E-03,0.000000E+00,0.000000E+00,1.396729E-01
2.880000E+00,-2.985955E-01,3.291156E-03,-1.133156E-01,-7.843148E-03,-3.054352E-01,3.299751E-03,-1.132151E-01,-1.592180E-02,0.000000E+00,0.000000E+00,7.200101E-02
2.881000E+00,-2.987090E-01,3.275710E-03,-1.134284E-01,-1.544588E-02,-3.055485E-01,3.270991E-03,-1.132987E-01,-2.876035E-02,0.000000E+00,0.000000E+00,-3.953388E-02
2.882000E+00,-2.988234E-01,3.255007E-03,-1.144893E-01,-2.070342E-02,-3.056629E-01,3.245842E-03,-1.143219E-01,-2.514897E-02,0.000000E+00,0.000000E+00,-7.677643E-02
2.883000E+00,-2.989394E-01,3.227604E-03,-1.159970E-01,-2.740256E-02,-3.057787E-01,3.221182E-03,-1.157941E-01,-2.465962E-02,0.000000E+00,0.000000E+00,-5.379965E-02
2.884000E+00,-2.990569E-01,3.192870E-03,-1.174417E-01,-3.473425E-02,-3.058958E-01,3.194125E-03,-1.171895E-01,-2.705697E-02,0.000000E+00,0.000000E+00,1.051738E-02
2.885000E+00,-2.991753E-01,3.150258E-03,-1.184066E-01,-4.261160E-02,-3.060139E-01,3.162279E-03,-1.180927E-01,-3.184638E-02,0.000000E+00,0.000000E+00,1.007112E-01
2.886000E+00,-2.992936E-01,3.098429E-03,-1.182653E-01,-5.182988E-02,-3.061318E-01,3.120066E-03,-1.179055E-01,-4.221308E-02,0.000000E+00,0.000000E+00,1.812919E-01
2.887000E+00,-2.994117E-01,3.037332E-03,-1.181327E-01,-6.109635E-02,-3.062496E-01,3.067575E-03,-1.177328E-01,-5.249104E-02,0.000000E+00,0.000000E+00,2.534066E-01
2.888000E+00,-2.995297E-01,2.966894E-03,-1.180220E-01,-7.043800E-02,-3.063672E-01,3.004910E-03,-1.175856E-01,-6.266446E-02,0.000000E+00,0.000000E+00,3.185609E-01
2.889000E+00,-2.996432E-01,2.888033E-03,-1.135281E-01,-7.886089E-02,-3.064798E-01,2.925105E-03,-1.126413E-01,-7.980532E-02,0.000000E+00,0.000000E+00,3.106874E-01
2.890000E+00,-2.997351E-01,2.869267E-03,-9.184816E-02,-1.876659E-02,-3.065708E-01,2.894268E-03,-9.100842E-02,-3.083738E-02,0.000000E+00,0.000000E+00,2.095527E-01
2.891000E+00,-2.998126E-01,2.884110E-03,-7.751837E-02,1.484321E-02,-3.066477E-01,2.905599E-03,-7.684331E-02,1.133166E-02,0.000000E+00,0.000000E+00,1.801377E-01
2.892000E+00,-2.998843E-01,2.907476E-03,-7.173587E-02,2.336583E-02,-3.067188E-01,2.926041E-03,-7.113130E-02,2.044122E-02,0.000000E+00,0.000000E+00,1.556357E-01
2.893000E+00,-2.999528E-01,2.931868E-03,-6.849639E-02,2.439226E-02,-3.067867E-01,2.947019E-03,-6.795890E-02,2.097855E-02,0.000000E+00,0.000000E+00,1.270274E-01
2.894000E+00,-3.000193E-01,2.954941E-03,-6.647423E-02,2.307263E-02,-3.068528E-01,2.968241E-03,-6.603911E-02,2.122132E-02,0.000000E+00,0.000000E+00,1.115132E-01
2.895000E+00,-3.000845E-01,2.977355E-03,-6.517143E-02,2.241403E-02,-3.069177E-01,2.988552E-03,-6.486538E-02,2.031163E-02,0.000000E+00,0.000000E+00,9.388978E-02
2.896000E+00,-3.001494E-01,2.999758E-03,-6.491315E-02,2.240319E-02,-3.069824E-01,3.007631E-03,-6.473214E-02,1.907911E-02,0.000000E+00,0.000000E+00,6.601935E-02
2.897000E+00,-3.002154E-01,3.021235E-03,-6.600579E-02,2.147719E-02,-3.070483E-01,3.027409E-03,-6.589821E-02,1.977731E-02,0.000000E+00,0.000000E+00,5.176642E-02
2.898000E+00,-3.002840E-01,3.041785E-03,-6.858794E-02,2.054953E-02,-3.071168E-01,3.047229E-03,-6.851209E-02,1.982065E-02,0.000000E+00,0.000000E+00,4.565513E-02
2.899000E+00,-3.003562E-01,3.062571E-03,-7.219015E-02,2.078592E-02,-3.071889E-01,3.066819E-03,-7.212630E-02,1.958985E-02,0.000000E+00,0.000000E+00,3.562591E-02
2.900000E+00,-3.004324E-01,3.084623E-03,-7.627037E-02,2.205205E-02,-3.072651E-01,3.087687E-03,-7.620581E-02,2.086840E-02,0.000000E+00,0.000000E+00,2.570068E-02
2.901000E+00,-3.005134E-01,3.108882E-03,-8.095390E-02,2.425928E-02,-3.073460E-01,3.110117E-03,-8.089130E-02,2.242999E-02,0.000000E+00,0.000000E+00,1.036124E-02
2.902000E+00,-3.005995E-01,3.136272E-03,-8.608506E-02,2.738979E-02,-3.074320E-01,3.135245E-03,-8.602496E-02,2.512777E-02,0.000000E+00,0.000000E+00,-8.607279E-03
2.903000E+00,-3.006911E-01,3.167758E-03,-9.163472E-02,3.148595E-02,-3.075236E-01,3.164068E-03,-9.157468E-02,2.882284E-02,0.000000E+00,0.000000E+00,-3.093959E-02
2.904000E+00,-3.007888E-01,3.204486E-03,-9.763153E-02,3.672861E-02,-3.076212E-01,3.197522E-03,-9.756948E-02,3.345422E-02,0.000000E+00,0.000000E+00,-5.839837E-02
2.905000E+00,-3.008906E-01,3.238352E-03,-1.018156E-01,3.386621E-02,-3.077230E-01,3.233815E-03,-1.017698E-01,3.629284E-02,0.000000E+00,0.000000E+00,-3.804931E-02
2.906000E+00,-3.009997E-01,3.283753E-03,-1.090881E-01,4.540050E-02,-3.078319E-01,3.277877E-03,-1.089508E-01,4.406166E-02,0.000000E+00,0.000000E+00,-4.927768E-02
2.907000E+00,-3.011113E-01,3.320616E-03,-1.116176E-01,3.686308E-02,-3.079435E-01,3.317147E-03,-1.116263E-01,3.927025E-02,0.000000E+00,0.000000E+00,-2.909091E-02
2.908000E+00,-3.012230E-01,3.350633E-03,-1.117657E-01,3.001737E-02,-3.080554E-01,3.341289E-03,-1.118325E-01,2.414228E-02,0.000000E+00,0.000000E+00,-7.835892E-02
2.909000E+00,-3.013347E-01,3.372301E-03,-1.116920E-01,2.166736E-02,-3.081671E-01,3.353370E-03,-1.117458E-01,1.208032E-02,0.000000E+00,0.000000E+00,-1.587541E-01
2.910000E+00,-3.014463E-01,3.386063E-03,-1.115505E-01,1.376184E-02,-3.082787E-01,3.352952E-03,-1.115767E-01,-4.173571E-04,0.000000E+00,0.000000E+00,-2.776568E-01
2.911000E+00,-3.015576E-01,3.392218E-03,-1.113431E-01,6.155207E-03,-3.083900E-01,3.339807E-03,-1.113147E-01,-1.314559E-02,0.000000E+00,0.000000E+00,-4.395063E-01
2.912000E+00,-3.016687E-01,3.390824E-03,-1.110869E-01,-1.393310E-03,-3.085010E-01,3.314025E-03,-1.109657E-01,-2.578180E-02,0.000000E+00,0.000000E+00,-6.440191E-01
2.913000E+00,-3.017816E-01,3.384566E-03,-1.128949E-01,-6.258070E-03,-3.086137E-01,3.288821E-03,-1.126907E-01,-2.520382E-02,0.000000E+00,0.000000E+00,-8.028979E-01
2.914000E+00,-3.018970E-01,3.375254E-03,-1.154401E-01,-9.312306E-03,-3.087290E-01,3.279267E-03,-1.153409E-01,-9.554009E-03,0.000000E+00,0.000000E+00,-8.049362E-01
2.915000E+00,-3.020091E-01,3.361026E-03,-1.120345E-01,-1.422762E-02,-3.088413E-01,3.276893E-03,-1.122578E-01,-2.373707E-03,0.000000E+00,0.000000E+00,-7.055183E-01
2.916000E+00,-3.021177E-01,3.341199E-03,-1.086637E-01,-1.982749E-02,-3.089504E-01,3.281450E-03,-1.091550E-01,4.556827E-03,0.000000E+00,0.000000E+00,-5.010143E-01
2.917000E+00,-3.022224E-01,3.307525E-03,-1.046632E-01,-3.367399E-02,-3.090556E-01,3.299375E-03,-1.051778E-01,1.792432E-02,0.000000E+00,0.000000E+00,-6.834124E-02
2.918000E+00,-3.023257E-01,3.241117E-03,-1.032510E-01,-6.640807E-02,-3.091583E-01,3.323908E-03,-1.026584E-01,2.453377E-02,0.000000E+00,0.000000E+00,6.942257E-01
2.919000E+00,-3.024291E-01,3.159877E-03,-1.034479E-01,-8.124041E-02,-3.092597E-01,3.342470E-03,-1.014007E-01,1.856206E-02,0.000000E+00,0.000000E+00,1.531263E+00
2.920000E+00,-3.025330E-01,3.067182E-03,-1.039358E-01,-9.269435E-02,-3.093600E-01,3.352399E-03,-1.003627E-01,9.928278E-03,0.000000E+00,0.000000E+00,2.392305E+00
2.921000E+00,-3.026398E-01,2.977754E-03,-1.067704E-01,-8.942824E-02,-3.094621E-01,3.356678E-03,-1.020734E-01,4.279459E-03,0.000000E+00,0.000000E+00,3.179066E+00
2.922000E+00,-3.027523E-01,2.912785E-03,-1.125152E-01,-6.496866E-02,-3.095701E-01,3.359703E-03,-1.079693E-01,3.025244E-03,0.000000E+00,0.000000E+00,3.750505E+00
2.923000E+00,-3.028646E-01,2.852472E-03,-1.122367E-01,-6.031348E-02,-3.096790E-01,3.340153E-03,-1.089201E-01,-1.955010E-02,0.000000E+00,0.000000E+00,4.093460E+00
2.924000E+00,-3.029754E-01,2.858553E-03,-1.108590E-01,6.080897E-03,-3.097928E-01,3.295525E-03,-1.138440E-01,-4.462775E-02,0.000000E+00,0.000000E+00,3.667453E+00
2.925000E+00,-3.030910E-01,2.894035E-03,-1.155452E-01,3.548280E-02,-3.099128E-01,3.248469E-03,-1.199616E-01,-4.705620E-02,0.000000E+00,0.000000E+00,2.974181E+00
2.926000E+00,-3.032150E-01,2.944436E-03,-1.239882E-01,5.040038E-02,-3.100398E-01,3.229747E-03,-1.270329E-01,-1.872256E-02,0.000000E+00,0.000000E+00,2.393836E+00
2.927000E+00,-3.033522E-01,3.014770E-03,-1.372008E-01,7.033426E-02,-3.101788E-01,3.243118E-03,-1.390031E-01,1.337123E-02,0.000000E+00,0.000000E+00,1.915795E+00
2.928000E+00,-3.034971E-01,3.098835E-03,-1.449113E-01,8.406443E-02,-3.103252E-01,3.264182E-03,-1.464058E-01,2.106428E-02,0.000000E+00,0.000000E+00,1.387178E+00
2.929000E+00,-3.036479E-01,3.195282E-03,-1.508356E-01,9.644770E-02,-3.104772E-01,3.284893E-03,-1.519688E-01,2.071123E-02,0.000000E+00,0.000000E+00,7.517688E-01
2.930000E+00,-3.038033E-01,3.301905E-03,-1.554136E-01,1.066231E-01,-3.106328E-01,3.304719E-03,-1.556085E-01,1.982514E-02,0.000000E+00,0.000000E+00,2.360172E-02
2.931000E+00,-3.039599E-01,3.404206E-03,-1.565704E-01,1.023002E-01,-3.107884E-01,3.316029E-03,-1.556310E-01,1.130994E-02,0.000000E+00,0.000000E+00,-7.398192E-01
2.932000E+00,-3.041166E-01,3.498128E-03,-1.567254E-01,9.392278E-02,-3.109430E-01,3.316165E-03,-1.545786E-01,1.369332E-04,0.000000E+00,0.000000E+00,-1.526901E+00
2.933000E+00,-3.042736E-01,3.583946E-03,-1.569765E-01,8.581751E-02,-3.110965E-01,3.305263E-03,-1.535015E-01,-1.090243E-02,0.000000E+00,0.000000E+00,-2.338950E+00
2.934000E+00,-3.044310E-01,3.661658E-03,-1.573670E-01,7.771168E-02,-3.112490E-01,3.283705E-03,-1.524544E-01,-2.155830E-02,0.000000E+00,0.000000E+00,-3.172913E+00
2.935000E+00,-3.045889E-01,3.730981E-03,-1.579025E-01,6.932361E-02,-3.114005E-01,3.252023E-03,-1.514872E-01,-3.168150E-02,0.000000E+00,0.000000E+00,-4.022137E+00
2.936000E+00,-3.047474E-01,3.791430E-03,-1.585415E-01,6.044854E-02,-3.115511E-01,3.210789E-03,-1.506245E-01,-4.123396E-02,0.000000E+00,0.000000E+00,-4.877924E+00
2.937000E+00,-3.049066E-01,3.842431E-03,-1.592166E-01,5.100133E-02,-3.117009E-01,3.160527E-03,-1.498669E-01,-5.026262E-02,0.000000E+00,0.000000E+00,-5.731227E+00
2.938000E+00,-3.050665E-01,3.883441E-03,-1.598649E-01,4.101032E-02,-3.118501E-01,3.101648E-03,-1.492028E-01,-5.887893E-02,0.000000E+00,0.000000E+00,-6.574132E+00
2.939000E+00,-3.052269E-01,3.914037E-03,-1.604510E-01,3.059582E-02,-3.119988E-01,3.034391E-03,-1.486158E-01,-6.725639E-02,0.000000E+00,0.000000E+00,-7.401151E+00
2.940000E+00,-3.053874E-01,3.926622E-03,-1.604448E-01,1.258513E-02,-3.121476E-01,2.960872E-03,-1.487941E-01,-7.351939E-02,0.000000E+00,0.000000E+00,-8.130186E+00
2.941000E+00,-3.055439E-01,3.913009E-03,-1.565654E-01,-1.361284E-02,-3.122956E-01,2.891469E-03,-1.480483E-01,-6.940339E-02,0.000000E+00,0.000000E+00,-8.603714E+00
2.942000E+00,-3.056905E-01,3.857541E-03,-1.465563E-01,-5.546814E-02,-3.124418E-01,2.842237E-03,-1.462193E-01,-4.923139E-02,0.000000E+00,0.000000E+00,-8.552386E+00
2.943000E+00,-3.058297E-01,3.791303E-03,-1.391733E-01,-6.623830E-02,-3.125864E-01,2.820448E-03,-1.445718E-01,-2.178949E-02,0.000000E+00,0.000000E+00,-8.176707E+00
2.944000E+00,-3.059603E-01,3.732210E-03,-1.306608E-01,-5.909310E-02,-3.127294E-01,2.855849E-03,-1.430378E-01,3.540085E-02,0.000000E+00,0.000000E+00,-7.376762E+00
2.945000E+00,-3.060894E-01,3.666907E-03,-1.290667E-01,-6.530308E-02,-3.128722E-01,2.906502E-03,-1.427544E-01,5.065340E-02,0.000000E+00,0.000000E+00,-6.396605E+00
2.946000E+00,-3.062199E-01,3.592389E-03,-1.305471E-01,-7.451825E-02,-3.130154E-01,2.956998E-03,-1.431727E-01,5.049608E-02,0.000000E+00,0.000000E+00,-5.341786E+00
2.947000E+00,-3.063527E-01,3.509001E-03,-1.327684E-01,-8.338786E-02,-3.131590E-01,3.004780E-03,-1.435892E-01,4.778197E-02,0.000000E+00,0.000000E+00,-4.236856E+00
2.948000E+00,-3.064880E-01,3.416835E-03,-1.352922E-01,-9.216577E-02,-3.133029E-01,3.050341E-03,-1.439772E-01,4.556054E-02,0.000000E+00,0.000000E+00,-3.078300E+00
2.949000E+00,-3.066263E-01,3.315528E-03,-1.383107E-01,-1.013066E-01,-3.134475E-01,3.096163E-03,-1.445399E-01,4.582295E-02,0.000000E+00,0.000000E+00,-1.841969E+00
2.950000E+00,-3.067681E-01,3.207488E-03,-1.418060E-01,-1.080406E-01,-3.135924E-01,3.141335E-03,-1.448835E-01,4.517111E-02,0.000000E+00,0.000000E+00,-5.553995E-01
2.951000E+00,-3.069148E-01,3.088071E-03,-1.467154E-01,-1.194167E-01,-3.137385E-01,3.192982E-03,-1.461614E-01,5.164714E-02,0.000000E+00,0.000000E+00,8.808262E-01
2.952000E+00,-3.070669E-01,2.961600E-03,-1.520220E-01,-1.264708E-01,-3.138851E-01,3.249487E-03,-1.466006E-01,5.650499E-02,0.000000E+00,0.000000E+00,2.417759E+00
2.953000E+00,-3.072201E-01,2.853959E-03,-1.532169E-01,-1.076410E-01,-3.140290E-01,3.302340E-03,-1.438522E-01,5.285371E-02,0.000000E+00,0.000000E+00,3.767622E+00
2.954000E+00,-3.073638E-01,2.803143E-03,-1.437303E-01,-5.081650E-02,-3.141657E-01,3.327694E-03,-1.366955E-01,2.535324E-02,0.000000E+00,0.000000E+00,4.409856E+00
2.955000E+00,-3.074962E-01,2.812481E-03,-1.324250E-01,9.338481E-03,-3.142947E-01,3.358150E-03,-1.289978E-01,3.045619E-02,0.000000E+00,0.000000E+00,4.588950E+00
2.956000E+00,-3.076205E-01,2.845828E-03,-1.242701E-01,3.334680E-02,-3.144183E-01,3.376869E-03,-1.236732E-01,1.871940E-02,0.000000E+00,0.000000E+00,4.466832E+00
2.957000E+00,-3.077434E-01,2.875788E-03,-1.228712E-01,2.996062E-02,-3.145411E-01,3.384490E-03,-1.227414E-01,7.620950E-03,0.000000E+00,0.000000E+00,4.279718E+00
2.958000E+00,-3.078661E-01,2.897289E-03,-1.226929E-01,2.150056E-02,-3.146636E-01,3.381773E-03,-1.225411E-01,-2.717533E-03,0.000000E+00,0.000000E+00,4.076765E+00
2.959000E+00,-3.079888E-01,2.909238E-03,-1.226979E-01,1.194937E-02,-3.147861E-01,3.368575E-03,-1.224392E-01,-1.319767E-02,0.000000E+00,0.000000E+00,3.865967E+00
2.960000E+00,-3.081114E-01,2.911410E-03,-1.226615E-01,2.171312E-03,-3.149083E-01,3.344985E-03,-1.222770E-01,-2.358972E-02,0.000000E+00,0.000000E+00,3.649961E+00
2.961000E+00,-3.082340E-01,2.903619E-03,-1.225896E-01,-7.790614E-03,-3.150304E-01,3.311088E-03,-1.220672E-01,-3.389723E-02,0.000000E+00,0.000000E+00,3.430993E+00
2.962000E+00,-3.083505E-01,2.921692E-03,-1.164422E-01,1.807309E-02,-3.151474E-01,3.285692E-03,-1.170415E-01,-2.539601E-02,0.000000E+00,0.000000E+00,3.065442E+00
2.963000E+00,-3.084639E-01,2.953105E-03,-1.134057E-01,3.141293E-02,-3.152607E-01,3.285931E-03,-1.132675E-01,2.393440E-04,0.000000E+00,0.000000E+00,2.803407E+00
2.964000E+00,-3.085736E-01,2.990017E-03,-1.097718E-01,3.691163E-02,-3.153704E-01,3.294673E-03,-1.097000E-01,8.741971E-03,0.000000E+00,0.000000E+00,2.566492E+00
2.965000E+00,-3.086799E-01,3.029854E-03,-1.062396E-01,3.983716E-02,-3.154768E-01,3.308254E-03,-1.063809E-01,1.358108E-02,0.000000E+00,0.000000E+00,2.345515E+00
2.966000E+00,-3.087814E-01,3.083038E-03,-1.014962E-01,5.318438E-02,-3.155799E-01,3.313739E-03,-1.030658E-01,5.484723E-03,0.000000E+00,0.000000E+00,1.943539E+00
2.967000E+00,-3.088801E-01,3.132882E-03,-9.871175E-02,4.984401E-02,-3.156808E-01,3.301814E-03,-1.009088E-01,-1.192509E-02,0.000000E+00,0.000000E+00,1.422959E+00
2.968000E+00,-3.089763E-01,3.185445E-03,-9.618920E-02,5.256308E-02,-3.157788E-01,3.295873E-03,-9.805917E-02,-5.940736E-03,0.000000E+00,0.000000E+00,9.300188E-01
2.969000E+00,-3.090714E-01,3.242394E-03,-9.515378E-02,5.694904E-02,-3.158755E-01,3.296469E-03,-9.667567E-02,5.954423E-04,0.000000E+00,0.000000E+00,4.553400E-01
2.970000E+00,-3.091649E-01,3.296034E-03,-9.350901E-02,5.363936E-02,-3.159702E-01,3.297560E-03,-9.474441E-02,1.091620E-03,0.000000E+00,0.000000E+00,1.285278E-02
2.971000E+00,-3.092575E-01,3.336902E-03,-9.259905E-02,4.086793E-02,-3.160643E-01,3.300564E-03,-9.402182E-02,3.003587E-03,0.000000E+00,0.000000E+00,-3.058709E-01
2.972000E+00,-3.093499E-01,3.351347E-03,-9.240819E-02,1.444563E-02,-3.161591E-01,3.308955E-03,-9.482876E-02,8.391465E-03,0.000000E+00,0.000000E+00,-3.567034E-01
2.973000E+00,-3.094422E-01,3.353773E-03,-9.227631E-02,2.425190E-03,-3.162540E-01,3.309675E-03,-9.495036E-02,7.193842E-04,0.000000E+00,0.000000E+00,-3.709107E-01
2.974000E+00,-3.095335E-01,3.349606E-03,-9.127039E-02,-4.166071E-03,-3.163481E-01,3.305510E-03,-9.403613E-02,-4.164463E-03,0.000000E+00,0.000000E+00,-3.707467E-01
2.975000E+00,-3.096227E-01,3.341065E-03,-8.918290E-02,-8.541836E-03,-3.164402E-01,3.308069E-03,-9.210157E-02,2.558529E-03,0.000000E+00,0.000000E+00,-2.773011E-01
2.976000E+00,-3.097110E-01,3.324724E-03,-8.834199E-02,-1.634083E-02,-3.165314E-01,3.311166E-03,-9.123768E-02,3.096643E-03,0.000000E+00,0.000000E+00,-1.138981E-01
2.977000E+00,-3.097998E-01,3.305045E-03,-8.880880E-02,-1.967857E-02,-3.166229E-01,3.312728E-03,-9.145532E-02,1.562702E-03,0.000000E+00,0.000000E+00,6.451697E-02
2.978000E+00,-3.098903E-01,3.288954E-03,-9.047146E-02,-1.609081E-02,-3.167156E-01,3.312296E-03,-9.276495E-02,-4.326437E-04,0.000000E+00,0.000000E+00,1.959380E-01
2.979000E+00,-3.099805E-01,3.279300E-03,-9.023029E-02,-9.654562E-03,-3.168080E-01,3.308563E-03,-9.236026E-02,-3.732370E-03,0.000000E+00,0.000000E+00,2.455748E-01
2.980000E+00,-3.100707E-01,3.270716E-03,-9.021759E-02,-8.584070E-03,-3.169002E-01,3.298137E-03,-9.220628E-02,-1.042590E-02,0.000000E+00,0.000000E+00,2.300516E-01
2.981000E+00,-3.101613E-01,3.259730E-03,-9.051247E-02,-1.098618E-02,-3.169926E-01,3.279673E-03,-9.235844E-02,-1.846403E-02,0.000000E+00,0.000000E+00,1.672717E-01
2.982000E+00,-3.102521E-01,3.244023E-03,-9.083110E-02,-1.570656E-02,-3.170851E-01,3.252409E-03,-9.251965E-02,-2.726413E-02,0.000000E+00,0.000000E+00,7.031875E-02
2.983000E+00,-3.103426E-01,3.219182E-03,-9.051618E-02,-2.484122E-02,-3.171771E-01,3.215178E-03,-9.204603E-02,-3.723080E-02,0.000000E+00,0.000000E+00,-3.356235E-02
2.984000E+00,-3.104329E-01,3.185222E-03,-9.030584E-02,-3.395988E-02,-3.172688E-01,3.167972E-03,-9.165046E-02,-4.720617E-02,0.000000E+00,0.000000E+00,-1.445810E-01
2.985000E+00,-3.105238E-01,3.134462E-03,-9.088327E-02,-5.075987E-02,-3.173609E-01,3.115685E-03,-9.212414E-02,-5.228668E-02,0.000000E+00,0.000000E+00,-1.573495E-01
2.986000E+00,-3.106152E-01,3.070516E-03,-9.140037E-02,-6.394623E-02,-3.174534E-01,3.056021E-03,-9.246490E-02,-5.966437E-02,0.000000E+00,0.000000E+00,-1.214483E-01
2.987000E+00,-3.107071E-01,2.996617E-03,-9.192566E-02,-7.389888E-02,-3.175461E-01,2.986575E-03,-9.274794E-02,-6.944570E-02,0.000000E+00,0.000000E+00,-8.412591E-02
2.988000E+00,-3.107987E-01,2.918875E-03,-9.159558E-02,-7.774169E-02,-3.176382E-01,2.897319E-03,-9.210140E-02,-8.925609E-02,0.000000E+00,0.000000E+00,-1.805774E-01
2.989000E+00,-3.108792E-01,2.855518E-03,-8.043586E-02,-6.335767E-02,-3.177189E-01,2.825293E-03,-8.065014E-02,-7.202639E-02,0.000000E+00,0.000000E+00,-2.531879E-01
2.990000E+00,-3.109397E-01,2.853776E-03,-6.051921E-02,-1.741705E-03,-3.177795E-01,2.821414E-03,-6.067029E-02,-3.879329E-03,0.000000E+00,0.000000E+00,-2.710883E-01
2.991000E+00,-3.109939E-01,2.868421E-03,-5.424420E-02,1.464538E-02,-3.178338E-01,2.835346E-03,-5.429344E-02,1.393194E-02,0.000000E+00,0.000000E+00,-2.770624E-01
2.992000E+00,-3.110458E-01,2.888008E-03,-5.187506E-02,1.958680E-02,-3.178857E-01,2.852933E-03,-5.181948E-02,1.758777E-02,0.000000E+00,0.000000E+00,-2.938096E-01
2.993000E+00,-3.110967E-01,2.908716E-03,-5.088081E-02,2.070840E-02,-3.179364E-01,2.873228E-03,-5.075673E-02,2.029515E-02,0.000000E+00,0.000000E+00,-2.972766E-01
2.994000E+00,-3.111478E-01,2.929993E-03,-5.109563E-02,2.127636E-02,-3.179873E-01,2.894545E-03,-5.092503E-02,2.131685E-02,0.000000E+00,0.000000E+00,-2.969449E-01
2.995000E+00,-3.112005E-01,2.953566E-03,-5.271713E-02,2.357285E-02,-3.180398E-01,2.915751E-03,-5.251165E-02,2.120553E-02,0.000000E+00,0.000000E+00,-3.167851E-01
2.996000E+00,-3.112555E-01,2.978534E-03,-5.497360E-02,2.496848E-02,-3.180946E-01,2.937587E-03,-5.475964E-02,2.183655E-02,0.000000E+00,0.000000E+00,-3.430322E-01
2.997000E+00,-3.113134E-01,3.005149E-03,-5.792932E-02,2.661435E-02,-3.181523E-01,2.959009E-03,-5.769543E-02,2.142128E-02,0.000000E+00,0.000000E+00,-3.865492E-01
2.998000E+00,-3.113751E-01,3.032806E-03,-6.168219E-02,2.765725E-02,-3.182137E-01,2.980085E-03,-6.142244E-02,2.107639E-02,0.000000E+00,0.000000E+00,-4.416970E-01
2.999000E+00,-3.114410E-01,3.061413E-03,-6.594113E-02,2.860747E-02,-3.182794E-01,3.002449E-03,-6.567818E-02,2.236404E-02,0.000000E+00,0.000000E+00,-4.940213E-01
3.000000E+00,-3.115115E-01,3.090987E-03,-7.052978E-02,2.957345E-02,-3.183497E-01,3.028018E-03,-7.028642E-02,2.556860E-02,0.000000E+00,0.000000E+00,-5.275923E-01
