,mass_A,,,,mass_C,,,,mass_B,,mass_C
t,x,y,vx,vy,x,y,vx,vy,θ,ω,θ
1.000000E-03,3.473909E-03,3.338807E-03,0.000000E+00,-1.226250E-02,-3.364948E-03,3.338807E-03,0.000000E+00,-1.226250E-02,0.000000E+00,0.000000E+00,0.000000E+00
2.000000E-03,3.473909E-03,3.326545E-03,0.000000E+00,-1.226250E-02,-3.364948E-03,3.326545E-03,0.000000E+00,-1.226250E-02,0.000000E+00,0.000000E+00,0.000000E+00
3.000000E-03,3.473909E-03,3.304472E-03,0.000000E+00,-2.207250E-02,-3.364948E-03,3.304472E-03,0.000000E+00,-2.207250E-02,0.000000E+00,0.000000E+00,0.000000E+00
4.000000E-03,3.473660E-03,3.294943E-03,-2.484611E-04,-9.529129E-03,-3.365196E-03,3.294943E-03,-2.484598E-04,-9.529650E-03,0.000000E+00,0.000000E+00,-4.369119E-06
5.000000E-03,3.473271E-03,3.292478E-03,-3.895178E-04,-2.465198E-03,-3.365586E-03,3.292477E-03,-3.895164E-04,-2.465510E-03,0.000000E+00,0.000000E+00,-6.982071E-06
6.000000E-03,3.472828E-03,3.291897E-03,-4.431400E-04,-5.810534E-04,-3.366029E-03,3.291896E-03,-4.431394E-04,-5.811799E-04,0.000000E+00,0.000000E+00,-8.041911E-06
7.000000E-03,3.472356E-03,3.291818E-03,-4.714634E-04,-7.914447E-05,-3.366501E-03,3.291817E-03,-4.714634E-04,-7.920277E-05,0.000000E+00,0.000000E+00,-8.530367E-06
8.000000E-03,3.471863E-03,3.291871E-03,-4.931244E-04,5.327575E-05,-3.366994E-03,3.291870E-03,-4.931247E-04,5.323543E-05,0.000000E+00,0.000000E+00,-8.868135E-06
9.000000E-03,3.471350E-03,3.291958E-03,-5.133123E-04,8.692025E-05,-3.367507E-03,3.291957E-03,-5.133127E-04,8.688277E-05,0.000000E+00,0.000000E+00,-9.182197E-06
1.000000E-02,3.470816E-03,3.292052E-03,-5.333995E-04,9.418705E-05,-3.368040E-03,3.292051E-03,-5.334000E-04,9.414888E-05,0.000000E+00,0.000000E+00,-9.501986E-06
1.100000E-02,3.470263E-03,3.292147E-03,-5.537127E-04,9.443671E-05,-3.368594E-03,3.292146E-03,-5.537132E-04,9.439740E-05,0.000000E+00,0.000000E+00,-9.831381E-06
1.200000E-02,3.469688E-03,3.292240E-03,-5.742971E-04,9.284459E-05,-3.369168E-03,3.292238E-03,-5.742975E-04,9.280427E-05,0.000000E+00,0.000000E+00,-1.016919E-05
1.300000E-02,3.469093E-03,3.292330E-03,-5.951249E-04,9.079252E-05,-3.369764E-03,3.292329E-03,-5.951253E-04,9.075139E-05,0.000000E+00,0.000000E+00,-1.051380E-05
1.400000E-02,3.468477E-03,3.292419E-03,-6.161520E-04,8.864810E-05,-3.370380E-03,3.292418E-03,-6.161523E-04,8.860631E-05,0.000000E+00,0.000000E+00,-1.086394E-05
1.500000E-02,3.467840E-03,3.292506E-03,-6.373327E-04,8.650783E-05,-3.371017E-03,3.292504E-03,-6.373329E-04,8.646550E-05,0.000000E+00,0.000000E+00,-1.121861E-05
1.600000E-02,3.467181E-03,3.292590E-03,-6.586241E-04,8.439585E-05,-3.371676E-03,3.292589E-03,-6.586242E-04,8.435307E-05,0.000000E+00,0.000000E+00,-1.157698E-05
1.700000E-02,3.466501E-03,3.292672E-03,-6.799865E-04,8.231703E-05,-3.372356E-03,3.292671E-03,-6.799865E-04,8.227390E-05,0.000000E+00,0.000000E+00,-1.193832E-05
1.800000E-02,3.465800E-03,3.292753E-03,-7.013834E-04,8.027121E-05,-3.373057E-03,3.292751E-03,-7.013834E-04,8.022780E-05,0.000000E+00,0.000000E+00,-1.230201E-05
1.900000E-02,3.465077E-03,3.292831E-03,-7.227819E-04,7.825691E-05,-3.373780E-03,3.292829E-03,-7.227818E-04,7.821329E-05,0.000000E+00,0.000000E+00,-1.266747E-05
2.000000E-02,3.464333E-03,3.292907E-03,-7.441516E-04,7.627243E-05,-3.374524E-03,3.292906E-03,-7.441514E-04,7.622866E-05,0.000000E+00,0.000000E+00,-1.303420E-05
2.100000E-02,3.463567E-03,3.292981E-03,-7.654650E-04,7.431606E-05,-3.375289E-03,3.292980E-03,-7.654647E-04,7.427219E-05,0.000000E+00,0.000000E+00,-1.340174E-05
2.200000E-02,3.462781E-03,3.293054E-03,-7.866971E-04,7.238613E-05,-3.376076E-03,3.293052E-03,-7.866968E-04,7.234221E-05,0.000000E+00,0.000000E+00,-1.376965E-05
2.300000E-02,3.461973E-03,3.293124E-03,-8.078253E-04,7.048108E-05,-3.376884E-03,3.293123E-03,-8.078249E-04,7.043716E-05,0.000000E+00,0.000000E+00,-1.413758E-05
2.400000E-02,3.461144E-03,3.293193E-03,-8.288289E-04,6.859943E-05,-3.377713E-03,3.293191E-03,-8.288285E-04,6.855555E-05,0.000000E+00,0.000000E+00,-1.450519E-05
2.500000E-02,3.460294E-03,3.293260E-03,-8.496893E-04,6.673978E-05,-3.378562E-03,3.293258E-03,-8.496889E-04,6.669598E-05,0.000000E+00,0.000000E+00,-1.487215E-05
2.600000E-02,3.459424E-03,3.293325E-03,-8.703899E-04,6.490079E-05,-3.379433E-03,3.293323E-03,-8.703893E-04,6.485710E-05,0.000000E+00,0.000000E+00,-1.523822E-05
2.700000E-02,3.458533E-03,3.293388E-03,-8.909153E-04,6.308122E-05,-3.380324E-03,3.293386E-03,-8.909147E-04,6.303766E-05,0.000000E+00,0.000000E+00,-1.560313E-05
2.800000E-02,3.457622E-03,3.293449E-03,-9.112521E-04,6.127988E-05,-3.381235E-03,3.293447E-03,-9.112515E-04,6.123649E-05,0.000000E+00,0.000000E+00,-1.596666E-05
2.900000E-02,3.456690E-03,3.293508E-03,-9.313880E-04,5.949565E-05,-3.382166E-03,3.293506E-03,-9.313874E-04,5.945245E-05,0.000000E+00,0.000000E+00,-1.632862E-05
3.000000E-02,3.455739E-03,3.293566E-03,-9.513123E-04,5.772748E-05,-3.383118E-03,3.293564E-03,-9.513116E-04,5.768448E-05,0.000000E+00,0.000000E+00,-1.668884E-05
3.100000E-02,3.454768E-03,3.293622E-03,-9.710153E-04,5.597436E-05,-3.384089E-03,3.293620E-03,-9.710146E-04,5.593159E-05,0.000000E+00,0.000000E+00,-1.704715E-05
3.200000E-02,3.453778E-03,3.293676E-03,-9.904885E-04,5.423537E-05,-3.385079E-03,3.293674E-03,-9.904878E-04,5.419285E-05,0.000000E+00,0.000000E+00,-1.740341E-05
3.300000E-02,3.452768E-03,3.293729E-03,-1.009724E-03,5.250962E-05,-3.386089E-03,3.293727E-03,-1.009724E-03,5.246735E-05,0.000000E+00,0.000000E+00,-1.775750E-05
3.400000E-02,3.451739E-03,3.293780E-03,-1.028716E-03,5.079627E-05,-3.387118E-03,3.293777E-03,-1.028716E-03,5.075428E-05,0.000000E+00,0.000000E+00,-1.810931E-05
3.500000E-02,3.450692E-03,3.293829E-03,-1.047459E-03,4.909454E-05,-3.388165E-03,3.293827E-03,-1.047458E-03,4.905283E-05,0.000000E+00,0.000000E+00,-1.845875E-05
3.600000E-02,3.449626E-03,3.293876E-03,-1.065947E-03,4.740370E-05,-3.389231E-03,3.293874E-03,-1.065946E-03,4.736228E-05,0.000000E+00,0.000000E+00,-1.880572E-05
3.700000E-02,3.448542E-03,3.293922E-03,-1.084177E-03,4.572304E-05,-3.390315E-03,3.293920E-03,-1.084176E-03,4.568193E-05,0.000000E+00,0.000000E+00,-1.915016E-05
3.800000E-02,3.447439E-03,3.293966E-03,-1.102145E-03,4.405193E-05,-3.391417E-03,3.293964E-03,-1.102144E-03,4.401113E-05,0.000000E+00,0.000000E+00,-1.949200E-05
3.900000E-02,3.446320E-03,3.294008E-03,-1.119848E-03,4.238975E-05,-3.392537E-03,3.294006E-03,-1.119847E-03,4.234926E-05,0.000000E+00,0.000000E+00,-1.983120E-05
4.000000E-02,3.445182E-03,3.294049E-03,-1.137284E-03,4.073592E-05,-3.393674E-03,3.294047E-03,-1.137284E-03,4.069575E-05,0.000000E+00,0.000000E+00,-2.016769E-05
4.100000E-02,3.444028E-03,3.294088E-03,-1.154452E-03,3.908991E-05,-3.394829E-03,3.294086E-03,-1.154452E-03,3.905007E-05,0.000000E+00,0.000000E+00,-2.050146E-05
4.200000E-02,3.442857E-03,3.294126E-03,-1.171350E-03,3.745122E-05,-3.396000E-03,3.294123E-03,-1.171350E-03,3.741171E-05,0.000000E+00,0.000000E+00,-2.083246E-05
4.300000E-02,3.441669E-03,3.294161E-03,-1.187978E-03,3.581938E-05,-3.397188E-03,3.294159E-03,-1.187977E-03,3.578020E-05,0.000000E+00,0.000000E+00,-2.116068E-05
4.400000E-02,3.440464E-03,3.294196E-03,-1.204334E-03,3.419394E-05,-3.398393E-03,3.294193E-03,-1.204334E-03,3.415510E-05,0.000000E+00,0.000000E+00,-2.148609E-05
4.500000E-02,3.439244E-03,3.294228E-03,-1.220420E-03,3.257451E-05,-3.399613E-03,3.294226E-03,-1.220420E-03,3.253601E-05,0.000000E+00,0.000000E+00,-2.180868E-05
4.600000E-02,3.438008E-03,3.294259E-03,-1.236236E-03,3.096069E-05,-3.400849E-03,3.294256E-03,-1.236236E-03,3.092253E-05,0.000000E+00,0.000000E+00,-2.212845E-05
4.700000E-02,3.436756E-03,3.294288E-03,-1.251782E-03,2.935214E-05,-3.402101E-03,3.294286E-03,-1.251782E-03,2.931431E-05,0.000000E+00,0.000000E+00,-2.244539E-05
4.800000E-02,3.435489E-03,3.294316E-03,-1.267060E-03,2.774852E-05,-3.403368E-03,3.294313E-03,-1.267060E-03,2.771103E-05,0.000000E+00,0.000000E+00,-2.275950E-05
4.900000E-02,3.434207E-03,3.294342E-03,-1.282070E-03,2.614952E-05,-3.404650E-03,3.294340E-03,-1.282070E-03,2.611237E-05,0.000000E+00,0.000000E+00,-2.307079E-05
5.000000E-02,3.432910E-03,3.294367E-03,-1.296818E-03,2.455615E-05,-3.405947E-03,3.294364E-03,-1.296819E-03,2.451918E-05,0.000000E+00,0.000000E+00,-2.338054E-05
5.100000E-02,3.431599E-03,3.294390E-03,-1.311338E-03,2.297424E-05,-3.407258E-03,3.294387E-03,-1.311339E-03,2.293720E-05,0.000000E+00,0.000000E+00,-2.369091E-05
5.200000E-02,3.430273E-03,3.294411E-03,-1.325644E-03,2.139898E-05,-3.408584E-03,3.294408E-03,-1.325645E-03,2.136208E-05,0.000000E+00,0.000000E+00,-2.400012E-05
5.300000E-02,3.428933E-03,3.294431E-03,-1.339735E-03,1.982703E-05,-3.409924E-03,3.294428E-03,-1.339736E-03,1.979032E-05,0.000000E+00,0.000000E+00,-2.430766E-05
5.400000E-02,3.427580E-03,3.294449E-03,-1.353613E-03,1.825732E-05,-3.411277E-03,3.294446E-03,-1.353615E-03,1.822083E-05,0.000000E+00,0.000000E+00,-2.461338E-05
5.500000E-02,3.426212E-03,3.294466E-03,-1.367279E-03,1.668941E-05,-3.412645E-03,3.294463E-03,-1.367281E-03,1.665314E-05,0.000000E+00,0.000000E+00,-2.491724E-05
5.600000E-02,3.424831E-03,3.294481E-03,-1.380735E-03,1.512301E-05,-3.414025E-03,3.294478E-03,-1.380737E-03,1.508697E-05,0.000000E+00,0.000000E+00,-2.521922E-05
5.700000E-02,3.423438E-03,3.294495E-03,-1.393980E-03,1.355959E-05,-3.415419E-03,3.294492E-03,-1.393982E-03,1.351951E-05,0.000000E+00,0.000000E+00,-2.555498E-05
5.800000E-02,3.422030E-03,3.294507E-03,-1.407028E-03,1.199854E-05,-3.416826E-03,3.294504E-03,-1.407030E-03,1.195937E-05,0.000000E+00,0.000000E+00,-2.588319E-05
5.900000E-02,3.420611E-03,3.294517E-03,-1.419905E-03,1.044365E-05,-3.418246E-03,3.294514E-03,-1.419907E-03,1.040626E-05,0.000000E+00,0.000000E+00,-2.619647E-05
6.000000E-02,3.419178E-03,3.294526E-03,-1.432779E-03,8.930169E-06,-3.419679E-03,3.294523E-03,-1.432781E-03,8.889478E-06,0.000000E+00,0.000000E+00,-2.653739E-05
6.100000E-02,3.417732E-03,3.294534E-03,-1.445844E-03,7.468200E-06,-3.421125E-03,3.294530E-03,-1.445845E-03,7.425327E-06,0.000000E+00,0.000000E+00,-2.689658E-05
6.200000E-02,3.416273E-03,3.294540E-03,-1.459152E-03,6.023236E-06,-3.422584E-03,3.294536E-03,-1.459152E-03,5.978334E-06,0.000000E+00,0.000000E+00,-2.727276E-05
6.300000E-02,3.414800E-03,3.294544E-03,-1.472752E-03,4.584271E-06,-3.424057E-03,3.294541E-03,-1.472752E-03,4.538295E-06,0.000000E+00,0.000000E+00,-2.765795E-05
6.400000E-02,3.413313E-03,3.294547E-03,-1.486640E-03,3.137746E-06,-3.425543E-03,3.294544E-03,-1.486639E-03,3.090938E-06,0.000000E+00,0.000000E+00,-2.805011E-05
6.500000E-02,3.411813E-03,3.294549E-03,-1.500812E-03,1.678653E-06,-3.427044E-03,3.294546E-03,-1.500812E-03,1.631034E-06,0.000000E+00,0.000000E+00,-2.844906E-05
6.600000E-02,3.410297E-03,3.294549E-03,-1.515269E-03,2.049271E-07,-3.428559E-03,3.294546E-03,-1.515269E-03,1.564859E-07,0.000000E+00,0.000000E+00,-2.885490E-05
6.700000E-02,3.408767E-03,3.294548E-03,-1.530041E-03,-1.276084E-06,-3.430090E-03,3.294544E-03,-1.530041E-03,-1.326332E-06,0.000000E+00,0.000000E+00,-2.927587E-05
6.800000E-02,3.407222E-03,3.294545E-03,-1.545188E-03,-2.757943E-06,-3.431635E-03,3.294542E-03,-1.545187E-03,-2.809635E-06,0.000000E+00,0.000000E+00,-2.970894E-05
6.900000E-02,3.405661E-03,3.294541E-03,-1.560717E-03,-4.253664E-06,-3.433195E-03,3.294537E-03,-1.560716E-03,-4.306516E-06,0.000000E+00,0.000000E+00,-3.015173E-05
7.000000E-02,3.404085E-03,3.294535E-03,-1.576631E-03,-5.768790E-06,-3.434772E-03,3.294532E-03,-1.576631E-03,-5.822731E-06,0.000000E+00,0.000000E+00,-3.060365E-05
7.100000E-02,3.402492E-03,3.294528E-03,-1.592936E-03,-7.305740E-06,-3.436365E-03,3.294524E-03,-1.592935E-03,-7.360761E-06,0.000000E+00,0.000000E+00,-3.106461E-05
7.200000E-02,3.400882E-03,3.294519E-03,-1.609634E-03,-8.866111E-06,-3.437975E-03,3.294515E-03,-1.609633E-03,-8.922222E-06,0.000000E+00,0.000000E+00,-3.153471E-05
7.300000E-02,3.399255E-03,3.294509E-03,-1.626729E-03,-1.045130E-05,-3.439601E-03,3.294505E-03,-1.626729E-03,-1.050851E-05,0.000000E+00,0.000000E+00,-3.201406E-05
7.400000E-02,3.397611E-03,3.294496E-03,-1.644226E-03,-1.206266E-05,-3.441246E-03,3.294493E-03,-1.644226E-03,-1.212100E-05,0.000000E+00,0.000000E+00,-3.250282E-05
7.500000E-02,3.395949E-03,3.294483E-03,-1.662129E-03,-1.370156E-05,-3.442908E-03,3.294479E-03,-1.662128E-03,-1.376104E-05,0.000000E+00,0.000000E+00,-3.300113E-05
7.600000E-02,3.394269E-03,3.294467E-03,-1.680442E-03,-1.536941E-05,-3.444588E-03,3.294463E-03,-1.680441E-03,-1.543005E-05,0.000000E+00,0.000000E+00,-3.350916E-05
7.700000E-02,3.392569E-03,3.294450E-03,-1.699170E-03,-1.706762E-05,-3.446287E-03,3.294446E-03,-1.699169E-03,-1.712944E-05,0.000000E+00,0.000000E+00,-3.402707E-05
7.800000E-02,3.390851E-03,3.294432E-03,-1.718317E-03,-1.879766E-05,-3.448006E-03,3.294427E-03,-1.718316E-03,-1.886067E-05,0.000000E+00,0.000000E+00,-3.455502E-05
7.900000E-02,3.389113E-03,3.294411E-03,-1.737887E-03,-2.056100E-05,-3.449744E-03,3.294407E-03,-1.737887E-03,-2.062524E-05,0.000000E+00,0.000000E+00,-3.509320E-05
8.000000E-02,3.387355E-03,3.294389E-03,-1.757887E-03,-2.235917E-05,-3.451501E-03,3.294384E-03,-1.757887E-03,-2.242465E-05,0.000000E+00,0.000000E+00,-3.564178E-05
8.100000E-02,3.385577E-03,3.294364E-03,-1.778320E-03,-2.419374E-05,-3.453280E-03,3.294360E-03,-1.778320E-03,-2.426048E-05,0.000000E+00,0.000000E+00,-3.620094E-05
8.200000E-02,3.383778E-03,3.294338E-03,-1.799192E-03,-2.606630E-05,-3.455079E-03,3.294334E-03,-1.799192E-03,-2.613433E-05,0.000000E+00,0.000000E+00,-3.677087E-05
8.300000E-02,3.381957E-03,3.294310E-03,-1.820508E-03,-2.797849E-05,-3.456899E-03,3.294306E-03,-1.820508E-03,-2.804782E-05,0.000000E+00,0.000000E+00,-3.735177E-05
8.400000E-02,3.380115E-03,3.294280E-03,-1.842273E-03,-2.993198E-05,-3.458742E-03,3.294276E-03,-1.842272E-03,-3.000265E-05,0.000000E+00,0.000000E+00,-3.794384E-05
8.500000E-02,3.378251E-03,3.294249E-03,-1.864492E-03,-3.192850E-05,-3.460606E-03,3.294244E-03,-1.864492E-03,-3.200053E-05,0.000000E+00,0.000000E+00,-3.854728E-05
8.600000E-02,3.376363E-03,3.294215E-03,-1.887172E-03,-3.396982E-05,-3.462493E-03,3.294210E-03,-1.887171E-03,-3.404323E-05,0.000000E+00,0.000000E+00,-3.916231E-05
8.700000E-02,3.374453E-03,3.294178E-03,-1.910317E-03,-3.605775E-05,-3.464404E-03,3.294174E-03,-1.910316E-03,-3.613256E-05,0.000000E+00,0.000000E+00,-3.978914E-05
8.800000E-02,3.372519E-03,3.294140E-03,-1.933933E-03,-3.819414E-05,-3.466338E-03,3.294135E-03,-1.933933E-03,-3.827040E-05,0.000000E+00,0.000000E+00,-4.042801E-05
8.900000E-02,3.370561E-03,3.294100E-03,-1.958027E-03,-4.038092E-05,-3.468296E-03,3.294095E-03,-1.958027E-03,-4.045864E-05,0.000000E+00,0.000000E+00,-4.107913E-05
9.000000E-02,3.368579E-03,3.294057E-03,-1.982604E-03,-4.262005E-05,-3.470278E-03,3.294052E-03,-1.982604E-03,-4.269926E-05,0.000000E+00,0.000000E+00,-4.174276E-05
9.100000E-02,3.366571E-03,3.294012E-03,-2.007671E-03,-4.491354E-05,-3.472286E-03,3.294007E-03,-2.007670E-03,-4.499428E-05,0.000000E+00,0.000000E+00,-4.241913E-05
9.200000E-02,3.364538E-03,3.293965E-03,-2.033233E-03,-4.726348E-05,-3.474319E-03,3.293960E-03,-2.033233E-03,-4.734576E-05,0.000000E+00,0.000000E+00,-4.310849E-05
9.300000E-02,3.362478E-03,3.293915E-03,-2.059298E-03,-4.967200E-05,-3.476378E-03,3.293910E-03,-2.059298E-03,-4.975586E-05,0.000000E+00,0.000000E+00,-4.381112E-05
9.400000E-02,3.360392E-03,3.293863E-03,-2.085872E-03,-5.214129E-05,-3.478464E-03,3.293858E-03,-2.085871E-03,-5.222677E-05,0.000000E+00,0.000000E+00,-4.452726E-05
9.500000E-02,3.358280E-03,3.293809E-03,-2.112961E-03,-5.467361E-05,-3.480577E-03,3.293803E-03,-2.112960E-03,-5.476073E-05,0.000000E+00,0.000000E+00,-4.525720E-05
9.600000E-02,3.356139E-03,3.293751E-03,-2.140573E-03,-5.727129E-05,-3.482718E-03,3.293746E-03,-2.140572E-03,-5.736009E-05,0.000000E+00,0.000000E+00,-4.600123E-05
9.700000E-02,3.353970E-03,3.293691E-03,-2.168714E-03,-5.993672E-05,-3.484887E-03,3.293686E-03,-2.168713E-03,-6.002724E-05,0.000000E+00,0.000000E+00,-4.675962E-05
9.800000E-02,3.351773E-03,3.293629E-03,-2.197391E-03,-6.267236E-05,-3.487084E-03,3.293623E-03,-2.197391E-03,-6.276463E-05,0.000000E+00,0.000000E+00,-4.753269E-05
9.900000E-02,3.349546E-03,3.293563E-03,-2.226613E-03,-6.548075E-05,-3.489311E-03,3.293558E-03,-2.226612E-03,-6.557481E-05,0.000000E+00,0.000000E+00,-4.832075E-05
1.000000E-01,3.347290E-03,3.293495E-03,-2.256386E-03,-6.836451E-05,-3.491567E-03,3.293489E-03,-2.256386E-03,-6.846040E-05,0.000000E+00,0.000000E+00,-4.912411E-05
1.010000E-01,3.348991E-03,3.301075E-03,1.701118E-03,7.579733E-03,-3.489863E-03,3.300927E-03,1.704338E-03,7.437929E-03,0.000000E+00,0.000000E+00,-1.237156E-03
1.020000E-01,3.363380E-03,3.328267E-03,1.438945E-02,2.719205E-02,-3.475510E-03,3.327806E-03,1.435256E-02,2.687946E-02,0.000000E+00,0.000000E+00,-3.856002E-03
1.030000E-01,3.378417E-03,3.343638E-03,1.503666E-02,1.537082E-02,-3.460560E-03,3.345154E-03,1.494963E-02,1.734775E-02,0.000000E+00,0.000000E+00,1.270641E-02
1.040000E-01,3.393254E-03,3.346962E-03,1.483655E-02,3.324643E-03,-3.445808E-03,3.355019E-03,1.475279E-02,9.865133E-03,0.000000E+00,0.000000E+00,6.750066E-02
1.050000E-01,3.407806E-03,3.337640E-03,1.455264E-02,-9.321836E-03,-3.431319E-03,3.358168E-03,1.448859E-02,3.148438E-03,0.000000E+00,0.000000E+00,1.719711E-01
1.060000E-01,3.422047E-03,3.315723E-03,1.424094E-02,-2.191711E-02,-3.417088E-03,3.354803E-03,1.423128E-02,-3.364868E-03,0.000000E+00,0.000000E+00,3.273917E-01
1.070000E-01,3.442680E-03,3.314878E-03,2.063254E-02,-8.453793E-04,-3.396465E-03,3.353401E-03,2.062250E-02,-1.401412E-03,0.000000E+00,0.000000E+00,3.227332E-01
1.080000E-01,3.463661E-03,3.316547E-03,2.098176E-02,1.669020E-03,-3.375525E-03,3.347045E-03,2.094032E-02,-6.356054E-03,0.000000E+00,0.000000E+00,2.555023E-01
1.090000E-01,3.482100E-03,3.322751E-03,1.843843E-02,6.204174E-03,-3.357180E-03,3.335838E-03,1.834465E-02,-1.120789E-02,0.000000E+00,0.000000E+00,1.096315E-01
1.100000E-01,3.500519E-03,3.320260E-03,1.841933E-02,-2.490582E-03,-3.338806E-03,3.314480E-03,1.837391E-02,-2.135779E-02,0.000000E+00,0.000000E+00,-4.842723E-02
1.110000E-01,3.516746E-03,3.305938E-03,1.622638E-02,-1.432260E-02,-3.322468E-03,3.281652E-03,1.633818E-02,-3.282743E-02,0.000000E+00,0.000000E+00,-2.034521E-01
1.120000E-01,3.516832E-03,3.297149E-03,8.639541E-05,-8.788419E-03,-3.322407E-03,3.308572E-03,6.161614E-05,2.691930E-02,0.000000E+00,0.000000E+00,9.568942E-02
1.130000E-01,3.512814E-03,3.286962E-03,-4.017711E-03,-1.018772E-02,-3.326254E-03,3.343088E-03,-3.847518E-03,3.451626E-02,0.000000E+00,0.000000E+00,4.701987E-01
1.140000E-01,3.498072E-03,3.330111E-03,-1.474209E-02,4.314889E-02,-3.341240E-03,3.378719E-03,-1.498541E-02,3.563160E-02,0.000000E+00,0.000000E+00,4.072102E-01
1.150000E-01,3.474645E-03,3.352993E-03,-2.342762E-02,2.288259E-02,-3.364503E-03,3.403446E-03,-2.326323E-02,2.472660E-02,0.000000E+00,0.000000E+00,4.226675E-01
1.160000E-01,3.448734E-03,3.372314E-03,-2.591108E-02,1.932113E-02,-3.390186E-03,3.407752E-03,-2.568294E-02,4.306331E-03,0.000000E+00,0.000000E+00,2.968941E-01
1.170000E-01,3.423104E-03,3.384234E-03,-2.562926E-02,1.191962E-02,-3.415499E-03,3.399530E-03,-2.531360E-02,-8.222902E-03,0.000000E+00,0.000000E+00,1.281505E-01
1.180000E-01,3.397720E-03,3.388229E-03,-2.538414E-02,3.995246E-03,-3.440438E-03,3.379449E-03,-2.493880E-02,-2.008038E-02,0.000000E+00,0.000000E+00,-7.356653E-02
1.190000E-01,3.372460E-03,3.383626E-03,-2.526044E-02,-4.603292E-03,-3.465097E-03,3.348327E-03,-2.465872E-02,-3.112244E-02,0.000000E+00,0.000000E+00,-2.957894E-01
1.200000E-01,3.347194E-03,3.369751E-03,-2.526606E-02,-1.387477E-02,-3.489600E-03,3.306941E-03,-2.450274E-02,-4.138547E-02,0.000000E+00,0.000000E+00,-5.263638E-01
1.210000E-01,3.321827E-03,3.346066E-03,-2.536686E-02,-2.368550E-02,-3.514055E-03,3.255975E-03,-2.445550E-02,-5.096573E-02,0.000000E+00,0.000000E+00,-7.550576E-01
1.220000E-01,3.296310E-03,3.312246E-03,-2.551646E-02,-3.381979E-02,-3.538537E-03,3.195991E-03,-2.448157E-02,-5.998448E-02,0.000000E+00,0.000000E+00,-9.744574E-01
1.230000E-01,3.270650E-03,3.268235E-03,-2.566007E-02,-4.401077E-02,-3.563063E-03,3.127416E-03,-2.452640E-02,-6.857543E-02,0.000000E+00,0.000000E+00,-1.180503E+00
1.240000E-01,3.247011E-03,3.227960E-03,-2.363920E-02,-4.027508E-02,-3.586030E-03,3.098719E-03,-2.296746E-02,-2.869707E-02,0.000000E+00,0.000000E+00,-1.083574E+00
1.250000E-01,3.225158E-03,3.186536E-03,-2.185320E-02,-4.142348E-02,-3.607335E-03,3.092180E-03,-2.130407E-02,-6.538390E-03,0.000000E+00,0.000000E+00,-7.912014E-01
1.260000E-01,3.204667E-03,3.168382E-03,-2.049097E-02,-1.815446E-02,-3.626850E-03,3.098073E-03,-1.951545E-02,5.892575E-03,0.000000E+00,0.000000E+00,-5.896619E-01
1.270000E-01,3.182235E-03,3.164349E-03,-2.243223E-02,-4.033016E-03,-3.648172E-03,3.108697E-03,-2.132215E-02,1.062443E-02,0.000000E+00,0.000000E+00,-4.668166E-01
1.280000E-01,3.156503E-03,3.170903E-03,-2.573197E-02,6.553636E-03,-3.672836E-03,3.119100E-03,-2.466392E-02,1.040276E-02,0.000000E+00,0.000000E+00,-4.345988E-01
1.290000E-01,3.127401E-03,3.189137E-03,-2.910170E-02,1.823397E-02,-3.700923E-03,3.125599E-03,-2.808684E-02,6.499356E-03,0.000000E+00,0.000000E+00,-5.331203E-01
1.300000E-01,3.094536E-03,3.220106E-03,-3.286522E-02,3.096894E-02,-3.732757E-03,3.127754E-03,-3.183412E-02,2.154893E-03,0.000000E+00,0.000000E+00,-7.749812E-01
1.310000E-01,3.059483E-03,3.249956E-03,-3.505308E-02,2.985012E-02,-3.766666E-03,3.124578E-03,-3.390858E-02,-3.176634E-03,0.000000E+00,0.000000E+00,-1.052253E+00
1.320000E-01,3.017890E-03,3.303601E-03,-4.159291E-02,5.364562E-02,-3.806649E-03,3.119647E-03,-3.998361E-02,-4.930063E-03,0.000000E+00,0.000000E+00,-1.544020E+00
1.330000E-01,2.971355E-03,3.312337E-03,-4.653444E-02,8.735841E-03,-3.852601E-03,3.130004E-03,-4.595191E-02,1.035632E-02,0.000000E+00,0.000000E+00,-1.530556E+00
1.340000E-01,2.922724E-03,3.306706E-03,-4.863102E-02,-5.631503E-03,-3.899968E-03,3.126998E-03,-4.736703E-02,-3.006195E-03,0.000000E+00,0.000000E+00,-1.508808E+00
1.350000E-01,2.872717E-03,3.291425E-03,-5.000738E-02,-1.528088E-02,-3.948956E-03,3.127298E-03,-4.898807E-02,3.006871E-04,0.000000E+00,0.000000E+00,-1.378246E+00
1.360000E-01,2.817732E-03,3.270151E-03,-5.498479E-02,-2.127370E-02,-4.003780E-03,3.144766E-03,-5.482396E-02,1.746753E-02,0.000000E+00,0.000000E+00,-1.053027E+00
1.370000E-01,2.754761E-03,3.266949E-03,-6.297110E-02,-3.201977E-03,-4.067013E-03,3.173243E-03,-6.323239E-02,2.847741E-02,0.000000E+00,0.000000E+00,-7.869821E-01
1.380000E-01,2.684476E-03,3.286019E-03,-7.028529E-02,1.906951E-02,-4.138091E-03,3.203682E-03,-7.107807E-02,3.043845E-02,0.000000E+00,0.000000E+00,-6.914304E-01
1.390000E-01,2.611881E-03,3.300854E-03,-7.259479E-02,1.483592E-02,-4.211841E-03,3.229345E-03,-7.375064E-02,2.566345E-02,0.000000E+00,0.000000E+00,-6.004108E-01
1.400000E-01,2.536842E-03,3.310812E-03,-7.503891E-02,9.957103E-03,-4.288217E-03,3.251418E-03,-7.637591E-02,2.207305E-02,0.000000E+00,0.000000E+00,-4.985902E-01
1.410000E-01,2.458922E-03,3.313078E-03,-7.791964E-02,2.265965E-03,-4.367562E-03,3.273421E-03,-7.934473E-02,2.200279E-02,0.000000E+00,0.000000E+00,-3.328407E-01
1.420000E-01,2.378257E-03,3.304237E-03,-8.066534E-02,-8.840106E-03,-4.449592E-03,3.294342E-03,-8.203034E-02,2.092149E-02,0.000000E+00,0.000000E+00,-8.303386E-02
1.430000E-01,2.294987E-03,3.283599E-03,-8.326961E-02,-2.063869E-02,-4.533962E-03,3.311484E-03,-8.436946E-02,1.714193E-02,0.000000E+00,0.000000E+00,2.339625E-01
1.440000E-01,2.210280E-03,3.252357E-03,-8.470718E-02,-3.124207E-02,-4.619414E-03,3.317160E-03,-8.545236E-02,5.675981E-03,0.000000E+00,0.000000E+00,5.436355E-01
1.450000E-01,2.124847E-03,3.213381E-03,-8.543344E-02,-3.897566E-02,-4.705407E-03,3.308878E-03,-8.599331E-02,-8.282498E-03,0.000000E+00,0.000000E+00,8.010255E-01
1.460000E-01,2.038997E-03,3.172784E-03,-8.584983E-02,-4.059692E-02,-4.791817E-03,3.291244E-03,-8.640965E-02,-1.763356E-02,0.000000E+00,0.000000E+00,9.935254E-01
1.470000E-01,1.950800E-03,3.147599E-03,-8.819741E-02,-2.518497E-02,-4.880981E-03,3.268102E-03,-8.916361E-02,-2.314262E-02,0.000000E+00,0.000000E+00,1.010508E+00
1.480000E-01,1.856524E-03,3.137425E-03,-9.427573E-02,-1.017396E-02,-4.976575E-03,3.250510E-03,-9.559461E-02,-1.759183E-02,0.000000E+00,0.000000E+00,9.481323E-01
1.490000E-01,1.757893E-03,3.142691E-03,-9.863076E-02,5.265864E-03,-5.076019E-03,3.257755E-03,-9.944411E-02,7.245073E-03,0.000000E+00,0.000000E+00,9.646086E-01
1.500000E-01,1.659446E-03,3.152396E-03,-9.844677E-02,9.704990E-03,-5.175033E-03,3.267105E-03,-9.901344E-02,9.350485E-03,0.000000E+00,0.000000E+00,9.615575E-01
1.510000E-01,1.561653E-03,3.160506E-03,-9.779312E-02,8.109505E-03,-5.273223E-03,3.273726E-03,-9.819010E-02,6.621016E-03,0.000000E+00,0.000000E+00,9.490274E-01
1.520000E-01,1.457586E-03,3.198173E-03,-1.040672E-01,3.766733E-02,-5.378020E-03,3.290128E-03,-1.047967E-01,1.640206E-02,0.000000E+00,0.000000E+00,7.707218E-01
1.530000E-01,1.348220E-03,3.254150E-03,-1.093662E-01,5.597697E-02,-5.488190E-03,3.305116E-03,-1.101700E-01,1.498764E-02,0.000000E+00,0.000000E+00,4.271392E-01
1.540000E-01,1.234002E-03,3.320190E-03,-1.142176E-01,6.603969E-02,-5.602908E-03,3.313002E-03,-1.147182E-01,7.886295E-03,0.000000E+00,0.000000E+00,-6.023068E-02
1.550000E-01,1.117399E-03,3.379824E-03,-1.166036E-01,5.963467E-02,-5.719375E-03,3.311477E-03,-1.164670E-01,-1.525378E-03,0.000000E+00,0.000000E+00,-5.727664E-01
1.560000E-01,9.997344E-04,3.423215E-03,-1.176642E-01,4.339080E-02,-5.836482E-03,3.305138E-03,-1.171070E-01,-6.338923E-03,0.000000E+00,0.000000E+00,-9.895292E-01
1.570000E-01,8.818032E-04,3.456646E-03,-1.179311E-01,3.343086E-02,-5.953483E-03,3.289157E-03,-1.170008E-01,-1.598115E-02,0.000000E+00,0.000000E+00,-1.403670E+00
1.580000E-01,7.638242E-04,3.482906E-03,-1.179790E-01,2.625994E-02,-6.070030E-03,3.261410E-03,-1.165475E-01,-2.774708E-02,0.000000E+00,0.000000E+00,-1.856396E+00
1.590000E-01,6.430619E-04,3.506549E-03,-1.207623E-01,2.364365E-02,-6.189310E-03,3.238903E-03,-1.192797E-01,-2.250661E-02,0.000000E+00,0.000000E+00,-2.243315E+00
1.600000E-01,5.154978E-04,3.532101E-03,-1.275641E-01,2.555180E-02,-6.316360E-03,3.244150E-03,-1.270506E-01,5.246464E-03,0.000000E+00,0.000000E+00,-2.413494E+00
1.610000E-01,3.860240E-04,3.553066E-03,-1.294739E-01,2.096486E-02,-6.445666E-03,3.253056E-03,-1.293060E-01,8.906734E-03,0.000000E+00,0.000000E+00,-2.514495E+00
1.620000E-01,2.568849E-04,3.568386E-03,-1.291391E-01,1.532002E-02,-6.574903E-03,3.263111E-03,-1.292362E-01,1.005499E-02,0.000000E+00,0.000000E+00,-2.558529E+00
1.630000E-01,1.289778E-04,3.576756E-03,-1.279072E-01,8.369695E-03,-6.703037E-03,3.270328E-03,-1.281341E-01,7.216440E-03,0.000000E+00,0.000000E+00,-2.568096E+00
1.640000E-01,2.309695E-06,3.577082E-03,-1.266681E-01,3.262478E-04,-6.830096E-03,3.274252E-03,-1.270594E-01,3.924315E-03,0.000000E+00,0.000000E+00,-2.537836E+00
1.650000E-01,-1.235618E-04,3.568105E-03,-1.258715E-01,-8.977018E-03,-6.956544E-03,3.273984E-03,-1.264480E-01,-2.683616E-04,0.000000E+00,0.000000E+00,-2.464738E+00
1.660000E-01,-2.493445E-04,3.548616E-03,-1.257827E-01,-1.948895E-02,-7.083084E-03,3.268351E-03,-1.265398E-01,-5.632829E-03,0.000000E+00,0.000000E+00,-2.348497E+00
1.670000E-01,-3.756002E-04,3.518455E-03,-1.262557E-01,-3.016070E-02,-7.210256E-03,3.257406E-03,-1.271722E-01,-1.094481E-02,0.000000E+00,0.000000E+00,-2.187345E+00
1.680000E-01,-5.025029E-04,3.483973E-03,-1.269027E-01,-3.448247E-02,-7.337724E-03,3.233847E-03,-1.274677E-01,-2.355938E-02,0.000000E+00,0.000000E+00,-2.095730E+00
1.690000E-01,-6.285599E-04,3.454097E-03,-1.260571E-01,-2.987560E-02,-7.462997E-03,3.179855E-03,-1.252733E-01,-5.399173E-02,0.000000E+00,0.000000E+00,-2.297848E+00
1.700000E-01,-7.546906E-04,3.416953E-03,-1.261307E-01,-3.714438E-02,-7.588002E-03,3.114607E-03,-1.250048E-01,-6.524846E-02,0.000000E+00,0.000000E+00,-2.533454E+00
1.710000E-01,-8.822715E-04,3.376827E-03,-1.275809E-01,-4.012550E-02,-7.713445E-03,3.029648E-03,-1.254431E-01,-8.495844E-02,0.000000E+00,0.000000E+00,-2.909428E+00
1.720000E-01,-1.007108E-03,3.335029E-03,-1.248361E-01,-4.179817E-02,-7.837198E-03,2.967817E-03,-1.237529E-01,-6.183123E-02,0.000000E+00,0.000000E+00,-3.077482E+00
1.730000E-01,-1.127650E-03,3.304005E-03,-1.205420E-01,-3.102473E-02,-7.959762E-03,2.977577E-03,-1.225638E-01,9.760468E-03,0.000000E+00,0.000000E+00,-2.735418E+00
1.740000E-01,-1.246309E-03,3.269027E-03,-1.186593E-01,-3.497718E-02,-8.081287E-03,3.010651E-03,-1.215255E-01,3.307328E-02,0.000000E+00,0.000000E+00,-2.164871E+00
1.750000E-01,-1.377971E-03,3.271701E-03,-1.316618E-01,2.673305E-03,-8.214694E-03,3.068978E-03,-1.334068E-01,5.832694E-02,0.000000E+00,0.000000E+00,-1.698441E+00
1.760000E-01,-1.518760E-03,3.305684E-03,-1.407890E-01,3.398307E-02,-8.355758E-03,3.117724E-03,-1.410640E-01,4.874632E-02,0.000000E+00,0.000000E+00,-1.574754E+00
1.770000E-01,-1.663781E-03,3.339197E-03,-1.450209E-01,3.351367E-02,-8.500924E-03,3.161679E-03,-1.451658E-01,4.395458E-02,0.000000E+00,0.000000E+00,-1.487287E+00
1.780000E-01,-1.812325E-03,3.362353E-03,-1.485442E-01,2.315601E-02,-8.650002E-03,3.213408E-03,-1.490784E-01,5.172938E-02,0.000000E+00,0.000000E+00,-1.247880E+00
1.790000E-01,-1.964722E-03,3.375211E-03,-1.523970E-01,1.285739E-02,-8.803121E-03,3.275451E-03,-1.531187E-01,6.204294E-02,0.000000E+00,0.000000E+00,-8.357831E-01
1.800000E-01,-2.121074E-03,3.383766E-03,-1.563518E-01,8.555236E-03,-8.959854E-03,3.345883E-03,-1.567330E-01,7.043169E-02,0.000000E+00,0.000000E+00,-3.173873E-01
1.810000E-01,-2.278655E-03,3.385072E-03,-1.575815E-01,1.305495E-03,-9.117209E-03,3.409986E-03,-1.573548E-01,6.410323E-02,0.000000E+00,0.000000E+00,2.087393E-01
1.820000E-01,-2.436431E-03,3.378271E-03,-1.577758E-01,-6.800645E-03,-9.274198E-03,3.462168E-03,-1.569886E-01,5.218229E-02,0.000000E+00,0.000000E+00,7.029653E-01
1.830000E-01,-2.594321E-03,3.363714E-03,-1.578905E-01,-1.455649E-02,-9.430857E-03,3.501965E-03,-1.566593E-01,3.979694E-02,0.000000E+00,0.000000E+00,1.158496E+00
1.840000E-01,-2.752213E-03,3.341592E-03,-1.578917E-01,-2.212205E-02,-9.587200E-03,3.529111E-03,-1.563431E-01,2.714581E-02,0.000000E+00,0.000000E+00,1.571521E+00
1.850000E-01,-2.909971E-03,3.311848E-03,-1.577577E-01,-2.974408E-02,-9.743203E-03,3.543715E-03,-1.560030E-01,1.460367E-02,0.000000E+00,0.000000E+00,1.943423E+00
1.860000E-01,-3.067526E-03,3.287000E-03,-1.575549E-01,-2.484876E-02,-9.899408E-03,3.546057E-03,-1.562046E-01,2.342348E-03,0.000000E+00,0.000000E+00,2.171552E+00
1.870000E-01,-3.223173E-03,3.282366E-03,-1.556476E-01,-4.633647E-03,-1.005485E-02,3.539668E-03,-1.554446E-01,-6.389294E-03,0.000000E+00,0.000000E+00,2.156913E+00
1.880000E-01,-3.376782E-03,3.277704E-03,-1.536089E-01,-4.661929E-03,-1.020862E-02,3.525189E-03,-1.537646E-01,-1.447845E-02,0.000000E+00,0.000000E+00,2.074649E+00
1.890000E-01,-3.527934E-03,3.273619E-03,-1.511517E-01,-4.085305E-03,-1.036037E-02,3.497277E-03,-1.517572E-01,-2.791192E-02,0.000000E+00,0.000000E+00,1.874896E+00
1.900000E-01,-3.677523E-03,3.265867E-03,-1.495891E-01,-7.751428E-03,-1.051072E-02,3.457131E-03,-1.503480E-01,-4.014644E-02,0.000000E+00,0.000000E+00,1.603309E+00
1.910000E-01,-3.826676E-03,3.248749E-03,-1.491534E-01,-1.711861E-02,-1.066052E-02,3.406134E-03,-1.497936E-01,-5.099626E-02,0.000000E+00,0.000000E+00,1.319310E+00
1.920000E-01,-3.975512E-03,3.221408E-03,-1.488353E-01,-2.734061E-02,-1.080985E-02,3.345321E-03,-1.493301E-01,-6.081352E-02,0.000000E+00,0.000000E+00,1.038713E+00
1.930000E-01,-4.124223E-03,3.184285E-03,-1.487117E-01,-3.712319E-02,-1.095892E-02,3.274542E-03,-1.490791E-01,-7.077870E-02,0.000000E+00,0.000000E+00,7.565906E-01
1.940000E-01,-4.273188E-03,3.142411E-03,-1.489646E-01,-4.187386E-02,-1.110787E-02,3.217723E-03,-1.489481E-01,-5.681958E-02,0.000000E+00,0.000000E+00,6.313195E-01
1.950000E-01,-4.426282E-03,3.092734E-03,-1.530942E-01,-4.967659E-02,-1.125981E-02,3.217184E-03,-1.519333E-01,-5.382901E-04,0.000000E+00,0.000000E+00,1.043338E+00
1.960000E-01,-4.583713E-03,3.033802E-03,-1.574305E-01,-5.893247E-02,-1.141457E-02,3.245528E-03,-1.547683E-01,2.834340E-02,0.000000E+00,0.000000E+00,1.775342E+00
1.970000E-01,-4.743900E-03,3.024242E-03,-1.601877E-01,-9.560133E-03,-1.157219E-02,3.288073E-03,-1.576153E-01,4.254563E-02,0.000000E+00,0.000000E+00,2.212696E+00
1.980000E-01,-4.904789E-03,3.053403E-03,-1.608888E-01,2.916092E-02,-1.173114E-02,3.352973E-03,-1.589517E-01,6.489983E-02,0.000000E+00,0.000000E+00,2.512780E+00
1.990000E-01,-5.065305E-03,3.091002E-03,-1.605162E-01,3.759888E-02,-1.189049E-02,3.404862E-03,-1.593483E-01,5.188869E-02,0.000000E+00,0.000000E+00,2.632927E+00
2.000000E-01,-5.226136E-03,3.128472E-03,-1.608310E-01,3.747067E-02,-1.205072E-02,3.442348E-03,-1.602334E-01,3.748639E-02,0.000000E+00,0.000000E+00,2.633289E+00
2.010000E-01,-5.387765E-03,3.164865E-03,-1.616287E-01,3.639279E-02,-1.221224E-02,3.467438E-03,-1.615186E-01,2.508973E-02,0.000000E+00,0.000000E+00,2.538629E+00
2.020000E-01,-5.550765E-03,3.203674E-03,-1.629996E-01,3.880946E-02,-1.237572E-02,3.479377E-03,-1.634788E-01,1.193923E-02,0.000000E+00,0.000000E+00,2.313279E+00
2.030000E-01,-5.716203E-03,3.251160E-03,-1.654380E-01,4.748534E-02,-1.254222E-02,3.478056E-03,-1.664992E-01,-1.321137E-03,0.000000E+00,0.000000E+00,1.903807E+00
2.040000E-01,-5.885421E-03,3.313606E-03,-1.692187E-01,6.244608E-02,-1.271263E-02,3.465218E-03,-1.704107E-01,-1.283786E-02,0.000000E+00,0.000000E+00,1.272163E+00
2.050000E-01,-6.058196E-03,3.385917E-03,-1.727749E-01,7.231126E-02,-1.288569E-02,3.444623E-03,-1.730644E-01,-2.059485E-02,0.000000E+00,0.000000E+00,4.926461E-01
2.060000E-01,-6.231467E-03,3.450505E-03,-1.732706E-01,6.458813E-02,-1.305793E-02,3.411156E-03,-1.722325E-01,-3.346750E-02,0.000000E+00,0.000000E+00,-3.302628E-01
2.070000E-01,-6.405218E-03,3.507403E-03,-1.737514E-01,5.689760E-02,-1.322912E-02,3.365132E-03,-1.711884E-01,-4.602420E-02,0.000000E+00,0.000000E+00,-1.194384E+00
2.080000E-01,-6.579450E-03,3.556411E-03,-1.742312E-01,4.900790E-02,-1.339909E-02,3.307167E-03,-1.699715E-01,-5.796516E-02,0.000000E+00,0.000000E+00,-2.093115E+00
2.090000E-01,-6.754128E-03,3.597043E-03,-1.746783E-01,4.063245E-02,-1.356772E-02,3.238205E-03,-1.686281E-01,-6.896151E-02,0.000000E+00,0.000000E+00,-3.014702E+00
2.100000E-01,-6.929171E-03,3.628579E-03,-1.750428E-01,3.153532E-02,-1.373495E-02,3.159451E-03,-1.672317E-01,-7.875365E-02,0.000000E+00,0.000000E+00,-3.943202E+00
2.110000E-01,-7.098044E-03,3.648227E-03,-1.688735E-01,1.964808E-02,-1.389712E-02,3.102687E-03,-1.621724E-01,-5.676407E-02,0.000000E+00,0.000000E+00,-4.587429E+00
2.120000E-01,-7.249089E-03,3.652550E-03,-1.510450E-01,4.323382E-03,-1.404839E-02,3.120621E-03,-1.512687E-01,1.793366E-02,0.000000E+00,0.000000E+00,-4.473305E+00
2.130000E-01,-7.392906E-03,3.643674E-03,-1.438163E-01,-8.876505E-03,-1.419511E-02,3.161445E-03,-1.467249E-01,4.082428E-02,0.000000E+00,0.000000E+00,-4.055079E+00
2.140000E-01,-7.534216E-03,3.621775E-03,-1.413101E-01,-2.189885E-02,-1.433985E-02,3.203089E-03,-1.447327E-01,4.164325E-02,0.000000E+00,0.000000E+00,-3.520431E+00
2.150000E-01,-7.674688E-03,3.587616E-03,-1.404725E-01,-3.415824E-02,-1.448346E-02,3.237633E-03,-1.436131E-01,3.454464E-02,0.000000E+00,0.000000E+00,-2.942518E+00
2.160000E-01,-7.815123E-03,3.543452E-03,-1.404346E-01,-4.416483E-02,-1.462660E-02,3.266285E-03,-1.431427E-01,2.865137E-02,0.000000E+00,0.000000E+00,-2.330147E+00
2.170000E-01,-7.956951E-03,3.491354E-03,-1.418283E-01,-5.209774E-02,-1.477063E-02,3.295633E-03,-1.440280E-01,2.934839E-02,0.000000E+00,0.000000E+00,-1.645352E+00
2.180000E-01,-8.099013E-03,3.430149E-03,-1.420615E-01,-6.120509E-02,-1.491403E-02,3.317902E-03,-1.433976E-01,2.226953E-02,0.000000E+00,0.000000E+00,-9.436012E-01
2.190000E-01,-8.240849E-03,3.359864E-03,-1.418365E-01,-7.028449E-02,-1.505626E-02,3.329264E-03,-1.422368E-01,1.136173E-02,0.000000E+00,0.000000E+00,-2.572465E-01
2.200000E-01,-8.383383E-03,3.291717E-03,-1.425339E-01,-6.814723E-02,-1.519852E-02,3.318197E-03,-1.422565E-01,-1.106746E-02,0.000000E+00,0.000000E+00,2.226174E-01
2.210000E-01,-8.528550E-03,3.243886E-03,-1.451667E-01,-4.783138E-02,-1.534376E-02,3.267752E-03,-1.452395E-01,-5.044431E-02,0.000000E+00,0.000000E+00,2.006484E-01
2.220000E-01,-8.674468E-03,3.200471E-03,-1.459186E-01,-4.341445E-02,-1.549019E-02,3.192560E-03,-1.464320E-01,-7.519248E-02,0.000000E+00,0.000000E+00,-6.650510E-02
2.230000E-01,-8.826772E-03,3.199230E-03,-1.523035E-01,-1.241317E-03,-1.564253E-02,3.177752E-03,-1.523406E-01,-1.480752E-02,0.000000E+00,0.000000E+00,-1.805466E-01
2.240000E-01,-8.989899E-03,3.241196E-03,-1.631278E-01,4.196607E-02,-1.580506E-02,3.187909E-03,-1.625227E-01,1.015617E-02,0.000000E+00,0.000000E+00,-4.479835E-01
2.250000E-01,-9.155860E-03,3.287938E-03,-1.659601E-01,4.674183E-02,-1.597005E-02,3.200767E-03,-1.649959E-01,1.285821E-02,0.000000E+00,0.000000E+00,-7.329198E-01
2.260000E-01,-9.322844E-03,3.327643E-03,-1.669847E-01,3.970518E-02,-1.613582E-02,3.212783E-03,-1.657703E-01,1.201648E-02,0.000000E+00,0.000000E+00,-9.658554E-01
2.270000E-01,-9.490623E-03,3.358464E-03,-1.677787E-01,3.082088E-02,-1.630228E-02,3.221729E-03,-1.664542E-01,8.945228E-03,0.000000E+00,0.000000E+00,-1.149986E+00
2.280000E-01,-9.659902E-03,3.380879E-03,-1.692791E-01,2.241553E-02,-1.647020E-02,3.227934E-03,-1.679259E-01,6.205801E-03,0.000000E+00,0.000000E+00,-1.286527E+00
2.290000E-01,-9.831511E-03,3.394205E-03,-1.716086E-01,1.332562E-02,-1.664064E-02,3.236020E-03,-1.704399E-01,8.085576E-03,0.000000E+00,0.000000E+00,-1.330817E+00
2.300000E-01,-1.000592E-02,3.401214E-03,-1.744081E-01,7.009326E-03,-1.681394E-02,3.247318E-03,-1.733015E-01,1.129777E-02,0.000000E+00,0.000000E+00,-1.294961E+00
2.310000E-01,-1.018083E-02,3.400427E-03,-1.749141E-01,-7.871693E-04,-1.698767E-02,3.249477E-03,-1.737313E-01,2.158966E-03,0.000000E+00,0.000000E+00,-1.270400E+00
2.320000E-01,-1.035539E-02,3.391092E-03,-1.745539E-01,-9.335432E-03,-1.716099E-02,3.238747E-03,-1.733174E-01,-1.072984E-02,0.000000E+00,0.000000E+00,-1.282364E+00
2.330000E-01,-1.052938E-02,3.373418E-03,-1.739965E-01,-1.767417E-02,-1.733374E-02,3.215295E-03,-1.727499E-01,-2.345143E-02,0.000000E+00,0.000000E+00,-1.331221E+00
2.340000E-01,-1.070542E-02,3.344114E-03,-1.760412E-01,-2.930344E-02,-1.750908E-02,3.199084E-03,-1.753401E-01,-1.621114E-02,0.000000E+00,0.000000E+00,-1.221158E+00
2.350000E-01,-1.088683E-02,3.298717E-03,-1.814074E-01,-4.539691E-02,-1.769062E-02,3.214026E-03,-1.815364E-01,1.494222E-02,0.000000E+00,0.000000E+00,-7.131577E-01
2.360000E-01,-1.106666E-02,3.257904E-03,-1.798275E-01,-4.081349E-02,-1.787017E-02,3.233950E-03,-1.795519E-01,1.992308E-02,0.000000E+00,0.000000E+00,-2.017294E-01
2.370000E-01,-1.123929E-02,3.254859E-03,-1.726301E-01,-3.044332E-03,-1.804269E-02,3.262099E-03,-1.725178E-01,2.814905E-02,0.000000E+00,0.000000E+00,6.096587E-02
2.380000E-01,-1.140789E-02,3.258006E-03,-1.685986E-01,3.146408E-03,-1.821147E-02,3.288928E-03,-1.687788E-01,2.682969E-02,0.000000E+00,0.000000E+00,2.604093E-01
2.390000E-01,-1.157019E-02,3.280541E-03,-1.622992E-01,2.253473E-02,-1.837375E-02,3.300275E-03,-1.622804E-01,1.134639E-02,0.000000E+00,0.000000E+00,1.661893E-01
2.400000E-01,-1.172960E-02,3.306754E-03,-1.594098E-01,2.621327E-02,-1.853304E-02,3.299492E-03,-1.592899E-01,-7.826071E-04,0.000000E+00,0.000000E+00,-6.115547E-02
2.410000E-01,-1.188785E-02,3.324527E-03,-1.582507E-01,1.777333E-02,-1.869125E-02,3.287882E-03,-1.582141E-01,-1.161024E-02,0.000000E+00,0.000000E+00,-3.086106E-01
2.420000E-01,-1.204502E-02,3.333238E-03,-1.571754E-01,8.710626E-03,-1.884848E-02,3.265968E-03,-1.572270E-01,-2.191357E-02,0.000000E+00,0.000000E+00,-5.664966E-01
2.430000E-01,-1.220119E-02,3.333275E-03,-1.561629E-01,3.683680E-05,-1.900474E-02,3.233608E-03,-1.562638E-01,-3.236046E-02,0.000000E+00,0.000000E+00,-8.392787E-01
2.440000E-01,-1.235643E-02,3.325046E-03,-1.552448E-01,-8.228679E-03,-1.916008E-02,3.190742E-03,-1.553397E-01,-4.286588E-02,0.000000E+00,0.000000E+00,-1.130871E+00
2.450000E-01,-1.251089E-02,3.308904E-03,-1.544641E-01,-1.614189E-02,-1.931456E-02,3.137411E-03,-1.544823E-01,-5.333088E-02,0.000000E+00,0.000000E+00,-1.443889E+00
2.460000E-01,-1.266476E-02,3.285073E-03,-1.538661E-01,-2.383147E-02,-1.946829E-02,3.073726E-03,-1.537258E-01,-6.368536E-02,0.000000E+00,0.000000E+00,-1.779281E+00
2.470000E-01,-1.281712E-02,3.259215E-03,-1.523610E-01,-2.585750E-02,-1.962103E-02,3.029309E-03,-1.527454E-01,-4.441681E-02,0.000000E+00,0.000000E+00,-1.935305E+00
2.480000E-01,-1.296547E-02,3.215342E-03,-1.483493E-01,-4.387293E-02,-1.977210E-02,3.045779E-03,-1.510687E-01,1.647012E-02,0.000000E+00,0.000000E+00,-1.427026E+00
2.490000E-01,-1.311250E-02,3.209143E-03,-1.470284E-01,-6.199295E-03,-1.992072E-02,3.085529E-03,-1.486197E-01,3.975049E-02,0.000000E+00,0.000000E+00,-1.040175E+00
2.500000E-01,-1.325840E-02,3.219885E-03,-1.459005E-01,1.074241E-02,-2.006765E-02,3.134790E-03,-1.469238E-01,4.926036E-02,0.000000E+00,0.000000E+00,-7.159901E-01
2.510000E-01,-1.340503E-02,3.233053E-03,-1.466289E-01,1.316755E-02,-2.021507E-02,3.184890E-03,-1.474279E-01,5.010060E-02,0.000000E+00,0.000000E+00,-4.052034E-01
2.520000E-01,-1.355351E-02,3.245332E-03,-1.484775E-01,1.227900E-02,-2.036425E-02,3.237724E-03,-1.491721E-01,5.283372E-02,0.000000E+00,0.000000E+00,-6.399969E-02
2.530000E-01,-1.370489E-02,3.258314E-03,-1.513850E-01,1.298176E-02,-2.051619E-02,3.296502E-03,-1.519383E-01,5.877795E-02,0.000000E+00,0.000000E+00,3.212341E-01
2.540000E-01,-1.386078E-02,3.270714E-03,-1.558884E-01,1.240016E-02,-2.067223E-02,3.357891E-03,-1.560470E-01,6.138888E-02,0.000000E+00,0.000000E+00,7.332675E-01
2.550000E-01,-1.401935E-02,3.287615E-03,-1.585687E-01,1.690100E-02,-2.083064E-02,3.410422E-03,-1.584099E-01,5.253151E-02,0.000000E+00,0.000000E+00,1.032932E+00
2.560000E-01,-1.418011E-02,3.307194E-03,-1.607573E-01,1.957937E-02,-2.099112E-02,3.453738E-03,-1.604735E-01,4.331504E-02,0.000000E+00,0.000000E+00,1.232567E+00
2.570000E-01,-1.434063E-02,3.317679E-03,-1.605195E-01,1.048504E-02,-2.115139E-02,3.484002E-03,-1.602752E-01,3.026454E-02,0.000000E+00,0.000000E+00,1.398919E+00
2.580000E-01,-1.450064E-02,3.319540E-03,-1.600177E-01,1.861018E-03,-2.131131E-02,3.500731E-03,-1.599215E-01,1.672875E-02,0.000000E+00,0.000000E+00,1.523934E+00
2.590000E-01,-1.466063E-02,3.320278E-03,-1.599903E-01,7.381370E-04,-2.147188E-02,3.497712E-03,-1.605632E-01,-3.018385E-03,0.000000E+00,0.000000E+00,1.492228E+00
2.600000E-01,-1.482102E-02,3.326390E-03,-1.603845E-01,6.111300E-03,-2.163398E-02,3.467627E-03,-1.621062E-01,-3.008588E-02,0.000000E+00,0.000000E+00,1.187607E+00
2.610000E-01,-1.498104E-02,3.329912E-03,-1.600211E-01,3.522500E-03,-2.179579E-02,3.421869E-03,-1.618124E-01,-4.575723E-02,0.000000E+00,0.000000E+00,7.730935E-01
2.620000E-01,-1.513992E-02,3.327074E-03,-1.588788E-01,-2.837929E-03,-2.195623E-02,3.363080E-03,-1.604319E-01,-5.878976E-02,0.000000E+00,0.000000E+00,3.026477E-01
2.630000E-01,-1.529759E-02,3.318327E-03,-1.576675E-01,-8.747440E-03,-2.211498E-02,3.290863E-03,-1.587527E-01,-7.221659E-02,0.000000E+00,0.000000E+00,-2.308135E-01
2.640000E-01,-1.545424E-02,3.302533E-03,-1.566518E-01,-1.579419E-02,-2.227207E-02,3.206623E-03,-1.570890E-01,-8.423981E-02,0.000000E+00,0.000000E+00,-8.059510E-01
2.650000E-01,-1.560900E-02,3.284266E-03,-1.547667E-01,-1.826619E-02,-2.242680E-02,3.126940E-03,-1.547351E-01,-7.968304E-02,0.000000E+00,0.000000E+00,-1.321911E+00
2.660000E-01,-1.575728E-02,3.255661E-03,-1.482728E-01,-2.860496E-02,-2.257578E-02,3.086549E-03,-1.489815E-01,-4.039084E-02,0.000000E+00,0.000000E+00,-1.420754E+00
2.670000E-01,-1.590329E-02,3.217772E-03,-1.460166E-01,-3.788917E-02,-2.272303E-02,3.055485E-03,-1.472496E-01,-3.106414E-02,0.000000E+00,0.000000E+00,-1.363191E+00
2.680000E-01,-1.604796E-02,3.180129E-03,-1.446668E-01,-3.764288E-02,-2.286911E-02,3.024245E-03,-1.460805E-01,-3.124065E-02,0.000000E+00,0.000000E+00,-1.309161E+00
2.690000E-01,-1.619196E-02,3.155271E-03,-1.440019E-01,-2.485798E-02,-2.301458E-02,2.998531E-03,-1.454654E-01,-2.571395E-02,0.000000E+00,0.000000E+00,-1.316064E+00
2.700000E-01,-1.633943E-02,3.133390E-03,-1.474694E-01,-2.188112E-02,-2.316347E-02,2.974750E-03,-1.488903E-01,-2.378042E-02,0.000000E+00,0.000000E+00,-1.331729E+00
2.710000E-01,-1.649030E-02,3.119801E-03,-1.508681E-01,-1.358953E-02,-2.331528E-02,2.946596E-03,-1.518123E-01,-2.815394E-02,0.000000E+00,0.000000E+00,-1.453741E+00
2.720000E-01,-1.664147E-02,3.108503E-03,-1.511667E-01,-1.129766E-02,-2.346754E-02,2.932461E-03,-1.522537E-01,-1.413569E-02,0.000000E+00,0.000000E+00,-1.477315E+00
2.730000E-01,-1.678874E-02,3.128444E-03,-1.472707E-01,1.994052E-02,-2.361571E-02,2.961166E-03,-1.481781E-01,2.870516E-02,0.000000E+00,0.000000E+00,-1.403608E+00
2.740000E-01,-1.693447E-02,3.152251E-03,-1.457344E-01,2.380735E-02,-2.376256E-02,3.013600E-03,-1.468439E-01,5.243434E-02,0.000000E+00,0.000000E+00,-1.163286E+00
2.750000E-01,-1.708349E-02,3.181975E-03,-1.490141E-01,2.972406E-02,-2.391235E-02,3.067632E-03,-1.497877E-01,5.403179E-02,0.000000E+00,0.000000E+00,-9.592768E-01
2.760000E-01,-1.723981E-02,3.227719E-03,-1.563202E-01,4.574442E-02,-2.406900E-02,3.126099E-03,-1.566499E-01,5.846687E-02,0.000000E+00,0.000000E+00,-8.525180E-01
2.770000E-01,-1.740090E-02,3.275199E-03,-1.610935E-01,4.747919E-02,-2.423039E-02,3.187816E-03,-1.613900E-01,6.171699E-02,0.000000E+00,0.000000E+00,-7.330563E-01
2.780000E-01,-1.756688E-02,3.322075E-03,-1.659861E-01,4.687626E-02,-2.439670E-02,3.254168E-03,-1.663138E-01,6.635272E-02,0.000000E+00,0.000000E+00,-5.696531E-01
2.790000E-01,-1.773633E-02,3.361050E-03,-1.694495E-01,3.897479E-02,-2.456659E-02,3.321360E-03,-1.698896E-01,6.719135E-02,0.000000E+00,0.000000E+00,-3.329360E-01
2.800000E-01,-1.790698E-02,3.387706E-03,-1.706463E-01,2.665637E-02,-2.473780E-02,3.377806E-03,-1.712099E-01,5.644671E-02,0.000000E+00,0.000000E+00,-8.303579E-02
2.810000E-01,-1.807789E-02,3.404525E-03,-1.709108E-01,1.681860E-02,-2.490921E-02,3.422310E-03,-1.714132E-01,4.450366E-02,0.000000E+00,0.000000E+00,1.491706E-01
2.820000E-01,-1.824869E-02,3.413024E-03,-1.707995E-01,8.499651E-03,-2.508044E-02,3.454251E-03,-1.712228E-01,3.194062E-02,0.000000E+00,0.000000E+00,3.457498E-01
2.830000E-01,-1.841922E-02,3.413791E-03,-1.705252E-01,7.668997E-04,-2.525137E-02,3.473151E-03,-1.709314E-01,1.890011E-02,0.000000E+00,0.000000E+00,4.977896E-01
2.840000E-01,-1.858931E-02,3.407309E-03,-1.700899E-01,-6.481719E-03,-2.542190E-02,3.478824E-03,-1.705352E-01,5.672728E-03,0.000000E+00,0.000000E+00,5.996708E-01
2.850000E-01,-1.875886E-02,3.393803E-03,-1.695538E-01,-1.350667E-02,-2.559197E-02,3.471543E-03,-1.700700E-01,-7.280055E-03,0.000000E+00,0.000000E+00,6.518295E-01
2.860000E-01,-1.892788E-02,3.373065E-03,-1.690223E-01,-2.073744E-02,-2.576158E-02,3.452083E-03,-1.696067E-01,-1.946071E-02,0.000000E+00,0.000000E+00,6.624769E-01
2.870000E-01,-1.909646E-02,3.344432E-03,-1.685824E-01,-2.863289E-02,-2.593078E-02,3.421547E-03,-1.692060E-01,-3.053562E-02,0.000000E+00,0.000000E+00,6.464670E-01
2.880000E-01,-1.926472E-02,3.306939E-03,-1.682574E-01,-3.749357E-02,-2.609967E-02,3.381133E-03,-1.688835E-01,-4.041450E-02,0.000000E+00,0.000000E+00,6.219253E-01
2.890000E-01,-1.943274E-02,3.259543E-03,-1.680170E-01,-4.739619E-02,-2.626828E-02,3.331930E-03,-1.686158E-01,-4.920291E-02,0.000000E+00,0.000000E+00,6.067286E-01
2.900000E-01,-1.959772E-02,3.214519E-03,-1.649836E-01,-4.502379E-02,-2.643399E-02,3.278289E-03,-1.657062E-01,-5.364046E-02,0.000000E+00,0.000000E+00,5.344540E-01
2.910000E-01,-1.975239E-02,3.194205E-03,-1.546660E-01,-2.031407E-02,-2.658962E-02,3.243508E-03,-1.556304E-01,-3.478085E-02,0.000000E+00,0.000000E+00,4.131558E-01
2.920000E-01,-1.989818E-02,3.179311E-03,-1.457879E-01,-1.489356E-02,-2.673617E-02,3.247152E-03,-1.465513E-01,3.643403E-03,0.000000E+00,0.000000E+00,5.684200E-01
2.930000E-01,-2.004631E-02,3.182327E-03,-1.481342E-01,3.015609E-03,-2.688478E-02,3.255130E-03,-1.486121E-01,7.977923E-03,0.000000E+00,0.000000E+00,6.099524E-01
2.940000E-01,-2.020074E-02,3.196782E-03,-1.544251E-01,1.445471E-02,-2.703959E-02,3.262596E-03,-1.548064E-01,7.465801E-03,0.000000E+00,0.000000E+00,5.513714E-01
2.950000E-01,-2.036094E-02,3.215422E-03,-1.602058E-01,1.864070E-02,-2.720013E-02,3.273970E-03,-1.605382E-01,1.137479E-02,0.000000E+00,0.000000E+00,4.904789E-01
2.960000E-01,-2.052816E-02,3.234879E-03,-1.672182E-01,1.945723E-02,-2.736757E-02,3.295253E-03,-1.674427E-01,2.128259E-02,0.000000E+00,0.000000E+00,5.057533E-01
2.970000E-01,-2.069843E-02,3.237151E-03,-1.702749E-01,2.271106E-03,-2.753787E-02,3.316427E-03,-1.702964E-01,2.117404E-02,0.000000E+00,0.000000E+00,6.640901E-01
2.980000E-01,-2.086855E-02,3.231600E-03,-1.701204E-01,-5.550779E-03,-2.770790E-02,3.325967E-03,-1.700292E-01,9.539629E-03,0.000000E+00,0.000000E+00,7.904966E-01
2.990000E-01,-2.104184E-02,3.244335E-03,-1.732812E-01,1.273557E-02,-2.788128E-02,3.330498E-03,-1.733804E-01,4.531598E-03,0.000000E+00,0.000000E+00,7.217704E-01
3.000000E-01,-2.121641E-02,3.261031E-03,-1.745781E-01,1.669581E-02,-2.805600E-02,3.326094E-03,-1.747211E-01,-4.404447E-03,0.000000E+00,0.000000E+00,5.450184E-01
3.010000E-01,-2.139258E-02,3.285213E-03,-1.761699E-01,2.418178E-02,-2.823225E-02,3.297171E-03,-1.762533E-01,-2.892247E-02,0.000000E+00,0.000000E+00,1.001747E-01
3.020000E-01,-2.157024E-02,3.310869E-03,-1.776590E-01,2.565630E-02,-2.840929E-02,3.250225E-03,-1.770384E-01,-4.694616E-02,0.000000E+00,0.000000E+00,-5.080476E-01
3.030000E-01,-2.174937E-02,3.334663E-03,-1.791306E-01,2.379396E-02,-2.858676E-02,3.193484E-03,-1.774670E-01,-5.674153E-02,0.000000E+00,0.000000E+00,-1.182886E+00
3.040000E-01,-2.192986E-02,3.347921E-03,-1.804875E-01,1.325803E-02,-2.876528E-02,3.151133E-03,-1.785188E-01,-4.235036E-02,0.000000E+00,0.000000E+00,-1.649060E+00
3.050000E-01,-2.210995E-02,3.345804E-03,-1.800844E-01,-2.117552E-03,-2.894485E-02,3.156510E-03,-1.795727E-01,5.376458E-03,0.000000E+00,0.000000E+00,-1.586412E+00
3.060000E-01,-2.228601E-02,3.332329E-03,-1.760656E-01,-1.347474E-02,-2.912091E-02,3.176755E-03,-1.760655E-01,2.024510E-02,0.000000E+00,0.000000E+00,-1.303925E+00
3.070000E-01,-2.245747E-02,3.306376E-03,-1.714553E-01,-2.595303E-02,-2.929256E-02,3.214631E-03,-1.716441E-01,3.787623E-02,0.000000E+00,0.000000E+00,-7.690138E-01
3.080000E-01,-2.262490E-02,3.267998E-03,-1.674330E-01,-3.837774E-02,-2.945953E-02,3.269845E-03,-1.669734E-01,5.521363E-02,0.000000E+00,0.000000E+00,1.547924E-02
3.090000E-01,-2.279213E-02,3.256623E-03,-1.672324E-01,-1.137510E-02,-2.962510E-02,3.343179E-03,-1.655667E-01,7.333464E-02,0.000000E+00,0.000000E+00,7.257522E-01
3.100000E-01,-2.295890E-02,3.262780E-03,-1.667659E-01,6.156896E-03,-2.978987E-02,3.405945E-03,-1.647714E-01,6.276611E-02,0.000000E+00,0.000000E+00,1.200645E+00
3.110000E-01,-2.312366E-02,3.273553E-03,-1.647620E-01,1.077336E-02,-2.995272E-02,3.454913E-03,-1.628531E-01,4.896713E-02,0.000000E+00,0.000000E+00,1.521245E+00
3.120000E-01,-2.328671E-02,3.285588E-03,-1.630548E-01,1.203434E-02,-3.011403E-02,3.493244E-03,-1.613058E-01,3.833170E-02,0.000000E+00,0.000000E+00,1.742146E+00
3.130000E-01,-2.344851E-02,3.296946E-03,-1.617938E-01,1.135798E-02,-3.027444E-02,3.518725E-03,-1.604152E-01,2.548116E-02,0.000000E+00,0.000000E+00,1.860928E+00
3.140000E-01,-2.361025E-02,3.301759E-03,-1.617445E-01,4.813705E-03,-3.043506E-02,3.531950E-03,-1.606116E-01,1.322506E-02,0.000000E+00,0.000000E+00,1.931775E+00
3.150000E-01,-2.377222E-02,3.299187E-03,-1.619628E-01,-2.572321E-03,-3.059618E-02,3.532197E-03,-1.611217E-01,2.462522E-04,0.000000E+00,0.000000E+00,1.955651E+00
3.160000E-01,-2.393455E-02,3.288791E-03,-1.623385E-01,-1.039630E-02,-3.075791E-02,3.520458E-03,-1.617316E-01,-1.173890E-02,0.000000E+00,0.000000E+00,1.944564E+00
3.170000E-01,-2.409744E-02,3.269978E-03,-1.628818E-01,-1.881229E-02,-3.092034E-02,3.497712E-03,-1.624346E-01,-2.274621E-02,0.000000E+00,0.000000E+00,1.911693E+00
3.180000E-01,-2.426088E-02,3.242820E-03,-1.634467E-01,-2.715853E-02,-3.108353E-02,3.463453E-03,-1.631820E-01,-3.425843E-02,0.000000E+00,0.000000E+00,1.852208E+00
3.190000E-01,-2.442487E-02,3.207153E-03,-1.639918E-01,-3.566714E-02,-3.124743E-02,3.417279E-03,-1.639067E-01,-4.617375E-02,0.000000E+00,0.000000E+00,1.764084E+00
3.200000E-01,-2.458916E-02,3.152451E-03,-1.642828E-01,-5.470185E-02,-3.141107E-02,3.366570E-03,-1.636396E-01,-5.070954E-02,0.000000E+00,0.000000E+00,1.797749E+00
3.210000E-01,-2.475167E-02,3.065189E-03,-1.625082E-01,-8.726238E-02,-3.157076E-02,3.329842E-03,-1.596927E-01,-3.672834E-02,0.000000E+00,0.000000E+00,2.222565E+00
3.220000E-01,-2.491388E-02,2.957979E-03,-1.622105E-01,-1.072099E-01,-3.172892E-02,3.292098E-03,-1.581542E-01,-3.774367E-02,0.000000E+00,0.000000E+00,2.806777E+00
3.230000E-01,-2.506017E-02,2.942476E-03,-1.462966E-01,-1.550318E-02,-3.187388E-02,3.281122E-03,-1.449606E-01,-1.097588E-02,0.000000E+00,0.000000E+00,2.845303E+00
3.240000E-01,-2.520108E-02,2.967114E-03,-1.409084E-01,2.463804E-02,-3.201504E-02,3.282943E-03,-1.411577E-01,1.821409E-03,0.000000E+00,0.000000E+00,2.653785E+00
3.250000E-01,-2.534012E-02,3.006014E-03,-1.390357E-01,3.890066E-02,-3.215502E-02,3.286342E-03,-1.399846E-01,3.398442E-03,0.000000E+00,0.000000E+00,2.355505E+00
3.260000E-01,-2.547858E-02,3.055003E-03,-1.384676E-01,4.898886E-02,-3.229456E-02,3.290492E-03,-1.395375E-01,4.150177E-03,0.000000E+00,0.000000E+00,1.978757E+00
3.270000E-01,-2.561867E-02,3.110185E-03,-1.400894E-01,5.518220E-02,-3.243574E-02,3.287175E-03,-1.411816E-01,-3.316843E-03,0.000000E+00,0.000000E+00,1.487223E+00
3.280000E-01,-2.576207E-02,3.176629E-03,-1.433967E-01,6.644363E-02,-3.258010E-02,3.272185E-03,-1.443562E-01,-1.498978E-02,0.000000E+00,0.000000E+00,8.029634E-01
3.290000E-01,-2.590966E-02,3.257652E-03,-1.475862E-01,8.102355E-02,-3.272768E-02,3.245166E-03,-1.475870E-01,-2.701904E-02,0.000000E+00,0.000000E+00,-1.049277E-01
3.300000E-01,-2.606174E-02,3.350964E-03,-1.520877E-01,9.331195E-02,-3.287787E-02,3.211107E-03,-1.501848E-01,-3.405905E-02,0.000000E+00,0.000000E+00,-1.175462E+00
3.310000E-01,-2.621617E-02,3.441585E-03,-1.544284E-01,9.062030E-02,-3.302783E-02,3.168258E-03,-1.499638E-01,-4.284892E-02,0.000000E+00,0.000000E+00,-2.297832E+00
3.320000E-01,-2.637229E-02,3.525092E-03,-1.561161E-01,8.350700E-02,-3.317668E-02,3.114992E-03,-1.488453E-01,-5.326620E-02,0.000000E+00,0.000000E+00,-3.449036E+00
3.330000E-01,-2.653040E-02,3.602015E-03,-1.581088E-01,7.692314E-02,-3.332444E-02,3.050838E-03,-1.477653E-01,-6.415427E-02,0.000000E+00,0.000000E+00,-4.638048E+00
3.340000E-01,-2.668250E-02,3.644287E-03,-1.521010E-01,4.227234E-02,-3.347057E-02,3.030349E-03,-1.461230E-01,-2.048855E-02,0.000000E+00,0.000000E+00,-5.167981E+00
3.350000E-01,-2.683852E-02,3.676602E-03,-1.560196E-01,3.231450E-02,-3.362555E-02,3.051963E-03,-1.549808E-01,2.161363E-02,0.000000E+00,0.000000E+00,-5.258358E+00
3.360000E-01,-2.699738E-02,3.700026E-03,-1.588637E-01,2.342414E-02,-3.378490E-02,3.079233E-03,-1.593503E-01,2.727036E-02,0.000000E+00,0.000000E+00,-5.225787E+00
3.370000E-01,-2.715803E-02,3.713415E-03,-1.606430E-01,1.338933E-02,-3.394697E-02,3.105335E-03,-1.620761E-01,2.610128E-02,0.000000E+00,0.000000E+00,-5.118278E+00
3.380000E-01,-2.732033E-02,3.716148E-03,-1.623043E-01,2.732921E-03,-3.411145E-02,3.127991E-03,-1.644761E-01,2.265619E-02,0.000000E+00,0.000000E+00,-4.949854E+00
3.390000E-01,-2.748439E-02,3.707294E-03,-1.640640E-01,-8.853692E-03,-3.427854E-02,3.148538E-03,-1.670863E-01,2.054671E-02,0.000000E+00,0.000000E+00,-4.701480E+00
3.400000E-01,-2.765067E-02,3.685851E-03,-1.662807E-01,-2.144328E-02,-3.444884E-02,3.169527E-03,-1.703052E-01,2.098930E-02,0.000000E+00,0.000000E+00,-4.343306E+00
3.410000E-01,-2.781976E-02,3.650939E-03,-1.690907E-01,-3.491182E-02,-3.462299E-02,3.194248E-03,-1.741463E-01,2.472122E-02,0.000000E+00,0.000000E+00,-3.840428E+00
3.420000E-01,-2.799227E-02,3.601547E-03,-1.725014E-01,-4.939238E-02,-3.480128E-02,3.225111E-03,-1.782969E-01,3.086278E-02,0.000000E+00,0.000000E+00,-3.164372E+00
3.430000E-01,-2.816877E-02,3.538027E-03,-1.765031E-01,-6.351954E-02,-3.498360E-02,3.263107E-03,-1.823174E-01,3.799659E-02,0.000000E+00,0.000000E+00,-2.310140E+00
3.440000E-01,-2.834736E-02,3.463814E-03,-1.785890E-01,-7.421356E-02,-3.516666E-02,3.294895E-03,-1.830584E-01,3.178756E-02,0.000000E+00,0.000000E+00,-1.418966E+00
3.450000E-01,-2.852732E-02,3.380772E-03,-1.799605E-01,-8.304206E-02,-3.534946E-02,3.315937E-03,-1.828040E-01,2.104208E-02,0.000000E+00,0.000000E+00,-5.444974E-01
3.460000E-01,-2.870846E-02,3.289600E-03,-1.811425E-01,-9.117216E-02,-3.553190E-02,3.325328E-03,-1.824325E-01,9.390594E-03,0.000000E+00,0.000000E+00,3.000030E-01
3.470000E-01,-2.889576E-02,3.262391E-03,-1.873025E-01,-2.720829E-02,-3.572019E-02,3.337078E-03,-1.882934E-01,1.175071E-02,0.000000E+00,0.000000E+00,6.270250E-01
3.480000E-01,-2.909057E-02,3.271880E-03,-1.948072E-01,9.488299E-03,-3.591674E-02,3.347260E-03,-1.965517E-01,1.018203E-02,0.000000E+00,0.000000E+00,6.326869E-01
3.490000E-01,-2.928703E-02,3.281881E-03,-1.964639E-01,1.000112E-02,-3.611506E-02,3.347225E-03,-1.983207E-01,-3.561007E-05,0.000000E+00,0.000000E+00,5.483029E-01
3.500000E-01,-2.948490E-02,3.292662E-03,-1.978653E-01,1.078154E-02,-3.631456E-02,3.323734E-03,-1.994967E-01,-2.349092E-02,0.000000E+00,0.000000E+00,2.606663E-01
3.510000E-01,-2.968602E-02,3.317412E-03,-2.011173E-01,2.474966E-02,-3.651617E-02,3.259848E-03,-2.016165E-01,-6.388593E-02,0.000000E+00,0.000000E+00,-4.828721E-01
3.520000E-01,-2.988873E-02,3.346860E-03,-2.027086E-01,2.944823E-02,-3.671827E-02,3.210691E-03,-2.020936E-01,-4.915649E-02,0.000000E+00,0.000000E+00,-1.142222E+00
3.530000E-01,-3.009268E-02,3.370657E-03,-2.039512E-01,2.379676E-02,-3.692106E-02,3.165893E-03,-2.027911E-01,-4.479818E-02,0.000000E+00,0.000000E+00,-1.717621E+00
3.540000E-01,-3.029799E-02,3.387249E-03,-2.053099E-01,1.659179E-02,-3.712460E-02,3.115455E-03,-2.035443E-01,-5.043788E-02,0.000000E+00,0.000000E+00,-2.279956E+00
3.550000E-01,-3.050420E-02,3.395958E-03,-2.062147E-01,8.709118E-03,-3.732833E-02,3.055889E-03,-2.037257E-01,-5.956633E-02,0.000000E+00,0.000000E+00,-2.852877E+00
3.560000E-01,-3.071105E-02,3.396282E-03,-2.068526E-01,3.238545E-04,-3.753184E-02,2.985328E-03,-2.035086E-01,-7.056131E-02,0.000000E+00,0.000000E+00,-3.447917E+00
3.570000E-01,-3.090921E-02,3.350304E-03,-1.981574E-01,-4.597794E-02,-3.773102E-02,2.941734E-03,-1.991833E-01,-4.359381E-02,0.000000E+00,0.000000E+00,-3.427447E+00
3.580000E-01,-3.109988E-02,3.298443E-03,-1.906640E-01,-5.186054E-02,-3.792677E-02,2.971188E-03,-1.957449E-01,2.945365E-02,0.000000E+00,0.000000E+00,-2.744444E+00
3.590000E-01,-3.128485E-02,3.255115E-03,-1.849729E-01,-4.332828E-02,-3.811650E-02,3.033768E-03,-1.897317E-01,6.258033E-02,0.000000E+00,0.000000E+00,-1.855747E+00
3.600000E-01,-3.146778E-02,3.229477E-03,-1.829292E-01,-2.563828E-02,-3.830205E-02,3.087454E-03,-1.855501E-01,5.368605E-02,0.000000E+00,0.000000E+00,-1.190489E+00
3.610000E-01,-3.164792E-02,3.218461E-03,-1.801433E-01,-1.101558E-02,-3.848359E-02,3.142318E-03,-1.815431E-01,5.486443E-02,0.000000E+00,0.000000E+00,-6.381919E-01
3.620000E-01,-3.182242E-02,3.236400E-03,-1.745004E-01,1.793918E-02,-3.865851E-02,3.205099E-03,-1.749151E-01,6.278047E-02,0.000000E+00,0.000000E+00,-2.623462E-01
3.630000E-01,-3.199636E-02,3.261642E-03,-1.739403E-01,2.524206E-02,-3.883252E-02,3.266758E-03,-1.740111E-01,6.165909E-02,0.000000E+00,0.000000E+00,4.287628E-02
3.640000E-01,-3.217162E-02,3.286603E-03,-1.752582E-01,2.496109E-02,-3.900768E-02,3.323460E-03,-1.751593E-01,5.670181E-02,0.000000E+00,0.000000E+00,3.089058E-01
3.650000E-01,-3.234766E-02,3.306213E-03,-1.760373E-01,1.960934E-02,-3.918351E-02,3.367575E-03,-1.758357E-01,4.411557E-02,0.000000E+00,0.000000E+00,5.143068E-01
3.660000E-01,-3.252406E-02,3.317470E-03,-1.764005E-01,1.125697E-02,-3.935968E-02,3.399757E-03,-1.761653E-01,3.218205E-02,0.000000E+00,0.000000E+00,6.896978E-01
3.670000E-01,-3.270072E-02,3.319913E-03,-1.766652E-01,2.443391E-03,-3.953610E-02,3.420751E-03,-1.764227E-01,2.099353E-02,0.000000E+00,0.000000E+00,8.451860E-01
3.680000E-01,-3.287758E-02,3.313539E-03,-1.768603E-01,-6.374120E-03,-3.971273E-02,3.430431E-03,-1.766272E-01,9.679801E-03,0.000000E+00,0.000000E+00,9.797531E-01
3.690000E-01,-3.305457E-02,3.298283E-03,-1.769836E-01,-1.525584E-02,-3.988950E-02,3.428817E-03,-1.767706E-01,-1.614162E-03,0.000000E+00,0.000000E+00,1.094101E+00
3.700000E-01,-3.323162E-02,3.274040E-03,-1.770506E-01,-2.424277E-02,-4.006636E-02,3.416046E-03,-1.768628E-01,-1.277090E-02,0.000000E+00,0.000000E+00,1.190262E+00
3.710000E-01,-3.340870E-02,3.240690E-03,-1.770844E-01,-3.335059E-02,-4.024328E-02,3.392317E-03,-1.769228E-01,-2.372895E-02,0.000000E+00,0.000000E+00,1.270913E+00
3.720000E-01,-3.358581E-02,3.198126E-03,-1.771039E-01,-4.256362E-02,-4.042025E-02,3.357833E-03,-1.769679E-01,-3.448334E-02,0.000000E+00,0.000000E+00,1.338644E+00
3.730000E-01,-3.376297E-02,3.151649E-03,-1.771601E-01,-4.647728E-02,-4.059761E-02,3.306031E-03,-1.773546E-01,-5.180271E-02,0.000000E+00,0.000000E+00,1.293985E+00
3.740000E-01,-3.393493E-02,3.156138E-03,-1.719639E-01,4.489300E-03,-4.077067E-02,3.242866E-03,-1.730640E-01,-6.316458E-02,0.000000E+00,0.000000E+00,7.268969E-01
3.750000E-01,-3.410290E-02,3.190201E-03,-1.679652E-01,3.406296E-02,-4.093896E-02,3.198613E-03,-1.682893E-01,-4.425334E-02,0.000000E+00,0.000000E+00,7.050133E-02
3.760000E-01,-3.427234E-02,3.236715E-03,-1.694457E-01,4.651355E-02,-4.110831E-02,3.202446E-03,-1.693501E-01,3.832953E-03,0.000000E+00,0.000000E+00,-2.872233E-01
3.770000E-01,-3.444510E-02,3.285489E-03,-1.727593E-01,4.877428E-02,-4.128093E-02,3.216860E-03,-1.726175E-01,1.441426E-02,0.000000E+00,0.000000E+00,-5.752074E-01
3.780000E-01,-3.462165E-02,3.320720E-03,-1.765507E-01,3.523075E-02,-4.145746E-02,3.244384E-03,-1.765365E-01,2.752415E-02,0.000000E+00,0.000000E+00,-6.397959E-01
3.790000E-01,-3.480196E-02,3.340533E-03,-1.803092E-01,1.981362E-02,-4.163796E-02,3.281303E-03,-1.804956E-01,3.691893E-02,0.000000E+00,0.000000E+00,-4.964248E-01
3.800000E-01,-3.498649E-02,3.346999E-03,-1.845327E-01,6.465191E-03,-4.182274E-02,3.330096E-03,-1.847764E-01,4.879244E-02,0.000000E+00,0.000000E+00,-1.416670E-01
3.810000E-01,-3.517292E-02,3.339435E-03,-1.864257E-01,-7.563713E-03,-4.200903E-02,3.377491E-03,-1.862936E-01,4.739540E-02,0.000000E+00,0.000000E+00,3.189578E-01
3.820000E-01,-3.535951E-02,3.324248E-03,-1.865911E-01,-1.518684E-02,-4.219510E-02,3.413468E-03,-1.860689E-01,3.597716E-02,0.000000E+00,0.000000E+00,7.477987E-01
3.830000E-01,-3.554623E-02,3.302036E-03,-1.867228E-01,-2.221171E-02,-4.238102E-02,3.437537E-03,-1.859202E-01,2.406943E-02,0.000000E+00,0.000000E+00,1.135753E+00
3.840000E-01,-3.573308E-02,3.273194E-03,-1.868512E-01,-2.884188E-02,-4.256691E-02,3.449314E-03,-1.858929E-01,1.177667E-02,0.000000E+00,0.000000E+00,1.476286E+00
3.850000E-01,-3.592578E-02,3.276548E-03,-1.926974E-01,3.354051E-03,-4.275987E-02,3.442867E-03,-1.929575E-01,-6.447029E-03,0.000000E+00,0.000000E+00,1.394111E+00
3.860000E-01,-3.611998E-02,3.282745E-03,-1.942016E-01,6.196103E-03,-4.295478E-02,3.420773E-03,-1.949069E-01,-2.209416E-02,0.000000E+00,0.000000E+00,1.156929E+00
3.870000E-01,-3.631410E-02,3.282643E-03,-1.941199E-01,-1.013619E-04,-4.314966E-02,3.384643E-03,-1.948846E-01,-3.613012E-02,0.000000E+00,0.000000E+00,8.548998E-01
3.880000E-01,-3.650805E-02,3.276183E-03,-1.939511E-01,-6.460190E-03,-4.334433E-02,3.334103E-03,-1.946657E-01,-5.053984E-02,0.000000E+00,0.000000E+00,4.854244E-01
3.890000E-01,-3.670024E-02,3.270924E-03,-1.921898E-01,-5.259248E-03,-4.353697E-02,3.272787E-03,-1.926430E-01,-6.131589E-02,0.000000E+00,0.000000E+00,1.561617E-02
3.900000E-01,-3.688867E-02,3.277324E-03,-1.884294E-01,6.400051E-03,-4.372516E-02,3.206971E-03,-1.881866E-01,-6.581580E-02,0.000000E+00,0.000000E+00,-5.895952E-01
3.910000E-01,-3.707671E-02,3.278098E-03,-1.880370E-01,7.737857E-04,-4.391213E-02,3.133428E-03,-1.869723E-01,-7.354323E-02,0.000000E+00,0.000000E+00,-1.212466E+00
3.920000E-01,-3.725738E-02,3.272427E-03,-1.806706E-01,-5.670428E-03,-4.409197E-02,3.093666E-03,-1.798439E-01,-3.976225E-02,0.000000E+00,0.000000E+00,-1.498251E+00
3.930000E-01,-3.743423E-02,3.247576E-03,-1.768488E-01,-2.485128E-02,-4.426890E-02,3.068596E-03,-1.769276E-01,-2.506979E-02,0.000000E+00,0.000000E+00,-1.500064E+00
3.940000E-01,-3.761265E-02,3.213783E-03,-1.784195E-01,-3.379294E-02,-4.444772E-02,3.044589E-03,-1.788246E-01,-2.400699E-02,0.000000E+00,0.000000E+00,-1.417997E+00
3.950000E-01,-3.779394E-02,3.173114E-03,-1.812885E-01,-4.066937E-02,-4.462969E-02,3.023804E-03,-1.819707E-01,-2.078508E-02,0.000000E+00,0.000000E+00,-1.251280E+00
3.960000E-01,-3.797597E-02,3.124256E-03,-1.820338E-01,-4.885757E-02,-4.481236E-02,2.994463E-03,-1.826695E-01,-2.934109E-02,0.000000E+00,0.000000E+00,-1.087665E+00
3.970000E-01,-3.815823E-02,3.074579E-03,-1.822554E-01,-4.967659E-02,-4.499486E-02,2.941718E-03,-1.824977E-01,-5.274502E-02,0.000000E+00,0.000000E+00,-1.113332E+00
3.980000E-01,-3.832786E-02,3.084477E-03,-1.696376E-01,9.897912E-03,-4.516453E-02,2.943576E-03,-1.696730E-01,1.858007E-03,0.000000E+00,0.000000E+00,-1.180679E+00
3.990000E-01,-3.848800E-02,3.124045E-03,-1.601380E-01,3.956780E-02,-4.532499E-02,2.994131E-03,-1.604581E-01,5.055546E-02,0.000000E+00,0.000000E+00,-1.088581E+00
4.000000E-01,-3.864800E-02,3.160242E-03,-1.599980E-01,3.619711E-02,-4.548550E-02,3.053032E-03,-1.605058E-01,5.890102E-02,0.000000E+00,0.000000E+00,-8.983065E-01
4.010000E-01,-3.881108E-02,3.192308E-03,-1.630841E-01,3.206584E-02,-4.564907E-02,3.112517E-03,-1.635752E-01,5.948429E-02,0.000000E+00,0.000000E+00,-6.685450E-01
4.020000E-01,-3.897851E-02,3.223734E-03,-1.674287E-01,3.142600E-02,-4.581691E-02,3.174356E-03,-1.678338E-01,6.183889E-02,0.000000E+00,0.000000E+00,-4.137129E-01
4.030000E-01,-3.915126E-02,3.257103E-03,-1.727470E-01,3.336909E-02,-4.598993E-02,3.240892E-03,-1.730248E-01,6.653648E-02,0.000000E+00,0.000000E+00,-1.358200E-01
4.040000E-01,-3.933043E-02,3.295659E-03,-1.791743E-01,3.855626E-02,-4.616922E-02,3.314594E-03,-1.792874E-01,7.370228E-02,0.000000E+00,0.000000E+00,1.586372E-01
4.050000E-01,-3.951278E-02,3.338651E-03,-1.823440E-01,4.299194E-02,-4.635157E-02,3.380513E-03,-1.823527E-01,6.591849E-02,0.000000E+00,0.000000E+00,3.507128E-01
4.060000E-01,-3.969510E-02,3.373581E-03,-1.823210E-01,3.492984E-02,-4.653385E-02,3.435268E-03,-1.822748E-01,5.475536E-02,0.000000E+00,0.000000E+00,5.168058E-01
4.070000E-01,-3.987738E-02,3.401129E-03,-1.822840E-01,2.754780E-02,-4.671607E-02,3.478243E-03,-1.822259E-01,4.297527E-02,0.000000E+00,0.000000E+00,6.460510E-01
4.080000E-01,-4.005963E-02,3.421868E-03,-1.822511E-01,2.073902E-02,-4.689830E-02,3.508846E-03,-1.822277E-01,3.060267E-02,0.000000E+00,0.000000E+00,7.286811E-01
4.090000E-01,-4.024187E-02,3.436121E-03,-1.822361E-01,1.425283E-02,-4.708058E-02,3.526623E-03,-1.822830E-01,1.777650E-02,0.000000E+00,0.000000E+00,7.581929E-01
4.100000E-01,-4.042411E-02,3.443785E-03,-1.822437E-01,7.663741E-03,-4.726296E-02,3.531466E-03,-1.823712E-01,4.843009E-03,0.000000E+00,0.000000E+00,7.345507E-01
4.110000E-01,-4.060639E-02,3.444239E-03,-1.822774E-01,4.545893E-04,-4.744542E-02,3.523791E-03,-1.824651E-01,-7.674412E-03,0.000000E+00,0.000000E+00,6.664379E-01
4.120000E-01,-4.078873E-02,3.436455E-03,-1.823424E-01,-7.783864E-03,-4.762797E-02,3.504492E-03,-1.825513E-01,-1.929909E-02,0.000000E+00,0.000000E+00,5.699599E-01
4.130000E-01,-4.097117E-02,3.419244E-03,-1.824409E-01,-1.721182E-02,-4.781061E-02,3.474707E-03,-1.826340E-01,-2.978522E-02,0.000000E+00,0.000000E+00,4.646216E-01
4.140000E-01,-4.115375E-02,3.391480E-03,-1.825716E-01,-2.776325E-02,-4.799333E-02,3.435595E-03,-1.827276E-01,-3.911163E-02,0.000000E+00,0.000000E+00,3.695498E-01
4.150000E-01,-4.133648E-02,3.352273E-03,-1.827287E-01,-3.920733E-02,-4.817618E-02,3.388162E-03,-1.828432E-01,-4.743373E-02,0.000000E+00,0.000000E+00,3.006339E-01
4.160000E-01,-4.151937E-02,3.301123E-03,-1.828922E-01,-5.114942E-02,-4.835915E-02,3.333058E-03,-1.829701E-01,-5.510357E-02,0.000000E+00,0.000000E+00,2.675080E-01
4.170000E-01,-4.169154E-02,3.282632E-03,-1.721711E-01,-1.849166E-02,-4.853137E-02,3.296331E-03,-1.722232E-01,-3.672690E-02,0.000000E+00,0.000000E+00,1.147552E-01
4.180000E-01,-4.185713E-02,3.283198E-03,-1.655950E-01,5.656911E-04,-4.869689E-02,3.250096E-03,-1.655246E-01,-4.623525E-02,0.000000E+00,0.000000E+00,-2.772867E-01
4.190000E-01,-4.202477E-02,3.313722E-03,-1.676402E-01,3.052408E-02,-4.886422E-02,3.239147E-03,-1.673306E-01,-1.094885E-02,0.000000E+00,0.000000E+00,-6.247057E-01
4.200000E-01,-4.219949E-02,3.340464E-03,-1.747132E-01,2.674268E-02,-4.903883E-02,3.255823E-03,-1.746064E-01,1.667622E-02,0.000000E+00,0.000000E+00,-7.090345E-01
4.210000E-01,-4.238219E-02,3.360200E-03,-1.827061E-01,1.973612E-02,-4.922172E-02,3.292287E-03,-1.828854E-01,3.646404E-02,0.000000E+00,0.000000E+00,-5.689010E-01
4.220000E-01,-4.257032E-02,3.367345E-03,-1.881243E-01,7.145035E-03,-4.941014E-02,3.346614E-03,-1.884233E-01,5.432670E-02,0.000000E+00,0.000000E+00,-1.736632E-01
4.230000E-01,-4.275853E-02,3.366889E-03,-1.882083E-01,-4.564935E-04,-4.959834E-02,3.388716E-03,-1.881972E-01,4.210218E-02,0.000000E+00,0.000000E+00,1.828411E-01
4.240000E-01,-4.294668E-02,3.359434E-03,-1.881549E-01,-7.454627E-03,-4.978627E-02,3.417984E-03,-1.879293E-01,2.926811E-02,0.000000E+00,0.000000E+00,4.904652E-01
4.250000E-01,-4.313468E-02,3.345375E-03,-1.879965E-01,-1.405976E-02,-4.997392E-02,3.434187E-03,-1.876576E-01,1.620292E-02,0.000000E+00,0.000000E+00,7.439852E-01
4.260000E-01,-4.332249E-02,3.324877E-03,-1.878152E-01,-2.049748E-02,-5.016138E-02,3.437362E-03,-1.874513E-01,3.174831E-03,0.000000E+00,0.000000E+00,9.423070E-01
4.270000E-01,-4.351016E-02,3.297848E-03,-1.876728E-01,-2.702957E-02,-5.034872E-02,3.427655E-03,-1.873487E-01,-9.707261E-03,0.000000E+00,0.000000E+00,1.087438E+00
4.280000E-01,-4.369774E-02,3.263932E-03,-1.875722E-01,-3.391589E-02,-5.053605E-02,3.405339E-03,-1.873240E-01,-2.231540E-02,0.000000E+00,0.000000E+00,1.184636E+00
4.290000E-01,-4.388523E-02,3.222546E-03,-1.874974E-01,-4.138532E-02,-5.072338E-02,3.370954E-03,-1.873305E-01,-3.438570E-02,0.000000E+00,0.000000E+00,1.243287E+00
4.300000E-01,-4.407274E-02,3.181374E-03,-1.875060E-01,-4.117271E-02,-5.091113E-02,3.318076E-03,-1.877556E-01,-5.287784E-02,0.000000E+00,0.000000E+00,1.145213E+00
4.310000E-01,-4.425940E-02,3.150426E-03,-1.866551E-01,-3.094805E-02,-5.109868E-02,3.236249E-03,-1.875456E-01,-8.182657E-02,0.000000E+00,0.000000E+00,7.189458E-01
4.320000E-01,-4.444476E-02,3.117496E-03,-1.853648E-01,-3.292912E-02,-5.128464E-02,3.135088E-03,-1.859590E-01,-1.011612E-01,0.000000E+00,0.000000E+00,1.473590E-01
4.330000E-01,-4.462654E-02,3.088936E-03,-1.817789E-01,-2.856080E-02,-5.146630E-02,3.036437E-03,-1.816614E-01,-9.865138E-02,0.000000E+00,0.000000E+00,-4.397691E-01
4.340000E-01,-4.479840E-02,3.055746E-03,-1.718605E-01,-3.318938E-02,-5.163812E-02,2.994332E-03,-1.718197E-01,-4.210454E-02,0.000000E+00,0.000000E+00,-5.144480E-01
4.350000E-01,-4.496408E-02,3.009202E-03,-1.656820E-01,-4.654376E-02,-5.180400E-02,2.977026E-03,-1.658797E-01,-1.730618E-02,0.000000E+00,0.000000E+00,-2.695312E-01
4.360000E-01,-4.512643E-02,2.951692E-03,-1.623481E-01,-5.751069E-02,-5.196635E-02,2.972471E-03,-1.623547E-01,-4.554531E-03,0.000000E+00,0.000000E+00,1.740627E-01
4.370000E-01,-4.527922E-02,2.959449E-03,-1.527863E-01,7.757639E-03,-5.211910E-02,2.984525E-03,-1.527424E-01,1.205335E-02,0.000000E+00,0.000000E+00,2.100474E-01
4.380000E-01,-4.542741E-02,3.001459E-03,-1.481897E-01,4.200964E-02,-5.226732E-02,3.003866E-03,-1.482250E-01,1.934106E-02,0.000000E+00,0.000000E+00,2.015980E-02
4.390000E-01,-4.557713E-02,3.055623E-03,-1.497244E-01,5.416346E-02,-5.241697E-02,3.026433E-03,-1.496451E-01,2.256747E-02,0.000000E+00,0.000000E+00,-2.445111E-01
4.400000E-01,-4.572931E-02,3.120833E-03,-1.521841E-01,6.521042E-02,-5.256881E-02,3.049699E-03,-1.518463E-01,2.326632E-02,0.000000E+00,0.000000E+00,-5.958768E-01
4.410000E-01,-4.588485E-02,3.197370E-03,-1.555368E-01,7.653704E-02,-5.272349E-02,3.070528E-03,-1.546813E-01,2.082866E-02,0.000000E+00,0.000000E+00,-1.062589E+00
4.420000E-01,-4.604621E-02,3.260185E-03,-1.613616E-01,6.281528E-02,-5.288412E-02,3.102235E-03,-1.606284E-01,3.170663E-02,0.000000E+00,0.000000E+00,-1.323253E+00
4.430000E-01,-4.621217E-02,3.313019E-03,-1.659556E-01,5.283417E-02,-5.304957E-02,3.138436E-03,-1.654436E-01,3.620129E-02,0.000000E+00,0.000000E+00,-1.462649E+00
4.440000E-01,-4.637864E-02,3.346885E-03,-1.664714E-01,3.386562E-02,-5.321590E-02,3.169923E-03,-1.663349E-01,3.148694E-02,0.000000E+00,0.000000E+00,-1.482599E+00
4.450000E-01,-4.654571E-02,3.362726E-03,-1.670652E-01,1.584119E-02,-5.338321E-02,3.196688E-03,-1.673042E-01,2.676472E-02,0.000000E+00,0.000000E+00,-1.391069E+00
4.460000E-01,-4.671347E-02,3.363995E-03,-1.677682E-01,1.268612E-03,-5.355142E-02,3.217897E-03,-1.682178E-01,2.120893E-02,0.000000E+00,0.000000E+00,-1.223983E+00
4.470000E-01,-4.688127E-02,3.357501E-03,-1.677991E-01,-6.493919E-03,-5.371955E-02,3.227965E-03,-1.681277E-01,1.006819E-02,0.000000E+00,0.000000E+00,-1.085212E+00
4.480000E-01,-4.704906E-02,3.343251E-03,-1.677848E-01,-1.425013E-02,-5.388757E-02,3.226769E-03,-1.680152E-01,-1.195493E-03,0.000000E+00,0.000000E+00,-9.758339E-01
4.490000E-01,-4.722176E-02,3.347314E-03,-1.727060E-01,4.063561E-03,-5.406006E-02,3.222165E-03,-1.724887E-01,-4.604607E-03,0.000000E+00,0.000000E+00,-1.048470E+00
4.500000E-01,-4.739926E-02,3.348997E-03,-1.774995E-01,1.682334E-03,-5.423763E-02,3.235219E-03,-1.775710E-01,1.305440E-02,0.000000E+00,0.000000E+00,-9.532063E-01
4.510000E-01,-4.757993E-02,3.346122E-03,-1.806639E-01,-2.875035E-03,-5.441844E-02,3.254560E-03,-1.808176E-01,1.934042E-02,0.000000E+00,0.000000E+00,-7.670972E-01
4.520000E-01,-4.776268E-02,3.337319E-03,-1.827494E-01,-8.803094E-03,-5.460128E-02,3.274093E-03,-1.828365E-01,1.953325E-02,0.000000E+00,0.000000E+00,-5.297082E-01
4.530000E-01,-4.794740E-02,3.322330E-03,-1.847264E-01,-1.498837E-02,-5.478593E-02,3.292914E-03,-1.846541E-01,1.882119E-02,0.000000E+00,0.000000E+00,-2.464583E-01
4.540000E-01,-4.813400E-02,3.311484E-03,-1.865937E-01,-1.084664E-02,-5.497221E-02,3.303724E-03,-1.862771E-01,1.080996E-02,0.000000E+00,0.000000E+00,-6.501574E-02
4.550000E-01,-4.832123E-02,3.302864E-03,-1.872386E-01,-8.619600E-03,-5.515917E-02,3.301638E-03,-1.869591E-01,-2.085711E-03,0.000000E+00,0.000000E+00,-1.027029E-02
4.560000E-01,-4.850874E-02,3.288222E-03,-1.875050E-01,-1.464163E-02,-5.534647E-02,3.284632E-03,-1.873037E-01,-1.700599E-02,0.000000E+00,0.000000E+00,-3.008238E-02
4.570000E-01,-4.869685E-02,3.268482E-03,-1.881119E-01,-1.974036E-02,-5.553440E-02,3.249853E-03,-1.879303E-01,-3.477899E-02,0.000000E+00,0.000000E+00,-1.561001E-01
4.580000E-01,-4.888477E-02,3.237643E-03,-1.879167E-01,-3.083942E-02,-5.572208E-02,3.204815E-03,-1.876737E-01,-4.503844E-02,0.000000E+00,0.000000E+00,-2.750898E-01
4.590000E-01,-4.907374E-02,3.205390E-03,-1.889710E-01,-3.225290E-02,-5.591084E-02,3.173828E-03,-1.887589E-01,-3.098688E-02,0.000000E+00,0.000000E+00,-2.644892E-01
4.600000E-01,-4.926647E-02,3.217296E-03,-1.927261E-01,1.190641E-02,-5.610330E-02,3.189939E-03,-1.924648E-01,1.611092E-02,0.000000E+00,0.000000E+00,-2.292643E-01
4.610000E-01,-4.946175E-02,3.239991E-03,-1.952878E-01,2.269513E-02,-5.629823E-02,3.210944E-03,-1.949243E-01,2.100488E-02,0.000000E+00,0.000000E+00,-2.434420E-01
4.620000E-01,-4.965792E-02,3.261311E-03,-1.961683E-01,2.132030E-02,-5.649399E-02,3.228936E-03,-1.957612E-01,1.799201E-02,0.000000E+00,0.000000E+00,-2.713516E-01
4.630000E-01,-4.985456E-02,3.279650E-03,-1.966427E-01,1.833900E-02,-5.669020E-02,3.245134E-03,-1.962124E-01,1.619821E-02,0.000000E+00,0.000000E+00,-2.893123E-01
4.640000E-01,-5.005217E-02,3.291199E-03,-1.976070E-01,1.154845E-02,-5.688735E-02,3.260350E-03,-1.971453E-01,1.521604E-02,0.000000E+00,0.000000E+00,-2.585890E-01
4.650000E-01,-5.025069E-02,3.295662E-03,-1.985219E-01,4.463036E-03,-5.708537E-02,3.271481E-03,-1.980252E-01,1.113076E-02,0.000000E+00,0.000000E+00,-2.027125E-01
4.660000E-01,-5.045005E-02,3.285236E-03,-1.993526E-01,-1.042580E-02,-5.728425E-02,3.283592E-03,-1.988772E-01,1.211076E-02,0.000000E+00,0.000000E+00,-1.378813E-02
4.670000E-01,-5.064970E-02,3.248259E-03,-1.996512E-01,-3.697725E-02,-5.748337E-02,3.300514E-03,-1.991220E-01,1.692198E-02,0.000000E+00,0.000000E+00,4.381113E-01
4.680000E-01,-5.085028E-02,3.193382E-03,-2.005863E-01,-5.487727E-02,-5.768288E-02,3.315567E-03,-1.995103E-01,1.505395E-02,0.000000E+00,0.000000E+00,1.024499E+00
4.690000E-01,-5.105213E-02,3.121642E-03,-2.018507E-01,-7.173928E-02,-5.788272E-02,3.326920E-03,-1.998369E-01,1.135254E-02,0.000000E+00,0.000000E+00,1.721376E+00
4.700000E-01,-5.125381E-02,3.043156E-03,-2.016798E-01,-7.848677E-02,-5.808165E-02,3.324647E-03,-1.989367E-01,-2.272972E-03,0.000000E+00,0.000000E+00,2.360797E+00
4.710000E-01,-5.145447E-02,2.966128E-03,-2.006539E-01,-7.702721E-02,-5.827975E-02,3.300663E-03,-1.980998E-01,-2.398378E-02,0.000000E+00,0.000000E+00,2.806052E+00
4.720000E-01,-5.164908E-02,2.920283E-03,-1.946151E-01,-4.584576E-02,-5.847373E-02,3.269226E-03,-1.939757E-01,-3.143772E-02,0.000000E+00,0.000000E+00,2.926974E+00
4.730000E-01,-5.183260E-02,2.946314E-03,-1.835202E-01,2.603168E-02,-5.865971E-02,3.252527E-03,-1.859783E-01,-1.669877E-02,0.000000E+00,0.000000E+00,2.568136E+00
4.740000E-01,-5.201710E-02,2.991159E-03,-1.844975E-01,4.484468E-02,-5.884604E-02,3.260598E-03,-1.863346E-01,8.071134E-03,0.000000E+00,0.000000E+00,2.259458E+00
4.750000E-01,-5.220372E-02,3.037465E-03,-1.866204E-01,4.630551E-02,-5.903365E-02,3.290176E-03,-1.876090E-01,2.957761E-02,0.000000E+00,0.000000E+00,2.119007E+00
4.760000E-01,-5.239207E-02,3.100340E-03,-1.883441E-01,6.287566E-02,-5.922387E-02,3.308604E-03,-1.902242E-01,1.842823E-02,0.000000E+00,0.000000E+00,1.746086E+00
4.770000E-01,-5.258334E-02,3.173922E-03,-1.912785E-01,7.358186E-02,-5.941740E-02,3.311352E-03,-1.935234E-01,2.748034E-03,0.000000E+00,0.000000E+00,1.152037E+00
4.780000E-01,-5.277829E-02,3.257233E-03,-1.949441E-01,8.331056E-02,-5.961403E-02,3.302366E-03,-1.966291E-01,-8.985696E-03,0.000000E+00,0.000000E+00,3.782942E-01
4.790000E-01,-5.297762E-02,3.351645E-03,-1.993298E-01,9.441212E-02,-5.981359E-02,3.282976E-03,-1.995585E-01,-1.938978E-02,0.000000E+00,0.000000E+00,-5.755261E-01
4.800000E-01,-5.317905E-02,3.444197E-03,-2.014368E-01,9.255188E-02,-6.001301E-02,3.248214E-03,-1.994199E-01,-3.476229E-02,0.000000E+00,0.000000E+00,-1.642666E+00
4.810000E-01,-5.338160E-02,3.528006E-03,-2.025501E-01,8.380912E-02,-6.021101E-02,3.202000E-03,-1.980036E-01,-4.621422E-02,0.000000E+00,0.000000E+00,-2.732975E+00
4.820000E-01,-5.358532E-02,3.603516E-03,-2.037136E-01,7.551074E-02,-6.040743E-02,3.143920E-03,-1.964208E-01,-5.808008E-02,0.000000E+00,0.000000E+00,-3.854118E+00
4.830000E-01,-5.378792E-02,3.660512E-03,-2.026064E-01,5.699580E-02,-6.060160E-02,3.084730E-03,-1.941728E-01,-5.918956E-02,0.000000E+00,0.000000E+00,-4.830239E+00
4.840000E-01,-5.398519E-02,3.704371E-03,-1.972664E-01,4.385905E-02,-6.079696E-02,3.101639E-03,-1.953614E-01,1.690842E-02,0.000000E+00,0.000000E+00,-5.056589E+00
4.850000E-01,-5.417991E-02,3.740158E-03,-1.947204E-01,3.578665E-02,-6.099298E-02,3.147748E-03,-1.960115E-01,4.610965E-02,0.000000E+00,0.000000E+00,-4.969485E+00
4.860000E-01,-5.437531E-02,3.767589E-03,-1.954013E-01,2.743087E-02,-6.118978E-02,3.187541E-03,-1.968011E-01,3.979294E-02,0.000000E+00,0.000000E+00,-4.865293E+00
4.870000E-01,-5.457086E-02,3.785742E-03,-1.955432E-01,1.815283E-02,-6.138667E-02,3.218310E-03,-1.968941E-01,3.076843E-02,0.000000E+00,0.000000E+00,-4.759029E+00
4.880000E-01,-5.476643E-02,3.794568E-03,-1.955698E-01,8.826777E-03,-6.158365E-02,3.241387E-03,-1.969796E-01,2.307717E-02,0.000000E+00,0.000000E+00,-4.639085E+00
4.890000E-01,-5.496209E-02,3.792904E-03,-1.956660E-01,-1.664268E-03,-6.178101E-02,3.258693E-03,-1.973629E-01,1.730612E-02,0.000000E+00,0.000000E+00,-4.479544E+00
4.900000E-01,-5.515829E-02,3.780418E-03,-1.962015E-01,-1.248578E-02,-6.197921E-02,3.270675E-03,-1.981961E-01,1.198222E-02,0.000000E+00,0.000000E+00,-4.273905E+00
4.910000E-01,-5.535537E-02,3.758419E-03,-1.970759E-01,-2.199984E-02,-6.217851E-02,3.278495E-03,-1.992961E-01,7.820350E-03,0.000000E+00,0.000000E+00,-4.023421E+00
4.920000E-01,-5.555323E-02,3.727203E-03,-1.978643E-01,-3.121554E-02,-6.237866E-02,3.281095E-03,-2.001551E-01,2.599144E-03,0.000000E+00,0.000000E+00,-3.739520E+00
4.930000E-01,-5.575118E-02,3.686174E-03,-1.979440E-01,-4.102878E-02,-6.257867E-02,3.273902E-03,-2.000091E-01,-7.192114E-03,0.000000E+00,0.000000E+00,-3.455556E+00
4.940000E-01,-5.594924E-02,3.635969E-03,-1.980616E-01,-5.020475E-02,-6.277850E-02,3.256318E-03,-1.998320E-01,-1.758456E-02,0.000000E+00,0.000000E+00,-3.181905E+00
4.950000E-01,-5.614744E-02,3.577236E-03,-1.982032E-01,-5.873351E-02,-6.297813E-02,3.227731E-03,-1.996328E-01,-2.858680E-02,0.000000E+00,0.000000E+00,-2.929089E+00
4.960000E-01,-5.634579E-02,3.510505E-03,-1.983520E-01,-6.673125E-02,-6.317756E-02,3.187632E-03,-1.994254E-01,-4.009933E-02,0.000000E+00,0.000000E+00,-2.705816E+00
4.970000E-01,-5.654267E-02,3.432566E-03,-1.968771E-01,-7.793824E-02,-6.337634E-02,3.160362E-03,-1.987764E-01,-2.727016E-02,0.000000E+00,0.000000E+00,-2.281052E+00
4.980000E-01,-5.673571E-02,3.338193E-03,-1.930377E-01,-9.437388E-02,-6.357249E-02,3.177061E-03,-1.961507E-01,1.669944E-02,0.000000E+00,0.000000E+00,-1.350116E+00
4.990000E-01,-5.692773E-02,3.233884E-03,-1.920172E-01,-1.043081E-01,-6.376583E-02,3.199687E-03,-1.933460E-01,2.262634E-02,0.000000E+00,0.000000E+00,-2.865313E-01
5.000000E-01,-5.713207E-02,3.205795E-03,-2.043477E-01,-2.808971E-02,-6.396976E-02,3.221621E-03,-2.039315E-01,2.193313E-02,0.000000E+00,0.000000E+00,1.326103E-01
5.010000E-01,-5.734091E-02,3.193167E-03,-2.088331E-01,-1.262740E-02,-6.417788E-02,3.241919E-03,-2.081117E-01,2.029882E-02,0.000000E+00,0.000000E+00,4.085488E-01
5.020000E-01,-5.755177E-02,3.171201E-03,-2.108650E-01,-2.196634E-02,-6.438771E-02,3.261480E-03,-2.098310E-01,1.956068E-02,0.000000E+00,0.000000E+00,7.566346E-01
5.030000E-01,-5.776541E-02,3.139720E-03,-2.136359E-01,-3.148128E-02,-6.459978E-02,3.283616E-03,-2.120728E-01,2.213640E-02,0.000000E+00,0.000000E+00,1.206176E+00
5.040000E-01,-5.798126E-02,3.100769E-03,-2.158540E-01,-3.895068E-02,-6.481345E-02,3.305184E-03,-2.136694E-01,2.156761E-02,0.000000E+00,0.000000E+00,1.713744E+00
5.050000E-01,-5.819738E-02,3.053259E-03,-2.161167E-01,-4.750958E-02,-6.502688E-02,3.316330E-03,-2.134348E-01,1.114605E-02,0.000000E+00,0.000000E+00,2.205927E+00
5.060000E-01,-5.841375E-02,2.997480E-03,-2.163753E-01,-5.577960E-02,-6.524016E-02,3.316875E-03,-2.132724E-01,5.446821E-04,0.000000E+00,0.000000E+00,2.678811E+00
5.070000E-01,-5.862867E-02,2.947767E-03,-2.149162E-01,-4.971264E-02,-6.545336E-02,3.291865E-03,-2.132078E-01,-2.501011E-02,0.000000E+00,0.000000E+00,2.886378E+00
5.080000E-01,-5.883482E-02,2.970899E-03,-2.061527E-01,2.313145E-02,-6.566272E-02,3.240701E-03,-2.093568E-01,-5.116338E-02,0.000000E+00,0.000000E+00,2.262850E+00
5.090000E-01,-5.904489E-02,3.023407E-03,-2.100719E-01,5.250794E-02,-6.587485E-02,3.235215E-03,-2.121311E-01,-5.486656E-03,0.000000E+00,0.000000E+00,1.776265E+00
5.100000E-01,-5.925457E-02,3.094158E-03,-2.096734E-01,7.075171E-02,-6.608618E-02,3.248081E-03,-2.113266E-01,1.286664E-02,0.000000E+00,0.000000E+00,1.290712E+00
5.110000E-01,-5.946491E-02,3.167993E-03,-2.103387E-01,7.383490E-02,-6.629781E-02,3.258430E-03,-2.116272E-01,1.034846E-02,0.000000E+00,0.000000E+00,7.582911E-01
5.120000E-01,-5.967632E-02,3.243163E-03,-2.114082E-01,7.516955E-02,-6.650996E-02,3.265722E-03,-2.121508E-01,7.292246E-03,0.000000E+00,0.000000E+00,1.891438E-01
5.130000E-01,-5.988787E-02,3.312704E-03,-2.115591E-01,6.954122E-02,-6.672158E-02,3.267443E-03,-2.116264E-01,1.721491E-03,0.000000E+00,0.000000E+00,-3.794718E-01
5.140000E-01,-6.009931E-02,3.372622E-03,-2.114349E-01,5.991763E-02,-6.693252E-02,3.263479E-03,-2.109320E-01,-3.964437E-03,0.000000E+00,0.000000E+00,-9.150725E-01
5.150000E-01,-6.031129E-02,3.423749E-03,-2.119783E-01,5.112723E-02,-6.714340E-02,3.249594E-03,-2.108806E-01,-1.388485E-02,0.000000E+00,0.000000E+00,-1.460189E+00
5.160000E-01,-6.052396E-02,3.465805E-03,-2.126712E-01,4.205635E-02,-6.735432E-02,3.224873E-03,-2.109259E-01,-2.472166E-02,0.000000E+00,0.000000E+00,-2.020201E+00
5.170000E-01,-6.073721E-02,3.498074E-03,-2.132535E-01,3.226915E-02,-6.756519E-02,3.189745E-03,-2.108648E-01,-3.512744E-02,0.000000E+00,0.000000E+00,-2.585536E+00
5.180000E-01,-6.095093E-02,3.520098E-03,-2.137162E-01,2.202329E-02,-6.777589E-02,3.144508E-03,-2.107050E-01,-4.523715E-02,0.000000E+00,0.000000E+00,-3.149910E+00
5.190000E-01,-6.116521E-02,3.532742E-03,-2.142868E-01,1.264424E-02,-6.798642E-02,3.088436E-03,-2.105280E-01,-5.607160E-02,0.000000E+00,0.000000E+00,-3.726750E+00
5.200000E-01,-6.138003E-02,3.535892E-03,-2.148164E-01,3.149925E-03,-6.819670E-02,3.021662E-03,-2.102763E-01,-6.677451E-02,0.000000E+00,0.000000E+00,-4.314061E+00
5.210000E-01,-6.159534E-02,3.529476E-03,-2.153103E-01,-6.415345E-03,-6.840666E-02,2.944323E-03,-2.099620E-01,-7.733925E-02,0.000000E+00,0.000000E+00,-4.910172E+00
5.220000E-01,-6.180442E-02,3.511137E-03,-2.090804E-01,-1.833983E-02,-6.861357E-02,2.897919E-03,-2.069117E-01,-4.640379E-02,0.000000E+00,0.000000E+00,-5.146058E+00
5.230000E-01,-6.199927E-02,3.475149E-03,-1.948486E-01,-3.598736E-02,-6.881500E-02,2.937871E-03,-2.014330E-01,3.995193E-02,0.000000E+00,0.000000E+00,-4.507259E+00
5.240000E-01,-6.219338E-02,3.426567E-03,-1.941078E-01,-4.858214E-02,-6.901659E-02,2.992224E-03,-2.015863E-01,5.435313E-02,0.000000E+00,0.000000E+00,-3.642348E+00
5.250000E-01,-6.238904E-02,3.366428E-03,-1.956653E-01,-6.013934E-02,-6.921883E-02,3.049057E-03,-2.022407E-01,5.683286E-02,0.000000E+00,0.000000E+00,-2.660545E+00
5.260000E-01,-6.258705E-02,3.294870E-03,-1.980089E-01,-7.155765E-02,-6.942175E-02,3.107056E-03,-2.029250E-01,5.799917E-02,0.000000E+00,0.000000E+00,-1.574064E+00
5.270000E-01,-6.278752E-02,3.213967E-03,-2.004721E-01,-8.090309E-02,-6.962478E-02,3.171499E-03,-2.030251E-01,6.444323E-02,0.000000E+00,0.000000E+00,-3.558744E-01
5.280000E-01,-6.298965E-02,3.179527E-03,-2.021248E-01,-3.444054E-02,-6.982689E-02,3.230857E-03,-2.021143E-01,5.935752E-02,0.000000E+00,0.000000E+00,4.301356E-01
5.290000E-01,-6.319840E-02,3.190844E-03,-2.087489E-01,1.131792E-02,-7.003504E-02,3.295222E-03,-2.081451E-01,6.436502E-02,0.000000E+00,0.000000E+00,8.746852E-01
5.300000E-01,-6.341346E-02,3.221889E-03,-2.150655E-01,3.104483E-02,-7.024961E-02,3.356757E-03,-2.145738E-01,6.153542E-02,0.000000E+00,0.000000E+00,1.130220E+00
5.310000E-01,-6.363214E-02,3.269435E-03,-2.186714E-01,4.754597E-02,-7.046833E-02,3.402629E-03,-2.187220E-01,4.587213E-02,0.000000E+00,0.000000E+00,1.116188E+00
5.320000E-01,-6.385462E-02,3.334313E-03,-2.224806E-01,6.487772E-02,-7.069140E-02,3.435203E-03,-2.230622E-01,3.257426E-02,0.000000E+00,0.000000E+00,8.454533E-01
5.330000E-01,-6.407811E-02,3.397351E-03,-2.234930E-01,6.303799E-02,-7.091543E-02,3.457566E-03,-2.240299E-01,2.236245E-02,0.000000E+00,0.000000E+00,5.045799E-01
5.340000E-01,-6.430184E-02,3.453796E-03,-2.237357E-01,5.644534E-02,-7.113948E-02,3.467676E-03,-2.240522E-01,1.010994E-02,0.000000E+00,0.000000E+00,1.163031E-01
5.350000E-01,-6.452594E-02,3.503842E-03,-2.240994E-01,5.004599E-02,-7.136356E-02,3.465030E-03,-2.240792E-01,-2.646179E-03,0.000000E+00,0.000000E+00,-3.252268E-01
5.360000E-01,-6.475051E-02,3.547209E-03,-2.245678E-01,4.336706E-02,-7.158763E-02,3.449524E-03,-2.240667E-01,-1.550581E-02,0.000000E+00,0.000000E+00,-8.185597E-01
5.370000E-01,-6.497562E-02,3.583113E-03,-2.251098E-01,3.590342E-02,-7.181162E-02,3.421609E-03,-2.239957E-01,-2.791450E-02,0.000000E+00,0.000000E+00,-1.353386E+00
5.380000E-01,-6.520131E-02,3.610407E-03,-2.256869E-01,2.729379E-02,-7.203551E-02,3.382187E-03,-2.238877E-01,-3.942280E-02,0.000000E+00,0.000000E+00,-1.912614E+00
5.390000E-01,-6.542756E-02,3.627837E-03,-2.262539E-01,1.743074E-02,-7.225929E-02,3.332357E-03,-2.237848E-01,-4.982917E-02,0.000000E+00,0.000000E+00,-2.476562E+00
5.400000E-01,-6.565434E-02,3.634272E-03,-2.267748E-01,6.434510E-03,-7.248303E-02,3.273219E-03,-2.237365E-01,-5.913870E-02,0.000000E+00,0.000000E+00,-3.026579E+00
5.410000E-01,-6.588021E-02,3.621777E-03,-2.258719E-01,-1.249496E-02,-7.270633E-02,3.211744E-03,-2.232977E-01,-6.147461E-02,0.000000E+00,0.000000E+00,-3.437525E+00
5.420000E-01,-6.609664E-02,3.590402E-03,-2.164325E-01,-3.137437E-02,-7.292352E-02,3.189449E-03,-2.171894E-01,-2.229505E-02,0.000000E+00,0.000000E+00,-3.361213E+00
5.430000E-01,-6.631027E-02,3.548441E-03,-2.136274E-01,-4.196116E-02,-7.313886E-02,3.174553E-03,-2.153394E-01,-1.489598E-02,0.000000E+00,0.000000E+00,-3.134009E+00
5.440000E-01,-6.652491E-02,3.491169E-03,-2.146458E-01,-5.727209E-02,-7.335574E-02,3.157654E-03,-2.168859E-01,-1.689872E-02,0.000000E+00,0.000000E+00,-2.795245E+00
5.450000E-01,-6.674135E-02,3.419688E-03,-2.164310E-01,-7.148093E-02,-7.357476E-02,3.140936E-03,-2.190153E-01,-1.671822E-02,0.000000E+00,0.000000E+00,-2.335945E+00
5.460000E-01,-6.695828E-02,3.338262E-03,-2.169365E-01,-8.142667E-02,-7.379383E-02,3.114350E-03,-2.190747E-01,-2.658586E-02,0.000000E+00,0.000000E+00,-1.876161E+00
5.470000E-01,-6.717658E-02,3.274023E-03,-2.183019E-01,-6.423904E-02,-7.401321E-02,3.081863E-03,-2.193732E-01,-3.248769E-02,0.000000E+00,0.000000E+00,-1.610015E+00
5.480000E-01,-6.740398E-02,3.268261E-03,-2.273926E-01,-5.761264E-03,-7.424022E-02,3.060288E-03,-2.270157E-01,-2.157493E-02,0.000000E+00,0.000000E+00,-1.742527E+00
5.490000E-01,-6.764153E-02,3.289920E-03,-2.375579E-01,2.165822E-02,-7.447804E-02,3.087537E-03,-2.378143E-01,2.724929E-02,0.000000E+00,0.000000E+00,-1.695646E+00
5.500000E-01,-6.788411E-02,3.330769E-03,-2.425766E-01,4.084982E-02,-7.472037E-02,3.118227E-03,-2.423377E-01,3.069025E-02,0.000000E+00,0.000000E+00,-1.780776E+00
5.510000E-01,-6.812631E-02,3.361509E-03,-2.422036E-01,3.073957E-02,-7.496242E-02,3.142106E-03,-2.420513E-01,2.387854E-02,0.000000E+00,0.000000E+00,-1.838263E+00
5.520000E-01,-6.836821E-02,3.383413E-03,-2.418920E-01,2.190404E-02,-7.520416E-02,3.157515E-03,-2.417388E-01,1.540909E-02,0.000000E+00,0.000000E+00,-1.892684E+00
5.530000E-01,-6.861046E-02,3.396713E-03,-2.422515E-01,1.329962E-02,-7.544629E-02,3.165407E-03,-2.421236E-01,7.892297E-03,0.000000E+00,0.000000E+00,-1.937991E+00
5.540000E-01,-6.885407E-02,3.401490E-03,-2.436114E-01,4.777226E-03,-7.568991E-02,3.168986E-03,-2.436186E-01,3.579310E-03,0.000000E+00,0.000000E+00,-1.948018E+00
5.550000E-01,-6.909981E-02,3.396833E-03,-2.457426E-01,-4.657039E-03,-7.593597E-02,3.172742E-03,-2.460651E-01,3.755206E-03,0.000000E+00,0.000000E+00,-1.877499E+00
5.560000E-01,-6.934619E-02,3.382980E-03,-2.463803E-01,-1.385293E-02,-7.618268E-02,3.168009E-03,-2.467060E-01,-4.733100E-03,0.000000E+00,0.000000E+00,-1.801056E+00
5.570000E-01,-6.959259E-02,3.362091E-03,-2.463991E-01,-2.088859E-02,-7.642922E-02,3.150756E-03,-2.465417E-01,-1.725265E-02,0.000000E+00,0.000000E+00,-1.770577E+00
5.580000E-01,-6.983901E-02,3.333805E-03,-2.464226E-01,-2.828606E-02,-7.667563E-02,3.121323E-03,-2.464129E-01,-2.943281E-02,0.000000E+00,0.000000E+00,-1.780181E+00
5.590000E-01,-7.008901E-02,3.290153E-03,-2.499909E-01,-4.365261E-02,-7.692726E-02,3.138132E-03,-2.516247E-01,1.680895E-02,0.000000E+00,0.000000E+00,-1.273528E+00
5.600000E-01,-7.034043E-02,3.236118E-03,-2.514234E-01,-5.403410E-02,-7.718002E-02,3.165566E-03,-2.527661E-01,2.743385E-02,0.000000E+00,0.000000E+00,-5.910038E-01
5.610000E-01,-7.059109E-02,3.171466E-03,-2.506622E-01,-6.465210E-02,-7.743103E-02,3.192668E-03,-2.510064E-01,2.710236E-02,0.000000E+00,0.000000E+00,1.775997E-01
5.620000E-01,-7.083730E-02,3.111151E-03,-2.462111E-01,-6.031519E-02,-7.767631E-02,3.226016E-03,-2.452857E-01,3.334776E-02,0.000000E+00,0.000000E+00,9.622219E-01
5.630000E-01,-7.106726E-02,3.117386E-03,-2.299531E-01,6.235078E-03,-7.790608E-02,3.243564E-03,-2.297639E-01,1.754777E-02,0.000000E+00,0.000000E+00,1.056997E+00
5.640000E-01,-7.129002E-02,3.147697E-03,-2.227688E-01,3.031044E-02,-7.812934E-02,3.244288E-03,-2.232604E-01,7.242056E-04,0.000000E+00,0.000000E+00,8.091310E-01
5.650000E-01,-7.151075E-02,3.177996E-03,-2.207238E-01,3.029976E-02,-7.835051E-02,3.234895E-03,-2.211725E-01,-9.392929E-03,0.000000E+00,0.000000E+00,4.766203E-01
5.660000E-01,-7.173110E-02,3.200927E-03,-2.203548E-01,2.293021E-02,-7.857108E-02,3.215737E-03,-2.205729E-01,-1.915815E-02,0.000000E+00,0.000000E+00,1.240586E-01
5.670000E-01,-7.195157E-02,3.215599E-03,-2.204670E-01,1.467253E-02,-7.879149E-02,3.184936E-03,-2.204072E-01,-3.080102E-02,0.000000E+00,0.000000E+00,-2.568554E-01
5.680000E-01,-7.217202E-02,3.221128E-03,-2.204508E-01,5.528903E-03,-7.901156E-02,3.143629E-03,-2.200691E-01,-4.130724E-02,0.000000E+00,0.000000E+00,-6.491966E-01
5.690000E-01,-7.239243E-02,3.217753E-03,-2.204071E-01,-3.374644E-03,-7.923123E-02,3.091681E-03,-2.196690E-01,-5.194791E-02,0.000000E+00,0.000000E+00,-1.056124E+00
5.700000E-01,-7.261278E-02,3.205710E-03,-2.203500E-01,-1.204307E-02,-7.945044E-02,3.029010E-03,-2.192109E-01,-6.267028E-02,0.000000E+00,0.000000E+00,-1.480317E+00
5.710000E-01,-7.283308E-02,3.185198E-03,-2.203011E-01,-2.051270E-02,-7.966915E-02,2.955608E-03,-2.187088E-01,-7.340228E-02,0.000000E+00,0.000000E+00,-1.923557E+00
5.720000E-01,-7.304245E-02,3.177640E-03,-2.093741E-01,-7.557672E-03,-7.987905E-02,2.963825E-03,-2.099050E-01,8.216723E-03,0.000000E+00,0.000000E+00,-1.791346E+00
5.730000E-01,-7.324817E-02,3.146464E-03,-2.057167E-01,-3.117584E-02,-8.008681E-02,3.012558E-03,-2.077559E-01,4.873285E-02,0.000000E+00,0.000000E+00,-1.121757E+00
5.740000E-01,-7.344994E-02,3.157030E-03,-2.017705E-01,1.056531E-02,-8.028938E-02,3.072792E-03,-2.025677E-01,6.023414E-02,0.000000E+00,0.000000E+00,-7.056454E-01
5.750000E-01,-7.365052E-02,3.185358E-03,-2.005834E-01,2.832835E-02,-8.049032E-02,3.138485E-03,-2.009438E-01,6.569272E-02,0.000000E+00,0.000000E+00,-3.926431E-01
5.760000E-01,-7.385257E-02,3.212635E-03,-2.020459E-01,2.727705E-02,-8.069252E-02,3.202490E-03,-2.022025E-01,6.400546E-02,0.000000E+00,0.000000E+00,-8.497981E-02
5.770000E-01,-7.405739E-02,3.235828E-03,-2.048169E-01,2.319332E-02,-8.089727E-02,3.268595E-03,-2.047490E-01,6.610468E-02,0.000000E+00,0.000000E+00,2.744734E-01
5.780000E-01,-7.426467E-02,3.254455E-03,-2.072887E-01,1.862637E-02,-8.110420E-02,3.332256E-03,-2.069294E-01,6.366173E-02,0.000000E+00,0.000000E+00,6.517300E-01
5.790000E-01,-7.447415E-02,3.273591E-03,-2.094710E-01,1.913686E-02,-8.131315E-02,3.388758E-03,-2.089442E-01,5.650180E-02,0.000000E+00,0.000000E+00,9.647531E-01
5.800000E-01,-7.468604E-02,3.298013E-03,-2.118906E-01,2.442125E-02,-8.152458E-02,3.437378E-03,-2.114325E-01,4.861957E-02,0.000000E+00,0.000000E+00,1.167490E+00
5.810000E-01,-7.489991E-02,3.325893E-03,-2.138785E-01,2.788025E-02,-8.173819E-02,3.477135E-03,-2.136093E-01,3.975668E-02,0.000000E+00,0.000000E+00,1.267000E+00
5.820000E-01,-7.511367E-02,3.345722E-03,-2.137556E-01,1.982886E-02,-8.195175E-02,3.504612E-03,-2.135623E-01,2.747748E-02,0.000000E+00,0.000000E+00,1.331090E+00
5.830000E-01,-7.532745E-02,3.363151E-03,-2.137761E-01,1.742931E-02,-8.216575E-02,3.511520E-03,-2.139953E-01,6.907739E-03,0.000000E+00,0.000000E+00,1.242935E+00
5.840000E-01,-7.554284E-02,3.382923E-03,-2.153936E-01,1.977173E-02,-8.238186E-02,3.492889E-03,-2.161160E-01,-1.863100E-02,0.000000E+00,0.000000E+00,9.211898E-01
5.850000E-01,-7.575933E-02,3.388614E-03,-2.164872E-01,5.690710E-03,-8.259881E-02,3.466399E-03,-2.169467E-01,-2.649019E-02,0.000000E+00,0.000000E+00,6.515930E-01
5.860000E-01,-7.597565E-02,3.387382E-03,-2.163213E-01,-1.231703E-03,-8.281547E-02,3.427585E-03,-2.166605E-01,-3.881399E-02,0.000000E+00,0.000000E+00,3.367657E-01
5.870000E-01,-7.619165E-02,3.379416E-03,-2.159993E-01,-7.965518E-03,-8.303160E-02,3.375713E-03,-2.161263E-01,-5.187176E-02,0.000000E+00,0.000000E+00,-3.102340E-02
5.880000E-01,-7.640705E-02,3.359362E-03,-2.154045E-01,-2.005467E-02,-8.324686E-02,3.315073E-03,-2.152625E-01,-6.063936E-02,0.000000E+00,0.000000E+00,-3.709893E-01
5.890000E-01,-7.662138E-02,3.319676E-03,-2.143315E-01,-3.968575E-02,-8.346098E-02,3.252288E-03,-2.141260E-01,-6.278577E-02,0.000000E+00,0.000000E+00,-5.644977E-01
5.900000E-01,-7.682867E-02,3.277266E-03,-2.072848E-01,-4.241016E-02,-8.366835E-02,3.218154E-03,-2.073685E-01,-3.413400E-02,0.000000E+00,0.000000E+00,-4.951677E-01
5.910000E-01,-7.703245E-02,3.230827E-03,-2.037778E-01,-4.643875E-02,-8.387231E-02,3.194156E-03,-2.039568E-01,-2.399772E-02,0.000000E+00,0.000000E+00,-3.071814E-01
5.920000E-01,-7.723584E-02,3.176445E-03,-2.033905E-01,-5.438218E-02,-8.407581E-02,3.166368E-03,-2.035011E-01,-2.778782E-02,0.000000E+00,0.000000E+00,-8.440868E-02
5.930000E-01,-7.743415E-02,3.138033E-03,-1.983147E-01,-3.841229E-02,-8.427415E-02,3.135376E-03,-1.983391E-01,-3.099168E-02,0.000000E+00,0.000000E+00,-2.224912E-02
5.940000E-01,-7.763075E-02,3.098560E-03,-1.965975E-01,-3.947263E-02,-8.447074E-02,3.095764E-03,-1.965945E-01,-3.961225E-02,0.000000E+00,0.000000E+00,-2.341867E-02
5.950000E-01,-7.782803E-02,3.054730E-03,-1.972797E-01,-4.383009E-02,-8.466799E-02,3.046529E-03,-1.972500E-01,-4.923566E-02,0.000000E+00,0.000000E+00,-6.869911E-02
5.960000E-01,-7.802549E-02,3.003777E-03,-1.974593E-01,-5.095262E-02,-8.486539E-02,2.986734E-03,-1.973963E-01,-5.979503E-02,0.000000E+00,0.000000E+00,-1.427696E-01
5.970000E-01,-7.821726E-02,2.973317E-03,-1.917735E-01,-3.045998E-02,-8.505709E-02,2.948414E-03,-1.916952E-01,-3.831941E-02,0.000000E+00,0.000000E+00,-2.086074E-01
5.980000E-01,-7.839878E-02,3.003676E-03,-1.815177E-01,3.035921E-02,-8.523856E-02,2.976420E-03,-1.814783E-01,2.800569E-02,0.000000E+00,0.000000E+00,-2.283234E-01
5.990000E-01,-7.857890E-02,3.061055E-03,-1.801240E-01,5.737886E-02,-8.541862E-02,3.021417E-03,-1.800527E-01,4.499679E-02,0.000000E+00,0.000000E+00,-3.320470E-01
6.000000E-01,-7.875857E-02,3.118158E-03,-1.796698E-01,5.710319E-02,-8.559830E-02,3.081667E-03,-1.796859E-01,6.025075E-02,0.000000E+00,0.000000E+00,-3.056802E-01
6.010000E-01,-7.894056E-02,3.174067E-03,-1.819833E-01,5.590844E-02,-8.578031E-02,3.141942E-03,-1.820086E-01,6.027499E-02,0.000000E+00,0.000000E+00,-2.691019E-01
6.020000E-01,-7.912595E-02,3.229589E-03,-1.853899E-01,5.552198E-02,-8.596571E-02,3.199412E-03,-1.854004E-01,5.747015E-02,0.000000E+00,0.000000E+00,-2.527823E-01
6.030000E-01,-7.931597E-02,3.287369E-03,-1.900215E-01,5.777984E-02,-8.615574E-02,3.257593E-03,-1.900242E-01,5.818061E-02,0.000000E+00,0.000000E+00,-2.494250E-01
6.040000E-01,-7.950939E-02,3.338544E-03,-1.934236E-01,5.117483E-02,-8.634920E-02,3.319434E-03,-1.934646E-01,6.184106E-02,0.000000E+00,0.000000E+00,-1.600757E-01
6.050000E-01,-7.970347E-02,3.382083E-03,-1.940764E-01,4.353987E-02,-8.654330E-02,3.373605E-03,-1.941047E-01,5.417111E-02,0.000000E+00,0.000000E+00,-7.101989E-02
6.060000E-01,-7.989753E-02,3.417762E-03,-1.940608E-01,3.567877E-02,-8.673738E-02,3.416174E-03,-1.940732E-01,4.256835E-02,0.000000E+00,0.000000E+00,-1.330744E-02
6.070000E-01,-8.009158E-02,3.446102E-03,-1.940470E-01,2.833994E-02,-8.693143E-02,3.446617E-03,-1.940550E-01,3.044336E-02,0.000000E+00,0.000000E+00,4.312340E-03
6.080000E-01,-8.028562E-02,3.467493E-03,-1.940487E-01,2.139061E-02,-8.712549E-02,3.464526E-03,-1.940567E-01,1.790928E-02,0.000000E+00,0.000000E+00,-2.484982E-02
6.090000E-01,-8.047970E-02,3.482028E-03,-1.940757E-01,1.453498E-02,-8.731956E-02,3.469732E-03,-1.940747E-01,5.205381E-03,0.000000E+00,0.000000E+00,-1.030014E-01
6.100000E-01,-8.067382E-02,3.489365E-03,-1.941214E-01,7.337387E-03,-8.751365E-02,3.462457E-03,-1.940895E-01,-7.274535E-03,0.000000E+00,0.000000E+00,-2.254017E-01
6.110000E-01,-8.086799E-02,3.488742E-03,-1.941711E-01,-6.227685E-04,-8.770774E-02,3.443383E-03,-1.940836E-01,-1.907406E-02,0.000000E+00,0.000000E+00,-3.799645E-01
6.120000E-01,-8.106221E-02,3.479143E-03,-1.942200E-01,-9.598905E-03,-8.790180E-02,3.413512E-03,-1.940651E-01,-2.987071E-02,0.000000E+00,0.000000E+00,-5.497803E-01
6.130000E-01,-8.125648E-02,3.459496E-03,-1.942709E-01,-1.964766E-02,-8.809586E-02,3.373929E-03,-1.940596E-01,-3.958320E-02,0.000000E+00,0.000000E+00,-7.167835E-01
6.140000E-01,-8.145081E-02,3.428846E-03,-1.943259E-01,-3.065019E-02,-8.828995E-02,3.325587E-03,-1.940903E-01,-4.834189E-02,0.000000E+00,0.000000E+00,-8.649943E-01
6.150000E-01,-8.164474E-02,3.380228E-03,-1.939338E-01,-4.861757E-02,-8.848384E-02,3.272593E-03,-1.938867E-01,-5.299432E-02,0.000000E+00,0.000000E+00,-9.016585E-01
6.160000E-01,-8.183278E-02,3.330128E-03,-1.880391E-01,-5.009998E-02,-8.867191E-02,3.221661E-03,-1.880690E-01,-5.093205E-02,0.000000E+00,0.000000E+00,-9.086236E-01
6.170000E-01,-8.201386E-02,3.305996E-03,-1.810806E-01,-2.413192E-02,-8.885308E-02,3.202897E-03,-1.811750E-01,-1.876400E-02,0.000000E+00,0.000000E+00,-8.636520E-01
6.180000E-01,-8.219645E-02,3.289862E-03,-1.825879E-01,-1.613407E-02,-8.903574E-02,3.191297E-03,-1.826570E-01,-1.159939E-02,0.000000E+00,0.000000E+00,-8.256625E-01
6.190000E-01,-8.238432E-02,3.278441E-03,-1.878657E-01,-1.142087E-02,-8.922364E-02,3.182463E-03,-1.879013E-01,-8.834073E-03,0.000000E+00,0.000000E+00,-8.039920E-01
6.200000E-01,-8.257831E-02,3.278018E-03,-1.939951E-01,-4.230981E-04,-8.941762E-02,3.181611E-03,-1.939784E-01,-8.521603E-04,0.000000E+00,0.000000E+00,-8.075876E-01
6.210000E-01,-8.278030E-02,3.310682E-03,-2.019878E-01,3.266377E-02,-8.961902E-02,3.181303E-03,-2.013975E-01,-3.084724E-04,0.000000E+00,0.000000E+00,-1.083828E+00
6.220000E-01,-8.298683E-02,3.357592E-03,-2.065259E-01,4.690997E-02,-8.982422E-02,3.174875E-03,-2.052067E-01,-6.427967E-03,0.000000E+00,0.000000E+00,-1.530761E+00
6.230000E-01,-8.319086E-02,3.371657E-03,-2.040303E-01,1.406484E-02,-9.002795E-02,3.182027E-03,-2.037204E-01,7.151784E-03,0.000000E+00,0.000000E+00,-1.588720E+00
6.240000E-01,-8.339511E-02,3.368063E-03,-2.042523E-01,-3.593483E-03,-9.023261E-02,3.199724E-03,-2.046616E-01,1.769748E-02,0.000000E+00,0.000000E+00,-1.410337E+00
6.250000E-01,-8.360389E-02,3.358072E-03,-2.087849E-01,-9.991571E-03,-9.044201E-02,3.228951E-03,-2.094063E-01,2.922732E-02,0.000000E+00,0.000000E+00,-1.081754E+00
6.260000E-01,-8.381430E-02,3.338561E-03,-2.104052E-01,-1.951062E-02,-9.065284E-02,3.254916E-03,-2.108226E-01,2.596427E-02,0.000000E+00,0.000000E+00,-7.007767E-01
6.270000E-01,-8.402634E-02,3.307219E-03,-2.120452E-01,-3.134243E-02,-9.086500E-02,3.277260E-03,-2.121601E-01,2.234391E-02,0.000000E+00,0.000000E+00,-2.510019E-01
6.280000E-01,-8.424102E-02,3.263665E-03,-2.146745E-01,-4.355367E-02,-9.107927E-02,3.301286E-03,-2.142758E-01,2.402686E-02,0.000000E+00,0.000000E+00,3.152167E-01
6.290000E-01,-8.445692E-02,3.211091E-03,-2.158989E-01,-5.257370E-02,-9.129409E-02,3.315190E-03,-2.148191E-01,1.390350E-02,0.000000E+00,0.000000E+00,8.722838E-01
6.300000E-01,-8.466950E-02,3.183727E-03,-2.125787E-01,-2.736443E-02,-9.150588E-02,3.306401E-03,-2.117931E-01,-8.788802E-03,0.000000E+00,0.000000E+00,1.028023E+00
6.310000E-01,-8.487563E-02,3.197919E-03,-2.061344E-01,1.419235E-02,-9.171211E-02,3.286755E-03,-2.062233E-01,-1.964634E-02,0.000000E+00,0.000000E+00,7.444801E-01
6.320000E-01,-8.507715E-02,3.225267E-03,-2.015184E-01,2.734827E-02,-9.191370E-02,3.254112E-03,-2.015914E-01,-3.264252E-02,0.000000E+00,0.000000E+00,2.417416E-01
6.330000E-01,-8.527725E-02,3.265734E-03,-2.001006E-01,4.046691E-02,-9.211332E-02,3.232065E-03,-1.996220E-01,-2.204763E-02,0.000000E+00,0.000000E+00,-2.821965E-01
6.340000E-01,-8.547921E-02,3.319865E-03,-2.019610E-01,5.413065E-02,-9.231430E-02,3.242728E-03,-2.009825E-01,1.066312E-02,0.000000E+00,0.000000E+00,-6.465822E-01
6.350000E-01,-8.567865E-02,3.377923E-03,-1.994430E-01,5.805810E-02,-9.251254E-02,3.258179E-03,-1.982405E-01,1.545121E-02,0.000000E+00,0.000000E+00,-1.003840E+00
6.360000E-01,-8.587618E-02,3.428534E-03,-1.975237E-01,5.061055E-02,-9.270884E-02,3.273516E-03,-1.962936E-01,1.533681E-02,0.000000E+00,0.000000E+00,-1.299691E+00
6.370000E-01,-8.607172E-02,3.471392E-03,-1.955387E-01,4.285821E-02,-9.290325E-02,3.288436E-03,-1.944113E-01,1.492065E-02,0.000000E+00,0.000000E+00,-1.534073E+00
6.380000E-01,-8.626586E-02,3.505548E-03,-1.941466E-01,3.415576E-02,-9.309637E-02,3.299291E-03,-1.931185E-01,1.085501E-02,0.000000E+00,0.000000E+00,-1.729597E+00
6.390000E-01,-8.645973E-02,3.529596E-03,-1.938657E-01,2.404880E-02,-9.328916E-02,3.300022E-03,-1.927945E-01,7.304749E-04,0.000000E+00,0.000000E+00,-1.925298E+00
6.400000E-01,-8.665300E-02,3.539984E-03,-1.932693E-01,1.038778E-02,-9.348143E-02,3.292591E-03,-1.922727E-01,-7.430617E-03,0.000000E+00,0.000000E+00,-2.074907E+00
6.410000E-01,-8.684646E-02,3.544011E-03,-1.934603E-01,4.027250E-03,-9.367334E-02,3.261345E-03,-1.919110E-01,-3.124599E-02,0.000000E+00,0.000000E+00,-2.370968E+00
6.420000E-01,-8.704139E-02,3.547892E-03,-1.949325E-01,3.880569E-03,-9.386610E-02,3.216111E-03,-1.927564E-01,-4.523390E-02,0.000000E+00,0.000000E+00,-2.783220E+00
6.430000E-01,-8.723911E-02,3.549342E-03,-1.977203E-01,1.449912E-03,-9.406178E-02,3.177957E-03,-1.956791E-01,-3.815485E-02,0.000000E+00,0.000000E+00,-3.115764E+00
6.440000E-01,-8.743862E-02,3.544756E-03,-1.995126E-01,-4.585883E-03,-9.425933E-02,3.139618E-03,-1.975456E-01,-3.833814E-02,0.000000E+00,0.000000E+00,-3.399273E+00
6.450000E-01,-8.763840E-02,3.532179E-03,-1.997767E-01,-1.257672E-02,-9.445689E-02,3.091869E-03,-1.975613E-01,-4.774981E-02,0.000000E+00,0.000000E+00,-3.694802E+00
6.460000E-01,-8.783589E-02,3.499492E-03,-1.974882E-01,-3.268755E-02,-9.465311E-02,3.042781E-03,-1.962218E-01,-4.908758E-02,0.000000E+00,0.000000E+00,-3.832728E+00
6.470000E-01,-8.802678E-02,3.428021E-03,-1.908972E-01,-7.147112E-02,-9.484605E-02,3.011304E-03,-1.929391E-01,-3.147706E-02,0.000000E+00,0.000000E+00,-3.496925E+00
6.480000E-01,-8.821567E-02,3.357801E-03,-1.888814E-01,-7.021933E-02,-9.503946E-02,3.033024E-03,-1.934106E-01,2.171972E-02,0.000000E+00,0.000000E+00,-2.724930E+00
6.490000E-01,-8.840176E-02,3.312185E-03,-1.860949E-01,-4.561604E-02,-9.522907E-02,3.078571E-03,-1.896127E-01,4.554769E-02,0.000000E+00,0.000000E+00,-1.959757E+00
6.500000E-01,-8.858702E-02,3.283256E-03,-1.852592E-01,-2.892876E-02,-9.541655E-02,3.130074E-03,-1.874810E-01,5.150237E-02,0.000000E+00,0.000000E+00,-1.284898E+00
6.510000E-01,-8.877153E-02,3.267322E-03,-1.845055E-01,-1.593487E-02,-9.560241E-02,3.189635E-03,-1.858595E-01,5.956123E-02,0.000000E+00,0.000000E+00,-6.515883E-01
6.520000E-01,-8.895721E-02,3.252876E-03,-1.856792E-01,-1.444566E-02,-9.578862E-02,3.249911E-03,-1.862055E-01,6.027561E-02,0.000000E+00,0.000000E+00,-2.487100E-02
6.530000E-01,-8.914557E-02,3.236339E-03,-1.883628E-01,-1.653667E-02,-9.597660E-02,3.311215E-03,-1.879857E-01,6.130425E-02,0.000000E+00,0.000000E+00,6.279986E-01
6.540000E-01,-8.933684E-02,3.215919E-03,-1.912704E-01,-2.042001E-02,-9.616649E-02,3.371296E-03,-1.898890E-01,6.008121E-02,0.000000E+00,0.000000E+00,1.303272E+00
6.550000E-01,-8.952850E-02,3.186935E-03,-1.916658E-01,-2.898434E-02,-9.635593E-02,3.419936E-03,-1.894380E-01,4.864033E-02,0.000000E+00,0.000000E+00,1.954590E+00
6.560000E-01,-8.972048E-02,3.149724E-03,-1.919719E-01,-3.721066E-02,-9.654496E-02,3.456649E-03,-1.890337E-01,3.671274E-02,0.000000E+00,0.000000E+00,2.575088E+00
6.570000E-01,-8.991262E-02,3.104567E-03,-1.921460E-01,-4.515685E-02,-9.673363E-02,3.480990E-03,-1.886621E-01,2.434082E-02,0.000000E+00,0.000000E+00,3.158709E+00
6.580000E-01,-9.010477E-02,3.051619E-03,-1.921432E-01,-5.294863E-02,-9.692191E-02,3.492681E-03,-1.882866E-01,1.169144E-02,0.000000E+00,0.000000E+00,3.701820E+00
6.590000E-01,-9.029228E-02,3.059000E-03,-1.875143E-01,7.380791E-03,-9.711075E-02,3.482608E-03,-1.888373E-01,-1.007373E-02,0.000000E+00,0.000000E+00,3.555020E+00
6.600000E-01,-9.047351E-02,3.103309E-03,-1.812281E-01,4.430919E-02,-9.729612E-02,3.462854E-03,-1.853680E-01,-1.975383E-02,0.000000E+00,0.000000E+00,3.016642E+00
6.610000E-01,-9.065393E-02,3.145275E-03,-1.804189E-01,4.196655E-02,-9.748045E-02,3.433559E-03,-1.843340E-01,-2.929503E-02,0.000000E+00,0.000000E+00,2.418158E+00
6.620000E-01,-9.083449E-02,3.179488E-03,-1.805652E-01,3.421261E-02,-9.766428E-02,3.394148E-03,-1.838236E-01,-3.941126E-02,0.000000E+00,0.000000E+00,1.800209E+00
6.630000E-01,-9.101514E-02,3.207616E-03,-1.806495E-01,2.812801E-02,-9.784752E-02,3.342721E-03,-1.832439E-01,-5.142617E-02,0.000000E+00,0.000000E+00,1.132835E+00
6.640000E-01,-9.119654E-02,3.230417E-03,-1.813952E-01,2.280096E-02,-9.803062E-02,3.281892E-03,-1.831012E-01,-6.082981E-02,0.000000E+00,0.000000E+00,4.315462E-01
6.650000E-01,-9.137777E-02,3.248010E-03,-1.812311E-01,1.759342E-02,-9.821219E-02,3.243488E-03,-1.815686E-01,-3.840347E-02,0.000000E+00,0.000000E+00,-3.791200E-02
6.660000E-01,-9.155627E-02,3.263564E-03,-1.785050E-01,1.555361E-02,-9.839076E-02,3.235182E-03,-1.785670E-01,-8.305648E-03,0.000000E+00,0.000000E+00,-2.379305E-01
6.670000E-01,-9.173666E-02,3.275757E-03,-1.803861E-01,1.219260E-02,-9.857120E-02,3.234053E-03,-1.804426E-01,-1.129612E-03,0.000000E+00,0.000000E+00,-3.496092E-01
6.680000E-01,-9.192121E-02,3.284971E-03,-1.845559E-01,9.214901E-03,-9.875585E-02,3.238181E-03,-1.846478E-01,4.128412E-03,0.000000E+00,0.000000E+00,-3.922435E-01
6.690000E-01,-9.210814E-02,3.284697E-03,-1.869289E-01,-2.748678E-04,-9.894300E-02,3.245147E-03,-1.871514E-01,6.965957E-03,0.000000E+00,0.000000E+00,-3.315342E-01
6.700000E-01,-9.229473E-02,3.276291E-03,-1.865871E-01,-8.405864E-03,-9.912981E-02,3.241335E-03,-1.868123E-01,-3.811691E-03,0.000000E+00,0.000000E+00,-2.930133E-01
6.710000E-01,-9.248103E-02,3.260095E-03,-1.862987E-01,-1.619536E-02,-9.931633E-02,3.226529E-03,-1.865220E-01,-1.480626E-02,0.000000E+00,0.000000E+00,-2.813601E-01
6.720000E-01,-9.266710E-02,3.236277E-03,-1.860689E-01,-2.381801E-02,-9.950262E-02,3.200618E-03,-1.862838E-01,-2.591081E-02,0.000000E+00,0.000000E+00,-2.988928E-01
6.730000E-01,-9.285517E-02,3.207694E-03,-1.880745E-01,-2.858315E-02,-9.969084E-02,3.182932E-03,-1.882236E-01,-1.768687E-02,0.000000E+00,0.000000E+00,-2.075567E-01
6.740000E-01,-9.304575E-02,3.216483E-03,-1.905793E-01,8.788857E-03,-9.988153E-02,3.206955E-03,-1.906938E-01,2.402392E-02,0.000000E+00,0.000000E+00,-7.985770E-02
6.750000E-01,-9.323903E-02,3.234256E-03,-1.932808E-01,1.777259E-02,-1.000749E-01,3.232471E-03,-1.934157E-01,2.551580E-02,0.000000E+00,0.000000E+00,-1.495587E-02
6.760000E-01,-9.343386E-02,3.252700E-03,-1.948320E-01,1.844415E-02,-1.002699E-01,3.251494E-03,-1.949338E-01,1.902320E-02,0.000000E+00,0.000000E+00,-1.010237E-02
6.770000E-01,-9.363013E-02,3.273497E-03,-1.962681E-01,2.079755E-02,-1.004662E-01,3.266543E-03,-1.963412E-01,1.504892E-02,0.000000E+00,0.000000E+00,-5.828359E-02
6.780000E-01,-9.382891E-02,3.294566E-03,-1.987759E-01,2.106843E-02,-1.006650E-01,3.276216E-03,-1.987963E-01,9.672954E-03,0.000000E+00,0.000000E+00,-1.537925E-01
6.790000E-01,-9.403029E-02,3.314022E-03,-2.013865E-01,1.945654E-02,-1.008663E-01,3.284489E-03,-2.013166E-01,8.272988E-03,0.000000E+00,0.000000E+00,-2.475270E-01
6.800000E-01,-9.423214E-02,3.325102E-03,-2.018476E-01,1.108006E-02,-1.010681E-01,3.283942E-03,-2.017450E-01,-5.475023E-04,0.000000E+00,0.000000E+00,-3.449851E-01
6.810000E-01,-9.443399E-02,3.327519E-03,-2.018484E-01,2.416486E-03,-1.012698E-01,3.271818E-03,-2.017049E-01,-1.212417E-02,0.000000E+00,0.000000E+00,-4.668620E-01
6.820000E-01,-9.463580E-02,3.321524E-03,-2.018060E-01,-5.994794E-03,-1.014714E-01,3.247659E-03,-2.016003E-01,-2.415820E-02,0.000000E+00,0.000000E+00,-6.191076E-01
6.830000E-01,-9.483661E-02,3.297536E-03,-2.008142E-01,-2.398810E-02,-1.016722E-01,3.220910E-03,-2.008106E-01,-2.674978E-02,0.000000E+00,0.000000E+00,-6.422535E-01
6.840000E-01,-9.503730E-02,3.273642E-03,-2.006923E-01,-2.389389E-02,-1.018733E-01,3.211341E-03,-2.010756E-01,-9.568937E-03,0.000000E+00,0.000000E+00,-5.221651E-01
6.850000E-01,-9.524673E-02,3.279561E-03,-2.094239E-01,5.918710E-03,-1.020828E-01,3.231093E-03,-2.095222E-01,1.975184E-02,0.000000E+00,0.000000E+00,-4.062243E-01
6.860000E-01,-9.545641E-02,3.284238E-03,-2.096779E-01,4.677251E-03,-1.022925E-01,3.252300E-03,-2.097260E-01,2.120697E-02,0.000000E+00,0.000000E+00,-2.676852E-01
6.870000E-01,-9.566385E-02,3.284910E-03,-2.074495E-01,6.720207E-04,-1.025000E-01,3.266856E-03,-2.074768E-01,1.455627E-02,0.000000E+00,0.000000E+00,-1.513177E-01
6.880000E-01,-9.586978E-02,3.280070E-03,-2.059206E-01,-4.840071E-03,-1.027059E-01,3.273157E-03,-2.059339E-01,6.300740E-03,0.000000E+00,0.000000E+00,-5.794339E-02
6.890000E-01,-9.607403E-02,3.270704E-03,-2.042541E-01,-9.365981E-03,-1.029102E-01,3.272738E-03,-2.043059E-01,-4.187899E-04,0.000000E+00,0.000000E+00,1.704543E-02
6.900000E-01,-9.627569E-02,3.262053E-03,-2.016591E-01,-8.650715E-03,-1.031120E-01,3.267150E-03,-2.018062E-01,-5.587444E-03,0.000000E+00,0.000000E+00,4.271845E-02
6.910000E-01,-9.647681E-02,3.244501E-03,-2.011251E-01,-1.755199E-02,-1.033134E-01,3.252965E-03,-2.013168E-01,-1.418548E-02,0.000000E+00,0.000000E+00,7.093131E-02
6.920000E-01,-9.667765E-02,3.217390E-03,-2.008368E-01,-2.711111E-02,-1.035144E-01,3.228944E-03,-2.010479E-01,-2.402037E-02,0.000000E+00,0.000000E+00,9.683110E-02
6.930000E-01,-9.687818E-02,3.181203E-03,-2.005263E-01,-3.618751E-02,-1.037152E-01,3.194690E-03,-2.007511E-01,-3.425455E-02,0.000000E+00,0.000000E+00,1.130266E-01
6.940000E-01,-9.707841E-02,3.136139E-03,-2.002356E-01,-4.506388E-02,-1.039156E-01,3.150034E-03,-2.004721E-01,-4.465573E-02,0.000000E+00,0.000000E+00,1.164430E-01
6.950000E-01,-9.727838E-02,3.082408E-03,-1.999683E-01,-5.373111E-02,-1.041158E-01,3.094815E-03,-2.002134E-01,-5.521931E-02,0.000000E+00,0.000000E+00,1.039682E-01
6.960000E-01,-9.747811E-02,3.020194E-03,-1.997300E-01,-6.221358E-02,-1.043158E-01,3.028903E-03,-1.999790E-01,-6.591186E-02,0.000000E+00,0.000000E+00,7.297521E-02
6.970000E-01,-9.767126E-02,2.979040E-03,-1.931474E-01,-4.115448E-02,-1.045092E-01,2.986492E-03,-1.933542E-01,-4.241145E-02,0.000000E+00,0.000000E+00,6.244072E-02
6.980000E-01,-9.785239E-02,3.006047E-03,-1.811319E-01,2.700738E-02,-1.046904E-01,3.012804E-03,-1.812445E-01,2.631219E-02,0.000000E+00,0.000000E+00,5.661471E-02
6.990000E-01,-9.803140E-02,3.048510E-03,-1.790070E-01,4.246313E-02,-1.048695E-01,3.056627E-03,-1.790639E-01,4.382364E-02,0.000000E+00,0.000000E+00,6.801384E-02
7.000000E-01,-9.820988E-02,3.096711E-03,-1.784794E-01,4.820077E-02,-1.050480E-01,3.107305E-03,-1.784907E-01,5.067799E-02,0.000000E+00,0.000000E+00,8.877004E-02
7.010000E-01,-9.838940E-02,3.149272E-03,-1.795222E-01,5.256090E-02,-1.052275E-01,3.163598E-03,-1.795460E-01,5.629243E-02,0.000000E+00,0.000000E+00,1.200356E-01
7.020000E-01,-9.857134E-02,3.206739E-03,-1.819385E-01,5.746710E-02,-1.054095E-01,3.219597E-03,-1.819878E-01,5.599927E-02,0.000000E+00,0.000000E+00,1.077362E-01
7.030000E-01,-9.875793E-02,3.267051E-03,-1.865883E-01,6.031162E-02,-1.055962E-01,3.275785E-03,-1.866479E-01,5.618787E-02,0.000000E+00,0.000000E+00,7.318348E-02
7.040000E-01,-9.894858E-02,3.327495E-03,-1.906577E-01,6.044406E-02,-1.057868E-01,3.334280E-03,-1.906865E-01,5.849461E-02,0.000000E+00,0.000000E+00,5.684935E-02
7.050000E-01,-9.913923E-02,3.379366E-03,-1.906452E-01,5.187156E-02,-1.059775E-01,3.381528E-03,-1.906735E-01,4.724815E-02,0.000000E+00,0.000000E+00,1.811105E-02
7.060000E-01,-9.932985E-02,3.423163E-03,-1.906201E-01,4.379664E-02,-1.061682E-01,3.416868E-03,-1.906420E-01,3.533981E-02,0.000000E+00,0.000000E+00,-5.274577E-02
7.070000E-01,-9.952041E-02,3.459365E-03,-1.905622E-01,3.620174E-02,-1.063587E-01,3.439691E-03,-1.905620E-01,2.282393E-02,0.000000E+00,0.000000E+00,-1.648333E-01
7.080000E-01,-9.971087E-02,3.488376E-03,-1.904546E-01,2.901169E-02,-1.065491E-01,3.449571E-03,-1.904019E-01,9.879375E-03,0.000000E+00,0.000000E+00,-3.251356E-01
7.090000E-01,-9.990117E-02,3.510408E-03,-1.903038E-01,2.203219E-02,-1.067393E-01,3.446437E-03,-1.901510E-01,-3.133704E-03,0.000000E+00,0.000000E+00,-5.359930E-01
7.100000E-01,-1.000913E-01,3.525309E-03,-1.901470E-01,1.490031E-02,-1.069291E-01,3.430725E-03,-1.898378E-01,-1.571208E-02,0.000000E+00,0.000000E+00,-7.924919E-01
7.110000E-01,-1.002813E-01,3.532475E-03,-1.900257E-01,7.165966E-03,-1.071186E-01,3.403335E-03,-1.895155E-01,-2.739012E-02,0.000000E+00,0.000000E+00,-1.082049E+00
7.120000E-01,-1.004713E-01,3.530959E-03,-1.899494E-01,-1.515969E-03,-1.073079E-01,3.365418E-03,-1.892284E-01,-3.791727E-02,0.000000E+00,0.000000E+00,-1.387093E+00
7.130000E-01,-1.006612E-01,3.519681E-03,-1.898928E-01,-1.127786E-02,-1.074969E-01,3.318134E-03,-1.889969E-01,-4.728399E-02,0.000000E+00,0.000000E+00,-1.688855E+00
7.140000E-01,-1.008510E-01,3.497629E-03,-1.898186E-01,-2.205207E-02,-1.076857E-01,3.262464E-03,-1.888220E-01,-5.567014E-02,0.000000E+00,0.000000E+00,-1.970637E+00
7.150000E-01,-1.010399E-01,3.458454E-03,-1.889096E-01,-3.917526E-02,-1.078739E-01,3.203602E-03,-1.882390E-01,-5.886135E-02,0.000000E+00,0.000000E+00,-2.135665E+00
7.160000E-01,-1.012207E-01,3.402593E-03,-1.807506E-01,-5.586087E-02,-1.080558E-01,3.179581E-03,-1.818952E-01,-2.402165E-02,0.000000E+00,0.000000E+00,-1.868741E+00
7.170000E-01,-1.013987E-01,3.336770E-03,-1.780185E-01,-6.582313E-02,-1.082353E-01,3.161066E-03,-1.794596E-01,-1.851471E-02,0.000000E+00,0.000000E+00,-1.472206E+00
7.180000E-01,-1.015782E-01,3.259567E-03,-1.794945E-01,-7.720259E-02,-1.084161E-01,3.141961E-03,-1.808078E-01,-1.910530E-02,0.000000E+00,0.000000E+00,-9.853441E-01
7.190000E-01,-1.017618E-01,3.202826E-03,-1.836403E-01,-5.674063E-02,-1.086003E-01,3.123745E-03,-1.842011E-01,-1.821567E-02,0.000000E+00,0.000000E+00,-6.625511E-01
7.200000E-01,-1.019534E-01,3.208920E-03,-1.915866E-01,6.093405E-03,-1.087912E-01,3.092311E-03,-1.909642E-01,-3.143408E-02,0.000000E+00,0.000000E+00,-9.769973E-01
7.210000E-01,-1.021522E-01,3.245901E-03,-1.987757E-01,3.698132E-02,-1.089880E-01,3.045246E-03,-1.967378E-01,-4.706473E-02,0.000000E+00,0.000000E+00,-1.681351E+00
7.220000E-01,-1.023539E-01,3.292242E-03,-2.016910E-01,4.634068E-02,-1.091872E-01,3.021341E-03,-1.991746E-01,-2.390504E-02,0.000000E+00,0.000000E+00,-2.270261E+00
7.230000E-01,-1.025579E-01,3.355929E-03,-2.040309E-01,6.368712E-02,-1.093897E-01,3.051976E-03,-2.025222E-01,3.063455E-02,0.000000E+00,0.000000E+00,-2.547472E+00
7.240000E-01,-1.027611E-01,3.415871E-03,-2.031785E-01,5.994249E-02,-1.095924E-01,3.103684E-03,-2.026853E-01,5.170822E-02,0.000000E+00,0.000000E+00,-2.616578E+00
7.250000E-01,-1.029627E-01,3.468736E-03,-2.016508E-01,5.286465E-02,-1.097941E-01,3.162271E-03,-2.017786E-01,5.858742E-02,0.000000E+00,0.000000E+00,-2.568630E+00
7.260000E-01,-1.031646E-01,3.513608E-03,-2.018852E-01,4.487223E-02,-1.099960E-01,3.210442E-03,-2.018987E-01,4.817037E-02,0.000000E+00,0.000000E+00,-2.541018E+00
7.270000E-01,-1.033675E-01,3.549998E-03,-2.028864E-01,3.638962E-02,-1.101990E-01,3.252558E-03,-2.030025E-01,4.211673E-02,0.000000E+00,0.000000E+00,-2.493035E+00
7.280000E-01,-1.035725E-01,3.578445E-03,-2.049633E-01,2.844690E-02,-1.104044E-01,3.294467E-03,-2.053860E-01,4.190834E-02,0.000000E+00,0.000000E+00,-2.380191E+00
7.290000E-01,-1.037804E-01,3.603073E-03,-2.079447E-01,2.462872E-02,-1.106130E-01,3.339631E-03,-2.085538E-01,4.516401E-02,0.000000E+00,0.000000E+00,-2.208053E+00
7.300000E-01,-1.039893E-01,3.621251E-03,-2.088617E-01,1.817805E-02,-1.108223E-01,3.376955E-03,-2.093289E-01,3.732415E-02,0.000000E+00,0.000000E+00,-2.047582E+00
7.310000E-01,-1.041982E-01,3.631733E-03,-2.088967E-01,1.048193E-02,-1.110315E-01,3.402000E-03,-2.091443E-01,2.504530E-02,0.000000E+00,0.000000E+00,-1.925543E+00
7.320000E-01,-1.044070E-01,3.634210E-03,-2.088794E-01,2.476898E-03,-1.112404E-01,3.415068E-03,-2.089595E-01,1.306782E-02,0.000000E+00,0.000000E+00,-1.836815E+00
7.330000E-01,-1.046158E-01,3.628181E-03,-2.087813E-01,-6.029534E-03,-1.114492E-01,3.416728E-03,-2.087512E-01,1.660350E-03,0.000000E+00,0.000000E+00,-1.772409E+00
7.340000E-01,-1.048244E-01,3.612978E-03,-2.085789E-01,-1.520244E-02,-1.116577E-01,3.407812E-03,-2.085017E-01,-8.916577E-03,0.000000E+00,0.000000E+00,-1.719772E+00
7.350000E-01,-1.050327E-01,3.587847E-03,-2.082701E-01,-2.513175E-02,-1.118659E-01,3.389260E-03,-2.082082E-01,-1.855206E-02,0.000000E+00,0.000000E+00,-1.664666E+00
7.360000E-01,-1.052406E-01,3.552068E-03,-2.078833E-01,-3.577865E-02,-1.120738E-01,3.361869E-03,-2.078855E-01,-2.739092E-02,0.000000E+00,0.000000E+00,-1.594392E+00
7.370000E-01,-1.054480E-01,3.505149E-03,-2.074773E-01,-4.691920E-02,-1.122813E-01,3.326052E-03,-2.075640E-01,-3.581712E-02,0.000000E+00,0.000000E+00,-1.501351E+00
7.380000E-01,-1.056552E-01,3.446983E-03,-2.071144E-01,-5.816606E-02,-1.124886E-01,3.281743E-03,-2.072716E-01,-4.430853E-02,0.000000E+00,0.000000E+00,-1.385200E+00
7.390000E-01,-1.058607E-01,3.367143E-03,-2.055891E-01,-7.983922E-02,-1.126946E-01,3.237182E-03,-2.059946E-01,-4.456068E-02,0.000000E+00,0.000000E+00,-1.089477E+00
7.400000E-01,-1.060644E-01,3.274078E-03,-2.036190E-01,-9.306577E-02,-1.128986E-01,3.193673E-03,-2.039923E-01,-4.350950E-02,0.000000E+00,0.000000E+00,-6.740551E-01
7.410000E-01,-1.062658E-01,3.175398E-03,-2.014276E-01,-9.867970E-02,-1.131001E-01,3.156348E-03,-2.015464E-01,-3.732524E-02,0.000000E+00,0.000000E+00,-1.597084E-01
7.420000E-01,-1.064728E-01,3.109843E-03,-2.069918E-01,-6.555449E-02,-1.133066E-01,3.113243E-03,-2.064588E-01,-4.310443E-02,0.000000E+00,0.000000E+00,2.850368E-02
7.430000E-01,-1.066947E-01,3.131145E-03,-2.219691E-01,2.130155E-02,-1.135274E-01,3.057443E-03,-2.207915E-01,-5.580006E-02,0.000000E+00,0.000000E+00,-6.180113E-01
7.440000E-01,-1.069255E-01,3.189969E-03,-2.307542E-01,5.882352E-02,-1.137547E-01,2.985502E-03,-2.273070E-01,-7.194093E-02,0.000000E+00,0.000000E+00,-1.714928E+00
7.450000E-01,-1.071625E-01,3.263976E-03,-2.369635E-01,7.400726E-02,-1.139847E-01,2.912908E-03,-2.299709E-01,-7.259469E-02,0.000000E+00,0.000000E+00,-2.945828E+00
7.460000E-01,-1.073972E-01,3.338956E-03,-2.347008E-01,7.498062E-02,-1.142125E-01,2.895261E-03,-2.278785E-01,-1.764641E-02,0.000000E+00,0.000000E+00,-3.724822E+00
7.470000E-01,-1.076231E-01,3.424489E-03,-2.258935E-01,8.553259E-02,-1.144350E-01,2.946264E-03,-2.224270E-01,5.100313E-02,0.000000E+00,0.000000E+00,-4.015820E+00
7.480000E-01,-1.078476E-01,3.504193E-03,-2.244960E-01,7.970403E-02,-1.146569E-01,3.005262E-03,-2.219021E-01,5.899768E-02,0.000000E+00,0.000000E+00,-4.190682E+00
7.490000E-01,-1.080717E-01,3.575018E-03,-2.241678E-01,7.082521E-02,-1.148789E-01,3.062672E-03,-2.220359E-01,5.741018E-02,0.000000E+00,0.000000E+00,-4.304284E+00
7.500000E-01,-1.082952E-01,3.637800E-03,-2.235107E-01,6.278162E-02,-1.151012E-01,3.124093E-03,-2.222690E-01,6.142115E-02,0.000000E+00,0.000000E+00,-4.316455E+00
7.510000E-01,-1.085188E-01,3.693229E-03,-2.235420E-01,5.542865E-02,-1.153245E-01,3.192445E-03,-2.233464E-01,6.835180E-02,0.000000E+00,0.000000E+00,-4.208383E+00
7.520000E-01,-1.087440E-01,3.737172E-03,-2.252488E-01,4.394369E-02,-1.155505E-01,3.262113E-03,-2.259350E-01,6.966843E-02,0.000000E+00,0.000000E+00,-3.992519E+00
7.530000E-01,-1.089712E-01,3.769851E-03,-2.271518E-01,3.267853E-02,-1.157791E-01,3.333849E-03,-2.285988E-01,7.173551E-02,0.000000E+00,0.000000E+00,-3.664432E+00
7.540000E-01,-1.091984E-01,3.793720E-03,-2.272212E-01,2.386889E-02,-1.160073E-01,3.393927E-03,-2.282484E-01,6.007800E-02,0.000000E+00,0.000000E+00,-3.360331E+00
7.550000E-01,-1.094256E-01,3.808671E-03,-2.271748E-01,1.495161E-02,-1.162351E-01,3.442201E-03,-2.278423E-01,4.827410E-02,0.000000E+00,0.000000E+00,-3.080512E+00
7.560000E-01,-1.096526E-01,3.814611E-03,-2.269766E-01,5.939752E-03,-1.164625E-01,3.478591E-03,-2.273528E-01,3.639012E-02,0.000000E+00,0.000000E+00,-2.824826E+00
7.570000E-01,-1.098791E-01,3.811442E-03,-2.265980E-01,-3.168940E-03,-1.166893E-01,3.503152E-03,-2.267610E-01,2.456031E-02,0.000000E+00,0.000000E+00,-2.591984E+00
7.580000E-01,-1.101052E-01,3.799065E-03,-2.260424E-01,-1.237661E-02,-1.169153E-01,3.516124E-03,-2.260746E-01,1.297264E-02,0.000000E+00,0.000000E+00,-2.379103E+00
7.590000E-01,-1.103305E-01,3.777377E-03,-2.253585E-01,-2.168880E-02,-1.171407E-01,3.517912E-03,-2.253344E-01,1.787935E-03,0.000000E+00,0.000000E+00,-2.181906E+00
7.600000E-01,-1.105552E-01,3.746252E-03,-2.246163E-01,-3.112460E-02,-1.173653E-01,3.508969E-03,-2.245923E-01,-8.943130E-03,0.000000E+00,0.000000E+00,-1.995541E+00
7.610000E-01,-1.107790E-01,3.705547E-03,-2.238631E-01,-4.070532E-02,-1.175891E-01,3.489686E-03,-2.238766E-01,-1.928332E-02,0.000000E+00,0.000000E+00,-1.815506E+00
7.620000E-01,-1.110021E-01,3.655118E-03,-2.230991E-01,-5.042890E-02,-1.178123E-01,3.460334E-03,-2.231761E-01,-2.935195E-02,0.000000E+00,0.000000E+00,-1.638321E+00
7.630000E-01,-1.112244E-01,3.594865E-03,-2.222925E-01,-6.025251E-02,-1.180348E-01,3.421050E-03,-2.224542E-01,-3.928357E-02,0.000000E+00,0.000000E+00,-1.461999E+00
7.640000E-01,-1.114458E-01,3.524781E-03,-2.214146E-01,-7.008413E-02,-1.182564E-01,3.371828E-03,-2.216786E-01,-4.922200E-02,0.000000E+00,0.000000E+00,-1.286536E+00
7.650000E-01,-1.116663E-01,3.444998E-03,-2.204743E-01,-7.978283E-02,-1.184773E-01,3.312519E-03,-2.208499E-01,-5.930922E-02,0.000000E+00,0.000000E+00,-1.114311E+00
7.660000E-01,-1.118842E-01,3.335203E-03,-2.178476E-01,-1.097955E-01,-1.186955E-01,3.258849E-03,-2.182210E-01,-5.366999E-02,0.000000E+00,0.000000E+00,-6.422475E-01
7.670000E-01,-1.121005E-01,3.204955E-03,-2.163031E-01,-1.302483E-01,-1.189121E-01,3.206383E-03,-2.165479E-01,-5.246628E-02,0.000000E+00,0.000000E+00,1.201185E-02
7.680000E-01,-1.123123E-01,3.110644E-03,-2.117982E-01,-9.431089E-02,-1.191235E-01,3.214171E-03,-2.114519E-01,7.788046E-03,0.000000E+00,0.000000E+00,8.707940E-01
7.690000E-01,-1.125105E-01,3.119182E-03,-1.982831E-01,8.538251E-03,-1.193226E-01,3.260174E-03,-1.990850E-01,4.600304E-02,0.000000E+00,0.000000E+00,1.185703E+00
7.700000E-01,-1.127018E-01,3.171494E-03,-1.912519E-01,5.231164E-02,-1.195156E-01,3.299802E-03,-1.929879E-01,3.962786E-02,0.000000E+00,0.000000E+00,1.078788E+00
7.710000E-01,-1.128867E-01,3.244679E-03,-1.848624E-01,7.318543E-02,-1.197027E-01,3.322212E-03,-1.871123E-01,2.241074E-02,0.000000E+00,0.000000E+00,6.517180E-01
7.720000E-01,-1.130696E-01,3.320282E-03,-1.829065E-01,7.560255E-02,-1.198873E-01,3.325603E-03,-1.846406E-01,3.390333E-03,0.000000E+00,0.000000E+00,4.471766E-02
7.730000E-01,-1.132525E-01,3.389119E-03,-1.829571E-01,6.883733E-02,-1.200712E-01,3.316395E-03,-1.838178E-01,-9.207906E-03,0.000000E+00,0.000000E+00,-6.110646E-01
7.740000E-01,-1.134363E-01,3.442467E-03,-1.838042E-01,5.334855E-02,-1.202554E-01,3.302192E-03,-1.842107E-01,-1.420290E-02,0.000000E+00,0.000000E+00,-1.178474E+00
7.750000E-01,-1.136248E-01,3.477991E-03,-1.884418E-01,3.552392E-02,-1.204447E-01,3.307203E-03,-1.893666E-01,5.010850E-03,0.000000E+00,0.000000E+00,-1.434526E+00
7.760000E-01,-1.138201E-01,3.513787E-03,-1.953823E-01,3.579563E-02,-1.206412E-01,3.338292E-03,-1.964472E-01,3.108907E-02,0.000000E+00,0.000000E+00,-1.473811E+00
7.770000E-01,-1.140155E-01,3.540338E-03,-1.953812E-01,2.655084E-02,-1.208376E-01,3.358703E-03,-1.963692E-01,2.041161E-02,0.000000E+00,0.000000E+00,-1.525124E+00
7.780000E-01,-1.142109E-01,3.557609E-03,-1.953842E-01,1.727083E-02,-1.210338E-01,3.368045E-03,-1.962808E-01,9.342055E-03,0.000000E+00,0.000000E+00,-1.591456E+00
7.790000E-01,-1.144063E-01,3.565647E-03,-1.953705E-01,8.038414E-03,-1.212300E-01,3.365889E-03,-1.961584E-01,-2.156530E-03,0.000000E+00,0.000000E+00,-1.676806E+00
7.800000E-01,-1.146016E-01,3.564582E-03,-1.953085E-01,-1.064803E-03,-1.214260E-01,3.351793E-03,-1.959664E-01,-1.409584E-02,0.000000E+00,0.000000E+00,-1.785950E+00
7.810000E-01,-1.147968E-01,3.554631E-03,-1.951611E-01,-9.951400E-03,-1.216216E-01,3.325380E-03,-1.956640E-01,-2.641353E-02,0.000000E+00,0.000000E+00,-1.923876E+00
7.820000E-01,-1.149917E-01,3.536084E-03,-1.949063E-01,-1.854657E-02,-1.218168E-01,3.286446E-03,-1.952235E-01,-3.893313E-02,0.000000E+00,0.000000E+00,-2.094716E+00
7.830000E-01,-1.151862E-01,3.509234E-03,-1.945597E-01,-2.685037E-02,-1.220115E-01,3.235060E-03,-1.946549E-01,-5.138641E-02,0.000000E+00,0.000000E+00,-2.300355E+00
7.840000E-01,-1.153804E-01,3.474230E-03,-1.941697E-01,-3.500347E-02,-1.222055E-01,3.171563E-03,-1.940065E-01,-6.349697E-02,0.000000E+00,0.000000E+00,-2.539182E+00
7.850000E-01,-1.155698E-01,3.401416E-03,-1.893915E-01,-7.281442E-02,-1.223975E-01,3.142723E-03,-1.920112E-01,-2.884003E-02,0.000000E+00,0.000000E+00,-2.169816E+00
7.860000E-01,-1.157605E-01,3.321510E-03,-1.906976E-01,-7.990562E-02,-1.225919E-01,3.157155E-03,-1.943801E-01,1.443222E-02,0.000000E+00,0.000000E+00,-1.378197E+00
7.870000E-01,-1.159519E-01,3.232436E-03,-1.914425E-01,-8.907474E-02,-1.227859E-01,3.178527E-03,-1.939889E-01,2.137214E-02,0.000000E+00,0.000000E+00,-4.519567E-01
7.880000E-01,-1.161435E-01,3.143061E-03,-1.915609E-01,-8.937484E-02,-1.229782E-01,3.198312E-03,-1.922829E-01,1.978465E-02,0.000000E+00,0.000000E+00,4.631650E-01
7.890000E-01,-1.163316E-01,3.083700E-03,-1.881384E-01,-5.936044E-02,-1.231659E-01,3.215153E-03,-1.877344E-01,1.684135E-02,0.000000E+00,0.000000E+00,1.101910E+00
7.900000E-01,-1.165117E-01,3.056602E-03,-1.800848E-01,-2.709881E-02,-1.233458E-01,3.232061E-03,-1.798993E-01,1.690752E-02,0.000000E+00,0.000000E+00,1.470694E+00
7.910000E-01,-1.166903E-01,3.032699E-03,-1.786061E-01,-2.390227E-02,-1.235241E-01,3.247559E-03,-1.782747E-01,1.549822E-02,0.000000E+00,0.000000E+00,1.800837E+00
7.920000E-01,-1.168700E-01,3.003493E-03,-1.796502E-01,-2.920680E-02,-1.237030E-01,3.260269E-03,-1.789151E-01,1.270954E-02,0.000000E+00,0.000000E+00,2.152085E+00
7.930000E-01,-1.170500E-01,2.964161E-03,-1.800528E-01,-3.933119E-02,-1.238819E-01,3.264959E-03,-1.788911E-01,4.690300E-03,0.000000E+00,0.000000E+00,2.521024E+00
7.940000E-01,-1.172300E-01,2.916117E-03,-1.800283E-01,-4.804469E-02,-1.240605E-01,3.259168E-03,-1.785672E-01,-5.791232E-03,0.000000E+00,0.000000E+00,2.875212E+00
7.950000E-01,-1.174101E-01,2.859500E-03,-1.800277E-01,-5.661709E-02,-1.242388E-01,3.242740E-03,-1.783102E-01,-1.642731E-02,0.000000E+00,0.000000E+00,3.212192E+00
7.960000E-01,-1.175859E-01,2.825045E-03,-1.758737E-01,-3.445477E-02,-1.244148E-01,3.210941E-03,-1.760100E-01,-3.179948E-02,0.000000E+00,0.000000E+00,3.234336E+00
7.970000E-01,-1.177524E-01,2.860736E-03,-1.664635E-01,3.569135E-02,-1.245859E-01,3.156534E-03,-1.711039E-01,-5.440646E-02,0.000000E+00,0.000000E+00,2.478598E+00
7.980000E-01,-1.179158E-01,2.927838E-03,-1.634232E-01,6.710202E-02,-1.247521E-01,3.152519E-03,-1.661901E-01,-4.015533E-03,0.000000E+00,0.000000E+00,1.882414E+00
7.990000E-01,-1.180818E-01,2.991551E-03,-1.659309E-01,6.371290E-02,-1.249193E-01,3.174633E-03,-1.672073E-01,2.211434E-02,0.000000E+00,0.000000E+00,1.533793E+00
8.000000E-01,-1.182499E-01,3.056133E-03,-1.681158E-01,6.458211E-02,-1.250884E-01,3.199593E-03,-1.690845E-01,2.495999E-02,0.000000E+00,0.000000E+00,1.201795E+00
8.010000E-01,-1.184209E-01,3.122521E-03,-1.710269E-01,6.638817E-02,-1.252602E-01,3.223599E-03,-1.717961E-01,2.400549E-02,0.000000E+00,0.000000E+00,8.467134E-01
8.020000E-01,-1.185959E-01,3.195541E-03,-1.750109E-01,7.302013E-02,-1.254357E-01,3.245392E-03,-1.755791E-01,2.179339E-02,0.000000E+00,0.000000E+00,4.175812E-01
8.030000E-01,-1.187751E-01,3.273018E-03,-1.791913E-01,7.747619E-02,-1.256151E-01,3.267189E-03,-1.793664E-01,2.179688E-02,0.000000E+00,0.000000E+00,-4.882446E-02
8.040000E-01,-1.189569E-01,3.339626E-03,-1.817602E-01,6.660803E-02,-1.257967E-01,3.291132E-03,-1.815796E-01,2.394264E-02,0.000000E+00,0.000000E+00,-4.062186E-01
8.050000E-01,-1.191419E-01,3.395619E-03,-1.850102E-01,5.599319E-02,-1.259814E-01,3.321216E-03,-1.847596E-01,3.008408E-02,0.000000E+00,0.000000E+00,-6.232593E-01
8.060000E-01,-1.193278E-01,3.443171E-03,-1.859401E-01,4.755167E-02,-1.261670E-01,3.344596E-03,-1.856101E-01,2.338009E-02,0.000000E+00,0.000000E+00,-8.257546E-01
8.070000E-01,-1.195138E-01,3.483312E-03,-1.860068E-01,4.014111E-02,-1.263525E-01,3.355891E-03,-1.854994E-01,1.129540E-02,0.000000E+00,0.000000E+00,-1.067423E+00
8.080000E-01,-1.196999E-01,3.516475E-03,-1.861238E-01,3.316318E-02,-1.265379E-01,3.354681E-03,-1.853599E-01,-1.209703E-03,0.000000E+00,0.000000E+00,-1.355426E+00
8.090000E-01,-1.198862E-01,3.542825E-03,-1.863005E-01,2.635033E-02,-1.267231E-01,3.340781E-03,-1.851866E-01,-1.390071E-02,0.000000E+00,0.000000E+00,-1.692728E+00
8.100000E-01,-1.200732E-01,3.555258E-03,-1.869948E-01,1.243283E-02,-1.269089E-01,3.319216E-03,-1.858378E-01,-2.156477E-02,0.000000E+00,0.000000E+00,-1.977685E+00
8.110000E-01,-1.202612E-01,3.547610E-03,-1.880041E-01,-7.648223E-03,-1.270962E-01,3.295026E-03,-1.872939E-01,-2.419034E-02,0.000000E+00,0.000000E+00,-2.116381E+00
8.120000E-01,-1.204493E-01,3.530950E-03,-1.880817E-01,-1.665964E-02,-1.272835E-01,3.260220E-03,-1.872461E-01,-3.480571E-02,0.000000E+00,0.000000E+00,-2.268549E+00
8.130000E-01,-1.206375E-01,3.504269E-03,-1.882154E-01,-2.668079E-02,-1.274708E-01,3.215705E-03,-1.873267E-01,-4.451497E-02,0.000000E+00,0.000000E+00,-2.418130E+00
8.140000E-01,-1.208255E-01,3.463278E-03,-1.879249E-01,-4.099176E-02,-1.276581E-01,3.164856E-03,-1.873513E-01,-5.084901E-02,0.000000E+00,0.000000E+00,-2.500839E+00
8.150000E-01,-1.210124E-01,3.402510E-03,-1.869239E-01,-6.076761E-02,-1.278453E-01,3.112293E-03,-1.871807E-01,-5.256297E-02,0.000000E+00,0.000000E+00,-2.432075E+00
8.160000E-01,-1.211992E-01,3.328060E-03,-1.868549E-01,-7.445000E-02,-1.280328E-01,3.053424E-03,-1.874217E-01,-5.886935E-02,0.000000E+00,0.000000E+00,-2.301460E+00
8.170000E-01,-1.213813E-01,3.250874E-03,-1.820293E-01,-7.718564E-02,-1.282160E-01,3.012716E-03,-1.832145E-01,-4.070792E-02,0.000000E+00,0.000000E+00,-1.995696E+00
8.180000E-01,-1.215618E-01,3.166884E-03,-1.804745E-01,-8.399079E-02,-1.283976E-01,2.972267E-03,-1.816083E-01,-4.044886E-02,0.000000E+00,0.000000E+00,-1.630777E+00
8.190000E-01,-1.217378E-01,3.151109E-03,-1.760176E-01,-1.577430E-02,-1.285727E-01,2.941296E-03,-1.751693E-01,-3.097125E-02,0.000000E+00,0.000000E+00,-1.758259E+00
8.200000E-01,-1.219150E-01,3.175930E-03,-1.771989E-01,2.482102E-02,-1.287475E-01,2.909083E-03,-1.747313E-01,-3.221278E-02,0.000000E+00,0.000000E+00,-2.236582E+00
8.210000E-01,-1.220994E-01,3.228930E-03,-1.843864E-01,5.299995E-02,-1.289266E-01,2.860873E-03,-1.791382E-01,-4.821017E-02,0.000000E+00,0.000000E+00,-3.085828E+00
8.220000E-01,-1.222850E-01,3.280105E-03,-1.856150E-01,5.117448E-02,-1.291097E-01,2.876333E-03,-1.830970E-01,1.546036E-02,0.000000E+00,0.000000E+00,-3.385839E+00
8.230000E-01,-1.224681E-01,3.313600E-03,-1.831231E-01,3.349514E-02,-1.292931E-01,2.923037E-03,-1.834232E-01,4.670444E-02,0.000000E+00,0.000000E+00,-3.275173E+00
8.240000E-01,-1.226542E-01,3.350408E-03,-1.860672E-01,3.680780E-02,-1.294805E-01,2.987177E-03,-1.874060E-01,6.413935E-02,0.000000E+00,0.000000E+00,-3.045828E+00
8.250000E-01,-1.228409E-01,3.377718E-03,-1.867383E-01,2.731049E-02,-1.296688E-01,3.047741E-03,-1.882805E-01,6.056414E-02,0.000000E+00,0.000000E+00,-2.766815E+00
8.260000E-01,-1.230275E-01,3.397518E-03,-1.865822E-01,1.980015E-02,-1.298572E-01,3.112689E-03,-1.884006E-01,6.494774E-02,0.000000E+00,0.000000E+00,-2.388096E+00
8.270000E-01,-1.232157E-01,3.405635E-03,-1.882549E-01,8.116606E-03,-1.300473E-01,3.177118E-03,-1.901234E-01,6.442886E-02,0.000000E+00,0.000000E+00,-1.915829E+00
8.280000E-01,-1.234069E-01,3.400925E-03,-1.911657E-01,-4.709666E-03,-1.302403E-01,3.244395E-03,-1.929262E-01,6.727780E-02,0.000000E+00,0.000000E+00,-1.312227E+00
8.290000E-01,-1.236023E-01,3.384053E-03,-1.954262E-01,-1.687178E-02,-1.304369E-01,3.320448E-03,-1.966528E-01,7.605248E-02,0.000000E+00,0.000000E+00,-5.332029E-01
8.300000E-01,-1.237996E-01,3.358359E-03,-1.972381E-01,-2.569443E-02,-1.306341E-01,3.390723E-03,-1.971957E-01,7.027491E-02,0.000000E+00,0.000000E+00,2.713113E-01
8.310000E-01,-1.239976E-01,3.324854E-03,-1.980276E-01,-3.350478E-02,-1.308308E-01,3.449767E-03,-1.967141E-01,5.904383E-02,0.000000E+00,0.000000E+00,1.047256E+00
8.320000E-01,-1.241964E-01,3.283502E-03,-1.988192E-01,-4.135269E-02,-1.310272E-01,3.497636E-03,-1.963791E-01,4.786953E-02,0.000000E+00,0.000000E+00,1.795542E+00
8.330000E-01,-1.243960E-01,3.233975E-03,-1.996140E-01,-4.952684E-02,-1.312234E-01,3.534367E-03,-1.961684E-01,3.673101E-02,0.000000E+00,0.000000E+00,2.519295E+00
8.340000E-01,-1.245964E-01,3.175721E-03,-2.004188E-01,-5.825401E-02,-1.314194E-01,3.560058E-03,-1.960467E-01,2.569085E-02,0.000000E+00,0.000000E+00,3.224052E+00
8.350000E-01,-1.247956E-01,3.117515E-03,-1.991535E-01,-5.820559E-02,-1.316137E-01,3.577201E-03,-1.943163E-01,1.714336E-02,0.000000E+00,0.000000E+00,3.857101E+00
8.360000E-01,-1.249890E-01,3.078009E-03,-1.934384E-01,-3.950624E-02,-1.318032E-01,3.590171E-03,-1.894141E-01,1.296973E-02,0.000000E+00,0.000000E+00,4.298376E+00
8.370000E-01,-1.251791E-01,3.047954E-03,-1.900330E-01,-3.005495E-02,-1.319902E-01,3.593880E-03,-1.870470E-01,3.708814E-03,0.000000E+00,0.000000E+00,4.582573E+00
8.380000E-01,-1.253666E-01,3.022215E-03,-1.875186E-01,-2.573903E-02,-1.321757E-01,3.587930E-03,-1.854558E-01,-5.949976E-03,0.000000E+00,0.000000E+00,4.749370E+00
8.390000E-01,-1.255522E-01,3.006901E-03,-1.856198E-01,-1.531352E-02,-1.323618E-01,3.560969E-03,-1.861824E-01,-2.696093E-02,0.000000E+00,0.000000E+00,4.651637E+00
8.400000E-01,-1.257382E-01,3.020582E-03,-1.859812E-01,1.368056E-02,-1.325537E-01,3.495762E-03,-1.918186E-01,-6.520672E-02,0.000000E+00,0.000000E+00,3.988254E+00
8.410000E-01,-1.259243E-01,3.044521E-03,-1.860946E-01,2.393909E-02,-1.327464E-01,3.409941E-03,-1.927053E-01,-8.582162E-02,0.000000E+00,0.000000E+00,3.066074E+00
8.420000E-01,-1.261121E-01,3.067664E-03,-1.878279E-01,2.314286E-02,-1.329398E-01,3.303109E-03,-1.934600E-01,-1.068314E-01,0.000000E+00,0.000000E+00,1.974991E+00
8.430000E-01,-1.263001E-01,3.097026E-03,-1.879716E-01,2.936201E-02,-1.331306E-01,3.215717E-03,-1.907381E-01,-8.739223E-02,0.000000E+00,0.000000E+00,9.955100E-01
8.440000E-01,-1.264895E-01,3.145521E-03,-1.893933E-01,4.849484E-02,-1.333202E-01,3.212986E-03,-1.895949E-01,-2.731020E-03,0.000000E+00,0.000000E+00,5.658799E-01
8.450000E-01,-1.266857E-01,3.194009E-03,-1.962709E-01,4.848846E-02,-1.335158E-01,3.236791E-03,-1.956631E-01,2.380507E-02,0.000000E+00,0.000000E+00,3.588812E-01
8.460000E-01,-1.268878E-01,3.243180E-03,-2.020968E-01,4.917074E-02,-1.337174E-01,3.275615E-03,-2.015289E-01,3.882362E-02,0.000000E+00,0.000000E+00,2.721070E-01
8.470000E-01,-1.270955E-01,3.290635E-03,-2.076794E-01,4.745534E-02,-1.339246E-01,3.330050E-03,-2.072883E-01,5.443493E-02,0.000000E+00,0.000000E+00,3.306792E-01
8.480000E-01,-1.273045E-01,3.331886E-03,-2.089719E-01,4.125027E-02,-1.341333E-01,3.378677E-03,-2.086404E-01,4.862713E-02,0.000000E+00,0.000000E+00,3.925870E-01
8.490000E-01,-1.275133E-01,3.365888E-03,-2.088372E-01,3.400235E-02,-1.343418E-01,3.414602E-03,-2.085316E-01,3.592507E-02,0.000000E+00,0.000000E+00,4.087368E-01
8.500000E-01,-1.277220E-01,3.393093E-03,-2.086980E-01,2.720501E-02,-1.345502E-01,3.437977E-03,-2.084221E-01,2.337534E-02,0.000000E+00,0.000000E+00,3.766199E-01
8.510000E-01,-1.279307E-01,3.413687E-03,-2.086684E-01,2.059443E-02,-1.347587E-01,3.449071E-03,-2.084234E-01,1.109443E-02,0.000000E+00,0.000000E+00,2.969184E-01
8.520000E-01,-1.281395E-01,3.427482E-03,-2.087737E-01,1.379511E-02,-1.349672E-01,3.448074E-03,-2.085486E-01,-9.977511E-04,0.000000E+00,0.000000E+00,1.727943E-01
8.530000E-01,-1.283484E-01,3.434005E-03,-2.089340E-01,6.522206E-03,-1.351759E-01,3.435190E-03,-2.086959E-01,-1.288403E-02,0.000000E+00,0.000000E+00,9.945309E-03
8.540000E-01,-1.285575E-01,3.432689E-03,-2.090729E-01,-1.316010E-03,-1.353847E-01,3.410860E-03,-2.087759E-01,-2.432985E-02,0.000000E+00,0.000000E+00,-1.831923E-01
8.550000E-01,-1.287658E-01,3.415972E-03,-2.083219E-01,-1.671633E-02,-1.355928E-01,3.381652E-03,-2.081044E-01,-2.920764E-02,0.000000E+00,0.000000E+00,-2.880302E-01
8.560000E-01,-1.289719E-01,3.370719E-03,-2.061060E-01,-4.525346E-02,-1.357992E-01,3.357879E-03,-2.064203E-01,-2.377350E-02,0.000000E+00,0.000000E+00,-1.077560E-01
8.570000E-01,-1.291760E-01,3.309324E-03,-2.041030E-01,-6.139436E-02,-1.360040E-01,3.328780E-03,-2.047610E-01,-2.909883E-02,0.000000E+00,0.000000E+00,1.632570E-01
8.580000E-01,-1.293775E-01,3.246056E-03,-2.015159E-01,-6.326868E-02,-1.362067E-01,3.277347E-03,-2.027286E-01,-5.143298E-02,0.000000E+00,0.000000E+00,2.625265E-01
8.590000E-01,-1.295764E-01,3.180829E-03,-1.988652E-01,-6.522691E-02,-1.364066E-01,3.229891E-03,-1.999012E-01,-4.745617E-02,0.000000E+00,0.000000E+00,4.115530E-01
8.600000E-01,-1.297626E-01,3.177648E-03,-1.862340E-01,-3.180538E-03,-1.365933E-01,3.226408E-03,-1.867230E-01,-3.482786E-03,0.000000E+00,0.000000E+00,4.089884E-01
8.610000E-01,-1.299430E-01,3.199265E-03,-1.803456E-01,2.161622E-02,-1.367739E-01,3.237707E-03,-1.805543E-01,1.129911E-02,0.000000E+00,0.000000E+00,3.224422E-01
8.620000E-01,-1.301219E-01,3.225565E-03,-1.788991E-01,2.630083E-02,-1.369529E-01,3.253054E-03,-1.790217E-01,1.534652E-02,0.000000E+00,0.000000E+00,2.305584E-01
8.630000E-01,-1.303015E-01,3.252705E-03,-1.796470E-01,2.713922E-02,-1.371327E-01,3.267524E-03,-1.798152E-01,1.447024E-02,0.000000E+00,0.000000E+00,1.242943E-01
8.640000E-01,-1.304833E-01,3.281690E-03,-1.817837E-01,2.898579E-02,-1.373148E-01,3.276119E-03,-1.820471E-01,8.595121E-03,0.000000E+00,0.000000E+00,-4.672789E-02
8.650000E-01,-1.306678E-01,3.313981E-03,-1.844651E-01,3.229102E-02,-1.374995E-01,3.277519E-03,-1.847484E-01,1.400424E-03,0.000000E+00,0.000000E+00,-3.057934E-01
8.660000E-01,-1.308538E-01,3.335948E-03,-1.860799E-01,2.196614E-02,-1.376855E-01,3.272269E-03,-1.860278E-01,-5.250627E-03,0.000000E+00,0.000000E+00,-5.340439E-01
8.670000E-01,-1.310428E-01,3.337953E-03,-1.889260E-01,2.005174E-03,-1.378737E-01,3.261420E-03,-1.882179E-01,-1.084833E-02,0.000000E+00,0.000000E+00,-6.418985E-01
8.680000E-01,-1.312344E-01,3.326515E-03,-1.916784E-01,-1.143820E-02,-1.380643E-01,3.239274E-03,-1.905986E-01,-2.214657E-02,0.000000E+00,0.000000E+00,-7.318191E-01
8.690000E-01,-1.314278E-01,3.298143E-03,-1.933595E-01,-2.837161E-02,-1.382565E-01,3.211355E-03,-1.921836E-01,-2.791906E-02,0.000000E+00,0.000000E+00,-7.281487E-01
8.700000E-01,-1.316222E-01,3.254554E-03,-1.944237E-01,-4.358892E-02,-1.384497E-01,3.176717E-03,-1.931571E-01,-3.463784E-02,0.000000E+00,0.000000E+00,-6.531776E-01
8.710000E-01,-1.318163E-01,3.225970E-03,-1.940729E-01,-2.858422E-02,-1.386422E-01,3.137836E-03,-1.925255E-01,-3.888113E-02,0.000000E+00,0.000000E+00,-7.397438E-01
8.720000E-01,-1.320091E-01,3.244455E-03,-1.927611E-01,1.848568E-02,-1.388331E-01,3.124226E-03,-1.908862E-01,-1.361029E-02,0.000000E+00,0.000000E+00,-1.009367E+00
8.730000E-01,-1.322016E-01,3.272047E-03,-1.925312E-01,2.759170E-02,-1.390243E-01,3.152692E-03,-1.912310E-01,2.846686E-02,0.000000E+00,0.000000E+00,-1.002212E+00
8.740000E-01,-1.323937E-01,3.302287E-03,-1.920526E-01,3.023960E-02,-1.392153E-01,3.193127E-03,-1.909521E-01,4.043510E-02,0.000000E+00,0.000000E+00,-9.167647E-01
8.750000E-01,-1.325855E-01,3.331455E-03,-1.918591E-01,2.916821E-02,-1.394060E-01,3.231851E-03,-1.907295E-01,3.872351E-02,0.000000E+00,0.000000E+00,-8.366657E-01
8.760000E-01,-1.327781E-01,3.355497E-03,-1.925644E-01,2.404179E-02,-1.395975E-01,3.266374E-03,-1.914563E-01,3.452287E-02,0.000000E+00,0.000000E+00,-7.487577E-01
8.770000E-01,-1.329719E-01,3.372782E-03,-1.938709E-01,1.728534E-02,-1.397903E-01,3.297049E-03,-1.928518E-01,3.067483E-02,0.000000E+00,0.000000E+00,-6.363723E-01
8.780000E-01,-1.331662E-01,3.382293E-03,-1.943007E-01,9.510592E-03,-1.399836E-01,3.319161E-03,-1.932739E-01,2.211191E-02,0.000000E+00,0.000000E+00,-5.305725E-01
8.790000E-01,-1.333607E-01,3.383681E-03,-1.944409E-01,1.388108E-03,-1.401770E-01,3.330976E-03,-1.933863E-01,1.181561E-02,0.000000E+00,0.000000E+00,-4.430104E-01
8.800000E-01,-1.335531E-01,3.353414E-03,-1.924505E-01,-3.026722E-02,-1.403684E-01,3.349800E-03,-1.914250E-01,1.882337E-02,0.000000E+00,0.000000E+00,-3.038262E-02
8.810000E-01,-1.337440E-01,3.301104E-03,-1.908176E-01,-5.230972E-02,-1.405578E-01,3.371268E-03,-1.893671E-01,2.146855E-02,0.000000E+00,0.000000E+00,5.899739E-01
8.820000E-01,-1.339346E-01,3.245182E-03,-1.906557E-01,-5.592185E-02,-1.407469E-01,3.378698E-03,-1.891420E-01,7.429829E-03,0.000000E+00,0.000000E+00,1.122810E+00
8.830000E-01,-1.341251E-01,3.202851E-03,-1.904946E-01,-4.233129E-02,-1.409373E-01,3.357803E-03,-1.903794E-01,-2.089542E-02,0.000000E+00,0.000000E+00,1.303040E+00
8.840000E-01,-1.343165E-01,3.176123E-03,-1.914263E-01,-2.672766E-02,-1.411296E-01,3.330817E-03,-1.923039E-01,-2.698594E-02,0.000000E+00,0.000000E+00,1.300701E+00
8.850000E-01,-1.345111E-01,3.188725E-03,-1.945344E-01,1.260223E-02,-1.413262E-01,3.306781E-03,-1.966129E-01,-2.403598E-02,0.000000E+00,0.000000E+00,9.924067E-01
8.860000E-01,-1.347096E-01,3.206839E-03,-1.985567E-01,1.811327E-02,-1.415271E-01,3.288063E-03,-2.009070E-01,-1.871734E-02,0.000000E+00,0.000000E+00,6.825988E-01
8.870000E-01,-1.349079E-01,3.225247E-03,-1.982954E-01,1.840866E-02,-1.417276E-01,3.260861E-03,-2.004590E-01,-2.720216E-02,0.000000E+00,0.000000E+00,2.992098E-01
8.880000E-01,-1.351067E-01,3.237828E-03,-1.987659E-01,1.258042E-02,-1.419282E-01,3.223489E-03,-2.006096E-01,-3.737217E-02,0.000000E+00,0.000000E+00,-1.204345E-01
8.890000E-01,-1.353064E-01,3.242962E-03,-1.997476E-01,5.134355E-03,-1.421293E-01,3.174117E-03,-2.011503E-01,-4.937188E-02,0.000000E+00,0.000000E+00,-5.781098E-01
8.900000E-01,-1.355043E-01,3.242308E-03,-1.978712E-01,-6.535865E-04,-1.423281E-01,3.133253E-03,-1.987997E-01,-4.086401E-02,0.000000E+00,0.000000E+00,-9.155963E-01
8.910000E-01,-1.357007E-01,3.225945E-03,-1.964061E-01,-1.636288E-02,-1.425256E-01,3.114555E-03,-1.974963E-01,-1.869841E-02,0.000000E+00,0.000000E+00,-9.350519E-01
8.920000E-01,-1.358988E-01,3.197804E-03,-1.980499E-01,-2.814111E-02,-1.427248E-01,3.100006E-03,-1.991890E-01,-1.454896E-02,0.000000E+00,0.000000E+00,-8.208346E-01
8.930000E-01,-1.360995E-01,3.157734E-03,-2.007468E-01,-4.007082E-02,-1.429267E-01,3.084030E-03,-2.018631E-01,-1.597530E-02,0.000000E+00,0.000000E+00,-6.185156E-01
8.940000E-01,-1.363012E-01,3.107741E-03,-2.016851E-01,-4.999213E-02,-1.431294E-01,3.059286E-03,-2.026921E-01,-2.474420E-02,0.000000E+00,0.000000E+00,-4.065845E-01
8.950000E-01,-1.365031E-01,3.049228E-03,-2.019443E-01,-5.851363E-02,-1.433322E-01,3.023503E-03,-2.028351E-01,-3.578323E-02,0.000000E+00,0.000000E+00,-2.158298E-01
8.960000E-01,-1.367052E-01,2.982428E-03,-2.020425E-01,-6.679949E-02,-1.435350E-01,2.976535E-03,-2.028266E-01,-4.696820E-02,0.000000E+00,0.000000E+00,-4.944119E-02
8.970000E-01,-1.368929E-01,2.987517E-03,-1.877123E-01,5.088423E-03,-1.437229E-01,2.990232E-03,-1.878457E-01,1.369747E-02,0.000000E+00,0.000000E+00,2.277972E-02
8.980000E-01,-1.370749E-01,3.025776E-03,-1.819624E-01,3.825904E-02,-1.439048E-01,3.032201E-03,-1.818863E-01,4.196927E-02,0.000000E+00,0.000000E+00,5.390490E-02
8.990000E-01,-1.372562E-01,3.069545E-03,-1.813067E-01,4.376894E-02,-1.440858E-01,3.083477E-03,-1.810182E-01,5.127562E-02,0.000000E+00,0.000000E+00,1.168828E-01
9.000000E-01,-1.374388E-01,3.112741E-03,-1.826611E-01,4.319613E-02,-1.442678E-01,3.135329E-03,-1.820419E-01,5.185147E-02,0.000000E+00,0.000000E+00,1.895116E-01
9.010000E-01,-1.376230E-01,3.160664E-03,-1.842288E-01,4.792330E-02,-1.444516E-01,3.182951E-03,-1.837365E-01,4.762224E-02,0.000000E+00,0.000000E+00,1.869992E-01
9.020000E-01,-1.378100E-01,3.211293E-03,-1.869512E-01,5.062860E-02,-1.446381E-01,3.225798E-03,-1.865194E-01,4.284744E-02,0.000000E+00,0.000000E+00,1.217183E-01
9.030000E-01,-1.380006E-01,3.267170E-03,-1.906471E-01,5.587758E-02,-1.448284E-01,3.267108E-03,-1.903067E-01,4.130947E-02,0.000000E+00,0.000000E+00,-5.252972E-04
9.040000E-01,-1.381934E-01,3.324001E-03,-1.927548E-01,5.683050E-02,-1.450209E-01,3.303001E-03,-1.924646E-01,3.589346E-02,0.000000E+00,0.000000E+00,-1.762277E-01
9.050000E-01,-1.383864E-01,3.372785E-03,-1.929675E-01,4.878402E-02,-1.452135E-01,3.328546E-03,-1.925949E-01,2.554470E-02,0.000000E+00,0.000000E+00,-3.712669E-01
9.060000E-01,-1.385797E-01,3.413853E-03,-1.932829E-01,4.106779E-02,-1.454063E-01,3.343274E-03,-1.928044E-01,1.472791E-02,0.000000E+00,0.000000E+00,-5.923479E-01
9.070000E-01,-1.387734E-01,3.447497E-03,-1.937162E-01,3.364437E-02,-1.455993E-01,3.346725E-03,-1.930921E-01,3.451460E-03,0.000000E+00,0.000000E+00,-8.457944E-01
9.080000E-01,-1.389649E-01,3.450905E-03,-1.914980E-01,3.408160E-03,-1.457907E-01,3.355759E-03,-1.913437E-01,9.033754E-03,0.000000E+00,0.000000E+00,-7.986022E-01
9.090000E-01,-1.391552E-01,3.445950E-03,-1.903046E-01,-4.954806E-03,-1.459806E-01,3.358780E-03,-1.899178E-01,3.020741E-03,0.000000E+00,0.000000E+00,-7.317091E-01
9.100000E-01,-1.393447E-01,3.430377E-03,-1.895559E-01,-1.557297E-02,-1.461698E-01,3.356069E-03,-1.891876E-01,-2.710458E-03,0.000000E+00,0.000000E+00,-6.237842E-01
9.110000E-01,-1.395338E-01,3.406927E-03,-1.890511E-01,-2.345066E-02,-1.463585E-01,3.342534E-03,-1.887041E-01,-1.353497E-02,0.000000E+00,0.000000E+00,-5.405792E-01
9.120000E-01,-1.397224E-01,3.376300E-03,-1.886552E-01,-3.062669E-02,-1.465469E-01,3.316713E-03,-1.883790E-01,-2.582106E-02,0.000000E+00,0.000000E+00,-5.002580E-01
9.130000E-01,-1.399111E-01,3.335169E-03,-1.887031E-01,-4.113140E-02,-1.467354E-01,3.281914E-03,-1.884957E-01,-3.479922E-02,0.000000E+00,0.000000E+00,-4.471124E-01
9.140000E-01,-1.401001E-01,3.281907E-03,-1.889563E-01,-5.326135E-02,-1.469242E-01,3.239695E-03,-1.888094E-01,-4.221894E-02,0.000000E+00,0.000000E+00,-3.544134E-01
9.150000E-01,-1.402897E-01,3.217772E-03,-1.896087E-01,-6.413553E-02,-1.471137E-01,3.188172E-03,-1.895336E-01,-5.152269E-02,0.000000E+00,0.000000E+00,-2.485204E-01
9.160000E-01,-1.404778E-01,3.155356E-03,-1.880786E-01,-6.241528E-02,-1.473016E-01,3.130770E-03,-1.879225E-01,-5.740283E-02,0.000000E+00,0.000000E+00,-2.064403E-01
9.170000E-01,-1.406563E-01,3.116661E-03,-1.785642E-01,-3.869581E-02,-1.474795E-01,3.099316E-03,-1.778545E-01,-3.145347E-02,0.000000E+00,0.000000E+00,-1.456465E-01
9.180000E-01,-1.408328E-01,3.076524E-03,-1.764862E-01,-4.013701E-02,-1.476552E-01,3.070532E-03,-1.756567E-01,-2.878388E-02,0.000000E+00,0.000000E+00,-5.031788E-02
9.190000E-01,-1.410112E-01,3.030880E-03,-1.783208E-01,-4.564400E-02,-1.478328E-01,3.037866E-03,-1.776156E-01,-3.266633E-02,0.000000E+00,0.000000E+00,5.867821E-02
9.200000E-01,-1.411910E-01,2.977732E-03,-1.798118E-01,-5.314721E-02,-1.480120E-01,3.000298E-03,-1.791835E-01,-3.756775E-02,0.000000E+00,0.000000E+00,1.895492E-01
9.210000E-01,-1.413709E-01,2.915948E-03,-1.799114E-01,-6.178492E-02,-1.481912E-01,2.951260E-03,-1.792849E-01,-4.903797E-02,0.000000E+00,0.000000E+00,2.966479E-01
9.220000E-01,-1.415381E-01,2.912922E-03,-1.672440E-01,-3.025486E-03,-1.483578E-01,2.956406E-03,-1.665445E-01,5.145364E-03,0.000000E+00,0.000000E+00,3.653238E-01
9.230000E-01,-1.417004E-01,2.956484E-03,-1.622351E-01,4.356222E-02,-1.485196E-01,2.997785E-03,-1.618286E-01,4.137925E-02,0.000000E+00,0.000000E+00,3.470049E-01
9.240000E-01,-1.418643E-01,3.007231E-03,-1.639726E-01,5.074710E-02,-1.486834E-01,3.044455E-03,-1.637400E-01,4.666980E-02,0.000000E+00,0.000000E+00,3.127590E-01
9.250000E-01,-1.420311E-01,3.057477E-03,-1.667256E-01,5.024513E-02,-1.488500E-01,3.089717E-03,-1.666110E-01,4.526250E-02,0.000000E+00,0.000000E+00,2.708989E-01
9.260000E-01,-1.422010E-01,3.108072E-03,-1.699831E-01,5.059534E-02,-1.490199E-01,3.136963E-03,-1.699772E-01,4.724558E-02,0.000000E+00,0.000000E+00,2.427534E-01
9.270000E-01,-1.423750E-01,3.159536E-03,-1.739403E-01,5.146419E-02,-1.491939E-01,3.183915E-03,-1.739590E-01,4.695182E-02,0.000000E+00,0.000000E+00,2.048382E-01
9.280000E-01,-1.425537E-01,3.213321E-03,-1.787587E-01,5.378516E-02,-1.493727E-01,3.232397E-03,-1.787631E-01,4.848218E-02,0.000000E+00,0.000000E+00,1.602805E-01
9.290000E-01,-1.427382E-01,3.273804E-03,-1.844203E-01,6.048244E-02,-1.495571E-01,3.284517E-03,-1.844721E-01,5.212068E-02,0.000000E+00,0.000000E+00,9.002077E-02
9.300000E-01,-1.429253E-01,3.339114E-03,-1.871466E-01,6.530996E-02,-1.497445E-01,3.331897E-03,-1.873313E-01,4.737945E-02,0.000000E+00,0.000000E+00,-6.063668E-02
9.310000E-01,-1.431126E-01,3.397012E-03,-1.872547E-01,5.789876E-02,-1.499318E-01,3.368796E-03,-1.873811E-01,3.689908E-02,0.000000E+00,0.000000E+00,-2.370739E-01
9.320000E-01,-1.433000E-01,3.448143E-03,-1.874932E-01,5.113089E-02,-1.501194E-01,3.394635E-03,-1.875405E-01,2.583862E-02,0.000000E+00,0.000000E+00,-4.495689E-01
9.330000E-01,-1.434880E-01,3.493012E-03,-1.879217E-01,4.486896E-02,-1.503072E-01,3.408841E-03,-1.878518E-01,1.420615E-02,0.000000E+00,0.000000E+00,-7.071769E-01
9.340000E-01,-1.436771E-01,3.524114E-03,-1.891618E-01,3.110207E-02,-1.504962E-01,3.415939E-03,-1.889324E-01,7.098160E-03,0.000000E+00,0.000000E+00,-9.088490E-01
9.350000E-01,-1.438677E-01,3.531979E-03,-1.905237E-01,7.864671E-03,-1.506865E-01,3.425020E-03,-1.902851E-01,9.080870E-03,0.000000E+00,0.000000E+00,-8.986641E-01
9.360000E-01,-1.440583E-01,3.528515E-03,-1.906301E-01,-3.463781E-03,-1.508770E-01,3.426019E-03,-1.905310E-01,9.988220E-04,0.000000E+00,0.000000E+00,-8.611879E-01
9.370000E-01,-1.442489E-01,3.511835E-03,-1.906383E-01,-1.668017E-02,-1.510679E-01,3.418938E-03,-1.908794E-01,-7.080698E-03,0.000000E+00,0.000000E+00,-7.805150E-01
9.380000E-01,-1.444395E-01,3.480072E-03,-1.906185E-01,-3.176266E-02,-1.512591E-01,3.404639E-03,-1.912274E-01,-1.429879E-02,0.000000E+00,0.000000E+00,-6.337416E-01
9.390000E-01,-1.446307E-01,3.436103E-03,-1.911500E-01,-4.396957E-02,-1.514510E-01,3.380761E-03,-1.918883E-01,-2.387833E-02,0.000000E+00,0.000000E+00,-4.649066E-01
9.400000E-01,-1.448223E-01,3.378008E-03,-1.916539E-01,-5.809460E-02,-1.516435E-01,3.348726E-03,-1.925419E-01,-3.203457E-02,0.000000E+00,0.000000E+00,-2.459585E-01
9.410000E-01,-1.450136E-01,3.308170E-03,-1.912458E-01,-6.983836E-02,-1.518360E-01,3.303824E-03,-1.924917E-01,-4.490170E-02,0.000000E+00,0.000000E+00,-3.649314E-02
9.420000E-01,-1.452038E-01,3.239144E-03,-1.901856E-01,-6.902556E-02,-1.520279E-01,3.235088E-03,-1.918684E-01,-6.873637E-02,0.000000E+00,0.000000E+00,-3.405609E-02
9.430000E-01,-1.453808E-01,3.215564E-03,-1.769820E-01,-2.358066E-02,-1.522056E-01,3.201742E-03,-1.777538E-01,-3.334610E-02,0.000000E+00,0.000000E+00,-1.160343E-01
9.440000E-01,-1.455569E-01,3.211917E-03,-1.761818E-01,-3.646418E-03,-1.523822E-01,3.190367E-03,-1.765569E-01,-1.137537E-02,0.000000E+00,0.000000E+00,-1.809095E-01
9.450000E-01,-1.457400E-01,3.222964E-03,-1.830847E-01,1.104657E-02,-1.525660E-01,3.191271E-03,-1.837703E-01,9.045274E-04,0.000000E+00,0.000000E+00,-2.660206E-01
9.460000E-01,-1.459312E-01,3.250965E-03,-1.911795E-01,2.800077E-02,-1.527582E-01,3.206977E-03,-1.922770E-01,1.570632E-02,0.000000E+00,0.000000E+00,-3.691556E-01
9.470000E-01,-1.461266E-01,3.281599E-03,-1.954110E-01,3.063482E-02,-1.529549E-01,3.225508E-03,-1.966699E-01,1.853060E-02,0.000000E+00,0.000000E+00,-4.706478E-01
9.480000E-01,-1.463218E-01,3.295453E-03,-1.951515E-01,1.385408E-02,-1.531512E-01,3.239235E-03,-1.963063E-01,1.372661E-02,0.000000E+00,0.000000E+00,-4.716375E-01
9.490000E-01,-1.465166E-01,3.287499E-03,-1.948610E-01,-7.953947E-03,-1.533469E-01,3.250571E-03,-1.956620E-01,1.133584E-02,0.000000E+00,0.000000E+00,-3.097769E-01
9.500000E-01,-1.467123E-01,3.277582E-03,-1.956251E-01,-9.917574E-03,-1.535427E-01,3.241940E-03,-1.958463E-01,-8.630925E-03,0.000000E+00,0.000000E+00,-2.989744E-01
9.510000E-01,-1.469215E-01,3.299408E-03,-2.092361E-01,2.182638E-02,-1.537527E-01,3.265724E-03,-2.099541E-01,2.378447E-02,0.000000E+00,0.000000E+00,-2.825202E-01
9.520000E-01,-1.471375E-01,3.328840E-03,-2.160499E-01,2.943212E-02,-1.539697E-01,3.303283E-03,-2.169902E-01,3.755861E-02,0.000000E+00,0.000000E+00,-2.143321E-01
9.530000E-01,-1.473546E-01,3.346360E-03,-2.170118E-01,1.751939E-02,-1.541875E-01,3.335209E-03,-2.178713E-01,3.192684E-02,0.000000E+00,0.000000E+00,-9.349714E-02
9.540000E-01,-1.475720E-01,3.350726E-03,-2.174545E-01,4.366282E-03,-1.544057E-01,3.358778E-03,-2.181667E-01,2.356882E-02,0.000000E+00,0.000000E+00,6.751220E-02
9.550000E-01,-1.477896E-01,3.345546E-03,-2.175933E-01,-5.180145E-03,-1.546239E-01,3.372013E-03,-2.182028E-01,1.323442E-02,0.000000E+00,0.000000E+00,2.218844E-01
9.560000E-01,-1.480072E-01,3.332174E-03,-2.176271E-01,-1.337151E-02,-1.548421E-01,3.374076E-03,-2.181729E-01,2.063234E-03,0.000000E+00,0.000000E+00,3.512510E-01
9.570000E-01,-1.482249E-01,3.310832E-03,-2.176791E-01,-2.134242E-02,-1.550603E-01,3.364793E-03,-2.181864E-01,-9.282705E-03,0.000000E+00,0.000000E+00,4.523076E-01
9.580000E-01,-1.484427E-01,3.281609E-03,-2.177655E-01,-2.922263E-02,-1.552785E-01,3.344071E-03,-2.182560E-01,-2.072256E-02,0.000000E+00,0.000000E+00,5.235146E-01
9.590000E-01,-1.486603E-01,3.270292E-03,-2.175953E-01,-1.131701E-02,-1.554967E-01,3.310964E-03,-2.181951E-01,-3.310662E-02,0.000000E+00,0.000000E+00,3.408622E-01
9.600000E-01,-1.488765E-01,3.279043E-03,-2.162431E-01,8.750426E-03,-1.557133E-01,3.300671E-03,-2.165405E-01,-1.029279E-02,0.000000E+00,0.000000E+00,1.812581E-01
9.610000E-01,-1.490906E-01,3.288184E-03,-2.141183E-01,9.141118E-03,-1.559276E-01,3.291123E-03,-2.143102E-01,-9.548543E-03,0.000000E+00,0.000000E+00,2.462831E-02
9.620000E-01,-1.493029E-01,3.293744E-03,-2.122723E-01,5.559686E-03,-1.561400E-01,3.276701E-03,-2.124107E-01,-1.442215E-02,0.000000E+00,0.000000E+00,-1.428226E-01
9.630000E-01,-1.495141E-01,3.292774E-03,-2.112128E-01,-9.698179E-04,-1.563513E-01,3.255788E-03,-2.113114E-01,-2.091262E-02,0.000000E+00,0.000000E+00,-3.099391E-01
9.640000E-01,-1.497205E-01,3.289702E-03,-2.063889E-01,-3.071438E-03,-1.565577E-01,3.244918E-03,-2.063880E-01,-1.087045E-02,0.000000E+00,0.000000E+00,-3.752928E-01
9.650000E-01,-1.499247E-01,3.281188E-03,-2.042039E-01,-8.514805E-03,-1.567619E-01,3.234874E-03,-2.041792E-01,-1.004358E-02,0.000000E+00,0.000000E+00,-3.881048E-01
9.660000E-01,-1.501287E-01,3.264489E-03,-2.040329E-01,-1.669810E-02,-1.569659E-01,3.216385E-03,-2.039997E-01,-1.848911E-02,0.000000E+00,0.000000E+00,-4.031148E-01
9.670000E-01,-1.503324E-01,3.241338E-03,-2.036807E-01,-2.315128E-02,-1.571695E-01,3.188394E-03,-2.036243E-01,-2.799052E-02,0.000000E+00,0.000000E+00,-4.436695E-01
9.680000E-01,-1.505363E-01,3.209046E-03,-2.038532E-01,-3.229248E-02,-1.573733E-01,3.149900E-03,-2.037955E-01,-3.849459E-02,0.000000E+00,0.000000E+00,-4.956449E-01
9.690000E-01,-1.507403E-01,3.167624E-03,-2.040296E-01,-4.142162E-02,-1.575772E-01,3.100684E-03,-2.039640E-01,-4.921537E-02,0.000000E+00,0.000000E+00,-5.609582E-01
9.700000E-01,-1.509445E-01,3.117240E-03,-2.041765E-01,-5.038371E-02,-1.577813E-01,3.040584E-03,-2.040919E-01,-6.010061E-02,0.000000E+00,0.000000E+00,-6.423879E-01
9.710000E-01,-1.511488E-01,3.058029E-03,-2.042923E-01,-5.921086E-02,-1.579855E-01,2.969468E-03,-2.041750E-01,-7.111547E-02,0.000000E+00,0.000000E+00,-7.421517E-01
9.720000E-01,-1.513424E-01,3.030705E-03,-1.936396E-01,-2.732432E-02,-1.581794E-01,2.966765E-03,-1.938932E-01,-2.703349E-03,0.000000E+00,0.000000E+00,-5.358200E-01
9.730000E-01,-1.515241E-01,3.059615E-03,-1.816694E-01,2.890989E-02,-1.583612E-01,3.005848E-03,-1.817504E-01,3.908260E-02,0.000000E+00,0.000000E+00,-4.505711E-01
9.740000E-01,-1.517032E-01,3.106098E-03,-1.790977E-01,4.648332E-02,-1.585403E-01,3.051891E-03,-1.791418E-01,4.604353E-02,0.000000E+00,0.000000E+00,-4.542534E-01
9.750000E-01,-1.518819E-01,3.155841E-03,-1.787281E-01,4.974250E-02,-1.587191E-01,3.101328E-03,-1.787847E-01,4.943678E-02,0.000000E+00,0.000000E+00,-4.568114E-01
9.760000E-01,-1.520623E-01,3.205886E-03,-1.803930E-01,5.004537E-02,-1.588995E-01,3.152983E-03,-1.804444E-01,5.165543E-02,0.000000E+00,0.000000E+00,-4.433166E-01
9.770000E-01,-1.522463E-01,3.252718E-03,-1.839804E-01,4.683164E-02,-1.590836E-01,3.206340E-03,-1.840755E-01,5.335688E-02,0.000000E+00,0.000000E+00,-3.886327E-01
9.780000E-01,-1.524351E-01,3.300150E-03,-1.888491E-01,4.743182E-02,-1.592726E-01,3.263322E-03,-1.889558E-01,5.698214E-02,0.000000E+00,0.000000E+00,-3.086006E-01
9.790000E-01,-1.526281E-01,3.345848E-03,-1.929309E-01,4.569826E-02,-1.594656E-01,3.324220E-03,-1.930697E-01,6.089809E-02,0.000000E+00,0.000000E+00,-1.812290E-01
9.800000E-01,-1.528210E-01,3.383283E-03,-1.929097E-01,3.743468E-02,-1.596586E-01,3.374235E-03,-1.930107E-01,5.001418E-02,0.000000E+00,0.000000E+00,-7.581786E-02
9.810000E-01,-1.530139E-01,3.413058E-03,-1.928909E-01,2.977502E-02,-1.598516E-01,3.412815E-03,-1.929700E-01,3.858006E-02,0.000000E+00,0.000000E+00,-2.036676E-03
9.820000E-01,-1.532067E-01,3.435735E-03,-1.928895E-01,2.267761E-02,-1.600446E-01,3.439428E-03,-1.929639E-01,2.661381E-02,0.000000E+00,0.000000E+00,3.094567E-02
9.830000E-01,-1.533997E-01,3.451734E-03,-1.929268E-01,1.599851E-02,-1.602376E-01,3.453638E-03,-1.930078E-01,1.420919E-02,0.000000E+00,0.000000E+00,1.595233E-02
9.840000E-01,-1.535927E-01,3.461156E-03,-1.930252E-01,9.422639E-03,-1.604307E-01,3.455225E-03,-1.931108E-01,1.587067E-03,0.000000E+00,0.000000E+00,-4.970241E-02
9.850000E-01,-1.537859E-01,3.463617E-03,-1.931910E-01,2.460170E-03,-1.606240E-01,3.444338E-03,-1.932637E-01,-1.088681E-02,0.000000E+00,0.000000E+00,-1.615351E-01
9.860000E-01,-1.539793E-01,3.458233E-03,-1.934012E-01,-5.383938E-03,-1.608174E-01,3.421553E-03,-1.934363E-01,-2.278516E-02,0.000000E+00,0.000000E+00,-3.073350E-01
9.870000E-01,-1.541729E-01,3.443846E-03,-1.936216E-01,-1.438673E-02,-1.610110E-01,3.387781E-03,-1.936034E-01,-3.377176E-02,0.000000E+00,0.000000E+00,-4.697540E-01
9.880000E-01,-1.543667E-01,3.419284E-03,-1.938344E-01,-2.456202E-02,-1.612048E-01,3.344079E-03,-1.937688E-01,-4.370182E-02,0.000000E+00,0.000000E+00,-6.301162E-01
9.890000E-01,-1.545608E-01,3.383548E-03,-1.940407E-01,-3.573561E-02,-1.613987E-01,3.291447E-03,-1.939557E-01,-5.263235E-02,0.000000E+00,0.000000E+00,-7.716825E-01
9.900000E-01,-1.547550E-01,3.335980E-03,-1.942492E-01,-4.756853E-02,-1.615929E-01,3.230630E-03,-1.941827E-01,-6.081680E-02,0.000000E+00,0.000000E+00,-8.826766E-01
9.910000E-01,-1.549381E-01,3.292851E-03,-1.830630E-01,-4.312866E-02,-1.617764E-01,3.200304E-03,-1.834839E-01,-3.032625E-02,0.000000E+00,0.000000E+00,-7.753775E-01
9.920000E-01,-1.551109E-01,3.280819E-03,-1.727944E-01,-1.203248E-02,-1.619493E-01,3.186964E-03,-1.729063E-01,-1.333934E-02,0.000000E+00,0.000000E+00,-7.863123E-01
9.930000E-01,-1.552856E-01,3.282307E-03,-1.746943E-01,1.488375E-03,-1.621239E-01,3.176311E-03,-1.745872E-01,-1.065299E-02,0.000000E+00,0.000000E+00,-8.880314E-01
9.940000E-01,-1.554682E-01,3.295317E-03,-1.826081E-01,1.301003E-02,-1.623063E-01,3.172431E-03,-1.823963E-01,-3.880736E-03,0.000000E+00,0.000000E+00,-1.029546E+00
9.950000E-01,-1.556576E-01,3.319286E-03,-1.893797E-01,2.396892E-02,-1.624952E-01,3.169936E-03,-1.889201E-01,-2.494206E-03,0.000000E+00,0.000000E+00,-1.251274E+00
9.960000E-01,-1.558485E-01,3.339151E-03,-1.909547E-01,1.986457E-02,-1.626855E-01,3.159591E-03,-1.903011E-01,-1.034551E-02,0.000000E+00,0.000000E+00,-1.504417E+00
9.970000E-01,-1.560397E-01,3.351086E-03,-1.911219E-01,1.193541E-02,-1.628757E-01,3.137577E-03,-1.902189E-01,-2.201378E-02,0.000000E+00,0.000000E+00,-1.788922E+00
9.980000E-01,-1.562325E-01,3.358783E-03,-1.928162E-01,7.696732E-03,-1.630680E-01,3.124909E-03,-1.922620E-01,-1.266771E-02,0.000000E+00,0.000000E+00,-1.959580E+00
9.990000E-01,-1.564264E-01,3.353076E-03,-1.939446E-01,-5.706304E-03,-1.632632E-01,3.158119E-03,-1.952593E-01,3.320976E-02,0.000000E+00,0.000000E+00,-1.633390E+00
1.000000E+00,-1.566219E-01,3.333239E-03,-1.955171E-01,-1.983719E-02,-1.634601E-01,3.189611E-03,-1.968568E-01,3.149185E-02,0.000000E+00,0.000000E+00,-1.203258E+00
1.001000E+00,-1.568188E-01,3.302949E-03,-1.968529E-01,-3.028971E-02,-1.636580E-01,3.219718E-03,-1.979073E-01,3.010647E-02,0.000000E+00,0.000000E+00,-6.972441E-01
1.002000E+00,-1.570182E-01,3.261773E-03,-1.993658E-01,-4.117677E-02,-1.638579E-01,3.250724E-03,-1.999098E-01,3.100695E-02,0.000000E+00,0.000000E+00,-9.254930E-02
1.003000E+00,-1.572212E-01,3.209477E-03,-2.030255E-01,-5.229598E-02,-1.640605E-01,3.287713E-03,-2.026291E-01,3.698816E-02,0.000000E+00,0.000000E+00,6.553817E-01
1.004000E+00,-1.574282E-01,3.143985E-03,-2.069724E-01,-6.549150E-02,-1.642654E-01,3.330526E-03,-2.049071E-01,4.281295E-02,0.000000E+00,0.000000E+00,1.562800E+00
1.005000E+00,-1.576249E-01,3.138623E-03,-1.967753E-01,-5.362029E-03,-1.644605E-01,3.378481E-03,-1.950738E-01,4.795578E-02,0.000000E+00,0.000000E+00,2.009660E+00
1.006000E+00,-1.578152E-01,3.160612E-03,-1.902392E-01,2.198899E-02,-1.646498E-01,3.423091E-03,-1.893225E-01,4.460943E-02,0.000000E+00,0.000000E+00,2.199303E+00
1.007000E+00,-1.580021E-01,3.189554E-03,-1.869106E-01,2.894141E-02,-1.648363E-01,3.460245E-03,-1.864676E-01,3.715446E-02,0.000000E+00,0.000000E+00,2.268196E+00
1.008000E+00,-1.581861E-01,3.225389E-03,-1.840111E-01,3.583562E-02,-1.650209E-01,3.478523E-03,-1.845578E-01,1.827817E-02,0.000000E+00,0.000000E+00,2.121047E+00
1.009000E+00,-1.583678E-01,3.258838E-03,-1.817120E-01,3.344879E-02,-1.652035E-01,3.481020E-03,-1.826080E-01,2.496190E-03,0.000000E+00,0.000000E+00,1.861642E+00
1.010000E+00,-1.585485E-01,3.289226E-03,-1.807035E-01,3.038786E-02,-1.653850E-01,3.474816E-03,-1.815551E-01,-6.203500E-03,0.000000E+00,0.000000E+00,1.555018E+00
1.011000E+00,-1.587295E-01,3.312544E-03,-1.810377E-01,2.331858E-02,-1.655668E-01,3.455012E-03,-1.818059E-01,-1.980368E-02,0.000000E+00,0.000000E+00,1.193693E+00
1.012000E+00,-1.589108E-01,3.326299E-03,-1.812370E-01,1.375474E-02,-1.657486E-01,3.422721E-03,-1.817393E-01,-3.229159E-02,0.000000E+00,0.000000E+00,8.078897E-01
1.013000E+00,-1.590921E-01,3.328585E-03,-1.812963E-01,2.286026E-03,-1.659300E-01,3.381372E-03,-1.814677E-01,-4.134876E-02,0.000000E+00,0.000000E+00,4.422957E-01
1.014000E+00,-1.592738E-01,3.322837E-03,-1.817219E-01,-5.747978E-03,-1.661116E-01,3.325633E-03,-1.815735E-01,-5.573950E-02,0.000000E+00,0.000000E+00,2.342301E-02
1.015000E+00,-1.594558E-01,3.307456E-03,-1.819618E-01,-1.538153E-02,-1.662931E-01,3.259931E-03,-1.814453E-01,-6.570173E-02,0.000000E+00,0.000000E+00,-3.982458E-01
1.016000E+00,-1.596361E-01,3.305347E-03,-1.803482E-01,-2.108987E-03,-1.664728E-01,3.228866E-03,-1.797064E-01,-3.106444E-02,0.000000E+00,0.000000E+00,-6.409287E-01
1.017000E+00,-1.598188E-01,3.308789E-03,-1.827384E-01,3.441834E-03,-1.666550E-01,3.216639E-03,-1.822488E-01,-1.222770E-02,0.000000E+00,0.000000E+00,-7.722851E-01
1.018000E+00,-1.600042E-01,3.306471E-03,-1.853181E-01,-2.317349E-03,-1.668400E-01,3.207743E-03,-1.849949E-01,-8.895989E-03,0.000000E+00,0.000000E+00,-8.274507E-01
1.019000E+00,-1.601927E-01,3.298847E-03,-1.885290E-01,-7.624673E-03,-1.670284E-01,3.203229E-03,-1.884302E-01,-4.513796E-03,0.000000E+00,0.000000E+00,-8.013933E-01
1.020000E+00,-1.603839E-01,3.285305E-03,-1.911862E-01,-1.354102E-02,-1.672197E-01,3.200140E-03,-1.912638E-01,-3.088933E-03,0.000000E+00,0.000000E+00,-7.137934E-01
1.021000E+00,-1.605756E-01,3.263384E-03,-1.917491E-01,-2.192153E-02,-1.674115E-01,3.187601E-03,-1.918292E-01,-1.253916E-02,0.000000E+00,0.000000E+00,-6.351568E-01
1.022000E+00,-1.607672E-01,3.250141E-03,-1.915592E-01,-1.324268E-02,-1.676029E-01,3.144986E-03,-1.913594E-01,-4.261441E-02,0.000000E+00,0.000000E+00,-8.813208E-01
1.023000E+00,-1.609566E-01,3.232686E-03,-1.894069E-01,-1.745517E-02,-1.677918E-01,3.089442E-03,-1.889464E-01,-5.554408E-02,0.000000E+00,0.000000E+00,-1.200550E+00
1.024000E+00,-1.611424E-01,3.227008E-03,-1.858216E-01,-5.678499E-03,-1.679780E-01,3.097789E-03,-1.861873E-01,8.346530E-03,0.000000E+00,0.000000E+00,-1.082976E+00
1.025000E+00,-1.613259E-01,3.242592E-03,-1.834821E-01,1.558421E-02,-1.681620E-01,3.137890E-03,-1.839533E-01,4.010142E-02,0.000000E+00,0.000000E+00,-8.774736E-01
1.026000E+00,-1.615105E-01,3.260045E-03,-1.846282E-01,1.745310E-02,-1.683470E-01,3.177457E-03,-1.849690E-01,3.956701E-02,0.000000E+00,0.000000E+00,-6.921292E-01
1.027000E+00,-1.616972E-01,3.274584E-03,-1.866664E-01,1.453879E-02,-1.685339E-01,3.218041E-03,-1.869535E-01,4.058355E-02,0.000000E+00,0.000000E+00,-4.738523E-01
1.028000E+00,-1.618868E-01,3.288660E-03,-1.895910E-01,1.407606E-02,-1.687237E-01,3.262984E-03,-1.897854E-01,4.494287E-02,0.000000E+00,0.000000E+00,-2.151736E-01
1.029000E+00,-1.620811E-01,3.300182E-03,-1.942726E-01,1.152212E-02,-1.689180E-01,3.315351E-03,-1.943527E-01,5.236751E-02,0.000000E+00,0.000000E+00,1.271228E-01
1.030000E+00,-1.622788E-01,3.311733E-03,-1.977905E-01,1.155112E-02,-1.691157E-01,3.369511E-03,-1.976839E-01,5.415969E-02,0.000000E+00,0.000000E+00,4.841901E-01
1.031000E+00,-1.624767E-01,3.315148E-03,-1.978609E-01,3.414918E-03,-1.693133E-01,3.412662E-03,-1.975380E-01,4.315100E-02,0.000000E+00,0.000000E+00,8.171888E-01
1.032000E+00,-1.626746E-01,3.310902E-03,-1.979208E-01,-4.246424E-03,-1.695107E-01,3.444270E-03,-1.974518E-01,3.160758E-02,0.000000E+00,0.000000E+00,1.117664E+00
1.033000E+00,-1.628726E-01,3.299404E-03,-1.979722E-01,-1.149793E-02,-1.697082E-01,3.463879E-03,-1.974390E-01,1.960942E-02,0.000000E+00,0.000000E+00,1.378369E+00
1.034000E+00,-1.630722E-01,3.299182E-03,-1.995558E-01,-2.210829E-04,-1.699081E-01,3.452176E-03,-1.999631E-01,-1.170338E-02,0.000000E+00,0.000000E+00,1.282100E+00
1.035000E+00,-1.632726E-01,3.301410E-03,-2.004836E-01,2.227572E-03,-1.701095E-01,3.419323E-03,-2.013445E-01,-3.285284E-02,0.000000E+00,0.000000E+00,9.880645E-01
1.036000E+00,-1.634770E-01,3.320631E-03,-2.044012E-01,1.922095E-02,-1.703149E-01,3.377350E-03,-2.054614E-01,-4.197230E-02,0.000000E+00,0.000000E+00,4.752501E-01
1.037000E+00,-1.636815E-01,3.333208E-03,-2.044505E-01,1.257659E-02,-1.705199E-01,3.321547E-03,-2.049687E-01,-5.580341E-02,0.000000E+00,0.000000E+00,-9.769872E-02
1.038000E+00,-1.638860E-01,3.338475E-03,-2.045536E-01,5.267429E-03,-1.707242E-01,3.252470E-03,-2.043235E-01,-6.907666E-02,0.000000E+00,0.000000E+00,-7.205792E-01
1.039000E+00,-1.640908E-01,3.335335E-03,-2.047741E-01,-3.140524E-03,-1.709279E-01,3.171334E-03,-2.036446E-01,-8.113680E-02,0.000000E+00,0.000000E+00,-1.374097E+00
1.040000E+00,-1.642954E-01,3.317720E-03,-2.045471E-01,-1.761482E-02,-1.711307E-01,3.083806E-03,-2.028129E-01,-8.752746E-02,0.000000E+00,0.000000E+00,-1.959974E+00
1.041000E+00,-1.644928E-01,3.288263E-03,-1.974406E-01,-2.945699E-02,-1.713273E-01,3.026695E-03,-1.966726E-01,-5.711086E-02,0.000000E+00,0.000000E+00,-2.191720E+00
1.042000E+00,-1.646859E-01,3.258160E-03,-1.931193E-01,-3.010258E-02,-1.715199E-01,2.978811E-03,-1.925754E-01,-4.788372E-02,0.000000E+00,0.000000E+00,-2.340737E+00
1.043000E+00,-1.648768E-01,3.240629E-03,-1.908580E-01,-1.753112E-02,-1.717094E-01,2.927236E-03,-1.894784E-01,-5.157574E-02,0.000000E+00,0.000000E+00,-2.626157E+00
1.044000E+00,-1.650700E-01,3.226049E-03,-1.932358E-01,-1.458050E-02,-1.719006E-01,2.868805E-03,-1.911664E-01,-5.843118E-02,0.000000E+00,0.000000E+00,-2.993893E+00
1.045000E+00,-1.652665E-01,3.216598E-03,-1.965072E-01,-9.450126E-03,-1.720940E-01,2.803279E-03,-1.934113E-01,-6.552570E-02,0.000000E+00,0.000000E+00,-3.464336E+00
1.046000E+00,-1.654584E-01,3.194908E-03,-1.918900E-01,-2.168994E-02,-1.722849E-01,2.764793E-03,-1.908912E-01,-3.848593E-02,0.000000E+00,0.000000E+00,-3.605278E+00
1.047000E+00,-1.656377E-01,3.149965E-03,-1.792703E-01,-4.494358E-02,-1.724690E-01,2.805466E-03,-1.841310E-01,4.067353E-02,0.000000E+00,0.000000E+00,-2.886939E+00
1.048000E+00,-1.658082E-01,3.136820E-03,-1.705149E-01,-1.314476E-02,-1.726427E-01,2.861993E-03,-1.736581E-01,5.652683E-02,0.000000E+00,0.000000E+00,-2.302733E+00
1.049000E+00,-1.659773E-01,3.146151E-03,-1.691064E-01,9.330716E-03,-1.728136E-01,2.922039E-03,-1.709442E-01,6.004525E-02,0.000000E+00,0.000000E+00,-1.877638E+00
1.050000E+00,-1.661490E-01,3.180706E-03,-1.716873E-01,3.455557E-02,-1.729863E-01,2.990217E-03,-1.726918E-01,6.817862E-02,0.000000E+00,0.000000E+00,-1.595864E+00
1.051000E+00,-1.663235E-01,3.211244E-03,-1.745553E-01,3.053740E-02,-1.731619E-01,3.062632E-03,-1.755685E-01,7.241450E-02,0.000000E+00,0.000000E+00,-1.244971E+00
1.052000E+00,-1.665015E-01,3.239960E-03,-1.779039E-01,2.871664E-02,-1.733406E-01,3.139020E-03,-1.787469E-01,7.638842E-02,0.000000E+00,0.000000E+00,-8.455771E-01
1.053000E+00,-1.666842E-01,3.264957E-03,-1.827087E-01,2.499618E-02,-1.735239E-01,3.221427E-03,-1.832850E-01,8.240643E-02,0.000000E+00,0.000000E+00,-3.646423E-01
1.054000E+00,-1.668727E-01,3.289161E-03,-1.885613E-01,2.420389E-02,-1.737125E-01,3.310947E-03,-1.886345E-01,8.952076E-02,0.000000E+00,0.000000E+00,1.825032E-01
1.055000E+00,-1.670650E-01,3.318991E-03,-1.922959E-01,2.983054E-02,-1.739044E-01,3.392926E-03,-1.918970E-01,8.197905E-02,0.000000E+00,0.000000E+00,6.193540E-01
1.056000E+00,-1.672581E-01,3.344565E-03,-1.930877E-01,2.557422E-02,-1.740969E-01,3.463052E-03,-1.924230E-01,7.012607E-02,0.000000E+00,0.000000E+00,9.925995E-01
1.057000E+00,-1.674512E-01,3.362310E-03,-1.931180E-01,1.774515E-02,-1.742891E-01,3.521035E-03,-1.922615E-01,5.798260E-02,0.000000E+00,0.000000E+00,1.329741E+00
1.058000E+00,-1.676443E-01,3.372787E-03,-1.930524E-01,1.047692E-02,-1.744812E-01,3.566302E-03,-1.921131E-01,4.526683E-02,0.000000E+00,0.000000E+00,1.621280E+00
1.059000E+00,-1.678372E-01,3.376397E-03,-1.928914E-01,3.609258E-03,-1.746732E-01,3.598512E-03,-1.919777E-01,3.221005E-02,0.000000E+00,0.000000E+00,1.860990E+00
1.060000E+00,-1.680298E-01,3.373192E-03,-1.926672E-01,-3.204611E-03,-1.748651E-01,3.617738E-03,-1.918571E-01,1.922576E-02,0.000000E+00,0.000000E+00,2.049013E+00
1.061000E+00,-1.682223E-01,3.362742E-03,-1.924331E-01,-1.045001E-02,-1.750568E-01,3.624567E-03,-1.917490E-01,6.829121E-03,0.000000E+00,0.000000E+00,2.193875E+00
1.062000E+00,-1.684145E-01,3.344193E-03,-1.922381E-01,-1.854877E-02,-1.752485E-01,3.620005E-03,-1.916447E-01,-4.561868E-03,0.000000E+00,0.000000E+00,2.311150E+00
1.063000E+00,-1.686066E-01,3.316485E-03,-1.921097E-01,-2.770790E-02,-1.754400E-01,3.605236E-03,-1.915330E-01,-1.476887E-02,0.000000E+00,0.000000E+00,2.419650E+00
1.064000E+00,-1.687987E-01,3.278553E-03,-1.920518E-01,-3.793189E-02,-1.756314E-01,3.581395E-03,-1.914008E-01,-2.384144E-02,0.000000E+00,0.000000E+00,2.537814E+00
1.065000E+00,-1.689907E-01,3.229488E-03,-1.920517E-01,-4.906572E-02,-1.758226E-01,3.549386E-03,-1.912352E-01,-3.200894E-02,0.000000E+00,0.000000E+00,2.680867E+00
1.066000E+00,-1.691821E-01,3.172443E-03,-1.913807E-01,-5.704459E-02,-1.760134E-01,3.504401E-03,-1.907448E-01,-4.498441E-02,0.000000E+00,0.000000E+00,2.782039E+00
1.067000E+00,-1.693652E-01,3.142680E-03,-1.830520E-01,-2.976300E-02,-1.761977E-01,3.446449E-03,-1.843117E-01,-5.795224E-02,0.000000E+00,0.000000E+00,2.545650E+00
1.068000E+00,-1.695460E-01,3.116291E-03,-1.808103E-01,-2.638895E-02,-1.763801E-01,3.380588E-03,-1.824173E-01,-6.586059E-02,0.000000E+00,0.000000E+00,2.214703E+00
1.069000E+00,-1.697288E-01,3.093118E-03,-1.827879E-01,-2.317321E-02,-1.765646E-01,3.306034E-03,-1.845322E-01,-7.455433E-02,0.000000E+00,0.000000E+00,1.784007E+00
1.070000E+00,-1.699134E-01,3.071555E-03,-1.846760E-01,-2.156259E-02,-1.767509E-01,3.223013E-03,-1.862403E-01,-8.302100E-02,0.000000E+00,0.000000E+00,1.268964E+00
1.071000E+00,-1.701083E-01,3.026279E-03,-1.948366E-01,-4.527641E-02,-1.769449E-01,3.207225E-03,-1.940211E-01,-1.578772E-02,0.000000E+00,0.000000E+00,1.516105E+00
1.072000E+00,-1.703115E-01,2.983832E-03,-2.031909E-01,-4.244669E-02,-1.771459E-01,3.229933E-03,-2.010401E-01,2.270795E-02,0.000000E+00,0.000000E+00,2.062260E+00
1.073000E+00,-1.705167E-01,3.011143E-03,-2.052420E-01,2.731106E-02,-1.773504E-01,3.274872E-03,-2.044251E-01,4.493892E-02,0.000000E+00,0.000000E+00,2.210098E+00
1.074000E+00,-1.707249E-01,3.063613E-03,-2.082286E-01,5.246956E-02,-1.775579E-01,3.342099E-03,-2.075234E-01,6.722632E-02,0.000000E+00,0.000000E+00,2.333870E+00
1.075000E+00,-1.709316E-01,3.129676E-03,-2.066836E-01,6.606332E-02,-1.777646E-01,3.403881E-03,-2.067224E-01,6.178211E-02,0.000000E+00,0.000000E+00,2.298017E+00
1.076000E+00,-1.711380E-01,3.190833E-03,-2.063891E-01,6.115719E-02,-1.779713E-01,3.454523E-03,-2.066712E-01,5.064205E-02,0.000000E+00,0.000000E+00,2.209891E+00
1.077000E+00,-1.713448E-01,3.248245E-03,-2.068433E-01,5.741178E-02,-1.781787E-01,3.492446E-03,-2.074339E-01,3.792314E-02,0.000000E+00,0.000000E+00,2.046531E+00
1.078000E+00,-1.715528E-01,3.306751E-03,-2.079905E-01,5.850584E-02,-1.783877E-01,3.516547E-03,-2.089989E-01,2.410130E-02,0.000000E+00,0.000000E+00,1.758139E+00
1.079000E+00,-1.717622E-01,3.366450E-03,-2.093381E-01,5.969917E-02,-1.785982E-01,3.528935E-03,-2.104650E-01,1.238827E-02,0.000000E+00,0.000000E+00,1.361610E+00
1.080000E+00,-1.719716E-01,3.419034E-03,-2.093827E-01,5.258382E-02,-1.788084E-01,3.528531E-03,-2.102701E-01,-4.048228E-04,0.000000E+00,0.000000E+00,9.175457E-01
1.081000E+00,-1.721810E-01,3.464515E-03,-2.094399E-01,4.548081E-02,-1.790184E-01,3.515220E-03,-2.099600E-01,-1.331109E-02,0.000000E+00,0.000000E+00,4.248851E-01
1.082000E+00,-1.723905E-01,3.502693E-03,-2.095073E-01,3.817845E-02,-1.792279E-01,3.489217E-03,-2.095161E-01,-2.600268E-02,0.000000E+00,0.000000E+00,-1.129286E-01
1.083000E+00,-1.726001E-01,3.533116E-03,-2.095943E-01,3.042251E-02,-1.794369E-01,3.451139E-03,-2.089576E-01,-3.807735E-02,0.000000E+00,0.000000E+00,-6.869709E-01
1.084000E+00,-1.728098E-01,3.555065E-03,-2.097095E-01,2.194905E-02,-1.796452E-01,3.401960E-03,-2.083391E-01,-4.917990E-02,0.000000E+00,0.000000E+00,-1.283144E+00
1.085000E+00,-1.730196E-01,3.567620E-03,-2.098410E-01,1.255518E-02,-1.798529E-01,3.342846E-03,-2.077260E-01,-5.911318E-02,0.000000E+00,0.000000E+00,-1.884001E+00
1.086000E+00,-1.732296E-01,3.569781E-03,-2.099489E-01,2.161355E-03,-1.800601E-01,3.274955E-03,-2.071675E-01,-6.789178E-02,0.000000E+00,0.000000E+00,-2.471534E+00
1.087000E+00,-1.734315E-01,3.555539E-03,-2.019201E-01,-1.424280E-02,-1.802610E-01,3.241114E-03,-2.009352E-01,-3.384104E-02,0.000000E+00,0.000000E+00,-2.635981E+00
1.088000E+00,-1.736152E-01,3.518508E-03,-1.836828E-01,-3.703025E-02,-1.804482E-01,3.294646E-03,-1.871328E-01,5.353261E-02,0.000000E+00,0.000000E+00,-1.876454E+00
1.089000E+00,-1.737974E-01,3.469602E-03,-1.821873E-01,-4.890669E-02,-1.806329E-01,3.349314E-03,-1.846948E-01,5.466777E-02,0.000000E+00,0.000000E+00,-1.008160E+00
1.090000E+00,-1.739800E-01,3.410372E-03,-1.826428E-01,-5.922946E-02,-1.808165E-01,3.394645E-03,-1.836065E-01,4.533137E-02,0.000000E+00,0.000000E+00,-1.318051E-01
1.091000E+00,-1.741631E-01,3.341272E-03,-1.831095E-01,-6.909992E-02,-1.809990E-01,3.430076E-03,-1.824985E-01,3.543075E-02,0.000000E+00,0.000000E+00,7.442831E-01
1.092000E+00,-1.743467E-01,3.262984E-03,-1.835580E-01,-7.828834E-02,-1.811804E-01,3.454890E-03,-1.814122E-01,2.481434E-02,0.000000E+00,0.000000E+00,1.608580E+00
1.093000E+00,-1.745279E-01,3.243962E-03,-1.811737E-01,-1.902193E-02,-1.813609E-01,3.460111E-03,-1.805216E-01,5.220192E-03,0.000000E+00,0.000000E+00,1.811825E+00
1.094000E+00,-1.747122E-01,3.257072E-03,-1.843173E-01,1.311005E-02,-1.815461E-01,3.447421E-03,-1.851590E-01,-1.268936E-02,0.000000E+00,0.000000E+00,1.595490E+00
1.095000E+00,-1.749011E-01,3.292821E-03,-1.888930E-01,3.574869E-02,-1.817365E-01,3.420530E-03,-1.904219E-01,-2.689147E-02,0.000000E+00,0.000000E+00,1.070358E+00
1.096000E+00,-1.750936E-01,3.342488E-03,-1.925577E-01,4.966762E-02,-1.819302E-01,3.379814E-03,-1.937274E-01,-4.071553E-02,0.000000E+00,0.000000E+00,3.128166E-01
1.097000E+00,-1.752866E-01,3.384025E-03,-1.929983E-01,4.153635E-02,-1.821232E-01,3.327938E-03,-1.929589E-01,-5.187601E-02,0.000000E+00,0.000000E+00,-4.700394E-01
1.098000E+00,-1.754799E-01,3.416127E-03,-1.932831E-01,3.210207E-02,-1.823155E-01,3.282466E-03,-1.922770E-01,-4.547219E-02,0.000000E+00,0.000000E+00,-1.120207E+00
1.099000E+00,-1.756713E-01,3.436831E-03,-1.913767E-01,2.070393E-02,-1.825060E-01,3.266042E-03,-1.905536E-01,-1.642452E-02,0.000000E+00,0.000000E+00,-1.431437E+00
1.100000E+00,-1.758598E-01,3.447007E-03,-1.885449E-01,1.017603E-02,-1.826940E-01,3.254536E-03,-1.879624E-01,-1.150568E-02,0.000000E+00,0.000000E+00,-1.613205E+00
1.101000E+00,-1.760467E-01,3.448197E-03,-1.868350E-01,1.190043E-03,-1.828804E-01,3.241129E-03,-1.864017E-01,-1.340672E-02,0.000000E+00,0.000000E+00,-1.735586E+00
1.102000E+00,-1.762330E-01,3.441305E-03,-1.863032E-01,-6.891393E-03,-1.830662E-01,3.219178E-03,-1.858290E-01,-2.195157E-02,0.000000E+00,0.000000E+00,-1.861860E+00
1.103000E+00,-1.764192E-01,3.424986E-03,-1.862196E-01,-1.631964E-02,-1.832518E-01,3.186302E-03,-1.856484E-01,-3.287550E-02,0.000000E+00,0.000000E+00,-2.000689E+00
1.104000E+00,-1.766054E-01,3.399955E-03,-1.861819E-01,-2.503113E-02,-1.834373E-01,3.142108E-03,-1.854786E-01,-4.419364E-02,0.000000E+00,0.000000E+00,-2.161388E+00
1.105000E+00,-1.767915E-01,3.365908E-03,-1.861005E-01,-3.404642E-02,-1.836226E-01,3.086893E-03,-1.852708E-01,-5.521549E-02,0.000000E+00,0.000000E+00,-2.338931E+00
1.106000E+00,-1.769774E-01,3.326136E-03,-1.858878E-01,-3.977199E-02,-1.838071E-01,3.016810E-03,-1.845428E-01,-7.008262E-02,0.000000E+00,0.000000E+00,-2.593199E+00
1.107000E+00,-1.771568E-01,3.297317E-03,-1.794627E-01,-2.881931E-02,-1.839853E-01,2.963141E-03,-1.781786E-01,-5.366962E-02,0.000000E+00,0.000000E+00,-2.801736E+00
1.108000E+00,-1.773201E-01,3.296737E-03,-1.633192E-01,-5.796196E-04,-1.841498E-01,2.988348E-03,-1.645076E-01,2.520774E-02,0.000000E+00,0.000000E+00,-2.585390E+00
1.109000E+00,-1.774749E-01,3.302771E-03,-1.547460E-01,6.033294E-03,-1.843064E-01,3.036974E-03,-1.565272E-01,4.862572E-02,0.000000E+00,0.000000E+00,-2.228123E+00
1.110000E+00,-1.776263E-01,3.319227E-03,-1.514397E-01,1.645637E-02,-1.844589E-01,3.082538E-03,-1.525039E-01,4.556337E-02,0.000000E+00,0.000000E+00,-1.984023E+00
1.111000E+00,-1.777773E-01,3.328886E-03,-1.509166E-01,9.659201E-03,-1.846111E-01,3.133375E-03,-1.522638E-01,5.083721E-02,0.000000E+00,0.000000E+00,-1.638738E+00
1.112000E+00,-1.779294E-01,3.327552E-03,-1.521760E-01,-1.334298E-03,-1.847647E-01,3.183974E-03,-1.535319E-01,5.059949E-02,0.000000E+00,0.000000E+00,-1.203352E+00
1.113000E+00,-1.780836E-01,3.315120E-03,-1.542069E-01,-1.243148E-02,-1.849200E-01,3.236531E-03,-1.553497E-01,5.255661E-02,0.000000E+00,0.000000E+00,-6.586316E-01
1.114000E+00,-1.782382E-01,3.309503E-03,-1.546076E-01,-5.617579E-03,-1.850752E-01,3.297617E-03,-1.552397E-01,6.108609E-02,0.000000E+00,0.000000E+00,-9.960617E-02
1.115000E+00,-1.783944E-01,3.311365E-03,-1.562062E-01,1.862025E-03,-1.852315E-01,3.360521E-03,-1.562380E-01,6.290368E-02,0.000000E+00,0.000000E+00,4.119291E-01
1.116000E+00,-1.785518E-01,3.313251E-03,-1.574008E-01,1.885741E-03,-1.853885E-01,3.414571E-03,-1.569961E-01,5.405051E-02,0.000000E+00,0.000000E+00,8.490761E-01
1.117000E+00,-1.787102E-01,3.319866E-03,-1.583772E-01,6.615786E-03,-1.855467E-01,3.443281E-03,-1.582652E-01,2.870977E-02,0.000000E+00,0.000000E+00,1.034206E+00
1.118000E+00,-1.788692E-01,3.326908E-03,-1.590012E-01,7.041354E-03,-1.857061E-01,3.449974E-03,-1.593568E-01,6.692989E-03,0.000000E+00,0.000000E+00,1.031234E+00
1.119000E+00,-1.790284E-01,3.330631E-03,-1.592075E-01,3.723696E-03,-1.858659E-01,3.439118E-03,-1.598438E-01,-1.085582E-02,0.000000E+00,0.000000E+00,9.090019E-01
1.120000E+00,-1.791874E-01,3.326191E-03,-1.589212E-01,-4.439981E-03,-1.860255E-01,3.417026E-03,-1.595351E-01,-2.209226E-02,0.000000E+00,0.000000E+00,7.610455E-01
1.121000E+00,-1.793460E-01,3.313621E-03,-1.586517E-01,-1.257039E-02,-1.861847E-01,3.383864E-03,-1.592141E-01,-3.316214E-02,0.000000E+00,0.000000E+00,5.884854E-01
1.122000E+00,-1.795044E-01,3.292878E-03,-1.584200E-01,-2.074288E-02,-1.863436E-01,3.339908E-03,-1.588978E-01,-4.395531E-02,0.000000E+00,0.000000E+00,3.939943E-01
1.123000E+00,-1.796636E-01,3.275378E-03,-1.591982E-01,-1.750042E-02,-1.865032E-01,3.288628E-03,-1.595665E-01,-5.128002E-02,0.000000E+00,0.000000E+00,1.110023E-01
1.124000E+00,-1.798238E-01,3.280815E-03,-1.601304E-01,5.437115E-03,-1.866634E-01,3.252412E-03,-1.602390E-01,-3.621662E-02,0.000000E+00,0.000000E+00,-2.379320E-01
1.125000E+00,-1.799843E-01,3.287683E-03,-1.605306E-01,6.868132E-03,-1.868240E-01,3.254228E-03,-1.606057E-01,1.816433E-03,0.000000E+00,0.000000E+00,-2.802463E-01
1.126000E+00,-1.801454E-01,3.289157E-03,-1.611393E-01,1.474467E-03,-1.869853E-01,3.271705E-03,-1.612519E-01,1.747642E-02,0.000000E+00,0.000000E+00,-1.461986E-01
1.127000E+00,-1.803075E-01,3.279477E-03,-1.620697E-01,-9.680293E-03,-1.871473E-01,3.303960E-03,-1.620712E-01,3.225574E-02,0.000000E+00,0.000000E+00,2.050894E-01
1.128000E+00,-1.804721E-01,3.261055E-03,-1.645888E-01,-1.842257E-02,-1.873115E-01,3.339771E-03,-1.642018E-01,3.581114E-02,0.000000E+00,0.000000E+00,6.594027E-01
1.129000E+00,-1.806388E-01,3.232323E-03,-1.666732E-01,-2.873161E-02,-1.874772E-01,3.373128E-03,-1.657058E-01,3.335634E-02,0.000000E+00,0.000000E+00,1.179559E+00
1.130000E+00,-1.808069E-01,3.184885E-03,-1.681470E-01,-4.743758E-02,-1.876434E-01,3.401922E-03,-1.661911E-01,2.879447E-02,0.000000E+00,0.000000E+00,1.818341E+00
1.131000E+00,-1.809750E-01,3.133306E-03,-1.680804E-01,-5.157939E-02,-1.878093E-01,3.412497E-03,-1.658472E-01,1.057436E-02,0.000000E+00,0.000000E+00,2.339317E+00
1.132000E+00,-1.811414E-01,3.092852E-03,-1.663921E-01,-4.045442E-02,-1.879749E-01,3.390768E-03,-1.656057E-01,-2.172909E-02,0.000000E+00,0.000000E+00,2.496309E+00
1.133000E+00,-1.813069E-01,3.053121E-03,-1.654833E-01,-3.973061E-02,-1.881405E-01,3.348863E-03,-1.655778E-01,-4.190420E-02,0.000000E+00,0.000000E+00,2.478085E+00
1.134000E+00,-1.814742E-01,3.065100E-03,-1.673421E-01,1.197929E-02,-1.883094E-01,3.320977E-03,-1.689396E-01,-2.788594E-02,0.000000E+00,0.000000E+00,2.143881E+00
1.135000E+00,-1.816459E-01,3.102500E-03,-1.716549E-01,3.739989E-02,-1.884827E-01,3.308621E-03,-1.733071E-01,-1.235683E-02,0.000000E+00,0.000000E+00,1.726858E+00
1.136000E+00,-1.818160E-01,3.151267E-03,-1.701776E-01,4.876704E-02,-1.886545E-01,3.290329E-03,-1.718356E-01,-1.829194E-02,0.000000E+00,0.000000E+00,1.164954E+00
1.137000E+00,-1.819870E-01,3.201284E-03,-1.709159E-01,5.001697E-02,-1.888266E-01,3.261087E-03,-1.720313E-01,-2.924110E-02,0.000000E+00,0.000000E+00,5.009628E-01
1.138000E+00,-1.821579E-01,3.250213E-03,-1.709285E-01,4.892847E-02,-1.889977E-01,3.231045E-03,-1.711279E-01,-3.004271E-02,0.000000E+00,0.000000E+00,-1.605646E-01
1.139000E+00,-1.823262E-01,3.303723E-03,-1.683484E-01,5.351006E-02,-1.891655E-01,3.213441E-03,-1.677723E-01,-1.760414E-02,0.000000E+00,0.000000E+00,-7.562944E-01
1.140000E+00,-1.824936E-01,3.355744E-03,-1.673684E-01,5.202114E-02,-1.893314E-01,3.189480E-03,-1.659680E-01,-2.396036E-02,0.000000E+00,0.000000E+00,-1.392885E+00
1.141000E+00,-1.826609E-01,3.399630E-03,-1.673082E-01,4.388586E-02,-1.894966E-01,3.159172E-03,-1.651338E-01,-3.030815E-02,0.000000E+00,0.000000E+00,-2.014658E+00
1.142000E+00,-1.828282E-01,3.428582E-03,-1.672707E-01,2.895198E-02,-1.896613E-01,3.123546E-03,-1.647111E-01,-3.562650E-02,0.000000E+00,0.000000E+00,-2.556039E+00
1.143000E+00,-1.829941E-01,3.434717E-03,-1.659458E-01,6.135076E-03,-1.898252E-01,3.086589E-03,-1.638814E-01,-3.695706E-02,0.000000E+00,0.000000E+00,-2.917423E+00
1.144000E+00,-1.831597E-01,3.427168E-03,-1.656227E-01,-7.548833E-03,-1.899889E-01,3.043645E-03,-1.637281E-01,-4.294373E-02,0.000000E+00,0.000000E+00,-3.214340E+00
1.145000E+00,-1.833257E-01,3.407743E-03,-1.659470E-01,-1.942486E-02,-1.901530E-01,2.992284E-03,-1.640840E-01,-5.136103E-02,0.000000E+00,0.000000E+00,-3.482314E+00
1.146000E+00,-1.834918E-01,3.379168E-03,-1.661119E-01,-2.857497E-02,-1.903170E-01,2.930184E-03,-1.639945E-01,-6.209975E-02,0.000000E+00,0.000000E+00,-3.763700E+00
1.147000E+00,-1.836538E-01,3.336988E-03,-1.619639E-01,-4.217983E-02,-1.904790E-01,2.889559E-03,-1.620742E-01,-4.062507E-02,0.000000E+00,0.000000E+00,-3.750644E+00
1.148000E+00,-1.838056E-01,3.291564E-03,-1.518061E-01,-4.542385E-02,-1.906352E-01,2.915570E-03,-1.561325E-01,2.601139E-02,0.000000E+00,0.000000E+00,-3.151156E+00
1.149000E+00,-1.839506E-01,3.280308E-03,-1.449971E-01,-1.125641E-02,-1.907835E-01,2.969296E-03,-1.482823E-01,5.372516E-02,0.000000E+00,0.000000E+00,-2.606132E+00
1.150000E+00,-1.840944E-01,3.284612E-03,-1.438363E-01,4.304474E-03,-1.909296E-01,3.029528E-03,-1.461711E-01,6.023270E-02,0.000000E+00,0.000000E+00,-2.137234E+00
1.151000E+00,-1.842398E-01,3.293317E-03,-1.453846E-01,8.704977E-03,-1.910769E-01,3.094505E-03,-1.472638E-01,6.497700E-02,0.000000E+00,0.000000E+00,-1.665602E+00
1.152000E+00,-1.843885E-01,3.303318E-03,-1.486819E-01,1.000070E-02,-1.912270E-01,3.162767E-03,-1.501336E-01,6.826183E-02,0.000000E+00,0.000000E+00,-1.177420E+00
1.153000E+00,-1.845421E-01,3.310828E-03,-1.536446E-01,7.509734E-03,-1.913817E-01,3.238180E-03,-1.547055E-01,7.541318E-02,0.000000E+00,0.000000E+00,-6.085497E-01
1.154000E+00,-1.847007E-01,3.313879E-03,-1.586130E-01,3.051276E-03,-1.915407E-01,3.319952E-03,-1.589958E-01,8.177182E-02,0.000000E+00,0.000000E+00,5.087040E-02
1.155000E+00,-1.848612E-01,3.313657E-03,-1.604319E-01,-2.223122E-04,-1.917007E-01,3.389952E-03,-1.600038E-01,7.000001E-02,0.000000E+00,0.000000E+00,6.391068E-01
1.156000E+00,-1.850223E-01,3.308950E-03,-1.611076E-01,-4.707172E-03,-1.918609E-01,3.443706E-03,-1.601896E-01,5.375389E-02,0.000000E+00,0.000000E+00,1.128873E+00
1.157000E+00,-1.851835E-01,3.296760E-03,-1.612750E-01,-1.218995E-02,-1.920209E-01,3.485530E-03,-1.599700E-01,4.182454E-02,0.000000E+00,0.000000E+00,1.581465E+00
1.158000E+00,-1.853449E-01,3.277724E-03,-1.613841E-01,-1.903553E-02,-1.921807E-01,3.514946E-03,-1.598357E-01,2.941513E-02,0.000000E+00,0.000000E+00,1.987528E+00
1.159000E+00,-1.855064E-01,3.252163E-03,-1.614602E-01,-2.556067E-02,-1.923405E-01,3.531567E-03,-1.598159E-01,1.662186E-02,0.000000E+00,0.000000E+00,2.341147E+00
1.160000E+00,-1.856737E-01,3.256804E-03,-1.673558E-01,4.640289E-03,-1.925075E-01,3.544730E-03,-1.669908E-01,1.316260E-02,0.000000E+00,0.000000E+00,2.412602E+00
1.161000E+00,-1.858424E-01,3.263302E-03,-1.687050E-01,6.498574E-03,-1.926764E-01,3.548139E-03,-1.688360E-01,3.408526E-03,0.000000E+00,0.000000E+00,2.386694E+00
1.162000E+00,-1.860096E-01,3.268368E-03,-1.671632E-01,5.066091E-03,-1.928440E-01,3.541874E-03,-1.676223E-01,-6.264529E-03,0.000000E+00,0.000000E+00,2.291702E+00
1.163000E+00,-1.861750E-01,3.272672E-03,-1.653603E-01,4.303888E-03,-1.930101E-01,3.527258E-03,-1.660796E-01,-1.461569E-02,0.000000E+00,0.000000E+00,2.133103E+00
1.164000E+00,-1.863405E-01,3.266638E-03,-1.654999E-01,-6.033996E-03,-1.931762E-01,3.503262E-03,-1.661337E-01,-2.399648E-02,0.000000E+00,0.000000E+00,1.982541E+00
1.165000E+00,-1.865026E-01,3.266666E-03,-1.620874E-01,2.794706E-05,-1.933392E-01,3.474643E-03,-1.629879E-01,-2.861922E-02,0.000000E+00,0.000000E+00,1.742451E+00
1.166000E+00,-1.866630E-01,3.264783E-03,-1.604197E-01,-1.883709E-03,-1.935005E-01,3.439906E-03,-1.612945E-01,-3.473659E-02,0.000000E+00,0.000000E+00,1.467150E+00
1.167000E+00,-1.868232E-01,3.242268E-03,-1.601982E-01,-2.251448E-02,-1.936610E-01,3.402956E-03,-1.605381E-01,-3.695053E-02,0.000000E+00,0.000000E+00,1.346187E+00
1.168000E+00,-1.869816E-01,3.195776E-03,-1.583903E-01,-4.649205E-02,-1.938194E-01,3.360962E-03,-1.583477E-01,-4.199309E-02,0.000000E+00,0.000000E+00,1.383872E+00
1.169000E+00,-1.871396E-01,3.130527E-03,-1.580783E-01,-6.524906E-02,-1.939769E-01,3.316879E-03,-1.575636E-01,-4.408350E-02,0.000000E+00,0.000000E+00,1.561224E+00
1.170000E+00,-1.872992E-01,3.043865E-03,-1.595876E-01,-8.666230E-02,-1.941352E-01,3.273871E-03,-1.582470E-01,-4.300768E-02,0.000000E+00,0.000000E+00,1.927083E+00
1.171000E+00,-1.874637E-01,2.951575E-03,-1.644186E-01,-9.228936E-02,-1.942973E-01,3.241823E-03,-1.621293E-01,-3.204790E-02,0.000000E+00,0.000000E+00,2.432079E+00
1.172000E+00,-1.876279E-01,2.945224E-03,-1.642695E-01,-6.351580E-03,-1.944602E-01,3.265893E-03,-1.629084E-01,2.406988E-02,0.000000E+00,0.000000E+00,2.687169E+00
1.173000E+00,-1.877951E-01,2.977817E-03,-1.672140E-01,3.259359E-02,-1.946270E-01,3.307431E-03,-1.668062E-01,4.153750E-02,0.000000E+00,0.000000E+00,2.762168E+00
1.174000E+00,-1.879633E-01,3.024249E-03,-1.682102E-01,4.643173E-02,-1.947969E-01,3.318922E-03,-1.698598E-01,1.149132E-02,0.000000E+00,0.000000E+00,2.469155E+00
1.175000E+00,-1.881333E-01,3.067995E-03,-1.699466E-01,4.374585E-02,-1.949683E-01,3.326238E-03,-1.714379E-01,7.315603E-03,0.000000E+00,0.000000E+00,2.163734E+00
1.176000E+00,-1.883053E-01,3.110947E-03,-1.719762E-01,4.295253E-02,-1.951416E-01,3.331134E-03,-1.732999E-01,4.896637E-03,0.000000E+00,0.000000E+00,1.844758E+00
1.177000E+00,-1.884787E-01,3.157357E-03,-1.734619E-01,4.641001E-02,-1.953166E-01,3.321913E-03,-1.750134E-01,-9.220937E-03,0.000000E+00,0.000000E+00,1.378571E+00
1.178000E+00,-1.886547E-01,3.212766E-03,-1.760133E-01,5.540823E-02,-1.954941E-01,3.298460E-03,-1.774385E-01,-2.345325E-02,0.000000E+00,0.000000E+00,7.178587E-01
1.179000E+00,-1.888346E-01,3.282303E-03,-1.798129E-01,6.953768E-02,-1.956744E-01,3.260200E-03,-1.802937E-01,-3.826023E-02,0.000000E+00,0.000000E+00,-1.851556E-01
1.180000E+00,-1.890189E-01,3.364824E-03,-1.843703E-01,8.252109E-02,-1.958571E-01,3.213575E-03,-1.827301E-01,-4.662485E-02,0.000000E+00,0.000000E+00,-1.267084E+00
1.181000E+00,-1.892104E-01,3.455180E-03,-1.914246E-01,9.035583E-02,-1.960459E-01,3.211608E-03,-1.888003E-01,-1.967373E-03,0.000000E+00,0.000000E+00,-2.040770E+00
1.182000E+00,-1.894008E-01,3.524665E-03,-1.904234E-01,6.948427E-02,-1.962343E-01,3.227956E-03,-1.883823E-01,1.634800E-02,0.000000E+00,0.000000E+00,-2.486204E+00
1.183000E+00,-1.895877E-01,3.579057E-03,-1.869296E-01,5.439248E-02,-1.964199E-01,3.252796E-03,-1.856242E-01,2.484005E-02,0.000000E+00,0.000000E+00,-2.733995E+00
1.184000E+00,-1.897711E-01,3.623357E-03,-1.833655E-01,4.430022E-02,-1.966027E-01,3.285099E-03,-1.827948E-01,3.230333E-02,0.000000E+00,0.000000E+00,-2.834601E+00
1.185000E+00,-1.899515E-01,3.661754E-03,-1.804528E-01,3.839630E-02,-1.967830E-01,3.321533E-03,-1.803440E-01,3.643413E-02,0.000000E+00,0.000000E+00,-2.851063E+00
1.186000E+00,-1.901314E-01,3.692459E-03,-1.798379E-01,3.070543E-02,-1.969628E-01,3.350774E-03,-1.797352E-01,2.924107E-02,0.000000E+00,0.000000E+00,-2.863357E+00
1.187000E+00,-1.903112E-01,3.713868E-03,-1.798738E-01,2.140885E-02,-1.971425E-01,3.369983E-03,-1.797154E-01,1.920886E-02,0.000000E+00,0.000000E+00,-2.881829E+00
1.188000E+00,-1.904911E-01,3.725345E-03,-1.798555E-01,1.147669E-02,-1.973222E-01,3.379775E-03,-1.797045E-01,9.792221E-03,0.000000E+00,0.000000E+00,-2.895985E+00
1.189000E+00,-1.906709E-01,3.726408E-03,-1.797789E-01,1.063385E-03,-1.975019E-01,3.380581E-03,-1.796830E-01,8.057192E-04,0.000000E+00,0.000000E+00,-2.898181E+00
1.190000E+00,-1.908505E-01,3.716816E-03,-1.796626E-01,-9.591518E-03,-1.976815E-01,3.372537E-03,-1.796424E-01,-8.043846E-03,0.000000E+00,0.000000E+00,-2.885242E+00
1.191000E+00,-1.910292E-01,3.682901E-03,-1.786236E-01,-3.391542E-02,-1.978614E-01,3.366086E-03,-1.798762E-01,-6.451362E-03,0.000000E+00,0.000000E+00,-2.654936E+00
1.192000E+00,-1.912078E-01,3.627644E-03,-1.786360E-01,-5.525704E-02,-1.980421E-01,3.360353E-03,-1.807118E-01,-5.732450E-03,0.000000E+00,0.000000E+00,-2.239698E+00
1.193000E+00,-1.913872E-01,3.555463E-03,-1.794057E-01,-7.218074E-02,-1.982237E-01,3.350097E-03,-1.815371E-01,-1.025607E-02,0.000000E+00,0.000000E+00,-1.720638E+00
1.194000E+00,-1.915669E-01,3.474409E-03,-1.797466E-01,-8.105375E-02,-1.984049E-01,3.328960E-03,-1.812804E-01,-2.113764E-02,0.000000E+00,0.000000E+00,-1.218546E+00
1.195000E+00,-1.917469E-01,3.385398E-03,-1.800023E-01,-8.901175E-02,-1.985859E-01,3.296148E-03,-1.809704E-01,-3.281178E-02,0.000000E+00,0.000000E+00,-7.476792E-01
1.196000E+00,-1.919271E-01,3.289158E-03,-1.801601E-01,-9.623938E-02,-1.987665E-01,3.251110E-03,-1.806475E-01,-4.503769E-02,0.000000E+00,0.000000E+00,-3.187352E-01
1.197000E+00,-1.921130E-01,3.197188E-03,-1.859294E-01,-9.197014E-02,-1.989524E-01,3.244779E-03,-1.858142E-01,-6.330771E-03,0.000000E+00,0.000000E+00,3.986849E-01
1.198000E+00,-1.923004E-01,3.103176E-03,-1.874095E-01,-9.401227E-02,-1.991382E-01,3.253521E-03,-1.858325E-01,8.741779E-03,0.000000E+00,0.000000E+00,1.259591E+00
1.199000E+00,-1.924924E-01,3.089509E-03,-1.919492E-01,-1.366669E-02,-1.993297E-01,3.257212E-03,-1.915015E-01,3.690505E-03,0.000000E+00,0.000000E+00,1.405046E+00
1.200000E+00,-1.926872E-01,3.105042E-03,-1.948100E-01,1.553239E-02,-1.995250E-01,3.252675E-03,-1.952683E-01,-4.537163E-03,0.000000E+00,0.000000E+00,1.236872E+00
1.201000E+00,-1.928827E-01,3.126549E-03,-1.955003E-01,2.150698E-02,-1.997211E-01,3.241153E-03,-1.961505E-01,-1.152188E-02,0.000000E+00,0.000000E+00,9.601233E-01
1.202000E+00,-1.930790E-01,3.149337E-03,-1.963368E-01,2.278886E-02,-1.999181E-01,3.221888E-03,-1.969400E-01,-1.926493E-02,0.000000E+00,0.000000E+00,6.077882E-01
1.203000E+00,-1.932768E-01,3.173210E-03,-1.978008E-01,2.387278E-02,-2.001162E-01,3.192549E-03,-1.981906E-01,-2.933863E-02,0.000000E+00,0.000000E+00,1.620077E-01
1.204000E+00,-1.934763E-01,3.196047E-03,-1.994477E-01,2.283643E-02,-2.003156E-01,3.152821E-03,-1.993665E-01,-3.972771E-02,0.000000E+00,0.000000E+00,-3.621102E-01
1.205000E+00,-1.936763E-01,3.211126E-03,-2.000564E-01,1.507955E-02,-2.005150E-01,3.102827E-03,-1.993623E-01,-4.999494E-02,0.000000E+00,0.000000E+00,-9.072866E-01
1.206000E+00,-1.938768E-01,3.217293E-03,-2.004294E-01,6.166317E-03,-2.007140E-01,3.041888E-03,-1.990660E-01,-6.093867E-02,0.000000E+00,0.000000E+00,-1.469556E+00
1.207000E+00,-1.940776E-01,3.214780E-03,-2.008089E-01,-2.512729E-03,-2.009127E-01,2.969665E-03,-1.986960E-01,-7.222237E-02,0.000000E+00,0.000000E+00,-2.053795E+00
1.208000E+00,-1.942714E-01,3.193482E-03,-1.938523E-01,-2.129763E-02,-2.011064E-01,2.942076E-03,-1.936220E-01,-2.758906E-02,0.000000E+00,0.000000E+00,-2.106534E+00
1.209000E+00,-1.944589E-01,3.219249E-03,-1.874743E-01,2.576697E-02,-2.012947E-01,2.992459E-03,-1.883728E-01,5.038278E-02,0.000000E+00,0.000000E+00,-1.900188E+00
1.210000E+00,-1.946487E-01,3.247028E-03,-1.897717E-01,2.777910E-02,-2.014855E-01,3.052296E-03,-1.907873E-01,5.983711E-02,0.000000E+00,0.000000E+00,-1.631501E+00
1.211000E+00,-1.948397E-01,3.266868E-03,-1.910092E-01,1.983965E-02,-2.016777E-01,3.117461E-03,-1.921516E-01,6.516457E-02,0.000000E+00,0.000000E+00,-1.251690E+00
1.212000E+00,-1.950322E-01,3.278182E-03,-1.924592E-01,1.131425E-02,-2.018711E-01,3.184875E-03,-1.934620E-01,6.741436E-02,0.000000E+00,0.000000E+00,-7.816603E-01
1.213000E+00,-1.952265E-01,3.281723E-03,-1.943735E-01,3.540826E-03,-2.020661E-01,3.254345E-03,-1.949714E-01,6.947026E-02,0.000000E+00,0.000000E+00,-2.293424E-01
1.214000E+00,-1.954232E-01,3.276201E-03,-1.967227E-01,-5.521932E-03,-2.022627E-01,3.325583E-03,-1.966200E-01,7.123775E-02,0.000000E+00,0.000000E+00,4.136782E-01
1.215000E+00,-1.956207E-01,3.262775E-03,-1.974843E-01,-1.342560E-02,-2.024593E-01,3.387773E-03,-1.965420E-01,6.218930E-02,0.000000E+00,0.000000E+00,1.047155E+00
1.216000E+00,-1.958185E-01,3.240954E-03,-1.977819E-01,-2.182168E-02,-2.026554E-01,3.438807E-03,-1.960869E-01,5.103434E-02,0.000000E+00,0.000000E+00,1.657635E+00
1.217000E+00,-1.960165E-01,3.210629E-03,-1.980202E-01,-3.032482E-02,-2.028510E-01,3.478857E-03,-1.956475E-01,4.005019E-02,0.000000E+00,0.000000E+00,2.247499E+00
1.218000E+00,-1.962148E-01,3.171840E-03,-1.982235E-01,-3.878942E-02,-2.030463E-01,3.507892E-03,-1.952517E-01,2.903470E-02,0.000000E+00,0.000000E+00,2.816202E+00
1.219000E+00,-1.964131E-01,3.124540E-03,-1.983926E-01,-4.729926E-02,-2.032411E-01,3.525966E-03,-1.948907E-01,1.807444E-02,0.000000E+00,0.000000E+00,3.364615E+00
1.220000E+00,-1.966117E-01,3.068622E-03,-1.985327E-01,-5.591842E-02,-2.034357E-01,3.533211E-03,-1.945536E-01,7.244980E-03,0.000000E+00,0.000000E+00,3.894774E+00
1.221000E+00,-1.968103E-01,3.003952E-03,-1.986531E-01,-6.466946E-02,-2.036299E-01,3.529789E-03,-1.942344E-01,-3.422417E-03,0.000000E+00,0.000000E+00,4.409163E+00
1.222000E+00,-1.970040E-01,2.963306E-03,-1.936774E-01,-4.064678E-02,-2.038219E-01,3.511324E-03,-1.919560E-01,-1.846489E-02,0.000000E+00,0.000000E+00,4.595534E+00
1.223000E+00,-1.971863E-01,2.992355E-03,-1.822499E-01,2.904936E-02,-2.040092E-01,3.473659E-03,-1.873143E-01,-3.766512E-02,0.000000E+00,0.000000E+00,4.035075E+00
1.224000E+00,-1.973673E-01,3.037184E-03,-1.810247E-01,4.482925E-02,-2.041963E-01,3.422743E-03,-1.871303E-01,-5.091554E-02,0.000000E+00,0.000000E+00,3.231415E+00
1.225000E+00,-1.975500E-01,3.085597E-03,-1.826990E-01,4.841312E-02,-2.043845E-01,3.357313E-03,-1.881902E-01,-6.542983E-02,0.000000E+00,0.000000E+00,2.276671E+00
1.226000E+00,-1.977349E-01,3.139042E-03,-1.848812E-01,5.344460E-02,-2.045734E-01,3.277714E-03,-1.888791E-01,-7.959958E-02,0.000000E+00,0.000000E+00,1.161685E+00
1.227000E+00,-1.979228E-01,3.195402E-03,-1.879651E-01,5.636026E-02,-2.047627E-01,3.217519E-03,-1.893352E-01,-6.019487E-02,0.000000E+00,0.000000E+00,1.852646E-01
1.228000E+00,-1.981157E-01,3.251742E-03,-1.928945E-01,5.633934E-02,-2.049556E-01,3.216374E-03,-1.928339E-01,-1.145406E-03,0.000000E+00,0.000000E+00,-2.962669E-01
1.229000E+00,-1.983153E-01,3.311549E-03,-1.995483E-01,5.980739E-02,-2.051547E-01,3.231191E-03,-1.991573E-01,1.481720E-02,0.000000E+00,0.000000E+00,-6.731494E-01
1.230000E+00,-1.985193E-01,3.361778E-03,-2.040044E-01,5.022869E-02,-2.053584E-01,3.256643E-03,-2.036578E-01,2.545242E-02,0.000000E+00,0.000000E+00,-8.807127E-01
1.231000E+00,-1.987275E-01,3.399224E-03,-2.082589E-01,3.744637E-02,-2.055666E-01,3.294756E-03,-2.082598E-01,3.811294E-02,0.000000E+00,0.000000E+00,-8.751295E-01
1.232000E+00,-1.989390E-01,3.430123E-03,-2.114214E-01,3.089861E-02,-2.057782E-01,3.338079E-03,-2.115808E-01,4.332329E-02,0.000000E+00,0.000000E+00,-7.710432E-01
1.233000E+00,-1.991504E-01,3.453502E-03,-2.114043E-01,2.337953E-02,-2.059897E-01,3.369119E-03,-2.114820E-01,3.103968E-02,0.000000E+00,0.000000E+00,-7.068731E-01
1.234000E+00,-1.993617E-01,3.469891E-03,-2.113631E-01,1.638856E-02,-2.062011E-01,3.387347E-03,-2.113627E-01,1.822823E-02,0.000000E+00,0.000000E+00,-6.914638E-01
1.235000E+00,-1.995730E-01,3.479569E-03,-2.113090E-01,9.678736E-03,-2.064123E-01,3.392536E-03,-2.112290E-01,5.188364E-03,0.000000E+00,0.000000E+00,-7.290841E-01
1.236000E+00,-1.997843E-01,3.482375E-03,-2.112553E-01,2.805298E-03,-2.066234E-01,3.384916E-03,-2.110892E-01,-7.619907E-03,0.000000E+00,0.000000E+00,-8.164250E-01
1.237000E+00,-1.999955E-01,3.477642E-03,-2.112035E-01,-4.732671E-03,-2.068343E-01,3.365232E-03,-2.109480E-01,-1.968403E-02,0.000000E+00,0.000000E+00,-9.416884E-01
1.238000E+00,-2.002066E-01,3.464372E-03,-2.111505E-01,-1.327046E-02,-2.070452E-01,3.334590E-03,-2.108169E-01,-3.064205E-02,0.000000E+00,0.000000E+00,-1.087235E+00
1.239000E+00,-2.004177E-01,3.441456E-03,-2.110938E-01,-2.291515E-02,-2.072559E-01,3.294192E-03,-2.107143E-01,-4.039811E-02,0.000000E+00,0.000000E+00,-1.233722E+00
1.240000E+00,-2.006288E-01,3.407857E-03,-2.110257E-01,-3.359892E-02,-2.074665E-01,3.245107E-03,-2.106504E-01,-4.908467E-02,0.000000E+00,0.000000E+00,-1.363484E+00
1.241000E+00,-2.008397E-01,3.362758E-03,-2.109405E-01,-4.509975E-02,-2.076771E-01,3.188097E-03,-2.106238E-01,-5.701032E-02,0.000000E+00,0.000000E+00,-1.463293E+00
1.242000E+00,-2.010496E-01,3.313170E-03,-2.099241E-01,-4.958744E-02,-2.078863E-01,3.114354E-03,-2.092043E-01,-7.374277E-02,0.000000E+00,0.000000E+00,-1.665732E+00
1.243000E+00,-2.012504E-01,3.269144E-03,-2.008145E-01,-4.402666E-02,-2.080867E-01,3.059540E-03,-2.003502E-01,-5.481389E-02,0.000000E+00,0.000000E+00,-1.756174E+00
1.244000E+00,-2.014513E-01,3.234828E-03,-2.008208E-01,-3.431537E-02,-2.082871E-01,3.016187E-03,-2.003857E-01,-4.335311E-02,0.000000E+00,0.000000E+00,-1.831963E+00
1.245000E+00,-2.016552E-01,3.243953E-03,-2.039123E-01,9.124441E-03,-2.084890E-01,2.973621E-03,-2.019612E-01,-4.256533E-02,0.000000E+00,0.000000E+00,-2.265302E+00
1.246000E+00,-2.018649E-01,3.274334E-03,-2.097605E-01,3.038117E-02,-2.086953E-01,2.929276E-03,-2.062624E-01,-4.434540E-02,0.000000E+00,0.000000E+00,-2.892021E+00
1.247000E+00,-2.020810E-01,3.324409E-03,-2.160265E-01,5.007471E-02,-2.089054E-01,2.881024E-03,-2.101362E-01,-4.825190E-02,0.000000E+00,0.000000E+00,-3.717267E+00
1.248000E+00,-2.022961E-01,3.376059E-03,-2.151282E-01,5.165070E-02,-2.091183E-01,2.903179E-03,-2.128484E-01,2.215474E-02,0.000000E+00,0.000000E+00,-3.965113E+00
1.249000E+00,-2.025095E-01,3.399159E-03,-2.133743E-01,2.309976E-02,-2.093332E-01,2.954665E-03,-2.149470E-01,5.148611E-02,0.000000E+00,0.000000E+00,-3.726929E+00
1.250000E+00,-2.027236E-01,3.409077E-03,-2.141316E-01,9.918038E-03,-2.095497E-01,3.008604E-03,-2.164870E-01,5.393931E-02,0.000000E+00,0.000000E+00,-3.357560E+00
1.251000E+00,-2.029391E-01,3.406951E-03,-2.155265E-01,-2.125897E-03,-2.097677E-01,3.058961E-03,-2.180112E-01,5.035669E-02,0.000000E+00,0.000000E+00,-2.917305E+00
1.252000E+00,-2.031568E-01,3.392312E-03,-2.176376E-01,-1.463951E-02,-2.099880E-01,3.109137E-03,-2.202287E-01,5.017649E-02,0.000000E+00,0.000000E+00,-2.373726E+00
1.253000E+00,-2.033777E-01,3.364432E-03,-2.209187E-01,-2.787976E-02,-2.102114E-01,3.165323E-03,-2.234799E-01,5.618587E-02,0.000000E+00,0.000000E+00,-1.668898E+00
1.254000E+00,-2.036036E-01,3.324438E-03,-2.259308E-01,-3.999402E-02,-2.104393E-01,3.235200E-03,-2.278275E-01,6.987698E-02,0.000000E+00,0.000000E+00,-7.479375E-01
1.255000E+00,-2.038356E-01,3.276755E-03,-2.320278E-01,-4.768313E-02,-2.106713E-01,3.319034E-03,-2.320002E-01,8.383401E-02,0.000000E+00,0.000000E+00,3.543798E-01
1.256000E+00,-2.040672E-01,3.266892E-03,-2.316017E-01,-9.862491E-03,-2.109013E-01,3.394665E-03,-2.300248E-01,7.563077E-02,0.000000E+00,0.000000E+00,1.071105E+00
1.257000E+00,-2.042954E-01,3.269698E-03,-2.281432E-01,2.805412E-03,-2.111275E-01,3.460683E-03,-2.262351E-01,6.601797E-02,0.000000E+00,0.000000E+00,1.601226E+00
1.258000E+00,-2.045184E-01,3.288070E-03,-2.230173E-01,1.837275E-02,-2.113492E-01,3.510713E-03,-2.216199E-01,5.003033E-02,0.000000E+00,0.000000E+00,1.866850E+00
1.259000E+00,-2.047402E-01,3.302225E-03,-2.217492E-01,1.415414E-02,-2.115696E-01,3.550534E-03,-2.204644E-01,3.982099E-02,0.000000E+00,0.000000E+00,2.082277E+00
1.260000E+00,-2.049589E-01,3.319063E-03,-2.187499E-01,1.683807E-02,-2.117875E-01,3.582383E-03,-2.178878E-01,3.184904E-02,0.000000E+00,0.000000E+00,2.208314E+00
1.261000E+00,-2.051746E-01,3.338210E-03,-2.156973E-01,1.914757E-02,-2.120028E-01,3.606754E-03,-2.153050E-01,2.437088E-02,0.000000E+00,0.000000E+00,2.252203E+00
1.262000E+00,-2.053899E-01,3.347423E-03,-2.153062E-01,9.212965E-03,-2.122177E-01,3.621337E-03,-2.149389E-01,1.458285E-02,0.000000E+00,0.000000E+00,2.297315E+00
1.263000E+00,-2.056049E-01,3.346309E-03,-2.149693E-01,-1.113766E-03,-2.124323E-01,3.626482E-03,-2.145946E-01,5.145162E-03,0.000000E+00,0.000000E+00,2.349879E+00
1.264000E+00,-2.058195E-01,3.334669E-03,-2.146754E-01,-1.164062E-02,-2.126466E-01,3.622295E-03,-2.142756E-01,-4.186928E-03,0.000000E+00,0.000000E+00,2.412463E+00
1.265000E+00,-2.060339E-01,3.312549E-03,-2.143893E-01,-2.211970E-02,-2.128606E-01,3.608636E-03,-2.139679E-01,-1.365896E-02,0.000000E+00,0.000000E+00,2.483493E+00
1.266000E+00,-2.062480E-01,3.280273E-03,-2.140694E-01,-3.227597E-02,-2.130742E-01,3.585134E-03,-2.136554E-01,-2.350210E-02,0.000000E+00,0.000000E+00,2.557144E+00
1.267000E+00,-2.064652E-01,3.268051E-03,-2.171708E-01,-1.222195E-02,-2.132934E-01,3.530951E-03,-2.191401E-01,-5.418345E-02,0.000000E+00,0.000000E+00,2.204915E+00
1.268000E+00,-2.066903E-01,3.299023E-03,-2.251458E-01,3.097201E-02,-2.135218E-01,3.462844E-03,-2.284318E-01,-6.810662E-02,0.000000E+00,0.000000E+00,1.373706E+00
1.269000E+00,-2.069203E-01,3.349133E-03,-2.300130E-01,5.010987E-02,-2.137540E-01,3.378839E-03,-2.321576E-01,-8.400546E-02,0.000000E+00,0.000000E+00,2.490628E-01
1.270000E+00,-2.071514E-01,3.392563E-03,-2.310509E-01,4.342957E-02,-2.139845E-01,3.281171E-03,-2.305096E-01,-9.766737E-02,0.000000E+00,0.000000E+00,-9.339374E-01
1.271000E+00,-2.073950E-01,3.423568E-03,-2.436269E-01,3.100519E-02,-2.142269E-01,3.243405E-03,-2.424056E-01,-3.776686E-02,0.000000E+00,0.000000E+00,-1.510597E+00
1.272000E+00,-2.076455E-01,3.450581E-03,-2.504969E-01,2.701337E-02,-2.144764E-01,3.232067E-03,-2.495086E-01,-1.133770E-02,0.000000E+00,0.000000E+00,-1.832220E+00
1.273000E+00,-2.078960E-01,3.470281E-03,-2.504505E-01,1.969956E-02,-2.147255E-01,3.208765E-03,-2.490892E-01,-2.330142E-02,0.000000E+00,0.000000E+00,-2.192893E+00
1.274000E+00,-2.081465E-01,3.482845E-03,-2.505369E-01,1.256398E-02,-2.149742E-01,3.173428E-03,-2.486962E-01,-3.533747E-02,0.000000E+00,0.000000E+00,-2.594754E+00
1.275000E+00,-2.083993E-01,3.468718E-03,-2.527990E-01,-1.412686E-02,-2.152277E-01,3.166730E-03,-2.534790E-01,-6.697875E-03,0.000000E+00,0.000000E+00,-2.532285E+00
1.276000E+00,-2.086608E-01,3.446201E-03,-2.614954E-01,-2.251671E-02,-2.154916E-01,3.199256E-03,-2.639329E-01,3.252633E-02,0.000000E+00,0.000000E+00,-2.070436E+00
1.277000E+00,-2.089262E-01,3.413234E-03,-2.654237E-01,-3.296696E-02,-2.157596E-01,3.242479E-03,-2.679604E-01,4.322284E-02,0.000000E+00,0.000000E+00,-1.431439E+00
1.278000E+00,-2.091944E-01,3.370298E-03,-2.681334E-01,-4.293661E-02,-2.160295E-01,3.287809E-03,-2.699630E-01,4.532941E-02,0.000000E+00,0.000000E+00,-6.914299E-01
1.279000E+00,-2.094638E-01,3.318633E-03,-2.694630E-01,-5.166440E-02,-2.162996E-01,3.326610E-03,-2.701335E-01,3.880091E-02,0.000000E+00,0.000000E+00,6.685561E-02
1.280000E+00,-2.097338E-01,3.257792E-03,-2.699522E-01,-6.084106E-02,-2.165691E-01,3.354507E-03,-2.694510E-01,2.789734E-02,0.000000E+00,0.000000E+00,8.106379E-01
1.281000E+00,-2.100041E-01,3.187899E-03,-2.703538E-01,-6.989274E-02,-2.168379E-01,3.371282E-03,-2.687607E-01,1.677505E-02,0.000000E+00,0.000000E+00,1.537156E+00
1.282000E+00,-2.102748E-01,3.109142E-03,-2.706515E-01,-7.875767E-02,-2.171059E-01,3.376725E-03,-2.680640E-01,5.443502E-03,0.000000E+00,0.000000E+00,2.243192E+00
1.283000E+00,-2.105456E-01,3.021723E-03,-2.708432E-01,-8.741830E-02,-2.173733E-01,3.370686E-03,-2.673726E-01,-6.039677E-03,0.000000E+00,0.000000E+00,2.925838E+00
1.284000E+00,-2.108156E-01,2.942327E-03,-2.699917E-01,-7.939640E-02,-2.176408E-01,3.337311E-03,-2.675367E-01,-3.337525E-02,0.000000E+00,0.000000E+00,3.312077E+00
1.285000E+00,-2.110752E-01,2.960959E-03,-2.595989E-01,1.863154E-02,-2.179039E-01,3.290950E-03,-2.630828E-01,-4.636056E-02,0.000000E+00,0.000000E+00,2.766616E+00
1.286000E+00,-2.113335E-01,3.017437E-03,-2.583197E-01,5.647873E-02,-2.181662E-01,3.251108E-03,-2.623308E-01,-3.984164E-02,0.000000E+00,0.000000E+00,1.958685E+00
1.287000E+00,-2.115901E-01,3.093247E-03,-2.565541E-01,7.580944E-02,-2.184260E-01,3.202874E-03,-2.597407E-01,-4.823479E-02,0.000000E+00,0.000000E+00,9.187682E-01
1.288000E+00,-2.118459E-01,3.168557E-03,-2.558660E-01,7.530996E-02,-2.186829E-01,3.160899E-03,-2.568679E-01,-4.197424E-02,0.000000E+00,0.000000E+00,-6.417159E-02
1.289000E+00,-2.121025E-01,3.237995E-03,-2.565591E-01,6.943849E-02,-2.189385E-01,3.122072E-03,-2.556295E-01,-3.882742E-02,0.000000E+00,0.000000E+00,-9.715179E-01
1.290000E+00,-2.123598E-01,3.306136E-03,-2.572529E-01,6.814091E-02,-2.191931E-01,3.080952E-03,-2.545809E-01,-4.111954E-02,0.000000E+00,0.000000E+00,-1.887433E+00
1.291000E+00,-2.126167E-01,3.369172E-03,-2.569366E-01,6.303579E-02,-2.194458E-01,3.038684E-03,-2.527334E-01,-4.226852E-02,0.000000E+00,0.000000E+00,-2.770613E+00
1.292000E+00,-2.128736E-01,3.423090E-03,-2.569320E-01,5.391821E-02,-2.196970E-01,2.988932E-03,-2.512268E-01,-4.975166E-02,0.000000E+00,0.000000E+00,-3.640696E+00
1.293000E+00,-2.131301E-01,3.469296E-03,-2.564375E-01,4.620633E-02,-2.199464E-01,2.934129E-03,-2.494029E-01,-5.480272E-02,0.000000E+00,0.000000E+00,-4.489201E+00
1.294000E+00,-2.133871E-01,3.506729E-03,-2.570580E-01,3.743290E-02,-2.201948E-01,2.869036E-03,-2.483899E-01,-6.509307E-02,0.000000E+00,0.000000E+00,-5.351414E+00
1.295000E+00,-2.136445E-01,3.535881E-03,-2.573936E-01,2.915168E-02,-2.204420E-01,2.795502E-03,-2.471723E-01,-7.353420E-02,0.000000E+00,0.000000E+00,-6.216132E+00
1.296000E+00,-2.138793E-01,3.544147E-03,-2.347783E-01,8.265529E-03,-2.206787E-01,2.820171E-03,-2.366937E-01,2.466902E-02,0.000000E+00,0.000000E+00,-6.077754E+00
1.297000E+00,-2.141032E-01,3.535342E-03,-2.239042E-01,-8.804314E-03,-2.209107E-01,2.890905E-03,-2.320140E-01,7.073342E-02,0.000000E+00,0.000000E+00,-5.407835E+00
1.298000E+00,-2.143253E-01,3.514619E-03,-2.221431E-01,-2.072330E-02,-2.211417E-01,2.970473E-03,-2.309965E-01,7.956804E-02,0.000000E+00,0.000000E+00,-4.564215E+00
1.299000E+00,-2.145491E-01,3.483536E-03,-2.237386E-01,-3.108276E-02,-2.213732E-01,3.046141E-03,-2.315273E-01,7.566810E-02,0.000000E+00,0.000000E+00,-3.667372E+00
1.300000E+00,-2.147749E-01,3.441335E-03,-2.258159E-01,-4.220078E-02,-2.216056E-01,3.120291E-03,-2.323848E-01,7.415036E-02,0.000000E+00,0.000000E+00,-2.690928E+00
1.301000E+00,-2.150033E-01,3.388438E-03,-2.284225E-01,-5.289779E-02,-2.218389E-01,3.193964E-03,-2.333037E-01,7.367294E-02,0.000000E+00,0.000000E+00,-1.629633E+00
1.302000E+00,-2.152350E-01,3.324941E-03,-2.316467E-01,-6.349633E-02,-2.220732E-01,3.268709E-03,-2.342860E-01,7.474507E-02,0.000000E+00,0.000000E+00,-4.711437E-01
1.303000E+00,-2.154676E-01,3.274915E-03,-2.326790E-01,-5.002616E-02,-2.223059E-01,3.340545E-03,-2.327190E-01,7.183580E-02,0.000000E+00,0.000000E+00,5.498753E-01
1.304000E+00,-2.157035E-01,3.270060E-03,-2.358455E-01,-4.855552E-03,-2.225411E-01,3.390942E-03,-2.351674E-01,5.039750E-02,0.000000E+00,0.000000E+00,1.012835E+00
1.305000E+00,-2.159429E-01,3.280071E-03,-2.394037E-01,1.001180E-02,-2.227801E-01,3.423899E-03,-2.390467E-01,3.295669E-02,0.000000E+00,0.000000E+00,1.205093E+00
1.306000E+00,-2.161850E-01,3.300565E-03,-2.421212E-01,2.049392E-02,-2.230224E-01,3.440145E-03,-2.423158E-01,1.624554E-02,0.000000E+00,0.000000E+00,1.169474E+00
1.307000E+00,-2.164272E-01,3.314711E-03,-2.421427E-01,1.414604E-02,-2.232649E-01,3.442159E-03,-2.424989E-01,2.014579E-03,0.000000E+00,0.000000E+00,1.067799E+00
1.308000E+00,-2.166691E-01,3.321326E-03,-2.419762E-01,6.614497E-03,-2.235073E-01,3.431722E-03,-2.423883E-01,-1.043735E-02,0.000000E+00,0.000000E+00,9.249041E-01
1.309000E+00,-2.169109E-01,3.320622E-03,-2.417939E-01,-7.038206E-04,-2.237496E-01,3.408717E-03,-2.422297E-01,-2.300462E-02,0.000000E+00,0.000000E+00,7.380431E-01
1.310000E+00,-2.171525E-01,3.312484E-03,-2.416158E-01,-8.138354E-03,-2.239916E-01,3.373392E-03,-2.420205E-01,-3.532540E-02,0.000000E+00,0.000000E+00,5.102605E-01
1.311000E+00,-2.173940E-01,3.296418E-03,-2.414666E-01,-1.606556E-02,-2.242334E-01,3.326396E-03,-2.417765E-01,-4.699592E-02,0.000000E+00,0.000000E+00,2.511342E-01
1.312000E+00,-2.176354E-01,3.271627E-03,-2.413667E-01,-2.479063E-02,-2.244749E-01,3.268662E-03,-2.415309E-01,-5.773364E-02,0.000000E+00,0.000000E+00,-2.483942E-02
1.313000E+00,-2.178767E-01,3.237172E-03,-2.413191E-01,-3.445587E-02,-2.247162E-01,3.201190E-03,-2.413175E-01,-6.747214E-02,0.000000E+00,0.000000E+00,-3.014196E-01
1.314000E+00,-2.181147E-01,3.190123E-03,-2.380215E-01,-4.704818E-02,-2.249543E-01,3.144244E-03,-2.380486E-01,-5.694623E-02,0.000000E+00,0.000000E+00,-3.843327E-01
1.315000E+00,-2.183447E-01,3.127311E-03,-2.299998E-01,-6.281216E-02,-2.251845E-01,3.126211E-03,-2.302343E-01,-1.803283E-02,0.000000E+00,0.000000E+00,-9.215542E-03
1.316000E+00,-2.185704E-01,3.063945E-03,-2.257034E-01,-6.336597E-02,-2.254101E-01,3.114843E-03,-2.255954E-01,-1.136764E-02,0.000000E+00,0.000000E+00,4.263656E-01
1.317000E+00,-2.187885E-01,3.028608E-03,-2.180661E-01,-3.533762E-02,-2.256281E-01,3.090061E-03,-2.180429E-01,-2.478232E-02,0.000000E+00,0.000000E+00,5.147829E-01
1.318000E+00,-2.190046E-01,2.993914E-03,-2.160935E-01,-3.469332E-02,-2.258443E-01,3.051496E-03,-2.161697E-01,-3.856512E-02,0.000000E+00,0.000000E+00,4.823459E-01
1.319000E+00,-2.192205E-01,2.950431E-03,-2.159653E-01,-4.348289E-02,-2.260603E-01,3.002165E-03,-2.160385E-01,-4.933073E-02,0.000000E+00,0.000000E+00,4.333576E-01
1.320000E+00,-2.194364E-01,2.898063E-03,-2.158944E-01,-5.236833E-02,-2.262763E-01,2.942207E-03,-2.159579E-01,-5.995807E-02,0.000000E+00,0.000000E+00,3.697793E-01
1.321000E+00,-2.196523E-01,2.837027E-03,-2.158242E-01,-6.103598E-02,-2.264922E-01,2.871424E-03,-2.158740E-01,-7.078345E-02,0.000000E+00,0.000000E+00,2.881278E-01
1.322000E+00,-2.198448E-01,2.853810E-03,-1.925853E-01,1.678238E-02,-2.266848E-01,2.885156E-03,-1.925892E-01,1.373254E-02,0.000000E+00,0.000000E+00,2.625806E-01
1.323000E+00,-2.200304E-01,2.909256E-03,-1.855271E-01,5.544694E-02,-2.268703E-01,2.931279E-03,-1.855534E-01,4.612259E-02,0.000000E+00,0.000000E+00,1.844740E-01
1.324000E+00,-2.202167E-01,2.968287E-03,-1.863186E-01,5.903082E-02,-2.270566E-01,2.982447E-03,-1.863298E-01,5.116837E-02,0.000000E+00,0.000000E+00,1.186133E-01
1.325000E+00,-2.204053E-01,3.027276E-03,-1.886045E-01,5.898833E-02,-2.272452E-01,3.034999E-03,-1.886046E-01,5.255147E-02,0.000000E+00,0.000000E+00,6.469411E-02
1.326000E+00,-2.205951E-01,3.086933E-03,-1.897698E-01,5.965702E-02,-2.274350E-01,3.099279E-03,-1.897503E-01,6.428019E-02,0.000000E+00,0.000000E+00,1.034209E-01
1.327000E+00,-2.207885E-01,3.149782E-03,-1.933884E-01,6.284908E-02,-2.276284E-01,3.163560E-03,-1.933707E-01,6.428138E-02,0.000000E+00,0.000000E+00,1.154191E-01
1.328000E+00,-2.209868E-01,3.217819E-03,-1.983316E-01,6.803691E-02,-2.278267E-01,3.228098E-03,-1.983204E-01,6.453787E-02,0.000000E+00,0.000000E+00,8.610900E-02
1.329000E+00,-2.211911E-01,3.291608E-03,-2.042640E-01,7.378963E-02,-2.280309E-01,3.297631E-03,-2.042528E-01,6.953306E-02,0.000000E+00,0.000000E+00,5.045314E-02
1.330000E+00,-2.213983E-01,3.361775E-03,-2.072448E-01,7.016685E-02,-2.282382E-01,3.369179E-03,-2.072367E-01,7.154822E-02,0.000000E+00,0.000000E+00,6.202458E-02
1.331000E+00,-2.216055E-01,3.423995E-03,-2.072234E-01,6.221947E-02,-2.284454E-01,3.429268E-03,-2.072188E-01,6.008847E-02,0.000000E+00,0.000000E+00,4.417383E-02
1.332000E+00,-2.218127E-01,3.478877E-03,-2.072113E-01,5.488220E-02,-2.286526E-01,3.477246E-03,-2.072069E-01,4.797797E-02,0.000000E+00,0.000000E+00,-1.366106E-02
1.333000E+00,-2.220199E-01,3.526944E-03,-2.072171E-01,4.806764E-02,-2.288598E-01,3.512556E-03,-2.071964E-01,3.531035E-02,0.000000E+00,0.000000E+00,-1.205257E-01
1.334000E+00,-2.222272E-01,3.568488E-03,-2.072543E-01,4.154400E-02,-2.290670E-01,3.534878E-03,-2.071818E-01,2.232150E-02,0.000000E+00,0.000000E+00,-2.815488E-01
1.335000E+00,-2.224345E-01,3.603368E-03,-2.073362E-01,3.487964E-02,-2.292741E-01,3.544310E-03,-2.071593E-01,9.431849E-03,0.000000E+00,0.000000E+00,-4.947238E-01
1.336000E+00,-2.226420E-01,3.630908E-03,-2.074619E-01,2.754030E-02,-2.294813E-01,3.541464E-03,-2.071281E-01,-2.845835E-03,0.000000E+00,0.000000E+00,-7.492765E-01
1.337000E+00,-2.228496E-01,3.650032E-03,-2.076131E-01,1.912389E-02,-2.296884E-01,3.527349E-03,-2.070941E-01,-1.411512E-02,0.000000E+00,0.000000E+00,-1.027746E+00
1.338000E+00,-2.230574E-01,3.659517E-03,-2.077659E-01,9.484795E-03,-2.298954E-01,3.503129E-03,-2.070748E-01,-2.421921E-02,0.000000E+00,0.000000E+00,-1.310136E+00
1.339000E+00,-2.232653E-01,3.658206E-03,-2.079023E-01,-1.310868E-03,-2.301025E-01,3.469917E-03,-2.070951E-01,-3.321198E-02,0.000000E+00,0.000000E+00,-1.577450E+00
1.340000E+00,-2.234733E-01,3.645184E-03,-2.080175E-01,-1.302219E-02,-2.303097E-01,3.428600E-03,-2.071770E-01,-4.131723E-02,0.000000E+00,0.000000E+00,-1.814576E+00
1.341000E+00,-2.236807E-01,3.612814E-03,-2.074273E-01,-3.237019E-02,-2.305167E-01,3.383636E-03,-2.070375E-01,-4.496471E-02,0.000000E+00,0.000000E+00,-1.920127E+00
1.342000E+00,-2.238863E-01,3.553063E-03,-2.055332E-01,-5.975066E-02,-2.307229E-01,3.342527E-03,-2.061881E-01,-4.110889E-02,0.000000E+00,0.000000E+00,-1.763875E+00
1.343000E+00,-2.240916E-01,3.476983E-03,-2.053572E-01,-7.608018E-02,-2.309292E-01,3.298716E-03,-2.063119E-01,-4.381092E-02,0.000000E+00,0.000000E+00,-1.493448E+00
1.344000E+00,-2.242981E-01,3.382805E-03,-2.065119E-01,-9.417751E-02,-2.311368E-01,3.251675E-03,-2.075970E-01,-4.704037E-02,0.000000E+00,0.000000E+00,-1.098493E+00
1.345000E+00,-2.245070E-01,3.290689E-03,-2.088829E-01,-9.211665E-02,-2.313469E-01,3.248334E-03,-2.100224E-01,-3.340996E-03,0.000000E+00,0.000000E+00,-3.547879E-01
1.346000E+00,-2.247269E-01,3.270393E-03,-2.198652E-01,-2.029565E-02,-2.315669E-01,3.271275E-03,-2.200075E-01,2.294047E-02,0.000000E+00,0.000000E+00,7.385724E-03
1.347000E+00,-2.249617E-01,3.307050E-03,-2.348121E-01,3.665694E-02,-2.318017E-01,3.294256E-03,-2.348032E-01,2.298138E-02,0.000000E+00,0.000000E+00,-1.071687E-01
1.348000E+00,-2.252048E-01,3.359783E-03,-2.431121E-01,5.273252E-02,-2.320447E-01,3.322650E-03,-2.430192E-01,2.839356E-02,0.000000E+00,0.000000E+00,-3.110475E-01
1.349000E+00,-2.254506E-01,3.393747E-03,-2.458470E-01,3.396426E-02,-2.322905E-01,3.355879E-03,-2.458385E-01,3.322933E-02,0.000000E+00,0.000000E+00,-3.172040E-01
1.350000E+00,-2.256967E-01,3.416153E-03,-2.460060E-01,2.240601E-02,-2.325365E-01,3.379408E-03,-2.460097E-01,2.352881E-02,0.000000E+00,0.000000E+00,-3.077987E-01
1.351000E+00,-2.259425E-01,3.431344E-03,-2.458120E-01,1.519140E-02,-2.327823E-01,3.390401E-03,-2.457862E-01,1.099343E-02,0.000000E+00,0.000000E+00,-3.429640E-01
1.352000E+00,-2.261882E-01,3.439607E-03,-2.457262E-01,8.262645E-03,-2.330280E-01,3.388787E-03,-2.456582E-01,-1.614287E-03,0.000000E+00,0.000000E+00,-4.257010E-01
1.353000E+00,-2.264339E-01,3.440908E-03,-2.457402E-01,1.301528E-03,-2.332736E-01,3.374468E-03,-2.456044E-01,-1.431872E-02,0.000000E+00,0.000000E+00,-5.565505E-01
1.354000E+00,-2.266797E-01,3.434980E-03,-2.457406E-01,-5.927996E-03,-2.335191E-01,3.347422E-03,-2.455011E-01,-2.704663E-02,0.000000E+00,0.000000E+00,-7.334642E-01
1.355000E+00,-2.269253E-01,3.421484E-03,-2.456319E-01,-1.349601E-02,-2.337643E-01,3.307977E-03,-2.452495E-01,-3.944469E-02,0.000000E+00,0.000000E+00,-9.508496E-01
1.356000E+00,-2.271741E-01,3.406330E-03,-2.487473E-01,-1.515427E-02,-2.340127E-01,3.269045E-03,-2.483093E-01,-3.893172E-02,0.000000E+00,0.000000E+00,-1.150058E+00
1.357000E+00,-2.274257E-01,3.386538E-03,-2.516165E-01,-1.979188E-02,-2.342640E-01,3.235883E-03,-2.513271E-01,-3.316226E-02,0.000000E+00,0.000000E+00,-1.262082E+00
1.358000E+00,-2.276749E-01,3.349067E-03,-2.492262E-01,-3.747121E-02,-2.345132E-01,3.197767E-03,-2.491881E-01,-3.811640E-02,0.000000E+00,0.000000E+00,-1.267493E+00
1.359000E+00,-2.279181E-01,3.288170E-03,-2.432212E-01,-6.089688E-02,-2.347568E-01,3.160452E-03,-2.436263E-01,-3.731419E-02,0.000000E+00,0.000000E+00,-1.069920E+00
1.360000E+00,-2.281563E-01,3.223891E-03,-2.382181E-01,-6.427935E-02,-2.349954E-01,3.127658E-03,-2.386245E-01,-3.279444E-02,0.000000E+00,0.000000E+00,-8.061561E-01
1.361000E+00,-2.283863E-01,3.161157E-03,-2.299300E-01,-6.273334E-02,-2.352259E-01,3.129470E-03,-2.304650E-01,1.812432E-03,0.000000E+00,0.000000E+00,-2.654417E-01
1.362000E+00,-2.286120E-01,3.100626E-03,-2.257321E-01,-6.053161E-02,-2.354515E-01,3.134127E-03,-2.256640E-01,4.656117E-03,0.000000E+00,0.000000E+00,2.806373E-01
1.363000E+00,-2.288356E-01,3.037143E-03,-2.236122E-01,-6.348284E-02,-2.356745E-01,3.135121E-03,-2.229439E-01,9.949202E-04,0.000000E+00,0.000000E+00,8.208018E-01
1.364000E+00,-2.290582E-01,2.967683E-03,-2.225559E-01,-6.946040E-02,-2.358958E-01,3.130815E-03,-2.212815E-01,-4.306011E-03,0.000000E+00,0.000000E+00,1.366713E+00
1.365000E+00,-2.292796E-01,2.893331E-03,-2.214525E-01,-7.435180E-02,-2.361155E-01,3.117301E-03,-2.197087E-01,-1.351416E-02,0.000000E+00,0.000000E+00,1.876569E+00
1.366000E+00,-2.294910E-01,2.904816E-03,-2.114254E-01,1.148555E-02,-2.363276E-01,3.110238E-03,-2.120802E-01,-7.062803E-03,0.000000E+00,0.000000E+00,1.721092E+00
1.367000E+00,-2.297039E-01,2.953864E-03,-2.128369E-01,4.904781E-02,-2.365419E-01,3.102305E-03,-2.143650E-01,-7.933459E-03,0.000000E+00,0.000000E+00,1.243586E+00
1.368000E+00,-2.299197E-01,3.021865E-03,-2.158185E-01,6.800118E-02,-2.367590E-01,3.090734E-03,-2.171128E-01,-1.157153E-02,0.000000E+00,0.000000E+00,5.769153E-01
1.369000E+00,-2.301392E-01,3.103708E-03,-2.195504E-01,8.184308E-02,-2.369789E-01,3.075192E-03,-2.198481E-01,-1.554156E-02,0.000000E+00,0.000000E+00,-2.388818E-01
1.370000E+00,-2.303639E-01,3.197699E-03,-2.246237E-01,9.399087E-02,-2.372021E-01,3.054567E-03,-2.231777E-01,-2.062532E-02,0.000000E+00,0.000000E+00,-1.199103E+00
1.371000E+00,-2.305915E-01,3.288405E-03,-2.276571E-01,9.070588E-02,-2.374270E-01,3.049377E-03,-2.249197E-01,-5.190108E-03,0.000000E+00,0.000000E+00,-2.002757E+00
1.372000E+00,-2.308179E-01,3.343322E-03,-2.264171E-01,5.491683E-02,-2.376522E-01,3.080154E-03,-2.252236E-01,3.077739E-02,0.000000E+00,0.000000E+00,-2.205209E+00
1.373000E+00,-2.310426E-01,3.379828E-03,-2.246049E-01,3.650603E-02,-2.378762E-01,3.110291E-03,-2.239430E-01,3.013693E-02,0.000000E+00,0.000000E+00,-2.258742E+00
1.374000E+00,-2.312663E-01,3.403652E-03,-2.237362E-01,2.382387E-02,-2.380994E-01,3.134241E-03,-2.232419E-01,2.395015E-02,0.000000E+00,0.000000E+00,-2.257848E+00
1.375000E+00,-2.314901E-01,3.424461E-03,-2.238005E-01,2.080953E-02,-2.383233E-01,3.172134E-03,-2.239067E-01,3.789263E-02,0.000000E+00,0.000000E+00,-2.114782E+00
1.376000E+00,-2.317153E-01,3.437798E-03,-2.251835E-01,1.333675E-02,-2.385489E-01,3.213949E-03,-2.255682E-01,4.181511E-02,0.000000E+00,0.000000E+00,-1.876178E+00
1.377000E+00,-2.319426E-01,3.440842E-03,-2.273032E-01,3.043529E-03,-2.387767E-01,3.257367E-03,-2.278294E-01,4.341805E-02,0.000000E+00,0.000000E+00,-1.537844E+00
1.378000E+00,-2.321730E-01,3.433137E-03,-2.304094E-01,-7.705147E-03,-2.390076E-01,3.306490E-03,-2.309455E-01,4.912361E-02,0.000000E+00,0.000000E+00,-1.061569E+00
1.379000E+00,-2.324049E-01,3.410687E-03,-2.319304E-01,-2.245000E-02,-2.392398E-01,3.352738E-03,-2.321140E-01,4.624740E-02,0.000000E+00,0.000000E+00,-4.857672E-01
1.380000E+00,-2.326373E-01,3.377785E-03,-2.324140E-01,-3.290128E-02,-2.394716E-01,3.388769E-03,-2.318890E-01,3.603075E-02,0.000000E+00,0.000000E+00,9.207817E-02
1.381000E+00,-2.328700E-01,3.336469E-03,-2.326443E-01,-4.131584E-02,-2.397031E-01,3.412973E-03,-2.314272E-01,2.420430E-02,0.000000E+00,0.000000E+00,6.414564E-01
1.382000E+00,-2.331027E-01,3.286730E-03,-2.327569E-01,-4.973973E-02,-2.399340E-01,3.425190E-03,-2.309589E-01,1.221714E-02,0.000000E+00,0.000000E+00,1.161140E+00
1.383000E+00,-2.333311E-01,3.254408E-03,-2.283776E-01,-3.232138E-02,-2.401609E-01,3.430820E-03,-2.268722E-01,5.630199E-03,0.000000E+00,0.000000E+00,1.479605E+00
1.384000E+00,-2.335550E-01,3.233192E-03,-2.238617E-01,-2.121684E-02,-2.403838E-01,3.429201E-03,-2.228639E-01,-1.619287E-03,0.000000E+00,0.000000E+00,1.644129E+00
1.385000E+00,-2.337756E-01,3.216224E-03,-2.205983E-01,-1.696724E-02,-2.406038E-01,3.419183E-03,-2.200623E-01,-1.001771E-02,0.000000E+00,0.000000E+00,1.702521E+00
1.386000E+00,-2.339926E-01,3.214691E-03,-2.170140E-01,-1.532820E-03,-2.408216E-01,3.379185E-03,-2.177325E-01,-3.999841E-02,0.000000E+00,0.000000E+00,1.379847E+00
1.387000E+00,-2.342030E-01,3.233460E-03,-2.104149E-01,1.876831E-02,-2.410334E-01,3.324607E-03,-2.117877E-01,-5.457784E-02,0.000000E+00,0.000000E+00,7.645336E-01
1.388000E+00,-2.344122E-01,3.249757E-03,-2.092180E-01,1.629701E-02,-2.412433E-01,3.257410E-03,-2.099388E-01,-6.719659E-02,0.000000E+00,0.000000E+00,6.419417E-02
1.389000E+00,-2.346207E-01,3.266609E-03,-2.085128E-01,1.685234E-02,-2.414514E-01,3.178563E-03,-2.081351E-01,-7.884701E-02,0.000000E+00,0.000000E+00,-7.384858E-01
1.390000E+00,-2.348192E-01,3.294300E-03,-1.984233E-01,2.769114E-02,-2.416493E-01,3.140198E-03,-1.978665E-01,-3.836483E-02,0.000000E+00,0.000000E+00,-1.292489E+00
1.391000E+00,-2.350146E-01,3.311027E-03,-1.954604E-01,1.672642E-02,-2.418445E-01,3.124307E-03,-1.951767E-01,-1.589194E-02,0.000000E+00,0.000000E+00,-1.566008E+00
1.392000E+00,-2.352117E-01,3.323416E-03,-1.970997E-01,1.238966E-02,-2.420413E-01,3.110759E-03,-1.968334E-01,-1.354797E-02,0.000000E+00,0.000000E+00,-1.783482E+00
1.393000E+00,-2.354105E-01,3.329318E-03,-1.988237E-01,5.901367E-03,-2.422400E-01,3.097991E-03,-1.986657E-01,-1.276747E-02,0.000000E+00,0.000000E+00,-1.939981E+00
1.394000E+00,-2.356107E-01,3.328530E-03,-2.001151E-01,-7.876263E-04,-2.424400E-01,3.083154E-03,-2.000434E-01,-1.483713E-02,0.000000E+00,0.000000E+00,-2.057728E+00
1.395000E+00,-2.358107E-01,3.319595E-03,-2.000185E-01,-8.935029E-03,-2.426399E-01,3.058119E-03,-1.998500E-01,-2.503497E-02,0.000000E+00,0.000000E+00,-2.192669E+00
1.396000E+00,-2.360106E-01,3.302599E-03,-1.999085E-01,-1.699571E-02,-2.428394E-01,3.022020E-03,-1.995831E-01,-3.609899E-02,0.000000E+00,0.000000E+00,-2.352802E+00
1.397000E+00,-2.362058E-01,3.247860E-03,-1.951738E-01,-5.473921E-02,-2.430364E-01,3.003319E-03,-1.969184E-01,-1.870132E-02,0.000000E+00,0.000000E+00,-2.050359E+00
1.398000E+00,-2.363937E-01,3.222819E-03,-1.879162E-01,-2.504158E-02,-2.432264E-01,3.033086E-03,-1.900574E-01,2.976775E-02,0.000000E+00,0.000000E+00,-1.590582E+00
1.399000E+00,-2.365822E-01,3.218769E-03,-1.885634E-01,-4.049707E-03,-2.434166E-01,3.083262E-03,-1.901466E-01,5.017597E-02,0.000000E+00,0.000000E+00,-1.135872E+00
1.400000E+00,-2.367715E-01,3.232628E-03,-1.892237E-01,1.385962E-02,-2.436068E-01,3.142593E-03,-1.902553E-01,5.933039E-02,0.000000E+00,0.000000E+00,-7.546578E-01
1.401000E+00,-2.369620E-01,3.248913E-03,-1.905118E-01,1.628416E-02,-2.437980E-01,3.199887E-03,-1.912021E-01,5.729425E-02,0.000000E+00,0.000000E+00,-4.108961E-01
1.402000E+00,-2.371543E-01,3.264181E-03,-1.923099E-01,1.526879E-02,-2.439908E-01,3.259137E-03,-1.927836E-01,5.925023E-02,0.000000E+00,0.000000E+00,-4.227384E-02
1.403000E+00,-2.373498E-01,3.277459E-03,-1.955676E-01,1.327774E-02,-2.441865E-01,3.318795E-03,-1.956872E-01,5.965805E-02,0.000000E+00,0.000000E+00,3.464211E-01
1.404000E+00,-2.375475E-01,3.290496E-03,-1.976825E-01,1.303729E-02,-2.443840E-01,3.371947E-03,-1.975055E-01,5.315125E-02,0.000000E+00,0.000000E+00,6.825928E-01
1.405000E+00,-2.377456E-01,3.297058E-03,-1.981082E-01,6.561802E-03,-2.445818E-01,3.414259E-03,-1.977515E-01,4.231252E-02,0.000000E+00,0.000000E+00,9.822032E-01
1.406000E+00,-2.379437E-01,3.295339E-03,-1.980832E-01,-1.719715E-03,-2.447794E-01,3.444677E-03,-1.976126E-01,3.041783E-02,0.000000E+00,0.000000E+00,1.251542E+00
1.407000E+00,-2.381417E-01,3.285693E-03,-1.979718E-01,-9.645283E-03,-2.449768E-01,3.462764E-03,-1.974627E-01,1.808682E-02,0.000000E+00,0.000000E+00,1.483968E+00
1.408000E+00,-2.383394E-01,3.268394E-03,-1.977593E-01,-1.729939E-02,-2.451741E-01,3.468279E-03,-1.972850E-01,5.515125E-03,0.000000E+00,0.000000E+00,1.675182E+00
1.409000E+00,-2.385380E-01,3.258222E-03,-1.985476E-01,-1.017145E-02,-2.453733E-01,3.442458E-03,-1.991937E-01,-2.582091E-02,0.000000E+00,0.000000E+00,1.543948E+00
1.410000E+00,-2.387411E-01,3.273887E-03,-2.030732E-01,1.566487E-02,-2.455777E-01,3.405774E-03,-2.043925E-01,-3.668391E-02,0.000000E+00,0.000000E+00,1.105167E+00
1.411000E+00,-2.389447E-01,3.289829E-03,-2.036758E-01,1.594188E-02,-2.457824E-01,3.357038E-03,-2.046944E-01,-4.873602E-02,0.000000E+00,0.000000E+00,5.631557E-01
1.412000E+00,-2.391474E-01,3.301540E-03,-2.027017E-01,1.171090E-02,-2.459855E-01,3.296290E-03,-2.031077E-01,-6.074781E-02,0.000000E+00,0.000000E+00,-4.398814E-02
1.413000E+00,-2.393499E-01,3.305482E-03,-2.024438E-01,3.941479E-03,-2.461875E-01,3.223277E-03,-2.020140E-01,-7.301289E-02,0.000000E+00,0.000000E+00,-6.887957E-01
1.414000E+00,-2.395498E-01,3.297769E-03,-1.998978E-01,-7.712981E-03,-2.463864E-01,3.154185E-03,-1.989339E-01,-6.909243E-02,0.000000E+00,0.000000E+00,-1.203150E+00
1.415000E+00,-2.397408E-01,3.287388E-03,-1.909950E-01,-1.038035E-02,-2.465769E-01,3.115242E-03,-1.904347E-01,-3.894319E-02,0.000000E+00,0.000000E+00,-1.442516E+00
1.416000E+00,-2.399288E-01,3.270926E-03,-1.879813E-01,-1.646194E-02,-2.467645E-01,3.079118E-03,-1.875853E-01,-3.612361E-02,0.000000E+00,0.000000E+00,-1.607283E+00
1.417000E+00,-2.401168E-01,3.248553E-03,-1.880726E-01,-2.237310E-02,-2.469521E-01,3.037204E-03,-1.876218E-01,-4.191381E-02,0.000000E+00,0.000000E+00,-1.771045E+00
1.418000E+00,-2.403050E-01,3.218124E-03,-1.881866E-01,-3.042951E-02,-2.471397E-01,2.986130E-03,-1.876462E-01,-5.107445E-02,0.000000E+00,0.000000E+00,-1.944070E+00
1.419000E+00,-2.404931E-01,3.178800E-03,-1.880494E-01,-3.932329E-02,-2.473271E-01,2.924679E-03,-1.873934E-01,-6.145080E-02,0.000000E+00,0.000000E+00,-2.129536E+00
1.420000E+00,-2.406810E-01,3.130764E-03,-1.879469E-01,-4.803602E-02,-2.475143E-01,2.852705E-03,-1.871453E-01,-7.197370E-02,0.000000E+00,0.000000E+00,-2.330196E+00
1.421000E+00,-2.408634E-01,3.070330E-03,-1.823374E-01,-6.043401E-02,-2.476974E-01,2.809151E-03,-1.831326E-01,-4.355416E-02,0.000000E+00,0.000000E+00,-2.188626E+00
1.422000E+00,-2.410325E-01,3.022079E-03,-1.691786E-01,-4.825138E-02,-2.478694E-01,2.844869E-03,-1.719519E-01,3.571829E-02,0.000000E+00,0.000000E+00,-1.484766E+00
1.423000E+00,-2.411937E-01,3.040491E-03,-1.611993E-01,1.841229E-02,-2.480314E-01,2.899880E-03,-1.620788E-01,5.501094E-02,0.000000E+00,0.000000E+00,-1.178067E+00
1.424000E+00,-2.413537E-01,3.078144E-03,-1.599337E-01,3.765225E-02,-2.481917E-01,2.955539E-03,-1.603094E-01,5.565816E-02,0.000000E+00,0.000000E+00,-1.027188E+00
1.425000E+00,-2.415146E-01,3.121335E-03,-1.608827E-01,4.319125E-02,-2.483529E-01,3.010399E-03,-1.611231E-01,5.486044E-02,0.000000E+00,0.000000E+00,-9.294084E-01
1.426000E+00,-2.416766E-01,3.171071E-03,-1.620114E-01,4.973653E-02,-2.485151E-01,3.068159E-03,-1.622005E-01,5.776027E-02,0.000000E+00,0.000000E+00,-8.621730E-01
1.427000E+00,-2.418423E-01,3.218216E-03,-1.657430E-01,4.714432E-02,-2.486811E-01,3.128905E-03,-1.660046E-01,6.074581E-02,0.000000E+00,0.000000E+00,-7.482082E-01
1.428000E+00,-2.420131E-01,3.265099E-03,-1.708063E-01,4.688380E-02,-2.488522E-01,3.193958E-03,-1.710938E-01,6.505330E-02,0.000000E+00,0.000000E+00,-5.959786E-01
1.429000E+00,-2.421903E-01,3.315182E-03,-1.771379E-01,5.008305E-02,-2.490296E-01,3.266707E-03,-1.774077E-01,7.274858E-02,0.000000E+00,0.000000E+00,-4.060917E-01
1.430000E+00,-2.423709E-01,3.362225E-03,-1.806564E-01,4.704294E-02,-2.492104E-01,3.342440E-03,-1.808486E-01,7.573268E-02,0.000000E+00,0.000000E+00,-1.657479E-01
1.431000E+00,-2.425516E-01,3.400997E-03,-1.806900E-01,3.877155E-02,-2.493912E-01,3.406635E-03,-1.807616E-01,6.419554E-02,0.000000E+00,0.000000E+00,4.723201E-02
1.432000E+00,-2.427323E-01,3.432149E-03,-1.806858E-01,3.115161E-02,-2.495719E-01,3.458601E-03,-1.806790E-01,5.196552E-02,0.000000E+00,0.000000E+00,2.215908E-01
1.433000E+00,-2.429129E-01,3.456281E-03,-1.806321E-01,2.413250E-02,-2.497525E-01,3.497721E-03,-1.805971E-01,3.912071E-02,0.000000E+00,0.000000E+00,3.471469E-01
1.434000E+00,-2.430934E-01,3.473816E-03,-1.805259E-01,1.753523E-02,-2.499330E-01,3.523594E-03,-1.805079E-01,2.587211E-02,0.000000E+00,0.000000E+00,4.169839E-01
1.435000E+00,-2.432738E-01,3.484800E-03,-1.803761E-01,1.098376E-02,-2.501134E-01,3.536239E-03,-1.804002E-01,1.264533E-02,0.000000E+00,0.000000E+00,4.309009E-01
1.436000E+00,-2.434540E-01,3.488763E-03,-1.802106E-01,3.962837E-03,-2.502936E-01,3.536265E-03,-1.802747E-01,2.647271E-05,0.000000E+00,0.000000E+00,3.979235E-01
1.437000E+00,-2.436341E-01,3.484778E-03,-1.800719E-01,-3.984798E-03,-2.504738E-01,3.524757E-03,-1.801547E-01,-1.150874E-02,0.000000E+00,0.000000E+00,3.348937E-01
1.438000E+00,-2.438141E-01,3.471671E-03,-1.799858E-01,-1.310737E-02,-2.506539E-01,3.502963E-03,-1.800640E-01,-2.179340E-02,0.000000E+00,0.000000E+00,2.621303E-01
1.439000E+00,-2.439940E-01,3.448236E-03,-1.799482E-01,-2.343517E-02,-2.508339E-01,3.472061E-03,-1.800088E-01,-3.090262E-02,0.000000E+00,0.000000E+00,1.995760E-01
1.440000E+00,-2.441740E-01,3.413422E-03,-1.799458E-01,-3.481399E-02,-2.510139E-01,3.433009E-03,-1.799867E-01,-3.905171E-02,0.000000E+00,0.000000E+00,1.640769E-01
1.441000E+00,-2.443540E-01,3.366541E-03,-1.799726E-01,-4.688092E-02,-2.511939E-01,3.386405E-03,-1.799957E-01,-4.660421E-02,0.000000E+00,0.000000E+00,1.663943E-01
1.442000E+00,-2.445304E-01,3.301068E-03,-1.764165E-01,-6.547308E-02,-2.513702E-01,3.330671E-03,-1.763337E-01,-5.573405E-02,0.000000E+00,0.000000E+00,2.479770E-01
1.443000E+00,-2.446972E-01,3.281251E-03,-1.668028E-01,-1.981676E-02,-2.515370E-01,3.299466E-03,-1.668137E-01,-3.120435E-02,0.000000E+00,0.000000E+00,1.525865E-01
1.444000E+00,-2.448645E-01,3.292311E-03,-1.672982E-01,1.106045E-02,-2.517043E-01,3.278341E-03,-1.673099E-01,-2.112506E-02,0.000000E+00,0.000000E+00,-1.170236E-01
1.445000E+00,-2.450384E-01,3.315128E-03,-1.739399E-01,2.281699E-02,-2.518780E-01,3.258398E-03,-1.737319E-01,-1.994341E-02,0.000000E+00,0.000000E+00,-4.752212E-01
1.446000E+00,-2.452207E-01,3.346055E-03,-1.822745E-01,3.092670E-02,-2.520600E-01,3.256704E-03,-1.819222E-01,-1.693472E-03,0.000000E+00,0.000000E+00,-7.484880E-01
1.447000E+00,-2.454118E-01,3.379766E-03,-1.911307E-01,3.371151E-02,-2.522510E-01,3.289275E-03,-1.910642E-01,3.257040E-02,0.000000E+00,0.000000E+00,-7.580533E-01
1.448000E+00,-2.456093E-01,3.413322E-03,-1.974491E-01,3.355572E-02,-2.524486E-01,3.342385E-03,-1.975755E-01,5.310991E-02,0.000000E+00,0.000000E+00,-5.942494E-01
1.449000E+00,-2.458082E-01,3.441366E-03,-1.989643E-01,2.804387E-02,-2.526476E-01,3.390278E-03,-1.989958E-01,4.789337E-02,0.000000E+00,0.000000E+00,-4.279741E-01
1.450000E+00,-2.460074E-01,3.462486E-03,-1.991315E-01,2.112023E-02,-2.528466E-01,3.425318E-03,-1.990380E-01,3.504043E-02,0.000000E+00,0.000000E+00,-3.113690E-01
1.451000E+00,-2.462067E-01,3.476740E-03,-1.993365E-01,1.425393E-02,-2.530458E-01,3.447419E-03,-1.991495E-01,2.210102E-02,0.000000E+00,0.000000E+00,-2.456386E-01
1.452000E+00,-2.464063E-01,3.483963E-03,-1.995741E-01,7.222442E-03,-2.532451E-01,3.456650E-03,-1.993118E-01,9.230260E-03,0.000000E+00,0.000000E+00,-2.288268E-01
1.453000E+00,-2.466061E-01,3.483717E-03,-1.997918E-01,-2.457023E-04,-2.534446E-01,3.453131E-03,-1.994608E-01,-3.519137E-03,0.000000E+00,0.000000E+00,-2.562636E-01
1.454000E+00,-2.468059E-01,3.457180E-03,-1.998836E-01,-2.653729E-02,-2.536442E-01,3.454444E-03,-1.996724E-01,1.313584E-03,0.000000E+00,0.000000E+00,-2.292003E-02
1.455000E+00,-2.470048E-01,3.418239E-03,-1.988793E-01,-3.894052E-02,-2.538427E-01,3.443767E-03,-1.984573E-01,-1.067762E-02,0.000000E+00,0.000000E+00,2.138976E-01
1.456000E+00,-2.472007E-01,3.376375E-03,-1.958485E-01,-4.186456E-02,-2.540379E-01,3.409572E-03,-1.951596E-01,-3.419430E-02,0.000000E+00,0.000000E+00,2.781950E-01
1.457000E+00,-2.473943E-01,3.323566E-03,-1.936164E-01,-5.280881E-02,-2.542305E-01,3.361627E-03,-1.926323E-01,-4.794488E-02,0.000000E+00,0.000000E+00,3.189997E-01
1.458000E+00,-2.475875E-01,3.259201E-03,-1.931896E-01,-6.436471E-02,-2.544225E-01,3.303687E-03,-1.920088E-01,-5.794051E-02,0.000000E+00,0.000000E+00,3.729048E-01
1.459000E+00,-2.477806E-01,3.184364E-03,-1.931555E-01,-7.483687E-02,-2.546143E-01,3.237006E-03,-1.918206E-01,-6.668036E-02,0.000000E+00,0.000000E+00,4.413611E-01
1.460000E+00,-2.479714E-01,3.103185E-03,-1.907627E-01,-8.117923E-02,-2.548036E-01,3.176663E-03,-1.892911E-01,-6.034322E-02,0.000000E+00,0.000000E+00,6.161746E-01
1.461000E+00,-2.481553E-01,3.023185E-03,-1.839290E-01,-7.999961E-02,-2.549858E-01,3.146966E-03,-1.822265E-01,-2.969675E-02,0.000000E+00,0.000000E+00,1.038190E+00
1.462000E+00,-2.483311E-01,2.967916E-03,-1.757865E-01,-5.526981E-02,-2.551602E-01,3.131463E-03,-1.743432E-01,-1.550345E-02,0.000000E+00,0.000000E+00,1.371900E+00
1.463000E+00,-2.484921E-01,2.986663E-03,-1.609801E-01,1.874746E-02,-2.553216E-01,3.129173E-03,-1.614439E-01,-2.289606E-03,0.000000E+00,0.000000E+00,1.195407E+00
1.464000E+00,-2.486501E-01,3.034960E-03,-1.580541E-01,4.829657E-02,-2.554809E-01,3.121917E-03,-1.592782E-01,-7.256416E-03,0.000000E+00,0.000000E+00,7.293525E-01
1.465000E+00,-2.488120E-01,3.105912E-03,-1.618192E-01,7.095201E-02,-2.556438E-01,3.097488E-03,-1.628533E-01,-2.442945E-02,0.000000E+00,0.000000E+00,-7.064908E-02
1.466000E+00,-2.489786E-01,3.194899E-03,-1.665957E-01,8.898782E-02,-2.558096E-01,3.062599E-03,-1.658225E-01,-3.488843E-02,0.000000E+00,0.000000E+00,-1.109542E+00
1.467000E+00,-2.491513E-01,3.258117E-03,-1.726931E-01,6.321764E-02,-2.559811E-01,3.047923E-03,-1.715272E-01,-1.467579E-02,0.000000E+00,0.000000E+00,-1.762764E+00
1.468000E+00,-2.493296E-01,3.312895E-03,-1.783444E-01,5.477813E-02,-2.561582E-01,3.042971E-03,-1.771415E-01,-4.952239E-03,0.000000E+00,0.000000E+00,-2.263621E+00
1.469000E+00,-2.495145E-01,3.375616E-03,-1.849277E-01,6.272123E-02,-2.563414E-01,3.045589E-03,-1.831228E-01,2.618125E-03,0.000000E+00,0.000000E+00,-2.767672E+00
1.470000E+00,-2.496999E-01,3.422089E-03,-1.853600E-01,4.647279E-02,-2.565252E-01,3.044462E-03,-1.837958E-01,-1.127345E-03,0.000000E+00,0.000000E+00,-3.166820E+00
1.471000E+00,-2.498854E-01,3.457252E-03,-1.854967E-01,3.516255E-02,-2.567090E-01,3.035671E-03,-1.837938E-01,-8.791382E-03,0.000000E+00,0.000000E+00,-3.535415E+00
1.472000E+00,-2.500695E-01,3.489628E-03,-1.841144E-01,3.237668E-02,-2.568918E-01,3.035681E-03,-1.828412E-01,1.064404E-05,0.000000E+00,0.000000E+00,-3.806778E+00
1.473000E+00,-2.502515E-01,3.524210E-03,-1.820155E-01,3.458142E-02,-2.570746E-01,3.071727E-03,-1.828182E-01,3.604552E-02,0.000000E+00,0.000000E+00,-3.794091E+00
1.474000E+00,-2.504342E-01,3.554117E-03,-1.827301E-01,2.990722E-02,-2.572588E-01,3.116048E-03,-1.842256E-01,4.432154E-02,0.000000E+00,0.000000E+00,-3.672760E+00
1.475000E+00,-2.506184E-01,3.572493E-03,-1.841905E-01,1.837610E-02,-2.574455E-01,3.167497E-03,-1.866896E-01,5.144869E-02,0.000000E+00,0.000000E+00,-3.394915E+00
1.476000E+00,-2.508049E-01,3.572467E-03,-1.864692E-01,-2.627000E-05,-2.576356E-01,3.225757E-03,-1.900765E-01,5.825972E-02,0.000000E+00,0.000000E+00,-2.905704E+00
1.477000E+00,-2.509938E-01,3.566800E-03,-1.888726E-01,-5.666828E-03,-2.578277E-01,3.285268E-03,-1.921380E-01,5.951113E-02,0.000000E+00,0.000000E+00,-2.359024E+00
1.478000E+00,-2.511836E-01,3.553665E-03,-1.898350E-01,-1.313549E-02,-2.580201E-01,3.338156E-03,-1.923986E-01,5.288865E-02,0.000000E+00,0.000000E+00,-1.805538E+00
1.479000E+00,-2.513738E-01,3.532255E-03,-1.902014E-01,-2.141003E-02,-2.582121E-01,3.380978E-03,-1.919927E-01,4.282123E-02,0.000000E+00,0.000000E+00,-1.267286E+00
1.480000E+00,-2.515644E-01,3.502673E-03,-1.905881E-01,-2.958199E-02,-2.584038E-01,3.413413E-03,-1.916598E-01,3.243490E-02,0.000000E+00,0.000000E+00,-7.477168E-01
1.481000E+00,-2.517554E-01,3.465015E-03,-1.909764E-01,-3.765746E-02,-2.585952E-01,3.435061E-03,-1.913954E-01,2.164855E-02,0.000000E+00,0.000000E+00,-2.509171E-01
1.482000E+00,-2.519467E-01,3.419357E-03,-1.913245E-01,-4.565817E-02,-2.587864E-01,3.445507E-03,-1.911719E-01,1.044638E-02,0.000000E+00,0.000000E+00,2.190619E-01
1.483000E+00,-2.521383E-01,3.365760E-03,-1.915795E-01,-5.359735E-02,-2.589773E-01,3.444449E-03,-1.909446E-01,-1.058581E-03,0.000000E+00,0.000000E+00,6.592118E-01
1.484000E+00,-2.523310E-01,3.318999E-03,-1.927042E-01,-4.676037E-02,-2.591695E-01,3.419011E-03,-1.921525E-01,-2.543776E-02,0.000000E+00,0.000000E+00,8.378846E-01
1.485000E+00,-2.525254E-01,3.285848E-03,-1.943664E-01,-3.315163E-02,-2.593639E-01,3.362578E-03,-1.943958E-01,-5.643307E-02,0.000000E+00,0.000000E+00,6.428523E-01
1.486000E+00,-2.527191E-01,3.242127E-03,-1.937446E-01,-4.372042E-02,-2.595575E-01,3.301803E-03,-1.936408E-01,-6.077490E-02,0.000000E+00,0.000000E+00,4.999848E-01
1.487000E+00,-2.529145E-01,3.238500E-03,-1.954012E-01,-3.627196E-03,-2.597530E-01,3.257992E-03,-1.954824E-01,-4.381145E-02,0.000000E+00,0.000000E+00,1.633100E-01
1.488000E+00,-2.531110E-01,3.253421E-03,-1.964635E-01,1.492135E-02,-2.599494E-01,3.233002E-03,-1.964450E-01,-2.498922E-02,0.000000E+00,0.000000E+00,-1.710776E-01
1.489000E+00,-2.533077E-01,3.269523E-03,-1.967320E-01,1.610129E-02,-2.601459E-01,3.208743E-03,-1.965156E-01,-2.425911E-02,0.000000E+00,0.000000E+00,-5.092387E-01
1.490000E+00,-2.534997E-01,3.286721E-03,-1.920107E-01,1.719807E-02,-2.603377E-01,3.205825E-03,-1.917289E-01,-2.918044E-03,0.000000E+00,0.000000E+00,-6.777958E-01
1.491000E+00,-2.536901E-01,3.301832E-03,-1.903816E-01,1.511145E-02,-2.605278E-01,3.207717E-03,-1.901057E-01,1.891375E-03,0.000000E+00,0.000000E+00,-7.885813E-01
1.492000E+00,-2.538805E-01,3.309171E-03,-1.904047E-01,7.338612E-03,-2.607179E-01,3.201445E-03,-1.900980E-01,-6.271437E-03,0.000000E+00,0.000000E+00,-9.026410E-01
1.493000E+00,-2.540711E-01,3.307374E-03,-1.905823E-01,-1.796974E-03,-2.609081E-01,3.184591E-03,-1.902274E-01,-1.685458E-02,0.000000E+00,0.000000E+00,-1.028838E+00
1.494000E+00,-2.542618E-01,3.296585E-03,-1.907462E-01,-1.078887E-02,-2.610984E-01,3.156916E-03,-1.903253E-01,-2.767424E-02,0.000000E+00,0.000000E+00,-1.170361E+00
1.495000E+00,-2.544527E-01,3.276924E-03,-1.908929E-01,-1.966112E-02,-2.612888E-01,3.118229E-03,-1.903842E-01,-3.868701E-02,0.000000E+00,0.000000E+00,-1.329835E+00
1.496000E+00,-2.546437E-01,3.248471E-03,-1.910219E-01,-2.845241E-02,-2.614792E-01,3.068413E-03,-1.904008E-01,-4.981632E-02,0.000000E+00,0.000000E+00,-1.508920E+00
1.497000E+00,-2.548325E-01,3.199281E-03,-1.887438E-01,-4.919059E-02,-2.616679E-01,3.020664E-03,-1.886765E-01,-4.774952E-02,0.000000E+00,0.000000E+00,-1.496864E+00
1.498000E+00,-2.550162E-01,3.154185E-03,-1.837054E-01,-4.509551E-02,-2.618530E-01,3.039603E-03,-1.850669E-01,1.893985E-02,0.000000E+00,0.000000E+00,-9.601665E-01
1.499000E+00,-2.551956E-01,3.162107E-03,-1.794277E-01,7.921327E-03,-2.620329E-01,3.083872E-03,-1.799778E-01,4.426835E-02,0.000000E+00,0.000000E+00,-6.555677E-01
1.500000E+00,-2.553736E-01,3.181562E-03,-1.780269E-01,1.945567E-02,-2.622113E-01,3.136926E-03,-1.783644E-01,5.305390E-02,0.000000E+00,0.000000E+00,-3.740241E-01
1.501000E+00,-2.555518E-01,3.202684E-03,-1.781146E-01,2.112219E-02,-2.623896E-01,3.193267E-03,-1.782643E-01,5.634156E-02,0.000000E+00,0.000000E+00,-7.890896E-02
1.502000E+00,-2.557330E-01,3.221088E-03,-1.812807E-01,1.840339E-02,-2.625708E-01,3.248765E-03,-1.812411E-01,5.549750E-02,0.000000E+00,0.000000E+00,2.319123E-01
1.503000E+00,-2.559185E-01,3.240876E-03,-1.854859E-01,1.978785E-02,-2.627561E-01,3.305165E-03,-1.852559E-01,5.640046E-02,0.000000E+00,0.000000E+00,5.387042E-01
1.504000E+00,-2.561065E-01,3.265585E-03,-1.880083E-01,2.470947E-02,-2.629438E-01,3.351125E-03,-1.877904E-01,4.595971E-02,0.000000E+00,0.000000E+00,7.167739E-01
1.505000E+00,-2.562968E-01,3.296924E-03,-1.902964E-01,3.133839E-02,-2.631341E-01,3.385125E-03,-1.902837E-01,3.400023E-02,0.000000E+00,0.000000E+00,7.390775E-01
1.506000E+00,-2.564876E-01,3.323576E-03,-1.907921E-01,2.665234E-02,-2.633250E-01,3.408896E-03,-1.908656E-01,2.377110E-02,0.000000E+00,0.000000E+00,7.149293E-01
1.507000E+00,-2.566784E-01,3.342991E-03,-1.908111E-01,1.941490E-02,-2.635159E-01,3.421115E-03,-1.909398E-01,1.221854E-02,0.000000E+00,0.000000E+00,6.546217E-01
1.508000E+00,-2.568693E-01,3.355515E-03,-1.908909E-01,1.252381E-02,-2.637070E-01,3.421297E-03,-1.910725E-01,1.818704E-04,0.000000E+00,0.000000E+00,5.511978E-01
1.509000E+00,-2.570603E-01,3.361207E-03,-1.910335E-01,5.692194E-03,-2.638983E-01,3.409136E-03,-1.912450E-01,-1.216020E-02,0.000000E+00,0.000000E+00,4.016033E-01
1.510000E+00,-2.572516E-01,3.359737E-03,-1.912303E-01,-1.469771E-03,-2.640897E-01,3.384684E-03,-1.914275E-01,-2.445220E-02,0.000000E+00,0.000000E+00,2.090299E-01
1.511000E+00,-2.574431E-01,3.350372E-03,-1.914725E-01,-9.364607E-03,-2.642813E-01,3.348425E-03,-1.916032E-01,-3.625893E-02,0.000000E+00,0.000000E+00,-1.631379E-02
1.512000E+00,-2.576348E-01,3.332103E-03,-1.917483E-01,-1.826906E-02,-2.644731E-01,3.301179E-03,-1.917735E-01,-4.724629E-02,0.000000E+00,0.000000E+00,-2.591038E-01
1.513000E+00,-2.578268E-01,3.303860E-03,-1.920412E-01,-2.824382E-02,-2.646650E-01,3.243910E-03,-1.919510E-01,-5.726927E-02,0.000000E+00,0.000000E+00,-5.022951E-01
1.514000E+00,-2.580187E-01,3.259541E-03,-1.918269E-01,-4.431877E-02,-2.648568E-01,3.181242E-03,-1.917948E-01,-6.266789E-02,0.000000E+00,0.000000E+00,-6.560264E-01
1.515000E+00,-2.582069E-01,3.194409E-03,-1.882177E-01,-6.513185E-02,-2.650454E-01,3.133573E-03,-1.886083E-01,-4.766875E-02,0.000000E+00,0.000000E+00,-5.096917E-01
1.516000E+00,-2.583864E-01,3.138950E-03,-1.794848E-01,-5.545917E-02,-2.652253E-01,3.111239E-03,-1.798476E-01,-2.233396E-02,0.000000E+00,0.000000E+00,-2.321559E-01
1.517000E+00,-2.585595E-01,3.114202E-03,-1.730907E-01,-2.474741E-02,-2.653985E-01,3.088513E-03,-1.732549E-01,-2.272579E-02,0.000000E+00,0.000000E+00,-2.152140E-01
1.518000E+00,-2.587340E-01,3.094997E-03,-1.745701E-01,-1.920565E-02,-2.655732E-01,3.063017E-03,-1.746915E-01,-2.549610E-02,0.000000E+00,0.000000E+00,-2.679080E-01
1.519000E+00,-2.589130E-01,3.081784E-03,-1.789474E-01,-1.321242E-02,-2.657522E-01,3.035404E-03,-1.790197E-01,-2.761338E-02,0.000000E+00,0.000000E+00,-3.885451E-01
1.520000E+00,-2.590938E-01,3.067776E-03,-1.808580E-01,-1.400817E-02,-2.659330E-01,2.998705E-03,-1.808122E-01,-3.669880E-02,0.000000E+00,0.000000E+00,-5.786260E-01
1.521000E+00,-2.592749E-01,3.045003E-03,-1.810401E-01,-2.277312E-02,-2.661139E-01,2.950866E-03,-1.808684E-01,-4.783926E-02,0.000000E+00,0.000000E+00,-7.886087E-01
1.522000E+00,-2.594507E-01,2.989843E-03,-1.757979E-01,-5.516044E-02,-2.662903E-01,2.941409E-03,-1.763809E-01,-9.456870E-03,0.000000E+00,0.000000E+00,-4.057234E-01
1.523000E+00,-2.596195E-01,2.996151E-03,-1.688148E-01,6.308319E-03,-2.664593E-01,2.977621E-03,-1.690138E-01,3.621249E-02,0.000000E+00,0.000000E+00,-1.552165E-01
1.524000E+00,-2.597816E-01,3.042286E-03,-1.621517E-01,4.613549E-02,-2.666215E-01,3.025682E-03,-1.621871E-01,4.806021E-02,0.000000E+00,0.000000E+00,-1.390928E-01
1.525000E+00,-2.599430E-01,3.090383E-03,-1.613322E-01,4.809634E-02,-2.667829E-01,3.083279E-03,-1.613754E-01,5.759748E-02,0.000000E+00,0.000000E+00,-5.950388E-02
1.526000E+00,-2.601080E-01,3.138307E-03,-1.650378E-01,4.792456E-02,-2.669479E-01,3.140291E-03,-1.650674E-01,5.701232E-02,0.000000E+00,0.000000E+00,1.662157E-02
1.527000E+00,-2.602777E-01,3.187440E-03,-1.696714E-01,4.913301E-02,-2.671176E-01,3.199449E-03,-1.696847E-01,5.915748E-02,0.000000E+00,0.000000E+00,1.005930E-01
1.528000E+00,-2.604529E-01,3.239821E-03,-1.752045E-01,5.238036E-02,-2.672928E-01,3.262825E-03,-1.751960E-01,6.337569E-02,0.000000E+00,0.000000E+00,1.926967E-01
1.529000E+00,-2.606336E-01,3.298995E-03,-1.807357E-01,5.917482E-02,-2.674735E-01,3.327516E-03,-1.807308E-01,6.469147E-02,0.000000E+00,0.000000E+00,2.389074E-01
1.530000E+00,-2.608167E-01,3.364088E-03,-1.831080E-01,6.509259E-02,-2.676567E-01,3.379860E-03,-1.831612E-01,5.234367E-02,0.000000E+00,0.000000E+00,1.321139E-01
1.531000E+00,-2.609998E-01,3.421018E-03,-1.830797E-01,5.693000E-02,-2.678398E-01,3.420676E-03,-1.831052E-01,4.081609E-02,0.000000E+00,0.000000E+00,-2.865768E-03
1.532000E+00,-2.611829E-01,3.470426E-03,-1.830486E-01,4.940807E-02,-2.680228E-01,3.449311E-03,-1.830187E-01,2.863548E-02,0.000000E+00,0.000000E+00,-1.768693E-01
1.533000E+00,-2.613659E-01,3.512866E-03,-1.830275E-01,4.244025E-02,-2.682057E-01,3.465193E-03,-1.828921E-01,1.588148E-02,0.000000E+00,0.000000E+00,-3.993439E-01
1.534000E+00,-2.615489E-01,3.548672E-03,-1.830311E-01,3.580567E-02,-2.683884E-01,3.467967E-03,-1.827148E-01,2.773745E-03,0.000000E+00,0.000000E+00,-6.760515E-01
1.535000E+00,-2.617320E-01,3.577771E-03,-1.830716E-01,2.909927E-02,-2.685709E-01,3.457705E-03,-1.824832E-01,-1.026196E-02,0.000000E+00,0.000000E+00,-1.005802E+00
1.536000E+00,-2.619151E-01,3.599583E-03,-1.831549E-01,2.181135E-02,-2.687531E-01,3.435034E-03,-1.822143E-01,-2.267095E-02,0.000000E+00,0.000000E+00,-1.378497E+00
1.537000E+00,-2.620984E-01,3.613118E-03,-1.832754E-01,1.353490E-02,-2.689351E-01,3.401023E-03,-1.819468E-01,-3.401092E-02,0.000000E+00,0.000000E+00,-1.776926E+00
1.538000E+00,-2.622818E-01,3.617213E-03,-1.834122E-01,4.095971E-03,-2.691168E-01,3.356915E-03,-1.817237E-01,-4.410787E-02,0.000000E+00,0.000000E+00,-2.180962E+00
1.539000E+00,-2.624654E-01,3.610742E-03,-1.835338E-01,-6.471026E-03,-2.692984E-01,3.303897E-03,-1.815758E-01,-5.301776E-02,0.000000E+00,0.000000E+00,-2.571215E+00
1.540000E+00,-2.626490E-01,3.592779E-03,-1.836109E-01,-1.796360E-02,-2.694799E-01,3.242925E-03,-1.815137E-01,-6.097172E-02,0.000000E+00,0.000000E+00,-2.931910E+00
1.541000E+00,-2.628281E-01,3.560528E-03,-1.790920E-01,-3.225076E-02,-2.696583E-01,3.197473E-03,-1.783705E-01,-4.545243E-02,0.000000E+00,0.000000E+00,-3.042662E+00
1.542000E+00,-2.629975E-01,3.511922E-03,-1.694323E-01,-4.860660E-02,-2.698299E-01,3.193878E-03,-1.716417E-01,-3.594882E-03,0.000000E+00,0.000000E+00,-2.665153E+00
1.543000E+00,-2.631680E-01,3.450800E-03,-1.705050E-01,-6.112109E-02,-2.700030E-01,3.196669E-03,-1.731398E-01,2.791013E-03,0.000000E+00,0.000000E+00,-2.129315E+00
1.544000E+00,-2.633428E-01,3.375314E-03,-1.748243E-01,-7.548646E-02,-2.701806E-01,3.213849E-03,-1.776015E-01,1.717942E-02,0.000000E+00,0.000000E+00,-1.352708E+00
1.545000E+00,-2.635235E-01,3.286179E-03,-1.806253E-01,-8.913537E-02,-2.703630E-01,3.249330E-03,-1.823935E-01,3.548140E-02,0.000000E+00,0.000000E+00,-3.086815E-01
1.546000E+00,-2.637092E-01,3.217994E-03,-1.857154E-01,-6.818431E-02,-2.705486E-01,3.276607E-03,-1.855314E-01,2.727690E-02,0.000000E+00,0.000000E+00,4.910036E-01
1.547000E+00,-2.639057E-01,3.220595E-03,-1.965076E-01,2.600994E-03,-2.707450E-01,3.282352E-03,-1.964551E-01,5.744905E-03,0.000000E+00,0.000000E+00,5.173430E-01
1.548000E+00,-2.641096E-01,3.261622E-03,-2.039261E-01,4.102685E-02,-2.709492E-01,3.270441E-03,-2.041746E-01,-1.191107E-02,0.000000E+00,0.000000E+00,7.387344E-02
1.549000E+00,-2.643180E-01,3.312580E-03,-2.084075E-01,5.095820E-02,-2.711573E-01,3.248945E-03,-2.081182E-01,-2.149608E-02,0.000000E+00,0.000000E+00,-5.330885E-01
1.550000E+00,-2.645335E-01,3.351131E-03,-2.154428E-01,3.855049E-02,-2.713724E-01,3.256359E-03,-2.150787E-01,7.414038E-03,0.000000E+00,0.000000E+00,-7.939386E-01
1.551000E+00,-2.647507E-01,3.382600E-03,-2.172386E-01,3.146966E-02,-2.715892E-01,3.261608E-03,-2.168079E-01,5.248958E-03,0.000000E+00,0.000000E+00,-1.013621E+00
1.552000E+00,-2.649679E-01,3.405723E-03,-2.172030E-01,2.312302E-02,-2.718058E-01,3.255494E-03,-2.166025E-01,-6.113910E-03,0.000000E+00,0.000000E+00,-1.258594E+00
1.553000E+00,-2.651851E-01,3.421173E-03,-2.172427E-01,1.544962E-02,-2.720222E-01,3.237415E-03,-2.164020E-01,-1.807893E-02,0.000000E+00,0.000000E+00,-1.539555E+00
1.554000E+00,-2.654024E-01,3.429073E-03,-2.173074E-01,7.899722E-03,-2.722384E-01,3.207244E-03,-2.161558E-01,-3.017051E-02,0.000000E+00,0.000000E+00,-1.858622E+00
1.555000E+00,-2.656198E-01,3.429367E-03,-2.173943E-01,2.937720E-04,-2.724542E-01,3.165037E-03,-2.158602E-01,-4.220716E-02,0.000000E+00,0.000000E+00,-2.214892E+00
1.556000E+00,-2.658374E-01,3.421851E-03,-2.175106E-01,-7.515754E-03,-2.726698E-01,3.111002E-03,-2.155300E-01,-5.403520E-02,0.000000E+00,0.000000E+00,-2.604949E+00
1.557000E+00,-2.660550E-01,3.406149E-03,-2.176558E-01,-1.570145E-02,-2.728849E-01,3.045514E-03,-2.151861E-01,-6.548776E-02,0.000000E+00,0.000000E+00,-3.022535E+00
1.558000E+00,-2.662696E-01,3.388279E-03,-2.146231E-01,-1.787051E-02,-2.731009E-01,3.055788E-03,-2.160014E-01,1.027378E-02,0.000000E+00,0.000000E+00,-2.786480E+00
1.559000E+00,-2.664787E-01,3.344967E-03,-2.090316E-01,-4.331173E-02,-2.733138E-01,3.105019E-03,-2.128859E-01,4.923073E-02,0.000000E+00,0.000000E+00,-2.010543E+00
1.560000E+00,-2.666859E-01,3.294519E-03,-2.072748E-01,-5.044825E-02,-2.735241E-01,3.163392E-03,-2.102307E-01,5.837366E-02,0.000000E+00,0.000000E+00,-1.098559E+00
1.561000E+00,-2.668849E-01,3.280445E-03,-1.989537E-01,-1.407421E-02,-2.737238E-01,3.208162E-03,-1.997717E-01,4.476977E-02,0.000000E+00,0.000000E+00,-6.055526E-01
1.562000E+00,-2.670722E-01,3.318886E-03,-1.872601E-01,3.844085E-02,-2.739111E-01,3.246282E-03,-1.872234E-01,3.811967E-02,0.000000E+00,0.000000E+00,-6.082464E-01
1.563000E+00,-2.672598E-01,3.352771E-03,-1.876030E-01,3.388513E-02,-2.740985E-01,3.274699E-03,-1.874676E-01,2.841740E-02,0.000000E+00,0.000000E+00,-6.540619E-01
1.564000E+00,-2.674483E-01,3.378174E-03,-1.885386E-01,2.540382E-02,-2.742870E-01,3.298466E-03,-1.884321E-01,2.376672E-02,0.000000E+00,0.000000E+00,-6.677862E-01
1.565000E+00,-2.676382E-01,3.394546E-03,-1.898964E-01,1.637154E-02,-2.744768E-01,3.320293E-03,-1.898618E-01,2.182686E-02,0.000000E+00,0.000000E+00,-6.220893E-01
1.566000E+00,-2.678284E-01,3.401053E-03,-1.901927E-01,6.507303E-03,-2.746670E-01,3.334356E-03,-1.901793E-01,1.406357E-02,0.000000E+00,0.000000E+00,-5.587888E-01
1.567000E+00,-2.680184E-01,3.398885E-03,-1.900470E-01,-2.168745E-03,-2.748570E-01,3.337651E-03,-1.900083E-01,3.294407E-03,0.000000E+00,0.000000E+00,-5.130239E-01
1.568000E+00,-2.682084E-01,3.388310E-03,-1.899316E-01,-1.057459E-02,-2.750469E-01,3.329912E-03,-1.898675E-01,-7.738364E-03,0.000000E+00,0.000000E+00,-4.892675E-01
1.569000E+00,-2.683982E-01,3.369466E-03,-1.898514E-01,-1.884386E-02,-2.752366E-01,3.310979E-03,-1.897616E-01,-1.893309E-02,0.000000E+00,0.000000E+00,-4.900215E-01
1.570000E+00,-2.685880E-01,3.342333E-03,-1.898015E-01,-2.713323E-02,-2.754263E-01,3.280816E-03,-1.896851E-01,-3.016284E-02,0.000000E+00,0.000000E+00,-5.154120E-01
1.571000E+00,-2.687778E-01,3.306760E-03,-1.897721E-01,-3.557339E-02,-2.756159E-01,3.239504E-03,-1.896270E-01,-4.131200E-02,0.000000E+00,0.000000E+00,-5.635015E-01
1.572000E+00,-2.689666E-01,3.252353E-03,-1.888037E-01,-5.440669E-02,-2.758047E-01,3.194196E-03,-1.887777E-01,-4.530817E-02,0.000000E+00,0.000000E+00,-4.872748E-01
1.573000E+00,-2.691485E-01,3.235873E-03,-1.818621E-01,-1.647952E-02,-2.759866E-01,3.195905E-03,-1.818790E-01,1.708980E-03,0.000000E+00,0.000000E+00,-3.348830E-01
1.574000E+00,-2.693251E-01,3.245232E-03,-1.765999E-01,9.359151E-03,-2.761632E-01,3.217407E-03,-1.765860E-01,2.150202E-02,0.000000E+00,0.000000E+00,-2.331429E-01
1.575000E+00,-2.695002E-01,3.260619E-03,-1.751148E-01,1.538656E-02,-2.763383E-01,3.240010E-03,-1.750854E-01,2.260290E-02,0.000000E+00,0.000000E+00,-1.726797E-01
1.576000E+00,-2.696754E-01,3.275157E-03,-1.752189E-01,1.453825E-02,-2.765135E-01,3.263782E-03,-1.752117E-01,2.377153E-02,0.000000E+00,0.000000E+00,-9.531558E-02
1.577000E+00,-2.698524E-01,3.284108E-03,-1.770637E-01,8.951083E-03,-2.766905E-01,3.286617E-03,-1.770635E-01,2.283561E-02,0.000000E+00,0.000000E+00,2.102145E-02
1.578000E+00,-2.700328E-01,3.287838E-03,-1.803434E-01,3.729374E-03,-2.768709E-01,3.309188E-03,-1.803028E-01,2.257097E-02,0.000000E+00,0.000000E+00,1.788938E-01
1.579000E+00,-2.702161E-01,3.285291E-03,-1.833103E-01,-2.546391E-03,-2.770541E-01,3.330023E-03,-1.832221E-01,2.083435E-02,0.000000E+00,0.000000E+00,3.748001E-01
1.580000E+00,-2.703996E-01,3.276254E-03,-1.834814E-01,-9.037530E-03,-2.772375E-01,3.335503E-03,-1.834418E-01,5.480720E-03,0.000000E+00,0.000000E+00,4.964452E-01
1.581000E+00,-2.705830E-01,3.258805E-03,-1.834079E-01,-1.744860E-02,-2.774209E-01,3.329649E-03,-1.833714E-01,-5.853869E-03,0.000000E+00,0.000000E+00,5.935930E-01
1.582000E+00,-2.707663E-01,3.233489E-03,-1.832918E-01,-2.531592E-02,-2.776042E-01,3.311971E-03,-1.832845E-01,-1.767850E-02,0.000000E+00,0.000000E+00,6.575812E-01
1.583000E+00,-2.709494E-01,3.200742E-03,-1.831325E-01,-3.274766E-02,-2.777873E-01,3.282024E-03,-1.831772E-01,-2.994705E-02,0.000000E+00,0.000000E+00,6.810404E-01
1.584000E+00,-2.711371E-01,3.208954E-03,-1.876386E-01,8.212368E-03,-2.779752E-01,3.265386E-03,-1.878808E-01,-1.663818E-02,0.000000E+00,0.000000E+00,4.728195E-01
1.585000E+00,-2.713307E-01,3.237999E-03,-1.936634E-01,2.904498E-02,-2.781689E-01,3.275716E-03,-1.936790E-01,1.033014E-02,0.000000E+00,0.000000E+00,3.160181E-01
1.586000E+00,-2.715240E-01,3.263830E-03,-1.933047E-01,2.583102E-02,-2.783622E-01,3.280057E-03,-1.932902E-01,4.340924E-03,0.000000E+00,0.000000E+00,1.359603E-01
1.587000E+00,-2.717153E-01,3.285501E-03,-1.912308E-01,2.167139E-02,-2.785534E-01,3.282937E-03,-1.912013E-01,2.880572E-03,0.000000E+00,0.000000E+00,-2.148424E-02
1.588000E+00,-2.719050E-01,3.303333E-03,-1.897841E-01,1.783139E-02,-2.787431E-01,3.279264E-03,-1.897352E-01,-3.673609E-03,0.000000E+00,0.000000E+00,-2.016719E-01
1.589000E+00,-2.720941E-01,3.314758E-03,-1.890685E-01,1.142501E-02,-2.789321E-01,3.266878E-03,-1.889651E-01,-1.238577E-02,0.000000E+00,0.000000E+00,-4.011806E-01
1.590000E+00,-2.722803E-01,3.319817E-03,-1.861715E-01,5.059273E-03,-2.791183E-01,3.260604E-03,-1.861712E-01,-6.274281E-03,0.000000E+00,0.000000E+00,-4.961390E-01
1.591000E+00,-2.724646E-01,3.301279E-03,-1.842971E-01,-1.853807E-02,-2.793027E-01,3.258863E-03,-1.843866E-01,-1.740714E-03,0.000000E+00,0.000000E+00,-3.553965E-01
1.592000E+00,-2.726478E-01,3.273318E-03,-1.832040E-01,-2.796055E-02,-2.794857E-01,3.238688E-03,-1.830305E-01,-2.017454E-02,0.000000E+00,0.000000E+00,-2.901676E-01
1.593000E+00,-2.728306E-01,3.238523E-03,-1.828026E-01,-3.479540E-02,-2.796682E-01,3.203015E-03,-1.825041E-01,-3.567294E-02,0.000000E+00,0.000000E+00,-2.975334E-01
1.594000E+00,-2.730134E-01,3.194946E-03,-1.828441E-01,-4.357753E-02,-2.798507E-01,3.156014E-03,-1.825007E-01,-4.700148E-02,0.000000E+00,0.000000E+00,-3.262400E-01
1.595000E+00,-2.731964E-01,3.142366E-03,-1.829785E-01,-5.257925E-02,-2.800333E-01,3.098141E-03,-1.825937E-01,-5.787264E-02,0.000000E+00,0.000000E+00,-3.706174E-01
1.596000E+00,-2.733756E-01,3.057991E-03,-1.792309E-01,-8.437528E-02,-2.802120E-01,3.043762E-03,-1.787003E-01,-5.437958E-02,0.000000E+00,0.000000E+00,-1.192558E-01
1.597000E+00,-2.735468E-01,3.005854E-03,-1.711663E-01,-5.213675E-02,-2.803824E-01,3.001651E-03,-1.704023E-01,-4.211091E-02,0.000000E+00,0.000000E+00,-3.523285E-02
1.598000E+00,-2.737036E-01,3.023101E-03,-1.567690E-01,1.724660E-02,-2.805388E-01,3.026197E-03,-1.564156E-01,2.454650E-02,0.000000E+00,0.000000E+00,2.595607E-02
1.599000E+00,-2.738579E-01,3.055330E-03,-1.543788E-01,3.222874E-02,-2.806930E-01,3.064331E-03,-1.541828E-01,3.813398E-02,0.000000E+00,0.000000E+00,7.545836E-02
1.600000E+00,-2.740148E-01,3.088643E-03,-1.568967E-01,3.331371E-02,-2.808497E-01,3.102137E-03,-1.567321E-01,3.780589E-02,0.000000E+00,0.000000E+00,1.131174E-01
1.601000E+00,-2.741756E-01,3.122158E-03,-1.607501E-01,3.351475E-02,-2.810103E-01,3.140527E-03,-1.605954E-01,3.838999E-02,0.000000E+00,0.000000E+00,1.539892E-01
1.602000E+00,-2.743413E-01,3.157349E-03,-1.656805E-01,3.519054E-02,-2.811758E-01,3.181402E-03,-1.655246E-01,4.087435E-02,0.000000E+00,0.000000E+00,2.016409E-01
1.603000E+00,-2.745128E-01,3.196848E-03,-1.715669E-01,3.949903E-02,-2.813472E-01,3.227007E-03,-1.714056E-01,4.560572E-02,0.000000E+00,0.000000E+00,2.528399E-01
1.604000E+00,-2.746912E-01,3.246252E-03,-1.783112E-01,4.940426E-02,-2.815254E-01,3.278672E-03,-1.781054E-01,5.166500E-02,0.000000E+00,0.000000E+00,2.718004E-01
1.605000E+00,-2.748756E-01,3.306989E-03,-1.844716E-01,6.073701E-02,-2.817096E-01,3.333214E-03,-1.842137E-01,5.454141E-02,0.000000E+00,0.000000E+00,2.198677E-01
1.606000E+00,-2.750626E-01,3.372364E-03,-1.869980E-01,6.537538E-02,-2.818962E-01,3.379572E-03,-1.866488E-01,4.635847E-02,0.000000E+00,0.000000E+00,6.043403E-02
1.607000E+00,-2.752496E-01,3.429446E-03,-1.870050E-01,5.708176E-02,-2.820828E-01,3.413419E-03,-1.865814E-01,3.384723E-02,0.000000E+00,0.000000E+00,-1.343824E-01
1.608000E+00,-2.754366E-01,3.478823E-03,-1.869339E-01,4.937711E-02,-2.822692E-01,3.433975E-03,-1.863927E-01,2.055605E-02,0.000000E+00,0.000000E+00,-3.760704E-01
1.609000E+00,-2.756233E-01,3.521027E-03,-1.867413E-01,4.220378E-02,-2.824552E-01,3.440699E-03,-1.860151E-01,6.723582E-03,0.000000E+00,0.000000E+00,-6.736397E-01
1.610000E+00,-2.758097E-01,3.556419E-03,-1.864209E-01,3.539216E-02,-2.826406E-01,3.433575E-03,-1.854189E-01,-7.124118E-03,0.000000E+00,0.000000E+00,-1.030274E+00
1.611000E+00,-2.759958E-01,3.585007E-03,-1.860463E-01,2.858752E-02,-2.828253E-01,3.413346E-03,-1.846710E-01,-2.022935E-02,0.000000E+00,0.000000E+00,-1.439835E+00
1.612000E+00,-2.761815E-01,3.606307E-03,-1.857411E-01,2.130054E-02,-2.830092E-01,3.381370E-03,-1.839208E-01,-3.197577E-02,0.000000E+00,0.000000E+00,-1.886917E+00
1.613000E+00,-2.763671E-01,3.619414E-03,-1.855658E-01,1.310698E-02,-2.831925E-01,3.339187E-03,-1.832898E-01,-4.218268E-02,0.000000E+00,0.000000E+00,-2.351035E+00
1.614000E+00,-2.765526E-01,3.623212E-03,-1.854737E-01,3.797873E-03,-2.833753E-01,3.288200E-03,-1.828101E-01,-5.098678E-02,0.000000E+00,0.000000E+00,-2.811084E+00
1.615000E+00,-2.767379E-01,3.616584E-03,-1.853663E-01,-6.627694E-03,-2.835578E-01,3.229546E-03,-1.824543E-01,-5.865401E-02,0.000000E+00,0.000000E+00,-3.248149E+00
1.616000E+00,-2.769231E-01,3.598593E-03,-1.851580E-01,-1.799156E-02,-2.837399E-01,3.163968E-03,-1.821732E-01,-6.557781E-02,0.000000E+00,0.000000E+00,-3.648081E+00
1.617000E+00,-2.770976E-01,3.561860E-03,-1.744812E-01,-3.673324E-02,-2.839152E-01,3.142472E-03,-1.752871E-01,-2.149663E-02,0.000000E+00,0.000000E+00,-3.520103E+00
1.618000E+00,-2.772685E-01,3.511764E-03,-1.708945E-01,-5.009584E-02,-2.840884E-01,3.133587E-03,-1.731374E-01,-8.885124E-03,0.000000E+00,0.000000E+00,-3.173908E+00
1.619000E+00,-2.774417E-01,3.451967E-03,-1.732489E-01,-5.979699E-02,-2.842644E-01,3.132687E-03,-1.760747E-01,-8.999527E-04,0.000000E+00,0.000000E+00,-2.679284E+00
1.620000E+00,-2.776190E-01,3.382530E-03,-1.772839E-01,-6.943700E-02,-2.844449E-01,3.146610E-03,-1.804618E-01,1.392294E-02,0.000000E+00,0.000000E+00,-1.979491E+00
1.621000E+00,-2.777990E-01,3.306975E-03,-1.799653E-01,-7.555439E-02,-2.846271E-01,3.163023E-03,-1.822361E-01,1.641376E-02,0.000000E+00,0.000000E+00,-1.207730E+00
1.622000E+00,-2.779860E-01,3.276245E-03,-1.870898E-01,-3.073057E-02,-2.848140E-01,3.143584E-03,-1.868456E-01,-1.943970E-02,0.000000E+00,0.000000E+00,-1.113067E+00
1.623000E+00,-2.781781E-01,3.267280E-03,-1.920147E-01,-8.965095E-03,-2.850053E-01,3.109719E-03,-1.913157E-01,-3.386433E-02,0.000000E+00,0.000000E+00,-1.322046E+00
1.624000E+00,-2.783752E-01,3.265153E-03,-1.971361E-01,-2.126766E-03,-2.852029E-01,3.126042E-03,-1.975685E-01,1.632255E-02,0.000000E+00,0.000000E+00,-1.167214E+00
1.625000E+00,-2.785761E-01,3.272540E-03,-2.009202E-01,7.386934E-03,-2.854044E-01,3.156830E-03,-2.014852E-01,3.078811E-02,0.000000E+00,0.000000E+00,-9.708270E-01
1.626000E+00,-2.787900E-01,3.330684E-03,-2.138601E-01,5.814471E-02,-2.856175E-01,3.190373E-03,-2.131206E-01,3.354244E-02,0.000000E+00,0.000000E+00,-1.177319E+00
1.627000E+00,-2.790081E-01,3.393690E-03,-2.181197E-01,6.300548E-02,-2.858344E-01,3.222339E-03,-2.169766E-01,3.196653E-02,0.000000E+00,0.000000E+00,-1.437900E+00
1.628000E+00,-2.792282E-01,3.450030E-03,-2.201326E-01,5.634009E-02,-2.860534E-01,3.253947E-03,-2.189623E-01,3.160801E-02,0.000000E+00,0.000000E+00,-1.645616E+00
1.629000E+00,-2.794510E-01,3.499768E-03,-2.227563E-01,4.973797E-02,-2.862751E-01,3.288385E-03,-2.217077E-01,3.443798E-02,0.000000E+00,0.000000E+00,-1.774213E+00
1.630000E+00,-2.796759E-01,3.541415E-03,-2.249170E-01,4.164657E-02,-2.864992E-01,3.323226E-03,-2.240575E-01,3.484091E-02,0.000000E+00,0.000000E+00,-1.831528E+00
1.631000E+00,-2.799009E-01,3.574240E-03,-2.249765E-01,3.282559E-02,-2.867232E-01,3.346197E-03,-2.240116E-01,2.297117E-02,0.000000E+00,0.000000E+00,-1.914459E+00
1.632000E+00,-2.801257E-01,3.598904E-03,-2.248764E-01,2.466335E-02,-2.869469E-01,3.356376E-03,-2.237437E-01,1.017929E-02,0.000000E+00,0.000000E+00,-2.036293E+00
1.633000E+00,-2.803503E-01,3.615424E-03,-2.245500E-01,1.652055E-02,-2.871702E-01,3.353628E-03,-2.232518E-01,-2.748661E-03,0.000000E+00,0.000000E+00,-2.198346E+00
1.634000E+00,-2.805743E-01,3.623915E-03,-2.240318E-01,8.490528E-03,-2.873928E-01,3.338445E-03,-2.225799E-01,-1.518320E-02,0.000000E+00,0.000000E+00,-2.397425E+00
1.635000E+00,-2.807969E-01,3.604431E-03,-2.225644E-01,-1.948368E-02,-2.876155E-01,3.326060E-03,-2.227590E-01,-1.238424E-02,0.000000E+00,0.000000E+00,-2.337803E+00
1.636000E+00,-2.810185E-01,3.569016E-03,-2.215971E-01,-3.541491E-02,-2.878379E-01,3.310423E-03,-2.223975E-01,-1.563735E-02,0.000000E+00,0.000000E+00,-2.171618E+00
1.637000E+00,-2.812393E-01,3.521064E-03,-2.207806E-01,-4.795195E-02,-2.880596E-01,3.288431E-03,-2.217013E-01,-2.199193E-02,0.000000E+00,0.000000E+00,-1.953525E+00
1.638000E+00,-2.814593E-01,3.459730E-03,-2.200560E-01,-6.133382E-02,-2.882807E-01,3.260944E-03,-2.210609E-01,-2.748746E-02,0.000000E+00,0.000000E+00,-1.669231E+00
1.639000E+00,-2.816788E-01,3.385418E-03,-2.194772E-01,-7.431269E-02,-2.885012E-01,3.227675E-03,-2.204688E-01,-3.326818E-02,0.000000E+00,0.000000E+00,-1.324522E+00
1.640000E+00,-2.818978E-01,3.299409E-03,-2.190234E-01,-8.600811E-02,-2.887211E-01,3.187456E-03,-2.199000E-01,-4.021912E-02,0.000000E+00,0.000000E+00,-9.400057E-01
1.641000E+00,-2.821119E-01,3.210335E-03,-2.140281E-01,-8.907472E-02,-2.889362E-01,3.163128E-03,-2.151852E-01,-2.432784E-02,0.000000E+00,0.000000E+00,-3.963256E-01
1.642000E+00,-2.823204E-01,3.194319E-03,-2.085872E-01,-1.601538E-02,-2.891459E-01,3.152420E-03,-2.097015E-01,-1.070806E-02,0.000000E+00,0.000000E+00,-3.517112E-01
1.643000E+00,-2.825324E-01,3.214661E-03,-2.119805E-01,2.034172E-02,-2.893587E-01,3.141261E-03,-2.127128E-01,-1.115970E-02,0.000000E+00,0.000000E+00,-6.160607E-01
1.644000E+00,-2.827499E-01,3.254523E-03,-2.175039E-01,3.986214E-02,-2.895761E-01,3.126687E-03,-2.174598E-01,-1.457325E-02,0.000000E+00,0.000000E+00,-1.072868E+00
1.645000E+00,-2.829734E-01,3.312877E-03,-2.234385E-01,5.835416E-02,-2.897982E-01,3.107827E-03,-2.221233E-01,-1.886048E-02,0.000000E+00,0.000000E+00,-1.720911E+00
1.646000E+00,-2.831960E-01,3.367345E-03,-2.226374E-01,5.446804E-02,-2.900183E-01,3.069842E-03,-2.200320E-01,-3.798521E-02,0.000000E+00,0.000000E+00,-2.496960E+00
1.647000E+00,-2.834124E-01,3.387326E-03,-2.164050E-01,1.998038E-02,-2.902336E-01,3.048442E-03,-2.153654E-01,-2.140008E-02,0.000000E+00,0.000000E+00,-2.844165E+00
1.648000E+00,-2.836292E-01,3.421880E-03,-2.167420E-01,3.455459E-02,-2.904508E-01,3.072320E-03,-2.171206E-01,2.387847E-02,0.000000E+00,0.000000E+00,-2.933450E+00
1.649000E+00,-2.838463E-01,3.463279E-03,-2.171148E-01,4.139824E-02,-2.906688E-01,3.113574E-03,-2.180792E-01,4.125345E-02,0.000000E+00,0.000000E+00,-2.934249E+00
1.650000E+00,-2.840641E-01,3.498565E-03,-2.178762E-01,3.528673E-02,-2.908878E-01,3.153426E-03,-2.189936E-01,3.985247E-02,0.000000E+00,0.000000E+00,-2.895532E+00
1.651000E+00,-2.842833E-01,3.526977E-03,-2.191295E-01,2.841168E-02,-2.911082E-01,3.189538E-03,-2.203347E-01,3.611156E-02,0.000000E+00,0.000000E+00,-2.830541E+00
1.652000E+00,-2.845046E-01,3.549287E-03,-2.213168E-01,2.231043E-02,-2.913310E-01,3.227291E-03,-2.228002E-01,3.775358E-02,0.000000E+00,0.000000E+00,-2.700610E+00
1.653000E+00,-2.847288E-01,3.565368E-03,-2.242080E-01,1.608089E-02,-2.915570E-01,3.270625E-03,-2.260899E-01,4.333351E-02,0.000000E+00,0.000000E+00,-2.471656E+00
1.654000E+00,-2.849564E-01,3.573161E-03,-2.276261E-01,7.792643E-03,-2.917870E-01,3.322848E-03,-2.299867E-01,5.222342E-02,0.000000E+00,0.000000E+00,-2.098707E+00
1.655000E+00,-2.851852E-01,3.569954E-03,-2.287990E-01,-3.207174E-03,-2.920181E-01,3.370859E-03,-2.310689E-01,4.801074E-02,0.000000E+00,0.000000E+00,-1.668999E+00
1.656000E+00,-2.854141E-01,3.558464E-03,-2.288694E-01,-1.148962E-02,-2.922488E-01,3.407099E-03,-2.306506E-01,3.624037E-02,0.000000E+00,0.000000E+00,-1.268703E+00
1.657000E+00,-2.856429E-01,3.538616E-03,-2.288280E-01,-1.984796E-02,-2.924790E-01,3.431607E-03,-2.301988E-01,2.450754E-02,0.000000E+00,0.000000E+00,-8.968195E-01
1.658000E+00,-2.858716E-01,3.510358E-03,-2.287004E-01,-2.825806E-02,-2.927087E-01,3.444726E-03,-2.297308E-01,1.311914E-02,0.000000E+00,0.000000E+00,-5.499926E-01
1.659000E+00,-2.861002E-01,3.473576E-03,-2.285379E-01,-3.678182E-02,-2.929380E-01,3.447038E-03,-2.292808E-01,2.312391E-03,0.000000E+00,0.000000E+00,-2.223679E-01
1.660000E+00,-2.863285E-01,3.428023E-03,-2.283692E-01,-4.555321E-02,-2.931668E-01,3.439199E-03,-2.288570E-01,-7.839796E-03,0.000000E+00,0.000000E+00,9.363472E-02
1.661000E+00,-2.865567E-01,3.373333E-03,-2.281954E-01,-5.468965E-02,-2.933953E-01,3.421786E-03,-2.284390E-01,-1.741254E-02,0.000000E+00,0.000000E+00,4.059459E-01
1.662000E+00,-2.867840E-01,3.313815E-03,-2.273220E-01,-5.951868E-02,-2.936227E-01,3.386745E-03,-2.274139E-01,-3.504107E-02,0.000000E+00,0.000000E+00,6.110037E-01
1.663000E+00,-2.870088E-01,3.259335E-03,-2.247445E-01,-5.448015E-02,-2.938477E-01,3.321881E-03,-2.250126E-01,-6.486346E-02,0.000000E+00,0.000000E+00,5.239977E-01
1.664000E+00,-2.872325E-01,3.200862E-03,-2.237311E-01,-5.847264E-02,-2.940717E-01,3.241212E-03,-2.240207E-01,-8.066918E-02,0.000000E+00,0.000000E+00,3.380331E-01
1.665000E+00,-2.874554E-01,3.163233E-03,-2.229116E-01,-3.762902E-02,-2.942948E-01,3.172370E-03,-2.231099E-01,-6.884221E-02,0.000000E+00,0.000000E+00,7.654409E-02
1.666000E+00,-2.876797E-01,3.177901E-03,-2.242279E-01,1.466768E-02,-2.945190E-01,3.147501E-03,-2.241801E-01,-2.486955E-02,0.000000E+00,0.000000E+00,-2.546723E-01
1.667000E+00,-2.879079E-01,3.203587E-03,-2.282457E-01,2.568640E-02,-2.947469E-01,3.128970E-03,-2.278903E-01,-1.853091E-02,0.000000E+00,0.000000E+00,-6.251071E-01
1.668000E+00,-2.881406E-01,3.235914E-03,-2.326633E-01,3.232678E-02,-2.949788E-01,3.109083E-03,-2.318613E-01,-1.988697E-02,0.000000E+00,0.000000E+00,-1.062572E+00
1.669000E+00,-2.883772E-01,3.273958E-03,-2.366647E-01,3.804397E-02,-2.952139E-01,3.085571E-03,-2.351984E-01,-2.351121E-02,0.000000E+00,0.000000E+00,-1.578392E+00
1.670000E+00,-2.886166E-01,3.314319E-03,-2.393377E-01,4.036092E-02,-2.954509E-01,3.054527E-03,-2.369305E-01,-3.104489E-02,0.000000E+00,0.000000E+00,-2.176933E+00
1.671000E+00,-2.888565E-01,3.346234E-03,-2.399299E-01,3.191553E-02,-2.956875E-01,3.012671E-03,-2.366628E-01,-4.185554E-02,0.000000E+00,0.000000E+00,-2.795562E+00
1.672000E+00,-2.890929E-01,3.361513E-03,-2.364468E-01,1.527850E-02,-2.959221E-01,2.991446E-03,-2.345139E-01,-2.122503E-02,0.000000E+00,0.000000E+00,-3.101803E+00
1.673000E+00,-2.893191E-01,3.346504E-03,-2.261761E-01,-1.500864E-02,-2.961512E-01,3.038051E-03,-2.291885E-01,4.660548E-02,0.000000E+00,0.000000E+00,-2.585002E+00
1.674000E+00,-2.895406E-01,3.329864E-03,-2.214709E-01,-1.664044E-02,-2.963759E-01,3.104270E-03,-2.246733E-01,6.621841E-02,0.000000E+00,0.000000E+00,-1.890311E+00
1.675000E+00,-2.897625E-01,3.325533E-03,-2.218757E-01,-4.330654E-03,-2.965995E-01,3.160317E-03,-2.235514E-01,5.604665E-02,0.000000E+00,0.000000E+00,-1.384287E+00
1.676000E+00,-2.899863E-01,3.320652E-03,-2.238783E-01,-4.881157E-03,-2.968244E-01,3.212382E-03,-2.249401E-01,5.206514E-02,0.000000E+00,0.000000E+00,-9.071153E-01
1.677000E+00,-2.902134E-01,3.308686E-03,-2.270020E-01,-1.196599E-02,-2.970520E-01,3.266349E-03,-2.276333E-01,5.396770E-02,0.000000E+00,0.000000E+00,-3.546987E-01
1.678000E+00,-2.904443E-01,3.289613E-03,-2.309792E-01,-1.907263E-02,-2.972830E-01,3.325707E-03,-2.309095E-01,5.935778E-02,0.000000E+00,0.000000E+00,3.024010E-01
1.679000E+00,-2.906768E-01,3.262773E-03,-2.325027E-01,-2.683981E-02,-2.975145E-01,3.377953E-03,-2.315314E-01,5.224590E-02,0.000000E+00,0.000000E+00,9.650507E-01
1.680000E+00,-2.909098E-01,3.227612E-03,-2.329680E-01,-3.516166E-02,-2.977456E-01,3.419155E-03,-2.311624E-01,4.120171E-02,0.000000E+00,0.000000E+00,1.605029E+00
1.681000E+00,-2.911432E-01,3.184385E-03,-2.333873E-01,-4.322660E-02,-2.979765E-01,3.448955E-03,-2.308608E-01,2.980041E-02,0.000000E+00,0.000000E+00,2.217250E+00
1.682000E+00,-2.913730E-01,3.156343E-03,-2.298152E-01,-2.804263E-02,-2.982041E-01,3.472043E-03,-2.276151E-01,2.308744E-02,0.000000E+00,0.000000E+00,2.646041E+00
1.683000E+00,-2.915925E-01,3.179627E-03,-2.194532E-01,2.328433E-02,-2.984237E-01,3.495157E-03,-2.195875E-01,2.311489E-02,0.000000E+00,0.000000E+00,2.644571E+00
1.684000E+00,-2.918089E-01,3.212164E-03,-2.164095E-01,3.253688E-02,-2.986411E-01,3.509661E-03,-2.173844E-01,1.450371E-02,0.000000E+00,0.000000E+00,2.493270E+00
1.685000E+00,-2.920253E-01,3.248250E-03,-2.164319E-01,3.608654E-02,-2.988596E-01,3.500653E-03,-2.184857E-01,-9.008415E-03,0.000000E+00,0.000000E+00,2.115076E+00
1.686000E+00,-2.922409E-01,3.282166E-03,-2.156478E-01,3.391536E-02,-2.990773E-01,3.477577E-03,-2.177690E-01,-2.307605E-02,0.000000E+00,0.000000E+00,1.637291E+00
1.687000E+00,-2.924564E-01,3.308945E-03,-2.154127E-01,2.677933E-02,-2.992945E-01,3.442513E-03,-2.171172E-01,-3.506350E-02,0.000000E+00,0.000000E+00,1.119012E+00
1.688000E+00,-2.926718E-01,3.327383E-03,-2.154190E-01,1.843783E-02,-2.995110E-01,3.395252E-03,-2.165626E-01,-4.726113E-02,0.000000E+00,0.000000E+00,5.685556E-01
1.689000E+00,-2.928873E-01,3.336748E-03,-2.155330E-01,9.365166E-03,-2.997270E-01,3.336798E-03,-2.160105E-01,-5.845419E-02,0.000000E+00,0.000000E+00,4.180484E-04
1.690000E+00,-2.931015E-01,3.319913E-03,-2.142287E-01,-1.683498E-02,-2.999412E-01,3.281752E-03,-2.141963E-01,-5.504629E-02,0.000000E+00,0.000000E+00,-3.196728E-01
1.691000E+00,-2.933075E-01,3.298437E-03,-2.059339E-01,-2.147556E-02,-3.001473E-01,3.269338E-03,-2.060702E-01,-1.241386E-02,0.000000E+00,0.000000E+00,-2.437604E-01
1.692000E+00,-2.935128E-01,3.272513E-03,-2.053644E-01,-2.592492E-02,-3.003528E-01,3.276706E-03,-2.054868E-01,7.368471E-03,0.000000E+00,0.000000E+00,3.512900E-02
1.693000E+00,-2.937212E-01,3.238128E-03,-2.083469E-01,-3.438473E-02,-3.005610E-01,3.290775E-03,-2.081778E-01,1.406912E-02,0.000000E+00,0.000000E+00,4.410113E-01
1.694000E+00,-2.939332E-01,3.198660E-03,-2.119744E-01,-3.946767E-02,-3.007722E-01,3.311692E-03,-2.112537E-01,2.091685E-02,0.000000E+00,0.000000E+00,9.468650E-01
1.695000E+00,-2.941462E-01,3.151547E-03,-2.130390E-01,-4.711277E-02,-3.009840E-01,3.325910E-03,-2.117509E-01,1.421827E-02,0.000000E+00,0.000000E+00,1.460724E+00
1.696000E+00,-2.943594E-01,3.095848E-03,-2.132076E-01,-5.569972E-02,-3.011954E-01,3.328671E-03,-2.114606E-01,2.760855E-03,0.000000E+00,0.000000E+00,1.950644E+00
1.697000E+00,-2.945665E-01,3.102731E-03,-2.071046E-01,6.883279E-03,-3.014033E-01,3.313219E-03,-2.078311E-01,-1.545277E-02,0.000000E+00,0.000000E+00,1.763445E+00
1.698000E+00,-2.947671E-01,3.134754E-03,-2.006224E-01,3.202259E-02,-3.016045E-01,3.322721E-03,-2.012793E-01,9.502131E-03,0.000000E+00,0.000000E+00,1.574721E+00
1.699000E+00,-2.949659E-01,3.169116E-03,-1.987525E-01,3.436207E-02,-3.018040E-01,3.330635E-03,-1.994287E-01,7.914110E-03,0.000000E+00,0.000000E+00,1.353105E+00
1.700000E+00,-2.951643E-01,3.201949E-03,-1.983882E-01,3.283348E-02,-3.020032E-01,3.323281E-03,-1.992210E-01,-7.353669E-03,0.000000E+00,0.000000E+00,1.016401E+00
1.701000E+00,-2.953634E-01,3.236193E-03,-1.991007E-01,3.424348E-02,-3.022030E-01,3.310404E-03,-1.997751E-01,-1.287698E-02,0.000000E+00,0.000000E+00,6.216516E-01
1.702000E+00,-2.955638E-01,3.270086E-03,-2.004605E-01,3.389369E-02,-3.024038E-01,3.292655E-03,-2.008259E-01,-1.774889E-02,0.000000E+00,0.000000E+00,1.890517E-01
1.703000E+00,-2.957671E-01,3.308599E-03,-2.032615E-01,3.851271E-02,-3.026070E-01,3.268615E-03,-2.031820E-01,-2.404012E-02,0.000000E+00,0.000000E+00,-3.349292E-01
1.704000E+00,-2.959731E-01,3.347242E-03,-2.060197E-01,3.864341E-02,-3.028123E-01,3.240137E-03,-2.052985E-01,-2.847845E-02,0.000000E+00,0.000000E+00,-8.972153E-01
1.705000E+00,-2.961797E-01,3.372968E-03,-2.065851E-01,2.572601E-02,-3.030176E-01,3.203922E-03,-2.053346E-01,-3.621517E-02,0.000000E+00,0.000000E+00,-1.416178E+00
1.706000E+00,-2.963839E-01,3.401024E-03,-2.042298E-01,2.805535E-02,-3.032212E-01,3.208798E-03,-2.036174E-01,4.876955E-03,0.000000E+00,0.000000E+00,-1.610401E+00
1.707000E+00,-2.965857E-01,3.427159E-03,-2.017511E-01,2.613486E-02,-3.034229E-01,3.231626E-03,-2.016566E-01,2.282714E-02,0.000000E+00,0.000000E+00,-1.638120E+00
1.708000E+00,-2.967855E-01,3.448624E-03,-1.997871E-01,2.146502E-02,-3.036227E-01,3.255707E-03,-1.998587E-01,2.408157E-02,0.000000E+00,0.000000E+00,-1.616194E+00
1.709000E+00,-2.969834E-01,3.464946E-03,-1.979700E-01,1.632231E-02,-3.038209E-01,3.278044E-03,-1.981296E-01,2.233714E-02,0.000000E+00,0.000000E+00,-1.565793E+00
1.710000E+00,-2.971793E-01,3.476590E-03,-1.958880E-01,1.164429E-02,-3.040171E-01,3.302069E-03,-1.961991E-01,2.402459E-02,0.000000E+00,0.000000E+00,-1.462055E+00
1.711000E+00,-2.973732E-01,3.482719E-03,-1.938589E-01,6.128379E-03,-3.042113E-01,3.326369E-03,-1.942688E-01,2.429984E-02,0.000000E+00,0.000000E+00,-1.309801E+00
1.712000E+00,-2.975666E-01,3.480467E-03,-1.934106E-01,-2.251084E-03,-3.044051E-01,3.342871E-03,-1.937721E-01,1.650224E-02,0.000000E+00,0.000000E+00,-1.152682E+00
1.713000E+00,-2.977600E-01,3.468339E-03,-1.934271E-01,-1.212877E-02,-3.045988E-01,3.349444E-03,-1.937264E-01,6.573177E-03,0.000000E+00,0.000000E+00,-9.960010E-01
1.714000E+00,-2.979534E-01,3.445638E-03,-1.934000E-01,-2.270084E-02,-3.047925E-01,3.346635E-03,-1.936557E-01,-2.808820E-03,0.000000E+00,0.000000E+00,-8.293566E-01
1.715000E+00,-2.981462E-01,3.416811E-03,-1.927388E-01,-2.882669E-02,-3.049853E-01,3.327410E-03,-1.928260E-01,-1.922570E-02,0.000000E+00,0.000000E+00,-7.489280E-01
1.716000E+00,-2.983375E-01,3.391974E-03,-1.913057E-01,-2.483699E-02,-3.051763E-01,3.280031E-03,-1.909790E-01,-4.737877E-02,0.000000E+00,0.000000E+00,-9.377778E-01
1.717000E+00,-2.985289E-01,3.380387E-03,-1.914462E-01,-1.158700E-02,-3.053676E-01,3.262869E-03,-1.913448E-01,-1.716189E-02,0.000000E+00,0.000000E+00,-9.844857E-01
1.718000E+00,-2.987239E-01,3.366587E-03,-1.949370E-01,-1.379975E-02,-3.055628E-01,3.261842E-03,-1.951621E-01,-1.027301E-03,0.000000E+00,0.000000E+00,-8.774759E-01
1.719000E+00,-2.989242E-01,3.355508E-03,-2.003206E-01,-1.107912E-02,-3.057634E-01,3.266234E-03,-2.005644E-01,4.392068E-03,0.000000E+00,0.000000E+00,-7.478600E-01
1.720000E+00,-2.991297E-01,3.345229E-03,-2.054893E-01,-1.027924E-02,-3.059691E-01,3.277666E-03,-2.057754E-01,1.143247E-02,0.000000E+00,0.000000E+00,-5.659694E-01
1.721000E+00,-2.993364E-01,3.327985E-03,-2.067206E-01,-1.724423E-02,-3.061761E-01,3.282870E-03,-2.069476E-01,5.204186E-03,0.000000E+00,0.000000E+00,-3.779148E-01
1.722000E+00,-2.995433E-01,3.302863E-03,-2.069181E-01,-2.512150E-02,-3.063831E-01,3.275919E-03,-2.070525E-01,-6.950943E-03,0.000000E+00,0.000000E+00,-2.257012E-01
1.723000E+00,-2.997509E-01,3.277767E-03,-2.075709E-01,-2.509674E-02,-3.065907E-01,3.248677E-03,-2.075986E-01,-2.724268E-02,0.000000E+00,0.000000E+00,-2.436760E-01
1.724000E+00,-2.999633E-01,3.279576E-03,-2.124149E-01,1.809458E-03,-3.068031E-01,3.240237E-03,-2.123896E-01,-8.439676E-03,0.000000E+00,0.000000E+00,-3.295293E-01
1.725000E+00,-3.001828E-01,3.287753E-03,-2.195262E-01,8.177012E-03,-3.070227E-01,3.261209E-03,-2.196114E-01,2.097218E-02,0.000000E+00,0.000000E+00,-2.223470E-01
1.726000E+00,-3.004062E-01,3.292641E-03,-2.233731E-01,4.887812E-03,-3.072462E-01,3.289471E-03,-2.234361E-01,2.826147E-02,0.000000E+00,0.000000E+00,-2.655480E-02
1.727000E+00,-3.006313E-01,3.289828E-03,-2.250657E-01,-2.812636E-03,-3.074712E-01,3.313877E-03,-2.250210E-01,2.440667E-02,0.000000E+00,0.000000E+00,2.014503E-01
1.728000E+00,-3.008570E-01,3.275925E-03,-2.257581E-01,-1.390289E-02,-3.076968E-01,3.328660E-03,-2.255852E-01,1.478245E-02,0.000000E+00,0.000000E+00,4.417400E-01
1.729000E+00,-3.010832E-01,3.254774E-03,-2.261913E-01,-2.115178E-02,-3.079228E-01,3.330329E-03,-2.259628E-01,1.668648E-03,0.000000E+00,0.000000E+00,6.329073E-01
1.730000E+00,-3.013096E-01,3.227136E-03,-2.264069E-01,-2.763771E-02,-3.081490E-01,3.318476E-03,-2.262000E-01,-1.185232E-02,0.000000E+00,0.000000E+00,7.651468E-01
1.731000E+00,-3.015360E-01,3.191220E-03,-2.263665E-01,-3.591559E-02,-3.083751E-01,3.295527E-03,-2.261647E-01,-2.294970E-02,0.000000E+00,0.000000E+00,8.737705E-01
1.732000E+00,-3.017623E-01,3.147364E-03,-2.263123E-01,-4.385661E-02,-3.086013E-01,3.261217E-03,-2.261415E-01,-3.430961E-02,0.000000E+00,0.000000E+00,9.537552E-01
1.733000E+00,-3.019884E-01,3.120409E-03,-2.261623E-01,-2.695452E-02,-3.088273E-01,3.237584E-03,-2.260776E-01,-2.363307E-02,0.000000E+00,0.000000E+00,9.815860E-01
1.734000E+00,-3.022114E-01,3.152382E-03,-2.229226E-01,3.197277E-02,-3.090505E-01,3.249775E-03,-2.232000E-01,1.219106E-02,0.000000E+00,0.000000E+00,8.158639E-01
1.735000E+00,-3.024323E-01,3.195940E-03,-2.209729E-01,4.355792E-02,-3.092718E-01,3.265830E-03,-2.212850E-01,1.605555E-02,0.000000E+00,0.000000E+00,5.854681E-01
1.736000E+00,-3.026514E-01,3.238994E-03,-2.190128E-01,4.305383E-02,-3.094911E-01,3.281305E-03,-2.192305E-01,1.547487E-02,0.000000E+00,0.000000E+00,3.544377E-01
1.737000E+00,-3.028688E-01,3.276376E-03,-2.174338E-01,3.738229E-02,-3.097086E-01,3.296214E-03,-2.175404E-01,1.490863E-02,0.000000E+00,0.000000E+00,1.661785E-01
1.738000E+00,-3.030860E-01,3.305759E-03,-2.172511E-01,2.938331E-02,-3.099259E-01,3.303572E-03,-2.172880E-01,7.357673E-03,0.000000E+00,0.000000E+00,-1.832562E-02
1.739000E+00,-3.033034E-01,3.325452E-03,-2.173492E-01,1.969311E-02,-3.101432E-01,3.301317E-03,-2.173176E-01,-2.254833E-03,0.000000E+00,0.000000E+00,-2.021787E-01
1.740000E+00,-3.035203E-01,3.323094E-03,-2.169198E-01,-2.358384E-03,-3.103601E-01,3.295999E-03,-2.168855E-01,-5.318157E-03,0.000000E+00,0.000000E+00,-2.269729E-01
1.741000E+00,-3.037368E-01,3.306456E-03,-2.165055E-01,-1.663820E-02,-3.105765E-01,3.280159E-03,-2.164473E-01,-1.584000E-02,0.000000E+00,0.000000E+00,-2.202885E-01
1.742000E+00,-3.039523E-01,3.289251E-03,-2.154471E-01,-1.720457E-02,-3.107919E-01,3.261613E-03,-2.153254E-01,-1.854596E-02,0.000000E+00,0.000000E+00,-2.315292E-01
1.743000E+00,-3.041690E-01,3.266841E-03,-2.167760E-01,-2.241061E-02,-3.110085E-01,3.240750E-03,-2.166162E-01,-2.086266E-02,0.000000E+00,0.000000E+00,-2.185672E-01
1.744000E+00,-3.043875E-01,3.237443E-03,-2.184594E-01,-2.939769E-02,-3.112267E-01,3.216997E-03,-2.182567E-01,-2.375322E-02,0.000000E+00,0.000000E+00,-1.712875E-01
1.745000E+00,-3.046051E-01,3.186708E-03,-2.175761E-01,-5.073542E-02,-3.114440E-01,3.189834E-03,-2.172662E-01,-2.716280E-02,0.000000E+00,0.000000E+00,2.619319E-02
1.746000E+00,-3.048188E-01,3.119550E-03,-2.136907E-01,-6.715710E-02,-3.116569E-01,3.148424E-03,-2.129249E-01,-4.140970E-02,0.000000E+00,0.000000E+00,2.419280E-01
1.747000E+00,-3.050260E-01,3.080744E-03,-2.072130E-01,-3.880623E-02,-3.118632E-01,3.108269E-03,-2.062534E-01,-4.015489E-02,0.000000E+00,0.000000E+00,2.306604E-01
1.748000E+00,-3.052232E-01,3.105537E-03,-1.972562E-01,2.479259E-02,-3.120595E-01,3.112117E-03,-1.963174E-01,3.847915E-03,0.000000E+00,0.000000E+00,5.515252E-02
1.749000E+00,-3.054196E-01,3.142399E-03,-1.963417E-01,3.686236E-02,-3.122549E-01,3.147551E-03,-1.954243E-01,3.543321E-02,0.000000E+00,0.000000E+00,4.318046E-02
1.750000E+00,-3.056164E-01,3.179807E-03,-1.968640E-01,3.740749E-02,-3.124509E-01,3.189296E-03,-1.959915E-01,4.174548E-02,0.000000E+00,0.000000E+00,7.955282E-02
1.751000E+00,-3.058158E-01,3.215537E-03,-1.993826E-01,3.573040E-02,-3.126494E-01,3.228972E-03,-1.984758E-01,3.967563E-02,0.000000E+00,0.000000E+00,1.126420E-01
1.752000E+00,-3.060190E-01,3.250806E-03,-2.032019E-01,3.526923E-02,-3.128516E-01,3.268126E-03,-2.022180E-01,3.915408E-02,0.000000E+00,0.000000E+00,1.452351E-01
1.753000E+00,-3.062267E-01,3.286666E-03,-2.077153E-01,3.586018E-02,-3.130582E-01,3.310069E-03,-2.066165E-01,4.194302E-02,0.000000E+00,0.000000E+00,1.962750E-01
1.754000E+00,-3.064379E-01,3.328025E-03,-2.111772E-01,4.135839E-02,-3.132683E-01,3.341842E-03,-2.101053E-01,3.177335E-02,0.000000E+00,0.000000E+00,1.159037E-01
1.755000E+00,-3.066496E-01,3.363452E-03,-2.117100E-01,3.542721E-02,-3.134789E-01,3.362595E-03,-2.105304E-01,2.075246E-02,0.000000E+00,0.000000E+00,-7.194232E-03
1.756000E+00,-3.068612E-01,3.390374E-03,-2.116101E-01,2.692180E-02,-3.136892E-01,3.370920E-03,-2.103248E-01,8.325739E-03,0.000000E+00,0.000000E+00,-1.632416E-01
1.757000E+00,-3.070726E-01,3.409209E-03,-2.113966E-01,1.883529E-02,-3.138992E-01,3.366221E-03,-2.099803E-01,-4.699012E-03,0.000000E+00,0.000000E+00,-3.607971E-01
1.758000E+00,-3.072837E-01,3.420320E-03,-2.110319E-01,1.111040E-02,-3.141086E-01,3.348116E-03,-2.094469E-01,-1.810488E-02,0.000000E+00,0.000000E+00,-6.061272E-01
1.759000E+00,-3.074942E-01,3.423934E-03,-2.105111E-01,3.613980E-03,-3.143173E-01,3.316663E-03,-2.087087E-01,-3.145343E-02,0.000000E+00,0.000000E+00,-9.007065E-01
1.760000E+00,-3.077095E-01,3.427125E-03,-2.153303E-01,3.191157E-03,-3.145307E-01,3.300160E-03,-2.133823E-01,-1.650330E-02,0.000000E+00,0.000000E+00,-1.066342E+00
1.761000E+00,-3.079249E-01,3.423169E-03,-2.153608E-01,-3.955988E-03,-3.147440E-01,3.275458E-03,-2.133164E-01,-2.470127E-02,0.000000E+00,0.000000E+00,-1.240897E+00
1.762000E+00,-3.081396E-01,3.410536E-03,-2.147478E-01,-1.263289E-02,-3.149567E-01,3.240726E-03,-2.126445E-01,-3.473253E-02,0.000000E+00,0.000000E+00,-1.426921E+00
1.763000E+00,-3.083493E-01,3.394781E-03,-2.097182E-01,-1.575446E-02,-3.151651E-01,3.220170E-03,-2.084132E-01,-2.055630E-02,0.000000E+00,0.000000E+00,-1.467535E+00
1.764000E+00,-3.085549E-01,3.373869E-03,-2.055931E-01,-2.091230E-02,-3.153701E-01,3.209156E-03,-2.050263E-01,-1.101364E-02,0.000000E+00,0.000000E+00,-1.384489E+00
1.765000E+00,-3.087581E-01,3.344784E-03,-2.032081E-01,-2.908534E-02,-3.155732E-01,3.198330E-03,-2.030688E-01,-1.082638E-02,0.000000E+00,0.000000E+00,-1.231090E+00
1.766000E+00,-3.089557E-01,3.306478E-03,-1.975164E-01,-3.830566E-02,-3.157706E-01,3.198389E-03,-1.974749E-01,5.914037E-05,0.000000E+00,0.000000E+00,-9.086655E-01
1.767000E+00,-3.091443E-01,3.303801E-03,-1.886429E-01,-2.676627E-03,-3.159592E-01,3.213233E-03,-1.885905E-01,1.484466E-02,0.000000E+00,0.000000E+00,-7.613957E-01
1.768000E+00,-3.093323E-01,3.313486E-03,-1.879961E-01,9.684416E-03,-3.161474E-01,3.229294E-03,-1.881294E-01,1.606077E-02,0.000000E+00,0.000000E+00,-7.077822E-01
1.769000E+00,-3.095227E-01,3.321768E-03,-1.904334E-01,8.281671E-03,-3.163382E-01,3.245154E-03,-1.908268E-01,1.586001E-02,0.000000E+00,0.000000E+00,-6.440412E-01
1.770000E+00,-3.097129E-01,3.315781E-03,-1.901484E-01,-5.986500E-03,-3.165291E-01,3.253774E-03,-1.908873E-01,8.619647E-03,0.000000E+00,0.000000E+00,-5.212074E-01
1.771000E+00,-3.099031E-01,3.307264E-03,-1.902202E-01,-8.517409E-03,-3.167202E-01,3.243583E-03,-1.910947E-01,-1.019029E-02,0.000000E+00,0.000000E+00,-5.351995E-01
1.772000E+00,-3.100943E-01,3.304560E-03,-1.912010E-01,-2.703950E-03,-3.169124E-01,3.204226E-03,-1.922154E-01,-3.935703E-02,0.000000E+00,0.000000E+00,-8.430885E-01
1.773000E+00,-3.102851E-01,3.294594E-03,-1.907753E-01,-9.965871E-03,-3.171039E-01,3.153320E-03,-1.915153E-01,-5.090674E-02,0.000000E+00,0.000000E+00,-1.186897E+00
1.774000E+00,-3.104883E-01,3.306647E-03,-2.032730E-01,1.205332E-02,-3.173075E-01,3.156837E-03,-2.036400E-01,3.517062E-03,0.000000E+00,0.000000E+00,-1.258523E+00
1.775000E+00,-3.106973E-01,3.321989E-03,-2.089806E-01,1.534182E-02,-3.175169E-01,3.178349E-03,-2.093296E-01,2.151211E-02,0.000000E+00,0.000000E+00,-1.206642E+00
1.776000E+00,-3.109079E-01,3.328694E-03,-2.105315E-01,6.705360E-03,-3.177279E-01,3.199795E-03,-2.109889E-01,2.144611E-02,0.000000E+00,0.000000E+00,-1.082771E+00
1.777000E+00,-3.111201E-01,3.325381E-03,-2.122583E-01,-3.313417E-03,-3.179407E-01,3.220922E-03,-2.128208E-01,2.112749E-02,0.000000E+00,0.000000E+00,-8.774281E-01
1.778000E+00,-3.113348E-01,3.311866E-03,-2.146706E-01,-1.351437E-02,-3.181560E-01,3.244561E-03,-2.152903E-01,2.363859E-02,0.000000E+00,0.000000E+00,-5.653257E-01
1.779000E+00,-3.115521E-01,3.291224E-03,-2.173678E-01,-2.064238E-02,-3.183737E-01,3.270705E-03,-2.177231E-01,2.614439E-02,0.000000E+00,0.000000E+00,-1.723406E-01
1.780000E+00,-3.117716E-01,3.264003E-03,-2.194834E-01,-2.722084E-02,-3.185931E-01,3.295835E-03,-2.193872E-01,2.512994E-02,0.000000E+00,0.000000E+00,2.673676E-01
1.781000E+00,-3.119916E-01,3.241796E-03,-2.199924E-01,-2.220742E-02,-3.188128E-01,3.294777E-03,-2.196964E-01,-1.058620E-03,0.000000E+00,0.000000E+00,4.450163E-01
1.782000E+00,-3.122108E-01,3.216860E-03,-2.191792E-01,-2.493569E-02,-3.190316E-01,3.274909E-03,-2.188653E-01,-1.986798E-02,0.000000E+00,0.000000E+00,4.876033E-01
1.783000E+00,-3.124286E-01,3.187986E-03,-2.177565E-01,-2.887446E-02,-3.192491E-01,3.237000E-03,-2.174677E-01,-3.790866E-02,0.000000E+00,0.000000E+00,4.117371E-01
1.784000E+00,-3.126475E-01,3.156385E-03,-2.189661E-01,-3.160114E-02,-3.194676E-01,3.208760E-03,-2.184582E-01,-2.824030E-02,0.000000E+00,0.000000E+00,4.400010E-01
1.785000E+00,-3.128674E-01,3.153416E-03,-2.198577E-01,-2.968582E-03,-3.196865E-01,3.218599E-03,-2.189163E-01,9.839411E-03,0.000000E+00,0.000000E+00,5.476697E-01
1.786000E+00,-3.130844E-01,3.186847E-03,-2.170148E-01,3.343095E-02,-3.199028E-01,3.230667E-03,-2.162915E-01,1.206763E-02,0.000000E+00,0.000000E+00,3.682203E-01
1.787000E+00,-3.133002E-01,3.223002E-03,-2.157810E-01,3.615503E-02,-3.201179E-01,3.241692E-03,-2.150898E-01,1.102528E-02,0.000000E+00,0.000000E+00,1.570720E-01
1.788000E+00,-3.135145E-01,3.257974E-03,-2.142790E-01,3.497196E-02,-3.203314E-01,3.246911E-03,-2.135708E-01,5.218734E-03,0.000000E+00,0.000000E+00,-9.298315E-02
1.789000E+00,-3.137272E-01,3.294159E-03,-2.127230E-01,3.618502E-02,-3.205431E-01,3.240199E-03,-2.117018E-01,-6.711973E-03,0.000000E+00,0.000000E+00,-4.535853E-01
1.790000E+00,-3.139395E-01,3.317520E-03,-2.123062E-01,2.336139E-02,-3.207539E-01,3.235333E-03,-2.107897E-01,-4.865563E-03,0.000000E+00,0.000000E+00,-6.909944E-01
1.791000E+00,-3.141508E-01,3.327907E-03,-2.113459E-01,1.038688E-02,-3.209637E-01,3.226087E-03,-2.098104E-01,-9.246442E-03,0.000000E+00,0.000000E+00,-8.562340E-01
1.792000E+00,-3.143613E-01,3.327249E-03,-2.104412E-01,-6.581676E-04,-3.211728E-01,3.208373E-03,-2.090925E-01,-1.771366E-02,0.000000E+00,0.000000E+00,-9.998292E-01
1.793000E+00,-3.145711E-01,3.314950E-03,-2.098359E-01,-1.229865E-02,-3.213816E-01,3.182681E-03,-2.087560E-01,-2.569227E-02,0.000000E+00,0.000000E+00,-1.112628E+00
1.794000E+00,-3.147803E-01,3.292804E-03,-2.092177E-01,-2.214681E-02,-3.215899E-01,3.147902E-03,-2.083088E-01,-3.477930E-02,0.000000E+00,0.000000E+00,-1.219023E+00
1.795000E+00,-3.149889E-01,3.262420E-03,-2.085777E-01,-3.038382E-02,-3.217976E-01,3.102749E-03,-2.077172E-01,-4.515279E-02,0.000000E+00,0.000000E+00,-1.343397E+00
1.796000E+00,-3.151970E-01,3.223962E-03,-2.080515E-01,-3.845774E-02,-3.220048E-01,3.047168E-03,-2.072035E-01,-5.558052E-02,0.000000E+00,0.000000E+00,-1.487583E+00
1.797000E+00,-3.154016E-01,3.172156E-03,-2.046824E-01,-5.180617E-02,-3.222096E-01,3.011887E-03,-2.048163E-01,-3.528134E-02,0.000000E+00,0.000000E+00,-1.348567E+00
1.798000E+00,-3.155963E-01,3.167225E-03,-1.946577E-01,-4.930361E-03,-3.224048E-01,3.045202E-03,-1.951242E-01,3.331481E-02,0.000000E+00,0.000000E+00,-1.026766E+00
1.799000E+00,-3.157873E-01,3.187369E-03,-1.910148E-01,2.014309E-02,-3.225957E-01,3.095324E-03,-1.909425E-01,5.012256E-02,0.000000E+00,0.000000E+00,-7.745481E-01
1.800000E+00,-3.159784E-01,3.211472E-03,-1.910899E-01,2.410331E-02,-3.227867E-01,3.143135E-03,-1.910020E-01,4.781049E-02,0.000000E+00,0.000000E+00,-5.750762E-01
1.801000E+00,-3.161711E-01,3.233577E-03,-1.927353E-01,2.210512E-02,-3.229794E-01,3.190929E-03,-1.926737E-01,4.779408E-02,0.000000E+00,0.000000E+00,-3.589065E-01
1.802000E+00,-3.163670E-01,3.251582E-03,-1.958998E-01,1.800548E-02,-3.231751E-01,3.239215E-03,-1.957504E-01,4.828619E-02,0.000000E+00,0.000000E+00,-1.040811E-01
1.803000E+00,-3.165674E-01,3.268609E-03,-2.003839E-01,1.702678E-02,-3.233752E-01,3.291189E-03,-2.000641E-01,5.197427E-02,0.000000E+00,0.000000E+00,1.900397E-01
1.804000E+00,-3.167719E-01,3.288194E-03,-2.044759E-01,1.958490E-02,-3.235791E-01,3.341247E-03,-2.039568E-01,5.005712E-02,0.000000E+00,0.000000E+00,4.465269E-01
1.805000E+00,-3.169771E-01,3.303532E-03,-2.051730E-01,1.533768E-02,-3.237839E-01,3.376067E-03,-2.047571E-01,3.482045E-02,0.000000E+00,0.000000E+00,6.105343E-01
1.806000E+00,-3.171821E-01,3.309848E-03,-2.050776E-01,6.316555E-03,-3.239886E-01,3.398487E-03,-2.046688E-01,2.242041E-02,0.000000E+00,0.000000E+00,7.461126E-01
1.807000E+00,-3.173870E-01,3.307547E-03,-2.048154E-01,-2.301531E-03,-3.241930E-01,3.407854E-03,-2.044792E-01,9.366530E-03,0.000000E+00,0.000000E+00,8.443560E-01
1.808000E+00,-3.175913E-01,3.297027E-03,-2.043141E-01,-1.052004E-02,-3.243972E-01,3.403712E-03,-2.041271E-01,-4.141568E-03,0.000000E+00,0.000000E+00,8.980642E-01
1.809000E+00,-3.177948E-01,3.278641E-03,-2.035321E-01,-1.838534E-02,-3.246007E-01,3.386033E-03,-2.035652E-01,-1.767960E-02,0.000000E+00,0.000000E+00,9.039996E-01
1.810000E+00,-3.180030E-01,3.282951E-03,-2.082147E-01,4.309680E-03,-3.248090E-01,3.363805E-03,-2.082176E-01,-2.222784E-02,0.000000E+00,0.000000E+00,6.806360E-01
1.811000E+00,-3.182111E-01,3.286067E-03,-2.080263E-01,3.115333E-03,-3.250171E-01,3.331737E-03,-2.081042E-01,-3.206838E-02,0.000000E+00,0.000000E+00,3.844636E-01
1.812000E+00,-3.184163E-01,3.289465E-03,-2.052893E-01,3.398304E-03,-3.252226E-01,3.291606E-03,-2.055528E-01,-4.013013E-02,0.000000E+00,0.000000E+00,1.802859E-02
1.813000E+00,-3.186203E-01,3.286884E-03,-2.039328E-01,-2.580452E-03,-3.254268E-01,3.243319E-03,-2.041638E-01,-4.828727E-02,0.000000E+00,0.000000E+00,-3.667177E-01
1.814000E+00,-3.188221E-01,3.281421E-03,-2.018408E-01,-5.462863E-03,-3.256288E-01,3.188568E-03,-2.020430E-01,-5.475113E-02,0.000000E+00,0.000000E+00,-7.815496E-01
1.815000E+00,-3.190176E-01,3.275902E-03,-1.954546E-01,-5.519333E-03,-3.258247E-01,3.145820E-03,-1.958815E-01,-4.274770E-02,0.000000E+00,0.000000E+00,-1.094768E+00
1.816000E+00,-3.192050E-01,3.253759E-03,-1.874229E-01,-2.214282E-02,-3.260133E-01,3.135825E-03,-1.885916E-01,-9.995008E-03,0.000000E+00,0.000000E+00,-9.923829E-01
1.817000E+00,-3.193887E-01,3.230115E-03,-1.837474E-01,-2.364432E-02,-3.261978E-01,3.114828E-03,-1.845204E-01,-2.099762E-02,0.000000E+00,0.000000E+00,-9.700058E-01
1.818000E+00,-3.195715E-01,3.198004E-03,-1.827358E-01,-3.211126E-02,-3.263814E-01,3.083842E-03,-1.836161E-01,-3.098613E-02,0.000000E+00,0.000000E+00,-9.604168E-01
1.819000E+00,-3.197541E-01,3.156302E-03,-1.826537E-01,-4.170200E-02,-3.265653E-01,3.045223E-03,-1.838198E-01,-3.861855E-02,0.000000E+00,0.000000E+00,-9.343212E-01
1.820000E+00,-3.199363E-01,3.107813E-03,-1.821496E-01,-4.848897E-02,-3.267486E-01,2.994347E-03,-1.833973E-01,-5.087615E-02,0.000000E+00,0.000000E+00,-9.542221E-01
1.821000E+00,-3.201178E-01,3.051297E-03,-1.815386E-01,-5.651576E-02,-3.269315E-01,2.932895E-03,-1.828230E-01,-6.145185E-02,0.000000E+00,0.000000E+00,-9.955377E-01
1.822000E+00,-3.202952E-01,3.015272E-03,-1.773668E-01,-3.602459E-02,-3.271099E-01,2.894989E-03,-1.784486E-01,-3.790611E-02,0.000000E+00,0.000000E+00,-1.011194E+00
1.823000E+00,-3.204661E-01,3.040951E-03,-1.708737E-01,2.567884E-02,-3.272814E-01,2.923600E-03,-1.714410E-01,2.861091E-02,0.000000E+00,0.000000E+00,-9.864675E-01
1.824000E+00,-3.206379E-01,3.083447E-03,-1.718144E-01,4.249570E-02,-3.274536E-01,2.966942E-03,-1.722498E-01,4.334192E-02,0.000000E+00,0.000000E+00,-9.792930E-01
1.825000E+00,-3.208083E-01,3.137099E-03,-1.704307E-01,5.365157E-02,-3.276244E-01,3.020492E-03,-1.707630E-01,5.355020E-02,0.000000E+00,0.000000E+00,-9.800971E-01
1.826000E+00,-3.209795E-01,3.189559E-03,-1.711779E-01,5.246027E-02,-3.277960E-01,3.081809E-03,-1.715846E-01,6.131678E-02,0.000000E+00,0.000000E+00,-9.056155E-01
1.827000E+00,-3.211542E-01,3.241239E-03,-1.746718E-01,5.167984E-02,-3.279710E-01,3.142087E-03,-1.750565E-01,6.027854E-02,0.000000E+00,0.000000E+00,-8.333090E-01
1.828000E+00,-3.213335E-01,3.293582E-03,-1.793020E-01,5.234356E-02,-3.281507E-01,3.205520E-03,-1.796843E-01,6.343228E-02,0.000000E+00,0.000000E+00,-7.400843E-01
1.829000E+00,-3.215174E-01,3.342229E-03,-1.839612E-01,4.864655E-02,-3.283351E-01,3.277195E-03,-1.843822E-01,7.167585E-02,0.000000E+00,0.000000E+00,-5.465246E-01
1.830000E+00,-3.217040E-01,3.379265E-03,-1.866154E-01,3.703655E-02,-3.285221E-01,3.352306E-03,-1.870621E-01,7.511091E-02,0.000000E+00,0.000000E+00,-2.265477E-01
1.831000E+00,-3.218907E-01,3.407410E-03,-1.866691E-01,2.814442E-02,-3.287090E-01,3.415086E-03,-1.869049E-01,6.277921E-02,0.000000E+00,0.000000E+00,6.450117E-02
1.832000E+00,-3.220773E-01,3.427091E-03,-1.865650E-01,1.968108E-02,-3.288957E-01,3.464815E-03,-1.866700E-01,4.972979E-02,0.000000E+00,0.000000E+00,3.169976E-01
1.833000E+00,-3.222635E-01,3.438781E-03,-1.862225E-01,1.169053E-02,-3.290820E-01,3.501003E-03,-1.862998E-01,3.618784E-02,0.000000E+00,0.000000E+00,5.228324E-01
1.834000E+00,-3.224491E-01,3.442940E-03,-1.856144E-01,4.158960E-03,-3.292678E-01,3.523597E-03,-1.857670E-01,2.259418E-02,0.000000E+00,0.000000E+00,6.777103E-01
1.835000E+00,-3.226339E-01,3.439843E-03,-1.848091E-01,-3.097646E-03,-3.294529E-01,3.533157E-03,-1.851088E-01,9.559777E-03,0.000000E+00,0.000000E+00,7.840159E-01
1.836000E+00,-3.228179E-01,3.429377E-03,-1.839474E-01,-1.046587E-02,-3.296373E-01,3.530805E-03,-1.844137E-01,-2.351791E-03,0.000000E+00,0.000000E+00,8.521214E-01
1.837000E+00,-3.230010E-01,3.410989E-03,-1.831535E-01,-1.838763E-02,-3.298211E-01,3.517940E-03,-1.837604E-01,-1.286536E-02,0.000000E+00,0.000000E+00,8.984278E-01
1.838000E+00,-3.231835E-01,3.383809E-03,-1.824662E-01,-2.717995E-02,-3.300042E-01,3.495905E-03,-1.831677E-01,-2.203538E-02,0.000000E+00,0.000000E+00,9.415397E-01
1.839000E+00,-3.233653E-01,3.346839E-03,-1.818478E-01,-3.697064E-02,-3.301868E-01,3.465767E-03,-1.825992E-01,-3.013748E-02,0.000000E+00,0.000000E+00,9.988132E-01
1.840000E+00,-3.235466E-01,3.299141E-03,-1.812406E-01,-4.769740E-02,-3.303688E-01,3.428163E-03,-1.820042E-01,-3.760398E-02,0.000000E+00,0.000000E+00,1.083441E+00
1.841000E+00,-3.237231E-01,3.260133E-03,-1.764907E-01,-3.900827E-02,-3.305465E-01,3.377974E-03,-1.776848E-01,-5.018895E-02,0.000000E+00,0.000000E+00,9.893999E-01
1.842000E+00,-3.238918E-01,3.254843E-03,-1.687704E-01,-5.290218E-03,-3.307170E-01,3.308981E-03,-1.704984E-01,-6.899329E-02,0.000000E+00,0.000000E+00,4.544671E-01
1.843000E+00,-3.240604E-01,3.266489E-03,-1.685680E-01,1.164633E-02,-3.308867E-01,3.251618E-03,-1.697138E-01,-5.736272E-02,0.000000E+00,0.000000E+00,-1.248156E-01
1.844000E+00,-3.242294E-01,3.310896E-03,-1.690212E-01,4.440743E-02,-3.310565E-01,3.248083E-03,-1.697431E-01,-3.535607E-03,0.000000E+00,0.000000E+00,-5.271472E-01
1.845000E+00,-3.244046E-01,3.358767E-03,-1.752309E-01,4.787101E-02,-3.312324E-01,3.267897E-03,-1.758742E-01,1.981427E-02,0.000000E+00,0.000000E+00,-7.625099E-01
1.846000E+00,-3.245848E-01,3.385562E-03,-1.801137E-01,2.679449E-02,-3.314138E-01,3.309114E-03,-1.814461E-01,4.121712E-02,0.000000E+00,0.000000E+00,-6.413732E-01
1.847000E+00,-3.247659E-01,3.390954E-03,-1.811439E-01,5.391957E-03,-3.315967E-01,3.349784E-03,-1.828540E-01,4.066992E-02,0.000000E+00,0.000000E+00,-3.453265E-01
1.848000E+00,-3.249472E-01,3.385871E-03,-1.812673E-01,-5.083181E-03,-3.317794E-01,3.380842E-03,-1.827942E-01,3.105820E-02,0.000000E+00,0.000000E+00,-4.217028E-02
1.849000E+00,-3.251283E-01,3.374140E-03,-1.811115E-01,-1.173079E-02,-3.319618E-01,3.399497E-03,-1.823830E-01,1.865477E-02,0.000000E+00,0.000000E+00,2.126039E-01
1.850000E+00,-3.253093E-01,3.355916E-03,-1.809862E-01,-1.822355E-02,-3.321439E-01,3.405595E-03,-1.820648E-01,6.098453E-03,0.000000E+00,0.000000E+00,4.164592E-01
1.851000E+00,-3.254901E-01,3.331024E-03,-1.808733E-01,-2.489276E-02,-3.323257E-01,3.399059E-03,-1.818120E-01,-6.536020E-03,0.000000E+00,0.000000E+00,5.702570E-01
1.852000E+00,-3.256709E-01,3.299150E-03,-1.807221E-01,-3.187378E-02,-3.325073E-01,3.379971E-03,-1.815603E-01,-1.908849E-02,0.000000E+00,0.000000E+00,6.773276E-01
1.853000E+00,-3.258514E-01,3.259967E-03,-1.805375E-01,-3.918257E-02,-3.326886E-01,3.348702E-03,-1.812940E-01,-3.126860E-02,0.000000E+00,0.000000E+00,7.435620E-01
1.854000E+00,-3.260318E-01,3.213063E-03,-1.803890E-01,-4.690470E-02,-3.328696E-01,3.305893E-03,-1.810596E-01,-4.280970E-02,0.000000E+00,0.000000E+00,7.777960E-01
1.855000E+00,-3.262121E-01,3.157830E-03,-1.803307E-01,-5.523216E-02,-3.330505E-01,3.252294E-03,-1.808967E-01,-5.359812E-02,0.000000E+00,0.000000E+00,7.914200E-01
1.856000E+00,-3.263925E-01,3.093503E-03,-1.803587E-01,-6.432709E-02,-3.332313E-01,3.188640E-03,-1.807973E-01,-6.365403E-02,0.000000E+00,0.000000E+00,7.970071E-01
1.857000E+00,-3.265729E-01,3.019291E-03,-1.804416E-01,-7.421197E-02,-3.334120E-01,3.115570E-03,-1.807323E-01,-7.307073E-02,0.000000E+00,0.000000E+00,8.065322E-01
1.858000E+00,-3.267470E-01,2.944085E-03,-1.741089E-01,-7.520650E-02,-3.335859E-01,3.069864E-03,-1.738116E-01,-4.570562E-02,0.000000E+00,0.000000E+00,1.053660E+00
1.859000E+00,-3.269093E-01,2.914088E-03,-1.622225E-01,-2.999654E-02,-3.337480E-01,3.046921E-03,-1.620961E-01,-2.294296E-02,0.000000E+00,0.000000E+00,1.112755E+00
1.860000E+00,-3.270605E-01,2.942671E-03,-1.512295E-01,2.858235E-02,-3.338997E-01,3.044345E-03,-1.517090E-01,-2.575602E-03,0.000000E+00,0.000000E+00,8.517258E-01
1.861000E+00,-3.272093E-01,2.991308E-03,-1.487945E-01,4.863726E-02,-3.340489E-01,3.053754E-03,-1.491880E-01,9.408645E-03,0.000000E+00,0.000000E+00,5.231031E-01
1.862000E+00,-3.273585E-01,3.047164E-03,-1.491850E-01,5.585580E-02,-3.341982E-01,3.069332E-03,-1.493370E-01,1.557780E-02,0.000000E+00,0.000000E+00,1.857001E-01
1.863000E+00,-3.275094E-01,3.111515E-03,-1.509581E-01,6.435081E-02,-3.343490E-01,3.085405E-03,-1.508348E-01,1.607266E-02,0.000000E+00,0.000000E+00,-2.187239E-01
1.864000E+00,-3.276623E-01,3.182945E-03,-1.529277E-01,7.142999E-02,-3.345015E-01,3.104268E-03,-1.524268E-01,1.886295E-02,0.000000E+00,0.000000E+00,-6.591015E-01
1.865000E+00,-3.278157E-01,3.256462E-03,-1.533213E-01,7.351730E-02,-3.346536E-01,3.115939E-03,-1.521852E-01,1.167100E-02,0.000000E+00,0.000000E+00,-1.177289E+00
1.866000E+00,-3.279702E-01,3.333108E-03,-1.545664E-01,7.664595E-02,-3.348064E-01,3.128207E-03,-1.527926E-01,1.226814E-02,0.000000E+00,0.000000E+00,-1.716812E+00
1.867000E+00,-3.281271E-01,3.410276E-03,-1.568795E-01,7.716779E-02,-3.349608E-01,3.136148E-03,-1.543335E-01,7.941559E-03,0.000000E+00,0.000000E+00,-2.297152E+00
1.868000E+00,-3.282847E-01,3.478544E-03,-1.575743E-01,6.826824E-02,-3.351150E-01,3.133345E-03,-1.542269E-01,-2.802878E-03,0.000000E+00,0.000000E+00,-2.893226E+00
1.869000E+00,-3.284431E-01,3.538197E-03,-1.583747E-01,5.965314E-02,-3.352691E-01,3.119483E-03,-1.541302E-01,-1.386232E-02,0.000000E+00,0.000000E+00,-3.510156E+00
1.870000E+00,-3.286023E-01,3.589108E-03,-1.592403E-01,5.091077E-02,-3.354231E-01,3.094475E-03,-1.540224E-01,-2.500820E-02,0.000000E+00,0.000000E+00,-4.147710E+00
1.871000E+00,-3.287624E-01,3.631040E-03,-1.601342E-01,4.193227E-02,-3.355770E-01,3.058326E-03,-1.538809E-01,-3.614923E-02,0.000000E+00,0.000000E+00,-4.803990E+00
1.872000E+00,-3.289197E-01,3.651594E-03,-1.572420E-01,2.055417E-02,-3.357294E-01,3.024619E-03,-1.523437E-01,-3.370616E-02,0.000000E+00,0.000000E+00,-5.260451E+00
1.873000E+00,-3.290681E-01,3.633710E-03,-1.484122E-01,-1.788410E-02,-3.358783E-01,3.013074E-03,-1.489008E-01,-1.154512E-02,0.000000E+00,0.000000E+00,-5.207188E+00
1.874000E+00,-3.292166E-01,3.609364E-03,-1.484683E-01,-2.434644E-02,-3.360308E-01,3.036309E-03,-1.525287E-01,2.323450E-02,0.000000E+00,0.000000E+00,-4.807077E+00
1.875000E+00,-3.293640E-01,3.573637E-03,-1.474151E-01,-3.572676E-02,-3.361845E-01,3.083110E-03,-1.537445E-01,4.680143E-02,0.000000E+00,0.000000E+00,-4.113560E+00
1.876000E+00,-3.295135E-01,3.525655E-03,-1.495191E-01,-4.798156E-02,-3.363405E-01,3.136040E-03,-1.559282E-01,5.293009E-02,0.000000E+00,0.000000E+00,-3.266324E+00
1.877000E+00,-3.296665E-01,3.467081E-03,-1.530110E-01,-5.857412E-02,-3.364991E-01,3.194560E-03,-1.585975E-01,5.851981E-02,0.000000E+00,0.000000E+00,-2.284069E+00
1.878000E+00,-3.298237E-01,3.397635E-03,-1.572196E-01,-6.944655E-02,-3.366603E-01,3.260404E-03,-1.611924E-01,6.584336E-02,0.000000E+00,0.000000E+00,-1.149956E+00
1.879000E+00,-3.299850E-01,3.317701E-03,-1.612620E-01,-7.993369E-02,-3.368228E-01,3.329767E-03,-1.625461E-01,6.936347E-02,0.000000E+00,0.000000E+00,1.011043E-01
1.880000E+00,-3.301477E-01,3.253846E-03,-1.626773E-01,-6.385469E-02,-3.369840E-01,3.392500E-03,-1.611551E-01,6.273310E-02,0.000000E+00,0.000000E+00,1.161915E+00
1.881000E+00,-3.303167E-01,3.248792E-03,-1.690800E-01,-5.054698E-03,-3.371517E-01,3.436792E-03,-1.677366E-01,4.429143E-02,0.000000E+00,0.000000E+00,1.575562E+00
1.882000E+00,-3.304917E-01,3.276313E-03,-1.749952E-01,2.752174E-02,-3.373265E-01,3.462741E-03,-1.748379E-01,2.594987E-02,0.000000E+00,0.000000E+00,1.562432E+00
1.883000E+00,-3.306713E-01,3.327603E-03,-1.795267E-01,5.128924E-02,-3.375069E-01,3.469596E-03,-1.803292E-01,6.854125E-03,0.000000E+00,0.000000E+00,1.190010E+00
1.884000E+00,-3.308518E-01,3.379343E-03,-1.804870E-01,5.174028E-02,-3.376880E-01,3.454661E-03,-1.811460E-01,-1.493446E-02,0.000000E+00,0.000000E+00,6.312292E-01
1.885000E+00,-3.310326E-01,3.424459E-03,-1.808262E-01,4.511571E-02,-3.378688E-01,3.427485E-03,-1.808335E-01,-2.717599E-02,0.000000E+00,0.000000E+00,2.536598E-02
1.886000E+00,-3.312139E-01,3.462921E-03,-1.813422E-01,3.846280E-02,-3.380494E-01,3.387781E-03,-1.805289E-01,-3.970381E-02,0.000000E+00,0.000000E+00,-6.298101E-01
1.887000E+00,-3.313959E-01,3.494163E-03,-1.819871E-01,3.124157E-02,-3.382295E-01,3.335618E-03,-1.801750E-01,-5.216335E-02,0.000000E+00,0.000000E+00,-1.329062E+00
1.888000E+00,-3.315786E-01,3.517195E-03,-1.826827E-01,2.303171E-02,-3.384093E-01,3.271519E-03,-1.797377E-01,-6.409882E-02,0.000000E+00,0.000000E+00,-2.059836E+00
1.889000E+00,-3.317620E-01,3.530827E-03,-1.833668E-01,1.363204E-02,-3.385885E-01,3.196359E-03,-1.792473E-01,-7.516036E-02,0.000000E+00,0.000000E+00,-2.804964E+00
1.890000E+00,-3.319460E-01,3.533896E-03,-1.840069E-01,3.069335E-03,-3.387673E-01,3.111147E-03,-1.787828E-01,-8.521144E-02,0.000000E+00,0.000000E+00,-3.546334E+00
1.891000E+00,-3.321236E-01,3.536653E-03,-1.775940E-01,2.756548E-03,-3.389402E-01,3.053364E-03,-1.729246E-01,-5.778308E-02,0.000000E+00,0.000000E+00,-4.055366E+00
1.892000E+00,-3.322943E-01,3.516457E-03,-1.707605E-01,-2.019557E-02,-3.391095E-01,3.019681E-03,-1.692824E-01,-3.368319E-02,0.000000E+00,0.000000E+00,-4.169050E+00
1.893000E+00,-3.324627E-01,3.477529E-03,-1.683687E-01,-3.892812E-02,-3.392780E-01,2.989114E-03,-1.685154E-01,-3.056671E-02,0.000000E+00,0.000000E+00,-4.099033E+00
1.894000E+00,-3.326313E-01,3.422912E-03,-1.685750E-01,-5.461726E-02,-3.394475E-01,2.953941E-03,-1.694232E-01,-3.517365E-02,0.000000E+00,0.000000E+00,-3.935887E+00
1.895000E+00,-3.328007E-01,3.350386E-03,-1.694386E-01,-7.252604E-02,-3.396185E-01,2.915239E-03,-1.710585E-01,-3.870170E-02,0.000000E+00,0.000000E+00,-3.651946E+00
1.896000E+00,-3.329693E-01,3.287862E-03,-1.686191E-01,-6.252373E-02,-3.397881E-01,2.882990E-03,-1.695398E-01,-3.224928E-02,0.000000E+00,0.000000E+00,-3.398029E+00
1.897000E+00,-3.331365E-01,3.275711E-03,-1.672185E-01,-1.215098E-02,-3.399564E-01,2.910365E-03,-1.683221E-01,2.737574E-02,0.000000E+00,0.000000E+00,-3.066459E+00
1.898000E+00,-3.333091E-01,3.284498E-03,-1.725737E-01,8.787365E-03,-3.401303E-01,2.961831E-03,-1.739254E-01,5.146510E-02,0.000000E+00,0.000000E+00,-2.708284E+00
1.899000E+00,-3.334881E-01,3.304552E-03,-1.789836E-01,2.005393E-02,-3.403109E-01,3.027691E-03,-1.805665E-01,6.586066E-02,0.000000E+00,0.000000E+00,-2.323727E+00
1.900000E+00,-3.336714E-01,3.314638E-03,-1.832563E-01,1.008564E-02,-3.404968E-01,3.115787E-03,-1.859043E-01,8.809548E-02,0.000000E+00,0.000000E+00,-1.668777E+00
1.901000E+00,-3.338565E-01,3.313207E-03,-1.851282E-01,-1.430769E-03,-3.406838E-01,3.201583E-03,-1.870494E-01,8.579600E-02,0.000000E+00,0.000000E+00,-9.366795E-01
1.902000E+00,-3.340443E-01,3.311035E-03,-1.877695E-01,-2.172185E-03,-3.408721E-01,3.270662E-03,-1.882722E-01,6.907920E-02,0.000000E+00,0.000000E+00,-3.387850E-01
1.903000E+00,-3.342355E-01,3.320731E-03,-1.912398E-01,9.696136E-03,-3.410624E-01,3.301806E-03,-1.902907E-01,3.114415E-02,0.000000E+00,0.000000E+00,-1.588298E-01
1.904000E+00,-3.344278E-01,3.320504E-03,-1.923368E-01,-2.270833E-04,-3.412534E-01,3.321604E-03,-1.910503E-01,1.979816E-02,0.000000E+00,0.000000E+00,9.236447E-03
1.905000E+00,-3.346203E-01,3.311925E-03,-1.925018E-01,-8.579163E-03,-3.414445E-01,3.330669E-03,-1.910414E-01,9.064407E-03,0.000000E+00,0.000000E+00,1.573740E-01
1.906000E+00,-3.348128E-01,3.297020E-03,-1.924969E-01,-1.490506E-02,-3.416354E-01,3.327972E-03,-1.909378E-01,-2.696668E-03,0.000000E+00,0.000000E+00,2.599341E-01
1.907000E+00,-3.350095E-01,3.300549E-03,-1.967205E-01,3.529349E-03,-3.418310E-01,3.320332E-03,-1.955326E-01,-7.639534E-03,0.000000E+00,0.000000E+00,1.661686E-01
1.908000E+00,-3.352143E-01,3.342139E-03,-2.047453E-01,4.159040E-02,-3.420351E-01,3.313544E-03,-2.041381E-01,-6.788610E-03,0.000000E+00,0.000000E+00,-2.402062E-01
1.909000E+00,-3.354261E-01,3.384281E-03,-2.118129E-01,4.214158E-02,-3.422467E-01,3.327203E-03,-2.116081E-01,1.365886E-02,0.000000E+00,0.000000E+00,-4.794702E-01
1.910000E+00,-3.356398E-01,3.418692E-03,-2.137215E-01,3.441062E-02,-3.424603E-01,3.335623E-03,-2.136175E-01,8.419960E-03,0.000000E+00,0.000000E+00,-6.977898E-01
1.911000E+00,-3.358543E-01,3.443095E-03,-2.145009E-01,2.440328E-02,-3.426747E-01,3.333731E-03,-2.144010E-01,-1.891776E-03,0.000000E+00,0.000000E+00,-9.186517E-01
1.912000E+00,-3.360696E-01,3.456713E-03,-2.152397E-01,1.361785E-02,-3.428899E-01,3.322147E-03,-2.151586E-01,-1.158357E-02,0.000000E+00,0.000000E+00,-1.130306E+00
1.913000E+00,-3.362855E-01,3.459137E-03,-2.159457E-01,2.424171E-03,-3.431058E-01,3.301414E-03,-2.159125E-01,-2.073323E-02,0.000000E+00,0.000000E+00,-1.324763E+00
1.914000E+00,-3.364970E-01,3.457574E-03,-2.114825E-01,-1.562749E-03,-3.433175E-01,3.299365E-03,-2.116776E-01,-2.048956E-03,0.000000E+00,0.000000E+00,-1.328807E+00
1.915000E+00,-3.367070E-01,3.436474E-03,-2.099778E-01,-2.110000E-02,-3.435285E-01,3.299384E-03,-2.110274E-01,1.904334E-05,0.000000E+00,0.000000E+00,-1.151301E+00
1.916000E+00,-3.369183E-01,3.431573E-03,-2.113129E-01,-4.901213E-03,-3.437407E-01,3.281110E-03,-2.122109E-01,-1.827412E-02,0.000000E+00,0.000000E+00,-1.263408E+00
1.917000E+00,-3.371335E-01,3.444801E-03,-2.152061E-01,1.322780E-02,-3.439566E-01,3.270040E-03,-2.158716E-01,-1.107004E-02,0.000000E+00,0.000000E+00,-1.467206E+00
1.918000E+00,-3.373531E-01,3.461331E-03,-2.195581E-01,1.652987E-02,-3.441763E-01,3.251975E-03,-2.197590E-01,-1.806505E-02,0.000000E+00,0.000000E+00,-1.757429E+00
1.919000E+00,-3.375745E-01,3.477139E-03,-2.214318E-01,1.580889E-02,-3.443969E-01,3.212993E-03,-2.205210E-01,-3.898168E-02,0.000000E+00,0.000000E+00,-2.217251E+00
1.920000E+00,-3.377972E-01,3.489150E-03,-2.227601E-01,1.201055E-02,-3.446174E-01,3.154523E-03,-2.205346E-01,-5.846978E-02,0.000000E+00,0.000000E+00,-2.808932E+00
1.921000E+00,-3.380205E-01,3.492782E-03,-2.232880E-01,3.632233E-03,-3.448375E-01,3.083625E-03,-2.201288E-01,-7.089865E-02,0.000000E+00,0.000000E+00,-3.434788E+00
1.922000E+00,-3.382371E-01,3.475440E-03,-2.166094E-01,-1.734265E-02,-3.450539E-01,3.050976E-03,-2.164045E-01,-3.264914E-02,0.000000E+00,0.000000E+00,-3.563065E+00
1.923000E+00,-3.384488E-01,3.459827E-03,-2.116519E-01,-1.561229E-02,-3.452684E-01,3.078247E-03,-2.145193E-01,2.727180E-02,0.000000E+00,0.000000E+00,-3.202532E+00
1.924000E+00,-3.386586E-01,3.439988E-03,-2.098530E-01,-1.983924E-02,-3.454821E-01,3.128246E-03,-2.136376E-01,4.999849E-02,0.000000E+00,0.000000E+00,-2.615853E+00
1.925000E+00,-3.388701E-01,3.411181E-03,-2.114925E-01,-2.880749E-02,-3.456969E-01,3.176414E-03,-2.148091E-01,4.816774E-02,0.000000E+00,0.000000E+00,-1.969583E+00
1.926000E+00,-3.390842E-01,3.372538E-03,-2.140631E-01,-3.864239E-02,-3.459137E-01,3.226249E-03,-2.167702E-01,4.983485E-02,0.000000E+00,0.000000E+00,-1.227110E+00
1.927000E+00,-3.393017E-01,3.323025E-03,-2.175198E-01,-4.951345E-02,-3.461329E-01,3.281345E-03,-2.192043E-01,5.509610E-02,0.000000E+00,0.000000E+00,-3.495850E-01
1.928000E+00,-3.395228E-01,3.266136E-03,-2.210533E-01,-5.688876E-02,-3.463540E-01,3.340340E-03,-2.211069E-01,5.899527E-02,0.000000E+00,0.000000E+00,6.223515E-01
1.929000E+00,-3.397454E-01,3.201134E-03,-2.225980E-01,-6.500233E-02,-3.465747E-01,3.392409E-03,-2.206889E-01,5.206871E-02,0.000000E+00,0.000000E+00,1.604323E+00
1.930000E+00,-3.399689E-01,3.127440E-03,-2.235076E-01,-7.369375E-02,-3.467943E-01,3.434181E-03,-2.196748E-01,4.177200E-02,0.000000E+00,0.000000E+00,2.573181E+00
1.931000E+00,-3.401880E-01,3.073210E-03,-2.191318E-01,-5.422957E-02,-3.470090E-01,3.470870E-03,-2.146309E-01,3.668903E-02,0.000000E+00,0.000000E+00,3.336548E+00
1.932000E+00,-3.404027E-01,3.049074E-03,-2.147125E-01,-2.413592E-02,-3.472233E-01,3.463080E-03,-2.143143E-01,-7.789871E-03,0.000000E+00,0.000000E+00,3.473573E+00
1.933000E+00,-3.406161E-01,3.039057E-03,-2.133986E-01,-1.001711E-02,-3.474391E-01,3.426301E-03,-2.157983E-01,-3.677877E-02,0.000000E+00,0.000000E+00,3.248395E+00
1.934000E+00,-3.408296E-01,3.027677E-03,-2.134781E-01,-1.138059E-02,-3.476557E-01,3.373136E-03,-2.165762E-01,-5.316488E-02,0.000000E+00,0.000000E+00,2.897208E+00
1.935000E+00,-3.410429E-01,3.032483E-03,-2.133385E-01,4.806739E-03,-3.478729E-01,3.310783E-03,-2.172150E-01,-6.235294E-02,0.000000E+00,0.000000E+00,2.333346E+00
1.936000E+00,-3.412582E-01,3.078752E-03,-2.152410E-01,4.626839E-02,-3.480925E-01,3.247501E-03,-2.196240E-01,-6.328245E-02,0.000000E+00,0.000000E+00,1.414427E+00
1.937000E+00,-3.414722E-01,3.146024E-03,-2.140627E-01,6.727212E-02,-3.483092E-01,3.184442E-03,-2.166770E-01,-6.305879E-02,0.000000E+00,0.000000E+00,3.219524E-01
1.938000E+00,-3.416857E-01,3.217487E-03,-2.134292E-01,7.146269E-02,-3.485227E-01,3.131459E-03,-2.135140E-01,-5.298268E-02,0.000000E+00,0.000000E+00,-7.208920E-01
1.939000E+00,-3.418995E-01,3.283950E-03,-2.137803E-01,6.646319E-02,-3.487347E-01,3.086942E-03,-2.119823E-01,-4.451724E-02,0.000000E+00,0.000000E+00,-1.650950E+00
1.940000E+00,-3.421125E-01,3.335634E-03,-2.130685E-01,5.168417E-02,-3.489455E-01,3.059568E-03,-2.108401E-01,-2.737368E-02,0.000000E+00,0.000000E+00,-2.313601E+00
1.941000E+00,-3.423254E-01,3.374327E-03,-2.129069E-01,3.869342E-02,-3.491558E-01,3.031982E-03,-2.103311E-01,-2.758656E-02,0.000000E+00,0.000000E+00,-2.869310E+00
1.942000E+00,-3.425382E-01,3.402222E-03,-2.128065E-01,2.789441E-02,-3.493656E-01,2.998591E-03,-2.097965E-01,-3.339125E-02,0.000000E+00,0.000000E+00,-3.383351E+00
1.943000E+00,-3.427503E-01,3.421128E-03,-2.120602E-01,1.890606E-02,-3.495744E-01,2.961967E-03,-2.088011E-01,-3.662397E-02,0.000000E+00,0.000000E+00,-3.849337E+00
1.944000E+00,-3.429626E-01,3.430990E-03,-2.122879E-01,9.862185E-03,-3.497829E-01,2.915755E-03,-2.084763E-01,-4.621119E-02,0.000000E+00,0.000000E+00,-4.320145E+00
1.945000E+00,-3.431752E-01,3.431919E-03,-2.126512E-01,9.289824E-04,-3.499911E-01,2.858945E-03,-2.081805E-01,-5.681077E-02,0.000000E+00,0.000000E+00,-4.805267E+00
1.946000E+00,-3.433829E-01,3.432127E-03,-2.076270E-01,2.078340E-04,-3.501959E-01,2.825784E-03,-2.048050E-01,-3.316032E-02,0.000000E+00,0.000000E+00,-5.085778E+00
1.947000E+00,-3.435765E-01,3.413779E-03,-1.936232E-01,-1.834774E-02,-3.503948E-01,2.869883E-03,-1.989228E-01,4.409832E-02,0.000000E+00,0.000000E+00,-4.560810E+00
1.948000E+00,-3.437668E-01,3.378066E-03,-1.903500E-01,-3.571310E-02,-3.505926E-01,2.937388E-03,-1.978020E-01,6.750526E-02,0.000000E+00,0.000000E+00,-3.693934E+00
1.949000E+00,-3.439589E-01,3.330795E-03,-1.920470E-01,-4.727119E-02,-3.507911E-01,3.005570E-03,-1.984875E-01,6.818189E-02,0.000000E+00,0.000000E+00,-2.725315E+00
1.950000E+00,-3.441535E-01,3.272010E-03,-1.946025E-01,-5.878486E-02,-3.509905E-01,3.073408E-03,-1.993803E-01,6.783845E-02,0.000000E+00,0.000000E+00,-1.663864E+00
1.951000E+00,-3.443462E-01,3.255674E-03,-1.927115E-01,-1.633568E-02,-3.511853E-01,3.158427E-03,-1.948218E-01,8.501830E-02,0.000000E+00,0.000000E+00,-8.146544E-01
1.952000E+00,-3.445390E-01,3.263205E-03,-1.928306E-01,7.530757E-03,-3.513787E-01,3.243777E-03,-1.934076E-01,8.535085E-02,0.000000E+00,0.000000E+00,-1.627449E-01
1.953000E+00,-3.447343E-01,3.279037E-03,-1.952337E-01,1.583150E-02,-3.515738E-01,3.306952E-03,-1.950890E-01,6.317510E-02,0.000000E+00,0.000000E+00,2.338533E-01
1.954000E+00,-3.449330E-01,3.296513E-03,-1.987433E-01,1.747651E-02,-3.517722E-01,3.360825E-03,-1.983921E-01,5.387266E-02,0.000000E+00,0.000000E+00,5.387616E-01
1.955000E+00,-3.451342E-01,3.318343E-03,-2.012394E-01,2.183020E-02,-3.519732E-01,3.400551E-03,-2.009531E-01,3.972589E-02,0.000000E+00,0.000000E+00,6.886953E-01
1.956000E+00,-3.453359E-01,3.336190E-03,-2.016467E-01,1.784676E-02,-3.521747E-01,3.423151E-03,-2.015183E-01,2.260009E-02,0.000000E+00,0.000000E+00,7.285259E-01
1.957000E+00,-3.455374E-01,3.346149E-03,-2.014977E-01,9.959204E-03,-3.523761E-01,3.433494E-03,-2.014222E-01,1.034329E-02,0.000000E+00,0.000000E+00,7.317513E-01
1.958000E+00,-3.457387E-01,3.348728E-03,-2.012996E-01,2.579148E-03,-3.525774E-01,3.431184E-03,-2.012891E-01,-2.310842E-03,0.000000E+00,0.000000E+00,6.907896E-01
1.959000E+00,-3.459398E-01,3.344245E-03,-2.010723E-01,-4.482989E-03,-3.527785E-01,3.416066E-03,-2.011205E-01,-1.511725E-02,0.000000E+00,0.000000E+00,6.017010E-01
1.960000E+00,-3.461406E-01,3.332678E-03,-2.008473E-01,-1.156721E-02,-3.529794E-01,3.388337E-03,-2.009252E-01,-2.772958E-02,0.000000E+00,0.000000E+00,4.662974E-01
1.961000E+00,-3.463413E-01,3.313571E-03,-2.006446E-01,-1.910675E-02,-3.531801E-01,3.348582E-03,-2.007075E-01,-3.975491E-02,0.000000E+00,0.000000E+00,2.933117E-01
1.962000E+00,-3.465417E-01,3.286109E-03,-2.004679E-01,-2.746222E-02,-3.533806E-01,3.297737E-03,-2.004729E-01,-5.084478E-02,0.000000E+00,0.000000E+00,9.741640E-02
1.963000E+00,-3.467420E-01,3.249309E-03,-2.003213E-01,-3.679988E-02,-3.535809E-01,3.236924E-03,-2.002456E-01,-6.081276E-02,0.000000E+00,0.000000E+00,-1.037629E-01
1.964000E+00,-3.469391E-01,3.206480E-03,-1.970781E-01,-4.282987E-02,-3.537779E-01,3.184573E-03,-1.970408E-01,-5.235140E-02,0.000000E+00,0.000000E+00,-1.835350E-01
1.965000E+00,-3.471281E-01,3.163750E-03,-1.889992E-01,-4.272914E-02,-3.539671E-01,3.167999E-03,-1.891709E-01,-1.657388E-02,0.000000E+00,0.000000E+00,3.559423E-02
1.966000E+00,-3.473074E-01,3.149361E-03,-1.792518E-01,-1.438986E-02,-3.541466E-01,3.162480E-03,-1.794982E-01,-5.519152E-03,0.000000E+00,0.000000E+00,1.099077E-01
1.967000E+00,-3.474828E-01,3.137929E-03,-1.754107E-01,-1.143150E-02,-3.543222E-01,3.159206E-03,-1.756243E-01,-3.273823E-03,0.000000E+00,0.000000E+00,1.782432E-01
1.968000E+00,-3.476590E-01,3.116378E-03,-1.762021E-01,-2.155083E-02,-3.544984E-01,3.160262E-03,-1.761994E-01,1.055521E-03,0.000000E+00,0.000000E+00,3.676190E-01
1.969000E+00,-3.478361E-01,3.097002E-03,-1.771547E-01,-1.937602E-02,-3.546755E-01,3.152238E-03,-1.771365E-01,-8.023963E-03,0.000000E+00,0.000000E+00,4.627149E-01
1.970000E+00,-3.480159E-01,3.070353E-03,-1.797528E-01,-2.664875E-02,-3.548552E-01,3.139835E-03,-1.797136E-01,-1.240242E-02,0.000000E+00,0.000000E+00,5.820544E-01
1.971000E+00,-3.481968E-01,3.034303E-03,-1.809486E-01,-3.605068E-02,-3.550362E-01,3.115141E-03,-1.809434E-01,-2.469365E-02,0.000000E+00,0.000000E+00,6.771856E-01
1.972000E+00,-3.483780E-01,2.997197E-03,-1.811266E-01,-3.710601E-02,-3.552171E-01,3.099169E-03,-1.809364E-01,-1.597274E-02,0.000000E+00,0.000000E+00,8.542190E-01
1.973000E+00,-3.485585E-01,3.011016E-03,-1.805066E-01,1.381959E-02,-3.553975E-01,3.127170E-03,-1.803375E-01,2.800153E-02,0.000000E+00,0.000000E+00,9.730236E-01
1.974000E+00,-3.487384E-01,3.047426E-03,-1.798932E-01,3.641013E-02,-3.555773E-01,3.166176E-03,-1.798756E-01,3.900562E-02,0.000000E+00,0.000000E+00,9.947643E-01
1.975000E+00,-3.489173E-01,3.108340E-03,-1.789323E-01,6.091376E-02,-3.557566E-01,3.205564E-03,-1.792668E-01,3.938778E-02,0.000000E+00,0.000000E+00,8.144283E-01
1.976000E+00,-3.491004E-01,3.164482E-03,-1.830837E-01,5.614174E-02,-3.559399E-01,3.242394E-03,-1.832656E-01,3.683063E-02,0.000000E+00,0.000000E+00,6.526601E-01
1.977000E+00,-3.492872E-01,3.219587E-03,-1.868128E-01,5.510474E-02,-3.561267E-01,3.276600E-03,-1.868768E-01,3.420595E-02,0.000000E+00,0.000000E+00,4.775992E-01
1.978000E+00,-3.494783E-01,3.279568E-03,-1.911423E-01,5.998139E-02,-3.563178E-01,3.309294E-03,-1.911049E-01,3.269401E-02,0.000000E+00,0.000000E+00,2.490201E-01
1.979000E+00,-3.496737E-01,3.347551E-03,-1.953308E-01,6.798285E-02,-3.565130E-01,3.338889E-03,-1.951324E-01,2.959464E-02,0.000000E+00,0.000000E+00,-7.256515E-02
1.980000E+00,-3.498697E-01,3.410185E-03,-1.960657E-01,6.263430E-02,-3.567085E-01,3.358662E-03,-1.955677E-01,1.977342E-02,0.000000E+00,0.000000E+00,-4.316520E-01
1.981000E+00,-3.500661E-01,3.464974E-03,-1.963220E-01,5.478866E-02,-3.569040E-01,3.367277E-03,-1.954513E-01,8.615145E-03,0.000000E+00,0.000000E+00,-8.185518E-01
1.982000E+00,-3.502627E-01,3.512382E-03,-1.966628E-01,4.740848E-02,-3.570993E-01,3.364297E-03,-1.953344E-01,-2.980248E-03,0.000000E+00,0.000000E+00,-1.240867E+00
1.983000E+00,-3.504598E-01,3.552733E-03,-1.971108E-01,4.035063E-02,-3.572945E-01,3.349374E-03,-1.952142E-01,-1.492274E-02,0.000000E+00,0.000000E+00,-1.704262E+00
1.984000E+00,-3.506564E-01,3.579042E-03,-1.965496E-01,2.630905E-02,-3.574890E-01,3.331532E-03,-1.944747E-01,-1.784228E-02,0.000000E+00,0.000000E+00,-2.074610E+00
1.985000E+00,-3.508513E-01,3.584075E-03,-1.949195E-01,5.032947E-03,-3.576824E-01,3.319649E-03,-1.934054E-01,-1.188325E-02,0.000000E+00,0.000000E+00,-2.216754E+00
1.986000E+00,-3.510457E-01,3.576897E-03,-1.944269E-01,-7.177926E-03,-3.578754E-01,3.300864E-03,-1.930130E-01,-1.878502E-02,0.000000E+00,0.000000E+00,-2.314435E+00
1.987000E+00,-3.512397E-01,3.555956E-03,-1.939975E-01,-2.094105E-02,-3.580683E-01,3.275348E-03,-1.928645E-01,-2.551561E-02,0.000000E+00,0.000000E+00,-2.353138E+00
1.988000E+00,-3.514335E-01,3.521373E-03,-1.938032E-01,-3.458291E-02,-3.582613E-01,3.242716E-03,-1.929605E-01,-3.263228E-02,0.000000E+00,0.000000E+00,-2.337087E+00
1.989000E+00,-3.516278E-01,3.476000E-03,-1.942520E-01,-4.537341E-02,-3.584547E-01,3.200575E-03,-1.934381E-01,-4.214063E-02,0.000000E+00,0.000000E+00,-2.310278E+00
1.990000E+00,-3.518216E-01,3.413428E-03,-1.938175E-01,-6.257208E-02,-3.586483E-01,3.154323E-03,-1.936211E-01,-4.625290E-02,0.000000E+00,0.000000E+00,-2.173590E+00
1.991000E+00,-3.520106E-01,3.345505E-03,-1.889699E-01,-6.792275E-02,-3.588377E-01,3.128371E-03,-1.893491E-01,-2.595186E-02,0.000000E+00,0.000000E+00,-1.821662E+00
1.992000E+00,-3.521958E-01,3.292322E-03,-1.852461E-01,-5.318296E-02,-3.590226E-01,3.109982E-03,-1.849304E-01,-1.838853E-02,0.000000E+00,0.000000E+00,-1.529974E+00
1.993000E+00,-3.523781E-01,3.284447E-03,-1.823195E-01,-7.874411E-03,-3.592033E-01,3.095886E-03,-1.806706E-01,-1.409619E-02,0.000000E+00,0.000000E+00,-1.582536E+00
1.994000E+00,-3.525638E-01,3.292264E-03,-1.857033E-01,7.816151E-03,-3.593869E-01,3.077604E-03,-1.835848E-01,-1.828154E-02,0.000000E+00,0.000000E+00,-1.801989E+00
1.995000E+00,-3.527545E-01,3.313820E-03,-1.906836E-01,2.155676E-02,-3.595748E-01,3.053669E-03,-1.879475E-01,-2.393556E-02,0.000000E+00,0.000000E+00,-2.184419E+00
1.996000E+00,-3.529495E-01,3.347425E-03,-1.949647E-01,3.360463E-02,-3.597640E-01,2.995849E-03,-1.891534E-01,-5.781974E-02,0.000000E+00,0.000000E+00,-2.953414E+00
1.997000E+00,-3.531372E-01,3.352392E-03,-1.876884E-01,4.967411E-03,-3.599483E-01,2.975371E-03,-1.843338E-01,-2.047858E-02,0.000000E+00,0.000000E+00,-3.168309E+00
1.998000E+00,-3.533175E-01,3.344876E-03,-1.803254E-01,-7.516108E-03,-3.601289E-01,3.013752E-03,-1.806015E-01,3.838192E-02,0.000000E+00,0.000000E+00,-2.783140E+00
1.999000E+00,-3.534947E-01,3.335155E-03,-1.772293E-01,-9.721502E-03,-3.603065E-01,3.069562E-03,-1.776194E-01,5.580912E-02,0.000000E+00,0.000000E+00,-2.232845E+00
2.000000E+00,-3.536734E-01,3.317412E-03,-1.787085E-01,-1.774308E-02,-3.604849E-01,3.119116E-03,-1.784354E-01,4.955479E-02,0.000000E+00,0.000000E+00,-1.667512E+00
2.001000E+00,-3.538551E-01,3.314358E-03,-1.816471E-01,-3.053782E-03,-3.606644E-01,3.161133E-03,-1.794855E-01,4.201664E-02,0.000000E+00,0.000000E+00,-1.289060E+00
2.002000E+00,-3.540402E-01,3.305809E-03,-1.851074E-01,-8.548683E-03,-3.608469E-01,3.206028E-03,-1.824757E-01,4.489540E-02,0.000000E+00,0.000000E+00,-8.398485E-01
2.003000E+00,-3.542298E-01,3.288189E-03,-1.896248E-01,-1.762030E-02,-3.610335E-01,3.261675E-03,-1.865941E-01,5.564704E-02,0.000000E+00,0.000000E+00,-2.232770E-01
2.004000E+00,-3.544247E-01,3.262719E-03,-1.948984E-01,-2.546982E-02,-3.612244E-01,3.330404E-03,-1.909400E-01,6.872810E-02,0.000000E+00,0.000000E+00,5.703018E-01
2.005000E+00,-3.546203E-01,3.244287E-03,-1.956139E-01,-1.843245E-02,-3.614150E-01,3.398273E-03,-1.905347E-01,6.786919E-02,0.000000E+00,0.000000E+00,1.298262E+00
2.006000E+00,-3.548123E-01,3.251364E-03,-1.919863E-01,7.077260E-03,-3.616015E-01,3.464609E-03,-1.864950E-01,6.633602E-02,0.000000E+00,0.000000E+00,1.799045E+00
2.007000E+00,-3.550014E-01,3.269299E-03,-1.890712E-01,1.793532E-02,-3.617850E-01,3.524881E-03,-1.834958E-01,6.027183E-02,0.000000E+00,0.000000E+00,2.157679E+00
2.008000E+00,-3.551881E-01,3.295715E-03,-1.867325E-01,2.641584E-02,-3.619664E-01,3.578229E-03,-1.814177E-01,5.334848E-02,0.000000E+00,0.000000E+00,2.386669E+00
2.009000E+00,-3.553735E-01,3.334067E-03,-1.854049E-01,3.835188E-02,-3.621480E-01,3.613083E-03,-1.816507E-01,3.485413E-02,0.000000E+00,0.000000E+00,2.358458E+00
2.010000E+00,-3.555598E-01,3.385385E-03,-1.862360E-01,5.131794E-02,-3.623334E-01,3.612492E-03,-1.853496E-01,-5.908369E-04,0.000000E+00,0.000000E+00,1.920302E+00
2.011000E+00,-3.557474E-01,3.433946E-03,-1.876551E-01,4.856070E-02,-3.625206E-01,3.594318E-03,-1.872545E-01,-1.817473E-02,0.000000E+00,0.000000E+00,1.356357E+00
2.012000E+00,-3.559367E-01,3.475905E-03,-1.893249E-01,4.195935E-02,-3.627094E-01,3.562690E-03,-1.887942E-01,-3.162787E-02,0.000000E+00,0.000000E+00,7.341423E-01
2.013000E+00,-3.561279E-01,3.510915E-03,-1.911418E-01,3.500992E-02,-3.628997E-01,3.517787E-03,-1.902780E-01,-4.490298E-02,0.000000E+00,0.000000E+00,5.814162E-02
2.014000E+00,-3.563210E-01,3.538091E-03,-1.930885E-01,2.717593E-02,-3.630912E-01,3.460296E-03,-1.915318E-01,-5.749092E-02,0.000000E+00,0.000000E+00,-6.583379E-01
2.015000E+00,-3.565136E-01,3.545240E-03,-1.926267E-01,7.148848E-03,-3.632828E-01,3.401496E-03,-1.915059E-01,-5.880002E-02,0.000000E+00,0.000000E+00,-1.216500E+00
2.016000E+00,-3.567063E-01,3.537350E-03,-1.927389E-01,-7.889820E-03,-3.634745E-01,3.337489E-03,-1.917676E-01,-6.400638E-02,0.000000E+00,0.000000E+00,-1.691418E+00
2.017000E+00,-3.568998E-01,3.518192E-03,-1.935074E-01,-1.915758E-02,-3.636671E-01,3.266345E-03,-1.926282E-01,-7.114393E-02,0.000000E+00,0.000000E+00,-2.131291E+00
2.018000E+00,-3.570893E-01,3.505641E-03,-1.894238E-01,-1.255121E-02,-3.638566E-01,3.244585E-03,-1.894729E-01,-2.176009E-02,0.000000E+00,0.000000E+00,-2.209131E+00
2.019000E+00,-3.572797E-01,3.494575E-03,-1.904341E-01,-1.106566E-02,-3.640483E-01,3.250893E-03,-1.916873E-01,6.307141E-03,0.000000E+00,0.000000E+00,-2.061867E+00
2.020000E+00,-3.574747E-01,3.479870E-03,-1.949532E-01,-1.470497E-02,-3.642457E-01,3.267296E-03,-1.974097E-01,1.640334E-02,0.000000E+00,0.000000E+00,-1.798185E+00
2.021000E+00,-3.576743E-01,3.461431E-03,-1.996876E-01,-1.843952E-02,-3.644489E-01,3.293121E-03,-2.031719E-01,2.582535E-02,0.000000E+00,0.000000E+00,-1.423187E+00
2.022000E+00,-3.578762E-01,3.440553E-03,-2.018705E-01,-2.087790E-02,-3.646544E-01,3.321358E-03,-2.055486E-01,2.823694E-02,0.000000E+00,0.000000E+00,-1.007440E+00
2.023000E+00,-3.580753E-01,3.420067E-03,-1.990882E-01,-2.048650E-02,-3.648566E-01,3.336414E-03,-2.021345E-01,1.505550E-02,0.000000E+00,0.000000E+00,-7.067570E-01
2.024000E+00,-3.582732E-01,3.393554E-03,-1.978742E-01,-2.651238E-02,-3.650573E-01,3.338720E-03,-2.007292E-01,2.306095E-03,0.000000E+00,0.000000E+00,-4.630972E-01
2.025000E+00,-3.584711E-01,3.358203E-03,-1.979353E-01,-3.535123E-02,-3.652580E-01,3.327828E-03,-2.006653E-01,-1.089175E-02,0.000000E+00,0.000000E+00,-2.564283E-01
2.026000E+00,-3.586689E-01,3.311508E-03,-1.978437E-01,-4.669458E-02,-3.654582E-01,3.308322E-03,-2.002744E-01,-1.950614E-02,0.000000E+00,0.000000E+00,-2.689118E-02
2.027000E+00,-3.588618E-01,3.294909E-03,-1.928410E-01,-1.659891E-02,-3.656526E-01,3.292492E-03,-1.943806E-01,-1.582969E-02,0.000000E+00,0.000000E+00,-2.039501E-02
2.028000E+00,-3.590529E-01,3.294701E-03,-1.911458E-01,-2.082660E-04,-3.658450E-01,3.273910E-03,-1.923449E-01,-1.858177E-02,0.000000E+00,0.000000E+00,-1.753849E-01
2.029000E+00,-3.592460E-01,3.300264E-03,-1.930524E-01,5.562815E-03,-3.660393E-01,3.248351E-03,-1.943244E-01,-2.555987E-02,0.000000E+00,0.000000E+00,-4.378377E-01
2.030000E+00,-3.594471E-01,3.316301E-03,-2.010687E-01,1.603749E-02,-3.662426E-01,3.250540E-03,-2.032866E-01,2.189623E-03,0.000000E+00,0.000000E+00,-5.544430E-01
2.031000E+00,-3.596497E-01,3.327653E-03,-2.026212E-01,1.135167E-02,-3.664477E-01,3.259111E-03,-2.051539E-01,8.570594E-03,0.000000E+00,0.000000E+00,-5.776737E-01
2.032000E+00,-3.598506E-01,3.334565E-03,-2.009062E-01,6.911658E-03,-3.666510E-01,3.268818E-03,-2.032839E-01,9.707447E-03,0.000000E+00,0.000000E+00,-5.539187E-01
2.033000E+00,-3.600494E-01,3.337973E-03,-1.987963E-01,3.407719E-03,-3.668521E-01,3.282420E-03,-2.010348E-01,1.360203E-02,0.000000E+00,0.000000E+00,-4.678812E-01
2.034000E+00,-3.602475E-01,3.341741E-03,-1.981575E-01,3.768368E-03,-3.670516E-01,3.274069E-03,-1.995071E-01,-8.351385E-03,0.000000E+00,0.000000E+00,-5.698389E-01
2.035000E+00,-3.604413E-01,3.344313E-03,-1.937791E-01,2.571894E-03,-3.672460E-01,3.275960E-03,-1.944238E-01,1.890774E-03,0.000000E+00,0.000000E+00,-5.755195E-01
2.036000E+00,-3.606321E-01,3.342859E-03,-1.907730E-01,-1.453671E-03,-3.674373E-01,3.280888E-03,-1.913622E-01,4.928624E-03,0.000000E+00,0.000000E+00,-5.217398E-01
2.037000E+00,-3.608215E-01,3.335165E-03,-1.893856E-01,-7.693675E-03,-3.676275E-01,3.281373E-03,-1.901799E-01,4.848642E-04,0.000000E+00,0.000000E+00,-4.528340E-01
2.038000E+00,-3.610074E-01,3.326493E-03,-1.859480E-01,-8.672297E-03,-3.678143E-01,3.288097E-03,-1.867277E-01,6.724353E-03,0.000000E+00,0.000000E+00,-3.231884E-01
2.039000E+00,-3.611933E-01,3.310031E-03,-1.858901E-01,-1.646249E-02,-3.680011E-01,3.285906E-03,-1.868718E-01,-2.191233E-03,0.000000E+00,0.000000E+00,-2.030348E-01
2.040000E+00,-3.613793E-01,3.285142E-03,-1.860239E-01,-2.488846E-02,-3.681883E-01,3.275257E-03,-1.871561E-01,-1.064957E-02,0.000000E+00,0.000000E+00,-8.318467E-02
2.041000E+00,-3.615652E-01,3.251189E-03,-1.858181E-01,-3.395331E-02,-3.683752E-01,3.261318E-03,-1.869542E-01,-1.393880E-02,0.000000E+00,0.000000E+00,8.521876E-02
2.042000E+00,-3.617475E-01,3.230537E-03,-1.823819E-01,-2.065213E-02,-3.685584E-01,3.247055E-03,-1.831177E-01,-1.426316E-02,0.000000E+00,0.000000E+00,1.389563E-01
2.043000E+00,-3.619295E-01,3.214587E-03,-1.819172E-01,-1.594984E-02,-3.687409E-01,3.225562E-03,-1.825826E-01,-2.149276E-02,0.000000E+00,0.000000E+00,9.231788E-02
2.044000E+00,-3.621138E-01,3.200351E-03,-1.843160E-01,-1.423550E-02,-3.689262E-01,3.195701E-03,-1.852571E-01,-2.986143E-02,0.000000E+00,0.000000E+00,-3.911651E-02
2.045000E+00,-3.623007E-01,3.188798E-03,-1.869778E-01,-1.155385E-02,-3.691143E-01,3.157405E-03,-1.881118E-01,-3.829582E-02,0.000000E+00,0.000000E+00,-2.639838E-01
2.046000E+00,-3.624887E-01,3.169972E-03,-1.879289E-01,-1.882555E-02,-3.693033E-01,3.108005E-03,-1.890309E-01,-4.939969E-02,0.000000E+00,0.000000E+00,-5.209878E-01
2.047000E+00,-3.626748E-01,3.130233E-03,-1.861543E-01,-3.973884E-02,-3.694907E-01,3.060512E-03,-1.873168E-01,-4.749253E-02,0.000000E+00,0.000000E+00,-5.860727E-01
2.048000E+00,-3.628494E-01,3.119374E-03,-1.745765E-01,-1.085878E-02,-3.696660E-01,3.074303E-03,-1.753120E-01,1.379065E-02,0.000000E+00,0.000000E+00,-3.788363E-01
2.049000E+00,-3.630220E-01,3.134848E-03,-1.726011E-01,1.547316E-02,-3.698390E-01,3.106633E-03,-1.730794E-01,3.232990E-02,0.000000E+00,0.000000E+00,-2.371365E-01
2.050000E+00,-3.631992E-01,3.166583E-03,-1.772039E-01,3.173572E-02,-3.700168E-01,3.140167E-03,-1.777948E-01,3.353429E-02,0.000000E+00,0.000000E+00,-2.220008E-01
2.051000E+00,-3.633797E-01,3.198198E-03,-1.805071E-01,3.161502E-02,-3.701980E-01,3.171643E-03,-1.811329E-01,3.147552E-02,0.000000E+00,0.000000E+00,-2.231527E-01
2.052000E+00,-3.635639E-01,3.228500E-03,-1.842114E-01,3.030175E-02,-3.703828E-01,3.202700E-03,-1.848397E-01,3.105697E-02,0.000000E+00,0.000000E+00,-2.167864E-01
2.053000E+00,-3.637528E-01,3.259325E-03,-1.888795E-01,3.082484E-02,-3.705723E-01,3.236430E-03,-1.895107E-01,3.372975E-02,0.000000E+00,0.000000E+00,-1.923604E-01
2.054000E+00,-3.639473E-01,3.292989E-03,-1.945122E-01,3.366375E-02,-3.707674E-01,3.275027E-03,-1.951254E-01,3.859769E-02,0.000000E+00,0.000000E+00,-1.508934E-01
2.055000E+00,-3.641475E-01,3.326434E-03,-2.001773E-01,3.344571E-02,-3.709682E-01,3.320993E-03,-2.007630E-01,4.596603E-02,0.000000E+00,0.000000E+00,-4.570673E-02
2.056000E+00,-3.643487E-01,3.351264E-03,-2.012040E-01,2.482920E-02,-3.711700E-01,3.361953E-03,-2.017605E-01,4.096017E-02,0.000000E+00,0.000000E+00,8.979034E-02
2.057000E+00,-3.645500E-01,3.369049E-03,-2.012492E-01,1.778588E-02,-3.713718E-01,3.392196E-03,-2.017863E-01,3.024217E-02,0.000000E+00,0.000000E+00,1.944020E-01
2.058000E+00,-3.647513E-01,3.380417E-03,-2.013908E-01,1.136782E-02,-3.715737E-01,3.411156E-03,-2.019568E-01,1.896029E-02,0.000000E+00,0.000000E+00,2.581481E-01
2.059000E+00,-3.649530E-01,3.385694E-03,-2.016806E-01,5.276457E-03,-3.717760E-01,3.418261E-03,-2.023240E-01,7.104659E-03,0.000000E+00,0.000000E+00,2.734757E-01
2.060000E+00,-3.651552E-01,3.384700E-03,-2.021299E-01,-9.941472E-04,-3.719789E-01,3.413053E-03,-2.028802E-01,-5.207555E-03,0.000000E+00,0.000000E+00,2.380684E-01
2.061000E+00,-3.653578E-01,3.376649E-03,-2.026891E-01,-8.050160E-03,-3.721825E-01,3.395400E-03,-2.035415E-01,-1.765304E-02,0.000000E+00,0.000000E+00,1.574190E-01
2.062000E+00,-3.655611E-01,3.360308E-03,-2.032735E-01,-1.634186E-02,-3.723867E-01,3.365635E-03,-2.041935E-01,-2.976520E-02,0.000000E+00,0.000000E+00,4.471819E-02
2.063000E+00,-3.657649E-01,3.334320E-03,-2.038235E-01,-2.598727E-02,-3.725914E-01,3.324511E-03,-2.047716E-01,-4.112362E-02,0.000000E+00,0.000000E+00,-8.232981E-02
2.064000E+00,-3.659693E-01,3.297490E-03,-2.043369E-01,-3.683041E-02,-3.727967E-01,3.273020E-03,-2.052917E-01,-5.149134E-02,0.000000E+00,0.000000E+00,-2.053519E-01
2.065000E+00,-3.661741E-01,3.248930E-03,-2.048473E-01,-4.856017E-02,-3.730025E-01,3.212181E-03,-2.058115E-01,-6.083915E-02,0.000000E+00,0.000000E+00,-3.083513E-01
2.066000E+00,-3.663770E-01,3.201679E-03,-2.029124E-01,-4.725083E-02,-3.732062E-01,3.146176E-03,-2.037073E-01,-6.600496E-02,0.000000E+00,0.000000E+00,-4.656521E-01
2.067000E+00,-3.665648E-01,3.180962E-03,-1.877166E-01,-2.071671E-02,-3.733947E-01,3.111999E-03,-1.884362E-01,-3.417713E-02,0.000000E+00,0.000000E+00,-5.785124E-01
2.068000E+00,-3.667488E-01,3.162028E-03,-1.840141E-01,-1.893423E-02,-3.735793E-01,3.083816E-03,-1.846595E-01,-2.818275E-02,0.000000E+00,0.000000E+00,-6.560267E-01
2.069000E+00,-3.669373E-01,3.145113E-03,-1.885514E-01,-1.691478E-02,-3.737685E-01,3.055800E-03,-1.891840E-01,-2.801577E-02,0.000000E+00,0.000000E+00,-7.490602E-01
2.070000E+00,-3.671305E-01,3.128335E-03,-1.931810E-01,-1.677862E-02,-3.739623E-01,3.027528E-03,-1.937783E-01,-2.827222E-02,0.000000E+00,0.000000E+00,-8.453687E-01
2.071000E+00,-3.673247E-01,3.104285E-03,-1.942122E-01,-2.404940E-02,-3.741570E-01,2.989789E-03,-1.947444E-01,-3.773885E-02,0.000000E+00,0.000000E+00,-9.600740E-01
2.072000E+00,-3.675191E-01,3.071713E-03,-1.944237E-01,-3.257187E-02,-3.743519E-01,2.940305E-03,-1.948479E-01,-4.948366E-02,0.000000E+00,0.000000E+00,-1.101782E+00
2.073000E+00,-3.677066E-01,3.040259E-03,-1.874982E-01,-3.145429E-02,-3.745401E-01,2.928021E-03,-1.882181E-01,-1.228441E-02,0.000000E+00,0.000000E+00,-9.409854E-01
2.074000E+00,-3.678883E-01,3.079498E-03,-1.816842E-01,3.923915E-02,-3.747218E-01,2.964660E-03,-1.817456E-01,3.663938E-02,0.000000E+00,0.000000E+00,-9.627688E-01
2.075000E+00,-3.680695E-01,3.129513E-03,-1.811930E-01,5.001478E-02,-3.749031E-01,3.017119E-03,-1.812675E-01,5.245843E-02,0.000000E+00,0.000000E+00,-9.422753E-01
2.076000E+00,-3.682517E-01,3.175153E-03,-1.821545E-01,4.563988E-02,-3.750856E-01,3.080327E-03,-1.824405E-01,6.320875E-02,0.000000E+00,0.000000E+00,-7.949712E-01
2.077000E+00,-3.684370E-01,3.217392E-03,-1.853781E-01,4.223925E-02,-3.752712E-01,3.142993E-03,-1.856531E-01,6.266533E-02,0.000000E+00,0.000000E+00,-6.237189E-01
2.078000E+00,-3.686269E-01,3.258964E-03,-1.898921E-01,4.157225E-02,-3.754613E-01,3.208535E-03,-1.901301E-01,6.554262E-02,0.000000E+00,0.000000E+00,-4.227600E-01
2.079000E+00,-3.688224E-01,3.301738E-03,-1.954371E-01,4.277370E-02,-3.756569E-01,3.280083E-03,-1.956058E-01,7.154755E-02,0.000000E+00,0.000000E+00,-1.815387E-01
2.080000E+00,-3.690226E-01,3.346296E-03,-2.001902E-01,4.455825E-02,-3.758573E-01,3.359192E-03,-2.003435E-01,7.910949E-02,0.000000E+00,0.000000E+00,1.081092E-01
2.081000E+00,-3.692236E-01,3.384209E-03,-2.010687E-01,3.791266E-02,-3.760584E-01,3.431637E-03,-2.010839E-01,7.244438E-02,0.000000E+00,0.000000E+00,3.975829E-01
2.082000E+00,-3.694248E-01,3.414908E-03,-2.011483E-01,3.069942E-02,-3.762594E-01,3.492669E-03,-2.010488E-01,6.103258E-02,0.000000E+00,0.000000E+00,6.518543E-01
2.083000E+00,-3.696261E-01,3.438876E-03,-2.012743E-01,2.396732E-02,-3.764606E-01,3.541736E-03,-2.011381E-01,4.906663E-02,0.000000E+00,0.000000E+00,8.622458E-01
2.084000E+00,-3.698275E-01,3.456307E-03,-2.014581E-01,1.743086E-02,-3.766619E-01,3.578391E-03,-2.013599E-01,3.665520E-02,0.000000E+00,0.000000E+00,1.023380E+00
2.085000E+00,-3.700292E-01,3.466951E-03,-2.016854E-01,1.064433E-02,-3.768636E-01,3.602476E-03,-2.016744E-01,2.408453E-02,0.000000E+00,0.000000E+00,1.136017E+00
2.086000E+00,-3.702311E-01,3.470078E-03,-2.019274E-01,3.127278E-03,-3.770656E-01,3.614283E-03,-2.020128E-01,1.180754E-02,0.000000E+00,0.000000E+00,1.208742E+00
2.087000E+00,-3.704333E-01,3.464625E-03,-2.021686E-01,-5.453548E-03,-3.772679E-01,3.614545E-03,-2.023232E-01,2.612142E-04,0.000000E+00,0.000000E+00,1.256600E+00
2.088000E+00,-3.706357E-01,3.449423E-03,-2.024160E-01,-1.520109E-02,-3.774705E-01,3.604233E-03,-2.025941E-01,-1.031200E-02,0.000000E+00,0.000000E+00,1.297532E+00
2.089000E+00,-3.708384E-01,3.423409E-03,-2.026918E-01,-2.601449E-02,-3.776734E-01,3.584350E-03,-2.028442E-01,-1.988278E-02,0.000000E+00,0.000000E+00,1.348877E+00
2.090000E+00,-3.710414E-01,3.385793E-03,-2.030208E-01,-3.761635E-02,-3.778765E-01,3.555757E-03,-2.031031E-01,-2.859323E-02,0.000000E+00,0.000000E+00,1.424454E+00
2.091000E+00,-3.712435E-01,3.345430E-03,-2.021069E-01,-4.036298E-02,-3.780793E-01,3.504611E-03,-2.028139E-01,-5.114547E-02,0.000000E+00,0.000000E+00,1.333982E+00
2.092000E+00,-3.714451E-01,3.290671E-03,-2.015513E-01,-5.475864E-02,-3.782815E-01,3.443961E-03,-2.022380E-01,-6.064954E-02,0.000000E+00,0.000000E+00,1.284503E+00
2.093000E+00,-3.716435E-01,3.242004E-03,-1.984380E-01,-4.866749E-02,-3.784807E-01,3.384309E-03,-1.991653E-01,-5.965293E-02,0.000000E+00,0.000000E+00,1.192351E+00
2.094000E+00,-3.718362E-01,3.242098E-03,-1.926880E-01,9.452897E-05,-3.786741E-01,3.360098E-03,-1.934532E-01,-2.421038E-02,0.000000E+00,0.000000E+00,9.886379E-01
2.095000E+00,-3.720309E-01,3.261557E-03,-1.947043E-01,1.945901E-02,-3.788694E-01,3.358981E-03,-1.952397E-01,-1.116913E-03,0.000000E+00,0.000000E+00,8.162090E-01
2.096000E+00,-3.722318E-01,3.288552E-03,-2.009226E-01,2.699479E-02,-3.790707E-01,3.366917E-03,-2.013544E-01,7.935773E-03,0.000000E+00,0.000000E+00,6.565089E-01
2.097000E+00,-3.724390E-01,3.325301E-03,-2.071811E-01,3.674873E-02,-3.792783E-01,3.377536E-03,-2.076078E-01,1.061923E-02,0.000000E+00,0.000000E+00,4.375908E-01
2.098000E+00,-3.726476E-01,3.360866E-03,-2.085561E-01,3.556575E-02,-3.794872E-01,3.378001E-03,-2.088989E-01,4.646454E-04,0.000000E+00,0.000000E+00,1.435358E-01
2.099000E+00,-3.728565E-01,3.389164E-03,-2.089078E-01,2.829813E-02,-3.796963E-01,3.366134E-03,-2.090255E-01,-1.186695E-02,0.000000E+00,0.000000E+00,-1.929219E-01
2.100000E+00,-3.730658E-01,3.410067E-03,-2.092839E-01,2.090289E-02,-3.799053E-01,3.341380E-03,-2.090777E-01,-2.475348E-02,0.000000E+00,0.000000E+00,-5.753767E-01
2.101000E+00,-3.732753E-01,3.423295E-03,-2.095686E-01,1.322745E-02,-3.801143E-01,3.303416E-03,-2.089220E-01,-3.796482E-02,0.000000E+00,0.000000E+00,-1.004230E+00
2.102000E+00,-3.734876E-01,3.403644E-03,-2.122645E-01,-1.965116E-02,-3.803263E-01,3.272717E-03,-2.120748E-01,-3.069820E-02,0.000000E+00,0.000000E+00,-1.096780E+00
2.103000E+00,-3.737003E-01,3.375209E-03,-2.127328E-01,-2.843507E-02,-3.805392E-01,3.250353E-03,-2.128493E-01,-2.236476E-02,0.000000E+00,0.000000E+00,-1.045923E+00
2.104000E+00,-3.739112E-01,3.349260E-03,-2.108652E-01,-2.594844E-02,-3.807506E-01,3.257715E-03,-2.113916E-01,7.362449E-03,0.000000E+00,0.000000E+00,-7.668562E-01
2.105000E+00,-3.741184E-01,3.320478E-03,-2.072131E-01,-2.878176E-02,-3.809583E-01,3.274640E-03,-2.076721E-01,1.692446E-02,0.000000E+00,0.000000E+00,-3.839746E-01
2.106000E+00,-3.743218E-01,3.288711E-03,-2.033997E-01,-3.176749E-02,-3.811618E-01,3.303303E-03,-2.035383E-01,2.866383E-02,0.000000E+00,0.000000E+00,1.222360E-01
2.107000E+00,-3.745224E-01,3.252758E-03,-2.005834E-01,-3.595276E-02,-3.813618E-01,3.338849E-03,-2.000535E-01,3.554569E-02,0.000000E+00,0.000000E+00,7.211676E-01
2.108000E+00,-3.747233E-01,3.207004E-03,-2.009136E-01,-4.575381E-02,-3.815615E-01,3.364266E-03,-1.996389E-01,2.541649E-02,0.000000E+00,0.000000E+00,1.317430E+00
2.109000E+00,-3.749245E-01,3.150866E-03,-2.012230E-01,-5.613799E-02,-3.817607E-01,3.379984E-03,-1.991804E-01,1.571839E-02,0.000000E+00,0.000000E+00,1.919588E+00
2.110000E+00,-3.751177E-01,3.123026E-03,-1.931437E-01,-2.784024E-02,-3.819522E-01,3.394938E-03,-1.915386E-01,1.495410E-02,0.000000E+00,0.000000E+00,2.278313E+00
2.111000E+00,-3.753024E-01,3.134319E-03,-1.847343E-01,1.129328E-02,-3.821382E-01,3.371890E-03,-1.859766E-01,-2.304766E-02,0.000000E+00,0.000000E+00,1.990462E+00
2.112000E+00,-3.754839E-01,3.155171E-03,-1.815207E-01,2.085177E-02,-3.823214E-01,3.334626E-03,-1.832302E-01,-3.726451E-02,0.000000E+00,0.000000E+00,1.503425E+00
2.113000E+00,-3.756637E-01,3.161465E-03,-1.798009E-01,6.294285E-03,-3.825020E-01,3.303891E-03,-1.805596E-01,-3.073529E-02,0.000000E+00,0.000000E+00,1.193170E+00
2.114000E+00,-3.758431E-01,3.160643E-03,-1.793738E-01,-8.224562E-04,-3.826818E-01,3.266333E-03,-1.798443E-01,-3.755809E-02,0.000000E+00,0.000000E+00,8.854133E-01
2.115000E+00,-3.760234E-01,3.150321E-03,-1.803470E-01,-1.032200E-02,-3.828624E-01,3.216884E-03,-1.805386E-01,-4.944856E-02,0.000000E+00,0.000000E+00,5.576422E-01
2.116000E+00,-3.762085E-01,3.141541E-03,-1.850587E-01,-8.780167E-03,-3.830473E-01,3.180677E-03,-1.849353E-01,-3.620733E-02,0.000000E+00,0.000000E+00,3.278797E-01
2.117000E+00,-3.764057E-01,3.145671E-03,-1.971441E-01,4.130388E-03,-3.832442E-01,3.195755E-03,-1.968686E-01,1.507788E-02,0.000000E+00,0.000000E+00,4.196116E-01
2.118000E+00,-3.766088E-01,3.148127E-03,-2.031709E-01,2.456162E-03,-3.834469E-01,3.229205E-03,-2.027565E-01,3.345058E-02,0.000000E+00,0.000000E+00,6.793122E-01
2.119000E+00,-3.768164E-01,3.146854E-03,-2.075790E-01,-1.273365E-03,-3.836538E-01,3.272933E-03,-2.068502E-01,4.372775E-02,0.000000E+00,0.000000E+00,1.056397E+00
2.120000E+00,-3.770273E-01,3.140584E-03,-2.108939E-01,-6.270006E-03,-3.838634E-01,3.321546E-03,-2.096693E-01,4.861325E-02,0.000000E+00,0.000000E+00,1.516346E+00
2.121000E+00,-3.772388E-01,3.126600E-03,-2.114862E-01,-1.398386E-02,-3.840733E-01,3.361928E-03,-2.098507E-01,4.038192E-02,0.000000E+00,0.000000E+00,1.972049E+00
2.122000E+00,-3.774502E-01,3.104382E-03,-2.114243E-01,-2.221787E-02,-3.842828E-01,3.391038E-03,-2.094859E-01,2.911026E-02,0.000000E+00,0.000000E+00,2.402401E+00
2.123000E+00,-3.776621E-01,3.096004E-03,-2.118929E-01,-8.377821E-03,-3.844945E-01,3.388282E-03,-2.117247E-01,-2.756411E-03,0.000000E+00,0.000000E+00,2.449516E+00
2.124000E+00,-3.778724E-01,3.102977E-03,-2.102850E-01,6.972146E-03,-3.847059E-01,3.368198E-03,-2.114365E-01,-2.008383E-02,0.000000E+00,0.000000E+00,2.222631E+00
2.125000E+00,-3.780781E-01,3.141408E-03,-2.057330E-01,3.843183E-02,-3.849138E-01,3.343191E-03,-2.078431E-01,-2.500662E-02,0.000000E+00,0.000000E+00,1.690834E+00
2.126000E+00,-3.782822E-01,3.193966E-03,-2.041182E-01,5.255808E-02,-3.851197E-01,3.312049E-03,-2.059655E-01,-3.114219E-02,0.000000E+00,0.000000E+00,9.893921E-01
2.127000E+00,-3.784882E-01,3.249041E-03,-2.059633E-01,5.507463E-02,-3.853266E-01,3.271919E-03,-2.068350E-01,-4.012986E-02,0.000000E+00,0.000000E+00,1.916866E-01
2.128000E+00,-3.786974E-01,3.307880E-03,-2.091586E-01,5.883868E-02,-3.855352E-01,3.223962E-03,-2.086014E-01,-4.795692E-02,0.000000E+00,0.000000E+00,-7.031286E-01
2.129000E+00,-3.789091E-01,3.346487E-03,-2.117664E-01,3.860749E-02,-3.857452E-01,3.175737E-03,-2.100173E-01,-4.822516E-02,0.000000E+00,0.000000E+00,-1.430825E+00
2.130000E+00,-3.791221E-01,3.369205E-03,-2.129585E-01,2.271725E-02,-3.859556E-01,3.122079E-03,-2.104320E-01,-5.365786E-02,0.000000E+00,0.000000E+00,-2.071115E+00
2.131000E+00,-3.793320E-01,3.396075E-03,-2.099036E-01,2.687093E-02,-3.861643E-01,3.122443E-03,-2.086663E-01,3.635665E-04,0.000000E+00,0.000000E+00,-2.293458E+00
2.132000E+00,-3.795397E-01,3.422647E-03,-2.076772E-01,2.657118E-02,-3.863718E-01,3.150636E-03,-2.074982E-01,2.819342E-02,0.000000E+00,0.000000E+00,-2.279935E+00
2.133000E+00,-3.797462E-01,3.444553E-03,-2.065290E-01,2.190665E-02,-3.865785E-01,3.183184E-03,-2.066832E-01,3.254748E-02,0.000000E+00,0.000000E+00,-2.190785E+00
2.134000E+00,-3.799511E-01,3.452280E-03,-2.049511E-01,7.726354E-03,-3.867844E-01,3.222153E-03,-2.059510E-01,3.896868E-02,0.000000E+00,0.000000E+00,-1.928843E+00
2.135000E+00,-3.801548E-01,3.450099E-03,-2.037037E-01,-2.180453E-03,-3.869892E-01,3.257992E-03,-2.048142E-01,3.583981E-02,0.000000E+00,0.000000E+00,-1.610093E+00
2.136000E+00,-3.803580E-01,3.440418E-03,-2.031316E-01,-9.680913E-03,-3.871932E-01,3.284726E-03,-2.040004E-01,2.673364E-02,0.000000E+00,0.000000E+00,-1.304846E+00
2.137000E+00,-3.805612E-01,3.422472E-03,-2.031783E-01,-1.794596E-02,-3.873970E-01,3.299005E-03,-2.038059E-01,1.427856E-02,0.000000E+00,0.000000E+00,-1.034746E+00
2.138000E+00,-3.807644E-01,3.395290E-03,-2.032622E-01,-2.718199E-02,-3.876008E-01,3.301180E-03,-2.037192E-01,2.175762E-03,0.000000E+00,0.000000E+00,-7.886906E-01
2.139000E+00,-3.809678E-01,3.358939E-03,-2.034055E-01,-3.635136E-02,-3.878045E-01,3.297916E-03,-2.037621E-01,-3.264209E-03,0.000000E+00,0.000000E+00,-5.113950E-01
2.140000E+00,-3.811718E-01,3.315816E-03,-2.040207E-01,-4.312259E-02,-3.880087E-01,3.303343E-03,-2.042131E-01,5.426648E-03,0.000000E+00,0.000000E+00,-1.045329E-01
2.141000E+00,-3.813746E-01,3.277711E-03,-2.027163E-01,-3.810489E-02,-3.882112E-01,3.312098E-03,-2.024780E-01,8.754856E-03,0.000000E+00,0.000000E+00,2.881771E-01
2.142000E+00,-3.815712E-01,3.270828E-03,-1.966406E-01,-6.883169E-03,-3.884074E-01,3.321795E-03,-1.961913E-01,9.697382E-03,0.000000E+00,0.000000E+00,4.271559E-01
2.143000E+00,-3.817684E-01,3.273332E-03,-1.972093E-01,2.503989E-03,-3.886043E-01,3.324631E-03,-1.968564E-01,2.836350E-03,0.000000E+00,0.000000E+00,4.299635E-01
2.144000E+00,-3.819686E-01,3.282583E-03,-2.001854E-01,9.251116E-03,-3.888043E-01,3.320416E-03,-2.000186E-01,-4.215132E-03,0.000000E+00,0.000000E+00,3.171066E-01
2.145000E+00,-3.821713E-01,3.295687E-03,-2.027298E-01,1.310375E-02,-3.890069E-01,3.308202E-03,-2.026555E-01,-1.221392E-02,0.000000E+00,0.000000E+00,1.049017E-01
2.146000E+00,-3.823745E-01,3.300107E-03,-2.031396E-01,4.419576E-03,-3.892099E-01,3.284655E-03,-2.029855E-01,-2.354721E-02,0.000000E+00,0.000000E+00,-1.295172E-01
2.147000E+00,-3.825768E-01,3.285170E-03,-2.023225E-01,-1.493669E-02,-3.894121E-01,3.259246E-03,-2.021443E-01,-2.540940E-02,0.000000E+00,0.000000E+00,-2.173058E-01
2.148000E+00,-3.827763E-01,3.244059E-03,-1.994829E-01,-4.111110E-02,-3.896114E-01,3.242129E-03,-1.993441E-01,-1.711695E-02,0.000000E+00,0.000000E+00,-1.617958E-02
2.149000E+00,-3.829748E-01,3.231601E-03,-1.984830E-01,-1.245765E-02,-3.898098E-01,3.246928E-03,-1.983709E-01,4.799334E-03,0.000000E+00,0.000000E+00,1.284795E-01
2.150000E+00,-3.831784E-01,3.250299E-03,-2.036709E-01,1.869807E-02,-3.900136E-01,3.263809E-03,-2.038068E-01,1.688062E-02,0.000000E+00,0.000000E+00,1.132423E-01
2.151000E+00,-3.833857E-01,3.274912E-03,-2.072693E-01,2.461216E-02,-3.902211E-01,3.283084E-03,-2.075323E-01,1.927534E-02,0.000000E+00,0.000000E+00,6.850388E-02
2.152000E+00,-3.835956E-01,3.297768E-03,-2.098593E-01,2.285598E-02,-3.904313E-01,3.298190E-03,-2.101290E-01,1.510623E-02,0.000000E+00,0.000000E+00,3.543931E-03
2.153000E+00,-3.838081E-01,3.315842E-03,-2.125924E-01,1.807452E-02,-3.906441E-01,3.311024E-03,-2.128352E-01,1.283363E-02,0.000000E+00,0.000000E+00,-4.038291E-02
2.154000E+00,-3.840218E-01,3.324987E-03,-2.136911E-01,9.145036E-03,-3.908579E-01,3.315185E-03,-2.138617E-01,4.160754E-03,0.000000E+00,0.000000E+00,-8.215682E-02
2.155000E+00,-3.842355E-01,3.325823E-03,-2.136616E-01,8.358328E-04,-3.910718E-01,3.308679E-03,-2.138199E-01,-6.506065E-03,0.000000E+00,0.000000E+00,-1.436882E-01
2.156000E+00,-3.844492E-01,3.318841E-03,-2.136600E-01,-6.981428E-03,-3.912856E-01,3.291186E-03,-2.137982E-01,-1.749266E-02,0.000000E+00,0.000000E+00,-2.317788E-01
2.157000E+00,-3.846629E-01,3.304449E-03,-2.137143E-01,-1.439232E-02,-3.914994E-01,3.262361E-03,-2.138179E-01,-2.882546E-02,0.000000E+00,0.000000E+00,-3.527341E-01
2.158000E+00,-3.848767E-01,3.282867E-03,-2.138466E-01,-2.158175E-02,-3.917133E-01,3.221894E-03,-2.138913E-01,-4.046641E-02,0.000000E+00,0.000000E+00,-5.109911E-01
2.159000E+00,-3.850979E-01,3.274668E-03,-2.212230E-01,-8.199346E-03,-3.919350E-01,3.222175E-03,-2.217419E-01,2.812249E-04,0.000000E+00,0.000000E+00,-4.398887E-01
2.160000E+00,-3.853213E-01,3.284772E-03,-2.233216E-01,1.010428E-02,-3.921586E-01,3.240231E-03,-2.236173E-01,1.805607E-02,0.000000E+00,0.000000E+00,-3.732386E-01
2.161000E+00,-3.855429E-01,3.291063E-03,-2.216227E-01,6.290975E-03,-3.923805E-01,3.258341E-03,-2.218638E-01,1.810961E-02,0.000000E+00,0.000000E+00,-2.741943E-01
2.162000E+00,-3.857618E-01,3.293465E-03,-2.188915E-01,2.401638E-03,-3.925996E-01,3.277535E-03,-2.191145E-01,1.919432E-02,0.000000E+00,0.000000E+00,-1.334775E-01
2.163000E+00,-3.859795E-01,3.287109E-03,-2.176757E-01,-6.355993E-03,-3.928175E-01,3.295076E-03,-2.178439E-01,1.754070E-02,0.000000E+00,0.000000E+00,6.675640E-02
2.164000E+00,-3.861956E-01,3.273710E-03,-2.161237E-01,-1.339867E-02,-3.930337E-01,3.308558E-03,-2.162127E-01,1.348201E-02,0.000000E+00,0.000000E+00,2.919840E-01
2.165000E+00,-3.864085E-01,3.262118E-03,-2.129203E-01,-1.159193E-02,-3.932466E-01,3.319170E-03,-2.129362E-01,1.061205E-02,0.000000E+00,0.000000E+00,4.780195E-01
2.166000E+00,-3.866197E-01,3.249657E-03,-2.111621E-01,-1.246165E-02,-3.934580E-01,3.312225E-03,-2.113703E-01,-6.945168E-03,0.000000E+00,0.000000E+00,5.242221E-01
2.167000E+00,-3.868305E-01,3.230709E-03,-2.108714E-01,-1.894744E-02,-3.936691E-01,3.290976E-03,-2.111688E-01,-2.124873E-02,0.000000E+00,0.000000E+00,5.049200E-01
2.168000E+00,-3.870416E-01,3.202424E-03,-2.110911E-01,-2.828514E-02,-3.938805E-01,3.258918E-03,-2.113804E-01,-3.205816E-02,0.000000E+00,0.000000E+00,4.732909E-01
2.169000E+00,-3.872529E-01,3.164774E-03,-2.113186E-01,-3.765031E-02,-3.940921E-01,3.216148E-03,-2.115895E-01,-4.277018E-02,0.000000E+00,0.000000E+00,4.303826E-01
2.170000E+00,-3.874645E-01,3.117950E-03,-2.115234E-01,-4.682359E-02,-3.943039E-01,3.162396E-03,-2.117718E-01,-5.375158E-02,0.000000E+00,0.000000E+00,3.723321E-01
2.171000E+00,-3.876762E-01,3.062127E-03,-2.117043E-01,-5.582331E-02,-3.945158E-01,3.097416E-03,-2.119232E-01,-6.497987E-02,0.000000E+00,0.000000E+00,2.956181E-01
2.172000E+00,-3.878809E-01,3.022807E-03,-2.047232E-01,-3.931993E-02,-3.947207E-01,3.049419E-03,-2.048791E-01,-4.799748E-02,0.000000E+00,0.000000E+00,2.229225E-01
2.173000E+00,-3.880676E-01,3.049065E-03,-1.867165E-01,2.625809E-02,-3.949075E-01,3.068596E-03,-1.867895E-01,1.917739E-02,0.000000E+00,0.000000E+00,1.636076E-01
2.174000E+00,-3.882519E-01,3.091332E-03,-1.842522E-01,4.226718E-02,-3.950918E-01,3.107173E-03,-1.842992E-01,3.857676E-02,0.000000E+00,0.000000E+00,1.326933E-01
2.175000E+00,-3.884356E-01,3.135433E-03,-1.837390E-01,4.410075E-02,-3.952756E-01,3.151820E-03,-1.837726E-01,4.464725E-02,0.000000E+00,0.000000E+00,1.372704E-01
2.176000E+00,-3.886226E-01,3.178611E-03,-1.870280E-01,4.317758E-02,-3.954626E-01,3.193875E-03,-1.870530E-01,4.205459E-02,0.000000E+00,0.000000E+00,1.278631E-01
2.177000E+00,-3.888139E-01,3.223439E-03,-1.912925E-01,4.482853E-02,-3.956539E-01,3.235676E-03,-1.913063E-01,4.180141E-02,0.000000E+00,0.000000E+00,1.025060E-01
2.178000E+00,-3.890104E-01,3.272319E-03,-1.965045E-01,4.887982E-02,-3.958504E-01,3.279692E-03,-1.965029E-01,4.401583E-02,0.000000E+00,0.000000E+00,6.176248E-02
2.179000E+00,-3.892129E-01,3.327381E-03,-2.025179E-01,5.506217E-02,-3.960529E-01,3.327562E-03,-2.024962E-01,4.786989E-02,0.000000E+00,0.000000E+00,1.515698E-03
2.180000E+00,-3.894173E-01,3.379807E-03,-2.043658E-01,5.242634E-02,-3.962572E-01,3.365307E-03,-2.043131E-01,3.774533E-02,0.000000E+00,0.000000E+00,-1.214623E-01
2.181000E+00,-3.896216E-01,3.423847E-03,-2.042978E-01,4.403947E-02,-3.964614E-01,3.391490E-03,-2.041859E-01,2.618221E-02,0.000000E+00,0.000000E+00,-2.710494E-01
2.182000E+00,-3.898258E-01,3.460147E-03,-2.041978E-01,3.630023E-02,-3.966654E-01,3.405524E-03,-2.039925E-01,1.403421E-02,0.000000E+00,0.000000E+00,-4.575739E-01
2.183000E+00,-3.900299E-01,3.489272E-03,-2.040858E-01,2.912435E-02,-3.968691E-01,3.406899E-03,-2.037316E-01,1.375085E-03,0.000000E+00,0.000000E+00,-6.900436E-01
2.184000E+00,-3.902339E-01,3.511557E-03,-2.039867E-01,2.228571E-02,-3.970725E-01,3.395297E-03,-2.034058E-01,-1.160145E-02,0.000000E+00,0.000000E+00,-9.739557E-01
2.185000E+00,-3.904378E-01,3.526939E-03,-2.039147E-01,1.538204E-02,-3.972756E-01,3.370777E-03,-2.030186E-01,-2.451998E-02,0.000000E+00,0.000000E+00,-1.308301E+00
2.186000E+00,-3.906417E-01,3.534880E-03,-2.038682E-01,7.940309E-03,-3.974781E-01,3.333919E-03,-2.025848E-01,-3.685879E-02,0.000000E+00,0.000000E+00,-1.683746E+00
2.187000E+00,-3.908455E-01,3.534487E-03,-2.038430E-01,-3.923554E-04,-3.976803E-01,3.285762E-03,-2.021469E-01,-4.815685E-02,0.000000E+00,0.000000E+00,-2.084137E+00
2.188000E+00,-3.910493E-01,3.524723E-03,-2.038318E-01,-9.764388E-03,-3.978820E-01,3.227554E-03,-2.017612E-01,-5.820796E-02,0.000000E+00,0.000000E+00,-2.490343E+00
2.189000E+00,-3.912531E-01,3.504572E-03,-2.038096E-01,-2.015100E-02,-3.980835E-01,3.160488E-03,-2.014623E-01,-6.706613E-02,0.000000E+00,0.000000E+00,-2.883873E+00
2.190000E+00,-3.914545E-01,3.476341E-03,-2.013327E-01,-2.823063E-02,-3.982829E-01,3.097770E-03,-1.993999E-01,-6.271723E-02,0.000000E+00,0.000000E+00,-3.173249E+00
2.191000E+00,-3.916497E-01,3.444380E-03,-1.951987E-01,-3.196081E-02,-3.984777E-01,3.057476E-03,-1.947389E-01,-4.029433E-02,0.000000E+00,0.000000E+00,-3.243172E+00
2.192000E+00,-3.918409E-01,3.387944E-03,-1.912004E-01,-5.643686E-02,-3.986703E-01,3.028167E-03,-1.926125E-01,-2.930914E-02,0.000000E+00,0.000000E+00,-3.015591E+00
2.193000E+00,-3.920311E-01,3.315163E-03,-1.901940E-01,-7.278024E-02,-3.988624E-01,2.995302E-03,-1.920944E-01,-3.286509E-02,0.000000E+00,0.000000E+00,-2.680802E+00
2.194000E+00,-3.922216E-01,3.226482E-03,-1.905322E-01,-8.868137E-02,-3.990551E-01,2.957657E-03,-1.927060E-01,-3.764540E-02,0.000000E+00,0.000000E+00,-2.252829E+00
2.195000E+00,-3.924091E-01,3.207137E-03,-1.875015E-01,-1.934460E-02,-3.992431E-01,2.947206E-03,-1.880646E-01,-1.045065E-02,0.000000E+00,0.000000E+00,-2.178189E+00
2.196000E+00,-3.925991E-01,3.228365E-03,-1.899728E-01,2.122781E-02,-3.994332E-01,2.963377E-03,-1.900514E-01,1.617102E-02,0.000000E+00,0.000000E+00,-2.220497E+00
2.197000E+00,-3.927958E-01,3.273867E-03,-1.967370E-01,4.550152E-02,-3.996302E-01,3.013535E-03,-1.970433E-01,5.015806E-02,0.000000E+00,0.000000E+00,-2.181417E+00
2.198000E+00,-3.929988E-01,3.338717E-03,-2.030311E-01,6.484989E-02,-3.998330E-01,3.071487E-03,-2.027971E-01,5.795163E-02,0.000000E+00,0.000000E+00,-2.239239E+00
2.199000E+00,-3.932041E-01,3.391904E-03,-2.052527E-01,5.318751E-02,-4.000386E-01,3.132157E-03,-2.055381E-01,6.066996E-02,0.000000E+00,0.000000E+00,-2.176510E+00
2.200000E+00,-3.934108E-01,3.411395E-03,-2.067292E-01,1.949054E-02,-4.002468E-01,3.196521E-03,-2.082771E-01,6.436476E-02,0.000000E+00,0.000000E+00,-1.800360E+00
2.201000E+00,-3.936191E-01,3.414525E-03,-2.082915E-01,3.129930E-03,-4.004567E-01,3.257292E-03,-2.098615E-01,6.077046E-02,0.000000E+00,0.000000E+00,-1.317306E+00
2.202000E+00,-3.938285E-01,3.402037E-03,-2.093337E-01,-1.248749E-02,-4.006673E-01,3.311130E-03,-2.105640E-01,5.383843E-02,0.000000E+00,0.000000E+00,-7.615757E-01
2.203000E+00,-3.940395E-01,3.377460E-03,-2.110609E-01,-2.457749E-02,-4.008789E-01,3.354853E-03,-2.116793E-01,4.372302E-02,0.000000E+00,0.000000E+00,-1.893787E-01
2.204000E+00,-3.942526E-01,3.345117E-03,-2.130829E-01,-3.234295E-02,-4.010920E-01,3.385580E-03,-2.130631E-01,3.072649E-02,0.000000E+00,0.000000E+00,3.389678E-01
2.205000E+00,-3.944655E-01,3.306134E-03,-2.129442E-01,-3.898256E-02,-4.013045E-01,3.401515E-03,-2.124575E-01,1.593518E-02,0.000000E+00,0.000000E+00,7.990394E-01
2.206000E+00,-3.946807E-01,3.274841E-03,-2.151238E-01,-3.129271E-02,-4.015189E-01,3.410120E-03,-2.144895E-01,8.604762E-03,0.000000E+00,0.000000E+00,1.133305E+00
2.207000E+00,-3.948988E-01,3.268251E-03,-2.181526E-01,-6.590743E-03,-4.017368E-01,3.416683E-03,-2.178766E-01,6.563015E-03,0.000000E+00,0.000000E+00,1.243519E+00
2.208000E+00,-3.951143E-01,3.265127E-03,-2.155267E-01,-3.123827E-03,-4.019523E-01,3.415617E-03,-2.155009E-01,-1.065388E-03,0.000000E+00,0.000000E+00,1.260763E+00
2.209000E+00,-3.953271E-01,3.265319E-03,-2.127913E-01,1.920099E-04,-4.021653E-01,3.407355E-03,-2.130130E-01,-8.261977E-03,0.000000E+00,0.000000E+00,1.189921E+00
2.210000E+00,-3.955382E-01,3.264204E-03,-2.110237E-01,-1.115228E-03,-4.023767E-01,3.390920E-03,-2.113755E-01,-1.643502E-02,0.000000E+00,0.000000E+00,1.061555E+00
2.211000E+00,-3.957451E-01,3.273438E-03,-2.068964E-01,9.234543E-03,-4.025842E-01,3.369316E-03,-2.074701E-01,-2.160455E-02,0.000000E+00,0.000000E+00,8.031759E-01
2.212000E+00,-3.959508E-01,3.279273E-03,-2.057109E-01,5.834473E-03,-4.027904E-01,3.339480E-03,-2.061854E-01,-2.983564E-02,0.000000E+00,0.000000E+00,5.043491E-01
2.213000E+00,-3.961537E-01,3.290255E-03,-2.029213E-01,1.098287E-02,-4.029936E-01,3.303393E-03,-2.032386E-01,-3.608734E-02,0.000000E+00,0.000000E+00,1.100470E-01
2.214000E+00,-3.963540E-01,3.294841E-03,-2.003609E-01,4.585410E-03,-4.031940E-01,3.273492E-03,-2.003887E-01,-2.990055E-02,0.000000E+00,0.000000E+00,-1.788290E-01
2.215000E+00,-3.965478E-01,3.294049E-03,-1.937237E-01,-7.916259E-04,-4.033877E-01,3.274345E-03,-1.937430E-01,8.527713E-04,0.000000E+00,0.000000E+00,-1.650542E-01
2.216000E+00,-3.967454E-01,3.318417E-03,-1.976455E-01,2.436786E-02,-4.035853E-01,3.277933E-03,-1.975290E-01,3.587938E-03,0.000000E+00,0.000000E+00,-3.391218E-01
2.217000E+00,-3.969474E-01,3.352586E-03,-2.019835E-01,3.416867E-02,-4.037869E-01,3.276986E-03,-2.016135E-01,-9.464509E-04,0.000000E+00,0.000000E+00,-6.332849E-01
2.218000E+00,-3.971539E-01,3.390243E-03,-2.064823E-01,3.765719E-02,-4.039926E-01,3.270770E-03,-2.057274E-01,-6.216605E-03,0.000000E+00,0.000000E+00,-1.000859E+00
2.219000E+00,-3.973626E-01,3.427056E-03,-2.087302E-01,3.681278E-02,-4.041999E-01,3.249230E-03,-2.072527E-01,-2.154029E-02,0.000000E+00,0.000000E+00,-1.489837E+00
2.220000E+00,-3.975727E-01,3.460788E-03,-2.100943E-01,3.373268E-02,-4.044073E-01,3.209460E-03,-2.074790E-01,-3.976989E-02,0.000000E+00,0.000000E+00,-2.105977E+00
2.221000E+00,-3.977835E-01,3.486866E-03,-2.107860E-01,2.607792E-02,-4.046144E-01,3.156873E-03,-2.070531E-01,-5.258711E-02,0.000000E+00,0.000000E+00,-2.765748E+00
2.222000E+00,-3.979902E-01,3.481202E-03,-2.066633E-01,-5.664305E-03,-4.048186E-01,3.111484E-03,-2.042196E-01,-4.538857E-02,0.000000E+00,0.000000E+00,-3.099179E+00
2.223000E+00,-3.981939E-01,3.460697E-03,-2.037279E-01,-2.050488E-02,-4.050220E-01,3.093651E-03,-2.034118E-01,-1.783340E-02,0.000000E+00,0.000000E+00,-3.076970E+00
2.224000E+00,-3.983991E-01,3.445567E-03,-2.051775E-01,-1.513007E-02,-4.052287E-01,3.118899E-03,-2.067051E-01,2.524818E-02,0.000000E+00,0.000000E+00,-2.738413E+00
2.225000E+00,-3.986056E-01,3.423128E-03,-2.065583E-01,-2.243918E-02,-4.054369E-01,3.146824E-03,-2.081761E-01,2.792493E-02,0.000000E+00,0.000000E+00,-2.316172E+00
2.226000E+00,-3.988140E-01,3.390780E-03,-2.083875E-01,-3.234789E-02,-4.056467E-01,3.173613E-03,-2.098413E-01,2.678960E-02,0.000000E+00,0.000000E+00,-1.820433E+00
2.227000E+00,-3.990250E-01,3.347378E-03,-2.109459E-01,-4.340222E-02,-4.058588E-01,3.201799E-03,-2.120814E-01,2.818543E-02,0.000000E+00,0.000000E+00,-1.220362E+00
2.228000E+00,-3.992392E-01,3.294043E-03,-2.141976E-01,-5.333487E-02,-4.060735E-01,3.233726E-03,-2.146524E-01,3.192700E-02,0.000000E+00,0.000000E+00,-5.056573E-01
2.229000E+00,-3.994566E-01,3.235780E-03,-2.174565E-01,-5.826255E-02,-4.062903E-01,3.268071E-03,-2.168390E-01,3.434563E-02,0.000000E+00,0.000000E+00,2.707348E-01
2.230000E+00,-3.996765E-01,3.171636E-03,-2.198634E-01,-6.414433E-02,-4.065083E-01,3.300175E-03,-2.179397E-01,3.210410E-02,0.000000E+00,0.000000E+00,1.077887E+00
2.231000E+00,-3.998971E-01,3.099745E-03,-2.206172E-01,-7.189054E-02,-4.067257E-01,3.321632E-03,-2.173995E-01,2.145668E-02,0.000000E+00,0.000000E+00,1.861105E+00
2.232000E+00,-4.001185E-01,3.020452E-03,-2.213631E-01,-7.929315E-02,-4.069427E-01,3.332280E-03,-2.170073E-01,1.064802E-02,0.000000E+00,0.000000E+00,2.616270E+00
2.233000E+00,-4.003366E-01,2.970225E-03,-2.181030E-01,-5.022705E-02,-4.071579E-01,3.326944E-03,-2.152469E-01,-5.336390E-03,0.000000E+00,0.000000E+00,2.993517E+00
2.234000E+00,-4.005453E-01,3.002525E-03,-2.087669E-01,3.229987E-02,-4.073691E-01,3.301683E-03,-2.112216E-01,-2.526062E-02,0.000000E+00,0.000000E+00,2.510255E+00
2.235000E+00,-4.007557E-01,3.067319E-03,-2.103643E-01,6.479379E-02,-4.075823E-01,3.298147E-03,-2.131895E-01,-3.536125E-03,0.000000E+00,0.000000E+00,1.936594E+00
2.236000E+00,-4.009678E-01,3.136249E-03,-2.121159E-01,6.893042E-02,-4.077969E-01,3.292372E-03,-2.145583E-01,-5.774981E-03,0.000000E+00,0.000000E+00,1.309636E+00
2.237000E+00,-4.011810E-01,3.204863E-03,-2.131651E-01,6.861353E-02,-4.080117E-01,3.282498E-03,-2.148523E-01,-9.873790E-03,0.000000E+00,0.000000E+00,6.511690E-01
2.238000E+00,-4.013966E-01,3.272077E-03,-2.156080E-01,6.721431E-02,-4.082282E-01,3.262935E-03,-2.164412E-01,-1.956334E-02,0.000000E+00,0.000000E+00,-7.667520E-02
2.239000E+00,-4.016117E-01,3.340585E-03,-2.151354E-01,6.850732E-02,-4.084429E-01,3.244145E-03,-2.147325E-01,-1.878968E-02,0.000000E+00,0.000000E+00,-8.088177E-01
2.240000E+00,-4.018249E-01,3.386659E-03,-2.131846E-01,4.607460E-02,-4.086555E-01,3.232321E-03,-2.126365E-01,-1.182393E-02,0.000000E+00,0.000000E+00,-1.294371E+00
2.241000E+00,-4.020376E-01,3.416894E-03,-2.127533E-01,3.023538E-02,-4.088678E-01,3.216657E-03,-2.122292E-01,-1.566402E-02,0.000000E+00,0.000000E+00,-1.679245E+00
2.242000E+00,-4.022508E-01,3.436711E-03,-2.131707E-01,1.981666E-02,-4.090802E-01,3.191612E-03,-2.123893E-01,-2.504513E-02,0.000000E+00,0.000000E+00,-2.055410E+00
2.243000E+00,-4.024646E-01,3.445825E-03,-2.138240E-01,9.113844E-03,-4.092929E-01,3.156539E-03,-2.127583E-01,-3.507322E-02,0.000000E+00,0.000000E+00,-2.425934E+00
2.244000E+00,-4.026790E-01,3.445211E-03,-2.143537E-01,-6.142832E-04,-4.095059E-01,3.110806E-03,-2.129423E-01,-4.573307E-02,0.000000E+00,0.000000E+00,-2.804313E+00
2.245000E+00,-4.028938E-01,3.435435E-03,-2.147583E-01,-9.775385E-03,-4.097188E-01,3.053883E-03,-2.129174E-01,-5.692310E-02,0.000000E+00,0.000000E+00,-3.199783E+00
2.246000E+00,-4.031089E-01,3.416444E-03,-2.151007E-01,-1.899093E-02,-4.099316E-01,2.985830E-03,-2.127846E-01,-6.805249E-02,0.000000E+00,0.000000E+00,-3.611420E+00
2.247000E+00,-4.033194E-01,3.385073E-03,-2.105448E-01,-3.137134E-02,-4.101419E-01,2.943008E-03,-2.102940E-01,-4.282215E-02,0.000000E+00,0.000000E+00,-3.707326E+00
2.248000E+00,-4.035187E-01,3.334812E-03,-1.993452E-01,-5.026079E-02,-4.103466E-01,2.979343E-03,-2.047258E-01,3.633488E-02,0.000000E+00,0.000000E+00,-2.980226E+00
2.249000E+00,-4.037129E-01,3.271392E-03,-1.941528E-01,-6.342002E-02,-4.105465E-01,3.045558E-03,-1.999212E-01,6.621461E-02,0.000000E+00,0.000000E+00,-1.892800E+00
2.250000E+00,-4.039070E-01,3.212910E-03,-1.941519E-01,-5.848230E-02,-4.107439E-01,3.110266E-03,-1.973441E-01,6.470863E-02,0.000000E+00,0.000000E+00,-8.601402E-01
2.251000E+00,-4.040955E-01,3.212132E-03,-1.884301E-01,-7.778275E-04,-4.109330E-01,3.173319E-03,-1.891549E-01,6.305306E-02,0.000000E+00,0.000000E+00,-3.252326E-01
2.252000E+00,-4.042842E-01,3.230816E-03,-1.887286E-01,1.868363E-02,-4.111218E-01,3.238019E-03,-1.887876E-01,6.469935E-02,0.000000E+00,0.000000E+00,6.035680E-02
2.253000E+00,-4.044768E-01,3.254226E-03,-1.925933E-01,2.341025E-02,-4.113141E-01,3.302460E-03,-1.923524E-01,6.444102E-02,0.000000E+00,0.000000E+00,4.041829E-01
2.254000E+00,-4.046723E-01,3.284200E-03,-1.954671E-01,2.997434E-02,-4.115093E-01,3.355281E-03,-1.951761E-01,5.282094E-02,0.000000E+00,0.000000E+00,5.956440E-01
2.255000E+00,-4.048709E-01,3.325962E-03,-1.986070E-01,4.176158E-02,-4.117079E-01,3.395062E-03,-1.985352E-01,3.978176E-02,0.000000E+00,0.000000E+00,5.790606E-01
2.256000E+00,-4.050703E-01,3.365407E-03,-1.994456E-01,3.944474E-02,-4.119073E-01,3.423153E-03,-1.994592E-01,2.809066E-02,0.000000E+00,0.000000E+00,4.839175E-01
2.257000E+00,-4.052697E-01,3.397544E-03,-1.994205E-01,3.213746E-02,-4.121068E-01,3.439554E-03,-1.994440E-01,1.640129E-02,0.000000E+00,0.000000E+00,3.520503E-01
2.258000E+00,-4.054692E-01,3.422883E-03,-1.994467E-01,2.533877E-02,-4.123062E-01,3.443803E-03,-1.994560E-01,4.249076E-03,0.000000E+00,0.000000E+00,1.753176E-01
2.259000E+00,-4.056688E-01,3.441666E-03,-1.995643E-01,1.878347E-02,-4.125057E-01,3.435613E-03,-1.995145E-01,-8.189914E-03,0.000000E+00,0.000000E+00,-5.072493E-02
2.260000E+00,-4.058686E-01,3.453673E-03,-1.998004E-01,1.200660E-02,-4.127054E-01,3.414998E-03,-1.996288E-01,-2.061594E-02,0.000000E+00,0.000000E+00,-3.241155E-01
2.261000E+00,-4.060687E-01,3.458131E-03,-2.001368E-01,4.457853E-03,-4.129051E-01,3.382349E-03,-1.997795E-01,-3.264869E-02,0.000000E+00,0.000000E+00,-6.350969E-01
2.262000E+00,-4.062692E-01,3.453890E-03,-2.005147E-01,-4.240859E-03,-4.131051E-01,3.338414E-03,-1.999316E-01,-4.393465E-02,0.000000E+00,0.000000E+00,-9.677841E-01
2.263000E+00,-4.064701E-01,3.439723E-03,-2.008823E-01,-1.416723E-02,-4.133052E-01,3.284156E-03,-2.000768E-01,-5.425829E-02,0.000000E+00,0.000000E+00,-1.303833E+00
2.264000E+00,-4.066713E-01,3.414554E-03,-2.012201E-01,-2.516853E-02,-4.135054E-01,3.220561E-03,-2.002427E-01,-6.359499E-02,0.000000E+00,0.000000E+00,-1.625969E+00
2.265000E+00,-4.068682E-01,3.367622E-03,-1.969323E-01,-4.693182E-02,-4.137024E-01,3.173479E-03,-1.970517E-01,-4.708237E-02,0.000000E+00,0.000000E+00,-1.627202E+00
2.266000E+00,-4.070579E-01,3.310782E-03,-1.896536E-01,-5.684012E-02,-4.138932E-01,3.158460E-03,-1.907625E-01,-1.501887E-02,0.000000E+00,0.000000E+00,-1.276605E+00
2.267000E+00,-4.072461E-01,3.256520E-03,-1.881989E-01,-5.426216E-02,-4.140823E-01,3.145414E-03,-1.891201E-01,-1.304612E-02,0.000000E+00,0.000000E+00,-9.311230E-01
2.268000E+00,-4.074280E-01,3.250047E-03,-1.819034E-01,-6.472962E-03,-4.142642E-01,3.131840E-03,-1.819128E-01,-1.357351E-02,0.000000E+00,0.000000E+00,-9.906159E-01
2.269000E+00,-4.076128E-01,3.253767E-03,-1.847931E-01,3.719807E-03,-4.144488E-01,3.117440E-03,-1.845628E-01,-1.439954E-02,0.000000E+00,0.000000E+00,-1.142463E+00
2.270000E+00,-4.078035E-01,3.274002E-03,-1.907502E-01,2.023486E-02,-4.146387E-01,3.095088E-03,-1.898856E-01,-2.235230E-02,0.000000E+00,0.000000E+00,-1.499404E+00
2.271000E+00,-4.079998E-01,3.314367E-03,-1.962901E-01,4.036515E-02,-4.148326E-01,3.056803E-03,-1.938881E-01,-3.828560E-02,0.000000E+00,0.000000E+00,-2.158775E+00
2.272000E+00,-4.081956E-01,3.343681E-03,-1.958081E-01,2.931417E-02,-4.150255E-01,3.017810E-03,-1.929614E-01,-3.899287E-02,0.000000E+00,0.000000E+00,-2.731651E+00
2.273000E+00,-4.083875E-01,3.354893E-03,-1.918803E-01,1.121187E-02,-4.152180E-01,3.039456E-03,-1.924602E-01,2.164631E-02,0.000000E+00,0.000000E+00,-2.644085E+00
2.274000E+00,-4.085788E-01,3.358895E-03,-1.913281E-01,4.002232E-03,-4.154112E-01,3.084710E-03,-1.932379E-01,4.525363E-02,0.000000E+00,0.000000E+00,-2.298061E+00
2.275000E+00,-4.087683E-01,3.354420E-03,-1.894804E-01,-4.475014E-03,-4.156031E-01,3.143701E-03,-1.918601E-01,5.899128E-02,0.000000E+00,0.000000E+00,-1.765897E+00
2.276000E+00,-4.089589E-01,3.341498E-03,-1.905366E-01,-1.292177E-02,-4.157956E-01,3.200364E-03,-1.924536E-01,5.666269E-02,0.000000E+00,0.000000E+00,-1.182631E+00
2.277000E+00,-4.091520E-01,3.318317E-03,-1.931077E-01,-2.318129E-02,-4.159900E-01,3.257565E-03,-1.944134E-01,5.720148E-02,0.000000E+00,0.000000E+00,-5.090299E-01
2.278000E+00,-4.093490E-01,3.286087E-03,-1.969874E-01,-3.223000E-02,-4.161873E-01,3.321001E-03,-1.973003E-01,6.343580E-02,0.000000E+00,0.000000E+00,2.925276E-01
2.279000E+00,-4.095474E-01,3.246878E-03,-1.984438E-01,-3.920958E-02,-4.163847E-01,3.377275E-03,-1.974354E-01,5.627376E-02,0.000000E+00,0.000000E+00,1.092580E+00
2.280000E+00,-4.097442E-01,3.218524E-03,-1.968320E-01,-2.835326E-02,-4.165800E-01,3.418910E-03,-1.952602E-01,4.163488E-02,0.000000E+00,0.000000E+00,1.679110E+00
2.281000E+00,-4.099341E-01,3.228205E-03,-1.898591E-01,9.680732E-03,-4.167695E-01,3.440843E-03,-1.895619E-01,2.193391E-02,0.000000E+00,0.000000E+00,1.781798E+00
2.282000E+00,-4.101189E-01,3.255204E-03,-1.847703E-01,2.699924E-02,-4.169550E-01,3.447732E-03,-1.854452E-01,6.888338E-03,0.000000E+00,0.000000E+00,1.613214E+00
2.283000E+00,-4.102991E-01,3.297652E-03,-1.801905E-01,4.244807E-02,-4.171365E-01,3.439805E-03,-1.815089E-01,-7.926599E-03,0.000000E+00,0.000000E+00,1.191031E+00
2.284000E+00,-4.104761E-01,3.349288E-03,-1.770805E-01,5.163596E-02,-4.173148E-01,3.418229E-03,-1.783010E-01,-2.157572E-02,0.000000E+00,0.000000E+00,5.775858E-01
2.285000E+00,-4.106538E-01,3.391642E-03,-1.776249E-01,4.235356E-02,-4.174928E-01,3.386242E-03,-1.780628E-01,-3.198793E-02,0.000000E+00,0.000000E+00,-4.524232E-02
2.286000E+00,-4.108319E-01,3.424021E-03,-1.781867E-01,3.237896E-02,-4.176707E-01,3.344511E-03,-1.778199E-01,-4.173058E-02,0.000000E+00,0.000000E+00,-6.661156E-01
2.287000E+00,-4.110107E-01,3.445896E-03,-1.787404E-01,2.187530E-02,-4.178483E-01,3.293602E-03,-1.775998E-01,-5.090914E-02,0.000000E+00,0.000000E+00,-1.275946E+00
2.288000E+00,-4.111900E-01,3.457009E-03,-1.792690E-01,1.111294E-02,-4.180257E-01,3.233845E-03,-1.774149E-01,-5.975673E-02,0.000000E+00,0.000000E+00,-1.869856E+00
2.289000E+00,-4.113654E-01,3.447466E-03,-1.754462E-01,-9.543279E-03,-4.182000E-01,3.188191E-03,-1.743038E-01,-4.565439E-02,0.000000E+00,0.000000E+00,-2.172519E+00
2.290000E+00,-4.115345E-01,3.430178E-03,-1.690773E-01,-1.728802E-02,-4.183690E-01,3.167213E-03,-1.690242E-01,-2.097817E-02,0.000000E+00,0.000000E+00,-2.203426E+00
2.291000E+00,-4.117033E-01,3.404592E-03,-1.688622E-01,-2.558543E-02,-4.185381E-01,3.146027E-03,-1.691141E-01,-2.118542E-02,0.000000E+00,0.000000E+00,-2.166514E+00
2.292000E+00,-4.118738E-01,3.369670E-03,-1.704171E-01,-3.492219E-02,-4.187090E-01,3.122514E-03,-1.709176E-01,-2.351289E-02,0.000000E+00,0.000000E+00,-2.070849E+00
2.293000E+00,-4.120459E-01,3.326284E-03,-1.721399E-01,-4.338575E-02,-4.188819E-01,3.096722E-03,-1.728261E-01,-2.579241E-02,0.000000E+00,0.000000E+00,-1.923361E+00
2.294000E+00,-4.122186E-01,3.275151E-03,-1.727304E-01,-5.113366E-02,-4.190552E-01,3.061911E-03,-1.733226E-01,-3.481120E-02,0.000000E+00,0.000000E+00,-1.786543E+00
2.295000E+00,-4.123914E-01,3.215823E-03,-1.728126E-01,-5.932758E-02,-4.192284E-01,3.015489E-03,-1.732537E-01,-4.642147E-02,0.000000E+00,0.000000E+00,-1.678370E+00
2.296000E+00,-4.125642E-01,3.204058E-03,-1.727391E-01,-1.176526E-02,-4.193994E-01,2.948497E-03,-1.709200E-01,-6.699255E-02,0.000000E+00,0.000000E+00,-2.141242E+00
2.297000E+00,-4.127269E-01,3.218515E-03,-1.626834E-01,1.445704E-02,-4.195611E-01,2.937584E-03,-1.617123E-01,-1.091225E-02,0.000000E+00,0.000000E+00,-2.353906E+00
2.298000E+00,-4.128819E-01,3.244858E-03,-1.550872E-01,2.634287E-02,-4.197166E-01,2.974652E-03,-1.555344E-01,3.706751E-02,0.000000E+00,0.000000E+00,-2.263993E+00
2.299000E+00,-4.130308E-01,3.278099E-03,-1.488035E-01,3.324117E-02,-4.198662E-01,3.029958E-03,-1.496471E-01,5.530623E-02,0.000000E+00,0.000000E+00,-2.079028E+00
2.300000E+00,-4.131776E-01,3.314465E-03,-1.468712E-01,3.636632E-02,-4.200138E-01,3.085467E-03,-1.475387E-01,5.550880E-02,0.000000E+00,0.000000E+00,-1.918582E+00
2.301000E+00,-4.133260E-01,3.344430E-03,-1.484042E-01,2.996509E-02,-4.201630E-01,3.141727E-03,-1.492245E-01,5.625976E-02,0.000000E+00,0.000000E+00,-1.698215E+00
2.302000E+00,-4.134772E-01,3.362466E-03,-1.511574E-01,1.803575E-02,-4.203153E-01,3.203425E-03,-1.522928E-01,6.169849E-02,0.000000E+00,0.000000E+00,-1.332345E+00
2.303000E+00,-4.136317E-01,3.368371E-03,-1.545242E-01,5.905023E-03,-4.204710E-01,3.272916E-03,-1.556782E-01,6.949076E-02,0.000000E+00,0.000000E+00,-7.996215E-01
2.304000E+00,-4.137889E-01,3.366257E-03,-1.572374E-01,-2.113999E-03,-4.206288E-01,3.344451E-03,-1.578231E-01,7.153492E-02,0.000000E+00,0.000000E+00,-1.826659E-01
2.305000E+00,-4.139465E-01,3.355415E-03,-1.575994E-01,-1.084237E-02,-4.207862E-01,3.404916E-03,-1.573963E-01,6.046527E-02,0.000000E+00,0.000000E+00,4.146646E-01
2.306000E+00,-4.141044E-01,3.336388E-03,-1.578988E-01,-1.902649E-02,-4.209432E-01,3.453704E-03,-1.570000E-01,4.878820E-02,0.000000E+00,0.000000E+00,9.827880E-01
2.307000E+00,-4.142626E-01,3.309717E-03,-1.581085E-01,-2.667095E-02,-4.210999E-01,3.490218E-03,-1.566480E-01,3.651370E-02,0.000000E+00,0.000000E+00,1.512223E+00
2.308000E+00,-4.144208E-01,3.275856E-03,-1.582080E-01,-3.386185E-02,-4.212562E-01,3.513963E-03,-1.563478E-01,2.374522E-02,0.000000E+00,0.000000E+00,1.995052E+00
2.309000E+00,-4.145790E-01,3.235036E-03,-1.581926E-01,-4.081946E-02,-4.214123E-01,3.524703E-03,-1.560945E-01,1.073978E-02,0.000000E+00,0.000000E+00,2.427329E+00
2.310000E+00,-4.147436E-01,3.234953E-03,-1.646072E-01,-8.336642E-05,-4.215771E-01,3.516741E-03,-1.648255E-01,-7.962026E-03,0.000000E+00,0.000000E+00,2.361308E+00
2.311000E+00,-4.149097E-01,3.245083E-03,-1.660891E-01,1.013057E-02,-4.217443E-01,3.496009E-03,-1.671825E-01,-2.073155E-02,0.000000E+00,0.000000E+00,2.102603E+00
2.312000E+00,-4.150740E-01,3.255113E-03,-1.643185E-01,1.002949E-02,-4.219099E-01,3.464126E-03,-1.656221E-01,-3.188383E-02,0.000000E+00,0.000000E+00,1.751302E+00
2.313000E+00,-4.152362E-01,3.265771E-03,-1.622000E-01,1.065867E-02,-4.220735E-01,3.420874E-03,-1.635286E-01,-4.325191E-02,0.000000E+00,0.000000E+00,1.299519E+00
2.314000E+00,-4.153968E-01,3.274605E-03,-1.606194E-01,8.834069E-03,-4.222351E-01,3.367064E-03,-1.616466E-01,-5.380976E-02,0.000000E+00,0.000000E+00,7.746289E-01
2.315000E+00,-4.155567E-01,3.277198E-03,-1.599417E-01,2.592207E-03,-4.223955E-01,3.303493E-03,-1.604089E-01,-6.357059E-02,0.000000E+00,0.000000E+00,2.203053E-01
2.316000E+00,-4.157121E-01,3.256277E-03,-1.553382E-01,-2.092065E-02,-4.225507E-01,3.261297E-03,-1.552067E-01,-4.219604E-02,0.000000E+00,0.000000E+00,4.206038E-02
2.317000E+00,-4.158609E-01,3.228989E-03,-1.488732E-01,-2.728795E-02,-4.226994E-01,3.254859E-03,-1.486902E-01,-6.438326E-03,0.000000E+00,0.000000E+00,2.167482E-01
2.318000E+00,-4.160120E-01,3.191157E-03,-1.510262E-01,-3.783233E-02,-4.228500E-01,3.256738E-03,-1.506175E-01,1.878783E-03,0.000000E+00,0.000000E+00,5.494831E-01
2.319000E+00,-4.161673E-01,3.140599E-03,-1.553434E-01,-5.055778E-02,-4.230043E-01,3.270681E-03,-1.542887E-01,1.394284E-02,0.000000E+00,0.000000E+00,1.089985E+00
2.320000E+00,-4.163278E-01,3.080368E-03,-1.604680E-01,-6.023146E-02,-4.231624E-01,3.298592E-03,-1.580709E-01,2.791121E-02,0.000000E+00,0.000000E+00,1.828794E+00
2.321000E+00,-4.164897E-01,3.013087E-03,-1.619180E-01,-6.728006E-02,-4.233207E-01,3.320850E-03,-1.582963E-01,2.225844E-02,0.000000E+00,0.000000E+00,2.579657E+00
2.322000E+00,-4.166481E-01,2.968157E-03,-1.583856E-01,-4.493047E-02,-4.234765E-01,3.326487E-03,-1.557784E-01,5.637001E-03,0.000000E+00,0.000000E+00,3.003936E+00
2.323000E+00,-4.167928E-01,2.996754E-03,-1.446717E-01,2.859697E-02,-4.236235E-01,3.305584E-03,-1.470014E-01,-2.090285E-02,0.000000E+00,0.000000E+00,2.588699E+00
2.324000E+00,-4.169353E-01,3.034211E-03,-1.425059E-01,3.745708E-02,-4.237688E-01,3.271039E-03,-1.453368E-01,-3.454555E-02,0.000000E+00,0.000000E+00,1.984888E+00
2.325000E+00,-4.170831E-01,3.071387E-03,-1.478075E-01,3.717618E-02,-4.239181E-01,3.262089E-03,-1.492821E-01,-8.949694E-03,0.000000E+00,0.000000E+00,1.598181E+00
2.326000E+00,-4.172401E-01,3.112282E-03,-1.570336E-01,4.089491E-02,-4.240757E-01,3.278025E-03,-1.576536E-01,1.593567E-02,0.000000E+00,0.000000E+00,1.388972E+00
2.327000E+00,-4.174012E-01,3.159824E-03,-1.611405E-01,4.754224E-02,-4.242376E-01,3.289997E-03,-1.618613E-01,1.197261E-02,0.000000E+00,0.000000E+00,1.090855E+00
2.328000E+00,-4.175655E-01,3.216093E-03,-1.642209E-01,5.626873E-02,-4.244026E-01,3.289075E-03,-1.650300E-01,-9.228150E-04,0.000000E+00,0.000000E+00,6.115656E-01
2.329000E+00,-4.177335E-01,3.284550E-03,-1.680162E-01,6.845674E-02,-4.245710E-01,3.274238E-03,-1.683633E-01,-1.483616E-02,0.000000E+00,0.000000E+00,-8.640597E-02
2.330000E+00,-4.179054E-01,3.363484E-03,-1.718914E-01,7.893427E-02,-4.247418E-01,3.244249E-03,-1.708457E-01,-2.998973E-02,0.000000E+00,0.000000E+00,-9.992006E-01
2.331000E+00,-4.180783E-01,3.434920E-03,-1.729036E-01,7.143606E-02,-4.249118E-01,3.200926E-03,-1.699473E-01,-4.332318E-02,0.000000E+00,0.000000E+00,-1.961171E+00
2.332000E+00,-4.182521E-01,3.497827E-03,-1.737852E-01,6.290699E-02,-4.250805E-01,3.145874E-03,-1.687371E-01,-5.505130E-02,0.000000E+00,0.000000E+00,-2.950534E+00
2.333000E+00,-4.184268E-01,3.552665E-03,-1.747155E-01,5.483747E-02,-4.252479E-01,3.078649E-03,-1.673444E-01,-6.722557E-02,0.000000E+00,0.000000E+00,-3.975251E+00
2.334000E+00,-4.185993E-01,3.592931E-03,-1.724821E-01,4.026622E-02,-4.254176E-01,3.080666E-03,-1.697209E-01,2.017181E-03,0.000000E+00,0.000000E+00,-4.296597E+00
2.335000E+00,-4.187682E-01,3.617808E-03,-1.689639E-01,2.487697E-02,-4.255876E-01,3.119388E-03,-1.699821E-01,3.872225E-02,0.000000E+00,0.000000E+00,-4.180266E+00
2.336000E+00,-4.189366E-01,3.629824E-03,-1.683494E-01,1.201576E-02,-4.257579E-01,3.158741E-03,-1.702946E-01,3.935249E-02,0.000000E+00,0.000000E+00,-3.950616E+00
2.337000E+00,-4.191055E-01,3.632755E-03,-1.689155E-01,2.931866E-03,-4.259288E-01,3.191851E-03,-1.709521E-01,3.311023E-02,0.000000E+00,0.000000E+00,-3.697159E+00
2.338000E+00,-4.192749E-01,3.625921E-03,-1.694314E-01,-6.834059E-03,-4.261004E-01,3.219027E-03,-1.715821E-01,2.717614E-02,0.000000E+00,0.000000E+00,-3.411599E+00
2.339000E+00,-4.194450E-01,3.608543E-03,-1.700956E-01,-1.737847E-02,-4.262728E-01,3.241670E-03,-1.724206E-01,2.264270E-02,0.000000E+00,0.000000E+00,-3.075676E+00
2.340000E+00,-4.196161E-01,3.579563E-03,-1.710938E-01,-2.897962E-02,-4.264465E-01,3.262160E-03,-1.736502E-01,2.049011E-02,0.000000E+00,0.000000E+00,-2.660596E+00
2.341000E+00,-4.197886E-01,3.541512E-03,-1.725332E-01,-3.805165E-02,-4.266215E-01,3.281700E-03,-1.750358E-01,1.953989E-02,0.000000E+00,0.000000E+00,-2.177561E+00
2.342000E+00,-4.199630E-01,3.495357E-03,-1.743871E-01,-4.615420E-02,-4.267981E-01,3.301969E-03,-1.766386E-01,2.026920E-02,0.000000E+00,0.000000E+00,-1.620661E+00
2.343000E+00,-4.201380E-01,3.439739E-03,-1.749386E-01,-5.561830E-02,-4.269747E-01,3.315537E-03,-1.765992E-01,1.356807E-02,0.000000E+00,0.000000E+00,-1.040767E+00
2.344000E+00,-4.203130E-01,3.374581E-03,-1.749919E-01,-6.515811E-02,-4.271507E-01,3.319092E-03,-1.759616E-01,3.555541E-03,0.000000E+00,0.000000E+00,-4.649481E-01
2.345000E+00,-4.204880E-01,3.300582E-03,-1.750388E-01,-7.399929E-02,-4.273260E-01,3.311911E-03,-1.753326E-01,-7.181664E-03,0.000000E+00,0.000000E+00,9.492547E-02
2.346000E+00,-4.206640E-01,3.241960E-03,-1.759780E-01,-5.862210E-02,-4.275018E-01,3.299539E-03,-1.758184E-01,-1.237200E-02,0.000000E+00,0.000000E+00,4.824544E-01
2.347000E+00,-4.208470E-01,3.244152E-03,-1.830198E-01,2.192073E-03,-4.276852E-01,3.263934E-03,-1.833271E-01,-3.560489E-02,0.000000E+00,0.000000E+00,1.657503E-01
2.348000E+00,-4.210379E-01,3.271611E-03,-1.909240E-01,2.745931E-02,-4.278762E-01,3.246455E-03,-1.910053E-01,-1.747852E-02,0.000000E+00,0.000000E+00,-2.107711E-01
2.349000E+00,-4.212351E-01,3.321253E-03,-1.972040E-01,4.964204E-02,-4.280731E-01,3.255647E-03,-1.969491E-01,9.191797E-03,0.000000E+00,0.000000E+00,-5.496963E-01
2.350000E+00,-4.214316E-01,3.364951E-03,-1.964859E-01,4.369790E-02,-4.282693E-01,3.270746E-03,-1.961215E-01,1.509891E-02,0.000000E+00,0.000000E+00,-7.893367E-01
2.351000E+00,-4.216260E-01,3.398964E-03,-1.943970E-01,3.401332E-02,-4.284633E-01,3.286773E-03,-1.940979E-01,1.602712E-02,0.000000E+00,0.000000E+00,-9.400581E-01
2.352000E+00,-4.218191E-01,3.424691E-03,-1.930477E-01,2.572651E-02,-4.286561E-01,3.298697E-03,-1.927870E-01,1.192421E-02,0.000000E+00,0.000000E+00,-1.055724E+00
2.353000E+00,-4.220117E-01,3.443178E-03,-1.926309E-01,1.848704E-02,-4.288484E-01,3.300672E-03,-1.922955E-01,1.974626E-03,0.000000E+00,0.000000E+00,-1.194106E+00
2.354000E+00,-4.222043E-01,3.453973E-03,-1.926245E-01,1.079534E-02,-4.290406E-01,3.290163E-03,-1.921371E-01,-1.050899E-02,0.000000E+00,0.000000E+00,-1.372656E+00
2.355000E+00,-4.223969E-01,3.457205E-03,-1.926079E-01,3.231702E-03,-4.292325E-01,3.267021E-03,-1.919174E-01,-2.314210E-02,0.000000E+00,0.000000E+00,-1.593712E+00
2.356000E+00,-4.225895E-01,3.452961E-03,-1.925962E-01,-4.243701E-03,-4.294241E-01,3.231359E-03,-1.916460E-01,-3.566229E-02,0.000000E+00,0.000000E+00,-1.857081E+00
2.357000E+00,-4.227821E-01,3.441158E-03,-1.926174E-01,-1.180339E-02,-4.296155E-01,3.183530E-03,-1.913545E-01,-4.782867E-02,0.000000E+00,0.000000E+00,-2.159115E+00
2.358000E+00,-4.229748E-01,3.421420E-03,-1.926735E-01,-1.973738E-02,-4.298066E-01,3.124078E-03,-1.910646E-01,-5.945213E-02,0.000000E+00,0.000000E+00,-2.492149E+00
2.359000E+00,-4.231676E-01,3.383192E-03,-1.927920E-01,-3.822871E-02,-4.300009E-01,3.126271E-03,-1.943809E-01,2.193634E-03,0.000000E+00,0.000000E+00,-2.153196E+00
2.360000E+00,-4.233610E-01,3.333241E-03,-1.933913E-01,-4.995119E-02,-4.301965E-01,3.146424E-03,-1.956026E-01,2.015296E-02,0.000000E+00,0.000000E+00,-1.565509E+00
2.361000E+00,-4.235533E-01,3.271360E-03,-1.923283E-01,-6.188085E-02,-4.303906E-01,3.168728E-03,-1.940456E-01,2.230322E-02,0.000000E+00,0.000000E+00,-8.599843E-01
2.362000E+00,-4.237355E-01,3.252590E-03,-1.821662E-01,-1.876920E-02,-4.305730E-01,3.188227E-03,-1.824610E-01,1.949957E-02,0.000000E+00,0.000000E+00,-5.393202E-01
2.363000E+00,-4.239049E-01,3.289225E-03,-1.694649E-01,3.663498E-02,-4.307421E-01,3.202077E-03,-1.690805E-01,1.385008E-02,0.000000E+00,0.000000E+00,-7.302652E-01
2.364000E+00,-4.240713E-01,3.333474E-03,-1.663323E-01,4.424814E-02,-4.309078E-01,3.209759E-03,-1.656664E-01,7.681718E-03,0.000000E+00,0.000000E+00,-1.036721E+00
2.365000E+00,-4.242380E-01,3.369265E-03,-1.667048E-01,3.579105E-02,-4.310737E-01,3.212291E-03,-1.659363E-01,2.531651E-03,0.000000E+00,0.000000E+00,-1.315492E+00
2.366000E+00,-4.244057E-01,3.394850E-03,-1.677522E-01,2.558564E-02,-4.312408E-01,3.211717E-03,-1.670305E-01,-5.735673E-04,0.000000E+00,0.000000E+00,-1.534780E+00
2.367000E+00,-4.245747E-01,3.410480E-03,-1.689356E-01,1.563001E-02,-4.314091E-01,3.208808E-03,-1.683565E-01,-2.909103E-03,0.000000E+00,0.000000E+00,-1.690207E+00
2.368000E+00,-4.247441E-01,3.417247E-03,-1.694250E-01,6.767085E-03,-4.315780E-01,3.199162E-03,-1.688740E-01,-9.645710E-03,0.000000E+00,0.000000E+00,-1.827819E+00
2.369000E+00,-4.249134E-01,3.415532E-03,-1.692595E-01,-1.715382E-03,-4.317466E-01,3.178602E-03,-1.685987E-01,-2.056011E-02,0.000000E+00,0.000000E+00,-1.985832E+00
2.370000E+00,-4.250825E-01,3.405525E-03,-1.691583E-01,-1.000662E-02,-4.319149E-01,3.147031E-03,-1.683540E-01,-3.157131E-02,0.000000E+00,0.000000E+00,-2.166666E+00
2.371000E+00,-4.252516E-01,3.387273E-03,-1.691321E-01,-1.825241E-02,-4.320831E-01,3.104437E-03,-1.681529E-01,-4.259418E-02,0.000000E+00,0.000000E+00,-2.370812E+00
2.372000E+00,-4.254184E-01,3.350029E-03,-1.667916E-01,-3.724437E-02,-4.322497E-01,3.062839E-03,-1.666090E-01,-4.159727E-02,0.000000E+00,0.000000E+00,-2.407321E+00
2.373000E+00,-4.255809E-01,3.292206E-03,-1.624383E-01,-5.782275E-02,-4.324147E-01,3.075354E-03,-1.649747E-01,1.251419E-02,0.000000E+00,0.000000E+00,-1.817518E+00
2.374000E+00,-4.257405E-01,3.269293E-03,-1.595857E-01,-2.291313E-02,-4.325757E-01,3.105570E-03,-1.610477E-01,3.021663E-02,0.000000E+00,0.000000E+00,-1.372122E+00
2.375000E+00,-4.258987E-01,3.272001E-03,-1.582331E-01,2.708363E-03,-4.327347E-01,3.146217E-03,-1.589966E-01,4.064647E-02,0.000000E+00,0.000000E+00,-1.054136E+00
2.376000E+00,-4.260567E-01,3.282126E-03,-1.579779E-01,1.012526E-02,-4.328932E-01,3.188404E-03,-1.584937E-01,4.218731E-02,0.000000E+00,0.000000E+00,-7.854201E-01
2.377000E+00,-4.262162E-01,3.289922E-03,-1.595684E-01,7.795452E-03,-4.330532E-01,3.232683E-03,-1.600118E-01,4.427885E-02,0.000000E+00,0.000000E+00,-4.796664E-01
2.378000E+00,-4.263794E-01,3.292221E-03,-1.631819E-01,2.299682E-03,-4.332167E-01,3.281633E-03,-1.634619E-01,4.895024E-02,0.000000E+00,0.000000E+00,-8.872960E-02
2.379000E+00,-4.265475E-01,3.293377E-03,-1.681075E-01,1.155204E-03,-4.333847E-01,3.336927E-03,-1.679951E-01,5.529433E-02,0.000000E+00,0.000000E+00,3.649534E-01
2.380000E+00,-4.267169E-01,3.288551E-03,-1.693790E-01,-4.825335E-03,-4.335535E-01,3.385278E-03,-1.688218E-01,4.835062E-02,0.000000E+00,0.000000E+00,8.105884E-01
2.381000E+00,-4.268864E-01,3.275087E-03,-1.694711E-01,-1.346476E-02,-4.337221E-01,3.421913E-03,-1.685656E-01,3.663448E-02,0.000000E+00,0.000000E+00,1.230485E+00
2.382000E+00,-4.270558E-01,3.253462E-03,-1.694653E-01,-2.162420E-02,-4.338904E-01,3.446258E-03,-1.683124E-01,2.434587E-02,0.000000E+00,0.000000E+00,1.615833E+00
2.383000E+00,-4.272252E-01,3.224134E-03,-1.693330E-01,-2.932806E-02,-4.340584E-01,3.457881E-03,-1.680511E-01,1.162284E-02,0.000000E+00,0.000000E+00,1.959168E+00
2.384000E+00,-4.273951E-01,3.195885E-03,-1.698761E-01,-2.824922E-02,-4.342276E-01,3.449401E-03,-1.691827E-01,-8.480518E-03,0.000000E+00,0.000000E+00,2.124930E+00
2.385000E+00,-4.275709E-01,3.204399E-03,-1.758444E-01,8.514237E-03,-4.344046E-01,3.422705E-03,-1.770177E-01,-2.669549E-02,0.000000E+00,0.000000E+00,1.829711E+00
2.386000E+00,-4.277479E-01,3.217414E-03,-1.769807E-01,1.301506E-02,-4.345830E-01,3.383305E-03,-1.784039E-01,-3.939998E-02,0.000000E+00,0.000000E+00,1.390309E+00
2.387000E+00,-4.279234E-01,3.228060E-03,-1.755656E-01,1.064536E-02,-4.347598E-01,3.331930E-03,-1.767602E-01,-5.137508E-02,0.000000E+00,0.000000E+00,8.704760E-01
2.388000E+00,-4.280972E-01,3.238138E-03,-1.737559E-01,1.007830E-02,-4.349343E-01,3.270393E-03,-1.744730E-01,-6.153671E-02,0.000000E+00,0.000000E+00,2.703039E-01
2.389000E+00,-4.282697E-01,3.245351E-03,-1.724698E-01,7.213100E-03,-4.351067E-01,3.199193E-03,-1.724233E-01,-7.120053E-02,0.000000E+00,0.000000E+00,-3.868101E-01
2.390000E+00,-4.284416E-01,3.245916E-03,-1.719275E-01,5.647846E-04,-4.352777E-01,3.119258E-03,-1.709719E-01,-7.993473E-02,0.000000E+00,0.000000E+00,-1.061447E+00
2.391000E+00,-4.286057E-01,3.234136E-03,-1.641336E-01,-1.178018E-02,-4.354412E-01,3.074083E-03,-1.635263E-01,-4.517532E-02,0.000000E+00,0.000000E+00,-1.341340E+00
2.392000E+00,-4.287687E-01,3.215366E-03,-1.629228E-01,-1.876925E-02,-4.356039E-01,3.044643E-03,-1.627285E-01,-2.944002E-02,0.000000E+00,0.000000E+00,-1.430773E+00
2.393000E+00,-4.289342E-01,3.192945E-03,-1.655652E-01,-2.242115E-02,-4.357694E-01,3.016897E-03,-1.654949E-01,-2.774554E-02,0.000000E+00,0.000000E+00,-1.475390E+00
2.394000E+00,-4.291025E-01,3.164150E-03,-1.682521E-01,-2.879502E-02,-4.359378E-01,2.990759E-03,-1.683950E-01,-2.613806E-02,0.000000E+00,0.000000E+00,-1.453102E+00
2.395000E+00,-4.292713E-01,3.126938E-03,-1.688391E-01,-3.721234E-02,-4.361068E-01,2.958164E-03,-1.690298E-01,-3.259549E-02,0.000000E+00,0.000000E+00,-1.414387E+00
2.396000E+00,-4.294400E-01,3.081257E-03,-1.686968E-01,-4.568145E-02,-4.362757E-01,2.914632E-03,-1.688324E-01,-4.353182E-02,0.000000E+00,0.000000E+00,-1.396352E+00
2.397000E+00,-4.296074E-01,3.022650E-03,-1.674078E-01,-5.860667E-02,-4.364439E-01,2.889036E-03,-1.682002E-01,-2.559634E-02,0.000000E+00,0.000000E+00,-1.119667E+00
2.398000E+00,-4.297656E-01,3.023978E-03,-1.581495E-01,1.327887E-03,-4.366026E-01,2.920666E-03,-1.586920E-01,3.163044E-02,0.000000E+00,0.000000E+00,-8.657122E-01
2.399000E+00,-4.299198E-01,3.051879E-03,-1.541871E-01,2.790151E-02,-4.367571E-01,2.969457E-03,-1.545009E-01,4.879110E-02,0.000000E+00,0.000000E+00,-6.906528E-01
2.400000E+00,-4.300721E-01,3.084390E-03,-1.523490E-01,3.251084E-02,-4.369098E-01,3.031984E-03,-1.527091E-01,6.252655E-02,0.000000E+00,0.000000E+00,-4.391269E-01
2.401000E+00,-4.302273E-01,3.115724E-03,-1.551933E-01,3.133341E-02,-4.370652E-01,3.095718E-03,-1.554281E-01,6.373438E-02,0.000000E+00,0.000000E+00,-1.676276E-01
2.402000E+00,-4.303869E-01,3.147016E-03,-1.595806E-01,3.129271E-02,-4.372249E-01,3.161310E-03,-1.596537E-01,6.559228E-02,0.000000E+00,0.000000E+00,1.197713E-01
2.403000E+00,-4.305519E-01,3.180660E-03,-1.650309E-01,3.364348E-02,-4.373898E-01,3.231119E-03,-1.649194E-01,6.980833E-02,0.000000E+00,0.000000E+00,4.227978E-01
2.404000E+00,-4.307235E-01,3.220075E-03,-1.716154E-01,3.941490E-02,-4.375611E-01,3.307466E-03,-1.713008E-01,7.634739E-02,0.000000E+00,0.000000E+00,7.322634E-01
2.405000E+00,-4.309001E-01,3.267761E-03,-1.766150E-01,4.768600E-02,-4.377374E-01,3.379393E-03,-1.763375E-01,7.192682E-02,0.000000E+00,0.000000E+00,9.353858E-01
2.406000E+00,-4.310806E-01,3.331158E-03,-1.805077E-01,6.339766E-02,-4.379181E-01,3.437957E-03,-1.806472E-01,5.856446E-02,0.000000E+00,0.000000E+00,8.948761E-01
2.407000E+00,-4.312621E-01,3.392593E-03,-1.814434E-01,6.143463E-02,-4.380998E-01,3.483874E-03,-1.817297E-01,4.591675E-02,0.000000E+00,0.000000E+00,7.648356E-01
2.408000E+00,-4.314434E-01,3.446345E-03,-1.813199E-01,5.375219E-02,-4.382814E-01,3.517210E-03,-1.816253E-01,3.333551E-02,0.000000E+00,0.000000E+00,5.937539E-01
2.409000E+00,-4.316245E-01,3.493016E-03,-1.811337E-01,4.667049E-02,-4.384628E-01,3.537423E-03,-1.814246E-01,2.021366E-02,0.000000E+00,0.000000E+00,3.720719E-01
2.410000E+00,-4.318054E-01,3.532993E-03,-1.809076E-01,3.997726E-02,-4.386440E-01,3.544346E-03,-1.811174E-01,6.922555E-03,0.000000E+00,0.000000E+00,9.511999E-02
2.411000E+00,-4.319862E-01,3.566239E-03,-1.807022E-01,3.324572E-02,-4.388247E-01,3.538358E-03,-1.807375E-01,-5.987777E-03,0.000000E+00,0.000000E+00,-2.335915E-01
2.412000E+00,-4.321667E-01,3.592164E-03,-1.805788E-01,2.592512E-02,-4.390050E-01,3.520369E-03,-1.803472E-01,-1.798915E-02,0.000000E+00,0.000000E+00,-6.015206E-01
2.413000E+00,-4.323473E-01,3.609756E-03,-1.805500E-01,1.759269E-02,-4.391850E-01,3.491578E-03,-1.799975E-01,-2.879053E-02,0.000000E+00,0.000000E+00,-9.901526E-01
2.414000E+00,-4.325279E-01,3.617844E-03,-1.805804E-01,8.088078E-03,-4.393648E-01,3.453219E-03,-1.797132E-01,-3.835896E-02,0.000000E+00,0.000000E+00,-1.379354E+00
2.415000E+00,-4.327085E-01,3.615310E-03,-1.806175E-01,-2.534385E-03,-4.395443E-01,3.406383E-03,-1.795011E-01,-4.683604E-02,0.000000E+00,0.000000E+00,-1.750627E+00
2.416000E+00,-4.328891E-01,3.601259E-03,-1.806162E-01,-1.405144E-02,-4.397236E-01,3.351870E-03,-1.793541E-01,-5.451347E-02,0.000000E+00,0.000000E+00,-2.089773E+00
2.417000E+00,-4.330697E-01,3.575205E-03,-1.805575E-01,-2.605327E-02,-4.399029E-01,3.290003E-03,-1.792515E-01,-6.186678E-02,0.000000E+00,0.000000E+00,-2.390006E+00
2.418000E+00,-4.332402E-01,3.531413E-03,-1.705151E-01,-4.379257E-02,-4.400747E-01,3.276312E-03,-1.717993E-01,-1.369146E-02,0.000000E+00,0.000000E+00,-2.137604E+00
2.419000E+00,-4.334111E-01,3.473364E-03,-1.709278E-01,-5.804912E-02,-4.402479E-01,3.285775E-03,-1.731923E-01,9.463579E-03,0.000000E+00,0.000000E+00,-1.571700E+00
2.420000E+00,-4.335857E-01,3.403075E-03,-1.745616E-01,-7.028851E-02,-4.404244E-01,3.304548E-03,-1.765014E-01,1.877249E-02,0.000000E+00,0.000000E+00,-8.254227E-01
2.421000E+00,-4.337667E-01,3.327259E-03,-1.810417E-01,-7.581629E-02,-4.406061E-01,3.343703E-03,-1.817644E-01,3.915537E-02,0.000000E+00,0.000000E+00,1.377578E-01
2.422000E+00,-4.339522E-01,3.267975E-03,-1.855102E-01,-5.928351E-02,-4.407910E-01,3.366651E-03,-1.848551E-01,2.294743E-02,0.000000E+00,0.000000E+00,8.266521E-01
2.423000E+00,-4.341494E-01,3.275699E-03,-1.972085E-01,7.723835E-03,-4.409884E-01,3.364506E-03,-1.973988E-01,-2.144577E-03,0.000000E+00,0.000000E+00,7.439685E-01
2.424000E+00,-4.343494E-01,3.296226E-03,-2.000188E-01,2.052706E-02,-4.411889E-01,3.340229E-03,-2.005424E-01,-2.427687E-02,0.000000E+00,0.000000E+00,3.686161E-01
2.425000E+00,-4.345494E-01,3.309800E-03,-2.000016E-01,1.357415E-02,-4.413891E-01,3.303315E-03,-2.002209E-01,-3.691374E-02,0.000000E+00,0.000000E+00,-5.432489E-02
2.426000E+00,-4.347495E-01,3.316679E-03,-2.000408E-01,6.878249E-03,-4.415890E-01,3.253637E-03,-1.998257E-01,-4.967853E-02,0.000000E+00,0.000000E+00,-5.280997E-01
2.427000E+00,-4.349497E-01,3.316917E-03,-2.001916E-01,2.379088E-04,-4.417884E-01,3.191239E-03,-1.993902E-01,-6.239796E-02,0.000000E+00,0.000000E+00,-1.052833E+00
2.428000E+00,-4.351484E-01,3.299937E-03,-1.987456E-01,-1.697933E-02,-4.419861E-01,3.126150E-03,-1.977469E-01,-6.508894E-02,0.000000E+00,0.000000E+00,-1.455922E+00
2.429000E+00,-4.353419E-01,3.270657E-03,-1.935037E-01,-2.928063E-02,-4.421804E-01,3.127953E-03,-1.942591E-01,1.802575E-03,0.000000E+00,0.000000E+00,-1.195471E+00
2.430000E+00,-4.355382E-01,3.273440E-03,-1.963106E-01,2.783738E-03,-4.423773E-01,3.164783E-03,-1.969292E-01,3.683015E-02,0.000000E+00,0.000000E+00,-9.102283E-01
2.431000E+00,-4.357298E-01,3.286943E-03,-1.915361E-01,1.350215E-02,-4.425693E-01,3.214866E-03,-1.920397E-01,5.008288E-02,0.000000E+00,0.000000E+00,-6.037746E-01
2.432000E+00,-4.359134E-01,3.302292E-03,-1.836785E-01,1.534941E-02,-4.427534E-01,3.286652E-03,-1.840631E-01,7.178615E-02,0.000000E+00,0.000000E+00,-1.310123E-01
2.433000E+00,-4.360934E-01,3.314131E-03,-1.799797E-01,1.183958E-02,-4.429332E-01,3.367026E-03,-1.798154E-01,8.037465E-02,0.000000E+00,0.000000E+00,4.430832E-01
2.434000E+00,-4.362737E-01,3.315380E-03,-1.803029E-01,1.248976E-03,-4.431126E-01,3.438520E-03,-1.794113E-01,7.149368E-02,0.000000E+00,0.000000E+00,1.031544E+00
2.435000E+00,-4.364532E-01,3.312153E-03,-1.794907E-01,-3.227287E-03,-4.432908E-01,3.492238E-03,-1.782310E-01,5.371800E-02,0.000000E+00,0.000000E+00,1.508669E+00
2.436000E+00,-4.366302E-01,3.313374E-03,-1.769982E-01,1.221023E-03,-4.434672E-01,3.517008E-03,-1.763362E-01,2.477029E-02,0.000000E+00,0.000000E+00,1.706009E+00
2.437000E+00,-4.368073E-01,3.304189E-03,-1.771269E-01,-9.184826E-03,-4.436435E-01,3.532795E-03,-1.763355E-01,1.578681E-02,0.000000E+00,0.000000E+00,1.915291E+00
2.438000E+00,-4.369845E-01,3.285225E-03,-1.771639E-01,-1.896462E-02,-4.438198E-01,3.538968E-03,-1.762746E-01,6.172803E-03,0.000000E+00,0.000000E+00,2.125989E+00
2.439000E+00,-4.371616E-01,3.257272E-03,-1.770751E-01,-2.795238E-02,-4.439959E-01,3.534693E-03,-1.761527E-01,-4.274499E-03,0.000000E+00,0.000000E+00,2.324479E+00
2.440000E+00,-4.373384E-01,3.221172E-03,-1.768503E-01,-3.610049E-02,-4.441719E-01,3.519120E-03,-1.759843E-01,-1.557364E-02,0.000000E+00,0.000000E+00,2.496577E+00
2.441000E+00,-4.375172E-01,3.197861E-03,-1.787429E-01,-2.331137E-02,-4.443506E-01,3.496537E-03,-1.787040E-01,-2.258228E-02,0.000000E+00,0.000000E+00,2.502692E+00
2.442000E+00,-4.377030E-01,3.219367E-03,-1.857926E-01,2.150661E-02,-4.445381E-01,3.474908E-03,-1.875025E-01,-2.162950E-02,0.000000E+00,0.000000E+00,2.141073E+00
2.443000E+00,-4.378930E-01,3.259133E-03,-1.900768E-01,3.976632E-02,-4.447303E-01,3.447991E-03,-1.921537E-01,-2.691663E-02,0.000000E+00,0.000000E+00,1.582218E+00
2.444000E+00,-4.380867E-01,3.309225E-03,-1.936294E-01,5.009149E-02,-4.449256E-01,3.414255E-03,-1.952713E-01,-3.373643E-02,0.000000E+00,0.000000E+00,8.798658E-01
2.445000E+00,-4.382830E-01,3.361584E-03,-1.963419E-01,5.235914E-02,-4.451225E-01,3.372239E-03,-1.969082E-01,-4.201550E-02,0.000000E+00,0.000000E+00,8.926249E-02
2.446000E+00,-4.384804E-01,3.405048E-03,-1.973792E-01,4.346398E-02,-4.453190E-01,3.319660E-03,-1.965707E-01,-5.257962E-02,0.000000E+00,0.000000E+00,-7.153656E-01
2.447000E+00,-4.386749E-01,3.408769E-03,-1.944759E-01,3.721352E-03,-4.455126E-01,3.286530E-03,-1.935750E-01,-3.312991E-02,0.000000E+00,0.000000E+00,-1.024177E+00
2.448000E+00,-4.388666E-01,3.385905E-03,-1.917723E-01,-2.286460E-02,-4.457040E-01,3.262165E-03,-1.913381E-01,-2.436459E-02,0.000000E+00,0.000000E+00,-1.036808E+00
2.449000E+00,-4.390574E-01,3.346366E-03,-1.907992E-01,-3.953887E-02,-4.458945E-01,3.234594E-03,-1.905058E-01,-2.757102E-02,0.000000E+00,0.000000E+00,-9.365887E-01
2.450000E+00,-4.392479E-01,3.294614E-03,-1.904864E-01,-5.175184E-02,-4.460846E-01,3.199714E-03,-1.901612E-01,-3.488063E-02,0.000000E+00,0.000000E+00,-7.952743E-01
2.451000E+00,-4.394418E-01,3.276141E-03,-1.938295E-01,-1.847321E-02,-4.462778E-01,3.176343E-03,-1.931308E-01,-2.337023E-02,0.000000E+00,0.000000E+00,-8.363916E-01
2.452000E+00,-4.396376E-01,3.257280E-03,-1.958638E-01,-1.886104E-02,-4.464728E-01,3.148949E-03,-1.950203E-01,-2.739449E-02,0.000000E+00,0.000000E+00,-9.080101E-01
2.453000E+00,-4.398337E-01,3.227946E-03,-1.960857E-01,-2.933379E-02,-4.466680E-01,3.113680E-03,-1.952388E-01,-3.526913E-02,0.000000E+00,0.000000E+00,-9.578687E-01
2.454000E+00,-4.400299E-01,3.189920E-03,-1.961611E-01,-3.802655E-02,-4.468632E-01,3.068268E-03,-1.952133E-01,-4.541192E-02,0.000000E+00,0.000000E+00,-1.019907E+00
2.455000E+00,-4.402310E-01,3.157025E-03,-2.011136E-01,-3.289458E-02,-4.470638E-01,3.085305E-03,-2.005321E-01,1.703749E-02,0.000000E+00,0.000000E+00,-6.013777E-01
2.456000E+00,-4.404378E-01,3.124539E-03,-2.068609E-01,-3.248564E-02,-4.472692E-01,3.131344E-03,-2.054886E-01,4.603861E-02,0.000000E+00,0.000000E+00,5.707176E-02
2.457000E+00,-4.406503E-01,3.089593E-03,-2.124734E-01,-3.494624E-02,-4.474787E-01,3.192327E-03,-2.094643E-01,6.098300E-02,0.000000E+00,0.000000E+00,8.619565E-01
2.458000E+00,-4.408699E-01,3.033540E-03,-2.195634E-01,-5.605301E-02,-4.476920E-01,3.277078E-03,-2.132735E-01,8.475136E-02,0.000000E+00,0.000000E+00,2.044501E+00
2.459000E+00,-4.410897E-01,3.024678E-03,-2.198476E-01,-8.862364E-03,-4.479060E-01,3.338321E-03,-2.140073E-01,6.124298E-02,0.000000E+00,0.000000E+00,2.634551E+00
2.460000E+00,-4.413007E-01,3.068392E-03,-2.109907E-01,4.371408E-02,-4.481146E-01,3.386619E-03,-2.085893E-01,4.829745E-02,0.000000E+00,0.000000E+00,2.673936E+00
2.461000E+00,-4.415126E-01,3.116313E-03,-2.119157E-01,4.792156E-02,-4.483250E-01,3.422318E-03,-2.104022E-01,3.569887E-02,0.000000E+00,0.000000E+00,2.571945E+00
2.462000E+00,-4.417259E-01,3.165208E-03,-2.132687E-01,4.889477E-02,-4.485373E-01,3.446101E-03,-2.123513E-01,2.378379E-02,0.000000E+00,0.000000E+00,2.361456E+00
2.463000E+00,-4.419402E-01,3.215611E-03,-2.143465E-01,5.040336E-02,-4.487513E-01,3.457567E-03,-2.139502E-01,1.146574E-02,0.000000E+00,0.000000E+00,2.034525E+00
2.464000E+00,-4.421556E-01,3.268603E-03,-2.153300E-01,5.299171E-02,-4.489665E-01,3.456944E-03,-2.152230E-01,-6.231918E-04,0.000000E+00,0.000000E+00,1.583982E+00
2.465000E+00,-4.423716E-01,3.321889E-03,-2.160407E-01,5.328616E-02,-4.491824E-01,3.444021E-03,-2.158583E-01,-1.292316E-02,0.000000E+00,0.000000E+00,1.027328E+00
2.466000E+00,-4.425878E-01,3.370511E-03,-2.162147E-01,4.862130E-02,-4.493980E-01,3.418465E-03,-2.155929E-01,-2.555625E-02,0.000000E+00,0.000000E+00,4.034455E-01
2.467000E+00,-4.428041E-01,3.411573E-03,-2.162768E-01,4.106203E-02,-4.496129E-01,3.382154E-03,-2.149011E-01,-3.631035E-02,0.000000E+00,0.000000E+00,-2.475554E-01
2.468000E+00,-4.430205E-01,3.444146E-03,-2.164221E-01,3.257291E-02,-4.498270E-01,3.336220E-03,-2.141674E-01,-4.593434E-02,0.000000E+00,0.000000E+00,-9.084223E-01
2.469000E+00,-4.432372E-01,3.468041E-03,-2.166344E-01,2.389581E-02,-4.500405E-01,3.280890E-03,-2.134710E-01,-5.533001E-02,0.000000E+00,0.000000E+00,-1.575742E+00
2.470000E+00,-4.434540E-01,3.483083E-03,-2.168367E-01,1.504116E-02,-4.502533E-01,3.216346E-03,-2.127652E-01,-6.454404E-02,0.000000E+00,0.000000E+00,-2.246577E+00
2.471000E+00,-4.436710E-01,3.489111E-03,-2.169955E-01,6.028257E-03,-4.504653E-01,3.142656E-03,-2.120322E-01,-7.368993E-02,0.000000E+00,0.000000E+00,-2.919101E+00
2.472000E+00,-4.438858E-01,3.488918E-03,-2.147985E-01,-1.930996E-04,-4.506750E-01,3.071217E-03,-2.096881E-01,-7.143921E-02,0.000000E+00,0.000000E+00,-3.520656E+00
2.473000E+00,-4.440927E-01,3.472395E-03,-2.069385E-01,-1.652271E-02,-4.508796E-01,3.027580E-03,-2.046612E-01,-4.363711E-02,0.000000E+00,0.000000E+00,-3.749816E+00
2.474000E+00,-4.442914E-01,3.413918E-03,-1.986778E-01,-5.847736E-02,-4.510807E-01,3.011742E-03,-2.010070E-01,-1.583726E-02,0.000000E+00,0.000000E+00,-3.390080E+00
2.475000E+00,-4.444882E-01,3.331696E-03,-1.967932E-01,-8.222178E-02,-4.512807E-01,2.996887E-03,-2.000445E-01,-1.485523E-02,0.000000E+00,0.000000E+00,-2.821885E+00
2.476000E+00,-4.446834E-01,3.265256E-03,-1.952355E-01,-6.643996E-02,-4.514786E-01,2.990600E-03,-1.978602E-01,-6.287356E-03,0.000000E+00,0.000000E+00,-2.314617E+00
2.477000E+00,-4.448786E-01,3.262463E-03,-1.951315E-01,-2.793131E-03,-4.516757E-01,3.038964E-03,-1.971044E-01,4.836427E-02,0.000000E+00,0.000000E+00,-1.883296E+00
2.478000E+00,-4.450775E-01,3.271540E-03,-1.989293E-01,9.077388E-03,-4.518766E-01,3.110847E-03,-2.009851E-01,7.188279E-02,0.000000E+00,0.000000E+00,-1.353897E+00
2.479000E+00,-4.452818E-01,3.277359E-03,-2.043058E-01,5.819360E-03,-4.520826E-01,3.197959E-03,-2.059999E-01,8.711178E-02,0.000000E+00,0.000000E+00,-6.689079E-01
2.480000E+00,-4.454920E-01,3.284275E-03,-2.101744E-01,6.915100E-03,-4.522932E-01,3.296062E-03,-2.105225E-01,9.810385E-02,0.000000E+00,0.000000E+00,9.930517E-02
2.481000E+00,-4.457047E-01,3.288945E-03,-2.127018E-01,4.670247E-03,-4.525048E-01,3.388440E-03,-2.116347E-01,9.237722E-02,0.000000E+00,0.000000E+00,8.382544E-01
2.482000E+00,-4.459177E-01,3.284878E-03,-2.130175E-01,-4.067239E-03,-4.527157E-01,3.467805E-03,-2.108940E-01,7.936516E-02,0.000000E+00,0.000000E+00,1.541401E+00
2.483000E+00,-4.461308E-01,3.272443E-03,-2.130477E-01,-1.243417E-02,-4.529258E-01,3.533419E-03,-2.101189E-01,6.561424E-02,0.000000E+00,0.000000E+00,2.199458E+00
2.484000E+00,-4.463437E-01,3.257720E-03,-2.128983E-01,-1.472306E-02,-4.531361E-01,3.578097E-03,-2.102689E-01,4.467764E-02,0.000000E+00,0.000000E+00,2.700449E+00
2.485000E+00,-4.465568E-01,3.251876E-03,-2.131159E-01,-5.844490E-03,-4.533485E-01,3.593127E-03,-2.123697E-01,1.503016E-02,0.000000E+00,0.000000E+00,2.876430E+00
2.486000E+00,-4.467736E-01,3.270064E-03,-2.168502E-01,1.818803E-02,-4.535657E-01,3.600905E-03,-2.172276E-01,7.778345E-03,0.000000E+00,0.000000E+00,2.788672E+00
2.487000E+00,-4.469896E-01,3.288326E-03,-2.159707E-01,1.826203E-02,-4.537826E-01,3.595340E-03,-2.169596E-01,-5.565388E-03,0.000000E+00,0.000000E+00,2.587737E+00
2.488000E+00,-4.472040E-01,3.300393E-03,-2.144133E-01,1.206703E-02,-4.539984E-01,3.576852E-03,-2.157222E-01,-1.848796E-02,0.000000E+00,0.000000E+00,2.330049E+00
2.489000E+00,-4.474175E-01,3.303350E-03,-2.134853E-01,2.957420E-03,-4.542132E-01,3.549881E-03,-2.148480E-01,-2.697103E-02,0.000000E+00,0.000000E+00,2.077624E+00
2.490000E+00,-4.476301E-01,3.296513E-03,-2.126334E-01,-6.837457E-03,-4.544272E-01,3.515110E-03,-2.140073E-01,-3.477125E-02,0.000000E+00,0.000000E+00,1.842014E+00
2.491000E+00,-4.478406E-01,3.285166E-03,-2.104695E-01,-1.134672E-02,-4.546393E-01,3.472240E-03,-2.120750E-01,-4.286984E-02,0.000000E+00,0.000000E+00,1.576156E+00
2.492000E+00,-4.480479E-01,3.273712E-03,-2.073253E-01,-1.145443E-02,-4.548486E-01,3.419484E-03,-2.093416E-01,-5.275568E-02,0.000000E+00,0.000000E+00,1.227937E+00
2.493000E+00,-4.482548E-01,3.255496E-03,-2.069076E-01,-1.821589E-02,-4.550577E-01,3.355644E-03,-2.090295E-01,-6.384039E-02,0.000000E+00,0.000000E+00,8.434167E-01
2.494000E+00,-4.484609E-01,3.227472E-03,-2.060842E-01,-2.802405E-02,-4.552657E-01,3.282153E-03,-2.080837E-01,-7.349080E-02,0.000000E+00,0.000000E+00,4.603964E-01
2.495000E+00,-4.486667E-01,3.195901E-03,-2.058433E-01,-3.157124E-02,-4.554732E-01,3.225803E-03,-2.074191E-01,-5.634960E-02,0.000000E+00,0.000000E+00,2.517162E-01
2.496000E+00,-4.488779E-01,3.157943E-03,-2.111162E-01,-3.795776E-02,-4.556847E-01,3.232041E-03,-2.115324E-01,6.237693E-03,0.000000E+00,0.000000E+00,6.236882E-01
2.497000E+00,-4.490973E-01,3.113096E-03,-2.194489E-01,-4.484638E-02,-4.559035E-01,3.264557E-03,-2.188305E-01,3.251651E-02,0.000000E+00,0.000000E+00,1.274812E+00
2.498000E+00,-4.493222E-01,3.130842E-03,-2.249126E-01,1.774542E-02,-4.561282E-01,3.316880E-03,-2.246626E-01,5.232291E-02,0.000000E+00,0.000000E+00,1.565769E+00
2.499000E+00,-4.495483E-01,3.158998E-03,-2.260389E-01,2.815592E-02,-4.563543E-01,3.375677E-03,-2.260727E-01,5.879625E-02,0.000000E+00,0.000000E+00,1.823478E+00
2.500000E+00,-4.497728E-01,3.186262E-03,-2.245123E-01,2.726430E-02,-4.565791E-01,3.422273E-03,-2.248177E-01,4.659597E-02,0.000000E+00,0.000000E+00,1.985952E+00
2.501000E+00,-4.499956E-01,3.212921E-03,-2.228095E-01,2.665893E-02,-4.568026E-01,3.456302E-03,-2.235080E-01,3.402943E-02,0.000000E+00,0.000000E+00,2.047710E+00
2.502000E+00,-4.502180E-01,3.233339E-03,-2.223925E-01,2.041831E-02,-4.570259E-01,3.477926E-03,-2.232876E-01,2.162400E-02,0.000000E+00,0.000000E+00,2.057575E+00
2.503000E+00,-4.504407E-01,3.248346E-03,-2.226716E-01,1.500675E-02,-4.572496E-01,3.487280E-03,-2.237602E-01,9.353474E-03,0.000000E+00,0.000000E+00,2.009736E+00
2.504000E+00,-4.506649E-01,3.266522E-03,-2.242668E-01,1.817614E-02,-4.574754E-01,3.483886E-03,-2.257902E-01,-3.393455E-03,0.000000E+00,0.000000E+00,1.828028E+00
2.505000E+00,-4.508896E-01,3.282036E-03,-2.247107E-01,1.551412E-02,-4.577020E-01,3.465551E-03,-2.265675E-01,-1.833500E-02,0.000000E+00,0.000000E+00,1.543087E+00
2.506000E+00,-4.511140E-01,3.289845E-03,-2.243344E-01,7.808533E-03,-4.579282E-01,3.434322E-03,-2.261788E-01,-3.122947E-02,0.000000E+00,0.000000E+00,1.214618E+00
2.507000E+00,-4.513379E-01,3.289865E-03,-2.239145E-01,1.989246E-05,-4.581538E-01,3.390770E-03,-2.256597E-01,-4.355152E-02,0.000000E+00,0.000000E+00,8.481606E-01
2.508000E+00,-4.515614E-01,3.281759E-03,-2.234976E-01,-8.105535E-03,-4.583789E-01,3.335722E-03,-2.250523E-01,-5.504826E-02,0.000000E+00,0.000000E+00,4.535032E-01
2.509000E+00,-4.517853E-01,3.275838E-03,-2.239213E-01,-5.921051E-03,-4.586041E-01,3.272731E-03,-2.251708E-01,-6.299123E-02,0.000000E+00,0.000000E+00,-2.611214E-02
2.510000E+00,-4.520104E-01,3.287146E-03,-2.250541E-01,1.130761E-02,-4.588297E-01,3.200413E-03,-2.256888E-01,-7.231735E-02,0.000000E+00,0.000000E+00,-7.286778E-01
2.511000E+00,-4.522290E-01,3.293714E-03,-2.186551E-01,6.568315E-03,-4.590486E-01,3.146137E-03,-2.188963E-01,-5.427621E-02,0.000000E+00,0.000000E+00,-1.239688E+00
2.512000E+00,-4.524328E-01,3.288255E-03,-2.037766E-01,-5.458739E-03,-4.592541E-01,3.156647E-03,-2.054120E-01,1.050997E-02,0.000000E+00,0.000000E+00,-1.105317E+00
2.513000E+00,-4.526300E-01,3.272809E-03,-1.971772E-01,-1.544674E-02,-4.594532E-01,3.185197E-03,-1.991594E-01,2.854993E-02,0.000000E+00,0.000000E+00,-7.356467E-01
2.514000E+00,-4.528219E-01,3.258701E-03,-1.919358E-01,-1.410723E-02,-4.596468E-01,3.212221E-03,-1.935796E-01,2.702446E-02,0.000000E+00,0.000000E+00,-3.901987E-01
2.515000E+00,-4.530105E-01,3.242986E-03,-1.885992E-01,-1.571510E-02,-4.598368E-01,3.234508E-03,-1.900449E-01,2.228658E-02,0.000000E+00,0.000000E+00,-7.116128E-02
2.516000E+00,-4.531979E-01,3.219365E-03,-1.873552E-01,-2.362111E-02,-4.600255E-01,3.249009E-03,-1.886202E-01,1.450118E-02,0.000000E+00,0.000000E+00,2.487641E-01
2.517000E+00,-4.533847E-01,3.187432E-03,-1.868490E-01,-3.193317E-02,-4.602134E-01,3.254038E-03,-1.879195E-01,5.028725E-03,0.000000E+00,0.000000E+00,5.588364E-01
2.518000E+00,-4.535711E-01,3.147280E-03,-1.864219E-01,-4.015176E-02,-4.604007E-01,3.249390E-03,-1.872984E-01,-4.647898E-03,0.000000E+00,0.000000E+00,8.565742E-01
2.519000E+00,-4.537572E-01,3.098274E-03,-1.860602E-01,-4.900645E-02,-4.605874E-01,3.234645E-03,-1.867437E-01,-1.474462E-02,0.000000E+00,0.000000E+00,1.143807E+00
2.520000E+00,-4.539429E-01,3.040633E-03,-1.857641E-01,-5.764033E-02,-4.607737E-01,3.209623E-03,-1.862636E-01,-2.502253E-02,0.000000E+00,0.000000E+00,1.417182E+00
2.521000E+00,-4.541285E-01,2.974575E-03,-1.855332E-01,-6.605824E-02,-4.609596E-01,3.174131E-03,-1.858666E-01,-3.549221E-02,0.000000E+00,0.000000E+00,1.673300E+00
2.522000E+00,-4.543100E-01,2.933607E-03,-1.815585E-01,-4.096809E-02,-4.611424E-01,3.122268E-03,-1.828742E-01,-5.186285E-02,0.000000E+00,0.000000E+00,1.581689E+00
2.523000E+00,-4.544834E-01,2.972678E-03,-1.733578E-01,3.907109E-02,-4.613182E-01,3.076092E-03,-1.758091E-01,-4.617617E-02,0.000000E+00,0.000000E+00,8.668380E-01
2.524000E+00,-4.546545E-01,3.028917E-03,-1.710795E-01,5.623858E-02,-4.614902E-01,3.095314E-03,-1.719379E-01,1.922225E-02,0.000000E+00,0.000000E+00,5.565125E-01
2.525000E+00,-4.548262E-01,3.094023E-03,-1.717184E-01,6.510629E-02,-4.616624E-01,3.126202E-03,-1.722573E-01,3.088784E-02,0.000000E+00,0.000000E+00,2.696929E-01
2.526000E+00,-4.550014E-01,3.158850E-03,-1.752226E-01,6.482687E-02,-4.618380E-01,3.156306E-03,-1.755603E-01,3.010457E-02,0.000000E+00,0.000000E+00,-2.131819E-02
2.527000E+00,-4.551810E-01,3.226974E-03,-1.796071E-01,6.812407E-02,-4.620177E-01,3.185569E-03,-1.797272E-01,2.926243E-02,0.000000E+00,0.000000E+00,-3.469984E-01
2.528000E+00,-4.553654E-01,3.297066E-03,-1.843645E-01,7.009245E-02,-4.622020E-01,3.215407E-03,-1.842488E-01,2.983825E-02,0.000000E+00,0.000000E+00,-6.843371E-01
2.529000E+00,-4.555532E-01,3.358209E-03,-1.877839E-01,6.114234E-02,-4.623896E-01,3.250687E-03,-1.876625E-01,3.527993E-02,0.000000E+00,0.000000E+00,-9.010583E-01
2.530000E+00,-4.557447E-01,3.408727E-03,-1.914850E-01,5.051849E-02,-4.625812E-01,3.295469E-03,-1.916091E-01,4.478248E-02,0.000000E+00,0.000000E+00,-9.491016E-01
2.531000E+00,-4.559393E-01,3.448782E-03,-1.946301E-01,4.005509E-02,-4.627762E-01,3.346525E-03,-1.950082E-01,5.105602E-02,0.000000E+00,0.000000E+00,-8.568809E-01
2.532000E+00,-4.561339E-01,3.480918E-03,-1.945984E-01,3.213574E-02,-4.629711E-01,3.385370E-03,-1.948924E-01,3.884506E-02,0.000000E+00,0.000000E+00,-8.006321E-01
2.533000E+00,-4.563284E-01,3.505651E-03,-1.945165E-01,2.473283E-02,-4.631659E-01,3.411494E-03,-1.947271E-01,2.612319E-02,0.000000E+00,0.000000E+00,-7.889589E-01
2.534000E+00,-4.565228E-01,3.523333E-03,-1.943757E-01,1.768223E-02,-4.633604E-01,3.424612E-03,-1.944994E-01,1.311810E-02,0.000000E+00,0.000000E+00,-8.271823E-01
2.535000E+00,-4.567170E-01,3.534012E-03,-1.941818E-01,1.067846E-02,-4.635546E-01,3.424854E-03,-1.942100E-01,2.425758E-04,0.000000E+00,0.000000E+00,-9.146061E-01
2.536000E+00,-4.569109E-01,3.537319E-03,-1.939692E-01,3.306903E-03,-4.637485E-01,3.412874E-03,-1.938938E-01,-1.198068E-02,0.000000E+00,0.000000E+00,-1.042682E+00
2.537000E+00,-4.571047E-01,3.532480E-03,-1.937863E-01,-4.838743E-03,-4.639421E-01,3.389719E-03,-1.936106E-01,-2.315482E-02,0.000000E+00,0.000000E+00,-1.196136E+00
2.538000E+00,-4.572984E-01,3.518460E-03,-1.936543E-01,-1.401937E-02,-4.641355E-01,3.356558E-03,-1.934032E-01,-3.316063E-02,0.000000E+00,0.000000E+00,-1.356506E+00
2.539000E+00,-4.574919E-01,3.494179E-03,-1.935584E-01,-2.428148E-02,-4.643288E-01,3.314454E-03,-1.932786E-01,-4.210429E-02,0.000000E+00,0.000000E+00,-1.505831E+00
2.540000E+00,-4.576854E-01,3.458726E-03,-1.934738E-01,-3.545301E-02,-4.645220E-01,3.264213E-03,-1.932226E-01,-5.024066E-02,0.000000E+00,0.000000E+00,-1.629726E+00
2.541000E+00,-4.578788E-01,3.411576E-03,-1.933861E-01,-4.714983E-02,-4.647152E-01,3.206246E-03,-1.932098E-01,-5.796703E-02,0.000000E+00,0.000000E+00,-1.720349E+00
2.542000E+00,-4.580682E-01,3.342324E-03,-1.894419E-01,-6.925189E-02,-4.649054E-01,3.162381E-03,-1.902397E-01,-4.386502E-02,0.000000E+00,0.000000E+00,-1.507575E+00
2.543000E+00,-4.582524E-01,3.264375E-03,-1.841391E-01,-7.794900E-02,-4.650909E-01,3.138419E-03,-1.854475E-01,-2.396207E-02,0.000000E+00,0.000000E+00,-1.055191E+00
2.544000E+00,-4.584391E-01,3.198323E-03,-1.867246E-01,-6.605242E-02,-4.652783E-01,3.112574E-03,-1.873992E-01,-2.584491E-02,0.000000E+00,0.000000E+00,-7.183276E-01
2.545000E+00,-4.586376E-01,3.200320E-03,-1.984607E-01,1.997332E-03,-4.654763E-01,3.087829E-03,-1.980358E-01,-2.474516E-02,0.000000E+00,0.000000E+00,-9.423760E-01
2.546000E+00,-4.588451E-01,3.238905E-03,-2.075391E-01,3.858435E-02,-4.656822E-01,3.053712E-03,-2.059061E-01,-3.411752E-02,0.000000E+00,0.000000E+00,-1.551555E+00
2.547000E+00,-4.590603E-01,3.308466E-03,-2.152494E-01,6.956158E-02,-4.658931E-01,3.003431E-03,-2.108969E-01,-5.028057E-02,0.000000E+00,0.000000E+00,-2.556154E+00
2.548000E+00,-4.592763E-01,3.375582E-03,-2.159295E-01,6.711608E-02,-4.661055E-01,3.000511E-03,-2.124284E-01,-2.919775E-03,0.000000E+00,0.000000E+00,-3.143586E+00
2.549000E+00,-4.594915E-01,3.428439E-03,-2.152571E-01,5.285709E-02,-4.663202E-01,3.043661E-03,-2.146750E-01,4.315032E-02,0.000000E+00,0.000000E+00,-3.225047E+00
2.550000E+00,-4.597043E-01,3.479766E-03,-2.127980E-01,5.132626E-02,-4.665337E-01,3.108343E-03,-2.135128E-01,6.468180E-02,0.000000E+00,0.000000E+00,-3.113005E+00
2.551000E+00,-4.599173E-01,3.524619E-03,-2.129584E-01,4.485388E-02,-4.667474E-01,3.167621E-03,-2.137019E-01,5.927738E-02,0.000000E+00,0.000000E+00,-2.992016E+00
2.552000E+00,-4.601313E-01,3.560899E-03,-2.140485E-01,3.627983E-02,-4.669623E-01,3.221231E-03,-2.149065E-01,5.361006E-02,0.000000E+00,0.000000E+00,-2.846659E+00
2.553000E+00,-4.603475E-01,3.587056E-03,-2.161304E-01,2.615703E-02,-4.671798E-01,3.275345E-03,-2.174394E-01,5.411397E-02,0.000000E+00,0.000000E+00,-2.612200E+00
2.554000E+00,-4.605669E-01,3.602379E-03,-2.194424E-01,1.532313E-02,-4.674012E-01,3.337067E-03,-2.213773E-01,6.172208E-02,0.000000E+00,0.000000E+00,-2.223164E+00
2.555000E+00,-4.607875E-01,3.609219E-03,-2.205627E-01,6.839368E-03,-4.676234E-01,3.392362E-03,-2.222452E-01,5.529541E-02,0.000000E+00,0.000000E+00,-1.816986E+00
2.556000E+00,-4.610082E-01,3.608179E-03,-2.207190E-01,-1.039950E-03,-4.678454E-01,3.435754E-03,-2.219560E-01,4.339197E-02,0.000000E+00,0.000000E+00,-1.444619E+00
2.557000E+00,-4.612290E-01,3.599027E-03,-2.208155E-01,-9.152082E-03,-4.680671E-01,3.467532E-03,-2.216966E-01,3.177819E-02,0.000000E+00,0.000000E+00,-1.101650E+00
2.558000E+00,-4.614499E-01,3.581344E-03,-2.208518E-01,-1.768222E-02,-4.682885E-01,3.488178E-03,-2.214535E-01,2.064532E-02,0.000000E+00,0.000000E+00,-7.805241E-01
2.559000E+00,-4.616707E-01,3.554536E-03,-2.208292E-01,-2.680860E-02,-4.685097E-01,3.498357E-03,-2.212075E-01,1.017913E-02,0.000000E+00,0.000000E+00,-4.706443E-01
2.560000E+00,-4.618914E-01,3.517914E-03,-2.207638E-01,-3.662141E-02,-4.687307E-01,3.498814E-03,-2.209463E-01,4.567564E-04,0.000000E+00,0.000000E+00,-1.600182E-01
2.561000E+00,-4.621121E-01,3.470863E-03,-2.206917E-01,-4.705102E-02,-4.689513E-01,3.490171E-03,-2.206742E-01,-8.642635E-03,0.000000E+00,0.000000E+00,1.617490E-01
2.562000E+00,-4.623328E-01,3.413014E-03,-2.206546E-01,-5.784939E-02,-4.691717E-01,3.472742E-03,-2.204085E-01,-1.742877E-02,0.000000E+00,0.000000E+00,5.003807E-01
2.563000E+00,-4.625535E-01,3.344350E-03,-2.206731E-01,-6.866430E-02,-4.693919E-01,3.446463E-03,-2.201620E-01,-2.627945E-02,0.000000E+00,0.000000E+00,8.554881E-01
2.564000E+00,-4.627742E-01,3.265188E-03,-2.207359E-01,-7.916199E-02,-4.696118E-01,3.410951E-03,-2.199369E-01,-3.551200E-02,0.000000E+00,0.000000E+00,1.221230E+00
2.565000E+00,-4.629950E-01,3.176096E-03,-2.208129E-01,-8.909158E-02,-4.698316E-01,3.365601E-03,-2.197334E-01,-4.534939E-02,0.000000E+00,0.000000E+00,1.587795E+00
2.566000E+00,-4.632151E-01,3.065548E-03,-2.201074E-01,-1.105480E-01,-4.700495E-01,3.321682E-03,-2.179227E-01,-4.391953E-02,0.000000E+00,0.000000E+00,2.146282E+00
2.567000E+00,-4.634402E-01,3.056859E-03,-2.250274E-01,-8.688999E-03,-4.702752E-01,3.291445E-03,-2.257471E-01,-3.023719E-02,0.000000E+00,0.000000E+00,1.965660E+00
2.568000E+00,-4.636736E-01,3.106404E-03,-2.334228E-01,4.954463E-02,-4.705104E-01,3.280073E-03,-2.351364E-01,-1.137143E-02,0.000000E+00,0.000000E+00,1.455119E+00
2.569000E+00,-4.639169E-01,3.187286E-03,-2.433233E-01,8.088217E-02,-4.707553E-01,3.272259E-03,-2.448680E-01,-7.813967E-03,0.000000E+00,0.000000E+00,7.119185E-01
2.570000E+00,-4.641688E-01,3.293874E-03,-2.518736E-01,1.065884E-01,-4.710074E-01,3.262409E-03,-2.521660E-01,-9.849773E-03,0.000000E+00,0.000000E+00,-2.636196E-01
2.571000E+00,-4.644235E-01,3.404452E-03,-2.547074E-01,1.105780E-01,-4.712599E-01,3.232428E-03,-2.525083E-01,-2.998095E-02,0.000000E+00,0.000000E+00,-1.441416E+00
2.572000E+00,-4.646796E-01,3.508601E-03,-2.561509E-01,1.041483E-01,-4.715106E-01,3.188361E-03,-2.507215E-01,-4.406723E-02,0.000000E+00,0.000000E+00,-2.684071E+00
2.573000E+00,-4.649327E-01,3.588064E-03,-2.530558E-01,7.946333E-02,-4.717576E-01,3.155861E-03,-2.469630E-01,-3.250001E-02,0.000000E+00,0.000000E+00,-3.623536E+00
2.574000E+00,-4.651873E-01,3.668435E-03,-2.545845E-01,8.037116E-02,-4.720081E-01,3.175276E-03,-2.504885E-01,1.941478E-02,0.000000E+00,0.000000E+00,-4.135399E+00
2.575000E+00,-4.654445E-01,3.743269E-03,-2.572592E-01,7.483340E-02,-4.722621E-01,3.207531E-03,-2.539978E-01,3.225453E-02,0.000000E+00,0.000000E+00,-4.493181E+00
2.576000E+00,-4.657033E-01,3.811750E-03,-2.588117E-01,6.848141E-02,-4.725178E-01,3.238938E-03,-2.557148E-01,3.140735E-02,0.000000E+00,0.000000E+00,-4.804883E+00
2.577000E+00,-4.659640E-01,3.874298E-03,-2.607011E-01,6.254803E-02,-4.727756E-01,3.269492E-03,-2.578242E-01,3.055417E-02,0.000000E+00,0.000000E+00,-5.074022E+00
2.578000E+00,-4.662268E-01,3.930204E-03,-2.627848E-01,5.590638E-02,-4.730360E-01,3.300087E-03,-2.603486E-01,3.059477E-02,0.000000E+00,0.000000E+00,-5.287076E+00
2.579000E+00,-4.664903E-01,3.977947E-03,-2.634610E-01,4.774266E-02,-4.732969E-01,3.322451E-03,-2.609099E-01,2.236432E-02,0.000000E+00,0.000000E+00,-5.500784E+00
2.580000E+00,-4.667539E-01,4.016647E-03,-2.636065E-01,3.870015E-02,-4.735577E-01,3.333830E-03,-2.607617E-01,1.137917E-02,0.000000E+00,0.000000E+00,-5.730941E+00
2.581000E+00,-4.670176E-01,4.046100E-03,-2.636719E-01,2.945278E-02,-4.738182E-01,3.334284E-03,-2.605421E-01,4.536679E-04,0.000000E+00,0.000000E+00,-5.975337E+00
2.582000E+00,-4.672812E-01,4.066148E-03,-2.636326E-01,2.004783E-02,-4.740784E-01,3.323925E-03,-2.602324E-01,-1.035943E-02,0.000000E+00,0.000000E+00,-6.231717E+00
2.583000E+00,-4.675411E-01,4.055773E-03,-2.598602E-01,-1.037518E-02,-4.743391E-01,3.322707E-03,-2.606959E-01,-1.217882E-03,0.000000E+00,0.000000E+00,-6.154675E+00
2.584000E+00,-4.677987E-01,4.026992E-03,-2.576228E-01,-2.878083E-02,-4.745994E-01,3.320388E-03,-2.602915E-01,-2.318507E-03,0.000000E+00,0.000000E+00,-5.931805E+00
2.585000E+00,-4.680549E-01,3.984665E-03,-2.562590E-01,-4.232650E-02,-4.748590E-01,3.311831E-03,-2.595443E-01,-8.557444E-03,0.000000E+00,0.000000E+00,-5.647490E+00
2.586000E+00,-4.683104E-01,3.930430E-03,-2.555075E-01,-5.423511E-02,-4.751179E-01,3.295009E-03,-2.589539E-01,-1.682199E-02,0.000000E+00,0.000000E+00,-5.332639E+00
2.587000E+00,-4.685654E-01,3.865096E-03,-2.549899E-01,-6.533379E-02,-4.753763E-01,3.269280E-03,-2.584185E-01,-2.572862E-02,0.000000E+00,0.000000E+00,-4.999498E+00
2.588000E+00,-4.688204E-01,3.790835E-03,-2.549323E-01,-7.426113E-02,-4.756343E-01,3.232865E-03,-2.580120E-01,-3.641475E-02,0.000000E+00,0.000000E+00,-4.681282E+00
2.589000E+00,-4.690752E-01,3.707774E-03,-2.548687E-01,-8.306182E-02,-4.758920E-01,3.185623E-03,-2.576089E-01,-4.724271E-02,0.000000E+00,0.000000E+00,-4.380221E+00
2.590000E+00,-4.693257E-01,3.622683E-03,-2.504746E-01,-8.509005E-02,-4.761460E-01,3.148776E-03,-2.540831E-01,-3.684692E-02,0.000000E+00,0.000000E+00,-3.974785E+00
2.591000E+00,-4.695738E-01,3.532818E-03,-2.480411E-01,-8.986551E-02,-4.763978E-01,3.112567E-03,-2.517530E-01,-3.620883E-02,0.000000E+00,0.000000E+00,-3.524047E+00
2.592000E+00,-4.698209E-01,3.435841E-03,-2.471214E-01,-9.697703E-02,-4.766483E-01,3.069462E-03,-2.504723E-01,-4.310462E-02,0.000000E+00,0.000000E+00,-3.071720E+00
2.593000E+00,-4.700676E-01,3.330775E-03,-2.467349E-01,-1.050656E-01,-4.768979E-01,3.017012E-03,-2.496280E-01,-5.245055E-02,0.000000E+00,0.000000E+00,-2.630154E+00
2.594000E+00,-4.703096E-01,3.250436E-03,-2.419693E-01,-8.033975E-02,-4.771414E-01,2.961947E-03,-2.435127E-01,-5.506452E-02,0.000000E+00,0.000000E+00,-2.417999E+00
2.595000E+00,-4.705390E-01,3.245704E-03,-2.294191E-01,-4.732009E-03,-4.773696E-01,2.914949E-03,-2.282175E-01,-4.699804E-02,0.000000E+00,0.000000E+00,-2.772226E+00
2.596000E+00,-4.707605E-01,3.270974E-03,-2.215451E-01,2.527058E-02,-4.775893E-01,2.891540E-03,-2.197030E-01,-2.340914E-02,0.000000E+00,0.000000E+00,-3.180309E+00
2.597000E+00,-4.709721E-01,3.307392E-03,-2.115667E-01,3.641767E-02,-4.778018E-01,2.936758E-03,-2.124597E-01,4.521772E-02,0.000000E+00,0.000000E+00,-3.106290E+00
2.598000E+00,-4.711803E-01,3.298534E-03,-2.081782E-01,-8.857720E-03,-4.780139E-01,3.006529E-03,-2.121034E-01,6.977133E-02,0.000000E+00,0.000000E+00,-2.446803E+00
2.599000E+00,-4.713869E-01,3.278030E-03,-2.066061E-01,-2.050363E-02,-4.782241E-01,3.086178E-03,-2.102032E-01,7.964919E-02,0.000000E+00,0.000000E+00,-1.607301E+00
2.600000E+00,-4.715899E-01,3.275800E-03,-2.029858E-01,-2.230542E-03,-4.784291E-01,3.175294E-03,-2.049764E-01,8.911600E-02,0.000000E+00,0.000000E+00,-8.419320E-01
2.601000E+00,-4.717924E-01,3.278921E-03,-2.025327E-01,3.121424E-03,-4.786323E-01,3.260758E-03,-2.032798E-01,8.546404E-02,0.000000E+00,0.000000E+00,-1.521446E-01
2.602000E+00,-4.719963E-01,3.279415E-03,-2.038406E-01,4.939148E-04,-4.788360E-01,3.340453E-03,-2.036160E-01,7.969483E-02,0.000000E+00,0.000000E+00,5.112969E-01
2.603000E+00,-4.722032E-01,3.294628E-03,-2.069393E-01,1.521291E-02,-4.790425E-01,3.392364E-03,-2.065195E-01,5.191111E-02,0.000000E+00,0.000000E+00,8.187232E-01
2.604000E+00,-4.724125E-01,3.313600E-03,-2.093034E-01,1.897236E-02,-4.792516E-01,3.424239E-03,-2.091114E-01,3.187522E-02,0.000000E+00,0.000000E+00,9.268171E-01
2.605000E+00,-4.726232E-01,3.326134E-03,-2.107133E-01,1.253394E-02,-4.794622E-01,3.440742E-03,-2.106534E-01,1.650231E-02,0.000000E+00,0.000000E+00,9.600622E-01
2.606000E+00,-4.728350E-01,3.333197E-03,-2.117677E-01,7.062362E-03,-4.796741E-01,3.440681E-03,-2.118738E-01,-6.109311E-05,0.000000E+00,0.000000E+00,9.003854E-01
2.607000E+00,-4.730467E-01,3.333929E-03,-2.117303E-01,7.324722E-04,-4.798860E-01,3.426765E-03,-2.119088E-01,-1.391553E-02,0.000000E+00,0.000000E+00,7.776760E-01
2.608000E+00,-4.732582E-01,3.327172E-03,-2.115058E-01,-6.757705E-03,-4.800977E-01,3.400887E-03,-2.116762E-01,-2.587770E-02,0.000000E+00,0.000000E+00,6.175085E-01
2.609000E+00,-4.734717E-01,3.325607E-03,-2.135050E-01,-1.564699E-03,-4.803114E-01,3.366600E-03,-2.137103E-01,-3.428711E-02,0.000000E+00,0.000000E+00,3.433960E-01
2.610000E+00,-4.736886E-01,3.336077E-03,-2.169193E-01,1.046985E-02,-4.805284E-01,3.326213E-03,-2.169867E-01,-4.038715E-02,0.000000E+00,0.000000E+00,-8.262516E-02
2.611000E+00,-4.739056E-01,3.338568E-03,-2.169990E-01,2.490922E-03,-4.807451E-01,3.274340E-03,-2.166577E-01,-5.187298E-02,0.000000E+00,0.000000E+00,-5.380351E-01
2.612000E+00,-4.741228E-01,3.332464E-03,-2.171212E-01,-6.103252E-03,-4.809614E-01,3.211481E-03,-2.163097E-01,-6.285879E-02,0.000000E+00,0.000000E+00,-1.013522E+00
2.613000E+00,-4.743335E-01,3.327874E-03,-2.107298E-01,-4.590009E-03,-4.811713E-01,3.173835E-03,-2.099410E-01,-3.764609E-02,0.000000E+00,0.000000E+00,-1.290512E+00
2.614000E+00,-4.745347E-01,3.349199E-03,-2.011938E-01,2.132443E-02,-4.813712E-01,3.155788E-03,-1.999199E-01,-1.804740E-02,0.000000E+00,0.000000E+00,-1.620506E+00
2.615000E+00,-4.747314E-01,3.379009E-03,-1.966893E-01,2.981069E-02,-4.815661E-01,3.142429E-03,-1.949095E-01,-1.335919E-02,0.000000E+00,0.000000E+00,-1.982461E+00
2.616000E+00,-4.749274E-01,3.400261E-03,-1.959867E-01,2.125191E-02,-4.817602E-01,3.125697E-03,-1.940222E-01,-1.673144E-02,0.000000E+00,0.000000E+00,-2.301090E+00
2.617000E+00,-4.751231E-01,3.411898E-03,-1.957815E-01,1.163702E-02,-4.819538E-01,3.102942E-03,-1.936478E-01,-2.275550E-02,0.000000E+00,0.000000E+00,-2.589767E+00
2.618000E+00,-4.753191E-01,3.413214E-03,-1.959669E-01,1.315159E-03,-4.821475E-01,3.071953E-03,-1.936491E-01,-3.098897E-02,0.000000E+00,0.000000E+00,-2.861091E+00
2.619000E+00,-4.755151E-01,3.398995E-03,-1.960257E-01,-1.421879E-02,-4.823415E-01,3.034855E-03,-1.939942E-01,-3.709787E-02,0.000000E+00,0.000000E+00,-3.053462E+00
2.620000E+00,-4.757112E-01,3.361052E-03,-1.960378E-01,-3.794328E-02,-4.825366E-01,2.997642E-03,-1.951602E-01,-3.721311E-02,0.000000E+00,0.000000E+00,-3.047741E+00
2.621000E+00,-4.759080E-01,3.305097E-03,-1.968663E-01,-5.595485E-02,-4.827332E-01,2.956868E-03,-1.965382E-01,-4.077382E-02,0.000000E+00,0.000000E+00,-2.920791E+00
2.622000E+00,-4.761017E-01,3.252109E-03,-1.936585E-01,-5.298728E-02,-4.829284E-01,2.969721E-03,-1.952895E-01,1.285310E-02,0.000000E+00,0.000000E+00,-2.368687E+00
2.623000E+00,-4.762937E-01,3.199518E-03,-1.919607E-01,-5.259146E-02,-4.831223E-01,3.015970E-03,-1.938181E-01,4.624936E-02,0.000000E+00,0.000000E+00,-1.539693E+00
2.624000E+00,-4.764923E-01,3.205539E-03,-1.986099E-01,6.021518E-03,-4.833206E-01,3.067724E-03,-1.983476E-01,5.175332E-02,0.000000E+00,0.000000E+00,-1.156237E+00
2.625000E+00,-4.766977E-01,3.230759E-03,-2.054195E-01,2.521997E-02,-4.835251E-01,3.127281E-03,-2.044520E-01,5.955697E-02,0.000000E+00,0.000000E+00,-8.683326E-01
2.626000E+00,-4.769075E-01,3.256476E-03,-2.097668E-01,2.571663E-02,-4.837334E-01,3.186502E-03,-2.083060E-01,5.922117E-02,0.000000E+00,0.000000E+00,-5.873319E-01
2.627000E+00,-4.771201E-01,3.274910E-03,-2.126222E-01,1.843411E-02,-4.839443E-01,3.248981E-03,-2.109542E-01,6.247923E-02,0.000000E+00,0.000000E+00,-2.176961E-01
2.628000E+00,-4.773338E-01,3.283999E-03,-2.137578E-01,9.088549E-03,-4.841559E-01,3.306026E-03,-2.116105E-01,5.704489E-02,0.000000E+00,0.000000E+00,1.849975E-01
2.629000E+00,-4.775481E-01,3.282990E-03,-2.142291E-01,-1.008990E-03,-4.843674E-01,3.354167E-03,-2.115012E-01,4.814107E-02,0.000000E+00,0.000000E+00,5.980049E-01
2.630000E+00,-4.777643E-01,3.291185E-03,-2.162494E-01,8.195376E-03,-4.845803E-01,3.370950E-03,-2.128954E-01,1.678286E-02,0.000000E+00,0.000000E+00,6.704771E-01
2.631000E+00,-4.779807E-01,3.292919E-03,-2.163660E-01,1.733880E-03,-4.847932E-01,3.376853E-03,-2.128256E-01,5.903080E-03,0.000000E+00,0.000000E+00,7.058851E-01
2.632000E+00,-4.781973E-01,3.288604E-03,-2.166057E-01,-4.314500E-03,-4.850061E-01,3.371659E-03,-2.129388E-01,-5.194407E-03,0.000000E+00,0.000000E+00,6.988620E-01
2.633000E+00,-4.784143E-01,3.278293E-03,-2.170187E-01,-1.031147E-02,-4.852194E-01,3.355209E-03,-2.132900E-01,-1.645005E-02,0.000000E+00,0.000000E+00,6.475679E-01
2.634000E+00,-4.786327E-01,3.273572E-03,-2.183741E-01,-4.721378E-03,-4.854343E-01,3.331448E-03,-2.149176E-01,-2.376093E-02,0.000000E+00,0.000000E+00,4.875268E-01
2.635000E+00,-4.788528E-01,3.289332E-03,-2.201230E-01,1.576029E-02,-4.856515E-01,3.305392E-03,-2.171725E-01,-2.605522E-02,0.000000E+00,0.000000E+00,1.353501E-01
2.636000E+00,-4.790721E-01,3.310081E-03,-2.192936E-01,2.074884E-02,-4.858675E-01,3.271998E-03,-2.160355E-01,-3.339486E-02,0.000000E+00,0.000000E+00,-3.210957E-01
2.637000E+00,-4.792905E-01,3.333579E-03,-2.184042E-01,2.349779E-02,-4.860820E-01,3.231461E-03,-2.145144E-01,-4.053635E-02,0.000000E+00,0.000000E+00,-8.614330E-01
2.638000E+00,-4.795099E-01,3.348987E-03,-2.193580E-01,1.540887E-02,-4.862970E-01,3.182004E-03,-2.149452E-01,-4.945693E-02,0.000000E+00,0.000000E+00,-1.409361E+00
2.639000E+00,-4.797265E-01,3.345131E-03,-2.166344E-01,-3.855982E-03,-4.865100E-01,3.145202E-03,-2.129975E-01,-3.680230E-02,0.000000E+00,0.000000E+00,-1.688189E+00
2.640000E+00,-4.799359E-01,3.340701E-03,-2.094558E-01,-4.430422E-03,-4.867167E-01,3.132026E-03,-2.067317E-01,-1.317557E-02,0.000000E+00,0.000000E+00,-1.762694E+00
2.641000E+00,-4.801424E-01,3.346902E-03,-2.064678E-01,6.200932E-03,-4.869211E-01,3.109474E-03,-2.043934E-01,-2.255271E-02,0.000000E+00,0.000000E+00,-2.006006E+00
2.642000E+00,-4.803502E-01,3.352876E-03,-2.078043E-01,5.974230E-03,-4.871269E-01,3.076594E-03,-2.058440E-01,-3.287985E-02,0.000000E+00,0.000000E+00,-2.334617E+00
2.643000E+00,-4.805599E-01,3.354713E-03,-2.096394E-01,1.837016E-03,-4.873340E-01,3.027547E-03,-2.070695E-01,-4.904702E-02,0.000000E+00,0.000000E+00,-2.765025E+00
2.644000E+00,-4.807707E-01,3.348266E-03,-2.108727E-01,-6.447105E-03,-4.875419E-01,2.965847E-03,-2.079361E-01,-6.170003E-02,0.000000E+00,0.000000E+00,-3.232471E+00
2.645000E+00,-4.809825E-01,3.332455E-03,-2.117691E-01,-1.581087E-02,-4.877505E-01,2.892575E-03,-2.085376E-01,-7.327211E-02,0.000000E+00,0.000000E+00,-3.718670E+00
2.646000E+00,-4.811879E-01,3.306344E-03,-2.054252E-01,-2.611119E-02,-4.879546E-01,2.847472E-03,-2.041410E-01,-4.510228E-02,0.000000E+00,0.000000E+00,-3.879471E+00
2.647000E+00,-4.813758E-01,3.266828E-03,-1.878435E-01,-3.951570E-02,-4.881463E-01,2.890072E-03,-1.916822E-01,4.259946E-02,0.000000E+00,0.000000E+00,-3.185022E+00
2.648000E+00,-4.815610E-01,3.233274E-03,-1.852290E-01,-3.355474E-02,-4.883353E-01,2.956073E-03,-1.889704E-01,6.600125E-02,0.000000E+00,0.000000E+00,-2.343210E+00
2.649000E+00,-4.817499E-01,3.240799E-03,-1.888938E-01,7.525207E-03,-4.885257E-01,3.023238E-03,-1.904166E-01,6.716533E-02,0.000000E+00,0.000000E+00,-1.839045E+00
2.650000E+00,-4.819412E-01,3.255074E-03,-1.912979E-01,1.427558E-02,-4.887180E-01,3.086420E-03,-1.923290E-01,6.318190E-02,0.000000E+00,0.000000E+00,-1.425617E+00
2.651000E+00,-4.821341E-01,3.264571E-03,-1.929255E-01,9.496464E-03,-4.889118E-01,3.151601E-03,-1.937322E-01,6.518082E-02,0.000000E+00,0.000000E+00,-9.549168E-01
2.652000E+00,-4.823295E-01,3.266646E-03,-1.954078E-01,2.075552E-03,-4.891076E-01,3.222131E-03,-1.958939E-01,7.053004E-02,0.000000E+00,0.000000E+00,-3.762827E-01
2.653000E+00,-4.825279E-01,3.262505E-03,-1.984037E-01,-4.141477E-03,-4.893061E-01,3.296526E-03,-1.984414E-01,7.439471E-02,0.000000E+00,0.000000E+00,2.875776E-01
2.654000E+00,-4.827274E-01,3.251339E-03,-1.994635E-01,-1.116541E-02,-4.895048E-01,3.364600E-03,-1.987041E-01,6.807411E-02,0.000000E+00,0.000000E+00,9.574096E-01
2.655000E+00,-4.829272E-01,3.233003E-03,-1.997976E-01,-1.833647E-02,-4.897030E-01,3.422541E-03,-1.982543E-01,5.794050E-02,0.000000E+00,0.000000E+00,1.602287E+00
2.656000E+00,-4.831273E-01,3.208173E-03,-2.001627E-01,-2.483042E-02,-4.899011E-01,3.470133E-03,-1.980193E-01,4.759215E-02,0.000000E+00,0.000000E+00,2.214698E+00
2.657000E+00,-4.833280E-01,3.177329E-03,-2.006193E-01,-3.084392E-02,-4.900992E-01,3.507057E-03,-1.981106E-01,3.692445E-02,0.000000E+00,0.000000E+00,2.787854E+00
2.658000E+00,-4.835292E-01,3.140552E-03,-2.012197E-01,-3.677703E-02,-4.902978E-01,3.532891E-03,-1.985961E-01,2.583396E-02,0.000000E+00,0.000000E+00,3.317425E+00
2.659000E+00,-4.837320E-01,3.138785E-03,-2.028343E-01,-1.766941E-03,-4.905026E-01,3.526458E-03,-2.048237E-01,-6.433347E-03,0.000000E+00,0.000000E+00,3.277094E+00
2.660000E+00,-4.839375E-01,3.162026E-03,-2.054989E-01,2.324111E-02,-4.907126E-01,3.504696E-03,-2.099702E-01,-2.176178E-02,0.000000E+00,0.000000E+00,2.895455E+00
2.661000E+00,-4.841436E-01,3.185149E-03,-2.061073E-01,2.312308E-02,-4.909236E-01,3.470884E-03,-2.109939E-01,-3.381170E-02,0.000000E+00,0.000000E+00,2.413262E+00
2.662000E+00,-4.843496E-01,3.206458E-03,-2.059691E-01,2.130957E-02,-4.911344E-01,3.427357E-03,-2.107991E-01,-4.352771E-02,0.000000E+00,0.000000E+00,1.864776E+00
2.663000E+00,-4.845559E-01,3.222305E-03,-2.062916E-01,1.584697E-02,-4.913451E-01,3.372907E-03,-2.107910E-01,-5.444994E-02,0.000000E+00,0.000000E+00,1.270742E+00
2.664000E+00,-4.847630E-01,3.230710E-03,-2.071189E-01,8.404341E-03,-4.915562E-01,3.307543E-03,-2.110721E-01,-6.536405E-02,0.000000E+00,0.000000E+00,6.480011E-01
2.665000E+00,-4.849664E-01,3.230386E-03,-2.034247E-01,-3.241932E-04,-4.917632E-01,3.268833E-03,-2.069689E-01,-3.870925E-02,0.000000E+00,0.000000E+00,3.241064E-01
2.666000E+00,-4.851638E-01,3.226903E-03,-1.974149E-01,-3.482174E-03,-4.919633E-01,3.259307E-03,-2.000970E-01,-9.526580E-03,0.000000E+00,0.000000E+00,2.730465E-01
2.667000E+00,-4.853622E-01,3.219706E-03,-1.983207E-01,-7.197398E-03,-4.921640E-01,3.252890E-03,-2.006709E-01,-6.416370E-03,0.000000E+00,0.000000E+00,2.795311E-01
2.668000E+00,-4.855647E-01,3.204757E-03,-2.025331E-01,-1.494940E-02,-4.923688E-01,3.247675E-03,-2.048684E-01,-5.215890E-03,0.000000E+00,0.000000E+00,3.613960E-01
2.669000E+00,-4.857705E-01,3.179632E-03,-2.058269E-01,-2.512497E-02,-4.925770E-01,3.242296E-03,-2.081655E-01,-5.378522E-03,0.000000E+00,0.000000E+00,5.274842E-01
2.670000E+00,-4.859770E-01,3.145339E-03,-2.064639E-01,-3.429305E-02,-4.927858E-01,3.225292E-03,-2.088214E-01,-1.700428E-02,0.000000E+00,0.000000E+00,6.727694E-01
2.671000E+00,-4.861839E-01,3.102029E-03,-2.069312E-01,-4.331000E-02,-4.929951E-01,3.196365E-03,-2.092791E-01,-2.892687E-02,0.000000E+00,0.000000E+00,7.935090E-01
2.672000E+00,-4.863880E-01,3.075495E-03,-2.040603E-01,-2.653335E-02,-4.932014E-01,3.159997E-03,-2.063431E-01,-3.636825E-02,0.000000E+00,0.000000E+00,7.105536E-01
2.673000E+00,-4.865824E-01,3.110444E-03,-1.943761E-01,3.494888E-02,-4.933974E-01,3.143592E-03,-1.959506E-01,-1.640426E-02,0.000000E+00,0.000000E+00,2.786839E-01
2.674000E+00,-4.867712E-01,3.165524E-03,-1.888525E-01,5.507968E-02,-4.935867E-01,3.171807E-03,-1.893491E-01,2.821513E-02,0.000000E+00,0.000000E+00,5.282475E-02
2.675000E+00,-4.869609E-01,3.213300E-03,-1.897216E-01,4.777663E-02,-4.937766E-01,3.199687E-03,-1.899007E-01,2.787905E-02,0.000000E+00,0.000000E+00,-1.144442E-01
2.676000E+00,-4.871521E-01,3.256469E-03,-1.911769E-01,4.316857E-02,-4.939679E-01,3.223710E-03,-1.912187E-01,2.402327E-02,0.000000E+00,0.000000E+00,-2.753843E-01
2.677000E+00,-4.873458E-01,3.299185E-03,-1.937074E-01,4.271629E-02,-4.941615E-01,3.244889E-03,-1.936636E-01,2.117915E-02,0.000000E+00,0.000000E+00,-4.564292E-01
2.678000E+00,-4.875427E-01,3.340288E-03,-1.968708E-01,4.110304E-02,-4.943582E-01,3.262491E-03,-1.966903E-01,1.760197E-02,0.000000E+00,0.000000E+00,-6.539880E-01
2.679000E+00,-4.877424E-01,3.374634E-03,-1.997114E-01,3.434523E-02,-4.945577E-01,3.279007E-03,-1.994581E-01,1.651561E-02,0.000000E+00,0.000000E+00,-8.038812E-01
2.680000E+00,-4.879449E-01,3.401242E-03,-2.024573E-01,2.660834E-02,-4.947601E-01,3.299604E-03,-2.024563E-01,2.059797E-02,0.000000E+00,0.000000E+00,-8.543998E-01
2.681000E+00,-4.881481E-01,3.421200E-03,-2.032302E-01,1.995777E-02,-4.949634E-01,3.313202E-03,-2.032878E-01,1.359797E-02,0.000000E+00,0.000000E+00,-9.078461E-01
2.682000E+00,-4.883515E-01,3.434219E-03,-2.034642E-01,1.301962E-02,-4.951669E-01,3.315930E-03,-2.034903E-01,2.727419E-03,0.000000E+00,0.000000E+00,-9.943440E-01
2.683000E+00,-4.885554E-01,3.440628E-03,-2.038709E-01,6.408986E-03,-4.953708E-01,3.307365E-03,-2.038631E-01,-8.564553E-03,0.000000E+00,0.000000E+00,-1.120183E+00
2.684000E+00,-4.887595E-01,3.433093E-03,-2.040942E-01,-7.535327E-03,-4.955749E-01,3.295340E-03,-2.041174E-01,-1.202575E-02,0.000000E+00,0.000000E+00,-1.157915E+00
2.685000E+00,-4.889665E-01,3.405596E-03,-2.070151E-01,-2.749739E-02,-4.957824E-01,3.298658E-03,-2.074880E-01,3.318166E-03,0.000000E+00,0.000000E+00,-8.988743E-01
2.686000E+00,-4.891789E-01,3.372950E-03,-2.123992E-01,-3.264506E-02,-4.959958E-01,3.316734E-03,-2.134177E-01,1.807661E-02,0.000000E+00,0.000000E+00,-4.724867E-01
2.687000E+00,-4.893917E-01,3.327650E-03,-2.128153E-01,-4.530046E-02,-4.962095E-01,3.326755E-03,-2.137062E-01,1.002022E-02,0.000000E+00,0.000000E+00,-7.525289E-03
2.688000E+00,-4.896051E-01,3.268912E-03,-2.133315E-01,-5.873758E-02,-4.964234E-01,3.329367E-03,-2.139566E-01,2.612276E-03,0.000000E+00,0.000000E+00,5.079938E-01
2.689000E+00,-4.898192E-01,3.196851E-03,-2.141029E-01,-7.206121E-02,-4.966377E-01,3.324443E-03,-2.142672E-01,-4.924247E-03,0.000000E+00,0.000000E+00,1.072018E+00
2.690000E+00,-4.900267E-01,3.152603E-03,-2.074824E-01,-4.424776E-02,-4.968458E-01,3.309174E-03,-2.080789E-01,-1.526829E-02,0.000000E+00,0.000000E+00,1.315310E+00
2.691000E+00,-4.902306E-01,3.119756E-03,-2.039785E-01,-3.284709E-02,-4.970509E-01,3.283683E-03,-2.050767E-01,-2.549081E-02,0.000000E+00,0.000000E+00,1.376863E+00
2.692000E+00,-4.904323E-01,3.086500E-03,-2.016623E-01,-3.325649E-02,-4.972534E-01,3.265030E-03,-2.025125E-01,-1.865366E-02,0.000000E+00,0.000000E+00,1.499275E+00
2.693000E+00,-4.906353E-01,3.047673E-03,-2.030238E-01,-3.882643E-02,-4.974571E-01,3.249058E-03,-2.036895E-01,-1.597232E-02,0.000000E+00,0.000000E+00,1.690931E+00
2.694000E+00,-4.908415E-01,3.002244E-03,-2.061251E-01,-4.542989E-02,-4.976637E-01,3.234632E-03,-2.066267E-01,-1.442574E-02,0.000000E+00,0.000000E+00,1.950928E+00
2.695000E+00,-4.910500E-01,2.949491E-03,-2.085209E-01,-5.275267E-02,-4.978725E-01,3.218242E-03,-2.087809E-01,-1.638988E-02,0.000000E+00,0.000000E+00,2.255818E+00
2.696000E+00,-4.912574E-01,2.900680E-03,-2.073895E-01,-4.881041E-02,-4.980814E-01,3.176389E-03,-2.089231E-01,-4.185257E-02,0.000000E+00,0.000000E+00,2.313638E+00
2.697000E+00,-4.914540E-01,2.922063E-03,-1.966340E-01,2.138255E-02,-4.982827E-01,3.107084E-03,-2.013443E-01,-6.930563E-02,0.000000E+00,0.000000E+00,1.552012E+00
2.698000E+00,-4.916347E-01,2.974053E-03,-1.807158E-01,5.198962E-02,-4.984661E-01,3.086250E-03,-1.833924E-01,-2.083401E-02,0.000000E+00,0.000000E+00,9.409213E-01
2.699000E+00,-4.918147E-01,3.038619E-03,-1.800332E-01,6.456684E-02,-4.986478E-01,3.109377E-03,-1.816116E-01,2.312737E-02,0.000000E+00,0.000000E+00,5.932913E-01
2.700000E+00,-4.919980E-01,3.106321E-03,-1.832606E-01,6.770133E-02,-4.988322E-01,3.140844E-03,-1.844718E-01,3.146682E-02,0.000000E+00,0.000000E+00,2.894270E-01
2.701000E+00,-4.921840E-01,3.176084E-03,-1.860297E-01,6.976321E-02,-4.990192E-01,3.170380E-03,-1.869398E-01,2.953592E-02,0.000000E+00,0.000000E+00,-4.781608E-02
2.702000E+00,-4.923741E-01,3.248500E-03,-1.900363E-01,7.241607E-02,-4.992098E-01,3.198900E-03,-1.906007E-01,2.852044E-02,0.000000E+00,0.000000E+00,-4.157315E-01
2.703000E+00,-4.925672E-01,3.316253E-03,-1.930970E-01,6.775255E-02,-4.994031E-01,3.228588E-03,-1.933486E-01,2.968777E-02,0.000000E+00,0.000000E+00,-7.347248E-01
2.704000E+00,-4.927631E-01,3.372624E-03,-1.959751E-01,5.637157E-02,-4.995994E-01,3.263046E-03,-1.962415E-01,3.445835E-02,0.000000E+00,0.000000E+00,-9.183172E-01
2.705000E+00,-4.929628E-01,3.418280E-03,-1.997040E-01,4.565568E-02,-4.997996E-01,3.306995E-03,-2.002166E-01,4.394825E-02,0.000000E+00,0.000000E+00,-9.325539E-01
2.706000E+00,-4.931642E-01,3.448955E-03,-2.013869E-01,3.067477E-02,-5.000016E-01,3.349771E-03,-2.020050E-01,4.277632E-02,0.000000E+00,0.000000E+00,-8.310847E-01
2.707000E+00,-4.933659E-01,3.469879E-03,-2.016261E-01,2.092390E-02,-5.002037E-01,3.382402E-03,-2.021535E-01,3.263122E-02,0.000000E+00,0.000000E+00,-7.329411E-01
2.708000E+00,-4.935675E-01,3.483840E-03,-2.016077E-01,1.396180E-02,-5.004057E-01,3.402737E-03,-2.020137E-01,2.033489E-02,0.000000E+00,0.000000E+00,-6.795076E-01
2.709000E+00,-4.937691E-01,3.491035E-03,-2.015951E-01,7.194529E-03,-5.006076E-01,3.410486E-03,-2.018911E-01,7.749005E-03,0.000000E+00,0.000000E+00,-6.748333E-01
2.710000E+00,-4.939707E-01,3.491271E-03,-2.016159E-01,2.359815E-04,-5.008094E-01,3.405699E-03,-2.018081E-01,-4.787429E-03,0.000000E+00,0.000000E+00,-7.168947E-01
2.711000E+00,-4.941724E-01,3.483898E-03,-2.016921E-01,-7.373212E-03,-5.010112E-01,3.388846E-03,-2.017846E-01,-1.685233E-02,0.000000E+00,0.000000E+00,-7.962870E-01
2.712000E+00,-4.943742E-01,3.467919E-03,-2.018158E-01,-1.597834E-02,-5.012130E-01,3.360770E-03,-2.018178E-01,-2.807607E-02,0.000000E+00,0.000000E+00,-8.976190E-01
2.713000E+00,-4.945761E-01,3.442250E-03,-2.019576E-01,-2.566902E-02,-5.014149E-01,3.322532E-03,-2.018901E-01,-3.823806E-02,0.000000E+00,0.000000E+00,-1.002903E+00
2.714000E+00,-4.947782E-01,3.405938E-03,-2.020860E-01,-3.631278E-02,-5.016169E-01,3.275213E-03,-2.019825E-01,-4.731941E-02,0.000000E+00,0.000000E+00,-1.095103E+00
2.715000E+00,-4.949804E-01,3.358302E-03,-2.021688E-01,-4.763527E-02,-5.018190E-01,3.219679E-03,-2.020661E-01,-5.553392E-02,0.000000E+00,0.000000E+00,-1.161271E+00
2.716000E+00,-4.951800E-01,3.303205E-03,-1.996221E-01,-5.509694E-02,-5.020187E-01,3.170002E-03,-1.997389E-01,-4.967700E-02,0.000000E+00,0.000000E+00,-1.115860E+00
2.717000E+00,-4.953738E-01,3.245396E-03,-1.937657E-01,-5.780927E-02,-5.022130E-01,3.143007E-03,-1.942879E-01,-2.699494E-02,0.000000E+00,0.000000E+00,-8.577038E-01
2.718000E+00,-4.955669E-01,3.178361E-03,-1.930638E-01,-6.703538E-02,-5.024065E-01,3.112033E-03,-1.934929E-01,-3.097367E-02,0.000000E+00,0.000000E+00,-5.556077E-01
2.719000E+00,-4.957562E-01,3.124718E-03,-1.893947E-01,-5.364284E-02,-5.025961E-01,3.092874E-03,-1.896161E-01,-1.915914E-02,0.000000E+00,0.000000E+00,-2.667445E-01
2.720000E+00,-4.959387E-01,3.148189E-03,-1.824615E-01,2.347147E-02,-5.027785E-01,3.108974E-03,-1.824155E-01,1.609950E-02,0.000000E+00,0.000000E+00,-3.284980E-01
2.721000E+00,-4.961269E-01,3.202910E-03,-1.882241E-01,5.472071E-02,-5.029664E-01,3.118041E-03,-1.878278E-01,9.067222E-03,0.000000E+00,0.000000E+00,-7.109358E-01
2.722000E+00,-4.963221E-01,3.266716E-03,-1.952126E-01,6.380631E-02,-5.031608E-01,3.133590E-03,-1.944577E-01,1.554924E-02,0.000000E+00,0.000000E+00,-1.115217E+00
2.723000E+00,-4.965265E-01,3.350001E-03,-2.043932E-01,8.328517E-02,-5.033642E-01,3.174266E-03,-2.034226E-01,4.067569E-02,0.000000E+00,0.000000E+00,-1.472233E+00
2.724000E+00,-4.967340E-01,3.433920E-03,-2.074568E-01,8.391865E-02,-5.035705E-01,3.216857E-03,-2.062491E-01,4.259084E-02,0.000000E+00,0.000000E+00,-1.818569E+00
2.725000E+00,-4.969424E-01,3.510835E-03,-2.084286E-01,7.691461E-02,-5.037773E-01,3.249566E-03,-2.068532E-01,3.270974E-02,0.000000E+00,0.000000E+00,-2.189094E+00
2.726000E+00,-4.971519E-01,3.580592E-03,-2.094297E-01,6.975716E-02,-5.039848E-01,3.273130E-03,-2.074668E-01,2.356413E-02,0.000000E+00,0.000000E+00,-2.576389E+00
2.727000E+00,-4.973636E-01,3.619392E-03,-2.117316E-01,3.879984E-02,-5.041963E-01,3.305808E-03,-2.114500E-01,3.267734E-02,0.000000E+00,0.000000E+00,-2.627730E+00
2.728000E+00,-4.975763E-01,3.638010E-03,-2.127061E-01,1.861817E-02,-5.044095E-01,3.336387E-03,-2.132637E-01,3.057880E-02,0.000000E+00,0.000000E+00,-2.527431E+00
2.729000E+00,-4.977890E-01,3.648352E-03,-2.127075E-01,1.034239E-02,-5.046226E-01,3.354985E-03,-2.130851E-01,1.859812E-02,0.000000E+00,0.000000E+00,-2.458203E+00
2.730000E+00,-4.980017E-01,3.650507E-03,-2.127230E-01,2.154503E-03,-5.048356E-01,3.361907E-03,-2.129428E-01,6.922205E-03,0.000000E+00,0.000000E+00,-2.418223E+00
2.731000E+00,-4.982145E-01,3.644351E-03,-2.127845E-01,-6.155578E-03,-5.050484E-01,3.357451E-03,-2.128710E-01,-4.455785E-03,0.000000E+00,0.000000E+00,-2.403967E+00
2.732000E+00,-4.984274E-01,3.629500E-03,-2.128703E-01,-1.485104E-02,-5.052613E-01,3.341886E-03,-2.128530E-01,-1.556468E-02,0.000000E+00,0.000000E+00,-2.409945E+00
2.733000E+00,-4.986403E-01,3.605399E-03,-2.129401E-01,-2.410113E-02,-5.054741E-01,3.315503E-03,-2.128542E-01,-2.638391E-02,0.000000E+00,0.000000E+00,-2.429081E+00
2.734000E+00,-4.988545E-01,3.575272E-03,-2.142265E-01,-3.012654E-02,-5.056887E-01,3.292898E-03,-2.145469E-01,-2.260465E-02,0.000000E+00,0.000000E+00,-2.366016E+00
2.735000E+00,-4.990704E-01,3.543122E-03,-2.158593E-01,-3.215073E-02,-5.059059E-01,3.296534E-03,-2.172429E-01,3.635682E-03,0.000000E+00,0.000000E+00,-2.066022E+00
2.736000E+00,-4.992852E-01,3.502459E-03,-2.147787E-01,-4.066269E-02,-5.061221E-01,3.299611E-03,-2.162171E-01,3.077062E-03,0.000000E+00,0.000000E+00,-1.699433E+00
2.737000E+00,-4.994982E-01,3.444550E-03,-2.130703E-01,-5.790888E-02,-5.063368E-01,3.304199E-03,-2.146293E-01,4.588402E-03,0.000000E+00,0.000000E+00,-1.175752E+00
2.738000E+00,-4.997112E-01,3.371150E-03,-2.129947E-01,-7.340002E-02,-5.065508E-01,3.302226E-03,-2.140653E-01,-1.973144E-03,0.000000E+00,0.000000E+00,-5.773648E-01
2.739000E+00,-4.999245E-01,3.286117E-03,-2.133033E-01,-8.503302E-02,-5.067644E-01,3.291031E-03,-2.136158E-01,-1.119441E-02,0.000000E+00,0.000000E+00,4.116558E-02
2.740000E+00,-5.001396E-01,3.209591E-03,-2.150124E-01,-7.652564E-02,-5.069792E-01,3.270833E-03,-2.147142E-01,-2.019889E-02,0.000000E+00,0.000000E+00,5.130063E-01
2.741000E+00,-5.003590E-01,3.171411E-03,-2.194318E-01,-3.818012E-02,-5.071985E-01,3.248292E-03,-2.192887E-01,-2.254054E-02,0.000000E+00,0.000000E+00,6.440201E-01
2.742000E+00,-5.005800E-01,3.162164E-03,-2.210085E-01,-9.247303E-03,-5.074197E-01,3.223181E-03,-2.212051E-01,-2.511135E-02,0.000000E+00,0.000000E+00,5.111220E-01
2.743000E+00,-5.008052E-01,3.196114E-03,-2.252231E-01,3.395003E-02,-5.076452E-01,3.196919E-03,-2.255156E-01,-2.626180E-02,0.000000E+00,0.000000E+00,6.741070E-03
2.744000E+00,-5.010355E-01,3.247473E-03,-2.303099E-01,5.135890E-02,-5.078750E-01,3.166444E-03,-2.298332E-01,-3.047496E-02,0.000000E+00,0.000000E+00,-6.787670E-01
2.745000E+00,-5.012708E-01,3.312532E-03,-2.352861E-01,6.505897E-02,-5.081083E-01,3.130649E-03,-2.333387E-01,-3.579454E-02,0.000000E+00,0.000000E+00,-1.523746E+00
2.746000E+00,-5.015083E-01,3.374268E-03,-2.374937E-01,6.173637E-02,-5.083421E-01,3.085209E-03,-2.337906E-01,-4.544062E-02,0.000000E+00,0.000000E+00,-2.422075E+00
2.747000E+00,-5.017443E-01,3.418847E-03,-2.359521E-01,4.457827E-02,-5.085747E-01,3.058435E-03,-2.325373E-01,-2.677374E-02,0.000000E+00,0.000000E+00,-3.020454E+00
2.748000E+00,-5.019724E-01,3.429567E-03,-2.280866E-01,1.072006E-02,-5.088038E-01,3.090528E-03,-2.291286E-01,3.209277E-02,0.000000E+00,0.000000E+00,-2.841208E+00
2.749000E+00,-5.021980E-01,3.425520E-03,-2.256790E-01,-4.046567E-03,-5.090316E-01,3.133961E-03,-2.278127E-01,4.343360E-02,0.000000E+00,0.000000E+00,-2.443075E+00
2.750000E+00,-5.024225E-01,3.404188E-03,-2.244841E-01,-2.133252E-02,-5.092585E-01,3.178994E-03,-2.269218E-01,4.503271E-02,0.000000E+00,0.000000E+00,-1.886766E+00
2.751000E+00,-5.026487E-01,3.371846E-03,-2.261935E-01,-3.234122E-02,-5.094867E-01,3.220787E-03,-2.281588E-01,4.179329E-02,0.000000E+00,0.000000E+00,-1.265524E+00
2.752000E+00,-5.028779E-01,3.328870E-03,-2.291826E-01,-4.297599E-02,-5.097172E-01,3.265361E-03,-2.304767E-01,4.457334E-02,0.000000E+00,0.000000E+00,-5.320343E-01
2.753000E+00,-5.031109E-01,3.276706E-03,-2.329829E-01,-5.216448E-02,-5.099502E-01,3.315586E-03,-2.330775E-01,5.022494E-02,0.000000E+00,0.000000E+00,3.257053E-01
2.754000E+00,-5.033468E-01,3.220281E-03,-2.359361E-01,-5.642506E-02,-5.101846E-01,3.364995E-03,-2.343930E-01,4.940942E-02,0.000000E+00,0.000000E+00,1.212413E+00
2.755000E+00,-5.035795E-01,3.182803E-03,-2.327402E-01,-3.747757E-02,-5.104152E-01,3.405282E-03,-2.305668E-01,4.028704E-02,0.000000E+00,0.000000E+00,1.864136E+00
2.756000E+00,-5.038027E-01,3.200614E-03,-2.231599E-01,1.781031E-02,-5.106376E-01,3.446830E-03,-2.223789E-01,4.154787E-02,0.000000E+00,0.000000E+00,2.063104E+00
2.757000E+00,-5.040227E-01,3.226698E-03,-2.199618E-01,2.608493E-02,-5.108573E-01,3.480265E-03,-2.197515E-01,3.343455E-02,0.000000E+00,0.000000E+00,2.124698E+00
2.758000E+00,-5.042403E-01,3.255917E-03,-2.175901E-01,2.921869E-02,-5.110752E-01,3.504377E-03,-2.178500E-01,2.411216E-02,0.000000E+00,0.000000E+00,2.081868E+00
2.759000E+00,-5.044556E-01,3.287523E-03,-2.153717E-01,3.160601E-02,-5.112912E-01,3.519015E-03,-2.160531E-01,1.463838E-02,0.000000E+00,0.000000E+00,1.939613E+00
2.760000E+00,-5.046698E-01,3.329956E-03,-2.142113E-01,4.243299E-02,-5.115073E-01,3.503662E-03,-2.160629E-01,-1.535269E-02,0.000000E+00,0.000000E+00,1.455290E+00
2.761000E+00,-5.048846E-01,3.369123E-03,-2.147072E-01,3.916655E-02,-5.117236E-01,3.468944E-03,-2.163205E-01,-3.471828E-02,0.000000E+00,0.000000E+00,8.362150E-01
2.762000E+00,-5.050997E-01,3.400968E-03,-2.151720E-01,3.184515E-02,-5.119396E-01,3.421443E-03,-2.159725E-01,-4.750101E-02,0.000000E+00,0.000000E+00,1.715146E-01
2.763000E+00,-5.053155E-01,3.425077E-03,-2.158255E-01,2.410946E-02,-5.121552E-01,3.362692E-03,-2.156361E-01,-5.875111E-02,0.000000E+00,0.000000E+00,-5.225855E-01
2.764000E+00,-5.055313E-01,3.434351E-03,-2.157298E-01,9.273837E-03,-5.123699E-01,3.298295E-03,-2.146883E-01,-6.439706E-02,0.000000E+00,0.000000E+00,-1.139761E+00
2.765000E+00,-5.057435E-01,3.427368E-03,-2.121839E-01,-6.983165E-03,-5.125812E-01,3.251126E-03,-2.112682E-01,-4.716886E-02,0.000000E+00,0.000000E+00,-1.476468E+00
2.766000E+00,-5.059518E-01,3.421835E-03,-2.083494E-01,-5.533397E-03,-5.127895E-01,3.244701E-03,-2.083086E-01,-6.425252E-03,0.000000E+00,0.000000E+00,-1.483945E+00
2.767000E+00,-5.061622E-01,3.412413E-03,-2.103381E-01,-9.421909E-03,-5.130001E-01,3.246930E-03,-2.106004E-01,2.228892E-03,0.000000E+00,0.000000E+00,-1.386326E+00
2.768000E+00,-5.063751E-01,3.397254E-03,-2.129788E-01,-1.515891E-02,-5.132135E-01,3.251756E-03,-2.134023E-01,4.826323E-03,0.000000E+00,0.000000E+00,-1.218879E+00
2.769000E+00,-5.065909E-01,3.376679E-03,-2.157941E-01,-2.057506E-02,-5.134298E-01,3.259504E-03,-2.163153E-01,7.747713E-03,0.000000E+00,0.000000E+00,-9.815881E-01
2.770000E+00,-5.068075E-01,3.348179E-03,-2.166050E-01,-2.849986E-02,-5.136468E-01,3.258931E-03,-2.170077E-01,-5.727799E-04,0.000000E+00,0.000000E+00,-7.476266E-01
2.771000E+00,-5.070244E-01,3.311002E-03,-2.168381E-01,-3.717649E-02,-5.138639E-01,3.246725E-03,-2.171019E-01,-1.220547E-02,0.000000E+00,0.000000E+00,-5.384393E-01
2.772000E+00,-5.072381E-01,3.268964E-03,-2.137688E-01,-4.203828E-02,-5.140778E-01,3.215235E-03,-2.138935E-01,-3.149042E-02,0.000000E+00,0.000000E+00,-4.500770E-01
2.773000E+00,-5.074467E-01,3.263454E-03,-2.085940E-01,-5.510009E-03,-5.142864E-01,3.205839E-03,-2.086070E-01,-9.396424E-03,0.000000E+00,0.000000E+00,-4.826303E-01
2.774000E+00,-5.076541E-01,3.274609E-03,-2.073248E-01,1.115500E-02,-5.144938E-01,3.216733E-03,-2.073553E-01,1.089473E-02,0.000000E+00,0.000000E+00,-4.848083E-01
2.775000E+00,-5.078646E-01,3.290973E-03,-2.105574E-01,1.636384E-02,-5.147045E-01,3.244910E-03,-2.106697E-01,2.817649E-02,0.000000E+00,0.000000E+00,-3.858542E-01
2.776000E+00,-5.080768E-01,3.301643E-03,-2.121844E-01,1.067013E-02,-5.149167E-01,3.272423E-03,-2.122803E-01,2.751343E-02,0.000000E+00,0.000000E+00,-2.447627E-01
2.777000E+00,-5.082909E-01,3.303347E-03,-2.140991E-01,1.704017E-03,-5.151309E-01,3.296086E-03,-2.141447E-01,2.366294E-02,0.000000E+00,0.000000E+00,-6.082154E-02
2.778000E+00,-5.085060E-01,3.295799E-03,-2.151085E-01,-7.548085E-03,-5.153460E-01,3.309826E-03,-2.150775E-01,1.373991E-02,0.000000E+00,0.000000E+00,1.174998E-01
2.779000E+00,-5.087214E-01,3.281866E-03,-2.153919E-01,-1.393326E-02,-5.155613E-01,3.309550E-03,-2.153270E-01,-2.760155E-04,0.000000E+00,0.000000E+00,2.319027E-01
2.780000E+00,-5.089367E-01,3.259436E-03,-2.153317E-01,-2.242971E-02,-5.157765E-01,3.298158E-03,-2.152501E-01,-1.139260E-02,0.000000E+00,0.000000E+00,3.243591E-01
2.781000E+00,-5.091520E-01,3.229004E-03,-2.152437E-01,-3.043184E-02,-5.159917E-01,3.275329E-03,-2.151640E-01,-2.282808E-02,0.000000E+00,0.000000E+00,3.880564E-01
2.782000E+00,-5.093671E-01,3.190986E-03,-2.151436E-01,-3.801825E-02,-5.162068E-01,3.240749E-03,-2.150823E-01,-3.458002E-02,0.000000E+00,0.000000E+00,4.168605E-01
2.783000E+00,-5.095834E-01,3.169338E-03,-2.163057E-01,-2.164801E-02,-5.164230E-01,3.216925E-03,-2.162606E-01,-2.382418E-02,0.000000E+00,0.000000E+00,3.986343E-01
2.784000E+00,-5.098000E-01,3.199595E-03,-2.165396E-01,3.025706E-02,-5.166396E-01,3.233033E-03,-2.165292E-01,1.610752E-02,0.000000E+00,0.000000E+00,2.801076E-01
2.785000E+00,-5.100159E-01,3.233291E-03,-2.159032E-01,3.369558E-02,-5.168554E-01,3.251168E-03,-2.158544E-01,1.813534E-02,0.000000E+00,0.000000E+00,1.497616E-01
2.786000E+00,-5.102298E-01,3.262854E-03,-2.138881E-01,2.956296E-02,-5.170692E-01,3.270953E-03,-2.138051E-01,1.978505E-02,0.000000E+00,0.000000E+00,6.785205E-02
2.787000E+00,-5.104409E-01,3.290467E-03,-2.111824E-01,2.761364E-02,-5.172803E-01,3.291005E-03,-2.111080E-01,2.005236E-02,0.000000E+00,0.000000E+00,4.509675E-03
2.788000E+00,-5.106496E-01,3.315459E-03,-2.086716E-01,2.499150E-02,-5.174890E-01,3.310392E-03,-2.086184E-01,1.938637E-02,0.000000E+00,0.000000E+00,-4.244652E-02
2.789000E+00,-5.108577E-01,3.331915E-03,-2.080594E-01,1.645607E-02,-5.176970E-01,3.322371E-03,-2.080123E-01,1.197960E-02,0.000000E+00,0.000000E+00,-7.994803E-02
2.790000E+00,-5.110653E-01,3.332543E-03,-2.076457E-01,6.283271E-04,-5.179045E-01,3.328364E-03,-2.075741E-01,5.992474E-03,0.000000E+00,0.000000E+00,-3.501068E-02
2.791000E+00,-5.112714E-01,3.317456E-03,-2.060853E-01,-1.508734E-02,-5.181104E-01,3.319871E-03,-2.058344E-01,-8.492734E-03,0.000000E+00,0.000000E+00,2.023651E-02
2.792000E+00,-5.114769E-01,3.293739E-03,-2.055530E-01,-2.371671E-02,-5.183156E-01,3.296571E-03,-2.051928E-01,-2.330069E-02,0.000000E+00,0.000000E+00,2.372311E-02
2.793000E+00,-5.116825E-01,3.261317E-03,-2.055350E-01,-3.242155E-02,-5.185207E-01,3.261695E-03,-2.051075E-01,-3.487580E-02,0.000000E+00,0.000000E+00,3.160976E-03
2.794000E+00,-5.118881E-01,3.219758E-03,-2.056395E-01,-4.155932E-02,-5.187258E-01,3.216161E-03,-2.051495E-01,-4.553393E-02,0.000000E+00,0.000000E+00,-3.014357E-02
2.795000E+00,-5.120939E-01,3.169248E-03,-2.057734E-01,-5.051050E-02,-5.189310E-01,3.159665E-03,-2.052147E-01,-5.649534E-02,0.000000E+00,0.000000E+00,-8.029936E-02
2.796000E+00,-5.122980E-01,3.106092E-03,-2.040958E-01,-6.315536E-02,-5.191344E-01,3.094288E-03,-2.033824E-01,-6.537783E-02,0.000000E+00,0.000000E+00,-9.893406E-02
2.797000E+00,-5.124930E-01,3.059732E-03,-1.950084E-01,-4.635979E-02,-5.193284E-01,3.040678E-03,-1.939893E-01,-5.360918E-02,0.000000E+00,0.000000E+00,-1.597143E-01
2.798000E+00,-5.126762E-01,3.080984E-03,-1.832429E-01,2.125174E-02,-5.195109E-01,3.055483E-03,-1.824792E-01,1.480420E-02,0.000000E+00,0.000000E+00,-2.137822E-01
2.799000E+00,-5.128571E-01,3.117578E-03,-1.808622E-01,3.659386E-02,-5.196912E-01,3.088485E-03,-1.802853E-01,3.300197E-02,0.000000E+00,0.000000E+00,-2.439137E-01
2.800000E+00,-5.130382E-01,3.155694E-03,-1.811398E-01,3.811593E-02,-5.198718E-01,3.124091E-03,-1.806374E-01,3.560634E-02,0.000000E+00,0.000000E+00,-2.649728E-01
2.801000E+00,-5.132211E-01,3.189608E-03,-1.828673E-01,3.391348E-02,-5.200542E-01,3.161358E-03,-1.823813E-01,3.726658E-02,0.000000E+00,0.000000E+00,-2.368763E-01
2.802000E+00,-5.134080E-01,3.224430E-03,-1.868750E-01,3.482209E-02,-5.202406E-01,3.198501E-03,-1.863748E-01,3.714371E-02,0.000000E+00,0.000000E+00,-2.174256E-01
2.803000E+00,-5.136002E-01,3.262475E-03,-1.922203E-01,3.804499E-02,-5.204322E-01,3.240414E-03,-1.916663E-01,4.191295E-02,0.000000E+00,0.000000E+00,-1.850056E-01
2.804000E+00,-5.137979E-01,3.303427E-03,-1.976827E-01,4.095244E-02,-5.206292E-01,3.291196E-03,-1.969770E-01,5.078227E-02,0.000000E+00,0.000000E+00,-1.025803E-01
2.805000E+00,-5.139997E-01,3.348489E-03,-2.018465E-01,4.506226E-02,-5.208301E-01,3.344129E-03,-2.009055E-01,5.293263E-02,0.000000E+00,0.000000E+00,-3.657495E-02
2.806000E+00,-5.142016E-01,3.384869E-03,-2.018416E-01,3.637929E-02,-5.210310E-01,3.384772E-03,-2.008419E-01,4.064334E-02,0.000000E+00,0.000000E+00,-8.066513E-04
2.807000E+00,-5.144033E-01,3.412999E-03,-2.017206E-01,2.813048E-02,-5.212316E-01,3.412362E-03,-2.006814E-01,2.758942E-02,0.000000E+00,0.000000E+00,-5.346689E-03
2.808000E+00,-5.146047E-01,3.433331E-03,-2.014168E-01,2.033174E-02,-5.214320E-01,3.426345E-03,-2.003598E-01,1.398287E-02,0.000000E+00,0.000000E+00,-5.862832E-02
2.809000E+00,-5.148056E-01,3.446277E-03,-2.009106E-01,1.294606E-02,-5.216319E-01,3.426621E-03,-1.998495E-01,2.760049E-04,0.000000E+00,0.000000E+00,-1.649829E-01
2.810000E+00,-5.150059E-01,3.452040E-03,-2.002700E-01,5.762775E-03,-5.218310E-01,3.413732E-03,-1.991989E-01,-1.288869E-02,0.000000E+00,0.000000E+00,-3.215811E-01
2.811000E+00,-5.152055E-01,3.450418E-03,-1.996131E-01,-1.621269E-03,-5.220296E-01,3.388814E-03,-1.985102E-01,-2.491762E-02,0.000000E+00,0.000000E+00,-5.172222E-01
2.812000E+00,-5.154045E-01,3.440798E-03,-1.990204E-01,-9.620283E-03,-5.222274E-01,3.353312E-03,-1.978690E-01,-3.550261E-02,0.000000E+00,0.000000E+00,-7.346320E-01
2.813000E+00,-5.156030E-01,3.422304E-03,-1.984915E-01,-1.849439E-02,-5.224247E-01,3.308659E-03,-1.973033E-01,-4.465289E-02,0.000000E+00,0.000000E+00,-9.544181E-01
2.814000E+00,-5.158010E-01,3.393967E-03,-1.979619E-01,-2.833658E-02,-5.226215E-01,3.256052E-03,-1.967865E-01,-5.260740E-02,0.000000E+00,0.000000E+00,-1.158400E+00
2.815000E+00,-5.159983E-01,3.354872E-03,-1.973526E-01,-3.909507E-02,-5.228178E-01,3.196251E-03,-1.962669E-01,-5.980092E-02,0.000000E+00,0.000000E+00,-1.332469E+00
2.816000E+00,-5.161878E-01,3.306753E-03,-1.894803E-01,-4.811953E-02,-5.230074E-01,3.168423E-03,-1.896215E-01,-2.782729E-02,0.000000E+00,0.000000E+00,-1.162034E+00
2.817000E+00,-5.163658E-01,3.284126E-03,-1.780132E-01,-2.262630E-02,-5.231859E-01,3.168378E-03,-1.785152E-01,-4.502046E-05,0.000000E+00,0.000000E+00,-9.723081E-01
2.818000E+00,-5.165412E-01,3.281335E-03,-1.753259E-01,-2.791247E-03,-5.233618E-01,3.171211E-03,-1.758857E-01,2.832659E-03,0.000000E+00,0.000000E+00,-9.249986E-01
2.819000E+00,-5.167199E-01,3.285108E-03,-1.787100E-01,3.772931E-03,-5.235412E-01,3.174938E-03,-1.793476E-01,3.727525E-03,0.000000E+00,0.000000E+00,-9.252934E-01
2.820000E+00,-5.169039E-01,3.297728E-03,-1.840594E-01,1.261966E-02,-5.237257E-01,3.180127E-03,-1.845699E-01,5.188859E-03,0.000000E+00,0.000000E+00,-9.876176E-01
2.821000E+00,-5.170909E-01,3.321197E-03,-1.869586E-01,2.346955E-02,-5.239129E-01,3.160318E-03,-1.871269E-01,-1.980936E-02,0.000000E+00,0.000000E+00,-1.350928E+00
2.822000E+00,-5.172794E-01,3.349024E-03,-1.885473E-01,2.782702E-02,-5.241007E-01,3.114648E-03,-1.878201E-01,-4.566976E-02,0.000000E+00,0.000000E+00,-1.967893E+00
2.823000E+00,-5.174693E-01,3.387457E-03,-1.898339E-01,3.843259E-02,-5.242907E-01,3.120979E-03,-1.900673E-01,6.331024E-03,0.000000E+00,0.000000E+00,-2.237094E+00
2.824000E+00,-5.176605E-01,3.414994E-03,-1.912772E-01,2.753686E-02,-5.244834E-01,3.150036E-03,-1.926458E-01,2.905695E-02,0.000000E+00,0.000000E+00,-2.223899E+00
2.825000E+00,-5.178527E-01,3.434562E-03,-1.921617E-01,1.956880E-02,-5.246771E-01,3.179107E-03,-1.937297E-01,2.907087E-02,0.000000E+00,0.000000E+00,-2.143728E+00
2.826000E+00,-5.180460E-01,3.447479E-03,-1.932817E-01,1.291705E-02,-5.248720E-01,3.206552E-03,-1.949004E-01,2.744452E-02,0.000000E+00,0.000000E+00,-2.021442E+00
2.827000E+00,-5.182414E-01,3.453892E-03,-1.953745E-01,6.412693E-03,-5.250691E-01,3.236315E-03,-1.971238E-01,2.976313E-02,0.000000E+00,0.000000E+00,-1.825198E+00
2.828000E+00,-5.184395E-01,3.452877E-03,-1.981399E-01,-1.015154E-03,-5.252692E-01,3.270477E-03,-2.000499E-01,3.416270E-02,0.000000E+00,0.000000E+00,-1.529827E+00
2.829000E+00,-5.186413E-01,3.442345E-03,-2.017959E-01,-1.053220E-02,-5.254730E-01,3.314111E-03,-2.038466E-01,4.363383E-02,0.000000E+00,0.000000E+00,-1.075330E+00
2.830000E+00,-5.188445E-01,3.419621E-03,-2.031904E-01,-2.272375E-02,-5.256780E-01,3.354298E-03,-2.049145E-01,4.018703E-02,0.000000E+00,0.000000E+00,-5.476876E-01
2.831000E+00,-5.190478E-01,3.388494E-03,-2.033075E-01,-3.112676E-02,-5.258824E-01,3.382783E-03,-2.044117E-01,2.848479E-02,0.000000E+00,0.000000E+00,-4.787832E-02
2.832000E+00,-5.192511E-01,3.348905E-03,-2.033091E-01,-3.958919E-02,-5.260862E-01,3.399634E-03,-2.038827E-01,1.685127E-02,0.000000E+00,0.000000E+00,4.252318E-01
2.833000E+00,-5.194543E-01,3.300790E-03,-2.032193E-01,-4.811511E-02,-5.262896E-01,3.405172E-03,-2.033353E-01,5.537684E-03,0.000000E+00,0.000000E+00,8.749029E-01
2.834000E+00,-5.196574E-01,3.244013E-03,-2.030819E-01,-5.677697E-02,-5.264924E-01,3.399919E-03,-2.027870E-01,-5.253402E-03,0.000000E+00,0.000000E+00,1.306691E+00
2.835000E+00,-5.198598E-01,3.181468E-03,-2.023787E-01,-6.254500E-02,-5.266942E-01,3.379929E-03,-2.018743E-01,-1.998960E-02,0.000000E+00,0.000000E+00,1.663304E+00
2.836000E+00,-5.200601E-01,3.119840E-03,-2.003536E-01,-6.162843E-02,-5.268945E-01,3.337094E-03,-2.002325E-01,-4.283456E-02,0.000000E+00,0.000000E+00,1.820747E+00
2.837000E+00,-5.202591E-01,3.055142E-03,-1.989322E-01,-6.469760E-02,-5.270936E-01,3.277092E-03,-1.991512E-01,-6.000234E-02,0.000000E+00,0.000000E+00,1.860010E+00
2.838000E+00,-5.204569E-01,2.985526E-03,-1.978084E-01,-6.961613E-02,-5.272919E-01,3.202227E-03,-1.982887E-01,-7.486476E-02,0.000000E+00,0.000000E+00,1.815927E+00
2.839000E+00,-5.206509E-01,2.942192E-03,-1.940629E-01,-4.333358E-02,-5.274873E-01,3.122620E-03,-1.954115E-01,-7.960699E-02,0.000000E+00,0.000000E+00,1.511818E+00
2.840000E+00,-5.208364E-01,2.971156E-03,-1.855094E-01,2.896399E-02,-5.276746E-01,3.081644E-03,-1.873207E-01,-4.097657E-02,0.000000E+00,0.000000E+00,9.256710E-01
2.841000E+00,-5.210237E-01,3.017485E-03,-1.872911E-01,4.632884E-02,-5.278628E-01,3.066646E-03,-1.881528E-01,-1.499814E-02,0.000000E+00,0.000000E+00,4.118468E-01
2.842000E+00,-5.212152E-01,3.069318E-03,-1.914399E-01,5.183305E-02,-5.280545E-01,3.056684E-03,-1.917041E-01,-9.961561E-03,0.000000E+00,0.000000E+00,-1.058405E-01
2.843000E+00,-5.214115E-01,3.127711E-03,-1.962950E-01,5.839323E-02,-5.282504E-01,3.046312E-03,-1.959031E-01,-1.037253E-02,0.000000E+00,0.000000E+00,-6.819262E-01
2.844000E+00,-5.216127E-01,3.193798E-03,-2.012278E-01,6.608629E-02,-5.284504E-01,3.035615E-03,-1.999507E-01,-1.069647E-02,0.000000E+00,0.000000E+00,-1.325247E+00
2.845000E+00,-5.218192E-01,3.272327E-03,-2.065058E-01,7.852913E-02,-5.286541E-01,3.021175E-03,-2.037599E-01,-1.443981E-02,0.000000E+00,0.000000E+00,-2.104411E+00
2.846000E+00,-5.220304E-01,3.359180E-03,-2.111563E-01,8.685368E-02,-5.288605E-01,3.000362E-03,-2.063666E-01,-2.081326E-02,0.000000E+00,0.000000E+00,-3.007255E+00
2.847000E+00,-5.222337E-01,3.399441E-03,-2.033466E-01,4.026098E-02,-5.290620E-01,3.008582E-03,-2.015436E-01,8.219496E-03,0.000000E+00,0.000000E+00,-3.276096E+00
2.848000E+00,-5.224325E-01,3.421177E-03,-1.988036E-01,2.173573E-02,-5.292617E-01,3.047035E-03,-1.997171E-01,3.845301E-02,0.000000E+00,0.000000E+00,-3.135843E+00
2.849000E+00,-5.226299E-01,3.430775E-03,-1.973423E-01,9.598276E-03,-5.294611E-01,3.096646E-03,-1.993962E-01,4.961162E-02,0.000000E+00,0.000000E+00,-2.800200E+00
2.850000E+00,-5.228266E-01,3.425697E-03,-1.966926E-01,-5.078062E-03,-5.296604E-01,3.148861E-03,-1.992204E-01,5.221500E-02,0.000000E+00,0.000000E+00,-2.319772E+00
2.851000E+00,-5.230253E-01,3.411075E-03,-1.987676E-01,-1.462251E-02,-5.298614E-01,3.199583E-03,-2.010667E-01,5.072204E-02,0.000000E+00,0.000000E+00,-1.772020E+00
2.852000E+00,-5.232272E-01,3.386528E-03,-2.018469E-01,-2.454703E-02,-5.300652E-01,3.254382E-03,-2.038050E-01,5.479849E-02,0.000000E+00,0.000000E+00,-1.107108E+00
2.853000E+00,-5.234333E-01,3.351733E-03,-2.061434E-01,-3.479513E-02,-5.302725E-01,3.318893E-03,-2.073045E-01,6.451084E-02,0.000000E+00,0.000000E+00,-2.751175E-01
2.854000E+00,-5.236416E-01,3.303962E-03,-2.083199E-01,-4.777036E-02,-5.304805E-01,3.380325E-03,-2.079649E-01,6.143230E-02,0.000000E+00,0.000000E+00,6.397346E-01
2.855000E+00,-5.238492E-01,3.267008E-03,-2.075331E-01,-3.695472E-02,-5.306864E-01,3.434585E-03,-2.059263E-01,5.425977E-02,0.000000E+00,0.000000E+00,1.404001E+00
2.856000E+00,-5.240517E-01,3.263751E-03,-2.025425E-01,-3.256556E-03,-5.308875E-01,3.485810E-03,-2.010767E-01,5.122503E-02,0.000000E+00,0.000000E+00,1.860579E+00
2.857000E+00,-5.242506E-01,3.269460E-03,-1.988643E-01,5.709160E-03,-5.310851E-01,3.529247E-03,-1.976450E-01,4.343762E-02,0.000000E+00,0.000000E+00,2.176803E+00
2.858000E+00,-5.244457E-01,3.283906E-03,-1.951191E-01,1.444595E-02,-5.312796E-01,3.564741E-03,-1.944105E-01,3.549334E-02,0.000000E+00,0.000000E+00,2.353216E+00
2.859000E+00,-5.246398E-01,3.294123E-03,-1.941140E-01,1.021645E-02,-5.314732E-01,3.589568E-03,-1.936080E-01,2.482781E-02,0.000000E+00,0.000000E+00,2.475684E+00
2.860000E+00,-5.248315E-01,3.306393E-03,-1.916648E-01,1.227045E-02,-5.316648E-01,3.605772E-03,-1.915947E-01,1.620333E-02,0.000000E+00,0.000000E+00,2.508623E+00
2.861000E+00,-5.250215E-01,3.336616E-03,-1.900639E-01,3.022329E-02,-5.318566E-01,3.593884E-03,-1.918461E-01,-1.188808E-02,0.000000E+00,0.000000E+00,2.155553E+00
2.862000E+00,-5.252125E-01,3.367450E-03,-1.909754E-01,3.083337E-02,-5.320497E-01,3.561598E-03,-1.930997E-01,-3.228585E-02,0.000000E+00,0.000000E+00,1.626524E+00
2.863000E+00,-5.254041E-01,3.390868E-03,-1.916238E-01,2.341794E-02,-5.322430E-01,3.516600E-03,-1.932520E-01,-4.499817E-02,0.000000E+00,0.000000E+00,1.053264E+00
2.864000E+00,-5.255965E-01,3.407315E-03,-1.923806E-01,1.644741E-02,-5.324363E-01,3.458259E-03,-1.933594E-01,-5.834012E-02,0.000000E+00,0.000000E+00,4.267432E-01
2.865000E+00,-5.257894E-01,3.411757E-03,-1.928777E-01,4.441929E-03,-5.326294E-01,3.390227E-03,-1.930303E-01,-6.803236E-02,0.000000E+00,0.000000E+00,-1.803476E-01
2.866000E+00,-5.259817E-01,3.397359E-03,-1.923168E-01,-1.439783E-02,-5.328212E-01,3.317942E-03,-1.918808E-01,-7.228487E-02,0.000000E+00,0.000000E+00,-6.652586E-01
2.867000E+00,-5.261742E-01,3.374010E-03,-1.925163E-01,-2.334919E-02,-5.330128E-01,3.234707E-03,-1.915399E-01,-8.323480E-02,0.000000E+00,0.000000E+00,-1.166965E+00
2.868000E+00,-5.263672E-01,3.336697E-03,-1.929972E-01,-3.731345E-02,-5.332045E-01,3.144732E-03,-1.916890E-01,-8.997523E-02,0.000000E+00,0.000000E+00,-1.608230E+00
2.869000E+00,-5.265580E-01,3.312038E-03,-1.907572E-01,-2.465906E-02,-5.333955E-01,3.132686E-03,-1.910477E-01,-1.204586E-02,0.000000E+00,0.000000E+00,-1.502547E+00
2.870000E+00,-5.267546E-01,3.287640E-03,-1.966333E-01,-2.439802E-02,-5.335931E-01,3.152397E-03,-1.976232E-01,1.971020E-02,0.000000E+00,0.000000E+00,-1.132970E+00
2.871000E+00,-5.269578E-01,3.274277E-03,-2.031454E-01,-1.336204E-02,-5.337971E-01,3.188812E-03,-2.039555E-01,3.641536E-02,0.000000E+00,0.000000E+00,-7.159415E-01
2.872000E+00,-5.271674E-01,3.286031E-03,-2.096441E-01,1.175372E-02,-5.340072E-01,3.242338E-03,-2.100724E-01,5.352608E-02,0.000000E+00,0.000000E+00,-3.660074E-01
2.873000E+00,-5.273797E-01,3.314571E-03,-2.122962E-01,2.853945E-02,-5.342196E-01,3.288288E-03,-2.124207E-01,4.595020E-02,0.000000E+00,0.000000E+00,-2.201597E-01
2.874000E+00,-5.275950E-01,3.342312E-03,-2.153349E-01,2.774097E-02,-5.344350E-01,3.335845E-03,-2.154118E-01,4.755729E-02,0.000000E+00,0.000000E+00,-5.416447E-02
2.875000E+00,-5.278104E-01,3.359805E-03,-2.153889E-01,1.749295E-02,-5.346504E-01,3.371903E-03,-2.154018E-01,3.605804E-02,0.000000E+00,0.000000E+00,1.013480E-01
2.876000E+00,-5.280258E-01,3.367682E-03,-2.153907E-01,7.877457E-03,-5.348657E-01,3.397153E-03,-2.153494E-01,2.524962E-02,0.000000E+00,0.000000E+00,2.468679E-01
2.877000E+00,-5.282413E-01,3.365985E-03,-2.154889E-01,-1.696617E-03,-5.350811E-01,3.411953E-03,-2.154008E-01,1.479957E-02,0.000000E+00,0.000000E+00,3.850514E-01
2.878000E+00,-5.284569E-01,3.356523E-03,-2.156049E-01,-9.462020E-03,-5.352967E-01,3.414196E-03,-2.155118E-01,2.243472E-03,0.000000E+00,0.000000E+00,4.831065E-01
2.879000E+00,-5.286725E-01,3.338828E-03,-2.155888E-01,-1.769543E-02,-5.355122E-01,3.404347E-03,-2.155077E-01,-9.848857E-03,0.000000E+00,0.000000E+00,5.488374E-01
2.880000E+00,-5.288879E-01,3.312652E-03,-2.154254E-01,-2.617585E-02,-5.357275E-01,3.382566E-03,-2.153664E-01,-2.178171E-02,0.000000E+00,0.000000E+00,5.856484E-01
2.881000E+00,-5.291053E-01,3.292559E-03,-2.173968E-01,-2.009303E-02,-5.359450E-01,3.352044E-03,-2.174690E-01,-3.052144E-02,0.000000E+00,0.000000E+00,4.982916E-01
2.882000E+00,-5.293303E-01,3.309574E-03,-2.250279E-01,1.701475E-02,-5.361702E-01,3.321010E-03,-2.252062E-01,-3.103389E-02,0.000000E+00,0.000000E+00,9.579998E-02
2.883000E+00,-5.295566E-01,3.320611E-03,-2.262356E-01,1.103762E-02,-5.363963E-01,3.284126E-03,-2.260583E-01,-3.688380E-02,0.000000E+00,0.000000E+00,-3.056304E-01
2.884000E+00,-5.297794E-01,3.303697E-03,-2.227898E-01,-1.691428E-02,-5.366189E-01,3.254619E-03,-2.226574E-01,-2.950754E-02,0.000000E+00,0.000000E+00,-4.111275E-01
2.885000E+00,-5.300004E-01,3.270695E-03,-2.210369E-01,-3.300235E-02,-5.368399E-01,3.224149E-03,-2.210073E-01,-3.046996E-02,0.000000E+00,0.000000E+00,-3.899160E-01
2.886000E+00,-5.302229E-01,3.245803E-03,-2.225444E-01,-2.489199E-02,-5.370624E-01,3.199056E-03,-2.224727E-01,-2.509339E-02,0.000000E+00,0.000000E+00,-3.916073E-01
2.887000E+00,-5.304502E-01,3.256867E-03,-2.272269E-01,1.106448E-02,-5.372893E-01,3.189382E-03,-2.269266E-01,-9.673104E-03,0.000000E+00,0.000000E+00,-5.653437E-01
2.888000E+00,-5.306703E-01,3.272268E-03,-2.201358E-01,1.540038E-02,-5.375095E-01,3.215992E-03,-2.201819E-01,2.660945E-02,0.000000E+00,0.000000E+00,-4.714429E-01
2.889000E+00,-5.308860E-01,3.283329E-03,-2.157114E-01,1.106132E-02,-5.377254E-01,3.257112E-03,-2.158933E-01,4.112039E-02,0.000000E+00,0.000000E+00,-2.196250E-01
2.890000E+00,-5.311005E-01,3.286372E-03,-2.144288E-01,3.042611E-03,-5.379399E-01,3.294843E-03,-2.144924E-01,3.773026E-02,0.000000E+00,0.000000E+00,7.096327E-02
2.891000E+00,-5.313147E-01,3.280162E-03,-2.142167E-01,-6.209767E-03,-5.381540E-01,3.322852E-03,-2.141108E-01,2.800964E-02,0.000000E+00,0.000000E+00,3.576290E-01
2.892000E+00,-5.315284E-01,3.268554E-03,-2.136894E-01,-1.160742E-02,-5.383676E-01,3.334160E-03,-2.135494E-01,1.130759E-02,0.000000E+00,0.000000E+00,5.495959E-01
2.893000E+00,-5.317421E-01,3.250799E-03,-2.137253E-01,-1.775505E-02,-5.385812E-01,3.330306E-03,-2.136413E-01,-3.853664E-03,0.000000E+00,0.000000E+00,6.660506E-01
2.894000E+00,-5.319557E-01,3.224871E-03,-2.136366E-01,-2.592856E-02,-5.387948E-01,3.314639E-03,-2.135767E-01,-1.566709E-02,0.000000E+00,0.000000E+00,7.520111E-01
2.895000E+00,-5.321692E-01,3.190182E-03,-2.134624E-01,-3.468931E-02,-5.390082E-01,3.288129E-03,-2.134145E-01,-2.651001E-02,0.000000E+00,0.000000E+00,8.205280E-01
2.896000E+00,-5.323825E-01,3.146908E-03,-2.132896E-01,-4.327333E-02,-5.392215E-01,3.250692E-03,-2.132640E-01,-3.743724E-02,0.000000E+00,0.000000E+00,8.694142E-01
2.897000E+00,-5.325956E-01,3.095172E-03,-2.131345E-01,-5.173631E-02,-5.394346E-01,3.202297E-03,-2.131382E-01,-4.839504E-02,0.000000E+00,0.000000E+00,8.973996E-01
2.898000E+00,-5.328046E-01,3.063050E-03,-2.090356E-01,-3.212156E-02,-5.396438E-01,3.163502E-03,-2.091918E-01,-3.879495E-02,0.000000E+00,0.000000E+00,8.414848E-01
2.899000E+00,-5.330059E-01,3.097711E-03,-2.012793E-01,3.466042E-02,-5.398454E-01,3.177612E-03,-2.015697E-01,1.411018E-02,0.000000E+00,0.000000E+00,6.693242E-01
2.900000E+00,-5.332079E-01,3.143099E-03,-2.019899E-01,4.538867E-02,-5.400475E-01,3.203647E-03,-2.021961E-01,2.603504E-02,0.000000E+00,0.000000E+00,5.071954E-01
2.901000E+00,-5.334124E-01,3.187241E-03,-2.045212E-01,4.414192E-02,-5.402522E-01,3.228079E-03,-2.046694E-01,2.443219E-02,0.000000E+00,0.000000E+00,3.420884E-01
2.902000E+00,-5.336201E-01,3.230353E-03,-2.076766E-01,4.311166E-02,-5.404600E-01,3.249113E-03,-2.077740E-01,2.103359E-02,0.000000E+00,0.000000E+00,1.571454E-01
2.903000E+00,-5.338319E-01,3.275161E-03,-2.118201E-01,4.480847E-02,-5.406718E-01,3.270642E-03,-2.118456E-01,2.152935E-02,0.000000E+00,0.000000E+00,-3.785678E-02
2.904000E+00,-5.340488E-01,3.323547E-03,-2.168868E-01,4.838530E-02,-5.408887E-01,3.294867E-03,-2.168261E-01,2.422476E-02,0.000000E+00,0.000000E+00,-2.402428E-01
2.905000E+00,-5.342682E-01,3.367401E-03,-2.194110E-01,4.385395E-02,-5.411079E-01,3.318610E-03,-2.192874E-01,2.374269E-02,0.000000E+00,0.000000E+00,-4.087119E-01
2.906000E+00,-5.344877E-01,3.402850E-03,-2.194450E-01,3.544928E-02,-5.413272E-01,3.330935E-03,-2.192308E-01,1.232494E-02,0.000000E+00,0.000000E+00,-6.024261E-01
2.907000E+00,-5.347072E-01,3.430383E-03,-2.194801E-01,2.753276E-02,-5.415463E-01,3.331297E-03,-2.191301E-01,3.622014E-04,0.000000E+00,0.000000E+00,-8.300453E-01
2.908000E+00,-5.349267E-01,3.450431E-03,-2.195219E-01,2.004863E-02,-5.417653E-01,3.319268E-03,-2.189719E-01,-1.202878E-02,0.000000E+00,0.000000E+00,-1.098789E+00
2.909000E+00,-5.351463E-01,3.463251E-03,-2.195848E-01,1.281942E-02,-5.419840E-01,3.294656E-03,-2.187549E-01,-2.461233E-02,0.000000E+00,0.000000E+00,-1.412423E+00
2.910000E+00,-5.353688E-01,3.455656E-03,-2.225306E-01,-7.594977E-03,-5.422066E-01,3.285987E-03,-2.225218E-01,-8.668878E-03,0.000000E+00,0.000000E+00,-1.421417E+00
2.911000E+00,-5.355958E-01,3.442419E-03,-2.270576E-01,-1.323636E-02,-5.424341E-01,3.291416E-03,-2.274963E-01,5.429500E-03,0.000000E+00,0.000000E+00,-1.265015E+00
2.912000E+00,-5.358225E-01,3.416898E-03,-2.267010E-01,-2.552150E-02,-5.426612E-01,3.288412E-03,-2.271542E-01,-3.004237E-03,0.000000E+00,0.000000E+00,-1.076356E+00
2.913000E+00,-5.360491E-01,3.380631E-03,-2.265563E-01,-3.626666E-02,-5.428882E-01,3.276273E-03,-2.269581E-01,-1.213914E-02,0.000000E+00,0.000000E+00,-8.742178E-01
2.914000E+00,-5.362754E-01,3.331420E-03,-2.262902E-01,-4.921146E-02,-5.431148E-01,3.256744E-03,-2.266635E-01,-1.952841E-02,0.000000E+00,0.000000E+00,-6.255503E-01
2.915000E+00,-5.364976E-01,3.270215E-03,-2.221839E-01,-6.120447E-02,-5.433374E-01,3.252393E-03,-2.225586E-01,-4.351020E-03,0.000000E+00,0.000000E+00,-1.492903E-01
2.916000E+00,-5.367162E-01,3.220026E-03,-2.185998E-01,-5.018960E-02,-5.435559E-01,3.237735E-03,-2.185526E-01,-1.465844E-02,0.000000E+00,0.000000E+00,1.483477E-01
2.917000E+00,-5.369275E-01,3.201507E-03,-2.113304E-01,-1.851906E-02,-5.437673E-01,3.216147E-03,-2.113165E-01,-2.158755E-02,0.000000E+00,0.000000E+00,1.226438E-01
2.918000E+00,-5.371376E-01,3.191755E-03,-2.101331E-01,-9.751251E-03,-5.439774E-01,3.183824E-03,-2.101468E-01,-3.232354E-02,0.000000E+00,0.000000E+00,-6.644122E-02
2.919000E+00,-5.373506E-01,3.190216E-03,-2.129674E-01,-1.539155E-03,-5.441902E-01,3.138956E-03,-2.127829E-01,-4.486832E-02,0.000000E+00,0.000000E+00,-4.294073E-01
2.920000E+00,-5.375667E-01,3.196880E-03,-2.160778E-01,6.663761E-03,-5.444055E-01,3.084313E-03,-2.153364E-01,-5.464220E-02,0.000000E+00,0.000000E+00,-9.429979E-01
2.921000E+00,-5.377836E-01,3.198195E-03,-2.169233E-01,1.315070E-03,-5.446210E-01,3.019505E-03,-2.155048E-01,-6.480892E-02,0.000000E+00,0.000000E+00,-1.497040E+00
2.922000E+00,-5.379995E-01,3.197880E-03,-2.158760E-01,-3.153792E-04,-5.448357E-01,2.977455E-03,-2.146414E-01,-4.204923E-02,0.000000E+00,0.000000E+00,-1.846793E+00
2.923000E+00,-5.382062E-01,3.176697E-03,-2.066834E-01,-2.118262E-02,-5.450441E-01,3.020464E-03,-2.084012E-01,4.300854E-02,0.000000E+00,0.000000E+00,-1.308874E+00
2.924000E+00,-5.384125E-01,3.173658E-03,-2.062903E-01,-3.039528E-03,-5.452513E-01,3.071560E-03,-2.072470E-01,5.109611E-02,0.000000E+00,0.000000E+00,-8.553080E-01
2.925000E+00,-5.386224E-01,3.194591E-03,-2.099763E-01,2.093304E-02,-5.454616E-01,3.121615E-03,-2.102929E-01,5.005515E-02,0.000000E+00,0.000000E+00,-6.113358E-01
2.926000E+00,-5.388346E-01,3.217427E-03,-2.121574E-01,2.283666E-02,-5.456740E-01,3.170845E-03,-2.123406E-01,4.922957E-02,0.000000E+00,0.000000E+00,-3.902337E-01
2.927000E+00,-5.390496E-01,3.233407E-03,-2.150329E-01,1.598001E-02,-5.458891E-01,3.220829E-03,-2.151329E-01,4.998466E-02,0.000000E+00,0.000000E+00,-1.053690E-01
2.928000E+00,-5.392687E-01,3.244161E-03,-2.190258E-01,1.075337E-02,-5.461080E-01,3.274603E-03,-2.189219E-01,5.377346E-02,0.000000E+00,0.000000E+00,2.550226E-01
2.929000E+00,-5.394925E-01,3.251108E-03,-2.238402E-01,6.946885E-03,-5.463314E-01,3.334278E-03,-2.233547E-01,5.967530E-02,0.000000E+00,0.000000E+00,6.967645E-01
2.930000E+00,-5.397192E-01,3.252184E-03,-2.266717E-01,1.076860E-03,-5.465571E-01,3.391422E-03,-2.257190E-01,5.714419E-02,0.000000E+00,0.000000E+00,1.166530E+00
2.931000E+00,-5.399460E-01,3.244703E-03,-2.267956E-01,-7.481217E-03,-5.467826E-01,3.436931E-03,-2.254708E-01,4.550906E-02,0.000000E+00,0.000000E+00,1.610591E+00
2.932000E+00,-5.401728E-01,3.229163E-03,-2.268138E-01,-1.554056E-02,-5.470078E-01,3.470288E-03,-2.252258E-01,3.335717E-02,0.000000E+00,0.000000E+00,2.020447E+00
2.933000E+00,-5.403995E-01,3.206028E-03,-2.267106E-01,-2.313492E-02,-5.472328E-01,3.491112E-03,-2.249846E-01,2.082352E-02,0.000000E+00,0.000000E+00,2.388993E+00
2.934000E+00,-5.406278E-01,3.193162E-03,-2.283098E-01,-1.286599E-02,-5.474602E-01,3.497576E-03,-2.274442E-01,6.464204E-03,0.000000E+00,0.000000E+00,2.551095E+00
2.935000E+00,-5.408591E-01,3.212690E-03,-2.312686E-01,1.952872E-02,-5.476927E-01,3.488230E-03,-2.324720E-01,-9.346119E-03,0.000000E+00,0.000000E+00,2.308983E+00
2.936000E+00,-5.410897E-01,3.234291E-03,-2.306485E-01,2.160062E-02,-5.479249E-01,3.467189E-03,-2.322208E-01,-2.104077E-02,0.000000E+00,0.000000E+00,1.951508E+00
2.937000E+00,-5.413188E-01,3.254428E-03,-2.290819E-01,2.013675E-02,-5.481556E-01,3.433983E-03,-2.306805E-01,-3.320632E-02,0.000000E+00,0.000000E+00,1.504418E+00
2.938000E+00,-5.415462E-01,3.273969E-03,-2.273610E-01,1.954083E-02,-5.483843E-01,3.389389E-03,-2.287396E-01,-4.459393E-02,0.000000E+00,0.000000E+00,9.669950E-01
2.939000E+00,-5.417724E-01,3.290233E-03,-2.262118E-01,1.626396E-02,-5.486114E-01,3.334147E-03,-2.270452E-01,-5.524195E-02,0.000000E+00,0.000000E+00,3.679017E-01
2.940000E+00,-5.419982E-01,3.299311E-03,-2.258280E-01,9.078236E-03,-5.488373E-01,3.269091E-03,-2.259072E-01,-6.505594E-02,0.000000E+00,0.000000E+00,-2.531700E-01
2.941000E+00,-5.422169E-01,3.302000E-03,-2.186649E-01,2.689118E-03,-5.490558E-01,3.236225E-03,-2.184877E-01,-3.286616E-02,0.000000E+00,0.000000E+00,-5.510406E-01
2.942000E+00,-5.424319E-01,3.285380E-03,-2.150339E-01,-1.661996E-02,-5.492708E-01,3.217299E-03,-2.150372E-01,-1.892644E-02,0.000000E+00,0.000000E+00,-5.703619E-01
2.943000E+00,-5.426478E-01,3.259152E-03,-2.159486E-01,-2.622803E-02,-5.494868E-01,3.196591E-03,-2.160065E-01,-2.070726E-02,0.000000E+00,0.000000E+00,-5.241092E-01
2.944000E+00,-5.428659E-01,3.224343E-03,-2.180419E-01,-3.480864E-02,-5.497050E-01,3.177090E-03,-2.181594E-01,-1.950132E-02,0.000000E+00,0.000000E+00,-3.958684E-01
2.945000E+00,-5.430845E-01,3.180948E-03,-2.186019E-01,-4.339564E-02,-5.499236E-01,3.150077E-03,-2.186875E-01,-2.701254E-02,0.000000E+00,0.000000E+00,-2.586170E-01
2.946000E+00,-5.433031E-01,3.129029E-03,-2.185712E-01,-5.191837E-02,-5.501423E-01,3.111988E-03,-2.186120E-01,-3.808933E-02,0.000000E+00,0.000000E+00,-1.427634E-01
2.947000E+00,-5.435214E-01,3.076645E-03,-2.183914E-01,-5.238472E-02,-5.503606E-01,3.050531E-03,-2.183045E-01,-6.145687E-02,0.000000E+00,0.000000E+00,-2.187678E-01
2.948000E+00,-5.437269E-01,3.088726E-03,-2.054670E-01,1.208093E-02,-5.505659E-01,3.047273E-03,-2.053065E-01,-3.258082E-03,0.000000E+00,0.000000E+00,-3.472777E-01
2.949000E+00,-5.439288E-01,3.128682E-03,-2.018601E-01,3.995637E-02,-5.507676E-01,3.081173E-03,-2.017058E-01,3.390022E-02,0.000000E+00,0.000000E+00,-3.980220E-01
2.950000E+00,-5.441326E-01,3.169962E-03,-2.038050E-01,4.127994E-02,-5.509712E-01,3.116275E-03,-2.036492E-01,3.510199E-02,0.000000E+00,0.000000E+00,-4.497885E-01
2.951000E+00,-5.443390E-01,3.210056E-03,-2.064092E-01,4.009387E-02,-5.511775E-01,3.147654E-03,-2.062224E-01,3.137889E-02,0.000000E+00,0.000000E+00,-5.228136E-01
2.952000E+00,-5.445490E-01,3.250549E-03,-2.100223E-01,4.049347E-02,-5.513872E-01,3.176987E-03,-2.097907E-01,2.933285E-02,0.000000E+00,0.000000E+00,-6.163341E-01
2.953000E+00,-5.447637E-01,3.294248E-03,-2.146683E-01,4.369878E-02,-5.516016E-01,3.206602E-03,-2.143722E-01,2.961467E-02,0.000000E+00,0.000000E+00,-7.343565E-01
2.954000E+00,-5.449832E-01,3.338426E-03,-2.194934E-01,4.417800E-02,-5.518208E-01,3.239684E-03,-2.192055E-01,3.308199E-02,0.000000E+00,0.000000E+00,-8.273487E-01
2.955000E+00,-5.452057E-01,3.370794E-03,-2.224894E-01,3.236760E-02,-5.520433E-01,3.278793E-03,-2.224472E-01,3.910963E-02,0.000000E+00,0.000000E+00,-7.708700E-01
2.956000E+00,-5.454292E-01,3.390502E-03,-2.235850E-01,1.970874E-02,-5.522669E-01,3.313395E-03,-2.236609E-01,3.460163E-02,0.000000E+00,0.000000E+00,-6.460868E-01
2.957000E+00,-5.456528E-01,3.402161E-03,-2.235047E-01,1.165914E-02,-5.524904E-01,3.335871E-03,-2.235110E-01,2.247594E-02,0.000000E+00,0.000000E+00,-5.554578E-01
2.958000E+00,-5.458761E-01,3.406265E-03,-2.233400E-01,4.103677E-03,-5.527137E-01,3.345720E-03,-2.232907E-01,9.849124E-03,0.000000E+00,0.000000E+00,-5.073222E-01
2.959000E+00,-5.460992E-01,3.403178E-03,-2.230923E-01,-3.087299E-03,-5.529367E-01,3.342690E-03,-2.229984E-01,-3.030123E-03,0.000000E+00,0.000000E+00,-5.068501E-01
2.960000E+00,-5.463220E-01,3.392980E-03,-2.227966E-01,-1.019833E-02,-5.531594E-01,3.326935E-03,-2.226615E-01,-1.575489E-02,0.000000E+00,0.000000E+00,-5.534187E-01
2.961000E+00,-5.465445E-01,3.375328E-03,-2.225059E-01,-1.765138E-02,-5.533817E-01,3.299078E-03,-2.223274E-01,-2.785684E-02,0.000000E+00,0.000000E+00,-6.389453E-01
2.962000E+00,-5.467667E-01,3.349486E-03,-2.222537E-01,-2.584245E-02,-5.536037E-01,3.260106E-03,-2.220333E-01,-3.897208E-02,0.000000E+00,0.000000E+00,-7.489792E-01
2.963000E+00,-5.469888E-01,3.314503E-03,-2.220387E-01,-3.498238E-02,-5.538255E-01,3.211159E-03,-2.217913E-01,-4.894722E-02,0.000000E+00,0.000000E+00,-8.660159E-01
2.964000E+00,-5.472106E-01,3.269422E-03,-2.218342E-01,-4.508180E-02,-5.540471E-01,3.153311E-03,-2.215910E-01,-5.784751E-02,0.000000E+00,0.000000E+00,-9.730065E-01
2.965000E+00,-5.474295E-01,3.227090E-03,-2.189076E-01,-4.233183E-02,-5.542657E-01,3.091095E-03,-2.185887E-01,-6.221602E-02,0.000000E+00,0.000000E+00,-1.139649E+00
2.966000E+00,-5.476364E-01,3.212704E-03,-2.068393E-01,-1.438593E-02,-5.544725E-01,3.058458E-03,-2.068051E-01,-3.263768E-02,0.000000E+00,0.000000E+00,-1.292559E+00
2.967000E+00,-5.478377E-01,3.198393E-03,-2.013324E-01,-1.431087E-02,-5.546738E-01,3.029699E-03,-2.013064E-01,-2.875891E-02,0.000000E+00,0.000000E+00,-1.413590E+00
2.968000E+00,-5.480368E-01,3.185115E-03,-1.991532E-01,-1.327792E-02,-5.548722E-01,2.985156E-03,-1.983773E-01,-4.454328E-02,0.000000E+00,0.000000E+00,-1.675633E+00
2.969000E+00,-5.482379E-01,3.170508E-03,-2.010369E-01,-1.460667E-02,-5.550720E-01,2.928126E-03,-1.997418E-01,-5.703003E-02,0.000000E+00,0.000000E+00,-2.031248E+00
2.970000E+00,-5.484400E-01,3.149517E-03,-2.021046E-01,-2.099140E-02,-5.552722E-01,2.855445E-03,-2.002531E-01,-7.268077E-02,0.000000E+00,0.000000E+00,-2.464602E+00
2.971000E+00,-5.486373E-01,3.130314E-03,-1.972812E-01,-1.920328E-02,-5.554686E-01,2.810194E-03,-1.963763E-01,-4.525049E-02,0.000000E+00,0.000000E+00,-2.682951E+00
2.972000E+00,-5.488261E-01,3.133594E-03,-1.888826E-01,3.280686E-03,-5.556594E-01,2.848462E-03,-1.907762E-01,3.826758E-02,0.000000E+00,0.000000E+00,-2.389422E+00
2.973000E+00,-5.490149E-01,3.165976E-03,-1.887444E-01,3.238203E-02,-5.558496E-01,2.911460E-03,-1.902086E-01,6.299862E-02,0.000000E+00,0.000000E+00,-2.132649E+00
2.974000E+00,-5.492066E-01,3.199167E-03,-1.917473E-01,3.319074E-02,-5.560429E-01,2.986661E-03,-1.932925E-01,7.520042E-02,0.000000E+00,0.000000E+00,-1.780486E+00
2.975000E+00,-5.493995E-01,3.232702E-03,-1.928674E-01,3.353499E-02,-5.562370E-01,3.064961E-03,-1.941897E-01,7.830040E-02,0.000000E+00,0.000000E+00,-1.405318E+00
2.976000E+00,-5.495959E-01,3.270207E-03,-1.963625E-01,3.750442E-02,-5.564342E-01,3.131281E-03,-1.971206E-01,6.631988E-02,0.000000E+00,0.000000E+00,-1.163848E+00
2.977000E+00,-5.497955E-01,3.301117E-03,-1.995997E-01,3.091066E-02,-5.566345E-01,3.201659E-03,-2.003751E-01,7.037739E-02,0.000000E+00,0.000000E+00,-8.331769E-01
2.978000E+00,-5.499992E-01,3.326523E-03,-2.036983E-01,2.540618E-02,-5.568389E-01,3.278545E-03,-2.043196E-01,7.688668E-02,0.000000E+00,0.000000E+00,-4.019038E-01
2.979000E+00,-5.502056E-01,3.346123E-03,-2.064645E-01,1.959928E-02,-5.570455E-01,3.356497E-03,-2.066701E-01,7.795139E-02,0.000000E+00,0.000000E+00,8.689973E-02
2.980000E+00,-5.504123E-01,3.357364E-03,-2.066902E-01,1.124105E-02,-5.572519E-01,3.423227E-03,-2.064163E-01,6.673065E-02,0.000000E+00,0.000000E+00,5.517245E-01
2.981000E+00,-5.506192E-01,3.360631E-03,-2.068553E-01,3.267019E-03,-5.574581E-01,3.478331E-03,-2.061860E-01,5.510360E-02,0.000000E+00,0.000000E+00,9.859776E-01
2.982000E+00,-5.508261E-01,3.356290E-03,-2.069460E-01,-4.340590E-03,-5.576641E-01,3.521479E-03,-2.059819E-01,4.314796E-02,0.000000E+00,0.000000E+00,1.383853E+00
2.983000E+00,-5.510331E-01,3.344580E-03,-2.069705E-01,-1.171021E-02,-5.578699E-01,3.552484E-03,-2.058155E-01,3.100544E-02,0.000000E+00,0.000000E+00,1.741796E+00
2.984000E+00,-5.512400E-01,3.325466E-03,-2.069527E-01,-1.911369E-02,-5.580756E-01,3.571372E-03,-2.056945E-01,1.888780E-02,0.000000E+00,0.000000E+00,2.060293E+00
2.985000E+00,-5.514470E-01,3.298558E-03,-2.069188E-01,-2.690812E-02,-5.582812E-01,3.578445E-03,-2.056079E-01,7.072484E-03,0.000000E+00,0.000000E+00,2.345146E+00
2.986000E+00,-5.516565E-01,3.291614E-03,-2.095667E-01,-6.944285E-03,-5.584910E-01,3.567311E-03,-2.097368E-01,-1.113353E-02,0.000000E+00,0.000000E+00,2.310026E+00
2.987000E+00,-5.518655E-01,3.283317E-03,-2.089433E-01,-8.296654E-03,-5.587008E-01,3.537508E-03,-2.097795E-01,-2.980299E-02,0.000000E+00,0.000000E+00,2.129740E+00
2.988000E+00,-5.520738E-01,3.268636E-03,-2.082958E-01,-1.468123E-02,-5.589101E-01,3.493482E-03,-2.093257E-01,-4.402637E-02,0.000000E+00,0.000000E+00,1.883777E+00
2.989000E+00,-5.522818E-01,3.245468E-03,-2.080036E-01,-2.316754E-02,-5.591191E-01,3.437777E-03,-2.089944E-01,-5.570505E-02,0.000000E+00,0.000000E+00,1.611097E+00
2.990000E+00,-5.524881E-01,3.219849E-03,-2.063402E-01,-2.561985E-02,-5.593263E-01,3.375703E-03,-2.072638E-01,-6.207352E-02,0.000000E+00,0.000000E+00,1.305642E+00
2.991000E+00,-5.526907E-01,3.202155E-03,-2.025666E-01,-1.769351E-02,-5.595298E-01,3.309442E-03,-2.034990E-01,-6.626081E-02,0.000000E+00,0.000000E+00,8.987379E-01
2.992000E+00,-5.528879E-01,3.191017E-03,-1.972443E-01,-1.113814E-02,-5.597273E-01,3.285402E-03,-1.974393E-01,-2.404029E-02,0.000000E+00,0.000000E+00,7.906496E-01
2.993000E+00,-5.530868E-01,3.185996E-03,-1.988257E-01,-5.020957E-03,-5.599261E-01,3.283640E-03,-1.987834E-01,-1.761550E-03,0.000000E+00,0.000000E+00,8.179546E-01
2.994000E+00,-5.532904E-01,3.181135E-03,-2.036238E-01,-4.860534E-03,-5.601295E-01,3.293086E-03,-2.034046E-01,9.445636E-03,0.000000E+00,0.000000E+00,9.378054E-01
2.995000E+00,-5.534997E-01,3.151764E-03,-2.093229E-01,-2.937185E-02,-5.603375E-01,3.323376E-03,-2.080811E-01,3.028968E-02,0.000000E+00,0.000000E+00,1.437675E+00
2.996000E+00,-5.537118E-01,3.099094E-03,-2.121281E-01,-5.266920E-02,-5.605470E-01,3.354949E-03,-2.094682E-01,3.157355E-02,0.000000E+00,0.000000E+00,2.143699E+00
2.997000E+00,-5.539247E-01,3.060447E-03,-2.128443E-01,-3.864752E-02,-5.607569E-01,3.383415E-03,-2.099392E-01,2.846573E-02,0.000000E+00,0.000000E+00,2.706411E+00
2.998000E+00,-5.541340E-01,3.090444E-03,-2.093138E-01,2.999760E-02,-5.609668E-01,3.400490E-03,-2.098574E-01,1.707448E-02,0.000000E+00,0.000000E+00,2.598063E+00
2.999000E+00,-5.543428E-01,3.131704E-03,-2.088371E-01,4.125936E-02,-5.611771E-01,3.406914E-03,-2.102858E-01,6.424721E-03,0.000000E+00,0.000000E+00,2.306009E+00
3.000000E+00,-5.545524E-01,3.172450E-03,-2.095353E-01,4.074585E-02,-5.613882E-01,3.403469E-03,-2.111330E-01,-3.445213E-03,0.000000E+00,0.000000E+00,1.935585E+00
