id,cost,velocity_scene1,velocity_scene2,velocity_scene4,velocity_scene_wheel,cost_scene1,cost_scene2,cost_scene4,cost_scene_wheel,velocity_scene1_f10,velocity_scene1_f30,velocity_scene1_f50,velocity_scene2_f10,velocity_scene2_f30,velocity_scene2_f50,velocity_scene4_f10,velocity_scene4_f30,velocity_scene4_f50,velocity_scene_wheel_f10,velocity_scene_wheel_f30,cost_scene1_f10,cost_scene1_f30,cost_scene1_f50,cost_scene2_f10,cost_scene2_f30,cost_scene2_f50,cost_scene4_f10,cost_scene4_f30,cost_scene4_f50,cost_scene_wheel_f10,cost_scene_wheel_f30,sliding_friction,torsional_friction,rolling_friction,solref_timeconst,solref_dampratio,solimp_dmin,solimp_dmax,solimp_width,solimp_midpoint,solimp_power,magnetic_moment_fudge,magnetic_field_fudge,dof_damping
c18c2900,9.100312784199497,0.11082095812561461,0.28498599593077495,0.3148630077152343,0.18102339541550377,1.413700949384224,4.143266060890113,2.0450394773362692,1.201658350857036,0.07703455562871067,0.14512969041227414,0.11029862833585907,0.09395707623292907,0.32384984369188297,0.4371510678675128,0.1250246925789445,0.4111738335959906,0.4083904969707679,0.09558173500389414,0.26646505582711344,1.0483869407356685,0.16837156141019982,0.1969424472383557,0.06731623331482861,2.4921884195064994,1.583761408068785,0.025103317461426373,0.8919403082697277,1.1279958516051154,0.5265805191741014,0.6750778316829346,0.08913417344678029,0.020323829939708615,0.0011060966023122838,0.008909279597468952,1.4297529068668027,0.8424999909606354,0.9935048236134831,0.0003799457749943707,0.30610512281300956,5.162773647450683,0.710969344926206,1.1102751626185432,1.181930750179361e-09
8a769fb5,5.204078432873892,0.08621065676574437,0.1940337760334221,0.3501935754747965,0.32202080859604554,1.4582597041892544,0.5564100161331531,2.8678233318093067,0.07901834241746623,0.06868645153859702,0.12183800724363794,0.06810751151499816,0.10984866977354904,0.15143462040267153,0.32081803792404573,0.09205150476921911,0.335866714028837,0.6226625076263336,0.1617786302928535,0.48226298689923763,0.4341228851207848,7.724626470621121e-05,1.0240595728037634,0.46050168174597905,0.017117924666286304,0.07879040972088772,0.07860847894235456,0.10941118887414956,2.6798036639928027,0.072816830390673,0.006201512026793224,0.01686731370810813,0.006792156156981999,0.0004795097539547076,0.0029744200781556705,1.5942756501620432,0.8243131292699939,0.9568621220723825,0.0006154481505309213,0.35484473990269283,5.020259162672947,0.42632411816947025,1.0866782730232392,1.0796383748596877e-09
a269571a,14.319961512056931,0.04007188781151063,0.2210670220820233,0.25404126077872896,0.23515096888304954,11.29920600903867,1.5311557888659166,0.08720472422144646,0.8696644277545074,-0.023423372554010786,0.06152773066543488,0.08211130532310779,0.12070309690657,0.2587881756379411,0.28370979370155874,0.09315804483013695,0.2884907538403925,0.3804749836656573,0.16574148332668356,0.3045604544394155,9.950388917477744,0.7059309121160949,0.6428861794448304,0.941818021898957,0.5849636915029814,0.004374075463977993,0.0670299317881092,0.0010134982688144271,0.01916129416452282,0.4486032206171,0.42106120713740736,0.028558271787538433,0.028986437388448683,0.0004669732562958378,0.004667461372454403,1.3194852392023775,0.892681859079144,0.9742800412503194,0.00010768697569666467,0.5645089824206377,4.633734226797515,0.9126614885123305,0.6620740895737183,3.995082891380851e-10
9aad8e11,6.439612512490008,0.09921883866040994,0.24522808074109712,0.363399073330656,0.31458846939067825,1.0166275942178786,1.771478314886343,3.3481784221035022,0.0652317632469165,0.07108628309958337,0.1336789431615595,0.09289128972008695,0.09999253991210916,0.19789730843518505,0.43779439387599706,0.0984474586265492,0.349755520351716,0.641994241013703,0.16028211696699116,0.46889482181436537,0.5833249217042066,0.002020470446961511,0.43128220206671053,0.17144446345053566,0.0018257222675575105,1.59820812916825,0.02337105794829155,0.19588779002774628,3.1289195741274645,0.06130659302154339,0.003925170225373106,0.0724583376935039,0.037241385369293785,0.0007959685015959685,0.005159742415444954,1.409667501603159,0.8128605296321972,0.964153133959198,0.00016266332680547833,0.6114244452437831,5.103089055276075,0.40418541588932144,1.3472293042789112,7.664255670171946e-10
c4c060fe,6.419197670958832,0.05190931491138465,0.21958692120685494,0.19161839451759857,0.30657651791506824,3.0498519525526557,1.0786855389537773,1.8707301475227087,0.11268664334877751,0.059386950654931596,0.05932940849857583,0.03701158558064656,0.11508932019397591,0.17983190028859486,0.36383954313799405,0.11196937978088622,0.36165281090296975,0.1012329928689397,0.1584831252715092,0.45466991055862727,0.06426623343130096,0.789647891366461,2.1959378277548938,0.6714588627171749,0.0002834415478055263,0.40694323468879673,0.000288631304666078,0.2909847941619612,1.5794567220560813,0.04768069642788206,0.06500594692089545,0.03962355116793526,0.03411839513656286,0.0014414090289962284,0.007860199027218056,1.2482308696917679,0.8402241002126238,0.9796119117357982,0.00043868867179334,0.304165152430942,4.94430037897042,0.5180867421491537,0.891122829832087,1.7529478550901845e-09
01ec056b,29.3137926239299,0.011775828974278105,0.15907631614133474,0.17344947958649956,-0.05467537311351827,11.35124795402795,1.291800383453595,0.4988824264261571,15.645690413480825,0.0002571477212500848,-0.009368558257319828,0.04443889745890405,0.09732937669514041,0.17245494270108647,0.2074446290277773,0.11303174317257104,0.217637834302528,0.1896788612843996,-0.05864427749544218,-0.05070646873159436,4.647571366818711,4.802180370862489,1.901496216346752,1.0466611989430998,0.07029530772994828,0.1748438767805468,0.07402656972342991,0.08787052813279558,0.3369853285699316,9.893739244787398,5.751951168693427,0.16139943282652586,0.02127560323317995,0.0014143183866295388,0.006519517767836777,1.3064610961197685,0.8613209269409428,0.9931816935017477,0.00021814079977497394,0.6931286051340007,4.214049263256903,1.0965802349853795,1.2761152253229968,8.133803094420922e-10
87a3f143,6.455008589778619,0.10975878761983127,0.24429434127578772,0.35171456498181985,0.14136736675840197,0.34050958294896383,1.5451105233184315,2.250980833162008,2.071443034738628,0.05867533012065655,0.1408376939332634,0.12976333880557384,0.09967282961316595,0.2788308620501934,0.3543793321640037,0.11968138418822138,0.4167756813890945,0.5186866293681438,0.10271347290558909,0.18002126061121487,0.14510920731125723,0.09865201975444525,0.09674835588326139,0.16864778395292068,1.0348905280966278,0.34157221126888293,0.0011693235529423914,1.0041153842511756,1.2456961253578902,0.5061879896729015,1.5652550450657263,0.06738422357304459,0.005770947368550574,0.0006075512641891899,0.006507573020169374,1.9386715504743879,0.8342165706083753,0.9630740174521912,0.00015810799684124263,0.5830804235404148,5.0986287469108245,0.6910658261346009,1.403986744620006,1.06936165944443e-09
5d39534d,33.73854823027323,0.03651121033535596,0.24120442757866345,0.30473967677495145,0.153117769967766,27.454614490082527,1.505960792542353,1.4923618053173011,2.106806795590021,-0.06939085467734608,0.06103482190422026,0.1178896637791937,0.09808337663667613,0.19997190228501993,0.4255580038142943,0.07852012691328744,0.39664869955644194,0.43905020385512494,0.08071211281841467,0.22552342711711734,26.650342897465574,0.7317844215878673,0.07248717102908625,0.15629287182740959,0.0019998265830756157,1.3476680941318677,0.3039663962829531,0.6852522016397372,0.5031432073946108,1.0551677635498995,1.0516390320401214,0.12348764057352517,0.013767917785013213,0.000563878586027479,0.004400549942479884,1.060938760824029,0.859383524688326,0.978578383728854,0.0002243980509527599,0.35308257332497056,4.5753740790497,0.7238015494771747,1.1471812951118576,5.745207391200004e-10
74b18df6,5.802677779915563,0.07096203585042361,0.21172268072911093,0.2020464610043932,0.3074412109689445,2.8949473737291367,1.2078040521988596,1.3606600879692277,0.06268610454212803,0.06727608539533655,0.11416248460110927,0.03144753755482504,0.12296562274475412,0.17904305482447008,0.3331593646181087,0.11131007439416876,0.36778740106281593,0.12704190755619493,0.15910331168118635,0.4557791102567026,0.35691160486082285,0.09034477479550318,2.4476909940728104,1.0646375237815857,3.669626314295108e-05,0.14312983215413083,7.460572970262737e-06,0.3472084513081374,1.01344417608812,0.05220367968555836,0.01048242485656966,0.03595432408208914,0.006183072105937922,0.0014134319261407274,0.008930974026410259,1.5968037120801046,0.8571760159858263,0.9539846587356546,0.0004335017518229324,0.699050581400185,4.922457305882378,0.5347201989664837,1.110704819933508,2.108751702673938e-09
5bc9e501,37.788659366212,0.043803377387551155,0.22781924788158406,0.35846901626341693,0.11885621135881355,29.675836705323892,0.9470529674234749,2.6976922939778314,3.1350169505022647,-0.07341920571719272,0.07490072535517936,0.1299286125246668,0.08319075908610607,0.19709299852946627,0.40317398602917986,0.09120951704429797,0.406207610724891,0.5779899210210617,0.0897525383603609,0.1479598843572662,29.29050588685584,0.3662951190922964,0.019035699375754774,1.9642582957150806e-05,0.0008837754130787705,0.946149549427439,0.08830373178527962,0.8165943032689191,1.7927942589236328,0.99210452800264,2.1429124224996245,0.05454362093588152,0.015758166577944082,0.001424706973679665,0.004056324659407126,1.5031694467638261,0.8714832194587714,0.9821491174901879,0.0009552307279253407,0.6195580212041986,4.979631739856875,0.6020222451622153,1.4919760554305241,5.668233166390379e-10
7d0d38a6,11.306198607121063,0.05165488616994932,0.20060848588803504,0.2767259783189871,0.31912274895567405,9.852548572295039,0.562588765340781,0.372314766232166,0.07640951487519845,-0.02013138145874891,0.06519775662444947,0.10989828334414742,0.11121194384416709,0.18046395831702472,0.3101495555029133,0.08329948873347093,0.33477257463512394,0.41210587158836653,0.16193294198509028,0.4763125559262579,9.06673198418206,0.5923724026078334,0.19344418550514714,0.5242725099040497,0.00013484867610185044,0.03818140676062941,0.20711875191869428,0.10601629863368472,0.05917971567978694,0.07443064878622216,0.0019788660889762996,0.097627893130379,0.012889775851006006,0.0006654175714203653,0.0023301427190224582,1.4597537140161359,0.8751490096054442,0.9753721643052496,0.0006160049426154288,0.31313124701832834,5.059794192250973,0.5793243335415788,1.2543567334049814,2.9816954119959773e-10
e3623057,3.379228325305683,0.11478013270131276,0.1990546444244866,0.29910022459156044,0.32526305744790207,1.0535032945434406,1.2249436861500178,0.9162353239696799,0.07303555335639575,0.07521047490380753,0.14785757169079872,0.12127235150933206,0.1257790106561557,0.19385743242236658,0.2775274901949374,0.09887816874144065,0.2886767614474148,0.5097457435858259,0.16015299642772796,0.49037311846807613,0.8907806376835551,0.09613169495513058,0.06659096190475496,1.2248794786876789,2.9950741639304165e-06,6.1212388174858e-05,0.02159254710763664,0.00011960696768396049,0.8945231698943593,0.05994433635821725,0.013091216998178497,0.0315199244706176,0.019463647031239022,0.001480533335511242,0.0018015720010646843,1.6418261169412902,0.8354781467372431,0.9673993142416111,0.0003826174419273272,0.42163493486598835,4.958499730093991,0.6328684461795085,1.3179156084585903,1.3344286643756685e-09
fd52cf13,5.487746908025143,0.10757952865807352,0.24021999092381097,0.35382080550532075,0.31536392601166663,0.6158536405962302,1.4715999266915372,3.149815093378557,0.0632002135959915,0.07142952432829203,0.12137261818593384,0.12993644345999467,0.10529738232460714,0.19958545636429986,0.41577713408252587,0.09786688535244958,0.3241627473641465,0.6394327837993663,0.1604656603217257,0.4702621917016075,0.6071858699813116,1.9729708898563457e-05,0.00864804090601999,0.30949892853758665,0.0007089842413571478,1.1613920139125935,0.02734226970852481,0.05496814621108434,3.067504677458948,0.0625477882663118,0.0006524253296796923,0.03142193660618675,0.006226345729781849,0.0007575387121271633,0.0037967399577540197,1.9974455319889455,0.8353423912943365,0.9661003038542217,0.00038123930207611316,0.12816920454694303,5.358916420441949,0.47081130710979197,1.3176196938588545,8.336500481025267e-10
7137a81e,6.262373853596591,0.12043176250304961,0.2459281512870253,0.3414878170318743,0.3617482518477218,1.4382558637213765,2.214677513437983,2.104151627792679,0.35935453494538494,0.07952298348195333,0.14561423220568748,0.13615807182150805,0.1233256887321582,0.20038986362391326,0.41406890150500447,0.0971266394455236,0.3418122359286976,0.5855245757214018,0.1699853806665318,0.5535111230289118,1.2817489020390842,0.11982218458501215,0.03668477709728006,1.0848003319860138,0.0014440118095573468,1.128433169642412,0.03248471425332618,0.14545920963033815,1.9262077039090149,0.15852592909799199,0.20082860584739295,0.021634949481002717,0.014324231992195657,0.00041836232237129066,0.003745975033051601,1.5543836962363509,0.8835231850648754,0.97352098114044,0.0005031125646134375,0.14547074782214955,4.682850453431496,0.6889539530149221,1.147032394683302,1.1360844707991205e-09
5a5e2add,5.555447719137275,0.05688786599845939,0.22374239599743892,0.3402960487446099,0.3059695385764064,2.5987706960585117,0.7923661574457282,1.798998882413257,0.0771438159752595,0.062018807973163816,0.053646521200951855,0.05499826882126248,0.0854429015909601,0.1921175125201222,0.39366677388123444,0.10193070623393431,0.352120662325061,0.5668367776748344,0.15789672570815505,0.45404235144465777,0.1352231345567241,1.0006396366493422,1.4629079248524455,0.0020623944511234606,1.2002172721037537e-05,0.7902917608218838,0.00709521737572732,0.2132634406521203,1.5786402243854094,0.04565890575300412,0.031484910222255386,0.04379494829023853,0.012616291996445593,0.001191764988795921,0.008724596851201565,1.20472723695718,0.8221694908398718,0.9573510675261675,0.0006660467140640544,0.3223940635951652,4.853030704760039,0.4484445862643067,0.804816244607607,8.313560179094287e-10
be14c526,2.80607301807166,0.11570819137001408,0.1970356289182245,0.2863928961466529,0.32167661098384914,0.6684237519373809,1.576502977917163,0.37901841817000187,0.08800740382328384,0.07177157774010416,0.14090846717288963,0.1344445291970484,0.1312994274233703,0.17393750956602594,0.28586994976527724,0.0962097750317191,0.29596781019038676,0.4670011032178528,0.16303315988055106,0.4803200620871472,0.6298353777959615,0.035464149795778076,0.003124224345641288,1.5756571968850577,2.4673366488518534e-05,0.0008211076656168128,0.039390029589369296,0.003677708236302462,0.3359506803443301,0.08376246243911928,0.004244941384164566,0.014199176075226605,0.017047139476267445,0.0006499305855104585,0.0015311200163070533,1.6287678895943638,0.8339970718242885,0.9737808700125974,0.00036072314345223476,0.49991238959405443,5.186156722721771,0.5825701016543228,1.2287757338212644,7.474445400381756e-10
b43fb769,3.047281822409989,0.10459110731191534,0.18914580336816736,0.30482971687190397,0.3248582154731018,0.8202101232355725,0.9450273695015317,1.0526361274025562,0.10571701236353945,0.0729192213641828,0.12681305184192,0.11404104872964325,0.12074192780684939,0.17483803735009595,0.2718574449475568,0.09560987510246388,0.28948912774786806,0.52939014776538,0.16453375430183897,0.48518267664436454,0.7119163262303416,4.55348573880693e-06,0.10828924351949207,0.9448141180515591,8.401253319795217e-07,0.00021241132464058703,0.043997479627983255,0.0001185655573125789,1.0085200822172604,0.09804522467027799,0.007671787693261464,0.010541167283313215,0.019331478591400046,0.0014476037188770946,0.0015237459522925382,1.849160629236393,0.8415776249249934,0.980137375640129,0.0007704737922876476,0.5796898125470037,5.433721805162679,0.4514968289572498,1.5946247028251936,1.384502351624739e-09
f6868868,28.626180634553272,0.004248706783531453,0.2005158542118672,0.2811612081759185,-0.03946575923526984,13.97030198488671,0.5149361789156478,0.6564682858496795,12.69489911389056,-0.012638022699590525,0.0026515280654232426,0.022732614984761642,0.09119515308396639,0.24092473630314676,0.2694276732484885,0.12982814751938493,0.38386392367589817,0.32979155333247245,-0.00820710853684091,-0.07072440993369877,7.294242031009856,3.7959375739476666,2.8801223799291877,0.09801203196972134,0.2939371928102591,0.12298695413566735,0.05547758642762958,0.5264758686173345,0.07451483080471541,6.453451663426593,6.2414474504639665,0.033695830037735165,0.01618810874555163,0.000927543337853805,0.002398818524937784,1.500322123858811,0.8170858778660747,0.9828132856083194,0.0006696188958551493,0.5732710652846411,4.655491189199141,0.9401105296013972,1.510769888840685,7.05010984884112e-10
35c30cbd,4.609157045091395,0.103212800589358,0.2114934997007214,0.18806239009906922,0.33430270687653973,1.8601197048628648,1.321406672948422,0.7305800798671503,0.4910290445019532,0.07436523051126076,0.1555523784587296,0.07972079279808364,0.12606592529423505,0.20336226514807754,0.3050523086598516,0.10251056453661667,0.3054532390257882,0.15622336673480278,0.18914140243089997,0.47946401132217953,0.822444339426782,0.2742624375503786,0.7634129278857041,1.2420119985596227,0.005401216750046234,0.07399345763875279,0.005216066903313485,0.007813067907075895,0.717550945056761,0.48629862757045383,0.004730416931499403,0.016885404431187044,0.02883140339248729,0.002805893388063941,0.003570044329066547,1.8377285608620102,0.8048383050425789,0.9662319898322826,0.00031144927266448517,0.5493838002994491,5.1847289937439,0.7445619842459713,0.9122983974053722,1.649228779689371e-09
3f07e1ae,2.175900306826845,0.08797616807233427,0.19395722533933224,0.2850349234387841,0.32189867432267305,1.410241094343464,0.10100671965499816,0.47081731897776746,0.07551615017072137,0.021969960113594467,0.11920796161733344,0.1227505824860749,0.09145402465187072,0.18687174199485485,0.3035459093712712,0.08650467257948277,0.3040448161623723,0.4645552815744973,0.1613345360402919,0.4824628126050542,1.3730925865775379,2.157335583290368e-05,0.037126934410093265,0.04318123146289746,8.855189498205452e-05,0.05773693629711866,0.15291297554424993,0.005657678573128661,0.3122466648603889,0.06917357280352052,0.006342577367200852,0.0159479964522277,0.012225610259721548,0.0026384116297985677,0.0021492586737043265,1.8085132364608394,0.8155633287083375,0.9962087805732605,0.0006660380393227224,0.16486759005269397,5.322022879079123,0.4001403460197887,1.4502150500793896,4.340712922697899e-10
d5f1de7f,5.076832703910482,0.10484413564443473,0.23319050932220478,0.3603041912519038,0.3057084981666639,0.23538214829777196,1.250733584247371,3.143823008352834,0.25372490334406494,0.06445419674176053,0.12123632287020214,0.12884188732134155,0.0826932611592475,0.19621137826749208,0.4206668885398747,0.09532456007421042,0.3550341423096296,0.6305538713718714,0.1714373171932943,0.43997967914003344,0.2252538287410026,4.589208212305742e-06,0.010123730348557045,4.660903088035697e-05,0.00021404392777396163,1.2504729312887166,0.0466884660926813,0.2366532739792918,2.8604812682808607,0.24664387229260135,0.0070810310514635945,0.01652506231402073,0.006533906248650539,0.0016013390903571025,0.005263229132743915,1.246480271746929,0.8107378248432783,0.9644516811938463,0.00035715028772515835,0.6761666320831005,4.734040249945894,0.45343498778649,1.4877642083506717,7.754528580625905e-10
90532f15,8.669009243260476,0.0688523588940731,0.20875792744426172,0.27128710535245326,0.3446432973639215,5.186228291758281,2.9123640212369293,0.06371658725481445,0.1642968761141281,-0.0014027040796696665,0.09429849897682377,0.11366128178506518,0.14778866711173252,0.20829910182769043,0.2701860133933622,0.12668985856351853,0.3160921106961145,0.37107934679772675,0.1436093926654855,0.5456772020623575,4.831127853855529,0.17698978002447435,0.17811065787827834,2.893898412964753,0.018263443695996084,0.00020216457617996508,0.03184202568151969,0.029496435709598864,0.0023781258636958917,2.1903840009613276e-05,0.1642749722741185,0.03326433571221573,0.03285897468282353,0.001862626932690945,0.0010361279318487056,1.7098709241993366,0.8520822465670005,0.9748869152524318,8.993653907399733e-05,0.26719560443194124,5.195570054109455,1.0562197634175206,1.0890517773046227,8.245022222226057e-10
c1eca656,2.800095668491075,0.11778676130363497,0.18551991193671413,0.28422724196821986,0.31902958454893793,1.033657684565081,1.371492452564394,0.22594627282688928,0.0818365518782395,0.07611545929897041,0.1430825130664439,0.1341623115454906,0.12814806465802547,0.17449735853368295,0.2539143126184339,0.11768943479317481,0.2836101045066237,0.45138218660486107,0.16259667835283445,0.47546249074504143,0.9669269214698211,0.0634882645561779,0.003242498539081893,1.3713425001400519,2.807021681104365e-06,0.00014714540266091514,2.7615195943726765e-05,0.0001934241800986911,0.22572523345084688,0.08004964298224683,0.0017869088959926696,0.02926692145563582,0.009964084410564606,0.0005049562591506433,0.0011747569168752126,1.7770806075661005,0.8259563735612402,0.9633624810508614,0.0006559297628090769,0.5323556442502007,5.251460557750238,0.5924860555309731,1.3614391766766851,9.149130982100094e-10
9116066c,10.687837390055744,0.056066613484311356,0.09634786015175174,0.1584680068185279,0.3214573735121188,3.5154649802390505,4.319873128003168,2.336470755041649,0.09284964094438714,0.0638624755556754,0.08764012552316952,0.016697239374089165,0.10531796243376043,0.1818906442769826,0.0018349737445122253,0.11170647398113531,0.313544292524212,0.05015325395023639,0.16318242181234316,0.47973232521189435,0.20115487166665386,0.11970344660059296,3.194606661971804,0.31037044235823696,0.0003121895391823728,4.009190496105749,0.00014939686954327245,0.023024052063448756,2.313297306108657,0.08519991457343815,0.007649726370948989,0.013587903126266851,0.011770537566838973,0.0008392384384141539,0.0014731638013200338,1.9114546686422824,0.8385683280700869,0.9662355365956845,0.00035988241536057087,0.41526624990606203,4.901786972775235,0.419292257773867,1.0231691920538564,1.9871713134406637e-09
bb8e33b9,54.04670068316505,0.032525446918065935,0.2536284517998084,0.380132602893257,0.04768428826339466,38.384077436506004,2.3696656483502636,3.573940636294278,7.803682456683173,-0.09192035494130875,0.07030376553354088,0.11919293016196567,0.07119938843358829,0.22950780868971116,0.46017815827612585,0.10589223375718199,0.4648888400648284,0.5696167348577608,0.001502301135619279,0.09386627539117004,37.7698913092391,0.4778255839898441,0.13636054327706665,0.09446795780758369,0.1588664793160517,2.116331211226628,0.000612463208256941,1.9035994069015407,1.6697287661844804,4.982554085821699,2.8211283708614747,0.026820819191483943,0.03846837945576429,0.0018726000098959672,0.003704624665094615,1.8595147509256105,0.8158579766082298,0.9941778216025007,0.000373959137287732,0.21690463539088722,5.609673543780402,0.6706483264025714,1.7218547584000383,8.779979644842421e-10
23a7e9d4,15.482270422978889,0.07484489225054242,0.21469032842471036,0.3349254992277831,0.32147212846594786,13.044842352976916,0.4191683280581223,1.3602301457129697,0.04569598532326459,-0.033185451524746556,0.11355840000438512,0.1441617282719887,0.09814094989879155,0.21183631312968154,0.33409372224565803,0.10503409501895834,0.3790562380986283,0.5206861645657626,0.15621364253944175,0.4867306143924539,12.90182673123854,0.0872420854291777,0.05577353630919794,0.1326290155109611,0.03192650342386234,0.25461280912329887,0.0017632146281993887,0.46403083021837044,0.8944361008664,0.03546590252874803,0.010230082794516558,0.01681842011743972,0.01582448762078798,0.0009060434066089307,0.002134730730782777,1.5462953451398271,0.8289709622840016,0.9889544691611942,0.000999283599351828,0.5805821591933207,5.344297607126404,0.579658412506492,1.715394292424521,8.512360849071893e-10
6354d443,6.369655335138037,0.08636737392993181,0.21005547148695272,0.31589487333581373,0.31879741109340465,4.4317189832149095,1.0228805992384697,0.6212364718198929,0.02195917176226886,0.0006219155867628175,0.12214143471611077,0.13633877148692183,0.12163741418917448,0.20394716854932637,0.3045818317223573,0.1216579537249308,0.352986093657809,0.47304057262470145,0.15163541292454963,0.4859594092622597,4.42736918136419,2.5565403658342734e-05,0.004324236447061463,0.9954496204964737,0.0069741893557549095,0.020456789386241056,0.008762788488345526,0.22901856117791097,0.3834551221536364,0.0134190530935513,0.008540118668717556,0.010763366885018421,0.005283985883815914,0.0008540442884344265,0.0015929853743055652,1.956628501272246,0.8259471838408219,0.993127564414374,0.000529854969945186,0.2926466020941449,5.349532574366038,0.726100407873836,1.2355901103662832,7.03514809568746e-10
3aaac175,6.1633522476936555,0.07531531349429506,0.20535303313675968,0.3465054438114458,0.3207611254476032,2.5498899591488864,0.8018688511803881,2.4576694139313475,0.06930670779894339,0.06826067353038538,0.1189449439741781,0.03874032297832169,0.11207317513482118,0.15602311728767088,0.34796280698778703,0.09455141141045745,0.342524704472875,0.602440215551005,0.16077413989560163,0.4807481109996048,0.4099570772112021,1.9834840044786116e-05,2.1399130470976395,0.5452533476963,0.005061133462056559,0.2515543700220315,0.05331441429937765,0.1473483903275587,2.257006609304411,0.06466978753460119,0.004636920264342202,0.010375904611700603,0.011642063543538486,0.0023689598445143195,0.0029500601733199096,1.6576106874546923,0.808827040686394,0.9820247559496761,0.0008910626988826811,0.4184160963952731,5.552088463063533,0.4302196746383407,1.0754293311530256,1.1146366954004084e-09
7d88f1b5,6.815579300662462,0.08045260605658715,0.19679562954017635,0.282292955532499,0.3163016221915437,5.097209889644619,1.1491359786696278,0.24616752604172684,0.04311259307720275,-0.0027387268057150484,0.10949997442592664,0.13459657054954985,0.12446427542336111,0.1856751009774939,0.28024751221967403,0.09952148615879529,0.3019858038148937,0.445371576623808,0.15744516865946084,0.4751580757236265,5.094245626159765,0.002109169810377831,0.0008550936744760911,1.1488945319689927,1.5447154787205205e-05,0.00022599954584786558,0.02138859083424815,0.0034922453531672296,0.22128668985431146,0.04129488383289241,0.001817709244310333,0.010207559368490734,0.029587225205817195,0.0019144490320241445,0.001574494432489853,1.7939328268746466,0.8135827185784605,0.9671575767115543,0.000981874724780098,0.2746785521129934,5.23623590028722,0.6172112238157608,1.171174463831497,4.2513923542395436e-10
20e98f82,42.94818463917553,0.03318240220897467,0.24740046403627883,0.3817345923843112,-0.00814666328112991,24.32938258333744,2.2659401165539226,3.5755749301294224,11.274770647614117,-0.06151641208898849,0.06676421496401842,0.09429940375189408,0.06447926531468676,0.2812948669939469,0.3964272598002029,0.108498024516122,0.4335422485416228,0.6031635040951887,-0.008490353431786647,-0.007802973130473172,23.39331987244267,0.5477162248226772,0.3883464860720921,0.30176924628138463,1.1315126458686586,0.8326582244038796,7.995535197124144e-06,1.2716741461893935,2.303892788404832,6.478819444018436,4.795951203595681,0.010062008080155583,0.02029145254979102,0.003650418580386643,0.006661457075669232,1.4478294511578709,0.8015417102451042,0.9803067416934196,0.0006415865944470463,0.3661887899896935,5.018982206006146,0.6600122105356873,1.3267552126741589,6.048216495293755e-10
a2ba63d9,3.5888742927443817,0.11594267131314684,0.19394494019236505,0.3076983890274212,0.32426686434634133,0.8425315867166794,1.3462645889650395,1.1742142155723012,0.10222857561069401,0.0740164214735419,0.13755678186840647,0.13625481059749217,0.12776247987343664,0.17216574883424576,0.2819065918694127,0.09440553932738022,0.2907939640040327,0.5378956637508507,0.1642514813440199,0.48428224734866276,0.795045184914919,0.046693290032840805,0.0007931117689194902,1.3460139301506915,3.433344140848475e-06,0.00024722547020718824,0.05442687070117318,3.120066804848641e-05,1.1197561442030795,0.09514914423409418,0.007079431376599828,0.010000706752656074,0.022536876769318693,0.00042050248939764725,0.0015191496600169064,1.971683587377571,0.8408242875014065,0.9979821146693558,0.000850562623904514,0.6796605279782753,4.995027703840104,0.4613705166438421,1.6002042133172947,1.0285914268440783e-09
b2128df9,8.450643115026692,0.08720644109747551,0.23374978067765098,0.30543520396913665,0.3239740225394794,5.892966151312512,1.2550283682206325,0.8480361773888769,0.09868628437110744,-0.006780309334224747,0.11502540804414477,0.1533742245825065,0.11338702984482171,0.20431494620886936,0.3835473659792619,0.09645416922564648,0.32188864965654024,0.4979627930252232,0.1636504937195314,0.4842975513594274,5.892197809363249,1.1323594508406307e-05,0.0007570183547547597,0.6023916342594189,0.007814194077347889,0.6448225398838656,0.037041905898906144,0.046995415167884844,0.763998856322086,0.09076381985703043,0.007922464514077014,0.03953985176133728,0.007078120879710283,0.0013032787023575345,0.0031200723804593977,1.6677219094971232,0.8126482371201785,0.9845541547336802,0.0007884938979414413,0.1468820975476396,5.484778022909474,0.6406452958775166,0.9976056399322821,4.980340066577352e-10
0154a43a,22.819637822505605,0.022423784374229636,0.16551792224684114,0.20182285784240184,-0.022789003380924364,10.378234853056185,0.5412921931008193,0.3318336335083918,11.077269373377462,-0.003652079270401119,0.019339728516470672,0.051583703876619355,0.10375527798885822,0.1915334579571244,0.20126503079454078,0.138281925401334,0.23552114789877643,0.2316655002270951,-0.0028090833331641703,-0.04276892342868456,6.070794425057573,2.6657478007419666,1.6416926272566437,0.2686075864668013,0.009808993910461363,0.2628756127235566,0.16409896127583698,0.030243649793439277,0.1374910224391155,5.514073219408378,5.563196153969082,0.02005732840795248,0.02357569748783613,0.0023520182564799714,0.0010025740778225216,1.9946149235938375,0.8398889106471744,0.9881102341366895,0.0006594480931260917,0.34350349724415685,5.6216055773879186,0.9911337455251259,1.564170902475582,6.831521806674141e-10
16c82af3,1.5084459244494697,0.10473432332375045,0.15807885336471658,0.27463606864909856,0.3183193722294274,0.61023866658987,0.5416356957294435,0.18102735546782606,0.09103010522024603,0.07034448217613914,0.12682347141728986,0.11703501637782235,0.11034154910270254,0.14844327726492393,0.21545173372652332,0.10742691428777965,0.2726680718734945,0.4438132197860215,0.1637183946425933,0.4729203498162615,0.5348361339598644,3.0163562359779196e-07,0.07540223099438208,0.4786932979713998,0.027246734732399754,0.035695663025643865,9.512165802023539e-06,0.0003883869474969355,0.1806294563545271,0.090066327140219,0.0009637780800270271,0.010032843070946124,0.04126905300262208,0.0021228738618521673,0.0010541182501424197,1.5803149739835434,0.8384774593972084,0.9958530441123917,0.0007613319218445635,0.49441442256167156,4.391927678893099,0.4574683232679446,1.1854846975775817,9.16685754573297e-10
cf0d8a67,22.850932126443304,0.06310999926470728,0.22243683510119786,0.3179306082227223,0.3060088165588025,19.682829636923778,1.2769876296080764,1.0033130982287415,0.008001932712280422,-0.05263912717088956,0.10072977866521407,0.14123934629979734,0.12202795895076146,0.19990101140515093,0.3453815349476812,0.09292992339251582,0.35966866235082695,0.5011932389248241,0.14055173184077768,0.4714659012768273,19.672659849974593,0.01002759252991988,0.00014219441926432592,1.0172909065115192,0.001141748673767087,0.2585549744227903,0.07243968050104742,0.2770688032507559,0.6538046144769383,0.007087030149455735,0.000914902562824686,0.013528568593360085,0.005626449163859985,0.0010112804219245318,0.0021315264884071428,1.8973356932748657,0.8218427501223116,0.982058599609279,0.0009493137698733848,0.6964942586527433,4.8317082551734964,0.6106177481103859,1.289055811552133,4.4678499691267267e-10
1847c43f,3.272193182524625,0.12466601993103565,0.18419007671912746,0.29180070800561264,0.3224654416720174,1.5491904393957916,1.3282289392216164,0.2335935116487582,0.07187929912435215,0.07918176822764156,0.15537137620282454,0.13944491536264084,0.12747832002248483,0.18084101551815157,0.244250894616746,0.12401869706113505,0.3005425169661134,0.45084090998958953,0.1608256741060945,0.4841052092379403,1.248221105681563,0.24942090300657782,0.05154843070765083,1.3280807823173078,8.535109478136575e-06,0.00013962179483060906,0.013964175421524812,0.0027440461481564654,0.21688529007907692,0.06502037790244813,0.006858921221904018,0.01008701717857904,0.01283585866166532,0.0008738175103845716,0.001112472288360273,1.9228125335644448,0.8074294523642022,0.9966019018651674,0.0009324109538438095,0.2801757630299415,4.802620269229015,0.6652099384849774,1.353893396373207,1.234080899777608e-09
93295abe,5.953612806597805,0.12163383503192109,0.23382254539049233,0.34958618134427866,0.3163758937423431,1.1223705457883506,1.7153735754150152,2.853860403240179,0.0848932375855929,0.07324132869180303,0.16073893540513262,0.13092124099882757,0.12102270280131903,0.1892846153654389,0.39116031800471907,0.0929588835634719,0.3325505193083492,0.6232491411610148,0.16287897868320816,0.4698728088014781,0.7358205063730625,0.32135885713547385,0.06519118227981427,0.9583489450056586,1.1110925633651154e-05,0.757013519483723,0.0688310548862679,0.09212951669040365,2.6928998316635075,0.08267460179528482,0.002218635790308083,0.011931647718590484,0.007770772930476151,0.0005734039030459593,0.003290155160425113,1.4932644238392938,0.8199722652573972,0.9971104145709079,0.0006488946810136696,0.22466687199610058,4.979441879326498,0.4945223828719421,1.431633518421909,1.108340848194095e-09
25135c7a,3.598288904607601,0.06930446691475071,0.15916465319461212,0.2231217045280659,0.3197128218727429,2.447676967659755,0.46106464677358183,0.44853744163705134,0.09002260657739418,0.06702805355916897,0.10130522616451354,0.03958012102056965,0.10830711733344021,0.15797249153634024,0.21121435071405592,0.11107945698830145,0.2876806961058035,0.27060496049009275,0.16346711739525221,0.4759585263502336,0.34393747264825847,0.008092138256572397,2.095647356754924,0.40616962696640824,0.00215872803480983,0.05273629177236375,0.00016128895356531855,0.0006741618907257728,0.44770199079276024,0.08775408476276153,0.002268521814632651,0.033353123885495446,0.01019484870932623,0.0007965413006909157,0.001108484553163094,1.516927974940901,0.8356355554167301,0.9989378132389072,0.00033722153517154934,0.5153694229311937,5.2866855381585385,0.4145099590816863,1.0756788981539993,1.2262781562453347e-09
83dc527b,3.432917192401938,0.14226632564357464,0.17886399317294432,0.248326911449218,0.32650496183072175,2.034047709342486,0.912660774841209,0.27586667556205097,0.10926327977496944,0.07010327277883283,0.19288657160198563,0.16380913254990548,0.11693567201359498,0.2075454299600888,0.21211087754514918,0.12568534215470056,0.34080209583653437,0.27849329635641906,0.16458370618640544,0.488426217475038,0.5212826049734033,1.4342844455825468,0.07848065878653608,0.7553268741325057,0.02025477762851157,0.1370791230801918,0.023253358298407887,0.13698186372170185,0.11563145354194124,0.09844289231684579,0.010820387458123658,0.010036998290770243,0.01708224763923122,0.0006897269549549854,0.0016336147728200651,1.688462933067601,0.81008295916733,0.9832665988574085,0.00020495176917028807,0.6724032736240977,5.203569004663763,0.6213988231866873,1.7535166150212678,1.983997759034803e-09
0c1e86fb,1.4491392262925211,0.10699504586399916,0.19466383229126583,0.29424806648064744,0.3185029135188584,0.05563234380305252,1.0169204506731475,0.26730339395401725,0.056471957927541665,0.04987148630882347,0.1419074265923047,0.1292062246908693,0.12210397298235284,0.19208549144177645,0.26980203244966816,0.1283161075822204,0.303822054633052,0.4506060372266699,0.15936085103030667,0.47764497600741007,4.447806307124765e-06,0.04562868411867675,0.009999211878068646,1.016533750915346,2.1905179744707174e-05,0.0003647945780566431,0.0421843952363518,0.004802646667247935,0.22031635205041755,0.05389336355352899,0.0025785943740126707,0.010020643755091707,0.007865305764128973,0.0010024085778497474,0.0011613356120458284,1.958958069804167,0.8114085632112777,0.9922157568270928,0.0009999192076035905,0.6901680171399275,5.139949606173219,0.6809079017599682,1.2360678151696545,7.266473380650634e-10
8ba414cd,2.01099459233558,0.09962973856224444,0.17145544726901782,0.27801191123911156,0.3204169557919732,1.2911224538697161,0.3761064885458009,0.15186736685551866,0.09978764295210048,0.07051933094403734,0.13677761239001002,0.09159227235268597,0.10718961055929162,0.1549973203300159,0.25217941091774587,0.10502797060003201,0.2899568870757543,0.43905087604154835,0.16452126926257354,0.4763126423213729,0.546071466387383,0.010299594080045483,0.7347513934022877,0.3688550184406776,0.007243028828656042,8.441276467333708e-06,0.0005960613965195664,4.229665836092324e-05,0.15122900880063816,0.09775408826103252,0.0020335546910679567,0.017428548036427093,0.010836442332759148,0.0007294055590887949,0.0011958578179515444,1.9295041438201106,0.8068424182967271,0.9984690520568335,0.0005855964684823738,0.397639046228884,4.7435485754254385,0.4010474868469748,1.3494238195569785,6.337437688958207e-10
0838dc4f,26.792787492949362,0.025481275116732954,0.20635119971501495,0.27964454365308694,-0.08253504516013709,8.517867395859877,0.34214267784632213,0.38387433971729235,16.767059115137457,0.011872779569489806,-0.006335978383925977,0.07090702416463504,0.09413782779364588,0.23695351701677145,0.2879622543346275,0.13204534164293674,0.35822910238247674,0.34865918693384723,-0.05262091693109597,-0.1124491733891782,3.011361008290708,4.495402659501938,1.011103728067232,0.07252855873275577,0.24778239375513048,0.02183172535843592,0.08308616579069261,0.2997534347353595,0.0010347391912402632,9.448563129893678,7.318495985243779,0.012376608662528902,0.009650959941069124,0.00018093378627532486,0.0022722254838077197,1.8974883522670758,0.8381382811496145,0.9984444554120749,0.0009976807653569529,0.6997657986535406,4.944779087378011,0.9683977904103358,1.416679170716782,7.364871086245457e-10
7676e46a,3.4077539573361366,0.11947669526394383,0.18914064718290835,0.29734202942543325,0.31853134512153625,1.354517469086773,1.6691027446225273,0.23506036286921478,0.058434302346364035,0.07853463933769173,0.14647759742668476,0.13341784902745502,0.1326493636391478,0.18580028794554143,0.24897228996403578,0.12459668136373966,0.334017992116169,0.4334114147963911,0.15959468754145828,0.47746800270161416,1.1858685883095343,0.08077610277740972,0.08787277799982901,1.6686357837875334,1.459771919055889e-05,0.00045236311580327534,0.017009705904054227,0.09939830798662425,0.1186523489785363,0.05557762233035045,0.0028566800160135892,0.010104226745783805,0.0210074949481165,0.0010875831262317046,0.0010694648227891888,1.9407209472018399,0.8123830456868021,0.9964743162530798,0.0008631008946880522,0.43192397435204094,4.736385535022637,0.7358107596006419,1.3374417039443036,1.054873842813119e-09
2ac7ed9c,1.4138673910363764,0.10483857399967667,0.15768576461672798,0.27409234446768127,0.31771188891711943,0.7046931971610282,0.42615775332578665,0.11680700460555282,0.08822533190275905,0.07158992015506327,0.12688312079113323,0.11604268105283348,0.10679562044741547,0.15538416640117142,0.21087750700159702,0.1087301460616907,0.2820253229638644,0.4315215643774887,0.16344676100128785,0.471977016832951,0.6173863983925616,0.00019859411554904634,0.0871082046529176,0.35591786612793197,0.006346800568287989,0.06389308662956669,0.00016503532135946484,3.9248265511202665e-05,0.11660272101868216,0.08755480143574237,0.0006705304670166737,0.019678637057388662,0.013791572681279545,0.0030280801252275625,0.001031241430318001,1.9441013704966954,0.8808064056227416,0.9976691714741299,0.0009824581321906483,0.6505572434071707,4.828192792493541,0.4550689778796008,1.0862095287182851,8.079821409118019e-10
92fee2d5,17.141399699559283,0.031037584732140883,0.19986031511118915,0.2980926475481535,0.30132178384017083,15.2742451156742,0.8029399022214373,0.38483935501141575,0.025631214701286067,-0.035001974382056954,0.05222827454103003,0.07588645403744956,0.11737774784533203,0.20911039754679228,0.2730927999414431,0.12633631940765133,0.3601490886942275,0.4077925345425816,0.15470422694600378,0.44793934073433794,13.440983640735617,1.0318900460022293,0.8013714289363547,0.778148817871183,0.024776129853649857,1.4954496604485715e-05,0.02705010770324506,0.28385496667754256,0.07393428063062814,0.025427468337620836,0.00020374636366523243,0.010858045749297772,0.014031216167595537,0.0008700718355792318,0.0014319371899306225,1.56579558563242,0.812267724552169,0.9940220945073981,0.0009695176215678453,0.144524319088582,5.211690920816714,0.6989807116480707,1.3491797381314816,3.915636044466886e-10
493528a8,3.3003159203238295,0.1301153491166442,0.18887964659396164,0.2524968610582288,0.3277573609215681,1.9177562249298152,1.1299843704664487,0.08171910867988526,0.08566093933057654,0.07806112429733014,0.17406642789904192,0.1382184951535606,0.12339550760642269,0.19258245148285458,0.25066098069260767,0.11933253596353216,0.3012758260569387,0.3368822211542156,0.16115960617978473,0.4943551156633515,1.1414816659491664,0.716173304962494,0.06010125401815475,1.0873019953518366,8.23934416101214e-06,0.04267413577045116,0.0006491975131283972,0.005922335313930679,0.07514757585282618,0.06770723400724935,0.017953705323327202,0.01289850895122739,0.017294373990152368,0.0009338944221314082,0.0014801608093201785,1.8556522359782177,0.8150410606215435,0.9771902369404607,0.0009997916294940995,0.6993620700012697,4.951055113793613,0.6909254291291025,1.3538257033654497,1.551408096588921e-09
d5343f9a,4.919194080478693,0.06534099108306117,0.16090048757832917,0.26543863382050564,0.31834819022452454,3.7915847353974614,0.6218013226478039,0.17678208090962116,0.09626506856960491,0.06859894332210961,0.11383402406781304,0.013590005859260831,0.1126009256638271,0.1598736420865935,0.21022689498456698,0.1075600386432377,0.24542821341551135,0.4433276494027678,0.16429473574918269,0.47240164469986645,0.429219841096934,7.541630749077943e-05,3.362289477993037,0.5667773415477375,0.000593624669021299,0.05443035643104503,0.000252576218895199,0.006376815961488677,0.17015268872923728,0.09560925382625515,0.0006558147433497621,0.010968885993536182,0.03668695552053887,0.0012122619254866442,0.0011257261108345669,1.8252072759087579,0.8193053371453314,0.9949923854652333,0.0005811830788180948,0.18547279620027501,4.451087312057463,0.4057527960288147,0.9955423167027833,4.2038451164635063e-10
3b06b3b9,1.307682289210097,0.1141927750886238,0.1888589375962396,0.27306141924997607,0.32255855467725797,0.4547370510506574,0.5107807735631925,0.19418764483015116,0.09563098685925217,0.06903565224213339,0.13011077369815838,0.14343189932557968,0.11070538871906682,0.16484409611389397,0.29102732795575786,0.09760891565038167,0.28007974738993746,0.44149559470960914,0.16371824770439372,0.48139886165012225,0.45453482645652005,1.2733563935454629e-05,0.00018949103020191044,0.4966597099126532,7.401303877064834e-06,0.01411366234666228,0.02873342894029333,0.00021493797348895569,0.1652392779163689,0.09011985930053956,0.0055111275587126085,0.012989596916672348,0.00952290721878376,0.006773146206146713,0.001552859184270154,1.8488614378159,0.8061229850339883,0.9892993379189877,0.0009732729539084026,0.5708973461990973,4.720947033374774,0.43222165128730256,1.327736368129025,5.338918102168551e-10
4d0c3355,1.3375077168336968,0.10366714526604104,0.16199879734691705,0.27494549903173254,0.31863020699124417,0.6113872398642044,0.36356107705515367,0.1953675549355772,0.09030813897922885,0.07035380218672202,0.12271174913106009,0.11793588448034104,0.10601377415329541,0.1479406137250982,0.23204200416235748,0.10510102488914772,0.27264570834654567,0.44708976385950416,0.16363546040148888,0.47362495358099943,0.5356619615108231,2.9022920938328576e-06,0.07572237606128743,0.3315433891729014,0.029376076109667866,0.002641611772584455,0.0004676880249267346,0.00011551897297646979,0.19478434793767402,0.08928418035032507,0.0010239586289037773,0.021093555495332435,0.010575098653279748,0.00810070542678291,0.0011535925493805362,1.575109236349771,0.8102401519100423,0.997332660812515,0.0008034207805333755,0.25107690820339895,4.488332664206392,0.45046453478480875,1.1555212720520367,6.065732808326046e-10
2e47427c,4.9937019646320575,0.0657257576440519,0.15247607987713152,0.24770343042387943,0.31664443687890625,3.816878625349122,0.8409771618285264,0.020048579441705842,0.08949010215314818,0.07032738851543166,0.11156230960127977,0.015287574815444275,0.11464620483718163,0.1538865259133705,0.18889550888084244,0.1094152906056679,0.2460924582206429,0.38760254244532755,0.16356541231321656,0.469723461444596,0.5336925177048593,0.0014668626856451385,3.281719244958617,0.6525823866817237,0.011289836035459765,0.177104939111343,1.2585258672160464e-06,0.008852491143062254,0.01119482977277637,0.08869123143053131,0.000798870722616856,0.010551687661731231,0.02233284755803412,0.00982933462106946,0.0010002088636727141,1.9558791386918473,0.8368924709634319,0.9989867047135146,0.00048264535039428983,0.5834406641110722,4.15967926216645,0.433585298859375,0.8842015503453494,4.1181677372687643e-10
d672f862,7.232941101854565,0.058995472376933505,0.19515626017192578,0.2945521069596884,0.30758979066621595,5.04206061429738,1.5989660182125602,0.26367460744658633,0.01312065612306065,0.0031756174414098413,0.0524864961388216,0.12132430355056907,0.13087642119151868,0.20437897054146836,0.2502133887827903,0.10863367957245777,0.3326157171512135,0.442406924155394,0.1517433414091529,0.463436239923279,3.9725439569733814,1.0193260253587557,0.050190631965243565,1.5575778243786607,0.007511511719647075,0.03387668211425235,1.0229026947121057e-05,0.09562906972727832,0.1680353086923609,0.01292769820376306,0.00019295791929758955,0.01001669570638008,0.026042590663005027,0.007805103728634741,0.0017836302690989656,1.9715013225589162,0.8108450789579287,0.9910968217010726,0.0004885059433713524,0.34069553261929786,4.954061580881607,0.6627107230548699,1.2016127180036609,2.3801951474242106e-10
0d562810,21.30515326054313,0.007733098526910728,0.19788254384442616,0.2594591638638521,-0.0026056282842287816,11.459957073142425,0.6278458218826304,0.1381574999815682,8.487113332323814,0.02348462657153493,-0.043937708877002116,0.04365237788619937,0.10664240781093101,0.19763811982056434,0.2893671039017831,0.10504585713566537,0.3350313015470092,0.33830033290888173,0.042838634479832896,-0.04804989104829046,1.4946392516911682,8.035689794643531,1.9296280268077244,0.3516716610582642,0.0013839058758641555,0.27479025494850196,0.0024219952871994154,0.10626320805989496,0.029472296634473823,2.715202321400543,5.7719110109232705,0.038848302972970296,0.023611216575663986,0.006796654450236076,0.001845200357589324,1.5827263563025729,0.8048262223690941,0.9869141351460808,0.0005253182128668779,0.6823848409763411,4.7211952118416765,0.9115774682387136,1.1371143184651873,1.8601810241827277e-10
bf8b545f,5.515696270360376,0.07225978874232991,0.18170983748879252,0.2661331691222479,0.3154409271657106,4.377800221655188,0.7900202264941363,0.034219706470366484,0.08309486696419367,0.0014427086116095666,0.09670704258005236,0.11862961503532782,0.11680270189370404,0.20014828241095628,0.2281785281617172,0.11700510073719533,0.27656741549684505,0.40482699113270315,0.1629142141396135,0.4679676401918077,4.282648693485867,0.03219467494893701,0.062956853220384,0.7491700267270951,0.0026561723534868683,0.03819402741355421,1.6942563578741612e-07,4.708192689567681e-05,0.034172455117835024,0.08276813763580174,0.0003267293283919323,0.02897589115027254,0.016089921055789165,0.007215879249252276,0.0010116573978215184,1.9569205516120762,0.8113376337967906,0.9907837717126609,0.0009283533585216823,0.6789710444442393,4.911287676641382,0.4480843629965511,1.7097359759980653,2.9459849555055075e-10
16453b46,2.7670798717913887,0.10218813996695413,0.2082177238271776,0.2891526423327225,0.3207010018964271,0.8052603836498483,1.3144599606787528,0.4359130403830389,0.08947369516001184,0.028506148008635435,0.1277896870964239,0.15026858479580305,0.12673383525661258,0.18860913480487126,0.30931020142004895,0.0942331994807494,0.303754890490319,0.469469837027099,0.16335186713735772,0.47805013665549645,0.7906387945415578,0.014345418092593208,0.0002761710156972772,1.2829645470152031,0.00013235523837099074,0.031363058425178704,0.056183647900453666,0.006588303708197555,0.3731410887743877,0.08673853242127717,0.0027351627387346717,0.010011367901418268,0.01231547042074751,0.005610851162493371,0.001540979192780094,1.991697028995027,0.8012990836260955,0.9894533514621617,0.0009855027408040937,0.4946090997373017,4.547223805212909,0.4535130270359411,1.558645169426046,5.116203950945173e-10
2d037e73,1.633496329482719,0.10419943636261274,0.16065204935592167,0.27212629092801527,0.3188234090296306,0.7505277706849752,0.568129836961971,0.13752903434311511,0.08928290022381383,0.07143626865911146,0.1306157367935498,0.11054630363517694,0.11160067759562171,0.15183440490097933,0.218521065571164,0.10784702084411758,0.2730429735707828,0.4354888783691454,0.1634895675312306,0.4741572505280306,0.606790625581469,0.00021110361843342123,0.14352604148507275,0.5266339989096975,0.015133210387309103,0.026362627664964357,2.1045536181306954e-05,0.0005270524052717805,0.13698093640166203,0.08796705441460174,0.0013158458092120886,0.034362788538474756,0.005940857928182543,0.0015454021296803816,0.0010014345152124131,1.701520780022223,0.8295531858200368,0.9964408228376119,0.0009645778902300342,0.42621630436244123,4.134831933958322,0.4887572871244591,1.126002737443376,9.587885863262598e-10
e0abebbe,3.5862964281399243,0.12721359692275835,0.17667063581440065,0.2938384886158008,0.32392399362491475,1.751017030171002,1.4774596706718381,0.192815359824138,0.06964408770796492,0.08069119395080845,0.15476259197590897,0.1461870048415576,0.12763026020146537,0.17872936359746633,0.2236522836442703,0.12166094102580227,0.3223862615238571,0.43746826329774313,0.16006474601300236,0.48778324123682715,1.4002471846895355,0.28576069298712675,0.06500915249433967,1.3517053832671668,2.33570639814967e-06,0.12575195169827327,0.005150170310271858,0.04841228064451883,0.13925290886934732,0.059340491980972,0.01030359572699291,0.010352919986993303,0.008708186012133452,0.00707607673802363,0.0010064582076328515,1.9287880141486775,0.8195790843249471,0.9946327436226766,0.0007309880002340845,0.40823617948006374,4.693998590504862,0.7812729654756702,1.3924298888784299,1.3434955379070446e-09
0fdfb714,3.941767673866051,0.07640646717663883,0.1458611150501021,0.29781397990493547,0.31806228078923726,2.1069019549649255,0.74378803793272,0.8000618032550416,0.08410040722948309,0.06895121476276844,0.10858424298947558,0.05168394377767249,0.11032497421838547,0.14421936180840683,0.183039009123514,0.10202138739574074,0.27889925915862435,0.5125212931604413,0.1626094008024589,0.4735151607760157,0.4497341105676903,5.732112763213689e-05,1.6571105232696033,0.47802743058022323,0.04848600895188291,0.21727459840061386,0.006712006610531272,3.602900983990769e-05,0.7933137676346704,0.08005841326164198,0.0040419939678411065,0.09038648699320136,0.01836532393119858,0.0036262386869551854,0.0015097613231510579,1.160600917512343,0.8020750303852471,0.9875241099808526,0.000876107593925087,0.3031765652386305,4.365621767548916,0.6111714500447648,0.6697798578073331,7.251461721348181e-10
1a73e237,5.63687574234984,0.05565691335567465,0.19800764500743542,0.26196834325609264,0.2724429017868021,4.786722108781437,0.4342627131529956,0.11273715720755523,0.0700586636588338,0.006789412928401181,0.0464476706506287,0.11373365648799406,0.10803907602289758,0.20970853705692485,0.27627532194248383,0.12493472092098223,0.3281472048664371,0.33282310398085857,0.14877434128253003,0.3961114622910741,3.382303702617392,1.2972728209868543,0.10714558517719106,0.40450045104962196,0.028091877333542493,0.0016703847698311116,0.018605203161891244,0.09150445967860038,0.0026274943670636063,0.013784390835596554,0.05627427282323724,0.014707230755525503,0.005092604446146764,0.005041409174569732,0.0011454177538618674,1.87093256928061,0.8106691593985226,0.9975278660751241,0.0007721904087162464,0.48205278135597585,4.453419619430113,0.5453706385489415,1.9137723301846234,3.532528385771399e-10
bc5f12d2,12.601077247427312,0.04036996333748315,0.06959918940350106,0.16311152232930817,0.3189098620190346,5.1919288669019705,5.081737426933974,1.819948151890551,0.08599561431730955,0.06295805401950028,0.04873671517597974,0.00941512081696942,0.10545602958662004,0.08613821984756577,0.017203318776317356,0.10923906724864563,0.3050027989459003,0.07509270079337854,0.16305944149165424,0.474760282546415,0.16725734611481796,1.427615558107019,3.597055962680134,0.3146136988231478,1.2616493533761635,3.5054743747346624,0.00011273559498059542,0.007050265506114817,1.8127851507894555,0.08411038010229127,0.0018852342150182761,0.012364319174215254,0.012586219959713593,0.0037138819553216304,0.0013174751645690704,1.6206199354613562,0.860078036542153,0.9987964600123729,0.0009715916954730847,0.6904108167673841,4.071961561122236,0.4159631641498367,0.8935615498470831,1.6430709894969824e-09
cebb3a78,4.044460399548007,0.1398750069977154,0.18553902296699723,0.2750215223223868,0.33270216977337214,2.0974904509693935,1.608532421288205,0.1626378342228248,0.08752460229956839,0.0809384977775155,0.16780359018713692,0.17088293302849378,0.13104729049268166,0.18686854551313997,0.23870123289517003,0.11941677676752542,0.3420197125860247,0.36362807761361027,0.1587516426657802,0.506652696880964,1.4266913256060616,0.5678917479702763,0.10290737739305535,1.559934354829989,7.391290826553296e-06,0.04859067516738947,0.0008426716408837524,0.144312180473271,0.017482982108670053,0.04973540371501681,0.037789198584551584,0.014374358508972576,0.007190294705914689,0.007858137765888827,0.0010626737711397407,1.9536962645640086,0.8001234223900998,0.9945837701767865,0.000684173167811941,0.2823424565282865,4.454077292294804,0.8439547880169668,1.3969439155197536,1.4806811746130628e-09
e96d8995,29.024999012803345,0.033076732549564836,0.22078475831700892,0.28037238149499094,0.27361573129036637,25.115788555538746,2.4985766232430007,0.30194250063027794,0.0502044916933128,-0.06337039050832849,0.06666312952824413,0.09593745862877887,0.13953340966065286,0.23663230404686914,0.2861885612435048,0.13315752372149983,0.3411021542085012,0.36685746655497176,0.15084319534878046,0.3963882672319523,24.05375231915493,0.6343630290747939,0.4276732073090222,2.2381113545351035,0.2380148280090061,0.022450440698891374,0.09028696644468051,0.13855962656378368,0.07309590762181377,0.009857824225742759,0.04034666746757004,0.022693978207384276,0.014664568183222607,0.005681264274662074,0.0011994845736397646,1.9359020560681024,0.8079151990172405,0.998924572715066,0.0008276050580178718,0.18676236971449262,4.205879922088355,0.942320513521327,1.4028309796548475,8.331752513668245e-10
00e53900,39.27576342562049,0.011169350128352356,0.20420597544159905,0.24830282663807735,-0.11989224980878123,15.766512634534067,0.48998787300844115,0.1713995966183109,21.81234120044247,-0.02323481671859737,0.0011011262555481773,0.05564174084810626,0.1045252571579498,0.23304715364602155,0.2750455155208258,0.11972300770779253,0.3432487896361268,0.2819366825703126,-0.09378211529189673,-0.14600238432566573,10.363311419624797,3.9213539704786067,1.481847244430664,0.2936353852478388,0.1960180208942263,0.00033446686637605397,0.011277539176027798,0.15256841581859876,0.007553641623684329,13.547011405472965,8.265329794969507,0.022101158971931472,0.006802775872031985,0.004041512795053601,0.0018600825564552728,1.515886091598782,0.8035447121639652,0.9969313949675929,0.0008880979901285448,0.4271829224546454,4.549707934782494,0.8866884095736549,1.3735209640815755,4.79861869917636e-10
7d4808be,2.2219730424480777,0.11502466960483249,0.18309289870146342,0.2896851176933589,0.3227530827204883,0.7731246193291412,0.650251252256222,0.6276387589580714,0.08120180180969416,0.07283420429211618,0.14256630510303098,0.12967349941935027,0.11457922615823313,0.17532475253625696,0.25937471740990015,0.09787340620525381,0.2756568011173761,0.4955251457574468,0.16185160387802117,0.4836545615629555,0.7056729877304008,0.04465596107820366,0.022795670520536798,0.6494104887735683,1.2107758269160696e-06,0.0008395527068268151,0.02703385162183064,0.0002743074239901661,0.6003305999122506,0.07352007889614372,0.007681722913550447,0.03641158411912954,0.016295697215495137,0.00803958960998905,0.001506289337742747,1.874450862863034,0.8009522214581082,0.9989416402000534,0.000521810543853312,0.4235485922726153,4.068821868485963,0.5534805288122748,0.9584114024576189,7.314977264097496e-10
49bf8bf8,271.36872253717684,0.456047429781884,0.4634326077616875,0.47569301689461724,0.25359630786563814,198.08864435499058,46.32704936405968,18.933066680869167,0.925701133823374,0.07204888598434894,0.21312941327628449,1.0829639900850185,0.11942729857535235,0.1899788231271804,1.0808917015825297,0.11815751851416997,0.29249914539555333,1.0164223867741284,0.15530753148666354,0.35188508424461273,0.6494975665454279,2.4470284749383886,194.99211831350675,0.8761272698823842,0.08034694426607844,45.370575149911225,5.227141282606821e-06,0.0010593497008789554,18.932002104027006,0.028579295456839536,0.8971218383665345,0.03457185111439753,0.009904990555551418,0.0021562907188557405,0.0013604704571014716,1.994967683945852,0.8011686213714089,0.9971906804667757,0.0007251611708564832,0.4636830773933152,4.9198750838597185,0.9564304328058826,1.3258541553914274,2.7292535362874764e-09
37dfbfe8,1.6248989325012093,0.10572737543520949,0.19330196411972753,0.26457322576369335,0.3138673716259311,0.048681219033135235,1.4367855788282708,0.061251986235224314,0.013495353498518237,0.05809855628843233,0.1279844436051052,0.13109912641209093,0.129187067222442,0.19115654437853732,0.2595622807582032,0.10181535937283089,0.2767927988309559,0.41511151908729327,0.13896346911788904,0.48877127413397314,0.04022250858810736,7.010246768327617e-05,0.008388607977344599,1.4360424444808455,0.000134350378052099,0.0006087839693732248,0.007761157053531328,0.00130349658608489,0.052187332595608094,0.002230559204747935,0.011264794293770301,0.06319985160261653,0.005349880519433937,0.012689616032319892,0.0014429108655674495,1.9444718596250339,0.8085155423987148,0.9919770776612566,0.0008956981000644825,0.5090273152805342,4.179894356679407,0.7482371012583229,0.8634276153233659,5.153351240162008e-10
19d2367f,6.536623655279914,0.076265489789285,0.23715314817464306,0.23412918138085378,0.3145505915348117,2.920645358811487,2.085445760469421,1.2124181878276676,0.0646478950373287,0.06726999858758831,0.13238402155906415,0.029142449221202536,0.11910504312762452,0.17300673263995098,0.41934766875635365,0.1063931894920753,0.3481251779244242,0.24786917672606185,0.1599383439862057,0.4691628390834176,0.356492086042558,0.001962210178012932,2.5621910625909163,0.85998096402192,3.2753892339742574e-05,1.2254320425551615,5.763747583978751e-05,0.18421220525255483,1.028148345099273,0.05880782051580569,0.005840074521523018,0.016750179951978677,0.013045513892677186,0.00583331065984601,0.004158727996651698,1.9229234820678192,0.8006271378542388,0.9947389292906358,0.0007835709419490274,0.4528402121456102,4.476374572313063,0.5126076863957932,1.038858488718924,1.6570734082606795e-09
ae90123a,6.83325844782453,0.05551581638458453,0.11211102101399543,0.25375834515444806,0.3209476968328576,3.7940966105338902,2.6107399917188396,0.055082369013464916,0.08875563618088236,0.0656989725862978,0.08789792725175212,0.012950549315703693,0.11374102364592673,0.13957270552579532,0.08301933387026428,0.10662711035062078,0.2891526294868235,0.36549529562589994,0.16314318175212214,0.4787522119135931,0.27929663591806386,0.11681666416352963,3.3979833104522967,0.6139807176766743,0.07613379322800523,1.9206254808141603,0.00042377689452610207,0.001574135979620056,0.05308445613931876,0.08486197091683634,0.0038936652640460204,0.1044480189588946,0.025757284097121035,0.020739947050118793,0.001564573388185843,1.295965259868239,0.8120751009279651,0.9911498553702147,0.0004789684776111059,0.5717734330305587,4.080875411096107,0.4516911748435949,0.7898718332804757,7.027652489812759e-10
8d35a40c,12.666466028004955,0.03508429731972149,0.0880682142525613,0.1368719865470928,0.31221414953561344,5.907027267365515,3.3773058518808186,2.8586985239042186,0.09056409787529032,0.06560280940776302,0.026372338972042275,0.013277743579359198,0.09912223495689715,0.13511247167396323,0.029969936126823544,0.10624058148113001,0.2800335624475865,0.02434181571256181,0.16355063996611552,0.4608776591051113,0.27479114469912413,2.2521362890380194,3.380099833628371,0.15244838487403567,0.10975259579595792,3.115104871210825,5.534980764564717e-05,0.0012771824248154191,2.8573659916717578,0.08859655375645584,0.001967544118834488,0.026471962457272007,0.007645438693276972,0.014564060068925199,0.0010344287716525223,1.7565899725982943,0.8096197084047332,0.9874669297458499,0.000568511099261579,0.5739944913539006,4.4070064532914115,0.464695750137067,0.602297765658764,3.6510852081934123e-10
a9ac9bdc,5.218281647527015,0.06522325462460406,0.12078857100679014,0.18749797297021142,0.29714837638811775,3.4199420045357836,1.1985359267619748,0.26279427741257405,0.11899822336799155,0.07914068533585475,0.059402707177364664,0.057126371360592766,0.1022007314247972,0.12348188660907358,0.1366830949864996,0.10802715636072766,0.2437301794558516,0.21073658309405502,0.12073850363665956,0.4735582491395759,1.2442393531291729,0.7774327652119788,1.3982698861946317,0.2298304725441263,0.22997938362285036,0.7387260705949983,0.004345483050229155,0.01953940163793397,0.23890939272441095,0.11360252353027919,0.005395699837712366,0.05639257689703666,0.03238108388539848,0.009335238656208649,0.0012311476978110222,1.455240724272172,0.8056806743234499,0.9958490666463589,0.0008113950580710286,0.43779559812946545,4.64139778178109,0.9026250093618934,0.5345474961947755,1.2943403538788168e-09
c9dfcba0,2.3300379562128826,0.09324931212826898,0.1904441471837205,0.2591227582768508,0.30623013619488715,0.07961840013392191,2.088003905450021,0.034578325846199735,0.03267703397008953,0.04448532855347005,0.11083090057956263,0.12443170725177426,0.13834778842487405,0.19114861599227445,0.241836037134013,0.1257770609800285,0.2715602227284767,0.38003099112204713,0.1312483325173818,0.4812119398723925,0.05214703515536679,8.90643618232673e-05,0.02738230061673185,2.086815696542807,4.001190072147323e-05,0.0011481970064923439,0.025559730698496194,0.0014967245317594729,0.0075218706159440665,0.027849244197462722,0.004827789772626807,0.032643218095075976,0.014420562926289026,0.011011362108804651,0.0011867617247099495,1.9336331499986146,0.8035786904094486,0.9924315930447067,0.0005570654839262154,0.26548309416275945,4.144221002607852,0.839923581176437,0.8446726122427638,4.4210183425519697e-10
077f5c00,3.859002713104986,0.11513749064377676,0.19671857012093144,0.2803985692143012,0.3200167461291341,1.9104900837021088,1.717962393135942,0.10491625204886182,0.02172907478923193,0.08375826640544023,0.13367308720074056,0.1279811183251495,0.1332035121201,0.19349186304820126,0.26346033519449313,0.12644375314678924,0.30178378096686775,0.41296817352924653,0.15072893200650905,0.48930456025175917,1.734863992462044,0.06073413961030425,0.1148919516297606,1.706411323130986,4.964211267373691e-06,0.011546105793688588,0.027923138711406018,0.002986335734087766,0.07400677760336803,0.009507317668740377,0.012221757120491552,0.04445623870648535,0.013634650142999548,0.0026401783738553646,0.0011536686950699027,1.667400801759058,0.8023342347064849,0.9982699771015184,0.0009035765321302596,0.41416484047618773,4.417836053122557,0.8284983792910171,1.0756763428907707,1.0794035572359325e-09
3b38615e,9.77620854546481,0.04885528524001529,0.21334685049209165,0.31930722997964783,0.2906123577905813,7.357204059998941,0.4537284155718607,1.5198970134605878,0.025128912347891576,-0.008126907129317967,0.06958498415157713,0.08510777869778673,0.07945570724745174,0.2011708135846808,0.35941403064414235,0.09452078992973534,0.3047306128405831,0.5586702871686251,0.14951789714738417,0.43170681843377845,6.24881773002653,0.5373927137608929,0.5709936162115186,0.005640947745822395,0.002866271926580351,0.44522119589945797,0.05384675900653307,0.017704060660064202,1.4483461937939905,0.021414104998806586,0.003714807349084992,0.10203994172335228,0.019481251565554435,0.01130253572035123,0.004108779769555772,1.709525229933233,0.8008876608375429,0.9989581291206473,0.00024511751710869445,0.4109581742703805,4.693283758579392,0.5020155765486032,1.0125515862853343,1.592181692822435e-10
5b3f7108,6.346963555306611,0.07078478502455866,0.23651436021969774,0.3469952160464476,0.31411489906883466,2.4588219024412785,1.3277072384268906,2.2373826734324735,0.042035600813106144,0.07311777630441851,0.07972252454667672,0.05951405422258078,0.11030193585961336,0.20269596821340902,0.3965451765860709,0.10150675114697741,0.3469172910310999,0.5925616059612655,0.15685404386092516,0.47137575427674416,0.726616098842256,0.4244793412378999,1.3077264623611224,0.47758690870855375,0.00814084167090045,0.8419794880474365,0.008748365953908908,0.17609902175701855,2.052535285721546,0.03796660782344066,0.004068992989665485,0.03782693039024994,0.010556923373295491,0.020226641057999362,0.004641592819675884,1.9066994577190297,0.8188646377394332,0.9938768479349078,0.0009934686706598078,0.1104592726490885,4.3248414021988,0.503149889390585,0.7851967767564901,6.580908431027807e-10
3eb60912,3.464923270139945,0.08091381771240393,0.16350975346631189,0.27400847083450014,0.3215345221527477,2.359932503995541,0.4325982258947869,0.40437964954922173,0.09284980371650983,0.06811652785924127,0.12977040736405698,0.04485451791391353,0.1074300685978226,0.16915713362905657,0.21394205817205647,0.10150861494469224,0.24772242326742222,0.47279437429138593,0.16358029296567367,0.4794887513398218,0.4019870940518434,1.778125191047793e-05,1.9579276286917873,0.3768883870757739,2.3432521222409355e-05,0.05568640629779063,0.008409335635811392,0.00889740779529986,0.3870729061181105,0.08888371787255848,0.003966085843951353,0.06683002159750029,0.012160832641894787,0.012341343189719432,0.0013183855988413505,1.9940920712761714,0.8063227895944419,0.9989999850091275,0.0009949357411383158,0.49334418944656344,4.248890391775134,0.40477251557993377,1.1159866813531685,4.377113590044082e-10
54dd955a,3.7147713206123143,0.09287029722689187,0.2148895450627509,0.2259317967378672,0.33619217506746724,0.21643633129662954,2.77093355865748,0.01655753767693842,0.5742449031059984,0.045755861234556064,0.12339718944390629,0.10945784100221323,0.1395751048073992,0.2588209649531134,0.24627256542774,0.11218465603142903,0.2843459991026874,0.28126473507948524,0.18073017754107248,0.491654172593862,0.025485744017962705,0.032384292534347235,0.1585662947443196,2.185337798073643,0.5831938049890857,0.002401955594751654,7.149455622169598e-05,0.00033588482483976555,0.016150158295876956,0.5444291501293854,0.029815752976612972,0.026390800422304038,0.02363875428828181,0.018925771089442975,0.0023825819516365317,1.4694818227244155,0.805920618187409,0.9867417899397816,0.0008542578440244253,0.4456906321595762,4.008822418531673,1.1571186003687677,0.7911792876773569,9.821449257382616e-10
5abc10de,4.574557175332329,0.0825290040440066,0.11925732738682444,0.17722096956087774,0.324324202570774,0.9577911731064198,2.2819039884062366,1.0426125834199729,0.09546563616196435,0.06440597611310823,0.094292189404106,0.08888884661480558,0.10570246602203773,0.1680703328728569,0.08399918326557879,0.11265083123733134,0.28879410409655604,0.1302179733487459,0.1634528021170175,0.4851956030245305,0.22272244215815862,0.1278134114241679,0.6072553195240933,0.3224571124377208,4.807984371018559e-05,1.9593987961248058,7.091881297095652e-06,0.0008551734060526106,1.041750318132623,0.08760846741933051,0.007857168742633843,0.01853327652261881,0.0050040432020930945,0.007572123518414403,0.0010494506559286282,1.997839149707953,0.8227276115158548,0.9974427654099731,0.0008949589732422037,0.293856924535727,4.252386084296528,0.45921432311892085,1.3371084166993168,2.7030236931526092e-09
4b35f428,2.811867692626782,0.10220310706816967,0.18079076972107463,0.2500995611629807,0.3147806388204798,0.7959672009371125,1.8708427490022108,0.012562569295130928,0.02039324696554961,0.07181832273554564,0.12605081219609027,0.10874018627287307,0.1354178116943802,0.17158715767314567,0.235367339795698,0.11013987338187156,0.25529024572857467,0.3848685643784959,0.15308735959460268,0.4764739180463569,0.6337035334415811,2.870509244516353e-05,0.16223496240308616,1.8681485613087556,2.662319670817528e-05,0.002667564496747057,0.00011215185554020203,3.107610808920951e-05,0.012419341331501516,0.018001990510810112,0.0023912564547394987,0.0374217179553677,0.005174795649422042,0.011974008816608255,0.001052980194200478,1.9956671183157755,0.8252115345521568,0.9947930749785611,0.0009408470341709417,0.2224411469905488,4.424179100903464,0.7073743738698596,0.7877163137129417,4.2187301701518263e-10
6addae21,8.93001379296422,0.04697789870066732,0.2112817785643666,0.2906111538381036,0.21062917658155667,6.84298992230325,0.8515933533245735,0.23636610561707597,0.6316023582152565,-0.00386869514800918,0.05175253932933029,0.09304985192068085,0.1144784676413567,0.22541102332921695,0.2939558447225262,0.12143381412559684,0.3484590926764899,0.4019405547122241,0.14827118431729847,0.27298716884581486,5.387781901507211,1.0449332245575564,0.41027479623848273,0.6449015761573622,0.13235375223663554,0.07433802493057572,0.004648801189011287,0.19155524823200326,0.040162056196061426,0.012475838198839777,0.6191265200164167,0.026022476055027225,0.013987589362266113,0.0032037116882927515,0.00136331105227087,1.9999110381846334,0.8069627989433812,0.9908605482937631,0.0006203045346504703,0.69935406339315,4.219492150069759,0.7343380431071448,1.5318670572428057,4.262498884280713e-10
0b143f52,17.138872869842526,0.022798099866100433,0.1913909181339217,0.26052108515817496,0.16315083677923659,13.513759525275221,1.3707920588156792,0.06367489794307457,1.6071150712134838,-0.02289843844196426,0.02336142466921235,0.06793131337105321,0.1275909302453138,0.20760789972460036,0.23897392443185095,0.12946685712153216,0.30827468559854415,0.3438217127544486,0.146533185719329,0.17976848783914418,9.805145727412725,2.6717994689462192,1.0368143289162777,1.3418810433911967,0.028159831128060017,0.0007511842964225333,0.051716413448965576,0.011654943498027285,0.0003035409960817103,0.008774439280398715,1.598340631933085,0.05067430176614076,0.01826969212227749,0.004893165891944618,0.0010539779083518755,1.6483486111843355,0.8033868762082641,0.9986363092988834,0.0004270196325310496,0.59182638088192,3.8540851058750016,0.9839202025482725,1.267576668250769,5.259750689458463e-10
83085ee6,5.84293259162659,0.10867685926457686,0.25629515172112255,0.35276562276567686,0.3203239497812214,0.04613796119101858,2.298345719786278,2.898315321965906,0.4040620020329822,0.045403577144621926,0.13720695520771736,0.14342004544139125,0.10475511480988278,0.20939262764504302,0.4547377127084419,0.10068416495535744,0.32962537199206926,0.627987331349604,0.18457108967974134,0.4560768098827015,0.025817974090333144,0.020125881849836717,0.00019410525084871623,0.2934303045371614,0.022174889172607154,1.9827405260765092,0.01185293767206427,0.08217719896618637,2.8042851853276556,0.4035618507738655,0.0005001512591166618,0.020588045648863518,0.005827130379850158,0.017707650547163657,0.003977315817504148,1.7892517705237,0.8038062518226705,0.998551378391822,0.0007631823204334273,0.12550084960064253,4.34260766527604,0.5930915661533303,1.009026440293826,6.185287762819125e-10
abdb7a38,2.2626355290187883,0.0897600054094269,0.18617232076266435,0.2931699722411207,0.31849335078452257,0.4685943111183092,1.4677569676508448,0.20595854292156635,0.02846166952007968,0.05263597183779668,0.1163747828896557,0.1002692615008283,0.12967533521349295,0.18166394751606163,0.24717767955843845,0.12491266178168384,0.31364966641060593,0.44094758853107224,0.15402430036842157,0.4829624012006235,0.00022311619291935468,0.05357323877328125,0.41479795615210857,1.467629585569814,1.4064911215810874e-05,0.00011331716981495643,0.018548970220173225,0.022296350682547057,0.16511322201884607,0.022126760057501974,0.006334909462577705,0.029332812213820617,0.005884496815868432,0.019904309067240087,0.0010868380315598978,1.2565891777462226,0.8150844028972856,0.9987651749770792,0.0006701166276687125,0.44082522948086145,4.334810745524584,0.8678219771882856,1.1058435111211518,9.303879358694298e-10
18df6346,12.929989006941025,0.037088180892687984,0.08291551224584569,0.1358734483151032,0.3140465076346561,5.743701167551426,3.880284159063932,2.7841424152514,0.08556750297488741,0.06642891643796456,0.024006470427245876,0.020829155812853512,0.09553763408982184,0.14316870397429188,0.010040198673423335,0.10675406102015994,0.27326480492264577,0.02760147900250393,0.1631813157962172,0.46491169947309496,0.31392492384320125,2.443370208845307,2.9864060348629176,0.09181425916337183,0.0536566211978981,3.7348132787026618,8.718195721376191e-05,0.0007636368843045846,2.7832915964098817,0.08518506690862698,0.00038243606626042184,0.15563849824820183,0.014240291511058534,0.003943337524709395,0.0010009953310164907,1.9361572390310955,0.801012590567193,0.9735962911335322,0.0008782032994655319,0.3772087858271125,4.383596381631344,0.40981976839219236,0.7100185584444341,3.199726054445314e-10
25c24e6c,13.602620139927897,0.037782777856669836,0.06701072611093724,0.13250453264897336,0.3075941663508044,5.706544904503894,4.407990297545871,2.96618178524073,0.08719330108007639,0.06731402935916703,0.04066644192337038,0.005367862287472104,0.08723753422186513,0.1098362533938933,0.003958390717053288,0.10968010702969702,0.26789080131875176,0.01994268959847126,0.1632436018095954,0.45194473089201337,0.3587246747635462,1.51539464345655,3.832425586283798,0.053159763521477214,0.41734183573738737,3.937488698287007,0.0006519326253464791,0.00021227045611149585,2.9653175821592717,0.08566414509464712,0.0015291559854292763,0.030474858518836294,0.016403512439357486,0.038521044217694485,0.0010001161384618653,1.8413432679078463,0.804431570024478,0.9977001381862967,0.000995596956170797,0.20771204701958848,4.396772915566974,0.5966209356719478,0.5080589285136026,8.294053921944755e-10
20931d29,3.058854356472508,0.0944419770744695,0.19401281853664934,0.2656027564849925,0.31477949660519816,0.2417683324193077,2.577312259094872,0.11630209965334062,0.00917769263957496,0.04103569685693867,0.11459917935674968,0.12769105500972014,0.14424182939228838,0.1948115059584361,0.2429851202592236,0.13383816510826702,0.27403785157615274,0.38893225277055776,0.14287935579081193,0.4866796374195844,0.2276102122838622,4.682992604440289e-05,0.014111290209401103,2.5760787493430923,6.337056627385246e-06,0.0012271726951519843,0.10016047922968017,0.0017412083201436936,0.014400412103516754,1.5985278440048874e-05,0.009161707361134912,0.09401475608117359,0.008805530593291516,0.012969864522569959,0.0010373894797186354,1.9820965199279312,0.8368703298884018,0.9954528891163548,0.0009687012271810964,0.5363266710253825,4.400909014813382,0.8556911232497922,0.8820432843863079,4.40612734564843e-10
8d181c44,16.534373477735038,0.0483985685035194,0.2114055390361805,0.3198722574399699,0.30420005061256417,14.291053587950946,0.6768742310001952,0.8970466376630626,0.013739178147440165,-0.03415842558863981,0.04973810046071817,0.12961603063847987,0.11096408693718135,0.21420658235181067,0.3090459478195494,0.10325752148672943,0.37609608939028266,0.4802631614428975,0.14750063390685328,0.4608994673182751,13.159995516650696,1.1238069581989758,0.007251113101275424,0.5023830365776212,0.04613781927817511,0.12835337514439898,0.0032563430870835896,0.43999245733324155,0.4537978372427374,0.013662479190987916,7.669895645224953e-05,0.030081524894345776,0.006867704959537464,0.027543085226850735,0.002073837774960092,1.576769640823963,0.8598924020948963,0.995387497048066,0.0005180145022142711,0.47119983862356796,3.8799108924049244,0.673404299588444,1.3512080631319476,4.451176067268466e-10
69e58e3b,7.249577516609348,0.07569234136368296,0.2072280267564115,0.2811652774308789,0.31867146064795215,5.360776008895026,1.4163230101007598,0.14102927650695873,0.030899728999915978,-0.004030559158152395,0.10812179447474103,0.1229857887744602,0.12862188730162752,0.19243688263942357,0.30062531032818346,0.10263159863542068,0.3172166901431809,0.423647543514035,0.15460172414804524,0.4827411971478591,5.324074202449397,6.098241989940687e-05,0.036640824025728415,1.4055448430470232,7.1851581702787254e-06,0.010770981895566318,0.005205947644220407,0.036410595131287186,0.09941273373145113,0.024899597986561342,0.006000131013354637,0.016128295041766678,0.0103592290945795,0.009983092011668982,0.001649526091065492,1.8332127098319895,0.8433422687076081,0.992722564568361,0.0009840126344820717,0.4643110525086397,4.9243245816259105,0.7088268115480381,1.0593160696361017,4.540158997223263e-10
31e47f83,3.0706905784975542,0.11093491854733177,0.1863738003608257,0.28799618285986656,0.32348076755355715,0.8912230597924031,1.5064686200105823,0.4604914020079218,0.10000317125110514,0.07477853768279896,0.13377628783301154,0.1242499301261848,0.13025526252224792,0.16686910093817284,0.26199703762205634,0.09897267705406027,0.28849628236267955,0.4765195891628599,0.1641415196788356,0.4828200154282787,0.8555074136918583,0.00216756693438487,0.033548079166159886,1.5064427306821617,4.484901986200589e-06,2.1404426434288865e-05,0.02035406949535734,8.83221484807865e-05,0.4400490103640837,0.09414680823233502,0.005856363018770109,0.036947869536614227,0.019979887869463624,0.01501572103196598,0.0013537483276234046,1.9847812797160878,0.8364624177020663,0.9986449261893744,0.0009777890442757248,0.2140942535670051,4.228278788472469,0.5156145854002268,1.3263334185614808,1.039045192645052e-09
a6fd9209,14.65909992997565,0.04821369467804168,0.2163362471560942,0.25937831267337885,0.27613355997567685,11.065452965670985,2.966530256219779,0.054045371376330566,0.0104411025079582,-0.024845488938950937,0.07512337110358427,0.09436320186949171,0.14676541607419819,0.22869040954603032,0.2735529158480541,0.12829880409952343,0.2986217806195717,0.35121435330104145,0.14086922948229205,0.4113978904690616,10.345226809546858,0.3408652413321723,0.3793609147919548,2.813301127255327,0.1509087465288112,0.002320382435640757,0.04206914854410315,0.0025432733837793082,0.00943294944844811,0.00026811090189086517,0.010172991606067336,0.07199773481227187,0.005084994178303201,0.014958971835394816,0.0010489764407333874,1.9484177890822478,0.8105769761792883,0.998533873010048,0.000642991681366045,0.305159216910366,4.670364232465798,1.1343517705049657,1.0405926571569026,6.744410126518536e-10
e082b551,2.6314811573015993,0.07313514825824186,0.17018952923571487,0.19771744277350844,0.31983587731302443,0.8309622305978034,1.5163755881475591,0.13135308744890328,0.03208390849099976,0.04620891277100768,0.0912123337833507,0.0819841982203672,0.12817038380784174,0.18787931074615918,0.19451889315314377,0.10233990833056728,0.21560111546227984,0.2752113045276782,0.15302066785180035,0.4866510867742485,0.014985812915706269,0.07802220129422774,0.7379542163878694,1.3751654201074324,0.0007556863038806886,0.14045448173624608,0.011938173910006301,0.10261603180286939,0.016798881736027598,0.017913771966838316,0.01417013652416145,0.1411964871442182,0.005083700920662791,0.007256551103085559,0.0011509889010254447,1.9705568220917253,0.8541711263886353,0.9981082641356804,0.0007055276023466999,0.5698427533828463,4.355162693487526,1.2672721200830945,0.6597004663729271,7.752993056955536e-10
41f90548,7.342052193316285,0.05278334202777168,0.12965583997630137,0.1767176258332138,0.321376386611302,4.0685338447361215,1.4525368458089454,1.4185909282377993,0.08730301636494277,0.06602112158611606,0.08259004098212361,0.009738863515075368,0.11044539014943694,0.15147377130363132,0.12704835847583587,0.10462718748534597,0.3242248745571952,0.1013008154571002,0.1626910156281409,0.4800617575944632,0.29427413339465586,0.19554545882120966,3.5787142525202555,0.48249393181171407,0.01751208118034055,0.9525308328168907,0.002257293367371009,0.05599778234135959,1.3603358525290687,0.08068880006979362,0.006614216295149144,0.15309940662785146,0.009138818404645135,0.0209659100814226,0.0021627661095261212,1.6975828108233293,0.8033910786989616,0.9985231044929223,0.00026023487056485087,0.22856950156900735,4.842931210739042,0.4326149204954248,0.9118929190033801,1.4311753636119568e-09
ebbb92e3,2.1276108277551695,0.0843016952967599,0.16581486561674186,0.21118948535290719,0.3074044420659845,0.3670477064924862,1.518169991136716,0.10049044184086606,0.038546676522386,0.05780085099127169,0.09311646031262326,0.10198777458638472,0.1284671300360588,0.17304593370329702,0.19593153311086975,0.11499721572652484,0.22056700828028153,0.2980042320519152,0.13091586384162843,0.48389302029034054,0.040877915885245183,0.06147232317385691,0.2646974674333841,1.3911363345505188,0.00012059501066317808,0.12691306157553403,0.0009075126893448302,0.07813408011765949,0.02144884903386174,0.02951574670081995,0.009030929821566048,0.04449561620872796,0.00830585466972753,0.01939683831945549,0.0010745158169578823,1.8870890531334177,0.8049540509513948,0.9989015779796093,0.0006127493812479714,0.3006435878186254,3.9011898319146785,1.063706824047052,0.6027122663057478,5.901051024944961e-10
5c0b8b15,12.656691301973842,0.04098124267896054,0.1900409900255069,0.2540694790431396,0.09401214659629156,8.178566183892732,0.5457886823953665,0.03338023113520671,3.5054881551564243,0.000772739904557903,0.004389798972881896,0.11778118915944183,0.08878717267512692,0.21912740149943113,0.2622083959019627,0.12381974587343193,0.3046316313647923,0.33375705989119453,0.1291950853456546,0.05882920784692852,4.412681081729161,3.6738225405272305,0.0920625616363407,0.46937971171975335,0.07333272846487278,0.0030762422107403742,0.013204818907717597,0.010850175919909603,0.009325236307579511,0.04889502927436825,3.456593125882056,0.02047181112126759,0.008545984455048594,0.006349165060331618,0.0013763159709253537,1.6863160636295933,0.8280963774512987,0.9985227753150537,0.0009996725543004585,0.5129156818341403,4.185027351089738,0.858669016347945,1.1662110140762778,1.972927981533218e-10
c9b6ccf2,4.6219180604140755,0.08107183853065875,0.20935809262156055,0.3156611166988674,0.3351581741940237,1.4867740332454162,2.183331162754911,0.6852058844881758,0.07653178052199214,0.02390668379237025,0.11077899120418463,0.10852984059542135,0.13820327444312408,0.20435814914378544,0.28551285427777207,0.11607282762137501,0.3687932735997126,0.46211724887551464,0.15071808648123516,0.5195982619068122,1.2043756109768693,0.02412244410899786,0.25827597815954917,2.083919044253391,0.007576826677167588,0.09183529182435218,2.3378828183187806e-07,0.38947254921350805,0.2957331014863859,0.00950106554826313,0.067030714973729,0.02796597556013025,0.013771001869246097,0.010794469135246851,0.0018540374337388107,1.3460996097118725,0.8169564059776174,0.993199567844662,0.0006119943088209571,0.5823929702757251,4.689057521279394,0.8348828578186298,1.1381603202357942,9.158105465637141e-10
ee7210d4,6.323456916991918,0.05987025683133324,0.1236689457322739,0.24425492788070904,0.31778326994981876,3.507184483306329,2.410477114255624,0.0726262514527195,0.0852661500522665,0.06783571575749747,0.09215899744498766,0.019616057291514583,0.11225035522250644,0.15286844652370735,0.10588803545060795,0.10998288251661037,0.263950345033106,0.35883155609241074,0.16307456852419727,0.4724919713754402,0.3865379506983817,0.06801269721531336,3.052633835392634,0.5526782530445069,0.012398586378587208,1.8454002748325296,2.4805128387896974e-05,0.004940836150998494,0.06766061017333311,0.08413482558699223,0.00113132446527426,0.03598016368379936,0.005072139471783074,0.012966377696139229,0.0010890785061368129,1.9180937699804033,0.8598987483452036,0.9983982785808084,0.0009741596242604462,0.5035817079875948,4.651499390157731,0.4069374457786462,0.9281298906317647,7.681289018943803e-10
27cccc28,5.050791051330978,0.06972632388387165,0.16863973288602332,0.2970515106465786,0.32136191646980816,3.3114705786518144,0.7772134622662926,0.6416611112701365,0.08180476704848891,0.06968312575160399,0.1155971717238923,0.023898674176118646,0.11627041421371603,0.1441355624627318,0.24551322198162212,0.09848753038560493,0.306902136536058,0.4857648650180728,0.16232628595164594,0.4803975469879703,0.4933695537346432,1.3971068802226276e-05,2.818087053848369,0.7245163759032136,0.052430520363674,0.00026656599940504155,0.02528622545937624,0.01056739079140701,0.6058074950193533,0.07759053438413313,0.004214232664355782,0.23470759207231992,0.024721076396804254,0.015704686356019775,0.002305277936891565,1.5436580541995675,0.8039911198028886,0.9935396150602256,0.0009249211891051748,0.3435313369663414,4.095559449177885,0.5901027072139851,0.6940478248001778,1.1378568271968875e-09
9fc584e7,8.863622040044675,0.0764551138737921,0.13307710619111676,0.1557898188982796,0.3572274491783486,5.070319697013694,1.7980472834464765,1.175739533212678,0.43393005738064444,0.0920735163797956,0.0986063790897229,0.03868544615185779,0.11157955553428246,0.17939039752395053,0.10826136551511728,0.12701613543116247,0.18988807436788457,0.15046524689579172,0.12547652504501666,0.5889783733116805,2.8235909349709045,0.12837314625679133,2.1183556157859984,0.5419374075506573,2.0480105482091717e-05,1.256089395790337,0.03186361150805106,0.4430855138375296,0.7007904078670973,0.06788458596494258,0.3660454714157019,0.04187326509605524,0.014590523932458646,0.014922370907848684,0.001002690776507165,1.707393153098096,0.81326881148016,0.9942696000984693,0.0008141297289659341,0.5807188808499499,4.746676628574422,1.21811346572623,0.7173899308472137,2.0908906315640837e-09
23efded2,9.442697741899822,0.06038708452277177,0.21273276983029735,0.2571568878922413,0.3213303373858285,6.7254475440643375,2.1417262659942478,0.026103447841764976,0.16805318277096143,-0.008560307831692782,0.07470704924489584,0.11501451215511226,0.13661800376624816,0.23207508935399457,0.2695052163706494,0.10684169487964645,0.3087462915595085,0.35588267723756883,0.1703929682209407,0.47226770655071637,6.278153790474028,0.35294621165649764,0.09434754193381165,1.9558439234802643,0.1854324365318839,0.00044990598209976247,0.000366231091550384,0.013517823825179767,0.012219392925034824,0.1639932839714936,0.004059898799467845,0.0886884836929549,0.00502837547164079,0.007821749355547214,0.0016323828393113309,1.9432349444487496,0.8155719908201301,0.9980988617828445,0.00042404060993163296,0.2973475600319646,4.193655080585022,1.1581783364803662,0.8115352612892562,6.367682812421256e-10
1b746751,10.45907413612698,0.04883848529323357,0.19111759914286322,0.2306852831853438,0.30117461887742725,8.263382794589377,1.7840490007106664,0.011979279678354824,0.010117162201663773,-0.012524732308992707,0.05815494927960026,0.10088523890909316,0.13406739152470146,0.20126848395951713,0.23801692194437107,0.12111147877610232,0.25771230082200836,0.3132320699579208,0.14969253616143313,0.4526567015934214,7.178481219862986,0.8123786739080575,0.2725229008183345,1.767713983590633,0.011427881393239555,0.004907135726793823,0.007200347103800419,0.0006765493189762604,0.004102383255578145,0.009075768531889199,0.0010413936697745746,0.047536926364597436,0.005003244819736286,0.011507207743307164,0.001193051106550278,1.806640794834616,0.8440726961309571,0.9936567656305278,0.0009287073834759997,0.32130833938719,4.4814696300833115,1.1360078753505203,0.7874192217163847,4.3816112706254147e-10
7ffc7f51,13.8823971196196,0.09091696534218115,0.2341978245714227,0.28052729567333917,0.2763373122700139,9.726526519843281,2.791518699977438,0.576511300494459,0.2581032830534205,-0.021635983128911962,0.13474338956079884,0.15964348959465657,0.14216769072858715,0.23973678051016922,0.3206890024755118,0.12053447079642138,0.387488268794988,0.33355914742860826,0.17149526181167624,0.38117936272835157,9.57978944979663,0.050247361753019276,0.09648970829363115,2.4079311255751934,0.2766058271892261,0.10698174721301892,0.003421501996368121,0.5698671670105877,0.003222631487503169,0.1809247814378772,0.07717850161554328,0.035750289459204526,0.005009618689792917,0.0024686505322087946,0.0022454926503426703,1.9114664696918977,0.838997489818706,0.9976643750233554,0.0007201601800501068,0.5750794986293577,4.344600942630099,1.1356688376794992,1.0596906395508914,1.1053526290828145e-09
cfc58c8f,34.49706815664834,-0.0004348539237425027,0.156392001017046,0.1838835974911053,-0.05218872515931377,17.428084173669923,0.7215719455560613,0.2191267919490518,15.496369599836964,-0.02101798823501832,-0.019958194793379676,0.039671621257170483,0.10325070792803831,0.15274018869463793,0.21318510642846172,0.10300685364022778,0.21016387365662037,0.2384800651764678,-0.05682710716894751,-0.04755034314968003,9.508865767990562,5.820131804062037,2.0990866016173224,0.27246426955400893,0.0349588349981837,0.4141488410038687,0.004294826206218331,0.13444412396720815,0.08038784177562533,9.790826998453674,5.705542601383289,0.03438809430008829,0.011238057402245786,0.024334889738412715,0.002755559849737166,1.9775313974138617,0.8061995289728644,0.9981727017292533,0.00027172788667766687,0.26416969178377564,4.084367652183409,1.2027714914045624,0.8022474210609595,2.0547031572247366e-10
f73fb5cd,6.99083792404368,0.06362892175400028,0.12416381927061541,0.14376006964014923,0.2460794262971876,1.7880024521151527,2.2277211277075057,2.452070207915393,0.3658355325311135,0.04389059210109216,0.06337991975520875,0.08361625340569995,0.12225891480832518,0.1263006846480325,0.12393185835548856,0.04764900201719253,0.14056516302972516,0.24306604387352995,0.1245029906375493,0.36765586195682587,0.525945034315692,0.6490648314777631,0.6129925863216977,1.0302333449110606,0.19544879593294323,1.0020389868635018,1.5483977477667243,0.8561561800430244,0.047516280105644126,0.07499603389719926,0.29083949863391423,0.05595671947733921,0.0052301125093419144,0.044435329881559314,0.0012046936485755808,1.9439566759289382,0.8131241598931981,0.9984433223837105,0.0005550745144796531,0.44024287927116534,3.9977793171952833,1.1443229861929427,0.5251637486929758,6.849415629021245e-10
41fbaff4,10.25398365634692,0.040628781422172994,0.19113597301759078,0.23827061050744133,0.31457096057191436,8.317314531803685,1.4645541745229602,0.005144179454889756,0.08228931113308377,-0.00867140952854588,0.042907656616504704,0.08765009717856015,0.12868635652857546,0.21076534501008426,0.23395621751411264,0.11013715718864867,0.260634189618397,0.3440404847152783,0.16202392934004056,0.4671179918037881,6.372205034942245,1.418538987816477,0.5265705090449632,1.4055081997883079,0.04281834739443703,0.01622762734021522,0.0010760335606795743,0.0013350914391723114,0.0027330544550378697,0.08201037640845034,0.0002789347246334359,0.08256138349333605,0.008921449441867298,0.008855271040448394,0.0015521857237579743,1.4635981840987864,0.8357545649472737,0.9880951403532536,0.00037550777211389097,0.5427205457899227,4.52128803016908,1.1327919973412313,0.707152510990635,4.781010128011939e-10
d32972dd,2.4606071586993794,0.1116527427932439,0.2126355255921787,0.268646168786412,0.35436332597675635,0.3231766272371907,1.7145199575987957,0.1301024736364195,0.21406386633571467,0.06608817386578142,0.13710807243413176,0.13176198207981854,0.13173753489397466,0.22367782592904617,0.28249121595351523,0.09589527491703453,0.28394740933400653,0.42609582210819497,0.1500512675003831,0.5586753844531296,0.29746545473615316,0.016898770666799713,0.008812401834237819,1.6049434103853377,0.108203049769414,0.0013734974440440702,0.041567529294601405,0.00014114563621149358,0.0883937987056066,0.007555862137626173,0.20650800419808849,0.03536766087934735,0.022276117758834153,0.02091851830278887,0.0020580995751246986,1.9226266364991142,0.8398677564536409,0.9989911937752414,0.00036524129547532935,0.31127790258240634,4.275827800717897,0.9325855823795703,0.7894212859077617,7.116456448777445e-10
a8301353,2.593092130210577,0.07982025746394009,0.1565950789773366,0.17888509496470809,0.31617975478714927,0.7591951148335372,1.1919788128185649,0.42274723248413726,0.09733253921410831,0.059591963526263156,0.09756816139222584,0.08230064747333127,0.12160784052081242,0.1622077320784247,0.18596966433277265,0.10695181848344804,0.20343829152405413,0.22626517488662212,0.12640472478097528,0.5059547847933232,0.07557425758566728,0.04693771797935046,0.6366831392685195,0.9938033868972562,0.0022082093864598243,0.19596721653484883,0.00012496513196833315,0.17044748270446825,0.25217478464770066,0.0596465494813178,0.03768598973279051,0.012439098135306782,0.01888548460919815,0.003898403772803126,0.0011219763937716704,1.5473355710356178,0.8409675034201077,0.9913494273423509,0.0009119650629585765,0.4436689073143326,4.263248851901563,1.151208372033985,0.5953717151439878,9.218963436102013e-10
71d74951,16.17090551143191,0.02650830401743183,0.1964999587586395,0.24397718811640354,0.22543371683518124,13.584531694187467,1.4950011454923564,0.006040189285808027,0.5173713552955705,-0.026746869919896898,0.03620178137096524,0.07007000060122714,0.12931230107781727,0.2126682856038839,0.24751928959421726,0.12048505311172766,0.2930807380317836,0.31836577320569937,0.15722690169729775,0.2936405319730647,10.88658027534334,1.7309264057297855,0.9670250131143404,1.4463975006339191,0.036851933213139086,0.011751711645298157,0.0024451398751156837,0.00025732673381187617,0.003337722676880467,0.03998136963843617,0.47738998565713436,0.04196243166847118,0.013804950230977381,0.020349802209730896,0.0011434408361623496,1.9881467031470998,0.8536892962358917,0.9989986407554249,0.000970273317704969,0.45429717049096074,4.47667838406616,1.193832544375906,0.931575405911946,5.289353366833945e-10
712f8946,4.101117356445026,0.07922014147210127,0.17217153031370344,0.3024463457196329,0.3237638589228021,2.60457650641638,0.5161985116450828,0.6800286248166897,0.10115674951308015,0.07150391928810024,0.12440336433318071,0.04175314079502283,0.11126839825228978,0.16337477280748086,0.24187141988133964,0.10248269236103616,0.3022470194981169,0.5026093252997457,0.1642274433629478,0.48330027448265633,0.611448615526877,7.5456083928423185e-06,1.9931203452811102,0.5137297604166214,0.0010444089977266872,0.0014243422307346027,0.005325434727101211,0.0037941614405540194,0.6709090286490345,0.09495684690765233,0.006199902605427831,0.05240902141478434,0.013515638404442242,0.014951451968211151,0.0014712488320416293,1.9589436940665856,0.8241337375034242,0.9927278287203134,0.0005180080898839294,0.3833667237588402,4.332767780449875,0.49538777290672664,0.9018703039331618,8.325784608371246e-10
da36152a,4.6012337020068514,0.06360980060414656,0.18632673442335498,0.2312641839305236,0.3032485735081738,3.081946829865928,1.2419862949722962,0.0820858021610384,0.009008276828422597,0.014740743526075455,0.06420496465048534,0.11188369363587887,0.12582786451931713,0.194899404270726,0.23825293448002183,0.12194895928429922,0.23102212493564514,0.34082146757162635,0.1503915173862661,0.4561056296300815,2.247888056395676,0.6443558080118528,0.18970296545839954,1.239046029523115,0.002054254192372927,0.0008860112568082126,0.012939539606131577,0.06711475831270561,0.0020315042422012234,0.00859585881349633,0.00041241801492626645,0.023385909231807164,0.027867683818656105,0.014815809088670676,0.0010595722981266375,1.9027936042685112,0.8056872307743698,0.9977949336521313,0.00031163488980649664,0.6488546289476282,4.434620390678803,1.130394068763173,0.7281638659665044,4.3036307527239833e-10
69f44c64,4.95606700850921,0.10601441654305153,0.2033997109008742,0.23594862444343534,0.3480398580341947,1.7233980790939987,2.8133813433027717,0.014866016738367991,0.24059758200974354,0.08237206599280805,0.11899323142234325,0.11667795221400329,0.145577025336017,0.22098083837976218,0.24364126898684343,0.12366707417287826,0.27260154125727887,0.3115772579001489,0.13434003513840656,0.5617396809299828,1.6102871968250574,1.4985091092118103e-05,0.11309589717784913,2.685939687849004,0.09166915226859204,0.03577250318517599,0.012840300113855757,0.00020075647292514958,0.0018249601515870845,0.014001312700134586,0.22659626930960897,0.03593122714339698,0.022505153280842457,0.04036786802773645,0.0010844075046262701,1.8766106440623223,0.8399366408342233,0.9981083343888587,0.0003061077831326754,0.1982550060677202,4.084195323459112,1.1383817676719952,0.863329016880843,1.0354359198404717e-09
d114c266,3.4892309851364045,0.10004485633536066,0.21477907429234225,0.26077459806311165,0.389582750278903,0.9804214808199467,1.4192845340654094,0.05422858902016964,0.926043689520354,0.07330626197082096,0.12354983887017551,0.10327846816508551,0.12594922799097813,0.22991205978035775,0.2884759351056909,0.0984520432379008,0.2843061459263829,0.39956560502505123,0.19299160905476762,0.5861738915030383,0.7473094269768792,0.00011402738793576593,0.23299802645513173,1.2354244656656488,0.17588387357504515,0.007976194824715522,0.02521024901050617,4.968866298195448e-05,0.02896865134668152,0.5753968947752326,0.3506467947451214,0.04428622364719975,0.007430567439361648,0.005389061972398455,0.003249860273781209,1.9325921842049265,0.8208364309213579,0.9989911177930019,0.00032210549762772233,0.3932587930730503,3.8420568295400255,0.9273440243903099,0.6821468459967968,6.960903172461922e-10
d0dd6b19,35.46887608611755,0.03699308634952411,0.22070215971857754,0.3535400453959212,-0.02325914288849815,18.27539546312847,0.774924922141089,2.0621612378892586,13.249922241446928,-0.04426894881270596,0.04850827474921887,0.10673993311205943,0.08308157589739774,0.20045784008484513,0.37856706317348976,0.1106365497473411,0.4081057681173882,0.5418778183230344,2.415221363134823e-06,-0.046520700998359435,16.679383015492725,1.321697921426082,0.27431452620965974,0.15396970448109723,0.0023481005169084155,0.6186071171430834,3.483934200022082e-06,0.8455994525792532,1.2165583013758055,7.5817793566274405,5.668142884819487,0.04640670977908501,0.024913963888845904,0.026430371340204165,0.004063093001756426,1.9658235464901457,0.8383197894393247,0.997174757102743,0.0004064866727471719,0.4163533554920347,4.4685453347306865,0.731829361486406,1.2108136933210485,5.005134893836616e-10
3dd3f94d,13.33163430034581,0.04107045589497791,0.10647504200658019,0.11398736632566757,0.25795552335877237,5.560901926637602,2.4997709401151793,4.84067784683539,0.193988764283474,0.007357656366592352,0.04374071622620683,0.07211299509213455,0.11360795093676318,0.1085932110820656,0.09722396400091175,0.013723663010562376,0.11586507327412235,0.21237336269231794,0.11953222211279352,0.39637882460475116,3.2779544260059463,1.377479143798412,0.905468356833243,0.6086200857000517,0.44875538963166384,1.442395464783464,3.400961578901076,1.2647696312404682,0.17494663669384575,0.1387488724965056,0.055239891786968406,0.044694797642731855,0.01204809810565203,0.01549739531694363,0.001300025289849932,1.9916361138798446,0.8492245909046237,0.9977832717685703,0.0003207213046729159,0.34469039025372644,4.206609957051276,1.2479100656260316,0.5060593682113516,4.161684754945292e-10
fdfe3445,7.000470061635786,0.11210561463551712,0.20007002597489323,0.22578404541842775,0.2617724913873775,2.5692023900000125,3.423716033373508,0.06071459638884708,0.6866418937555911,0.0874973615588513,0.14304398128464327,0.10577550106305683,0.14529600959284375,0.2598549200837651,0.1950591482480709,0.11843656131714445,0.29607870129388536,0.2628368736442534,0.1857448744621619,0.3378001083125931,2.191642816104535,0.0957735540751219,0.2817860198203552,2.665280689323326,0.6058173845576399,0.152617959492542,0.0008329177945538147,0.005409942568571319,0.054471736025721945,0.41486087553120066,0.27178101822439044,0.028333300254254522,0.03125683189309945,0.005196227130263724,0.002197318045108419,1.8234199142156597,0.8555205089420345,0.9973839981164606,0.00041938404703333206,0.5930085717809964,4.563449822704504,1.1784275210234374,0.8160407921091631,1.3499246194214719e-09
98888213,6.9552601184409415,0.05321398146863381,0.14268712770486167,0.21486032392905532,0.3218954090944308,3.794651270747656,1.5196309244545454,1.3177999774843583,0.07722514620172424,0.0692070548349337,0.06026656458004134,0.030168324990926393,0.12058875210226828,0.15703066723062764,0.1504419637816891,0.09896911834095992,0.27576501700914346,0.26984683643706264,0.16167179298012102,0.4821190252087406,0.4646580665981443,0.8152271152792947,2.514766088870217,0.9356516447885297,0.011832191675055365,0.5721470879909603,0.02373162005129504,0.009414850893232962,1.2846535065398301,0.07190263528225412,0.005322510919470131,0.08198656304449368,0.00882914369605735,0.006511558264735194,0.0025540412225582877,1.7025880610124358,0.8124191455301106,0.9881935704869802,0.00039844077951718606,0.30377994300855216,4.321690072993636,0.6340082349685057,0.5430439882769373,5.388233025702278e-10
6dd4b0a2,7.241166364041933,0.05585976080571187,0.13638879766071593,0.29236939407292417,0.3291176568996512,4.372428822206101,1.6586031394619463,0.6594959546268008,0.2101332039686985,0.07668952525488784,0.05670925701045777,0.03418050015178997,0.11875121939633215,0.15634064452144314,0.1340745290643725,0.09985542376224554,0.28172966043739567,0.4955230980191313,0.1731417839390697,0.4850935298602328,1.0168596089103101,1.0043528626310623,2.3512163506647283,0.8438995284944759,0.008186859546767287,0.806516751420703,0.016112335718308723,0.01508642333149757,0.6282971955769945,0.20025983953385867,0.009873364434839832,0.054097689570735984,0.008193907988815608,0.007334160557135813,0.0035178021748614808,1.9909367950739145,0.8388485373671907,0.9987061206652353,0.00033459687271636233,0.47899120640211085,4.017735375413909,0.720050779041443,0.5638172150461065,9.66499077099143e-10
08dedee5,13.720699080279365,0.04922746735499637,0.1323615033114464,0.09041068444076221,0.13103846974650657,3.1018839045335564,1.587307440402639,6.423919713938676,2.358908782982993,0.02496984677749549,0.06971745233918938,0.05299510294830426,0.11857001971828918,0.1252165705625918,0.15329791965345815,0.011435198027138589,0.05632531594622633,0.20347153934892173,0.13369730629590776,0.12837963319710538,1.0897746501094199,0.46734332930772016,1.5447659251164165,0.8350578487799571,0.2376469186461978,0.514602672976484,3.5670833255490884,2.6377693009483196,0.21906708744126846,0.027530288999785768,2.331378493983207,0.02536778040290399,0.005360759592288309,0.02187736239314653,0.0011437844929701327,1.71161046025013,0.8109804993044766,0.9979148148718789,0.000824032453535955,0.1330262668513294,4.174610437842688,1.2994820127068403,0.538882781468935,8.988269705168966e-10
56aede2e,7.320821946975501,0.05883889514084902,0.1015229455968017,0.2377413460251199,0.31668621664126395,3.4779917706450156,3.447182083462665,0.005977085926372454,0.08490195848658531,0.06952641406571616,0.08220386198303695,0.02478640937379396,0.11554180150657184,0.14406936776381718,0.04495766752001606,0.11000783460411609,0.2825175653220843,0.3206986381491593,0.163110965902522,0.47026146738000596,0.48395464125571463,0.202913752118822,2.791123377270479,0.6916460306449138,0.04993038887756164,2.7056056639401893,0.00038078619197375843,0.000959986601943769,0.004636313132454927,0.08445891405595359,0.00044304443063172415,0.05086622840469071,0.011160483925535097,0.015012031300630004,0.0010132295091202928,1.906935298839836,0.8217288706977354,0.9986399668519492,0.0002461251359405429,0.4288595944834257,3.8696438636009898,0.5608153683806972,0.6379536473588533,8.229112689456795e-10
6c146e6e,10.851021341916578,0.022464125133800902,0.09670625820374912,0.16444326098990922,0.33055423613348606,7.113506535330514,2.5028250352767967,0.5448482297423246,0.39816464901139387,0.016110350667928444,0.04161778094855607,0.009664243784918201,0.10332663169584402,0.09352104753994098,0.09327109537546234,0.0925724400535293,0.1978658369209432,0.20289150599525518,0.18400411251359292,0.47710435975337917,2.0475083922964936,1.481531473518757,3.5844666695152636,0.25406207560529503,0.7303659994267151,1.5183969602447864,0.07341482458437706,0.2468104437520076,0.22462296140593993,0.3833249814238898,0.014839667587504022,0.05893204118140394,0.005296474057908654,0.018850504857493806,0.003607444370691117,1.7828652095643007,0.8357288139116187,0.99828368891118,0.00038139509162194406,0.37773937762180054,3.776944022410521,1.0182416891163184,0.5000004156489065,1.1835008196164453e-09
e0924cca,3.9482519660087667,0.10443004836209278,0.1863205759821995,0.18506739019915322,0.3259262236958474,1.7117650752836053,1.3213302425783962,0.6891715697472086,0.03792865114180341,0.0776120015393797,0.14790257260592543,0.08777557094097321,0.12647396320655652,0.16313707652301174,0.26935068821703023,0.09744211075893841,0.29057275540438965,0.16718730443413168,0.1473801502308679,0.5044722971608269,1.099755702662839,0.09764274411955312,0.5143666285012133,1.2673971142084817,0.0024801924221616693,0.05145293594775285,0.029897606680943014,0.0009473808651818296,0.6583265822010838,0.0024562053314747152,0.03547244581032869,0.04508361790413677,0.0478142795294659,0.013773145933999793,0.0020664396741844017,1.9798790251912808,0.8405910036498649,0.9987960980301742,0.00042494905003400747,0.5393871597789457,3.906623280332076,0.7899438446262572,0.8220478614365468,1.5674018025717868e-09
74841a38,34.095542287232895,-0.008345471658106663,0.15397034818638103,0.1601440210742948,-0.02367489323022336,21.754565342921687,0.5975562013226523,1.0060173707833302,10.117667337077009,-0.03681276381804499,-0.0034908789131665383,0.01526722775689154,0.07746371423423914,0.19355494395903583,0.19089238636586808,0.12286806992929064,0.22247431614283675,0.13508967715075693,0.011399297049355321,-0.05874908350980204,13.984542339297542,4.485868282322666,3.284154721301481,0.2063419972310469,0.06844331377458263,0.3227708903170227,0.03422500716723608,0.0863643254569596,0.8854280381591346,4.158829545465208,5.958837791611801,0.034752349606582626,0.005074325525920724,0.007265390664559392,0.006445944398791464,1.9981168972366512,0.8395165443011288,0.9982543865867699,0.0002295557925896667,0.28183415031973685,4.482782158718793,1.2889275714374813,0.6936960495696114,4.819054767776233e-10
b3305a1a,3.7660875162846335,0.0700534536376251,0.15181790938368206,0.18701567546715578,0.3170378466285234,1.522007971273855,1.6622717466712627,0.16979699645279056,0.23575906607533365,0.05909063625426718,0.09367162236295393,0.05739810229565416,0.12074613423532018,0.19452643627881333,0.1401811576369127,0.09852593809967719,0.23081143369539314,0.23170965460639703,0.1749612419017072,0.4591144513553396,0.07980795246238821,0.06356520155078386,1.378634817260683,0.9524424324700334,0.001083520037158257,0.708745794164071,0.02509644585639826,0.05495480630566715,0.08974574429072517,0.233795358756405,0.001963707318928653,0.052685974965947124,0.008685381068220867,0.013504146470444622,0.002945838299227552,1.6239950807887789,0.82886655035765,0.9968615802791294,0.00022578219821316398,0.3524469264615635,3.9741452104842745,1.0056826323389287,0.5388515114439554,6.647735170392814e-10
8b608564,3.577812517485861,0.06985728314130185,0.13981841459551997,0.1860766387065792,0.295174924357809,1.762648122727718,0.9693946463926191,0.7163899392864088,0.0032442907222967996,0.06322042207268197,0.08844003793342683,0.05791138941779675,0.10370325687624024,0.1714404457996851,0.14431154111063454,0.08768726979153418,0.23096131032133904,0.23958133600686435,0.14549089568807164,0.4448589530275464,0.2861935329878691,0.11634403917061369,1.3601105505692352,0.27081148348103545,0.0023856622976190928,0.6961975006139645,0.13767809032647227,0.051842541277194884,0.5268693076827416,0.0025586761436671773,0.0006856145786296222,0.07177305576677104,0.018850312586812135,0.023032151165310957,0.0023847169576911437,1.9374616021911117,0.8350954345415382,0.998318357113353,7.979966113730387e-05,0.4462465854545563,3.959202148415947,0.8990603083893445,0.5000001362592847,4.736475095014229e-10
2e9fbd6c,11.93866454748534,0.039062133191779425,0.09748340818158797,0.14956742978214205,0.31739752369616525,5.711229045336399,3.063439403717904,2.570284735548628,0.15107488631315413,0.06943140225306496,0.024630152656028477,0.023124844666244843,0.11381906141539358,0.10017438015984738,0.07845678296952296,0.09674011651064131,0.30862610895655185,0.043336063879233014,0.1680988465687096,0.46669620082362095,0.4781113283358652,2.3757691219104493,2.8573485950900848,0.6179541093604525,0.6081873737347069,1.8372979206227444,0.03662823883654311,0.03995621546689372,2.493700281245191,0.14437373239577672,0.006701153917377402,0.026147568538921452,0.013306944102492509,0.016437563203031063,0.004421087130787149,1.999983277748388,0.8256390222882175,0.9959612213771505,0.0005339513128141663,0.4298603251347804,4.026130705090834,0.6797182053431913,0.500094721826871,9.9533606371507e-10
26291108,2.073741643020286,0.08752819031716454,0.18515335212167713,0.231775407537382,0.33949506440623267,0.2659134436166465,1.564581557895134,0.0381300528544526,0.10919855657545367,0.056957772384779726,0.09733094036487136,0.10829585820184255,0.1308154581882408,0.1946401264586008,0.23000447171818983,0.0997508976399204,0.24461179690243734,0.35096352806978826,0.14537466383135772,0.5336154649811076,0.060634302175999945,0.04034684178626974,0.16493229965437678,1.5568285667376918,2.2983305900226577e-05,0.0077300078515421845,0.02354653936486263,0.010731417955323347,0.0038520955342666143,0.00035072427258288157,0.10884783230287079,0.02641971140286478,0.00550873925766686,0.00905361030709775,0.0016424443260981332,1.9480313092450754,0.8612418401240894,0.9986627141087553,0.0001651091127952258,0.6271637796390208,4.6361618120283055,0.9811510290594779,0.6130816890943581,4.640481898649739e-10
cc557f37,10.168855833802578,0.06331736147287255,0.13320955720792718,0.14964995997618372,0.2670557910116277,4.34765260553458,2.3916182876061742,1.8571740996602712,1.1462948442284935,0.08037880511208179,0.08260732065598755,0.02696595865054833,0.1294773358370469,0.134052736280039,0.13609859950669567,0.10427246497863335,0.27174229043562925,0.07293512451428857,0.2011282078541901,0.3329833741690653,1.372002713437983,0.29485445056244675,2.68079544153415,1.4596208453128936,0.14890177368771876,0.7830956686055618,0.002951165538961871,0.0016128667998143952,1.852610067321495,0.7840993009349111,0.36219554329358244,0.08401740543658001,0.016700257031364397,0.007997796857944349,0.004662260385393042,1.718989808311562,0.8515003149077573,0.9902242780222558,0.0006062961048031026,0.3003290756807245,4.138095206773842,0.9755184050215978,0.5900796794521177,1.6204108002479447e-09
87146d7a,3.6702074516952874,0.09657906868815545,0.1776387659701396,0.23424437401392106,0.3111948485812617,1.6110547800868094,1.8132585175143419,0.031481719073257225,0.06124601151179655,0.07955891252016911,0.11257106247142995,0.0976072310728673,0.13414849288452463,0.17899035171880395,0.21977745330709023,0.11684325265841353,0.23787727243461199,0.3480125969487376,0.12874625659828326,0.4936434405642401,1.285339081263834,5.7631687145204775e-05,0.32565806713583023,1.7887850867664619,6.954266370979216e-05,0.024403888084170093,0.0007305144527632972,0.019101034693722176,0.011650169926771752,0.0429720741911682,0.018273937320628358,0.09887663784758943,0.022263574248825208,0.024570889157034672,0.0010689049482381938,1.9277098753101307,0.8369545404614869,0.9989689030419806,0.0003263197100018073,0.6791400190091831,3.84414317439759,0.9414462751333398,0.6373872894789557,5.547325621271405e-10
9ec9d5e7,4.285288130672075,0.09423673884330012,0.23937847381182653,0.2565755810343036,0.3700330352755913,2.0145991491285518,1.474140065792035,0.06373388516495165,0.5914786044665249,0.07853016500076496,0.12897614441669744,0.07520390711243793,0.11760562999513331,0.24636290320977172,0.3541668882305745,0.11120469094210879,0.32017811778349736,0.3383439343773047,0.18460667409627013,0.5554593964549125,1.1860209729549769,0.00428056135127973,0.8242976148222954,0.7876887884175767,0.3727021646459904,0.31374911272846767,2.6632935369523947e-05,0.04780268114577862,0.01590457108380352,0.3926334804302747,0.1988451240362502,0.09752430236708438,0.01890873466083451,0.014122852949893294,0.004460197944046916,1.8431225872747454,0.8154261845223937,0.9980868971047402,0.0005283482108140304,0.44757607993080084,3.774611918523529,0.8610293749695667,0.737270200709165,9.297583964671194e-10
51395fcd,22.120164044014928,0.04626238680282504,0.20828920926024164,0.2994977152786385,0.3144987613875763,19.238484910438327,1.622055026380439,0.396487117234328,0.02690142547329019,-0.04958604957703941,0.06097766845810486,0.12739554152740964,0.1318959522216947,0.20175677083119153,0.2912149047278387,0.12289437366925868,0.35395241019710466,0.42164636196955224,0.15474416722798864,0.47425335554716397,18.490204493356508,0.7275234035300908,0.020757013551726353,1.6159023399616703,0.004631980873440923,0.0015207055453276832,0.009393741438862565,0.22874089817558838,0.15835247761987706,0.025601382575019156,0.001300042898271034,0.028333970361119572,0.025004507992174258,0.013766886278811438,0.0013827290412485207,1.6513261437918485,0.8486275585707289,0.9989659117766468,0.00042976246036362974,0.4877326583428304,4.346739268746599,0.8009782117993911,1.239350007821784,5.568687822203553e-10
4ec8a12f,6.609433676911806,0.05418702440358957,0.1434140002036365,0.15853398681449224,0.2207542855922671,2.5311074807463014,2.2365214028698803,0.7356988787048877,0.8810637422501676,0.04330540850580311,0.08290512053428474,0.03635054417068087,0.1304895895581618,0.1599499578669229,0.13980245318582482,0.08831106271358574,0.20126661376861782,0.18602428396127318,0.17025117977822857,0.2712573914063056,0.10743875021273905,0.19128488541039435,2.232383845123168,1.5312953885935958,0.001363724934495727,0.703862289341789,0.1372644788997321,0.18865487979958045,0.4097795200055751,0.16928290007725275,0.7117808421729148,0.12400618386049236,0.018726142619692843,0.01727141159209579,0.0029584487024048077,1.3477641331054235,0.821224864701573,0.9918057712220646,0.0002951020977484025,0.35357511185207396,3.7069744020486595,1.1340820829656195,0.553038456826294,8.6718736434731e-10
f66e106b,11.735157532708774,0.026125825297974987,0.1309376905411104,0.13856062080223475,0.26342948320093934,9.008747396396554,0.7797507749465469,1.5992095056515636,0.11159194938570474,-0.004917019660619848,0.04646121229129032,0.03683328326325448,0.09777456801626949,0.1456760575450155,0.14936244606204618,0.0698561051752985,0.1452754907004174,0.20055026653098834,0.15157968109198405,0.37527928530989463,5.536002050239576,1.2713780221533044,2.201367324003673,0.14948655340027434,0.04814074431367942,0.5821234772325932,0.5400598399972014,0.7859947335655169,0.2731549320888454,0.029794839433673913,0.08179710995203082,0.051095271301992325,0.005258587681424179,0.017714488898107537,0.001842570595322068,1.9742417172537288,0.8620434415566303,0.9976424598983374,0.0001576862243759015,0.6936588280189219,4.220117455446629,1.232177447079637,0.5273692589129425,3.249945433193934e-10
7b48102c,22.560474958904766,0.0038347932174149653,0.20050104274187452,0.24906508288014464,0.08225861834710307,16.24609119581036,1.3675587366831607,0.016103753138382675,4.266761578686118,-0.022300494412783166,-0.004490126121847547,0.03829500018687561,0.12520045768413035,0.21997538091259514,0.2563272896288981,0.11494411724227849,0.2918782530242352,0.3403728783739203,0.06767372466597238,0.09684351202823378,9.683882622146053,4.417655711553506,2.1445528621108045,1.2453337500497712,0.12166773994400085,0.000557246689388522,1.4708052733954846e-05,0.011073905935640917,0.005015139150007802,1.500317283523233,2.766444295162885,0.039544778991734836,0.008841264840678618,0.013318688854348056,0.0014125826882786091,1.9208132849579465,0.8570047372598436,0.9985737017200305,9.901865193992905e-05,0.5205338581216048,4.297318194838254,1.191413844446773,1.0004108823309537,4.868925158937462e-10
147a63c9,7.8078618160693045,0.04619780430442491,0.12605940778401756,0.1873629994030397,0.2902735447977118,5.41355882847317,1.547923131224949,0.6508088258575372,0.0062800190899084465,0.004237098758020652,0.05616352364768257,0.07819279050757151,0.10592149148586949,0.14678496784183648,0.12547176402434668,0.08152184870996981,0.1888930992910023,0.29167405020814696,0.13905391693448094,0.4414931726609426,3.7912710586255853,0.8819638291866059,0.7403239406609796,0.36073738120092347,0.04003199440574532,1.1471537556182805,0.3485474505477715,0.2927862163575697,0.009475158952196017,0.0032884848107059103,0.0029915342792025358,0.028238609503879786,0.006303297468894066,0.03103474423419779,0.00200912012481397,1.9226528246945054,0.8580446960498749,0.9967478888579395,0.00024628955135721754,0.6887616552005887,4.397645474759438,1.0546078342916188,0.5016873596535751,2.645600356423638e-10
62258831,9.626293165793532,0.04393447617958642,0.13305920808145855,0.13591184134394682,0.29041617586389756,6.68428245796308,0.7230280694003026,2.008311828419738,0.012308600506793553,-0.0026102725457236024,0.055668873040812916,0.07874482804366995,0.09959409595451298,0.1357157016598048,0.1638678266300579,0.06247844201276333,0.13310311042089426,0.2121539715981829,0.13602478980454763,0.4448075619232475,5.050733699524921,0.9051413389689182,0.7284074194692416,0.2003732356414893,0.12733154054378673,0.3953232932150266,0.8057806558281209,0.990412297426856,0.21211887516476113,0.011640067566874534,0.0006685329399190188,0.10310313318702875,0.00500522839357945,0.00792818541788218,0.0017200135610810161,1.9027390390477605,0.8452655972152936,0.9986380092387538,8.778902870141872e-05,0.5542742943290054,4.421868521156995,1.138929734592321,0.5004034981949878,2.714031500277011e-10
963e601b,2.8878530492679113,0.07759215601043885,0.17155034645170167,0.2513237404052366,0.30986126506511874,1.8586210804849346,0.8109675132574563,0.0644846281332225,0.010587370223618232,0.07023971011476152,0.10189191066103277,0.06064484725552228,0.11587036891199898,0.18586374519970233,0.21291692524340372,0.10155188948681851,0.244225008977754,0.40819432275113715,0.13872994553921925,0.48099258459101824,0.5314047420370713,0.006235992644009079,1.3209803458038543,0.7071202214195981,0.00013884067820131503,0.10370845115965685,0.008615928488253852,0.011804684170586489,0.04406401547438217,0.0025523516974586286,0.008035018526159603,0.029878727623123158,0.015624532334768989,0.012082987952710213,0.002042169939878453,1.9397520765757266,0.8392394318217594,0.9989332527762955,0.00029724174158432754,0.46840258724548944,4.328554645513497,0.7897337772105748,0.5748972982747151,3.4628832218766733e-10
88af8a7f,14.283358054167168,0.028584423234672585,0.09891853445788623,0.12518677974496423,0.2282445843182076,8.848960596789155,1.8530780546120278,3.023241423706604,0.3749645784151824,-0.0050312323193595215,0.031074891330178045,0.059709610693199223,0.08687065409465361,0.08899300442695313,0.12089194485205199,0.037098987267774046,0.14909911255004732,0.1893622394170713,0.13674194299116277,0.31974722564525243,5.529416391991997,2.020031196806462,1.299513007990695,0.0041699705405448245,0.8236523043707342,1.0252557797007489,1.9413040317728454,0.7394374041724012,0.34249998776135787,0.06356709697591392,0.3113974814392685,0.034691841310641874,0.01489626298525002,0.012734434667389714,0.0015925273165581957,1.942688948828611,0.8657730451444057,0.9988134166355741,0.00017179355932065186,0.6022675753832666,4.269638610168925,1.297846908922454,0.5053649560795743,2.9887446652195604e-10
fbd7c403,12.442647401909776,0.048962982391211406,0.2090064929926523,0.1923713563684872,0.23570148936083896,10.067518285353234,1.0248687800441354,0.5195463385651459,0.4065330105601219,-0.020926995224838388,0.07489526976969998,0.09292067262877263,0.11599458064998233,0.24176325342730026,0.2692616449006744,0.09683512406596262,0.24356581176269163,0.23671313327680732,0.15648164279203214,0.3149213359296458,9.30153565668725,0.34727425864115824,0.41870837002482586,0.7123353070297596,0.31090012346134643,0.0016333495530294383,0.06114590911101756,0.009033552467259297,0.44936687698686906,0.05148606122684327,0.3550469493332786,0.1480328547091265,0.01916463088846873,0.010357924691510909,0.003031400880195105,1.989020580295803,0.8302582310630766,0.9985271699862822,0.00033543413537882795,0.5201887342639983,4.137332302946445,1.1038863764054487,0.6653339920758081,4.912953695440628e-10
7b84a322,1.8795557927980169,0.0812910203144733,0.1654444784883747,0.2384856426277647,0.310845083526333,0.41068702850443783,1.3329540032658376,0.02766642535538052,0.012955578066839031,0.053094159086419866,0.09591772774100227,0.09486117411599777,0.12538216503292426,0.1748048316859156,0.19614643874628424,0.11695645394564841,0.23767947000018513,0.3608210039374605,0.15156737193702485,0.47012279511564115,0.0001145223823575681,0.040371162095680736,0.3702013440263995,1.2032943766222681,3.7828618224056106e-05,0.1296217980253453,0.00015308462847011067,0.02178669173119049,0.005726648995719921,0.012181971661261684,0.0007736064055773473,0.0503262671611364,0.010883890229366075,0.006885958670258914,0.0010105836179653178,1.991628028937153,0.8580612150073299,0.9983457874998147,0.0004914780628350783,0.5395529896550109,4.68737156600335,0.718747040335669,0.700850679417349,1.698308558712664e-10
29cfc3ae,7.638494504684283,0.05303308968945136,0.16083136187116123,0.22393690942693714,0.3416107447442984,4.553956399743467,2.6201700004021697,0.05532609958948232,0.11504011612799674,0.006402950828959926,0.07051801183176512,0.08217830640762906,0.1336155956227374,0.20714484668909156,0.14173364330165478,0.0959349568536913,0.24252740285813865,0.3333483685689814,0.15004433993721084,0.533177149551386,3.4517803844657315,0.44729672531095405,0.6548792899667812,1.735460340344689,0.015449571975911914,0.8692600880815685,0.04342279281888374,0.010523462172319054,0.0013798445982795273,0.0076516484225871186,0.10738846770540962,0.0246418532767392,0.00988545243483738,0.005894387219970115,0.0019911379137142987,1.9940357669598736,0.8785102205537895,0.9910681499161201,0.0006072707001145035,0.5109452294947722,4.657105743936525,0.8981131296602958,0.6272562693607343,2.0593151423704095e-10
0506ec15,6.717038399070687,0.05564796979357826,0.17017159358693865,0.22582358782647924,0.300302907817268,4.977815917031313,1.3506130183570295,0.11659219393298642,0.016139846608427606,0.002836061294096674,0.06298892814118368,0.10111891994545444,0.12627798275928037,0.1802559982211817,0.20398079978035383,0.13172110474144844,0.2362185304256087,0.3095311283123805,0.14928932567725592,0.45131648995728,4.035202451919895,0.6784735847265146,0.264139880384903,1.2625695720035186,0.00039373921674198,0.08764970713676908,0.07441294718407135,0.02757685613996736,0.014602390608947724,0.006459480259995666,0.009680366348431942,0.04169221860934605,0.005029537711943365,0.0105031124051303,0.001028444552012718,1.9889590566887363,0.8288281214974272,0.9984202054120067,0.00019866585248973147,0.332255569311118,4.631236294839675,1.00784499698168,0.6535943001599942,1.4968965063284582e-10
7b49d8ac,9.025798697737622,0.03364522935846925,0.11097437815014925,0.2520200059098853,0.31622907836815944,6.283531359300978,2.2758843208235633,0.016635742193465856,0.08981714699181051,0.0667768458263401,0.027303588277153915,0.006855253971913753,0.1031964860708677,0.15507897390540254,0.07464767447417756,0.108890492034075,0.25176075922624974,0.3954087664693312,0.16366477401464194,0.4687933827216769,0.3312110782786536,2.1984382050709685,3.753882075951356,0.2620640746535004,0.007070733485740809,2.0067495126843222,3.328681729984995e-05,0.001119087060412461,0.015483368315753546,0.0895965805952853,0.00022056639652520718,0.0782026495535465,0.01088304311754767,0.008138621165551582,0.0010402051339303607,1.9987575173634193,0.820721348089933,0.9976365758108139,0.0008667575559267974,0.47731986786854363,4.826223349500573,0.40037379768110604,0.8791994078763261,1.7106984623878356e-10
8b0101bf,5.77549054751162,0.052507559586508774,0.12573504437577643,0.2315222186413597,0.2952387956811307,2.516549948710438,2.9695366537649956,0.048642720768114135,0.023047013619165318,0.048039669627593456,0.06614768568832897,0.04333532344360389,0.12768304018713744,0.1517536664502592,0.09776842648993267,0.1123281369579879,0.24091291035635862,0.34132560860973254,0.1322279053733833,0.4582496859888781,0.028780919750430536,0.5641428844528346,1.923626144507173,1.3460000597428508,0.01628924459959413,1.6072473494225505,0.000274392217528705,0.014039832648227193,0.03432849590235824,0.023042658945543765,4.354673621552679e-06,0.10666909278198958,0.012832327091108906,0.007050176902274764,0.0012169449627496343,1.9952721807120986,0.8317821375651762,0.9909815298261875,0.00040019606885334963,0.4817157717554028,4.916046900547203,0.7376374074125405,0.5011133554215861,1.2431573987216835e-10
24f41253,3.165928229597081,0.057924394934722824,0.1342672024996822,0.20083678673887317,0.29561017130302875,1.8976191525643926,0.9664553677114138,0.18324059747220028,0.016925719009765392,0.033810306931411994,0.06052192080405239,0.0794409570687041,0.10383386785590172,0.14934353039722617,0.14962420924591868,0.1178643797584085,0.2096749762156235,0.2749710042425876,0.1349256288087476,0.4562947137973099,0.44534166437847295,0.7444646066097926,0.7078128815761271,0.2786353637360329,0.026130553367390705,0.6616894506079902,0.0002325505637685552,0.14247741573549294,0.040530631172938786,0.012687750381841513,0.004237968627923879,0.03529214679741829,0.01082225846314234,0.010291881746632666,0.001007559687946327,1.9971014250406778,0.8287980656209217,0.9988448337714351,0.0002617166095113431,0.6745468340158388,4.344013187339019,0.956810561050303,0.5091863184873063,2.2358030901303333e-10
3911aedd,3.3102828479769992,0.0649752217028815,0.15914656296821758,0.23699351953487638,0.2959910946363046,1.7290195780579498,1.322741297271145,0.05410712039672555,0.053890287736436615,0.05801308061576618,0.0804319107612733,0.056480673731605036,0.1248512952685791,0.15918975180026912,0.19339864183580452,0.11510843612180009,0.23603554558851897,0.35983657689431015,0.12715265947290555,0.46482952979970354,0.0687854028068471,0.23462728170824504,1.4256068935428576,1.176469737071737,0.0020437821059139404,0.14422777809349394,7.125051944210674e-05,0.022592065485759316,0.031443804391524124,0.05371318392587682,0.0001771038105597974,0.06128364763498653,0.025645491661117084,0.005489602485655095,0.0010954150109556383,1.972604439632382,0.8606105025914528,0.9963669234378977,0.0003115653534341262,0.5201686878130551,4.590430190465959,0.7805880425146785,0.5379621996614478,2.0067089666327712e-10
c4860d2d,10.43805328783526,0.0432206343789262,0.18800852555152225,0.22303822206806237,0.27923766684131135,8.432454198495872,1.4286920852668687,0.09070315134010783,0.10665661820410044,-0.009838904782092671,0.04024123503023811,0.09925957288863316,0.12876291050480274,0.19522042786718502,0.24004223828257898,0.12845731188977602,0.231493368524138,0.3091639857902731,0.15768096291264094,0.4007943707699817,6.584640274568342,1.546696660973494,0.30111726295403674,1.426988650869454,0.0005614255654990297,0.001142008831915764,0.04541690499040427,0.042463457290016764,0.002822789059686794,0.050804990634765235,0.0558516275693352,0.026174247435916953,0.0060303544921569705,0.011695813453913342,0.0010459469336566829,1.991493262035516,0.8312708404684434,0.9981528868875287,0.0001907752109510346,0.6296460782637288,4.761052869524492,1.0603964653161766,0.6938670946618675,1.662455796061021e-10
4027f2f8,5.530168915030955,0.04903526211225678,0.14769434529219003,0.1763262368968824,0.28879114789168125,3.622428674366078,0.9176510400359901,0.8187518522339298,0.01846678229083782,0.01775938516776503,0.05781972849232249,0.07152667267668283,0.1142173873231932,0.14251747066845394,0.18634817788492292,0.07520760476186442,0.18606999030873594,0.2677011156200468,0.15052137937079144,0.42706091641257105,1.8443248282942448,0.8296591783515344,0.9484446677202989,0.6608981838311455,0.057529486843662825,0.19922336936118168,0.4651828215999047,0.3261651356965728,0.02740389493745231,0.01644007587910087,0.00202670641173695,0.020348829287411937,0.005067272182749221,0.00573651875745841,0.0010202356304999099,1.904730369809098,0.8244338993643051,0.9947726471795744,0.00034005186185622225,0.47856454589044184,4.662381046765448,1.0784347509548398,0.5006746727967428,1.3683651249274631e-10
a4ba21f7,4.443951328765224,0.05999876618762595,0.13345086274063442,0.23170934553229725,0.2936159028934211,2.0376719397885417,2.1222260428996687,0.04531644516987725,0.05283686106394263,0.056611254654940324,0.06872341875790963,0.05466162515002789,0.12443112331593359,0.15230394566271924,0.12361751924325035,0.1170799285069449,0.2397382668698434,0.3383098412201034,0.12767581810625822,0.45955598768058403,0.026330292725301813,0.49391004972207464,1.5174315973411652,1.1464634898906128,0.018187212714520916,0.957575340294535,1.5228183857490212e-05,0.027700497202003314,0.017600719784016443,0.04941326939533251,0.003423591668610112,0.10790480320708527,0.013023518585473714,0.005585575550996734,0.0010588114206306809,1.8332255328481513,0.8078415079807353,0.9938229120303659,0.0004582787889346497,0.6879036917089344,4.308387170075163,0.7851554915804508,0.5164053793870048,1.9804316570054563e-10
aab28a24,4.630129683759764,0.055208500509614865,0.14509848335152123,0.18209165963246154,0.29666711660376366,2.8753752130029286,1.0808223723974408,0.5156047822139831,0.011180145501036022,0.020211591182113228,0.06327191991989768,0.08214199042683368,0.1154441575834193,0.1514936131057909,0.1683576793653535,0.1106662793390232,0.18882073139839323,0.24678796815996817,0.14775343126865434,0.445580801938873,1.5658376327507857,0.6508453498875488,0.6586922303645939,0.7015501359246163,0.018238775546147723,0.36103346092667665,0.0006780001489771457,0.28837229238836126,0.2265544896766447,0.003243423552090312,0.007936721948945711,0.03713015836335796,0.008622440108282815,0.014161428164825038,0.001000896531488726,1.9994959385149946,0.8167109286239372,0.9989973890136572,0.0003597288608249964,0.5808452968590022,4.350931881509348,1.078571537757759,0.5452519973674683,2.424884782787226e-10
806b4a64,8.625764390053671,0.040799475640229836,0.188403058958901,0.21841796674595917,0.27937359996238853,6.399653593964487,1.7685343072980255,0.10104790009247941,0.03236671678787965,0.001304650109001833,0.06835630967712406,0.052737467134563606,0.13373153145691766,0.2023700689251094,0.229107576494676,0.13159694527257923,0.2415852210321786,0.2820717339331197,0.14267095637073032,0.41607624355404677,4.324699235112423,0.5084186748324153,1.5665356840196485,1.7445124095649627,0.007964502176815973,0.01605739555624695,0.07697328534762542,0.02017269649832886,0.0039019182465251344,0.0002559807171330699,0.032110736070746576,0.03219350387635103,0.006047533391247306,0.020065026092995725,0.0010757871514857932,1.8603017366969634,0.8380025434211485,0.9989934109390574,0.00047785410324736047,0.4505771957783673,4.408868143022313,1.0408876885290668,0.7644740434040784,2.9092686099879895e-10
2bb7cf37,10.409298578552585,0.0332713892495204,0.12184627485860039,0.1564054486274037,0.23389309391227064,7.525923340321973,1.3691519288966019,0.8879802585805623,0.407929652169701,0.0002150518594476314,0.030710759113516173,0.0688883567755974,0.10359890058062236,0.13740740090574308,0.12453252308943574,0.08113446624643042,0.18905764287804588,0.19902423675773476,0.15522997186947493,0.31255621595506633,4.507268792263056,2.013884800806547,1.0047697472523704,0.3030581122019799,0.10518773536115102,0.9609060813334709,0.30009697135672064,0.2866397777436536,0.3012435094801881,0.0319201125545298,0.3760095396151712,0.04977631813934229,0.01167046481150922,0.012624858791714677,0.0025557705683381168,1.7826753241551332,0.86318799226804,0.9983648264037751,0.00035293140114693746,0.6978724700877998,4.415016104258218,1.1909152052257268,0.5269534415013735,2.0712738872935565e-10
a0f334e8,15.34437790487347,0.03456259759015085,0.16605752370337296,0.20067707249619104,0.04461133263774026,8.138807768689839,0.5790791294270141,0.2582990842170293,6.0064834370876214,0.0026555630139000735,0.007966577352135577,0.09306565240441692,0.10820554006688213,0.19894508126026827,0.19102194978296844,0.12448134110578694,0.20093927938443623,0.2766105969983499,0.057477983952265166,0.031744681323215354,4.318538092325694,3.416273143395794,0.4039965329683522,0.40270713061405594,0.0018748251451338681,0.1744971736678243,0.028457416748053015,0.1986198469923076,0.031221820476668685,2.0449718738737444,3.961511563213877,0.044100967342203624,0.009781887977094837,0.019070830549867697,0.001059391593120597,1.9960135665111154,0.860975322537512,0.9974540770166693,7.013223905457853e-05,0.6642512506450241,4.45046092952699,1.2163881971766246,0.6566453023164606,7.137111176383881e-11
3acf4f21,2.6308626517823184,0.06654943306150003,0.16557625326216116,0.23563241103501076,0.29906246912970447,1.2037113336030703,1.2564883054881533,0.021145353400174722,0.029204958001638606,0.044647573720200485,0.08698197659253674,0.06801874887176285,0.12469104656476762,0.1693571826924099,0.20268053052930596,0.11692706146653564,0.23945534892092943,0.35051482271756723,0.13120326984384995,0.466921668415559,0.03378303760874281,0.1371290298779861,1.0327992661163412,1.1610932926735593,0.0004734998043954468,0.09492151301019851,0.00020785976133589246,0.01720603600295183,0.003731457635886999,0.028523507768750476,0.0006814502328881285,0.03306382934319123,0.009775168434853421,0.007205235342084826,0.001025234610545889,1.9851745229151165,0.8454817677286682,0.9963299803599148,0.0003971725045218507,0.6938932604592682,4.568825508753269,0.7807564080702674,0.646834263188026,1.3545096559422591e-10
ed468d67,8.957649463568904,0.0533459664751468,0.20240427370537936,0.2346567557025003,0.30226479863199396,6.748152649583023,1.818550028466032,0.04017841116782572,0.0022351861349884945,-0.004783244980724299,0.049730242002345076,0.1150909024038196,0.13379523761022483,0.2137697186774427,0.25964786482847046,0.12739044958536122,0.25509109472118313,0.32148872280095653,0.1444138452346119,0.46011575202937605,5.493361185540215,1.1427681572551462,0.11202330678766154,1.7712332903596395,0.04353017751676855,0.0037865605896241633,0.035911890604168495,0.0022322847796648958,0.002034235783992331,0.0009054803765728199,0.0013297057584156747,0.028625050436461602,0.013304467597136662,0.020033698807182365,0.0011194311262360751,1.992797507201555,0.8621224110634842,0.9828743697614339,0.0007150466228544173,0.6980886203217869,4.458625574887466,0.996125890227964,0.7457214093418119,1.5347124037039114e-10
49b5c9e9,6.577665557126201,0.06449466610911554,0.16667258274393867,0.24868602178623447,0.31150244168209695,4.398654530742109,1.9020761458660111,0.0031892720555332555,0.014206869036175001,0.002838973186304674,0.0813658321613021,0.10927919297973988,0.13326673060590816,0.176266340129778,0.1904846774961299,0.11265182369574167,0.26737949101696185,0.366026750646,0.1520461391772298,0.47095874418696404,4.029292391431437,0.21560987607875237,0.1537522632319197,1.7129777095548016,2.4031128980652887e-05,0.1890744051822289,2.1722228574326485e-05,0.00013131925900938476,0.003036230567949544,0.013925165690597173,0.00028170334557782846,0.05360500908422427,0.005233789617751864,0.008232283437012164,0.001271921237362398,1.9984733270109691,0.8653009511438242,0.9970794260554985,0.00018676075028160663,0.5263057827627653,4.557131781703458,0.7155843712977343,0.8898350536428439,1.9141227921861982e-10
b4a57a40,7.0147344524506,0.054105453316743,0.12290826823853541,0.19806724043854426,0.3151990509578723,3.502801639405013,1.8729677803929385,1.3035326093639201,0.09045143605673271,0.06837012980594748,0.054311334515380574,0.03963489562890094,0.11308738790071826,0.14996618987694837,0.10567122693793962,0.10751013062521209,0.25674474944499937,0.22994684124542134,0.16228854835417114,0.46810955356157347,0.42057948173192833,0.9504775030783079,2.131744654594777,0.5874865206876937,0.021927982871073056,1.2635532768341717,0.000260788492665472,0.005691621528550791,1.2975801993427039,0.07718011785051826,0.013271318206214456,0.06552525523940712,0.0170830091445143,0.0047829956339305495,0.0013233148545069254,1.8394321810626626,0.8258113425721045,0.998447797467903,0.00035967030872970096,0.6529789826607085,4.414436203926402,0.6116355689943896,0.5428214222247721,2.2279317246784046e-10
28b28fe1,3.661523475050118,0.0616108642326559,0.16233108666996546,0.24383691826521822,0.31364892068564554,2.235553546186497,1.1735205133006321,0.025432447161125388,0.055903063592526434,0.05701173579597238,0.08753106178752788,0.04028979511446745,0.12261902851667797,0.16599035962839692,0.19838387186482148,0.10604516384461679,0.23857348079032975,0.3868921101607081,0.1594911495662084,0.4678066918050827,0.03158764849824354,0.13150430799951696,2.072461589688736,1.0446003706477758,6.556989841162605e-06,0.12891358566301536,0.0002127614519587277,0.017740448933892497,0.007479236775274165,0.05487242175537416,0.0010306418371522788,0.044117036486352255,0.0076431777260528395,0.007845873470422291,0.0012036814480445837,1.8264966752595724,0.842998214922357,0.99357260674264,0.00043298783990378825,0.5658420570358675,4.501128279205512,0.6198668903378148,0.7128272094019144,1.317179906544393e-10
c3265d70,3.3147624373452795,0.07802200441667537,0.17312846516068148,0.2519985099635815,0.3138375797947175,1.3839623785395232,1.69287015608204,0.06242119005111816,0.02693853767168068,0.023206502754942356,0.09622909073053196,0.1146304197645518,0.13246563008445292,0.1713575520074452,0.21556221339014636,0.12950797270799475,0.25979876642997335,0.3666887907527763,0.15465502896219263,0.47302013062724235,1.249875368598121,0.036767541841686596,0.0973194680997155,1.6552251995452378,0.00016530928905077224,0.03747964724775142,0.05449198982148313,0.0001582536146432703,0.007770946614991762,0.02529608034200157,0.0016424573296791069,0.08326106408619754,0.005121051140174013,0.008379599090284054,0.0010002926486137624,1.9219170103644851,0.8187732378029542,0.9988265519941814,0.0008182264124673377,0.6664231813984467,4.684243236530709,0.702203451815646,0.8781721086828075,1.5492774494227436e-10
88b3fd22,3.3527608345662383,0.06813394086267331,0.16673333110414446,0.23790019449810915,0.29865598752956635,1.7021747115737775,1.428168719806872,0.02958773074531438,0.04917006356772236,0.05628976014014936,0.09100735743918092,0.05710470500868967,0.12763372249177765,0.16900138222590172,0.20356488859475397,0.11505416338311712,0.24147009975642844,0.3571763203547818,0.12820167451845083,0.4691103005406818,0.03389397909694015,0.0805633487079801,1.5877173837688572,1.337748067347483,0.00028520231282718383,0.09013545014656174,0.00042507715748515095,0.011391536454015198,0.017771117133814032,0.04616502466797412,0.00300503889974824,0.3360148169065686,0.00500375043229381,0.01152204050583886,0.0010244390044900859,1.9955957826359128,0.8061205299350209,0.9955340222492807,0.0004277959333978068,0.6876983244819993,4.266024429262847,0.7903533399247861,0.6379330541518968,1.853859266722728e-10
c72d8aee,3.2166745386716067,0.05923452413534278,0.15917728417363455,0.23209911912787676,0.3052379809966929,2.2896522923266147,0.6924022863071514,0.08260419284339558,0.02034705959936426,0.024775045801343897,0.05876301962774721,0.09416550697693724,0.11391104527176885,0.1536437271298804,0.20997708011925442,0.12288641386042468,0.2300213407609913,0.3433896027622143,0.13445227859027453,0.4760236834031113,1.101750932108019,0.8013068561733293,0.3865945040452663,0.6216236338846198,0.01566319999033172,0.05511545243219986,0.010361350662384671,0.04449798056563347,0.027744861615377436,0.013658402294101375,0.006688657305262883,0.034784357162907446,0.0065428215987809075,0.007683256486267596,0.0010105996838780363,1.6478411171924479,0.8222840054439894,0.9924017931991048,0.0005541377571700363,0.6865695876766384,5.0124804322522065,0.8753446942851141,0.5475490030607799,8.810840295849166e-11
af9322d4,6.566162530500632,0.05507799575035207,0.1739081570593433,0.23638691387398011,0.3090290653447336,4.215779934558023,2.014360398103848,0.06864693214129779,0.007849910293614192,0.008653867508897593,0.0661048272537891,0.0904752924883695,0.13560191376842368,0.1884328709368483,0.19768968647275792,0.1259414430595187,0.23335960468311517,0.3498596938793065,0.1411400252468386,0.4769181054426286,3.074889032978784,0.5657383479568814,0.5751525536223575,1.8865007020768445,7.192745418625308e-05,0.12778776857281715,0.02452776278421765,0.032138848403510015,0.011980320953570118,0.0005397795236847462,0.007310130769929446,0.025350645506305985,0.01044933002011829,0.006266992360852817,0.0010716936997592378,1.8743085876967922,0.8313111916661354,0.9965756804721484,0.0005279572872057323,0.5481169531993775,4.589344451816786,0.9692428819233961,0.6777023894633987,1.7589558083715022e-10
a435006c,8.997980299537526,0.050483923684294385,0.1848249140706901,0.24508942254011146,0.25702520388616235,6.106849665323105,2.1956534077927747,0.2333050031695687,0.1224974147571711,-0.0018062299652412636,0.0672805553289466,0.08597744568917784,0.13919221956201858,0.18614831655173586,0.2291342060983158,0.14104906181234117,0.2502655956063257,0.34395361020166754,0.142450857858404,0.3715995499139207,4.985745922453025,0.539348965514272,0.5817547773558076,2.187422500762481,0.00027602971734372084,0.007954877312950222,0.20958857368324585,0.020064307837198616,0.003652121649124223,0.003602429964075768,0.11889498479309533,0.06560499410675152,0.01863050815864693,0.0029746846472612737,0.001002342547970225,1.8224120113327453,0.8511759790885824,0.9912425527758101,0.00030905860396315257,0.6909249120255623,4.843126370077882,0.9445321362193873,0.7700200731896449,1.4106274896765644e-10
0d12d1e7,3.139246700403909,0.058674017413827995,0.15087193088479547,0.23268772571716057,0.29638652014678335,1.7022024073420594,1.1981400037495384,0.07773305828879913,0.0311580161843062,0.040583096351806,0.06866906000936067,0.06676989588031731,0.11984561330418492,0.1561991951383032,0.1765709842118983,0.11609238031247818,0.24036074876389463,0.34161004807510886,0.1324988472215179,0.46027419307204887,0.1321905734965394,0.5045038711864809,1.0655079626590391,0.8974611249223747,0.0053334583292868835,0.29534542049787693,0.0006939631774312112,0.022198042285442157,0.054841052825925767,0.02158843989469508,0.00956957628961112,0.03984634762474708,0.010427233978870897,0.005559878031639577,0.001013253605511499,1.9396757786443855,0.8675176947834202,0.9977656343727799,0.0002376450900878444,0.641015712027165,4.359688505658085,0.7716598561050451,0.5257779191909621,1.1418741471683206e-10
90d51bd9,13.284125345050876,0.021694130305473156,0.09554711882777411,0.13366156860464432,0.30731843933154646,7.656865116285067,2.479999118394097,2.6516589006008964,0.09559503875603056,0.05709283115675271,0.0024153091336340483,0.00557425062603272,0.08884922109220725,0.13920011793662074,0.058592017454494355,0.107838178054315,0.25930577205334593,0.033840755706272,0.16247368994050876,0.4521631887225841,0.02496923389255617,3.8079002860402227,3.8239955963522885,0.04366079944370055,0.07874295506293547,2.357595363887461,0.00011381543748629396,0.00874152004659553,2.6428035651168145,0.0788307200758478,0.01676431868018278,0.04978286822783039,0.00711007267193271,0.007794242419891911,0.0010107436903012193,1.9420481626838688,0.8318594725601387,0.9959148196670038,0.0002542957131783714,0.48157217245008443,4.643583071815621,0.546502196663819,0.5145310785601173,3.4403318905736076e-11
6c9cc217,4.98398602616386,0.052683929043278545,0.13851182635632012,0.233602714725876,0.30434708283185335,2.8158492872122807,1.9516678324804495,0.00802603490351125,0.0016061760212733598,0.05600876027861914,0.05765017431191824,0.044392852539298255,0.1256956416580437,0.14558996566431642,0.1442498717466002,0.11470114969515349,0.24866500867574345,0.337441985806731,0.14676765399345992,0.4619265116702468,0.019398916843162032,0.8354678692418178,1.9609825011273005,1.2230602121289045,0.04112335864939462,0.6874842617021505,0.00020134034126404767,0.0029701686813640845,0.004854525880883117,0.0015460366520125511,6.013936926080862e-05,0.025749040882145004,0.0056342879175128955,0.003037898263360785,0.0010220605815897618,1.7910284032593544,0.8593497871768321,0.9989924473695446,0.0002563692853580081,0.592779825047679,5.079499581207232,0.7128191243616503,0.5173361202150801,1.0679101828437781e-10
f2a9839e,4.350103697343224,0.05228886834941526,0.14474538846392196,0.19783918729073038,0.3010252484116096,3.3832340416012547,0.5457962382225474,0.29076514113218854,0.006693393868369359,0.016785863887250535,0.06406227889791397,0.0760184622630813,0.10329698770150283,0.15556208413341938,0.17537709355684372,0.08891782288580255,0.20798730123962383,0.2966124377467648,0.13697337317129243,0.46507712365192677,1.9561031659596058,0.6242301682274973,0.8029007074141516,0.25295176614191733,0.010541214349661484,0.28230325773096865,0.12552196767458768,0.1441769090643762,0.0210662643932247,0.006540084103059234,0.00015330976531012535,0.061259654587881046,0.013432397518854536,0.005137288371835953,0.001552619014971327,1.889801425225634,0.8503751974394052,0.9917921637717376,0.00023386166676792928,0.4714176918516034,4.30361497532033,0.999671970107597,0.5000016761688449,2.813833911855383e-10
70eef2e0,4.040418359456647,0.05500691811893565,0.15194368402178274,0.2075043284741338,0.29974136014110797,3.1566163628976702,0.6219836860944548,0.12180813722207241,0.006006897318808754,0.018665353536419273,0.054588249548004945,0.09176715127238272,0.10690972112000657,0.16952535073618558,0.1793959802091561,0.11308793703915293,0.21231011852984955,0.297114929853399,0.13761148284256303,0.46187123743965297,1.7810549978343662,0.9435342412698591,0.4320271237934451,0.359661289631794,0.00022389784918947707,0.26209849861347123,0.001092879016277349,0.11670445692372705,0.004010801282068012,0.005365718685456572,0.0006411786333521822,0.056223159071641216,0.011491424033803935,0.004980280633989407,0.0011156756346498297,1.936608682637397,0.8229978536421412,0.9981243665659789,0.0002900154933129032,0.6044004526720766,4.647371957389672,0.9678913958647533,0.5234240536226088,1.1907801850782305e-10
285813ef,7.849732053504544,0.0627934704089592,0.18661623957215093,0.24284405119372054,0.29743861709923175,4.976000359220456,2.3796019610717667,0.16334797137719967,0.017797697202685654,0.0007620775161428756,0.06813785878767303,0.11948047492306171,0.14175456095152647,0.19192400946325627,0.22617014830167004,0.1366831183286072,0.2383867858631683,0.35346224938938614,0.13340137254844195,0.4614758616500215,4.407790738596221,0.5112518159883135,0.05695780463592219,2.3666072263163365,6.0094776314579844e-05,0.012934639979115497,0.13798054920712438,0.016855173050340757,0.008512249119734522,0.01772015861845245,7.753858423320615e-05,0.04909932484690973,0.010667976640705226,0.010022592016424841,0.0010544475750832569,1.9905377701434572,0.8600910725116983,0.9925282242380888,0.00033809245700677814,0.6323729155462133,4.528776983886516,0.8622714603421278,0.7838386656352152,1.0852730451470908e-10
3c4822c4,10.932393143968106,0.038430840092058785,0.18399428707855625,0.229195691737347,0.274753966299136,8.394995491867563,1.9465476980190943,0.14816376538366413,0.05244788220526185,-0.008469239167873233,0.05238301782106285,0.07137874162298674,0.13628111924478487,0.1795469055702099,0.23615483642067392,0.1300549436510121,0.21958228640426042,0.3379498451567685,0.14837554158394725,0.4011323910143248,6.256452947603654,1.022240805444624,1.1163017388192862,1.939716238533565,0.00013839686207778993,0.006693062623451567,0.05749793837788917,0.07950557754428839,0.01116024946148657,0.005080952019675013,0.04736693018558684,0.020570787948885106,0.006552967029946622,0.004524587664483893,0.0010654574877364815,1.5183588731688462,0.8476687431443528,0.9975704599992676,0.0002607392006467822,0.6319604192782622,4.287145799808553,0.9931451761868442,0.6971951566863198,1.1119910287633586e-10
4d272ac7,12.477031833206562,0.04715652317583968,0.19365349837783555,0.24372632154385024,0.20926851978754488,9.434261607310647,1.9186946240415121,0.09968268557787738,0.5802495207226291,-0.016244292905940653,0.049668838373149796,0.10804502406030989,0.13537747102896844,0.1854072078634244,0.26017581624111386,0.13326450579410365,0.2537540758037368,0.3441603830337102,0.13792947460682486,0.2806075649682649,8.092358262062776,1.1267918377748236,0.2151115074730487,1.9162479563256412,0.0015173810306655636,0.0009292866852055776,0.09188391253921409,0.0007420291889309479,0.0070567438497323495,0.00389898631516608,0.5763505344074631,0.016484489317355997,0.005481619942708933,0.00887907972075528,0.001017434841281732,1.9791182276596484,0.8356117088381927,0.9981197931364109,0.00025668724780115613,0.6999418407684909,4.6815378202808695,0.888609693453782,0.9329478521779146,1.3028680087689376e-10
bef7ed74,19.492935639843747,0.0204239010784796,0.07277029602336238,0.126349766164816,0.08152646579832443,7.515236065761718,3.933807421222755,2.9298728025408445,4.683118300571299,0.05068077995684307,0.0007534573940965082,0.009837465884499217,0.08616650129115777,0.1190711671393688,0.013073219639560575,0.1012007520980179,0.2559003021601282,0.021948244236301883,0.1629917497220273,6.118187462155504e-05,0.011313931058016324,3.9309450028443846,3.572977131859317,0.006869297527218213,0.2898930812703309,3.6370450424252057,0.01056639691017735,0.0071736255515336515,2.9121327800791335,0.08343002508101574,4.5996882754902835,0.040810551414679964,0.009935708290434699,0.007415959239707998,0.001218328406727336,1.5562316444975823,0.8220592903480296,0.9986795276210078,0.0005118265894352438,0.6607193987737502,4.9166489755536364,0.4387312659618937,0.529186631614236,6.882634165454194e-11
dc6ec405,2.8496030174698364,0.0764062908204578,0.17648114612490576,0.2319160331941558,0.3018672852233092,0.8327709611424194,1.7960635745710374,0.06823835994096308,0.025620275967606625,0.03268913952436474,0.08666123685790739,0.10986849607910128,0.13386181741102227,0.1798790770118539,0.21570254395184116,0.12683225108574103,0.23713636564072413,0.33177948285600223,0.13188193876283805,0.4718526316837804,0.552711114107892,0.13313158553118232,0.1469282615033451,1.7573006755000802,8.34299555853125e-06,0.03875455607539847,0.03044815201754389,0.021668703378967626,0.016121504544451565,0.02452721045819815,0.001093065509408474,0.03873157543692469,0.024225527758173986,0.0031956814376558635,0.0010282432977411881,1.8258274775828163,0.8680090947236211,0.9967399396619679,0.0006065644518735651,0.6501539883659572,4.618164822988601,0.8969908508902209,0.6981886460814213,2.416156343801621e-10
480b9b1f,7.827407351223782,0.041791064659621964,0.16601576881692076,0.20809884530614173,0.2878169268502624,6.820921805760568,0.4992199639992273,0.25553046906903804,0.009192358209546286,0.0015201235136662198,0.029256112364796777,0.0945969581004029,0.10964658093798596,0.17064431681698378,0.21775640869579255,0.09657937878237471,0.20001636476181983,0.32770079237423055,0.1456552908440785,0.4299785628564463,4.321602242820356,2.0941133147027204,0.4052062482374907,0.45603035909621903,4.424922304633613e-05,0.043145355679961944,0.03869883143754442,0.20281164887626368,0.014019988755229902,0.007215798942392047,0.0019765592671542394,0.05828559877149574,0.009543009742873833,0.004406417379424582,0.001442316182682481,1.9653622874183325,0.8430872576094514,0.9913023686461437,0.0003391584747742174,0.45542586590764406,4.654115529517429,1.0869448982702508,0.5424802121837341,9.016598812938472e-11
666cc70a,2.2105047370322453,0.06736276936771324,0.16727076131866317,0.24462048480870993,0.2982153114248206,1.059640423260482,0.9911052310961631,0.02109982686382177,0.03110194504494107,0.04021491384518004,0.082836221139098,0.07903717311886169,0.12026745471393308,0.17506670744817235,0.2064781217938841,0.1165007621098717,0.24364261545205187,0.3737180768642062,0.13077226055022179,0.46565836229941937,0.14191473710408728,0.1977199543534106,0.720005731802984,0.9191810886180654,9.782725308962201e-05,0.07182631522500812,7.837721331454132e-06,0.008608694438680873,0.012483294703809442,0.03103500285968154,6.694218525952878e-05,0.031885064045271125,0.022562770862005102,0.0029600600382825673,0.0011409216771867087,1.878549506676466,0.8342237464461983,0.9951904894371506,0.00040338979933329366,0.5915480944179599,4.6189556086949715,0.7858557658070455,0.5811941472194868,1.1641048775700172e-10
43abef00,4.118589943666704,0.051772081017319914,0.15604958073217237,0.23123917353852175,0.2973289492338447,3.506051104283076,0.35420321079610495,0.11451478120851738,0.0019506316867083863,0.016345456733027185,0.06773624944429357,0.07123453687463899,0.09943398256695293,0.1795138297982696,0.18920092983129455,0.0955948718818608,0.22735429577910005,0.3707683529546044,0.1455211235646045,0.4491367749030849,2.0235588590138422,0.523548593568634,0.9589436517005998,0.16393944221412365,0.0002968454096621024,0.18996692317231917,0.04805458900397218,0.049771956912194916,0.016688235292350286,0.0013642931159475419,0.0005863385707608445,0.01591448729394367,0.017920137043783757,0.004555315989855963,0.00214485850911019,1.9940524841159566,0.8469980795072152,0.9967264776370088,0.0001317401722940827,0.6936805298185881,4.819926157310389,0.8707023360224557,0.5150417007860801,1.7142891463084762e-10
50af0ac2,7.574444787439263,0.043606029888238425,0.1686167491799603,0.1929826499917695,0.30409957797939674,6.418521265000699,0.7260263374457465,0.17635473115291742,0.008520713656653564,-4.589524089771953e-05,0.04633881548039595,0.08452516942521705,0.11447694391144728,0.17282352725782155,0.2185497763706121,0.10570267198180452,0.21419010986140924,0.2590551681320948,0.14872868727660363,0.4594704686821899,4.566406766479969,1.2654601205955798,0.58665437792515,0.6928332656851554,0.0001614842273172326,0.0330315875332739,0.00251502729647505,0.10747931793256113,0.06636038592388123,0.006595509333874532,0.0019252043227790333,0.03034317495651462,0.015028497059383304,0.0015752507099538664,0.0015488757874863952,1.992074750862831,0.817616186736573,0.994894914976713,0.00020383699123034007,0.44872597191546015,4.570585713205664,1.0855405714898474,0.5748775660020586,2.0836402569547067e-10
e2d6b09a,2.7790377193663742,0.06470875912021352,0.1649778057124575,0.23399881418080884,0.3056985131809314,1.5182696381315135,1.0735001346051234,0.06152763125271643,0.003130296536962644,0.031257155962901524,0.08665623061962058,0.07621289077811846,0.12206682415096981,0.15916109848658574,0.2137054944998169,0.11173877853029549,0.22887528053074618,0.36138238348138485,0.1396007487001387,0.47179627766172405,0.5917067988273923,0.1333294932981367,0.7932333460059844,1.0178973526986521,0.003946444219761059,0.05165633768671034,0.0003048317268404976,0.04186266662571449,0.019360132900161444,0.001402454094867589,0.0017278424420950546,0.028967032623722737,0.01866804191305352,0.009862826534922481,0.0011555646161368813,1.625661997441007,0.8423853253953566,0.998996468045793,0.0001710341392491837,0.6630299056300842,4.686682235292586,0.7297385102852804,0.7018330150560543,1.4908747724232177e-10
1d09768e,11.798936339010229,0.024283337581113857,0.1395783385938559,0.16959814143661822,0.14456088184275362,8.431946058761806,0.5910531991042635,0.6553411967156078,1.913559086945109,0.0014223327389128338,0.02507661339486925,0.046351066609559496,0.09610715089339338,0.16094398235277993,0.16168388253539442,0.09156454464917868,0.18440160719067616,0.23282827246999982,0.12237177213717886,0.16674999154832837,4.296448232506585,2.327442532285019,1.8080552939702015,0.12955999500836632,0.0016599008098487202,0.45983330328604843,0.08702426980215847,0.49421925427776003,0.0740976726356892,0.16074762277516158,1.7528114641699473,0.04895004603824281,0.015110931498424034,0.007416424224508041,0.0028212167981918257,1.8855771457726342,0.8286675530817638,0.9959957996594114,0.00035137853016297635,0.4367623333703934,4.624374147565311,1.1171530072823357,0.5474994745093293,1.567071638850565e-10
e18ed040,2.212315184757611,0.06283926977900568,0.1448108510295718,0.2111225772246785,0.3006101206240258,1.4503843421474978,0.5190390559126405,0.11970068073827014,0.0413723282579946,0.03588634945634436,0.06743915649429363,0.08519230338637906,0.1032868733907769,0.15259329645132463,0.17855238324661388,0.1165942328332755,0.21388879599611155,0.3028847028446484,0.1293855970044,0.47183464424365157,0.34853174664515685,0.5318820009377595,0.5699705945645814,0.25308930889047104,0.014045429322056723,0.25190431770011273,0.0010356175857662003,0.10809066461561229,0.010574398536891648,0.03862732246651979,0.0027450057914748085,0.05736877479450255,0.007238863299854256,0.010706070437403169,0.0010229370664452222,1.8965031025753085,0.8490336161742142,0.9967320876632456,0.00027746488226845355,0.699369968136536,4.58681654933844,0.9290646506938781,0.5003209804133202,2.6683166142706533e-10
1779106a,5.552441641824682,0.04435467729891599,0.12122411642651613,0.22626873205031814,0.3095376231816779,3.419024382010158,1.7966945741504672,0.1001246323099229,0.03597719695181295,0.04694635250873097,0.05016303719399587,0.035954642194021155,0.10979731001675899,0.1461467591859129,0.10772828007687654,0.1095767461914053,0.2353361790407213,0.33389327091882787,0.15655314113984262,0.4625221052235131,0.032435145832744455,1.1074372505350616,2.279151985642352,0.45972562277026224,0.03757345122066813,1.2993955001595368,4.4081567921760496e-05,0.026131143283007353,0.07394940745899378,0.03560865877607904,0.0003685381757339081,0.04257095872178001,0.019987838353211777,0.0032315291699427217,0.0012763948372978159,1.8472549529828157,0.8369117312966087,0.9852985096545285,0.0003125251019755285,0.5115172752104225,4.8463111629261935,0.6544251390996436,0.501645467154611,9.045657658086138e-11
b5dc9eb2,12.920631099505288,0.022742588529356917,0.08543310043507789,0.14210722643240198,0.3138179173408251,7.466434341592598,2.8436747693218454,2.1567893804744713,0.07531846971114008,0.05777739004272798,0.0075219669570875305,0.002928408588255247,0.07680393859770085,0.1358593921537578,0.043635970553775,0.1068679049583518,0.2624795313912623,0.05697424294759183,0.16199727555612975,0.4656385591255205,0.03365472823622003,3.4550991102379562,3.977680503118422,0.018095756769079978,0.11092624301450356,2.7146527695382616,0.00018228907758033338,0.0026582815781100323,2.153948809818781,0.07488529017014059,0.00043317954099949093,0.037474415728507585,0.03262949777562487,0.004843073710384748,0.0014514033908539052,1.7035025172994702,0.8198721593728726,0.997146778978214,0.000622323553928183,0.6734319288827298,4.644498967220078,0.400091947737465,0.7030700187581839,1.507670865913194e-10
def52e78,4.314773699266352,0.05330758681069714,0.14616551241113424,0.20155563678246927,0.30025611730782764,3.320359030010218,0.705032360593149,0.14485121982071641,0.009608271459530492,0.01759640205898156,0.054765898911468124,0.08756045946164173,0.10776747133167762,0.15672647630365982,0.17400258959806528,0.10435765637521385,0.21025956177925864,0.2900496921929353,0.13814017679749574,0.4623720578181595,1.8604100470003155,0.9424239539178152,0.5175250290920872,0.39504136063546325,0.007345546413047019,0.30264545354463884,0.002442893493547798,0.14121994597133464,0.0011883803558339742,0.004303714089002909,0.005304557370527581,0.04834316112670485,0.011607272463595508,0.005135869519083595,0.0011487263205466013,1.9941162931351974,0.8257905630466678,0.9959022484583029,0.00039127365319400765,0.49350189704028136,4.386115614533245,0.9942498030365524,0.5059245480220946,1.1089112845234848e-10
ff23fda8,3.714157897278511,0.06010794688874438,0.12023579151415846,0.22531671381512233,0.29945524608941787,1.761576494376974,1.7418408651803563,0.04892213427762662,0.042921998432738716,0.03215990269996432,0.06498931944705885,0.08317461851920996,0.1008183003363512,0.15869790618911536,0.10119116801700884,0.11408703029084244,0.2366497264214883,0.32521338473303624,0.12876887136370324,0.47014162081513244,0.5470920333632302,0.5975793649987138,0.61690509601503,0.19433875263787043,0.006832180924790829,1.540669931617695,0.0006301573163364589,0.022244527318367784,0.026047449642922375,0.042752812337773644,0.000169186094965073,0.04490283971002169,0.017656869735205066,0.005021888259019849,0.001170940728619525,1.960202748456154,0.8421557395049054,0.9953874541696385,0.00041180228720099016,0.4558006006318789,4.521316613431029,0.8614561673140312,0.5007706410487038,1.3707142086854635e-10
009ecff7,5.984393186220027,0.06357448486312624,0.18096841797674293,0.23855761242079684,0.3080915976343628,3.8692436648204147,1.8065379804146835,0.06552151427297014,0.0043718559304749905,0.007379734952996821,0.07388183398714532,0.10946188564923659,0.1344685480179691,0.17770722839759398,0.23072947751466572,0.1302133732294137,0.2460495837117594,0.33940988032121744,0.14534891050925403,0.47083428475947153,3.2986958374608846,0.41648079594703885,0.15406703141249117,1.8003725698795954,0.0003344272202914354,0.005830983314796722,0.05906069605598378,0.004461120728269977,0.00199969748871638,0.0005894267852187023,0.003782429145256288,0.01785654312463705,0.01605544488130977,0.0071392843427325004,0.001065365932504092,1.8104327748946987,0.8339090680976774,0.9910034171862406,0.0003520856952897338,0.6921913717902476,4.6412854210284555,0.9779254328636827,0.6660702470666839,1.4998377155145016e-10
ca2ec7d8,3.8204834218421246,0.06413956386532906,0.14282640049145426,0.24693788400551886,0.305423985718804,2.097318489964159,1.524149246074077,0.005602925371016052,0.009331406812657626,0.06450733491874688,0.07201417443506712,0.055897182242173125,0.12191154026526851,0.15115408450425005,0.15541357670484424,0.11566035367443242,0.24639053389770454,0.3787627644444196,0.14807309872226676,0.46277487271534123,0.24508537811419945,0.41210687103490906,1.4401262408150506,1.0059897045254076,0.018420235452463594,0.49973930609620576,5.4309564627434025e-05,0.005114871911472351,0.0004337438949162674,0.003235281406023984,0.006096125406633641,0.021241456950738327,0.013000035441035198,0.003976379408031717,0.0010525735251671101,1.510544650151145,0.8537698997391,0.9967867067227659,0.0003790174610693384,0.46276752195161563,5.032676404194369,0.7228076292925677,0.5370218672522746,2.229112320606168e-10
9f71145f,4.190735698544306,0.05359434633279223,0.14916348422923376,0.22663719777033942,0.29262238349764313,2.4518620309050734,1.482726090831753,0.045355410864584236,0.040266873526381336,0.049766835149217634,0.0673835927242197,0.043632611124939366,0.12440284270572727,0.14920475422529103,0.17388285575668297,0.11642022860670381,0.23475509660927912,0.32873626809503537,0.12976908938598317,0.4554756776093031,0.0034346552149893644,0.5294193704340375,1.9190080052560465,1.162858939707602,0.025651864563076474,0.29421528656107454,0.00014734307172091952,0.024905250959209674,0.020302816833653647,0.036374043943983546,0.0038928295823977875,0.07784747697759886,0.021450259580862288,0.0022788674387839714,0.001023197683874981,1.809737247729485,0.8409733972185861,0.9947034691111748,0.0002569183578587394,0.678680147419501,4.3801384196862925,0.7650410943313402,0.5044745309426077,1.3172146520469264e-10
4b825184,2.7817455742918407,0.07453415985915411,0.17190119683554902,0.22893637639780126,0.30452926614391884,0.8315719453725723,1.7214689934612015,0.05250806381425175,0.05166613574971703,0.03468953521054069,0.08565829438687846,0.10325464998004319,0.13193259488133674,0.1833326715640768,0.20043832406123355,0.11561681821207265,0.22656257184071205,0.344629739140619,0.12802257833081285,0.4810359539570248,0.43049339863012,0.16816628937831934,0.232912257364133,1.618398889879305,0.0002655595421214732,0.10280454403977513,0.00012057211681025954,0.0505916045375605,0.0017958871598809845,0.04696558381685262,0.004700551932864415,0.08660381159655403,0.014010579830301309,0.003920646211533949,0.0012522777511321547,1.619927026375495,0.8452753774732404,0.9896624616922253,0.0002591001165754456,0.637456859802273,4.528699489934968,0.8084474962001587,0.7085470766187103,2.289026290468999e-10
08779014,9.431880373845857,0.03364354044878512,0.10376476944517639,0.251545215400566,0.31316849818695125,6.176833856688872,2.78060654491187,0.008144077039467908,0.0949260643250176,0.06574420664820603,0.028480288553169114,0.00670612614498021,0.10773592075841129,0.14607888586313417,0.05747950171398375,0.10737698566061818,0.2694153891273451,0.37784327141373475,0.1636317414892362,0.4627052548846663,0.2813325749407358,2.1357265222805615,3.759774759467575,0.38751504875182496,0.03862962740533278,2.3544618687547123,0.00022069116978825032,0.00373410767262409,0.0041892781970555674,0.08931396417260246,0.00561210015241514,0.05027918460729491,0.014091142292571199,0.0049209324903556366,0.0011806455462257336,1.852873018357362,0.8386039548354651,0.9962726526747993,0.0003707179181970786,0.6720287235858375,4.876552370710056,0.5323444663814207,0.5664095157135616,1.6088118203774517e-10
42085097,5.540797573453542,0.04987024930546539,0.15380639572536986,0.2082509855159007,0.31028564912529705,4.2012930589687265,0.9507070190431086,0.1818692772357261,0.019798378892463733,0.011578347154395641,0.05471518477232987,0.08331721598967065,0.11467305220141102,0.16790718874193958,0.17883894623275898,0.11104213888127593,0.2023959424409975,0.31131487522542867,0.1359340666349531,0.484637231615641,2.643922485632273,0.940088966350124,0.61728160698633,0.6781407179187332,0.0006241114906567434,0.27194218963371863,0.0005229673821288938,0.17831337543545922,0.003032934418137992,0.009759280633449888,0.010039098259013845,0.07861497778598608,0.009201862310302863,0.007312294456947282,0.0012681368738322676,1.713345749966142,0.8446889536327501,0.9898437200680603,0.0004933510095250967,0.5173091962569779,4.773959675864965,1.0058720001227481,0.5321899822875993,1.464213970704449e-10
16ad8a2c,4.32058727745971,0.06696385395143424,0.17358749718850008,0.23194805168215551,0.3068545594188006,2.1216595281915347,1.9759754088459016,0.02266775359537001,0.02282390781397607,0.019674493766584006,0.08088635750340467,0.10033071058431406,0.13407236338691148,0.18913288376569626,0.19755724441289257,0.11612897722173471,0.24344225072132541,0.33627292710340645,0.1337013254517188,0.4800077933858823,1.619147358160383,0.2245104618148821,0.27800170821626946,1.7693793516322343,5.532648733343637e-06,0.2065905245649339,1.6669133132627433e-05,0.010049273915550772,0.012601810546686609,0.01707256159926283,0.005751346214713241,0.028019841986935686,0.012779994761530916,0.0031866601018071756,0.0012565981996058339,1.7864682845144755,0.827564488702445,0.9899458390046417,0.0003372687780927855,0.47667500396436213,4.639462024045436,0.8983010888276747,0.6568029386419113,2.0405459448526578e-10
c5bd8a21,2.7193065392259688,0.07549336915987255,0.15214793233052645,0.2532460442436872,0.3152039123326706,1.2078395164302917,1.286023204072689,0.019970454011822285,0.06386324593312817,0.06395510722536071,0.09037095512984542,0.07215404512441152,0.12119615991009838,0.1627070860114578,0.17254055107002314,0.10714626902728418,0.25803685550098104,0.3945550082027963,0.16043413455351813,0.46997369011182305,0.20645977394340184,0.08755040674302166,0.9138293357438683,0.9681945885873307,6.628699875769015e-05,0.3177623284866009,4.296034177673724e-05,0.0013966689130358663,0.018530824757009682,0.06200788278596311,0.0018553631471650645,0.07700636314124779,0.007155023376905943,0.0031746149794299396,0.0010461125398881024,1.637439157158874,0.8395148069835898,0.9857641212699674,0.0004244760812709984,0.6122927314369575,4.890390835383368,0.6383825926131105,0.6717238479559028,1.8151765194282285e-10
a6f68780,1.8667455176542123,0.0805607903404786,0.16631160410359477,0.23415407954053594,0.3103842448943782,0.8108007599313476,0.892760073007103,0.03338790082608912,0.03633883509022848,0.062185756566020045,0.0849012060973901,0.09459540835802563,0.11742283608328871,0.1786094426903198,0.2029025335371758,0.10703455335352349,0.23673463422264518,0.35869305104543914,0.1320409468108964,0.48872754297786003,0.2762291242457519,0.15833356877932372,0.3762380669062719,0.7788530161875327,0.0005883366941800033,0.1133187201253904,0.00016789562365602032,0.024143317348671027,0.009076687853762073,0.02403248772323376,0.012306347366994722,0.052148439023857976,0.014286836879542431,0.006707077427574084,0.0015272372935630804,1.5906210564664036,0.828393015858769,0.9952503641941587,0.0003395937633232807,0.5626947884627368,4.394828170310305,0.8096918425904979,0.5782292454239847,3.052727467080404e-10
9ce5fb68,2.221785842243704,0.07212677293765078,0.16845190640607263,0.2269252367047764,0.30483366331436207,0.7666426880497279,1.2361008129396993,0.07110879975385391,0.045042259310146666,0.03960345759009251,0.08193531142055399,0.09484154980230586,0.1241769238936343,0.17890267089695627,0.20227612442762727,0.11482422976464401,0.22583051690918782,0.34012096344049736,0.12915613914795954,0.4805111874807646,0.16293691752589376,0.21161785684955886,0.39208791367427537,1.1331451632555938,0.0003324795617001815,0.10262317012240543,0.0002763053878325578,0.05327260312428074,0.017559891241740618,0.039883041494397836,0.005159217815748829,0.04087032322092816,0.018255814295707593,0.003677741863529128,0.0011943871090609411,1.753498205180571,0.8425786159002879,0.9951305701352436,0.0002713215610802274,0.47004588284095183,4.327178625915608,0.8349153950447442,0.6319200253724692,1.9245937500921632e-10
7f166569,3.020923631955152,0.06499684837238287,0.16559734525874764,0.2417178424201291,0.3169870207567524,1.6489391864117775,1.1642386687821324,0.0076924303376433335,0.06647637615790664,0.03305996870251836,0.09420280891301218,0.06772776750161807,0.12357452756872614,0.16318357381705131,0.21003393439046547,0.1101465671196303,0.25360360320398484,0.36140335693677217,0.16065786203557564,0.47331617947792914,0.48637765799280674,0.04956208790967584,1.112999440509295,1.0974497227668958,9.168091273405938e-05,0.06669726510250269,8.327002389421311e-05,0.00584674158858703,0.0017624187251620914,0.06377164800573759,0.0027047281521690395,0.07165937051168064,0.008386979310708103,0.005046903879623986,0.001022923419946324,1.923347880268377,0.848131806411278,0.998999711741476,0.00043337956141341013,0.5933837048722811,4.408145839681236,0.634812658865726,0.8260015779140528,9.672055234630844e-11
89f5fca2,1.5634755291610605,0.07926867672393968,0.1622601436238476,0.24017044988227063,0.31231822285682576,0.5565861832863527,0.8442062620194327,0.023673686258413755,0.05238986470447088,0.05444560639265471,0.09510204157200787,0.08825838220715645,0.11707458449293658,0.16568625108266644,0.20401959529593985,0.1034573967730762,0.2408286162904309,0.3762253365833047,0.15908083542027035,0.4655556102933811,0.008654939363855361,0.04216381063079461,0.5057674332917027,0.7618186900343684,1.4751334189859516e-05,0.0823728206508744,0.002797132477996192,0.012650108593528433,0.008226445186889132,0.05188513375583319,0.0005047309486376913,0.02793559477533886,0.010930157829896862,0.002682999765692018,0.0013124178787828629,1.5623910440675028,0.8311159891160171,0.9924856669976458,0.000292321014702241,0.49557887735091555,4.7797066251792915,0.6252264904616032,0.6975429110413051,2.0168422129548315e-10
076994a6,2.6814192952831872,0.06478520555846093,0.1390501222559055,0.23353792460648012,0.2921087899515216,1.2870233016198993,1.0031942265364342,0.2655845237072197,0.017750113650695933,0.04412950616261543,0.07969569891973566,0.0705304115930317,0.1080927116865466,0.157022342905525,0.15203531217564484,0.08419531801110508,0.23323944971566482,0.3831790060926704,0.1383080194281774,0.44590956047486585,0.07093029714541062,0.25971066637350604,0.9563823381009826,0.4000519239257472,0.0071317717173532275,0.5960105308933337,0.2134508737656716,0.031587519319262444,0.020546130622285646,0.0035126062702294323,0.0142375073804665,0.06540456876500564,0.014472923479545428,0.005985125657630731,0.0019737115484364898,1.7288113636171933,0.8504724363878656,0.9979716126000946,0.00014915414918997182,0.6663974184379725,4.545162979518213,0.8139446220627949,0.5000010666304692,2.8318819888856035e-10
1fe12739,4.046862101660351,0.05805950165017501,0.14388401509981322,0.25856405367485613,0.318688880230689,2.634575389601097,1.0303730381910663,0.08541436455882627,0.09695397944612101,0.06230248280731834,0.06890208774951909,0.04297393439368761,0.11444621944393293,0.14907230505052196,0.16813352080498473,0.1056015989146804,0.2490093551504839,0.4210812069594041,0.1642802613798146,0.4730974990815633,0.14456386368052754,0.48956414082596833,2.000447385094601,0.6437657147480065,0.025357140945587154,0.3612501824974726,0.00023813297121601018,0.0029991336342357036,0.08217709795337455,0.0954851304907464,0.001468848955374608,0.03316832049700292,0.007860197391219554,0.001712333213185133,0.001387487984311717,1.4166189626646981,0.8408695196944528,0.9905064712459487,0.00020022519331289494,0.474082177169364,5.035667810889952,0.46055799320211005,0.7956275655717839,2.816304902373994e-10
44a6d452,1.8772154757712374,0.0721421807142827,0.16264791056905592,0.2439119490729631,0.3086931931433161,0.7511761804533708,0.9648948282617655,0.018705097480184556,0.044944715957110595,0.04403266495094432,0.0812718264725015,0.09112205071940227,0.11777966454974095,0.18011494533920389,0.19004912181822292,0.10869009051725431,0.23952804089307467,0.3835177158085603,0.13006126078179697,0.4873251255048353,0.08933598573197205,0.21919184692559263,0.44264834779580614,0.7963457103861933,0.0007045606105302579,0.167844557265042,5.0945891492241974e-05,0.014326655001054369,0.004327496587637946,0.034669233746905184,0.010275482210205415,0.023338251569031045,0.01542597461240746,0.003280211951564165,0.0014426221298170384,1.5854103203396963,0.8197837234558847,0.9987604763218692,0.00028034003652322673,0.5880026603501441,4.592802995957682,0.7851362013939304,0.6190577371195802,2.2617725732488475e-10
73e4ef19,8.114455290696927,0.038394224664798304,0.11931129131078655,0.19463698118051642,0.3136777025434786,4.540841957070368,1.8614675603146433,1.396689943122534,0.06415395483739213,0.05301577589273836,0.04905591593666239,0.013110982164994168,0.1107849248884768,0.14280952648776937,0.10433942255611348,0.1107170020944716,0.25205425066899273,0.22113969077808496,0.16067808700199995,0.46667731808495727,0.00017496635941779466,1.1511540971232377,3.389512893587713,0.496304110558656,0.058611608473893156,1.3065518412820942,0.00012791125728920687,0.005902124043380855,1.390659907821864,0.06388307754926989,0.0002708772881222317,0.05792495633290125,0.009231599383008882,0.005154049756965516,0.0010918989350593472,1.7604382401587644,0.8182970850730463,0.9927457528654158,0.00045296355412697447,0.5446101042506528,4.738479069475176,0.6145641773525771,0.5336638606302433,1.0186769239658918e-10
e362c575,3.951746879337482,0.06695821805525659,0.195019575230288,0.25375942744406726,0.3200186207358111,2.936503053492431,0.4015582011005931,0.17811133939697588,0.25595222164089076,0.013284402691302086,0.09145185466531774,0.09613839680914994,0.10708429516876829,0.21021606761333686,0.2677583629087589,0.09117072276367988,0.248763179678842,0.42134437988968,0.17662975393757946,0.46340748753404276,2.4925957276709303,0.09091181334953977,0.35299551247196065,0.36518271709962336,0.026696640409309507,0.009678843591660224,0.08895447442930549,0.008632611629614751,0.08052425333805564,0.2543813984128225,0.0015708232280682859,0.045236159653296436,0.00582370390918194,0.008473747723317715,0.003246058268468128,1.7668458002561218,0.8429332404901372,0.9901733203251885,0.0002668731926747335,0.4640054499370475,4.688780297302996,0.775139245293703,0.6148202715662511,2.535653260592542e-10
d42f5320,2.548456724686661,0.06435444532586543,0.15452597905838292,0.24393917553756853,0.3146417352029326,1.5020994266132321,0.7668825807559014,0.06578680153144603,0.09020435190366972,0.04743434264464136,0.0830599981196965,0.06256899521325843,0.11301363660740286,0.15905687006647262,0.19150743050127328,0.100862268538262,0.23467235984538065,0.39628289822906293,0.16365012236783938,0.4656333480380258,0.0059438770351797595,0.19437991935226998,1.3017756302257824,0.5831722398019026,0.0017258662006465382,0.1819844747533524,0.010998108594891632,0.025260018650658866,0.02952867428589554,0.08958288004422442,0.0006214718594453108,0.03263051444124558,0.010552849169562608,0.003233937728953726,0.0013606468757795835,1.5331627829021384,0.8291714849924762,0.9938649239097925,0.00039825071638934016,0.38628170793058747,4.488748393549054,0.5456824038566291,0.8083787472658439,1.8798239161482523e-10
0d91866c,11.386131153317615,0.05474428966672828,0.19534750026079206,0.261443685116065,0.2993778232570993,8.237070411221781,2.526447007169618,0.14802484732341786,0.03520645053078963,-0.013031655724752499,0.05632069601208744,0.1209438287128499,0.14347531785471035,0.19010404664224462,0.2524631362854213,0.13688958478620444,0.2748682178343109,0.3725732527276797,0.1301597054193993,0.4685959410947992,7.312439052051767,0.8762931370131952,0.04833822215681909,2.523071820056717,0.00031503055281831033,0.0030601565600829085,0.14559575278308867,6.0008817034657593e-05,0.0023690857232945323,0.034091912882780906,0.0011145376480087195,0.05262910065649385,0.01287530759095075,0.004274222270943448,0.0013088709030296397,1.8462209327132466,0.8203097906728862,0.9974743530209697,0.00028441840144726143,0.6932978602398785,4.475001599771243,0.8792660302669033,0.8651199555832213,1.633598402398235e-10
f7e38170,1.4201616912585144,0.0841959670270147,0.17257795584559177,0.25946651622562983,0.3137798937465203,0.34209715063815516,0.8905038509497074,0.09123891734214139,0.01593635999740168,0.04936164687121937,0.10645077296654978,0.09677548124327498,0.11922718812500821,0.17388147942220794,0.22462519998955924,0.10098486700859569,0.2580890964131344,0.4193255852551595,0.151772975992208,0.4757868115008327,3.6475111458475145e-05,0.005199960864713523,0.33686071466198314,0.8663269369524176,1.754493689672933e-05,0.024159369060393083,0.010822748155667226,0.0005613497807921,0.07985481940568206,0.013022980602733821,0.002913379394667857,0.056291772707190324,0.008088823169306402,0.0038962829360351613,0.00144879214462268,1.6260706436877472,0.850033848981145,0.9955952384273918,0.00017373627633746695,0.4608148061547041,4.519682515268878,0.6816256581709703,0.7812913131665814,3.592162426897087e-10
cea258c7,13.978599004487815,0.0401368514379538,0.19475712184025648,0.24560190037933136,0.32873485767078375,11.919641629957475,1.4374672938238935,0.06835881186263752,0.05380535442604083,-0.02461095910296811,0.0749033111791981,0.0701182022376314,0.1291219437488874,0.1977166152639518,0.25743280650793027,0.0935707669637057,0.2680580726432631,0.37517686153102525,0.14376223635876806,0.5137074789827994,10.29592052065436,0.344801320877398,1.278919788425718,1.4329944258694938,0.0029506048602011437,0.001522263094198535,0.06268652599988614,0.00033505571519681487,0.00533723014755456,0.0009067445351391948,0.05289860989090163,0.033032035998930155,0.006370111092104593,0.0059161907812926495,0.002183207032447835,1.4286313991070356,0.8198541343173099,0.9989752037884096,0.00020075229667121264,0.49454846874575187,4.578137259330549,0.7480804156281908,0.7952924028014859,2.3114487541426598e-10
7825e2cc,1.6073679684863211,0.076975359963247,0.16961075151140068,0.25177032604653204,0.31289486577367276,0.8786889650955794,0.5678658569872971,0.05375243482632012,0.02193682470655599,0.03436143466455246,0.10442425748564003,0.09214038773954852,0.11230482944647197,0.1692832501604759,0.22724417492725413,0.09826727523820776,0.25424070878551164,0.40280299411587667,0.15382711243789537,0.4719626191094502,0.4110372626181956,0.011404143776269148,0.45624755870111455,0.5545527115165632,6.663116107964987e-05,0.013246514309654265,0.024523018977478495,0.0015187597277641553,0.027710656121077468,0.021235513310098986,0.0007013113964570056,0.05505514320084432,0.007382061506085886,0.005128850527478246,0.0015595636357041399,1.5329346795315695,0.841312841657645,0.9913712483458702,0.00025007731486667047,0.39236002378857365,4.512130200209523,0.638608977217054,0.8273732643662495,3.212383642946436e-10
e3e91ce9,3.724404271134341,0.07142228817715877,0.16225994712604142,0.2860085136278745,0.322951813227204,2.1212856984105275,0.6401795386799851,0.6705640078628679,0.09765785392087231,0.06535736400559085,0.10371982188606443,0.04518967863982103,0.11193226279800676,0.171082481012883,0.2037650975672345,0.09777838296698052,0.26025433063439307,0.4999928272822499,0.1639490145317904,0.4819546119226177,0.26394099757891915,0.002038913684976564,1.8553057871466316,0.5397266710442632,0.00023229098925600222,0.10022057664646583,0.027622157784190027,0.0032508889098484314,0.6396909611688294,0.09229597445037654,0.00536187947049577,0.06370821375474768,0.007152786897831074,0.003882998575171635,0.001878234977643241,1.5862526537106243,0.8434590127038364,0.9959519241749943,0.0001391334366958068,0.3838361971285635,4.585468302964731,0.5278801071101585,0.7301212226181567,3.52315852723177e-10
4e27786d,1.225021942821081,0.08463789578444181,0.1636775049890183,0.2527620755800792,0.31330672817074856,0.3220334068430375,0.6869595395101274,0.12419175024037807,0.016304124721209855,0.050506126488098754,0.10509921645622303,0.09830834440900363,0.1132971220795478,0.17526008496031142,0.20247530792719576,0.10115061034008166,0.24030159383925964,0.4168340225608963,0.15224057872860233,0.47437287761289476,4.63784139217195e-05,0.008483695736404995,0.3135033326927108,0.5949227633402918,9.770470695241356e-05,0.09193907146288327,0.009770861454569551,0.012559287171695705,0.10186160161411281,0.014912946483933306,0.0013911782372765485,0.01766582248193511,0.013650864243594978,0.004325029009135184,0.0015507276832015852,1.6332044639805816,0.8191747328482217,0.9970968192683967,0.00033029215283988576,0.49920194938559936,4.715574447305992,0.6335799643785787,0.7313055494091869,2.649825523056718e-10
23731a22,2.2826435492970423,0.08686431488634001,0.16849128352242357,0.2468998547845498,0.30371079204867246,0.8898905704160005,1.2231483997356056,0.046898088390852334,0.008326440369433597,0.06716001280937542,0.10653142131288548,0.08690151053675915,0.12416431372958564,0.17868094807931972,0.20262858875836537,0.1094988177446817,0.2417113830609722,0.3894893635479955,0.13656678700244979,0.4708547970948951,0.3565811763054804,0.001911439378054408,0.5313979547324658,1.1317601617970154,0.00013343150436995402,0.09125480643422026,0.00024378716442876653,0.01157208380475571,0.03508221742166786,0.007140177219720416,0.0011862631497131812,0.040455839415476126,0.0143171680605901,0.003979859054383015,0.0011912790708618725,1.6851139315121741,0.827214794016044,0.9974143801681491,0.0004482531393381133,0.42927156860505844,4.628318584468809,0.7462880525721035,0.6989191477434561,3.171865339317166e-10
6cdc247a,4.430361869703781,0.06254903346442785,0.18130542239351843,0.2318442114606667,0.32768044382826395,2.475338125316527,1.6792564731736421,0.024001439942866735,0.062213024111365985,0.019100230314373336,0.07105196132131386,0.09749490875759634,0.1320405523624598,0.19773448402635202,0.21414123079174352,0.10623430142650905,0.23793738063906367,0.35136095231642733,0.13952508282147166,0.5158358048350562,1.7060505828691042,0.4344547636749011,0.33483277877252193,1.6258520814452608,0.003848692376503826,0.04955569935187746,0.0002941483520615929,0.01950493901259579,0.004202352578209352,0.0034631861930633618,0.05874983791830262,0.07667417885734609,0.018913339250673164,0.004900880419591653,0.0015878030142399899,1.7570993957072065,0.8375192679836962,0.9961272834517204,0.0001340491740113359,0.5604041274305425,4.476674206200368,0.8940552902584444,0.6523116870815667,2.6362774540732284e-10
e660f386,1.7366659001702205,0.07495810053521657,0.17303455177766755,0.23685358556879854,0.3043012996890826,0.7835121103575087,0.7874071272340968,0.04231165316064468,0.03615909914028629,0.04978943101736582,0.09674125672371833,0.07834361386456554,0.11697658509872061,0.18433391666910526,0.2177931535651767,0.10317490009392122,0.23773446476806082,0.36965139184441353,0.13046995140632142,0.47813264797184374,4.435819570222572e-06,0.03215862710613618,0.7513490474318023,0.7571633794099186,1.526701434227693e-05,0.03022848080983587,0.004312690375616569,0.029042682836898558,0.00895627994812956,0.03186030911260826,0.004298790027678032,0.06511738944909892,0.008850013816742467,0.0032338933474956788,0.0016193127928416083,1.584536670495679,0.8319766450943773,0.9919579001150699,0.0002797924660657385,0.4433342429817851,4.3881975435421605,0.7302269238318038,0.6837715653130091,2.881874232994407e-10
9872dd57,2.333794501024596,0.07018999631713821,0.15125120204880782,0.2543233526861349,0.31429281476859694,1.4192451105348423,0.5928610395074139,0.12336343163449345,0.07836995788954383,0.026972120471150253,0.08917394490133669,0.09442392357892768,0.10884792299402932,0.15323346910270708,0.19167221404968707,0.10143840040406438,0.23692973743112117,0.4246019202232192,0.16226820994369842,0.4663174195934955,0.9108373355781487,0.10295642266441543,0.40545135229227797,0.4260940072692072,0.011354567099802964,0.15541246513840373,0.008812603054551157,0.020756967428324023,0.09379386115161827,0.0771058781463605,0.001264079743183337,0.04013701948251651,0.008216178069508648,0.0014602974911557354,0.001378727713778406,1.5001158973544275,0.8400222425965761,0.9943547042631471,0.00015254746013314952,0.350766841115801,4.6560772831246435,0.5822704615748672,0.913538635580444,2.38801164661455e-10
ca69e1fd,3.2939016911875356,0.06377106939024269,0.17356746842201862,0.2501869791563424,0.3196482908338739,2.541552423312552,0.35626584194810695,0.18464472614984934,0.06860630946468788,0.024848859219594593,0.10746916290553847,0.05899518604559497,0.10645829991711524,0.17585396641588297,0.2383901389330577,0.09396647032770061,0.24186395525028737,0.41473051189103916,0.16084334008391304,0.47845324158383484,1.0945262678040728,0.00012357312315678008,1.4469025823853225,0.3451362276612823,1.6679004913896393e-06,0.011127946386333252,0.058629611710922694,0.010538001890694183,0.11547711254823244,0.06550052937781042,0.0031057800868774547,0.02907619791864873,0.01104617093681817,0.0018974709764266054,0.0018858004401318645,1.6989761642109933,0.8242573555615843,0.9878117289227083,0.0002600475793907652,0.5638243175007439,4.626516434792849,0.5349217959623266,0.9153962618243946,2.422663178149579e-10
aa47446f,6.7360252808396455,0.04528344381145936,0.1756456746557793,0.271985510518649,0.3194899258698356,5.634282541369093,0.3490456734584373,0.4052778685894187,0.07392087154286645,0.007819036045186533,0.09488742567594693,0.03314386971324462,0.10620667835433478,0.1763519335092273,0.24437841210377576,0.09135941543027268,0.2700098203912058,0.45458729573446854,0.16150872910773348,0.4774711226319377,3.216513424367454,0.04518575999994598,2.372583357001693,0.33723713372165853,3.495703245874105e-05,0.011773582704320015,0.08687076453828013,8.796225584580801e-05,0.3183191417952928,0.07079144157793052,0.003129429964935928,0.030165845735044643,0.015294310815975534,0.005253837207007646,0.002112519068521006,1.5234828074952964,0.842756838376568,0.9896633031501568,0.00038078887263098084,0.268060398749162,4.5992921238131315,0.5352860713666285,0.9333579034513403,2.405860449232161e-10
4f0c223e,8.061479512347876,0.07199615107520731,0.19385551925631647,0.27353818249233347,0.31285922747529415,6.240993545059861,1.2971472807906237,0.19113654440708877,0.008605510793096321,-0.008171300751028685,0.10050958344949688,0.12365017052715374,0.1269597266929055,0.1787137741555502,0.2758930569204937,0.09232362722690471,0.30344019243011144,0.42485072781998434,0.14889105064593267,0.4768274043046557,6.194448384222341,0.013194186204167459,0.033350974633353056,1.2965763391522078,1.221961060864427e-05,0.0005587220278071461,0.07595473966088326,0.02599231144415403,0.08918949330205148,0.006050731716746178,0.002554779076350143,0.03497384074603927,0.007488342463013047,0.0038888430140718924,0.0018957889295227123,1.614360009067652,0.8355491205963622,0.998483370870872,0.0004243563809241302,0.4699106341156843,4.597408121825872,0.659673057906126,0.9810876313592891,3.668238117461411e-10
6916c1da,3.889356670293052,0.06119018110500892,0.17008987525126393,0.2537270070215184,0.3135884234383555,3.014474989008516,0.6532416927350604,0.049563788165254745,0.010907034548633537,0.022547441954498496,0.10596177431419465,0.05506132704633358,0.1142300790015208,0.17288169128718556,0.22315785546508538,0.09940413227529428,0.2545345945980333,0.40724229419122765,0.1502044982692621,0.4769723486074489,1.320522317123123,0.0026293846160576574,1.691323287269335,0.6342048063158316,1.694619066414772e-05,0.019019940228564576,0.01801645664451896,0.0023064860752945353,0.029240845445441248,0.007946552583675388,0.00296048196495815,0.03460085640573418,0.009715568903579696,0.004830498041628322,0.0016562399291679475,1.8857465531038096,0.8257775130805975,0.991386914282117,0.00019826824766762863,0.31971039184288386,4.659846723136654,0.6352568100658029,0.8636434250700273,2.449020466643186e-10
dc5c639d,1.355452941606533,0.08338992675088397,0.1714290945461661,0.2567322121724371,0.3054378420336291,0.27626673635945626,0.8017462202334842,0.1456661260873715,0.047546989702522933,0.048051783549719854,0.10057900607629952,0.10153899062663252,0.11675124229507097,0.18514051117397134,0.212395530169456,0.10166700352258119,0.2381675909348852,0.4303620420598449,0.12891179193316232,0.48196389213409596,0.0011412000922289467,0.016363952157537054,0.25876158410969025,0.747130059522539,6.721099105027375e-05,0.054548949719895004,0.007888593113113884,0.019670088122533777,0.11810744485172384,0.04165705432610016,0.0058899353764227756,0.030458082588845053,0.00885373280955907,0.0066633470737521355,0.001723194385884779,1.5320989195981687,0.8368807275312317,0.9953330414196859,0.00033518411273164225,0.38040058782113173,4.633958912643075,0.7379108425420329,0.6794794061113955,3.2038773020930936e-10
be53d218,1.5759932817628846,0.08216927900716758,0.16157025103666697,0.23993774164147852,0.3060365892886453,0.524795976817499,0.9520700130229419,0.012274656884557342,0.0036596702829632395,0.05808494315049348,0.09739796904964124,0.09102492482136804,0.11887610721783959,0.16514951210171727,0.20068513379044411,0.10682345389332731,0.25505994178418717,0.357929829246921,0.14816955282162947,0.4639036257556611,0.03896771380972275,0.029170677913334338,0.456657585094442,0.84873043610849,1.0787270252324903e-05,0.10332878964419967,0.000508463381792444,0.00040830569447835707,0.01135788780828654,0.0033995076797187548,0.0002601626032444847,0.028271821114619535,0.010235064386541376,0.005378833748816713,0.0011931064663570265,1.5704609124065991,0.8208590171822209,0.9950301237098561,0.00026020830330866833,0.36334356155547815,4.43440643206926,0.6917306586514449,0.7225342303964246,2.895638655014325e-10
7f28ee15,3.0288297419646018,0.0718370624162526,0.15900775674100245,0.2453158651153362,0.3120972211512798,1.8422648996126794,0.9755799173511399,0.03596843216568844,0.030824049857971735,0.0648909512038314,0.09244402764468251,0.05817620840024386,0.11799377630533973,0.16816023152827114,0.1908692623893965,0.10425176351240127,0.24442792990915047,0.38726790192445687,0.15560065857181438,0.4685937837307452,0.24379275329228245,0.08127396488704765,1.5171981814333493,0.8059260994851435,6.444886463025874e-05,0.1695893690013661,0.0017837072456470362,0.006715497543360911,0.02746922737668049,0.030110976844729243,0.0007130730132424908,0.036070155968877665,0.009430184407507676,0.0029307590127347653,0.001357594320918708,1.6233352300304438,0.8295063803109257,0.9935430026505432,0.00023101379249314166,0.34723654276060517,4.689179268014203,0.6408324083446426,0.6460281166155186,2.6853840733519163e-10
65c2467e,3.2469050150151615,0.07187677033660451,0.15057279246874708,0.2399264365433614,0.29515352273050827,2.1161337401058002,0.9082572160231798,0.028552827520405832,0.035007469598632594,0.07326356894178356,0.0729628218805061,0.06940392018752391,0.11420843740434851,0.15835526323194823,0.17915467676994443,0.11121899528468393,0.24171847609404204,0.3668418382513582,0.13043375149679626,0.4598732939642203,0.7414843093947412,0.38943547842828824,0.9852139522827708,0.6430472098653833,0.0030355711451044505,0.262174435012692,0.0007136630005441795,0.010463342002177162,0.01737582251768449,0.032182843946237535,0.002824625652395056,0.040097498023047275,0.014058260144971572,0.005778478641809296,0.0013569727536269318,1.6664003137901253,0.8588919745878468,0.9909160286387556,0.00034147789522816067,0.5408872306295365,4.5253099906030405,0.8075914893498485,0.5216853205506747,3.404093901923866e-10
396b46e6,2.279437417434762,0.07620791334516408,0.16133280890131182,0.1964195273037913,0.31653072711611385,0.543855763468474,1.1932114643744893,0.43130682302175644,0.02017046676064885,0.047804049053235584,0.08538150245769993,0.09543818852455671,0.11789517793640081,0.18753079532516484,0.17857245344236983,0.09932434341353255,0.24030009308926564,0.24963414540857573,0.13980201501516493,0.49325943921706283,0.015329536770350377,0.15634497022850757,0.3721812564696161,0.8018866523951326,5.704684385261663e-05,0.3912677651355042,0.020201659630483565,0.028527198270304536,0.3825779651209683,0.0011806902748454618,0.01898977648580339,0.024930319445483757,0.005954526360239638,0.00801551549757565,0.0020075867481622062,1.6097130581191232,0.8223834743100424,0.9987209756075419,0.00033656036888551774,0.3882486684060847,4.47722278544649,0.7890409560808838,0.5909651637943579,2.721739702513742e-10
8434214b,5.02005071333692,0.06734484499374296,0.2019620609540159,0.24460359523713882,0.3493797619080168,2.8007243974277025,1.7667037171242024,0.05950515274540028,0.17227355927218202,0.013449837053103916,0.0906583911002468,0.09792630682787817,0.13392382071973702,0.2050179579181501,0.26694440422416055,0.09518258013352329,0.24948806537952245,0.3891401401983707,0.1497101314109664,0.5490493924050672,2.3960027963131467,0.08360307910027752,0.3211185220142783,1.7575012193052535,0.008774411535093226,0.00042808628385562146,0.04807403775784787,0.0035807844073299715,0.007850330580222444,0.006719150747375684,0.16555440852480632,0.03629005489341938,0.0075396516810608384,0.0027922430830995544,0.0021518376196709285,1.548697476978419,0.8261097143295856,0.988965029459228,0.000411055536657211,0.28844996216076246,4.584956648400908,0.8504877128250321,0.6739132692480829,3.154837925645095e-10
05ddf0bc,1.4331742607831255,0.0859075626455294,0.1627131098788925,0.25393916212721424,0.3056000570737735,0.4317467591857972,0.8078798014854495,0.10576519816543743,0.0034269343547724514,0.05983512820946875,0.10175455509209884,0.0961330046350206,0.11483398799215919,0.17813589466358154,0.1951694469809368,0.10290817717358985,0.24974979348094373,0.40915951572710907,0.1386497459115175,0.4725503682360296,0.0756428485108608,0.006416689305125037,0.34968722136981134,0.6646547693415966,6.652219757111772e-05,0.14315850994628176,0.00434939569662934,0.0038058314444730313,0.09760997102433505,0.0027406432815010057,0.0006862910732714459,0.06710756806638202,0.006470649535256018,0.00859794608743535,0.001542551597539857,1.5963506896569446,0.8233680835856505,0.9974048078049398,0.0004564230782441703,0.4517158657793062,4.693436446689661,0.6958989274332331,0.6638240921762822,3.437009706305271e-10
5a3a1f23,2.0861582295409007,0.08126531724266715,0.1782155611380537,0.27459634780092707,0.30949482231020703,0.7936752249470219,0.7043230178387491,0.4579054395409162,0.010577251909245114,0.06196533504957995,0.09965312383751398,0.08217749284090756,0.11527092411288178,0.19311010550499907,0.22626565379628025,0.10157194376190777,0.2494516801812945,0.47276541945957895,0.1390500852296164,0.4799395593907977,0.13403887411566234,0.015137026557250844,0.6444993242741087,0.6794871399240892,0.00011479664493930909,0.024721081269720564,0.008196259815020854,0.0057689721227009326,0.4439402076031944,0.0036810614685978808,0.006896190440647233,0.026176544767581796,0.008909761660119135,0.0033557377452873554,0.002116284093715192,1.5920583803304356,0.8254538837875832,0.9918575032939883,0.0002901156433048826,0.4424098242945429,4.558164426364201,0.65656206669841,0.6365963879247406,3.3567245103546556e-10
1775adbf,3.4286262043491793,0.10349385416341321,0.18303163923354346,0.2679687585884107,0.31603208094382246,1.228812196613474,1.7857142843160791,0.22235800974268402,0.04587113630087689,0.07678643171690179,0.12835369266303184,0.10534143811030597,0.13424609792531844,0.18261977685246844,0.2322290429228434,0.09949580102440975,0.257191443609578,0.4472190311312443,0.13281859314644381,0.4992455687412011,1.0255064270364982,0.0003922456387860749,0.20291352393818973,1.7810947291826316,7.431073360767882e-05,0.004545244399840039,0.01756752436557827,0.0006543865512434175,0.20413609882586234,0.02020254165643188,0.025668594644445014,0.03911615779904037,0.009030389769823758,0.008199479652430123,0.0017721543004803608,1.4963478760770843,0.8406789370770664,0.991608783383628,0.00024359257808705275,0.3071954875111221,4.518058568995042,0.7729225662757843,0.7241432644885264,6.554012576624411e-10
9a7fe57f,3.8115734850895358,0.061813377915876266,0.12607461265056755,0.21942893794907117,0.28749372280972235,1.9190385423892886,1.6037847969260681,0.08711705918491117,0.054857117930088434,0.056540890849784836,0.06914843765214762,0.05975080524569635,0.1107357982710328,0.1466828806451007,0.12080515903556913,0.1192404872791419,0.2202295946697361,0.31881673189833554,0.12819161904961976,0.4467958265698249,0.13997676009165935,0.4834648807617259,1.2955969015359035,0.5014235103136109,0.040552242891832554,1.0618090437206247,0.0007759048069065432,0.07728091572776742,0.009060238650237196,0.04607433601500154,0.008782781915086888,0.027892891504105392,0.013540272654081843,0.012509514029290231,0.0010248679197981073,1.6050365105621525,0.8280265692980225,0.9951140837403702,0.0005077679437351516,0.4054108660174187,4.331132401420449,0.8444801344761572,0.5000130077896779,2.5953556233555396e-10
2d05112c,3.2789380316637384,0.09861956183291654,0.18335768761661822,0.30920471832579227,0.32271832836441416,0.8338295241710746,0.4899675367777395,1.7485256641333424,0.049210978192142846,0.06954628484364962,0.129396163296138,0.09691623735896195,0.11059644439593579,0.1698459796066818,0.26963063884723715,0.09152355370151477,0.26432067827193884,0.5717699230039232,0.15666104852120247,0.48877560820762583,0.4852176575849164,2.912003858278257e-07,0.34861157538577237,0.48819604502560066,9.81221272485859e-06,0.001761679539414005,0.08482934935309094,1.2291138455021607e-05,1.6636840236417965,0.037481440872181686,0.011729537319961156,0.015080276131071841,0.009990307629768574,0.0066734607779255425,0.0023321885081897505,1.2798747859353883,0.8314323905634677,0.9935083497493986,0.00015122245836459108,0.33816174351546346,4.797262297298688,0.6063399518706556,0.8683499702207372,7.455860725668363e-10
8f128332,1.908354166871934,0.06383568741008591,0.15803723248923485,0.23570788439443355,0.2981659556406646,1.289925435002822,0.4266428140506416,0.08890351995931248,0.018414385191235883,0.04207037405821487,0.07490562402056686,0.074531064151476,0.10566979170702573,0.16627016721011076,0.20217173855056803,0.10147554978545972,0.23462469093853378,0.37102341245930714,0.13419161658474138,0.4621402946965878,0.0945642412035347,0.3466897053921374,0.8486714884071498,0.3244223539134255,0.00041239182775394955,0.10180806830946214,0.01301466184621362,0.026684719597369726,0.049204138515729134,0.01522004708176942,0.0031943381094664625,0.0255584036792412,0.010931814033333716,0.006416490082828478,0.001596320081853802,1.6383549342388521,0.8271861491144091,0.99534656177105,0.00029084167889529465,0.5305964103547944,4.547375898218759,0.8080129903552006,0.5227208602559368,2.489171614861725e-10
3c718601,2.2100355035699644,0.09515742298562803,0.16855789966681575,0.25667323145952364,0.306607716893253,1.131226208025892,0.8614679874318493,0.09133728896152508,0.014916942390533223,0.07393368973466108,0.11484168827310703,0.09669689094911599,0.11791262098450198,0.17650802294853551,0.2112530550674097,0.10598697350699576,0.2482520419568099,0.4157806789147652,0.13521836905124363,0.4779970647352624,0.7887014987836176,0.00013297726357222966,0.342391731978702,0.8015881519153305,6.084826838428608e-05,0.05981898724813449,0.00022141980507917896,0.002899534939843697,0.0882163342166022,0.011092851110675792,0.0038240912798574297,0.0420332001489767,0.01028718494314645,0.005389601540365518,0.001324819336545985,1.741987600768447,0.8227177393777169,0.9970761493202384,0.0003520759154022138,0.37930497202634145,4.641672506281317,0.731712011736694,0.6858807702162527,4.127801682113665e-10
27dac757,2.0977881134040253,0.07648623498909346,0.15633845859518558,0.22859297050932847,0.30123049837299,1.1165368062876042,0.7685538407226951,0.06313375058914807,0.043254188036598196,0.06498470526290248,0.08254624424303547,0.08192775546134244,0.11322623573631385,0.1639551239792712,0.1918340160699717,0.11238011177441398,0.2280607513524492,0.34533804840112226,0.12887561390902585,0.47358538283695417,0.2747544281118385,0.19658177739714727,0.6452006007786185,0.6106958253309182,0.000844221682963228,0.15701379370881358,0.00016294274309909207,0.054374056789705624,0.008596751056343346,0.04149727027292523,0.0017569177636729666,0.04584533743071512,0.007939044476582297,0.008237612503520026,0.0012119838965799444,1.5893181771719571,0.8313150406797388,0.9989132081297352,0.0002692747951895263,0.4809201378621575,4.641714879051046,0.8529900716951712,0.5439287272958803,3.20554736330245e-10
c10680d4,7.09037279441847,0.04906565273042072,0.1306129383832448,0.24136773818762633,0.306483073917849,4.80761002452971,1.9036661615096193,0.05124652808543528,0.02359388969711443,0.07287238552663114,0.06000344487894471,0.014321127785686304,0.12107357499750229,0.1441868346737959,0.1265784054784362,0.1144286276505559,0.2443222326408548,0.3653523542714683,0.15299588035085104,0.459970267484847,0.7098888446692774,0.7674858623894669,3.330235317470966,0.9611754412987727,0.05037993468604584,0.8921107855248007,0.00017071362103025615,0.015096129704546143,0.03597968475985888,0.018049925531496466,0.005543964165617962,0.04282621675751845,0.005129128097762161,0.007598410380722719,0.001032107253771439,1.657554717167151,0.8149294156855041,0.9943838477565058,0.0006438838952311281,0.6037245707121572,4.728217374569732,0.6919366946800046,0.5077220174305423,2.396979441830981e-10
1f8014a6,2.674591727548038,0.07754554261359753,0.18125885299987213,0.24392911016811678,0.3083489939747309,0.47690633633739243,1.9861568613199052,0.03558287604209668,0.050808476056717566,0.04950877532018599,0.08705928448470063,0.09606856803590595,0.13674831846943264,0.18546293129991284,0.221565309230271,0.11341161330539755,0.24255902368797058,0.37581669351098224,0.12911223648489392,0.48758575146456795,0.00035261575838384696,0.12739750952208698,0.34915621105692163,1.9657146108200436,8.220274541978067e-05,0.02036004775444183,0.0008762527564293021,0.014133568200619158,0.02057305508504822,0.04018076229222571,0.01062771376449186,0.042349585185850365,0.006491953707183261,0.0073448411804586285,0.0012454875987424107,1.6993191038907498,0.8178365535840039,0.992408610402358,0.0003604390451505983,0.378066803948427,4.3737365958816525,0.8469693194527462,0.6520609633361512,2.795455299573373e-10
10802c18,3.503434007931537,0.06152722470461364,0.14042615601833183,0.23971465454254762,0.29887919135280544,1.7631689851535441,1.3611783369966768,0.1943886407556907,0.042212300104086664,0.03026373171573312,0.07730151301513674,0.07701642938297104,0.1079680189257151,0.18279616990295994,0.13051427922632047,0.09246145794767807,0.22580637178720675,0.40087613389275806,0.1558175897981815,0.4419407929074294,0.6565283848257986,0.29552456524808823,0.8111160350796573,0.3973657651202508,0.0003520639378288296,0.9634605079385972,0.08290730242824763,0.05598247894891033,0.05549885937853274,0.031781356192752734,0.010430943911333928,0.023560431810425907,0.010111386918309092,0.003962874960846331,0.002574525275481824,1.6613847765853544,0.8249929757180443,0.9987503436711346,0.0003723611785048337,0.43705061838005416,4.651442191855687,0.8210981146613313,0.5279167883648715,2.435536592183317e-10
6001f5c1,3.8024592713114638,0.0629267119047932,0.13663261024117837,0.23427059892448798,0.2927972473978657,1.7353845283051756,1.8516664503649807,0.019793173527722058,0.031048131566969298,0.05659157351542055,0.06973963343123639,0.06244892876772266,0.1233932596061641,0.1463281549964523,0.14017641612091877,0.11683850777679655,0.2441017753497554,0.34187151364691193,0.13115250374571918,0.4544419910500123,0.061487646270877584,0.4679649444482844,1.2059319375860138,1.0910889217781015,0.040097461208762265,0.7204800673781169,0.00029487681378516123,0.007728998849772269,0.011769297864164625,0.02883509879764675,0.002213032769322546,0.02534545818781618,0.009997959759002835,0.006400774106993994,0.0010125112262410769,1.5685387467580427,0.8192652068592411,0.9967576001809365,0.0004929645281476201,0.5431812678189788,4.807296643606797,0.7529091249915735,0.5099085000405537,2.1482846634798013e-10
52b3ab62,3.1222931020066635,0.07128720033707792,0.19327597539188202,0.24571327710146532,0.32505486691789776,1.0893512913880985,1.7545060683534701,0.052396929647888835,0.08005889447801658,0.0338638442264409,0.09526871436000792,0.08472904242478495,0.1338126255200734,0.19684444818425503,0.2491708524713177,0.09954082288765922,0.2461961371963478,0.39140287122038897,0.13308935825650323,0.5170203755792923,0.4311267757782681,0.041025867325791075,0.6171986482840394,1.7504953603766227,7.736968425347423e-05,0.003933338292593992,0.017235707732740337,0.006074632496578074,0.029086589418570428,0.01943049867063951,0.06062839580737707,0.0404274790889483,0.006763555484509678,0.009671624406430605,0.0018718467278268508,1.4501013431178387,0.8131686177115407,0.9961921790116949,0.0005706895098696956,0.4031497425921521,4.676632024114973,0.791413599971275,0.7119092269695259,3.3584465351735357e-10
2e81021b,4.696797269207402,0.06416708187522785,0.16917864886990786,0.24043956648483356,0.3078280454716294,3.8091785228176906,0.6497487714834568,0.05105834709157239,0.002532055384644778,0.006749678402560844,0.08330332483871433,0.10244824238440836,0.11402430764858909,0.1735473322939603,0.2199643066671741,0.09868021211826206,0.23437761760188452,0.38826086973435414,0.14086113733913952,0.4747949536041193,3.3770776059170666,0.18352183768838332,0.24857907921224043,0.6257827418349222,6.126236627188577e-05,0.023904767282262623,0.022638533753549694,0.02591443376641092,0.0025053795716117704,0.00027122732506552275,0.002260828059579255,0.050325369940797594,0.005680436933204834,0.006346529467781464,0.0016458425673322057,1.491084664729575,0.8164675284397671,0.9973916187023213,0.000520674022823257,0.39815869595009085,4.866263616771189,0.6700840193148404,0.799798786933812,2.1178405214037206e-10
384cd700,3.929593159993024,0.0768341211807564,0.1533208133045774,0.2588659057549003,0.3138155307223272,2.622695546043796,0.989793508416326,0.08436913603801623,0.042217996598739316,0.07068670726675788,0.11979698781568625,0.04001866845982505,0.11668323109965124,0.16217005985178262,0.1811091489622983,0.10670739562762246,0.25047972287103404,0.4194105987660445,0.1575465016558103,0.4700845597888441,0.5570345120829676,0.00012047524425878652,2.0655405587165694,0.7443270475570414,0.0002648130932026458,0.24520164776608191,5.419265644036769e-05,0.007366962124512983,0.07694798125706287,0.041671789506957435,0.0005462070917818774,0.05732901500802313,0.005221977184144304,0.006145216348525123,0.0011362014881451477,1.6562684245841253,0.8382577926502159,0.9989925003846921,0.0003862733580222841,0.43808394974612014,4.55206807221101,0.6655726192711209,0.6629354527752632,4.1838053901805636e-10
391f6c0c,3.1792105368757144,0.09059979199859271,0.16471045515285535,0.2358186426871396,0.3045356127362698,1.170157824835226,1.8016547604337456,0.03617484512521208,0.025487077523160765,0.07234102657588994,0.11017854201607427,0.08927980740381392,0.13248750331405917,0.16870887468682233,0.19293498745768456,0.11331052334405418,0.23279885638514985,0.3613465483322147,0.13230771406381814,0.4767635114087214,0.6872891258586868,0.0012502236965481065,0.48161847527999113,1.6567150920227787,2.0456990119061916e-05,0.1449192114208479,0.00022376143253204282,0.030526094326454624,0.005424989366225415,0.02247645132445311,0.003010626198707652,0.03768596504392231,0.008723207056560997,0.007279902923245678,0.0010874225312331436,1.5026510093640875,0.8324750894659009,0.9988860636438207,0.00035188127732443535,0.529097857253744,4.541731139751646,0.7866982302380723,0.6799040580298312,3.694777135754476e-10
4af8dd8f,1.9297025190228112,0.08342448047843466,0.15819201931370544,0.25798741510377976,0.3042478925895589,0.7738769365695392,0.9185724114461964,0.11665469281992262,0.007345833819491049,0.06479391187505436,0.09698443369264216,0.08849509586760748,0.1165150642899363,0.1705923813641051,0.1874686122870749,0.10720795557767153,0.24078867743972748,0.42596561229394025,0.13745489661639132,0.4710408885627265,0.23919962169207587,0.029818202315495042,0.5048591125619682,0.7357742618366155,0.00022429049372607604,0.18257385911585483,0.0001093322378891871,0.013614049104142698,0.10293131147789074,0.004822399598122069,0.0025234342213689806,0.040224351670015396,0.006236505136719562,0.005665244332853436,0.0016034633250606365,1.5667655179324185,0.849108568944112,0.9947587145530686,0.0003259832156306861,0.3708840351618209,4.757820407930033,0.705941470008729,0.5976709813499127,3.082102155453286e-10
c8fa7107,3.5519560020189256,0.07270706185242265,0.1472841672251319,0.2432921291968724,0.2974884956879772,1.866544021923793,1.4566088021318455,0.028835398098987275,0.025683828330696587,0.07062958758138939,0.08178601912653921,0.06570557884933935,0.12274377009840254,0.15394390952533982,0.1651648220516534,0.11348573638412102,0.2378054058785572,0.378585245327939,0.1327222709682268,0.4622547204077275,0.5535628311400481,0.20884825833783977,1.104132932445905,1.0513124691870384,0.011605209537099462,0.3936911234077076,0.00040283063710198577,0.020031705235965494,0.008400862225919794,0.021770703878389773,0.003913124452306815,0.026860978299908623,0.006224081687895358,0.00944651151311587,0.001135252621752923,1.6228117397694928,0.8347834616263052,0.9989592027943648,0.00032307155921669376,0.4566662437225574,4.644198526034351,0.7434670567038697,0.5553601345391315,3.037168372188173e-10
624d5025,1.7881671826551107,0.08862673278769906,0.17709741488648403,0.24898906700710452,0.3112253359727506,0.3118710623313768,1.3139669209641713,0.06980038184450174,0.003673920732160916,0.0509258540987522,0.11671241242474728,0.0982419318395977,0.1268627957532503,0.18183367301832426,0.22259577588787766,0.10239724657376718,0.24324643515957578,0.4013235192879705,0.1428224574352654,0.4796282145102358,4.753651821072437e-06,2.596583944752071e-05,0.3118403428401082,1.2924463522015848,5.594704756612562e-06,0.02151497405783007,0.005585837068398541,0.010886063637498998,0.05332848113860421,6.48900804117835e-05,0.0036090306517491326,0.04305730136507611,0.011843400195353338,0.005057163777032614,0.0015011757372513988,1.8318909110218082,0.8259472160724026,0.9979808001787331,0.00022297387779379716,0.47392609594142066,4.689248967191997,0.695664430214811,0.7824649916232684,3.77938168324511e-10
2d55a2e1,2.841748488555258,0.06969217554056338,0.14285776057242106,0.20968244874747885,0.2914641542044925,1.6525099698288022,0.8096123277521587,0.22059995189355894,0.037244249476721655,0.06613753916856288,0.07057448005746456,0.07236450739566273,0.10779596708249066,0.15444694531433206,0.16633036932044043,0.11148712455234727,0.2338959173512032,0.28366430433888606,0.129643599907508,0.453284708501477,0.29988884754833095,0.4514186430342085,0.9012024792462627,0.388944808270347,0.010500789621170648,0.41016672986064107,0.00018021357418588873,0.028262071376956435,0.19215766694241662,0.036839030013259236,0.00040521946346241863,0.04607021818755463,0.009677626827153021,0.007743030498080005,0.0014121564518384598,1.3791089070983915,0.8369962384057037,0.9989889573472713,0.00036197003460043166,0.5447688089545147,4.664285910806877,0.8408833893089505,0.5129875077188563,3.4490160261441585e-10
02c49f63,3.9000400528483268,0.0937319711153964,0.17114430676859463,0.2245001666572378,0.30397200432387284,2.1191335317984707,1.4894360635890536,0.06687027625592076,0.058046467506966,0.0830825779276834,0.10739277166409798,0.09072056375440787,0.12862121038867624,0.17797306683771935,0.20683864307938837,0.11334222821186299,0.24310605473086047,0.3170522170289899,0.12721200857615672,0.4807320000715889,1.658038491812889,0.00021850606667421607,0.4608765339189075,1.401809287480976,0.0002608932012334824,0.08736588290684393,0.00046671292511163805,0.008205897765272089,0.05819766556553704,0.05263278622626216,0.005413681280703839,0.03599096923202545,0.009833300443403697,0.008168443034764177,0.0012195702462368275,1.8616401348833072,0.8132853473209751,0.9976294982025115,0.0003165927859072989,0.35454976336139815,4.449738721153486,0.8338383364181039,0.612687568531935,4.391314111932719e-10
2dafd1a7,1.8694739132728388,0.07826296402656774,0.1591704373793756,0.23493940583072093,0.3120693356832548,0.6559720878060461,1.0501219424614194,0.029291731171026875,0.03948485608210033,0.052361915067686726,0.09932685926205215,0.08310011774996434,0.11984816942472938,0.165029449270936,0.1926336934424615,0.10400393110253785,0.23815714286738016,0.36265714352224476,0.15720949314317825,0.4669291782233313,2.921426346937585e-05,0.02531644544958146,0.6306264280929953,0.8985939631820773,0.00010753733956134814,0.15142044193978077,0.001936396453161533,0.018385480488354637,0.008969854229510703,0.03940312033584287,8.173574625746293e-05,0.027958494581161075,0.00922737261147042,0.005532235676851122,0.0012512050787435685,1.5767589543076,0.8249084172193437,0.9982948248951229,0.00028439747525451606,0.40237306774921,4.700169971323525,0.6379840463121841,0.7135836309157395,2.055090830160474e-10
15b427dc,1.6179192427841702,0.08351336117812554,0.16921474172772397,0.2448845777786921,0.31210374953229925,0.7737797109627133,0.7294027564172293,0.02340946691878686,0.004706805682318739,0.05725019500166981,0.11399360281079528,0.07929628572191154,0.11542476421722556,0.1758044644389411,0.2164149965270052,0.10279327814791334,0.24128676051781844,0.3905736946703446,0.14732717100678908,0.47688032805780944,0.02552290981207686,0.00022482364638852612,0.7480319775042479,0.6873911453271595,6.900701039640953e-05,0.041942604079673346,0.005097692606380452,0.010947363775397076,0.00736441053700933,0.002362665526024792,0.002344140156293947,0.04354275296168779,0.006433581231419884,0.005543235740646253,0.0014099048169362695,1.786546620587956,0.8232006721751044,0.9986578741417207,0.0002089122998246246,0.36316850481613744,4.485700274372634,0.6770047013959047,0.7177066325053115,3.216727236751295e-10
7aa5ba6b,3.9026545478155206,0.07583270015725997,0.19125082142683877,0.24760275543086765,0.31213389379841106,1.8400154548111274,1.849018147751812,0.00947905760829782,0.03647570017614793,0.019353804293404976,0.09439101539072023,0.11375328078765475,0.13517175515189522,0.19350810320234846,0.24507260592627267,0.10416670154566635,0.2570424487946625,0.3815991159522741,0.1325725714414095,0.4916952161554127,1.6799663681597155,0.05173490722533416,0.10831417942607788,1.847312676352937,5.166562371764229e-05,0.0016538057751571853,0.0021158680713521064,0.00037364978319555175,0.006989539753750162,0.02182017813345468,0.014655522042693252,0.0353645163669195,0.013870086532191935,0.0037941404907214666,0.0015413335588118607,1.8760227693087859,0.8303787726076629,0.9986026009609791,0.0002710901219301657,0.3872208715763431,4.672218581034609,0.7597306928595534,0.8026132615121474,2.859098207041776e-10
eb5c1158,4.107806648003416,0.058148845536243686,0.15725945600612573,0.24488383576786277,0.31452906020590743,2.705416374561936,1.1307138705544932,0.04044375925809132,0.04155866920078978,0.06178280791545392,0.07787057638867156,0.03479315230460557,0.1204748021144754,0.1660729066888817,0.18523065921502008,0.1054025304912515,0.2538955612614362,0.3753534155509007,0.15703406614550747,0.47202405426630734,0.1290617098902638,0.28115377307254735,2.295200891599125,0.9299246946482522,0.00047672583729390294,0.20031245006894713,0.00047085920897703404,0.0078242352702345,0.03214866477887979,0.03834467568062048,0.0032139935201693053,0.030004732056872097,0.009502317916284751,0.002890183664490259,0.0014641596399653368,1.7936083323524523,0.8203733329460859,0.9979975497197602,0.00018220759584772377,0.5542106532166593,4.611699664864889,0.6331852665703136,0.6136824049352028,1.9755039997909565e-10
db64d3af,1.5035088706773674,0.07362384555659379,0.18446545511188597,0.25712355569254236,0.30818070962056954,0.7433355611883776,0.5656479007616112,0.09056860764372912,0.014737636631804059,0.04491776115879417,0.09388494746853365,0.08206882804245354,0.11247046458707835,0.19243240522385632,0.24849349552472327,0.0998604630552435,0.2504758479209118,0.4210343561014716,0.1359321270760517,0.4804292921650874,0.033584540890024946,0.053383904875698815,0.6563671154226538,0.5619421433065664,6.949742979376524e-05,0.0036362600252509477,0.01623489399802862,0.0032420624308152532,0.07109165121488525,0.009407942456992302,0.0053296941748117565,0.035936735747795795,0.008387214350692623,0.0037809787086658386,0.0021078334651932675,1.671845184319873,0.8252036526151624,0.9979205628849958,0.00020378070358922324,0.5023549298111656,4.705858440576561,0.7082241683155355,0.6713054101848959,3.143491370478797e-10
f7e98723,5.573443551297925,0.06504043229208631,0.13226887502034299,0.2841921725799683,0.32065340742202686,2.2696718015610164,2.3332164205647854,0.6319199544104599,0.0750122814358375,0.06594095106631045,0.08048875342034535,0.048691592389603106,0.11907601964374082,0.16598663967168384,0.11174396574560429,0.10183783614511391,0.25401013783290743,0.4967285437618835,0.16144737978983625,0.4798594350542175,0.29051374712431,0.2387467063457892,1.7404113480909174,0.8586313349951483,5.126248863450647e-06,1.4745799593207738,0.007799692352542836,0.004333090605006232,0.6197871714529108,0.07060423416385016,0.004408047271987349,0.050383832014019324,0.009031338201232317,0.007637354470226588,0.0018800626059998094,1.7654144682996533,0.8395634570668098,0.998248312933533,0.00025556791978473964,0.4162871461832188,4.77043877111365,0.6005224859055562,0.5999244472749095,3.240622967119361e-10
4a0e596b,4.987715721611994,0.07288222824339198,0.18286961177607672,0.25822372032404395,0.3075519492444513,2.3220406761862527,2.3539061064746165,0.10124040510041801,0.0012145999671970744,0.01605217018887857,0.0967562569110628,0.1058382576302346,0.141377717546738,0.18183166574601178,0.2253994520354804,0.13126065652775537,0.2631273277273534,0.38028317671702305,0.14256999740856596,0.47253390108033666,2.0921604064485013,0.030632731747620066,0.19924753799013145,2.33630127828701,0.0001439801324330412,0.017460848055173655,0.07349252654526021,0.00038770437089040503,0.027360174184267394,1.9967719485420434e-05,0.0011946322477116539,0.05534565225909327,0.009114549788710884,0.007417116669845131,0.0011307156226260777,1.9880828594071691,0.834912406658055,0.9985605817337574,0.00022666737705388137,0.5311429889577848,4.465392930405119,0.7869076063222153,0.858517488535008,2.9445717245939035e-10
54a3fb62,1.5147661493547993,0.08442250278863611,0.16467701829704423,0.2461172819195714,0.3089464413754059,0.5329826157215434,0.8579266218603572,0.028611707384785648,0.009483237234106195,0.06116632098960642,0.09724910883697416,0.09485207853932776,0.11793188401100974,0.16474358045445153,0.21135559042567142,0.10648961943553122,0.24461087406624266,0.3872513522569404,0.15032569316269837,0.4675671895881134,0.1097023764834392,0.04512201588569966,0.37815822335240445,0.8025876388627927,8.599024630802847e-06,0.05533038397293369,0.00017922813645809162,0.008330673296763546,0.020101805951564012,0.008520802284105707,0.0009624349500004876,0.02570554638658869,0.012042684524844052,0.0038278775721982293,0.001185490791496539,1.6016798771289273,0.8250386036130861,0.9980415225407379,0.0002501758768291309,0.37036042154061194,4.754792568136067,0.6829083455053173,0.7237751822298244,2.9729080959613414e-10
5fb9cc68,2.163424792629094,0.08828784158508873,0.16039850500682248,0.2502258285829872,0.3096100201022475,0.9940474027442706,1.034701613090065,0.008809568282425809,0.016402256482585968,0.06875977550122914,0.10732476672169647,0.08877898253234061,0.11962036582922994,0.16680765557395708,0.19476749361728046,0.10853762032719919,0.251333230650995,0.3908066347707675,0.15223610375949131,0.4669839364450036,0.444627398367801,0.004393290836710399,0.5450267135397592,0.8864907279258932,8.206993530423473e-05,0.1481288152288677,0.00033288190190876245,0.0028374471019723888,0.005639239278544659,0.014672194982184306,0.0017300615004016617,0.02477085990264626,0.008685205607578246,0.00581260763178185,0.0010745506140281032,1.7819875113099426,0.8137080617020089,0.996428045321153,0.000257559642862948,0.5593610169354035,4.833371319488455,0.6984217861330728,0.7228549641066796,3.433905007688795e-10
6e52243e,1.656919629469776,0.07990735206126698,0.16189125910028965,0.2492297981537388,0.30207951034094593,0.6244165598672649,0.873788175027285,0.023926607955653777,0.037503992825040945,0.06003244335573979,0.08791457900906213,0.09177503381899901,0.11717333173043507,0.16692803314420557,0.20157241242622823,0.10629123755156394,0.2418706990670328,0.39952745784261967,0.12973835284936808,0.4744206678325238,0.07893106382327902,0.11641897930387311,0.42906651674011265,0.766775987082027,9.605014244653057e-05,0.10691613780281152,0.00012043061760097488,0.010389698982915679,0.013416478355137124,0.036171879397852186,0.0013321134271887585,0.02829000454488177,0.012798700882684328,0.004141944879975809,0.0013981529177311677,1.480487618327824,0.8352075410477099,0.99899400927582,0.000173584888349077,0.5350774615286317,4.804268899761596,0.74467809369862,0.6345401838864068,3.044291593901135e-10
685f9579,2.839809609391662,0.07731703336644642,0.159084921992756,0.2394147080332296,0.30375296694009823,1.5615684842305206,1.0852999175523046,0.0466931155550608,0.004765153994665033,0.07047380877872578,0.0879016879582033,0.0735756033624102,0.12102870106135327,0.15930351774477539,0.19692254717213933,0.11347619808738503,0.2353375340079228,0.36943039200438094,0.14519113332571618,0.46231480055448027,0.5432377960013457,0.13751909605587315,0.8808115921733017,0.9586130524975629,0.004896704871074236,0.12179016018366753,0.00020613681527407285,0.02449085916710498,0.02199611957268175,0.0001922847034974298,0.004572869291167603,0.03326958574284785,0.00675973466497634,0.0063421179513551435,0.0010839308900312985,1.681842543270375,0.8275401822777881,0.9981130110342189,0.00014902051450518624,0.39571364026014044,4.482198137255893,0.7196755370563015,0.603083375210147,2.880389995890308e-10
10d6221f,2.3644548236870273,0.08741462812321062,0.18357931304250527,0.246061684209235,0.31063928028994336,0.31552979323529284,1.8218234694969482,0.03634076881622998,0.0806656564805762,0.0591677158251699,0.09912331131412278,0.10395285723033917,0.13459526709391437,0.18913038309075458,0.2270122889428468,0.10635138941138314,0.24820938140822843,0.3836242818080934,0.1260832164089072,0.49519534417097955,0.06149764246824273,0.018540197323392665,0.23549195344365742,1.8069210380944276,1.4012084094469685e-05,0.014888419318425968,4.434946526694547e-05,0.0061326264657941745,0.030163792885168867,0.06107453078754915,0.019591125693027057,0.031424932971444386,0.007658157966410078,0.004777333105758032,0.0015448402913453827,1.6189273169870655,0.8170455931607,0.9989235336131322,0.00015544462753741968,0.4448429314049818,4.6893314436177125,0.7865048821423837,0.6904364048273787,3.7689202474280473e-10
edb69717,3.299987828996961,0.07609197331113496,0.18866561618839336,0.26145404805253963,0.3280436725428041,1.1193113896509421,1.799016394010346,0.13376568528261906,0.09254386096415917,0.03096278375449489,0.104534756634201,0.092778379544709,0.13405907168701287,0.20244934460882794,0.22948843226933924,0.09791365315695444,0.26147674390849,0.42497174709217445,0.13385571609011832,0.5222316289954898,0.6086640436351649,0.0009330191584264417,0.5097143268573507,1.7669369685978848,0.004086598863779706,0.027992826548681477,0.027059778601659062,0.0004471937657740807,0.1062587129151859,0.018033476499843628,0.07451038446431554,0.02466431197992393,0.01007234039864846,0.0033123891688010888,0.001900078124442301,1.6251455227897618,0.8351841192163918,0.9956233281842775,0.00021207358256093904,0.41730667818353123,4.778106386213554,0.809444150437097,0.7536549334652536,3.944051510211335e-10
40ab93b7,2.498409583493485,0.08177191780526777,0.18715795017878314,0.2589546207909543,0.340674212498319,0.47711465840134,1.63664684064469,0.1436759613379873,0.12153753728227978,0.05117218392836497,0.10122617615665978,0.09291739333077856,0.13104172767911562,0.19364437353788946,0.2367877493193444,0.09561824593172555,0.25438233801663734,0.4268632784245001,0.1439101644180037,0.5374382605786343,1.4764652677134069e-05,0.02162600016734878,0.45547389358131407,1.5631298341598523,0.0005180720778153831,0.07299893440702228,0.05111351369008904,0.0009218662333727349,0.09164058141452551,5.265097276499416e-05,0.12148488630951479,0.029673421902441176,0.01422700631877184,0.003689875739057569,0.002091624813060076,1.6576967236774658,0.8171568856543514,0.998968593552632,0.000214722200433853,0.4115958803352874,4.598811879710789,0.816937260987752,0.6501937888611714,3.681047303479008e-10
896cddab,2.589148921706555,0.07072782735004791,0.1572801585078986,0.2621591287190664,0.31929519198887807,1.336493438723534,0.8727639210083937,0.14634599067662268,0.09488051207171595,0.05884687984717119,0.08818054124299071,0.06515606095998186,0.11537354845440173,0.16935670564534233,0.18711022142395173,0.10025230432479983,0.2594368747918281,0.4267882070405712,0.1640315476174203,0.4745588363603358,0.052644295689157114,0.1131540745484774,1.1706950684858997,0.6851302461120073,8.320996967844101e-05,0.18755046492670796,0.01399387219444568,0.0010118432375937954,0.13134027524458322,0.0930816530850183,0.0017988589866976532,0.04118618495047044,0.013523978536788595,0.004385836373100358,0.0014752233513930229,1.6906575673413182,0.809103977812748,0.9979099187907642,0.00025416599615323666,0.3498467648458198,4.584455363543565,0.5609489520885844,0.7220741672388223,2.304142948202258e-10
f716417d,2.0808422022878883,0.09983309950608175,0.18172511873164102,0.26907104007142985,0.31323652856924905,0.056591367958049824,1.8174350327234052,0.10288329805750898,0.015657300123869584,0.056828562186872156,0.12014922321408597,0.12252151311728712,0.13475155096992825,0.17217934516487365,0.23824446006012112,0.10137792397056364,0.28237202092272573,0.4234631753210002,0.15201912618612778,0.4744539309523703,0.019985600376608355,7.1491186646403965e-06,0.03659861846277683,1.8169776085363014,1.967935244682984e-05,0.0004377448346571046,0.008923681285601313,0.0005953576910937118,0.09336425908081396,0.014134077199897753,0.0015232229239718316,0.03448219560444176,0.010435775658781727,0.004562820331045215,0.0013791255343881988,1.5572941534274996,0.8290525529163218,0.9956482723509275,0.00023507778439263463,0.4207457880496586,4.5974480926151005,0.6892339260372479,0.8936983628775265,5.039465823495615e-10
705fc7f3,1.2830325226610693,0.08263170923448761,0.16437486556983516,0.2519921490648703,0.3073120099941509,0.34255908996842044,0.7863436483567013,0.0757166278381958,0.0017000875006979892,0.05187567271564268,0.09469365867298125,0.10132579631483893,0.11602540863685111,0.1694819991518941,0.20761718892076028,0.10307246794731753,0.24384641144401342,0.40905756780328,0.1435915713357913,0.47103244865251054,9.944204968199738e-06,0.048742658826128646,0.2938064869373236,0.7138215424388037,2.7352697546193816e-05,0.07249475322035147,0.004347413623075571,0.01056478490863489,0.060804429306485344,8.716805985793593e-05,0.0016129194408400532,0.029265786289490465,0.009395632867545672,0.0056248524109506195,0.001409833594858103,1.4593437854397424,0.8166218471612061,0.9985263294501834,0.00015931365834951904,0.49810931370204686,4.657934900363853,0.6888373430673846,0.7067502169302848,3.018961596974227e-10
c9f89fea,3.240981863847188,0.06884061149054556,0.16787374744355774,0.25134222634916276,0.3126337696206472,1.7491435011043863,1.2992899096856076,0.029954274376997426,0.015622427529876796,0.025825254151056534,0.09836092021854881,0.08233566010203136,0.1262332418929047,0.1630441418433782,0.21434385859439026,0.10395974153596899,0.25007382802096556,0.39999310949055383,0.1521364609411878,0.47313107830010664,1.006821854138233,0.04289573156578809,0.6994259154003653,1.25251881186778,0.00017579677419461365,0.04659530104363308,0.0022314780267908667,0.0050850018079536445,0.022637794542252915,0.014317923900584235,0.0013045036292925615,0.04277703132127384,0.018030493004874568,0.004808894682814821,0.0013030968061964088,1.4050414692100046,0.8314125426586239,0.9969065316975476,0.00013723571249506873,0.49669751551384783,4.796129785495263,0.699575740763463,0.8715556234828817,3.8099898428142686e-10
ee389ce2,1.7516558863770169,0.07521805924618917,0.15354551813349113,0.23778695092264387,0.3106222929435256,0.58179047816449,1.0264399381968499,0.020316980855802618,0.030824232135174694,0.04537868138566302,0.08975380974499757,0.09052168660790694,0.11865653728833639,0.1538275269317195,0.18815249018041752,0.10854073220095345,0.23901545408825625,0.3658046664787218,0.1557330524815374,0.4655115334055138,0.032924355820781265,0.09367230482235503,0.4551938175213538,0.8382886543959096,0.009806709456081183,0.178344574344859,0.00012552332731149702,0.017956643787936995,0.0022348137405541267,0.030770195371705354,5.403676346934011e-05,0.04776844916342167,0.009998506836235216,0.004967017624686233,0.0011133641753721742,1.4405571555335897,0.8269739685356692,0.9986379903433887,0.00015796274863322173,0.5376775027285291,4.7367395685367315,0.6789837401126178,0.7941157810120945,2.912943454017799e-10
e02620b9,2.802177172262857,0.08604900705485048,0.1862923715700523,0.2434299768546915,0.3163628574466669,0.8112503195638352,1.7677387803525628,0.026092531828201912,0.07010259103032498,0.0661631517817918,0.09980054780808245,0.09218332157467723,0.13401617807414012,0.18476177533687022,0.24009916129914655,0.10536279355574635,0.2409733649413393,0.3839537720669889,0.1294426645827036,0.5032830503106303,0.3421469075222938,0.0438497003341331,0.4252537117074083,1.7650660865316221,1.0322587368765108e-06,0.0026716615622037207,0.0010370248128351682,0.012131549671972419,0.012923957343394325,0.038062359322106054,0.03204023170821892,0.05225119497846782,0.01994388817686788,0.0035574348380298416,0.0014356798886229144,1.5053950088282717,0.8265135302168513,0.997614147666241,0.00019415464667484316,0.45899784483345996,4.584124558013449,0.8368990576599811,0.6678186085705474,3.9333192208715106e-10
7469ff82,1.4730506848174758,0.09517485765124341,0.1677855873197982,0.26340705005220827,0.30924707865091794,0.2855657787109712,0.9270982751109398,0.15959940366229552,0.01573660516368489,0.061842583369579374,0.114587330855419,0.10909465872873188,0.1179761722744224,0.18490036201796406,0.20048022766700818,0.09818203391758061,0.26020773083792,0.43183138540112415,0.13572649363435008,0.4827676636674858,0.12964724281074697,8.802784966726508e-05,0.15583050805055695,0.8053709748640758,9.775444260151359e-06,0.12171752480260382,0.025339336023428367,0.00037650045350864144,0.13388356718535852,0.009460479214936536,0.006276125948748353,0.037537949398771794,0.012662238693295812,0.007490379916838841,0.0017850490646531569,1.5572032598995242,0.8423096889847078,0.9983331440022722,0.00018770614906614137,0.500905015589066,4.7108730772558,0.708681440953853,0.709043425288634,4.2982515069379434e-10
464125ae,4.667686482353866,0.0624019227748935,0.12986416125876452,0.24800103199774468,0.3118699131321957,2.742020779989385,1.6272274377004414,0.020760439701624906,0.057874888797639516,0.07035380050983985,0.06439317020721225,0.05245879760762842,0.11634051946643575,0.14354859128171,0.12970337302814777,0.10906707337187169,0.25260473183235227,0.38233129078901007,0.15908845320116055,0.4646513730632308,0.5357372889106182,0.6258438218141176,1.580439669264649,0.7277602847722868,0.05233641017424377,0.8471307427539109,1.4730029493838652e-05,0.004399190931909269,0.016346518740221798,0.05192981164605681,0.005945077151582703,0.02698510035732933,0.010226970394883792,0.005442032189881949,0.0011991579297067566,1.6303088431976487,0.82067996637348,0.9989473269043526,0.0001321609263818202,0.4830125783184583,4.6394473887833785,0.651104343298898,0.5335546599679482,2.5165102114934947e-10
14e8bc22,3.0441469027231185,0.09112086663269524,0.18569725393455286,0.25168167784062523,0.3133326368607037,0.8479267780049586,1.9136305935869649,0.060870191179374616,0.08282568405463708,0.07008026142638438,0.10580253935204811,0.0974797991196532,0.13594925300742,0.19300186277226436,0.22814064602397416,0.10411651954014461,0.24476079861509525,0.4061677153666358,0.12667999850688405,0.4999852752145233,0.5184334391327055,0.00029511849492880413,0.3291982203773243,1.9050475204096833,0.000525980213442247,0.008057092963839248,0.001741211797883193,0.006326518956382855,0.052802460425108576,0.05650471027576773,0.02632097377886935,0.03373166463451772,0.009344049442290774,0.009394367473199848,0.0015490774210331917,1.5827703637287005,0.811211048858704,0.9975113466997335,0.00011894454800675334,0.5341161207630524,4.5267741331612585,0.7956630383627312,0.695625924648504,4.489520115204494e-10
b7e2e2f8,1.2652949309190868,0.08412545785637533,0.1652154625403369,0.2543968720282137,0.3135933510705555,0.48973312570265365,0.5733766120813186,0.09467080509035052,0.026312779061053393,0.0577907173394506,0.10254298175815581,0.09204267447151962,0.11205269516119964,0.16475802666690956,0.21883566579290153,0.10082135818363275,0.24246291285815724,0.41990634504285107,0.15467574975031295,0.4725109523907981,0.038480590009443184,0.008537199395522041,0.44271533629768844,0.5447203349517196,5.095357782878235e-05,0.028605323551770288,0.011419689424958121,0.008858071685502204,0.07439304397989019,0.025380252671360605,0.0009325263896927875,0.03054444574552288,0.008308119956048642,0.007756761553596425,0.0014685163318032533,1.3953874942358526,0.8356531042797715,0.9973966424008476,0.00019404587856359742,0.4034973585697091,4.593115767834086,0.6543573681723608,0.7217959575227745,3.608648223136168e-10
c7a23304,1.9706619883105219,0.07246481985052138,0.155326670799561,0.2429621051814347,0.3129953195737895,0.9066224762069227,0.8793208219382216,0.0442230122130724,0.03885360143379606,0.03389725822095639,0.08572696612957395,0.09777023520103377,0.11642817254279625,0.15176368520722408,0.19778815464866273,0.10630148902471256,0.23465130526772535,0.38793352125186625,0.15696804741971623,0.46902259172786276,0.43537422586107477,0.14652265525249317,0.32472559509335475,0.7334776550647946,0.015389805880543622,0.1304533609928834,5.5057736459869886e-05,0.02637215499899759,0.01779579947761494,0.03801989731540388,0.0008337041183921833,0.026531052280044966,0.007655372276147394,0.003326832840342461,0.0012317555256331175,1.3789867975695191,0.828119813759516,0.9983470011516562,0.0001371987052995966,0.4225220835227816,4.767404970445056,0.6527628868853232,0.8293996442755391,2.8127100220422443e-10
ec74de6f,3.3763139794314037,0.09205413744118325,0.16329337781005468,0.2451791537239841,0.3070702025067138,1.0573356705019032,2.0988312796063204,0.059837754496642415,0.0023279853784234725,0.07174743228293243,0.11243494456897794,0.09198003547163938,0.13647396338835138,0.1592953496787285,0.1941108203630842,0.10910861519615672,0.22885590569711317,0.39757294027868234,0.14228985745878658,0.471850547554641,0.632261350232106,6.835854633200015e-05,0.4250059617234653,1.9475675720471513,0.0014443823965576666,0.14981932516261148,0.00018615173931843586,0.044416043279609345,0.015235559477714638,6.474747789775325e-05,0.0022632379005257195,0.03608765641153359,0.007749906943162812,0.004905236898452848,0.0012009249324519931,1.3887998184196095,0.844877931857613,0.996966996880485,0.00011935106758193818,0.43026170337541775,4.734019192058145,0.761001735469115,0.7035314358474616,4.6239180437854796e-10
521876b3,2.107894960861986,0.06824814425199811,0.15748708359422905,0.24979767197507355,0.3139273937428249,1.2221925485610918,0.6403316916110785,0.10031095630830897,0.03650778335890627,0.03280456970728027,0.08958850000391266,0.0823513630448014,0.11207170031796115,0.14319560586235436,0.21719394460237162,0.0978912657671216,0.2453429954127499,0.4061587547453491,0.1566599240467989,0.4711948634388509,0.4895114839242395,0.09733344502297513,0.6353476196138772,0.545166284620054,0.053641456846256444,0.04152395014476802,0.02696792238679735,0.008291244142467869,0.06505178977904376,0.036096248452809676,0.0004115349060965916,0.029702919403038788,0.008497667887584631,0.008373471251649313,0.0017342680740441278,1.1215099463646823,0.8420346474748839,0.9984542884809029,0.00012041026118041466,0.36496169656852756,4.715830742578697,0.6291646374992533,0.852515455505979,4.392288083203883e-10
3e0ef4df,3.134334421495883,0.1003183195214691,0.1712076202142352,0.2483247162450557,0.3055852745344016,1.0979830090826004,1.8601065479619607,0.013835375086782075,0.025400977598695314,0.07518568939704555,0.12007933592459927,0.10568993324276249,0.1335973313828988,0.18416889102753553,0.19585663823227123,0.10811066399963754,0.24993701720110195,0.3869264675344276,0.13237066696824407,0.4787998821005591,0.8978180357078405,7.641357752674119e-06,0.20015733201700717,1.7342457437493475,3.211250274356778e-05,0.12582869170986966,6.623751363265585e-05,0.0038599157481146317,0.009909221825034788,0.022231243624172843,0.003169733974522472,0.03517806493046442,0.011777113764858864,0.008446801155124707,0.001281126350333551,1.5112574617789303,0.8371490772479292,0.9970044995216832,0.0002083921853069985,0.4949450120178241,4.757196231091814,0.7892987931950028,0.707982946055957,5.122390188280618e-10
c112c0b9,2.454523074316098,0.0791082376729309,0.14922814539243842,0.25591815890594327,0.3066870146505179,0.5905473731707538,1.5572408860561415,0.1685551087917148,0.01134210642923332,0.05669558361042752,0.09254596605465544,0.08808316335370973,0.11660850665190317,0.18526322071517332,0.1458127088102388,0.10334514969820263,0.2357790581844907,0.4286302688351365,0.13604558611749795,0.47732844318353784,0.018523675000607316,0.06649949764637587,0.5055242005237706,0.740089661003914,0.00020137685893517992,0.8169498481932923,0.0034231791169977905,0.023276574819497298,0.14185535485521972,0.008566567886989594,0.0027755385422437275,0.04466189750727715,0.006072956487080241,0.008327363819706491,0.001902040946890357,1.5975371923022816,0.8375899468589595,0.9989994117838517,0.00015602308218819658,0.5363230300787462,4.754289523302979,0.689511433702095,0.6164346146716824,2.709910577761097e-10
119f5ab3,2.4095358623967376,0.07706369507851468,0.17598385187918522,0.24124341870994973,0.3163744142687266,0.5320722415429657,1.6696083470320218,0.017787196789636264,0.0720550777205799,0.05119389698234307,0.08615806893058131,0.09383911932261965,0.1322477464628638,0.1765958161047418,0.2191079930699501,0.10478707586906282,0.24029866648406545,0.3786445137767209,0.12915981494399703,0.5035890135934561,1.7886852987244647e-05,0.14005317199174339,0.39200118269823514,1.6421888170670256,2.3896895103064466e-05,0.02739563306989333,0.001082682365110031,0.014328366580158017,0.0023761478443682163,0.039924165724494004,0.032130911996085885,0.0344167049933599,0.008882219031320226,0.0044712350433564,0.0015848481457917324,1.3076628939765778,0.841159036629717,0.996697569310528,0.00014006059701200156,0.3960248563897201,4.7610626529886435,0.8133165404288367,0.6844018740549827,4.1229885885934404e-10
58f351b7,1.7207110228700753,0.09155840329577203,0.16911875384911626,0.26956148812700925,0.31068362665994276,0.6107318400181245,0.7110012782623256,0.2927226117671768,0.005447478560385726,0.06560668874620888,0.11186407115652208,0.09720444998458509,0.11549443638874243,0.1712890248333682,0.22057280032523818,0.10022299017141165,0.24944815042694557,0.4590133237826705,0.14882572694906251,0.472541526370823,0.2750082308685346,2.2683311396128853e-05,0.33570092583819383,0.6894347917851624,1.1826646117313442e-05,0.021554659831045833,0.013946614449312875,0.0032427234472745658,0.27553327387058935,0.004749853698535934,0.0006976248618497925,0.04327779080164594,0.011229679920050301,0.007552523519334922,0.0016251345222594465,1.4538101385896527,0.8448807192206078,0.9974130850723162,0.00020996889087748977,0.40745593764822896,4.676694530825534,0.6702204635467712,0.7516638471238051,4.4640538150781735e-10
d2d96d15,1.8413950663128642,0.08893689247187091,0.15638325651411059,0.24871841070730938,0.3097556423566864,0.8340029678672091,0.8396565280204886,0.04582817007381276,0.01887656794071758,0.06634999548444029,0.11316784532375702,0.08729283660741542,0.1160090933935761,0.1551618212289469,0.19797885491980882,0.10847946417759546,0.23870133626422785,0.3989744316801048,0.1529927964578225,0.46651848825555037,0.31191455863807116,8.586342686542788e-06,0.5220798228864514,0.7128725370093625,0.007587644493962194,0.1191963465171639,1.0878650335097077e-05,0.022123637845247523,0.023693653578230146,0.01763897231573767,0.0012375956249799105,0.018667291096155256,0.006323011494555469,0.012781338893827408,0.001150128611365485,1.428896204187514,0.8237670111721715,0.9989767113052053,0.0001603130260750177,0.4495740821920048,4.605022093738617,0.6904087785735489,0.6871654538912719,3.88201211624748e-10
757a6f6d,3.108028971716964,0.06688986307050478,0.14609523723957182,0.2453540607921161,0.31259768208078,1.9177987210003442,0.9528418526418425,0.012181639365352315,0.06566761443881945,0.06617221278313329,0.07090579716296835,0.0635915792654127,0.11414322481405809,0.14909302976265476,0.17504945714200265,0.10716389531199758,0.24401326035799115,0.3848850267063596,0.16060844368314992,0.46458692047841,0.3025629115606624,0.44167637348142286,1.1735594359582588,0.6306130063425318,0.025418361378137445,0.29681048492117323,5.267476128693364e-05,0.006985730183154651,0.00514323442091073,0.06336252583497987,0.002305088603839589,0.04959009758076365,0.009025254473655177,0.003749806342985895,0.001213121099356746,1.4518315747173973,0.8331180582613061,0.9981989338925704,8.529723635056676e-05,0.47163808939772434,4.728185922346261,0.6172405203950375,0.612249723949348,2.4577395702047375e-10
4f7add05,2.2998717567662963,0.09255352479343552,0.17583766187204408,0.26324600851909036,0.3147086329130705,0.28945925748724743,1.7815398325778848,0.08505609887508236,0.03544449285243639,0.05828698935312858,0.1164497339175449,0.10292385110963304,0.13422220569532922,0.16028314827919432,0.2330076316416087,0.10154170964553365,0.26550760978908694,0.42268870612265047,0.15627422021627657,0.4731430456098644,0.04215488949216843,8.48951795715335e-06,0.24729587847712184,1.7787541050593862,0.00044089485110668854,0.0023448326673919232,0.008671170292096643,0.0004083067311440523,0.07597662185184166,0.03388044194124672,0.0015640509111896801,0.029140872926250068,0.0077103059014908115,0.017824885050478922,0.0013975023792676857,1.3842460879501228,0.8419444735635314,0.9983795190382732,0.0001976100258236626,0.41945996472900865,4.720497908488819,0.6649396770654595,0.8344696407255765,4.804332091387199e-10
db878e22,2.045720720669937,0.08238978601804839,0.17238512146712057,0.273348461821902,0.30601215488183264,0.8690749418695259,0.6885209396783547,0.35682931948646657,0.012356488705402693,0.0618349369401301,0.10689757552439022,0.07843684558962485,0.11476428922070783,0.1838757106961138,0.21851536448453998,0.10050873936456384,0.2520391902050414,0.46749745589610064,0.13558663779744143,0.4764376719662239,0.12935467450401353,0.00038915609100198377,0.7393311112745105,0.6578676491232869,4.1270637846898186e-05,0.03061201991722095,0.012457637187777619,0.0003815708188938222,0.34399011147979514,0.009860311616285871,0.002496177089116823,0.04518855295173257,0.008645909766869932,0.008564782738552,0.0019352209718244326,1.48048671408285,0.8347064835006341,0.9989196477666682,0.00023726311127874355,0.2750438472098512,4.700194417229875,0.6925825825023112,0.6544257065831548,4.134257041972147e-10
8f06dcdb,2.6882905083591115,0.09107250660401649,0.14754096396091368,0.28632350817197727,0.3175752018446948,1.273960119156147,0.6795030161145508,0.5210720660512902,0.0625785519426875,0.07184509923700352,0.11908339835021371,0.08228902222483217,0.10905705885979258,0.15257864125880713,0.18098719176414133,0.09965074073643387,0.2730695561547891,0.4862502276247088,0.16019343866349434,0.47495696502589524,0.6351104370205626,8.147373508999511e-05,0.6387682084004942,0.43205164459722933,0.013751221765234727,0.23370014975208664,0.016628713863246013,0.0006622327203808431,0.5037811194676634,0.060869060882592835,0.0017094910600946546,0.03079934440590272,0.00827258419024356,0.010620850311648472,0.001545891192914393,1.4014651915783336,0.8401582910934651,0.9989707421282601,0.00014652986312487206,0.45771737239600174,4.548215210331042,0.6327856738373373,0.6749486973919689,6.690729605865018e-10
21160150,1.398874454827313,0.08805865273649643,0.18586553506545234,0.27664655915808334,0.3128292407912826,0.33448412633679653,0.4352060712381111,0.5323812268086592,0.010340605607803355,0.04943044707687275,0.11692507007755976,0.09782044105505679,0.10907450459015608,0.18483377531025064,0.2636883252959504,0.09512769659941078,0.25049476035728846,0.4843172205175507,0.14130184013522315,0.48435664144734203,0.01232672740053624,2.990525137458284e-05,0.3221274936848857,0.43268857301818797,0.00010595514449132182,0.0024115430754318655,0.048262877201370805,0.0037585223957896314,0.4803598272114987,0.0009793406569182325,0.009361264950885123,0.03790574756587809,0.008196137410292792,0.010144644168549124,0.0021235120365093573,1.5877110149086335,0.8250654394987182,0.9979032310694507,0.00011538066608318714,0.49075413249901034,4.511071803972535,0.6670983304904324,0.7480366962812925,4.1787424393842366e-10
ef042f85,2.1688255392275,0.09687906111999116,0.18980853860491076,0.2579995771597341,0.3304998965904158,0.5194094107390415,1.356654334550502,0.09038335779533013,0.10505764658556604,0.06600693417275894,0.11784108979688938,0.1067891593903251,0.12789106009965434,0.19717786618088468,0.24435668953419326,0.09693948199457875,0.26419396460501887,0.4128652848796046,0.13369772215172127,0.5273020710291103,0.3354680885820069,1.5700624923766694e-05,0.18392562153211078,1.354517548235492,0.0019547878490291837,0.00018199846598069593,0.033464884935264866,5.1106187574877236e-05,0.05686736667249039,0.0164511236107476,0.08860652297481844,0.03603571648942227,0.006771259699872069,0.0077446074820493515,0.0019567149611070837,1.3905741969660956,0.8343878143215842,0.9989999742414322,0.00014733026990778475,0.3341149051140816,4.749733296550729,0.8219573034478307,0.7259531983385905,5.94805513934809e-10
bbfb8e02,1.9139234871161128,0.07932808095404242,0.15022819705636672,0.2503775076900253,0.31260470531027407,0.9571997777590399,0.7688075399827962,0.016902125809369863,0.06148079763759999,0.0621798889223911,0.09988079607911493,0.07592355786062124,0.11280596838038509,0.14705539780178273,0.19082322498693233,0.10635246984741538,0.25088354682197245,0.39389650640068813,0.1602803314285433,0.4649290791920049,0.1415401014761528,0.013953103251724053,0.801706573031163,0.5748587057584067,0.0335330972265157,0.16041573699787376,4.5275412603732135e-05,0.008611062243229979,0.008245788153536153,0.06072731404784201,0.0007534835897579766,0.03986406486674469,0.007135704487517641,0.007237327542879036,0.0011597879765686946,1.2795068797907692,0.8408830582504415,0.998542886701747,0.00017714116562319473,0.47788100601843553,4.694548563880474,0.6358067770052289,0.7443354206516855,3.8221773059690477e-10
61ee4e18,2.5030034135377637,0.0819128383922402,0.1653911141909492,0.284039325300508,0.31492179534773945,1.0330607910626926,0.5097054651769481,0.8009663512761497,0.010713397235832131,0.06755501414063161,0.09518318469311457,0.08300031634297442,0.11016952404339925,0.16961740158922117,0.2163864169402272,0.09459577515385653,0.24933420702006243,0.508187993727605,0.1442533048527402,0.4855902858427387,0.3715101165570222,0.041531425930534854,0.6200192485751355,0.47282594764813635,3.178543989748292e-05,0.03684773208891431,0.05279131332479395,0.009452153126596386,0.7387228848247593,0.0013659344452093204,0.009347462790622811,0.027470163652785116,0.011165794218473517,0.008333482612888568,0.0023576768441736957,1.1409556792199451,0.8247756877934483,0.9985561948573202,0.00016307041396538443,0.4298977962200415,4.603300069841878,0.6686114454140506,0.7390696726375916,5.491367137703781e-10
ac01f3c0,1.437485709085834,0.08094885840838821,0.1668462900809559,0.24831281469497046,0.3134123152793968,0.4334108695286829,0.8235859373498122,0.0628758779289068,0.03284363417413436,0.041112550609697915,0.10367203389692115,0.09806199071854556,0.11805414631394116,0.1572593344615834,0.2252253894673431,0.10040573502777317,0.23803084017146686,0.4065018688856713,0.1559466368242274,0.4708779937345661,0.11341742071487157,0.003372977278631303,0.31662047153518,0.8084993376784249,0.003505812389949385,0.011580787281437945,0.01375179677474719,0.02081771334927473,0.02830636780488488,0.032083064852129375,0.000760569322004986,0.03263199310011159,0.009386543690205649,0.008582950689734154,0.0014083837747147527,1.430334571928482,0.833668602287699,0.9977700949539792,0.0001429097986239305,0.37471381701567447,4.75616459916093,0.6526814984449103,0.8353088280494704,3.785385036716303e-10
85ca80e5,2.3301645469545544,0.07524134524080445,0.16723236641450137,0.2582344040210683,0.3188921815149994,1.5701716588636399,0.41095089697625875,0.15194613954838673,0.0731406203192482,0.05910145660034265,0.11218298055012182,0.05443959857194884,0.10802848477990327,0.1695539894525257,0.2241146250110752,0.09590366780155712,0.2507823480922546,0.42801719616939304,0.16149985344906664,0.4762845095809321,0.05918061319494187,6.260273914867401e-06,1.510984785394783,0.3966646435352422,0.00010656246123807166,0.014179690979778448,0.04137987293591129,0.0013929552170540839,0.10917331139542136,0.07055466163721791,0.002585958682030289,0.033420626437576886,0.0098684522775071,0.009000097401817541,0.0018238924999556172,1.4870584537415465,0.829260192688478,0.9980161016028442,0.00010321802876524054,0.50702212621805,4.605206071059153,0.5667672905209481,0.7873428579384989,3.6060197319479265e-10
6c4b1567,1.6347615175561747,0.08707010890948959,0.1646155074536253,0.2546780514603271,0.30769351494737285,0.7784382678595678,0.6688229517586992,0.08997064742047749,0.0008781874071007602,0.06647468500450232,0.10421089150980078,0.0905247502141657,0.11377649348904795,0.16917036766790894,0.210899661203919,0.10090042874015208,0.24632419275797396,0.4168095328828554,0.14292645321477504,0.47246057667997066,0.3168847811419525,0.004794600527265845,0.45675888619034954,0.6149367930067258,0.0001393614964468498,0.05374679725552658,0.010863145405760343,0.008432529851921586,0.07067497216279556,1.459118910660887e-05,0.0008635962179941514,0.04104181619911032,0.011373554194708006,0.008233260442868607,0.0015450471235392918,1.3624281343591766,0.8279422247678865,0.996397464698619,0.00010501211311347877,0.39416419744467923,4.388569313817447,0.6999921448087322,0.6934135287085874,4.3812195154427836e-10
4fb66ad1,1.3635900861546122,0.07795244138637543,0.17503668997319263,0.25315102951406027,0.3151725798459656,0.7396554441012955,0.4678620272328708,0.07052804374717835,0.010129431996977672,0.035679863508992035,0.10361841850648185,0.09455904214365239,0.10990224824404145,0.1771925140592997,0.23801530761623668,0.09568472567089131,0.26286071208680795,0.4009076507844815,0.1485608200769432,0.4817843396149879,0.35018094105672115,0.004160350594492068,0.3853141524500822,0.4625245995235989,2.7538181782624245e-05,0.005309889527489243,0.04340902331808426,0.0008351837847515754,0.026283836644342508,0.004574447815598968,0.005554984181378703,0.03299665140590001,0.007325694161645803,0.008087857062440754,0.0018313420904882895,1.5718057058031134,0.836648393584425,0.9981525116535307,0.00014935336674649444,0.4107006106000848,4.784472915247141,0.6389489617403613,0.8178723553139178,3.5832686912566984e-10
27fc2a19,4.43027215526059,0.0700283093374798,0.1878149768860918,0.29031772943190653,0.3238742086153593,2.83785082952609,0.26617757666773767,1.019540541932126,0.09166444519054008,0.06021772229610125,0.12381886364662291,0.026048342069715267,0.10370408982995749,0.18216281911626486,0.27757802171205304,0.09266697214875202,0.25621442345044676,0.5220717926965208,0.1630743479425844,0.4846740692881342,0.08412354805159283,6.355155651049586e-05,2.753663729917987,0.26377874969824733,7.025903994258377e-05,0.0023285679295477852,0.07183150995617082,0.0026140392668483597,0.9450949927091068,0.08418894107061484,0.007475504119925242,0.03688103755764192,0.007453613136998325,0.006603368491072217,0.002205110021366586,1.6363113194478907,0.8395917826441597,0.9976251726333369,0.0001615217186912747,0.4006324521714432,4.652616025681303,0.508320043347699,0.912604217943822,4.2216917779006754e-10
0f92faab,2.5751319666929846,0.08021651710209382,0.1843913204666516,0.24269399293323546,0.3101935357823252,0.9748604840444345,1.4613201783814074,0.0077815815250939935,0.017015251686416842,0.02791408486484411,0.09877710062325996,0.11395836581817737,0.12950058182551952,0.18130031654774703,0.24237306302668826,0.10371503778967274,0.2559840208073478,0.3683829202026859,0.13572197354445703,0.4846650980201935,0.840272758613384,0.01862300430848751,0.11596472112256291,1.4564739944024487,1.7821089762420798e-05,0.004828362889196279,0.002783309168461304,0.00036789245671097317,0.004630379899921717,0.009382655617016521,0.0076325960694003225,0.035135804682921365,0.00793715024772217,0.008299134503513177,0.0015111661969403074,1.6066581248231488,0.8149994819684108,0.9974329245983651,0.00014890397287289193,0.4126875809486495,4.542464200212815,0.7569361895944282,0.8217417334637549,3.8434245487436136e-10
ad088226,1.018301715062871,0.08449684011472862,0.1746846672330741,0.2596057830395176,0.3155820085657609,0.27469266831910744,0.4598511701283855,0.1875736794264046,0.02742226075973766,0.04297540513881322,0.10423704001885682,0.10627807518651582,0.10975761730776831,0.17153522296526336,0.24276116142619064,0.09425843647680118,0.25044298653932767,0.4341159261024239,0.15453028909016014,0.4766337280413616,0.0782251132946662,0.004671842064021541,0.1917957129604197,0.4572107223886892,2.5339038974169067e-06,0.002637913835798875,0.05645492940375385,0.0015173366978666117,0.12960141332478414,0.024877561451052625,0.002544699308685034,0.03909891921494706,0.01027144049336666,0.005356822897321022,0.001874949439484795,1.4687937328944196,0.8590402221088171,0.9910524254847852,0.00015073408361184759,0.5787267811525314,4.7743995360737905,0.6282256401525287,0.7998732504571181,3.7421019771043645e-10
dcf159ad,1.1429002151885614,0.08668417812914757,0.1658239058043427,0.2494429516548616,0.3139630352386019,0.3026009460169098,0.687463014609451,0.04400129403149679,0.03847438616254525,0.05373292701660429,0.10571257756011374,0.10060702981072468,0.11456503182499525,0.16809946096598471,0.2148072246220481,0.10296865829006571,0.24057118919053516,0.40478900748398394,0.15700180888266735,0.47092426159453654,0.011934374719036791,0.00027553432968917887,0.2903910369681838,0.6486450730953565,4.571778151738138e-06,0.0388133697359428,0.0045916210601020585,0.012584303615626433,0.0268253693557683,0.03814380412095823,0.00033058204158701514,0.02249545019697413,0.006613386596429783,0.01169546192969327,0.0012774573643622685,1.7062712518979624,0.8252482987998329,0.9973174014602565,0.0001879567344956472,0.515813025667627,4.5072438779359185,0.6309164730089015,0.8225686149548302,2.9754210810471433e-10
f01e2b6c,2.0727313788350106,0.08025850929380772,0.15972824827366497,0.26296738248747514,0.31430887726201123,1.138056153433685,0.5583663427523579,0.20667254098002535,0.04836703305406622,0.0636396068795312,0.1062709417372459,0.07086497926464605,0.11019343270573274,0.16542963014429984,0.2035616819709623,0.09853556681039666,0.24765734020140426,0.44270924045062454,0.1585121309246849,0.47010562359933755,0.19225552026416415,0.0010798090356170193,0.9447208241339038,0.4732476613816631,1.11588193756213e-05,0.08510752255131916,0.022877871939861506,0.0031189005943561077,0.18067576844580774,0.0478845163043742,0.0004825167496920173,0.03430799824988392,0.008460357505962324,0.009161519835112713,0.0016797953258532298,1.360680000956565,0.8453669707805184,0.9982332115200516,0.00014986193928200422,0.5019684831339559,4.57586674963898,0.6255120108362227,0.7141352090001112,4.0315328430195516e-10
9ad512aa,2.822776001213888,0.07410811855223902,0.18411134924804914,0.24890351583864648,0.3122397124056027,1.133138476765042,1.535788366311096,0.012685250626447153,0.013661638160181282,0.029318437201934895,0.09823681289252997,0.09476910556225218,0.13070604207299502,0.18097600176654144,0.24065200390461094,0.10984698723174585,0.25889306470836104,0.3779704955758326,0.13768329500624854,0.4867961298049569,0.7245106246910202,0.025643409971022147,0.38298444210299964,1.5355771938424563,3.6024161233688326e-05,0.00017514830740619124,0.00011182195034689242,0.0011981697865394332,0.011375258889560827,0.004400390363340307,0.009261247796840975,0.018753117324564948,0.007570471166326651,0.007125056844312289,0.0014214052763150682,1.690833631536574,0.8357393204807453,0.9966653653377463,0.0001605112741283647,0.6189246267589907,4.590473742923709,0.75878223727602,0.8081825677909127,3.2189566348558224e-10
03e7aad0,2.723617269821617,0.08123528880526382,0.16500898460472732,0.2764036691132289,0.3198323541281747,1.6072394311353893,0.44110169319590686,0.4396113287458413,0.09175835980861943,0.06666904596328471,0.11338646327940885,0.06365035717309787,0.10821416853610648,0.15849788560821687,0.22831489966985857,0.09893768908575039,0.2528006761130912,0.47747264214084506,0.16365272833897937,0.47601197991737,0.32578101838567863,0.00023733556937520465,1.2812210771803354,0.4027923052800585,0.0025087549242286443,0.03580063299161971,0.020465555316586753,0.0011686720795402938,0.4179771013497142,0.08946407628947628,0.002294283519143155,0.032099151437910214,0.008434543824429933,0.009077552145866733,0.0016009570075264893,1.4109411524722406,0.8458403894320948,0.9949187370684287,0.00011414675781913075,0.5572370140225674,4.700571090118238,0.5671979439549995,0.7477012457113625,4.5004865059891893e-10
42f06b19,2.32634019996591,0.10008405833290702,0.16680413701267546,0.2699189209659763,0.31773709433876063,0.9882684360535439,0.9390981369999897,0.2477397676748833,0.0394574142860513,0.07293848215113527,0.12679439885437166,0.10051929399321417,0.11607674361413832,0.17272483819045187,0.21161082923343622,0.09666866350334416,0.26364643211663197,0.44944166727795276,0.1565897559656429,0.4788844327118783,0.7133047668781942,6.707195751481452e-07,0.27496299845577454,0.7159529730454195,1.1004571927158976e-05,0.22313415938264305,0.035569134828245086,3.500568141049853e-05,0.2121356271652277,0.03583451730433346,0.003622896981717841,0.034869069723940986,0.012273841368666424,0.007636437492509797,0.0016067720678565975,1.5733871529712358,0.8528585768795554,0.9968275050564412,0.0002308291290657199,0.41664221339347224,4.60907795923779,0.6414302591954913,0.7881765524398119,5.445763345990962e-10
f5326c38,2.9895794727041296,0.0761488077376339,0.18583165344403227,0.2495804038536571,0.31069150686444136,1.153454951454982,1.6599697630658852,0.03328584487487038,0.0063243514991302065,0.026802994970270916,0.09332045099619035,0.10832297724644041,0.132504351815058,0.17663116590326478,0.24835944261377396,0.10048922068115153,0.2549388361469802,0.39331315473283956,0.14840362543787777,0.4729793882910049,0.924914033426879,0.05713996909706156,0.1714009489310413,1.6591937858243697,2.7124364003344773e-05,0.0007488528775120915,0.013017058929344847,0.0007007800561070571,0.01956800588941848,0.004848823462743527,0.001475528036386679,0.04066334002828685,0.007624559584698776,0.008747931122738022,0.0014701473772347586,1.548782429460941,0.8443293040183889,0.9943147076761666,0.00017113068524233637,0.5509459741496379,4.748630760600496,0.7066760989318315,0.8544011096265021,3.6495867290945717e-10
8c26b784,1.511323622399827,0.10049731644718124,0.1716459743147096,0.26324873763277745,0.3146717556997747,0.07414698214616153,1.187821672996341,0.13207752254145866,0.04198154890868519,0.058104047437134085,0.11760245048095018,0.12578545142345943,0.12437405853631764,0.1749590389909699,0.2156048254168412,0.0979637334335165,0.26473924055776366,0.42704323890705226,0.15744138185754586,0.47190212954200356,0.03869367513921959,7.572316495871485e-07,0.035452549775292344,1.1427234143091751,1.7637260639959482e-05,0.04508062142652584,0.026596826978043796,0.002083861038639204,0.10339683452477567,0.04091934343744799,0.0010622054712371974,0.020167130611523833,0.01122817104831026,0.007753104209192087,0.0015221188883048201,1.672154376207431,0.8423768659362232,0.9956752788070488,0.00025123113098045644,0.5650103539825408,4.7526806929790215,0.6309851774012445,0.8753458649147248,4.292566100273178e-10
ac0a1524,2.454220083269763,0.08044430315950032,0.17330198288927165,0.27312454888966714,0.32035728087003273,1.3074904071861706,0.5625948445717418,0.4075298607381031,0.04467324501992761,0.05759506642299597,0.12219720021688307,0.06154064283862194,0.11061533400574289,0.18845556491948873,0.22083504974258336,0.09604490022870116,0.25292895376364644,0.4703997926766539,0.1569035969512293,0.4838109647888362,0.03292398232907465,1.1182628110198045e-05,1.2745552422289859,0.4889034259924414,7.966747859957808e-05,0.0736117511007008,0.04040233636927452,0.0013712009970830163,0.3657563233717456,0.03764782398572586,0.007025421034201748,0.027304363627086766,0.011707691768884922,0.006600994924163196,0.0020791131801621426,1.6735223941738722,0.8459993130342103,0.9960604918947507,0.00018690008412095135,0.5655169252367923,4.582586079608135,0.5987672589837192,0.7348628153264726,3.4700119745771225e-10
6962e982,2.0152745356716655,0.08713136952659088,0.16881452624914065,0.2564184792324127,0.3115567617966699,0.28687629717830027,1.5390060316097762,0.033182601239968114,0.05561005213026003,0.04964480764756159,0.11129391251304252,0.10045538841916857,0.13008539170892763,0.15444995565295855,0.22190823138553575,0.10709760551639243,0.2533790938672218,0.4087787383136239,0.1595873677452232,0.46352615584811657,1.3857934080872395e-06,3.883533254626328e-06,0.28687102785163754,1.4948066806167126,0.008397149776665107,0.03580220121639859,0.0002794067298484797,0.0003777498724819819,0.03252544463763765,0.05555319252216455,5.6859608095480524e-05,0.032142125503033074,0.007362475093136708,0.009902580845947254,0.0011557627901214783,1.4927442803826851,0.8397335599319949,0.997467093112413,0.00015481399235932176,0.516985893932732,4.760031062364415,0.6454589021108157,0.8901548048206025,4.053143596865172e-10
be3d1e1e,1.1356692661947716,0.08912550639517214,0.18561856809290092,0.2718971375065477,0.3210588341010863,0.26363211251099417,0.41208213860680765,0.32904053721392995,0.05997907044091251,0.05331058923690652,0.1119755753538927,0.10209035459471716,0.10845725574392175,0.17621466236984545,0.27218378616493566,0.09356328388794574,0.2637721770109791,0.4583559516207183,0.15934573275493213,0.4827719354472405,0.00025988767373995276,2.2429442625167928e-05,0.26334979539462905,0.41172619338680305,4.193873893720206e-06,0.00035175134611086087,0.06273437090937396,0.0001255186825065647,0.2661806476220494,0.05386573621908421,0.006113334221828297,0.03325841353212859,0.009438091986538128,0.009626638197947167,0.002013270172169441,1.5311435619279716,0.8480099103935208,0.9885121421384668,0.0001790994094805451,0.46400964019591256,4.668910184420307,0.5795710611050926,0.9011795181566613,4.4189421716318636e-10
e15c0f36,1.3631830658598598,0.07957728631390058,0.1650545245411383,0.2512467547379515,0.3165791547541526,0.6031357103286873,0.47901465604575555,0.12980443397463964,0.06814103944996576,0.04727710893899701,0.10628583987715051,0.08516891012555422,0.1092783994554353,0.16792268077957168,0.217962493388408,0.09711890071303675,0.2357877838289783,0.4208335796718395,0.16114786080155125,0.47201044870675396,0.004425172160333224,0.0034969172966298214,0.5952136208717242,0.4400813357870973,6.403726718182985e-07,0.03893267988598644,0.03220881888928069,0.02435699882028326,0.0732386162650757,0.06761471750602756,0.0005263219439381962,0.030561374028721718,0.009141623009765338,0.010567559996036358,0.00157277307691516,1.5879687941040825,0.8630509774250669,0.9952878480974066,0.0001774468783508377,0.4888608254686541,4.597808094545263,0.5844395024052573,0.8683708521720824,3.3282163760285577e-10
80f2796a,1.8608102688573853,0.10471112257991698,0.18039492466966603,0.2792290416103894,0.3216681173322797,0.8256744557322414,0.4311564633188949,0.4355074145299288,0.07947277715739891,0.07292477832365621,0.12783729793010912,0.1133712914859856,0.10899695693228427,0.1691135644466944,0.2630742526300195,0.09613506581282003,0.26909810582448757,0.47245395319386063,0.16199972173105073,0.4813365129335086,0.7124117719161805,6.282429130205749e-06,0.11325640138693063,0.43104019353431344,1.765903561214008e-06,0.00011450388102024806,0.03954049378420156,0.00029748048399213676,0.3956694402617351,0.07468967381699756,0.004783103340401343,0.028059652009908443,0.009921539599759164,0.009565740984924485,0.0016325645465017891,1.6547226127264258,0.824616580918886,0.9949018600212177,0.000273433774617736,0.4166275646163717,4.588940810811694,0.5575812072617333,0.9139927179439675,5.338633160404342e-10
d1329c7c,3.869064485274072,0.1076440824994913,0.18830582209486887,0.2960503937642962,0.31902089025484676,0.8725286219329618,1.8789066581090754,0.9398354237089326,0.023445713636987872,0.07343781402776808,0.13651286892040487,0.11298156455030092,0.135577276372083,0.17640335053352735,0.25293683937899625,0.09268178200582619,0.2766652694410311,0.5188041298460313,0.1522755745410186,0.4857662059686749,0.7507104558390412,0.009356102684195783,0.1124620634097249,1.878086915563757,3.4152733627559086e-06,0.0008163272719558195,0.07221336662008587,0.000395206369831397,0.8672268507190153,0.014758285071016676,0.008687428565971196,0.03505401535962093,0.009058417078136162,0.015490722805330447,0.0018667730002249862,1.6774615607457903,0.8515748374091127,0.9924302446491142,0.00023311666152564333,0.3945983176865416,4.594517447768361,0.6622443820270603,0.8420273272175222,7.021988126340239e-10
b40a90a5,1.8455349987179086,0.07466365444665073,0.16674187521857328,0.25789334690786775,0.31481454926620545,0.938565450642254,0.6578034440367857,0.09843472534955773,0.05231770307196981,0.044836068186667626,0.10272566228920599,0.07642923286407856,0.1141315777016565,0.1599525139881695,0.22614153396589387,0.0979703962495142,0.25547082706568347,0.42023881740840563,0.15902438960440918,0.47060470892800166,0.03005412163054825,0.006413002011498488,0.9020983270002073,0.6300133173801274,0.0007363133031690355,0.027053813353489206,0.026426226778056436,0.00038346148600435366,0.07162503708549695,0.051562516491506116,0.0007551865804636965,0.02680507769374721,0.006406109511336147,0.008337157892588353,0.0015521614372577775,1.3964720507105752,0.849154033188275,0.9920224618373119,0.00013891908860996124,0.5224890918209079,4.782258592914114,0.6286376631714696,0.8530805910870295,4.072720213210959e-10
b55118ea,1.3034483970320603,0.0951640152395795,0.17679824894308835,0.25707568642557926,0.3166680186652886,0.19171329478397273,0.9230997520815288,0.05044451556561093,0.07206512304718413,0.056650411177979976,0.11875765920333542,0.11008397533742309,0.12012607111576276,0.16731850111993934,0.24295017459356294,0.10096272463967387,0.26049013884830285,0.4097741957887612,0.16159637927277576,0.4717396580578014,0.01861794079485633,1.845670535541016e-05,0.173076897283761,0.9226705064499315,5.823821184506275e-06,0.0004234218104127294,0.011012501742122524,0.001015067166317511,0.038416946657170895,0.07134356060478522,0.0007215624423989038,0.031332999913007656,0.009740363514674064,0.005603191431495614,0.001359681808890236,1.7869919841823858,0.8430818710383435,0.9915621524643019,0.00015850448052198522,0.5768387607177614,4.612069987161785,0.6093809282118196,0.918245594929775,4.078854415449098e-10
b4f260da,1.9931967350942073,0.08382864742005325,0.16805348109528095,0.2607626918553287,0.3137089186270682,1.0748928041222616,0.570848512782257,0.21538793249373278,0.024547147428503918,0.06274809456054153,0.1121852862126401,0.07655256148697812,0.1121091403705142,0.17044883194981109,0.22160247096551755,0.09933179985917635,0.2422018434115371,0.4407544322952725,0.1540244224492279,0.4733934148049085,0.1604320545451634,9.777676778321295e-05,0.914362972809315,0.5477200881226719,2.920949990882855e-05,0.023099215159676296,0.018317466789626466,0.01073815367057818,0.18633231203352815,0.02267301795927122,0.0018741294692326952,0.034218516041027304,0.012333788815564581,0.008305913846567526,0.001583243577818814,1.5330135353026595,0.843486067561453,0.9949333925513564,0.0002652372890751195,0.5532706254300018,4.56977424696984,0.6540406387383739,0.7308097674240053,3.8995844091816256e-10
7688dd52,1.8076078641268034,0.08526346487308933,0.1759076084838662,0.265539340707781,0.31655245821234845,0.5759198140888826,0.8995928040250112,0.17879300277233684,0.05574027664482152,0.034043677675338474,0.11170536189340569,0.11004135505052384,0.1197768632475996,0.16347506902911513,0.24447089317488382,0.09672640140678934,0.26302821256592923,0.4368634081506244,0.1593507455434228,0.47375417088127414,0.41904588084843497,9.751287077172241e-05,0.15677642036967598,0.8972082891897851,1.5898271857377246e-05,0.0023686165633686916,0.035392939585301236,0.0001001837710843881,0.1432998794159512,0.05382953441840478,0.0019107422264167426,0.018736452321206746,0.013635444852365227,0.011188841920735531,0.0016083249336058458,1.479278096231281,0.833124580208188,0.9946669368949455,0.0002088093767601887,0.4703666918290189,4.702095598728556,0.5961860826499841,0.9530016230074193,4.160501539952806e-10
9b70c5d0,3.4442855933716743,0.10622707992959346,0.18710202107055565,0.286094602214413,0.3174526137799171,0.8308059454270266,1.8597285682490863,0.599500122318296,0.013333481789670905,0.07189544321928334,0.13729018424502776,0.10949561232446925,0.1353135353481257,0.18263623901204157,0.24335628885149968,0.09576723770944548,0.2722689748839074,0.49024759404988605,0.14509095257543297,0.4898142749844013,0.6384403064050619,0.015791718573618975,0.17657392044834574,1.858229577426294,1.1917140444429164e-06,0.0014977991087478828,0.042569412245834395,0.00036798993010553013,0.556562720142356,0.0008778837845783888,0.012455598005092515,0.041240426444676445,0.009351515519226233,0.007669854599507539,0.0019621357861075157,1.6684910286668135,0.8416687390210434,0.994402587676296,0.00023093547510119638,0.44577906047358534,4.69367485075233,0.6888158139440815,0.7854330677616402,6.570562363466835e-10
