id,cost,elapsed_min,velocity_scene1,velocity_scene2,velocity_scene4,velocity_scene_wheel,cost_scene1,cost_scene2,cost_scene4,cost_scene_wheel,velocity_scene1_f10,velocity_scene1_f20,velocity_scene1_f30,velocity_scene2_f10,velocity_scene2_f20,velocity_scene2_f30,velocity_scene4_f10,velocity_scene4_f20,velocity_scene4_f30,velocity_scene_wheel_f10,velocity_scene_wheel_f20,velocity_scene_wheel_f30,cost_scene1_f10,cost_scene1_f20,cost_scene1_f30,cost_scene2_f10,cost_scene2_f20,cost_scene2_f30,cost_scene4_f10,cost_scene4_f20,cost_scene4_f30,cost_scene_wheel_f10,cost_scene_wheel_f20,cost_scene_wheel_f30,lateral_scene1_f10,lateral_scene1_f20,lateral_scene1_f30,lateral_scene2_f10,lateral_scene2_f20,lateral_scene2_f30,lateral_scene4_f10,lateral_scene4_f20,lateral_scene4_f30,lateral_scene_wheel_f10,lateral_scene_wheel_f20,lateral_scene_wheel_f30,tumble_scene1_f10,tumble_scene1_f20,tumble_scene1_f30,tumble_scene2_f10,tumble_scene2_f20,tumble_scene2_f30,tumble_scene4_f10,tumble_scene4_f20,tumble_scene4_f30,tumble_scene_wheel_f10,tumble_scene_wheel_f20,tumble_scene_wheel_f30,yaw_scene1_f10,yaw_scene1_f20,yaw_scene1_f30,yaw_scene2_f10,yaw_scene2_f20,yaw_scene2_f30,yaw_scene4_f10,yaw_scene4_f20,yaw_scene4_f30,yaw_scene_wheel_f10,yaw_scene_wheel_f20,yaw_scene_wheel_f30,best_trial_scene1_f10,best_trial_scene1_f20,best_trial_scene1_f30,best_trial_scene2_f10,best_trial_scene2_f20,best_trial_scene2_f30,best_trial_scene4_f10,best_trial_scene4_f20,best_trial_scene4_f30,best_trial_scene_wheel_f10,best_trial_scene_wheel_f20,best_trial_scene_wheel_f30,sliding_friction,torsional_friction,rolling_friction,solref_timeconst,solref_dampratio,solimp_dmin,solimp_delta_d,solimp_width,solimp_midpoint,solimp_power,magnetic_moment_fudge,magnetic_field_fudge,dof_damping,noslip_iterations,noslip_tolerance,margin,solimp_dmax
994d9e24,1000000.0,2.4,-0.01631291395104683,-0.014916255061144615,0.021458744463921126,0.039028316122826125,1000030.4330691745,2000018.746711314,2000000.8138555486,1000008.0803903003,0.0,-0.02631408993502883,-0.02262465191811166,-0.04474876518343385,0.0,0.0,0.06437623339176338,0.0,0.0,0.05936635066956399,0.0,0.057718597698914395,1000000.0,14.253279358351879,16.179789816181497,18.746711314000102,1000000.0,1000000.0,0.8138555485654797,1000000.0,1000000.0,7.148855323869708,1000000.0,0.9315349763807409,0.0,0.0027319586194940832,0.0004835000945565758,0.0006455566034037612,0.0,0.0,0.025161045174985713,0.0,0.0,0.01737554767051462,0.0,0.010258679492860023,0.0,0.14256153319488263,0.00852046568557133,0.08221468375489543,0.0,0.0,0.07118192243170408,0.0,0.0,0.0998262305695743,0.0,0.0,0.0,7.789038818425135,170.71186381498677,179.27213198365305,0.0,0.0,29.346950493514267,0.0,0.0,170.22124785234385,0.0,0.5927284411941279,0,2,1,0,0,0,2,0,0,1,0,1,0.03169538249300337,0.004375135629825458,7.713803233606348e-06,0.0035156374800189823,2.5472609195715963,0.4917366054014061,0.05381637556096498,0.0002111407346512947,0.4860491351949931,4.588276066863649,0.5174755472891538,1.2917932556340967,6.887966812720007e-10,29.59333453611364,3.7521719984271254e-05,0.003688862115971342,0.5190841174914589
7c2e7117,1000000.0,2.4,0.0,-0.0022442475094723237,0.0,-0.0004981652784130965,3000000.0,21.80113308663193,3000000.0,2000000.004467924,0.0,0.0,0.0,-0.0015311718316274954,-0.0031781924437771438,-0.0020233782530123313,0.0,0.0,0.0,-0.0014944958352392894,0.0,0.0,1000000.0,1000000.0,1000000.0,7.286495191343091,7.361821696046959,7.152816199241878,1000000.0,1000000.0,1000000.0,0.004467923898744442,1000000.0,1000000.0,0.0,0.0,0.0,0.0008585315476107554,0.00028949805601980773,0.010183523748868507,0.0,0.0,0.0,0.000942494376258658,0.0,0.0,0.0,0.0,0.0,0.0,0.0,0.0,0.0,0.0,0.0,0.0,0.0,0.0,0.0,0.0,0.0,3.9424073134908673,23.241607459335412,3.9999202238139047,0.0,0.0,0.0,3.4068994138734223,0.0,0.0,0,0,0,2,2,1,0,0,0,0,0,0,0.26347777734042516,0.0029869072272680963,3.1294428335720194e-05,0.002400134084194742,2.2994561548220407,0.4952389124775906,0.2573953400752335,4.987078869782402e-05,0.5603212298982614,3.928371348745994,1.2732274182695749,0.5485909588363146,1.5253585947364737e-09,29.96215484095144,1.5734259611522223e-05,0.0014859499216197225,0.6251363247231584
7316645b,1000000.0,2.4,-0.011000884284948305,0.0,0.003323854216457292,0.01686359118076056,1000023.4577326856,3000000.0,2000004.4515771605,4.404181645592818,0.0,-0.028572092748966178,-0.004430560105878741,0.0,0.0,0.0,0.0,0.0,0.009971562649371876,-0.0016019001617512871,0.016611789514822704,0.035580884189210266,1000000.0,14.927485063097807,8.530247622537726,1000000.0,1000000.0,1000000.0,1000000.0,1000000.0,4.451577160533278,0.10350824238225947,0.6182524715482682,3.6824209316622896,0.0,0.0009232817520528945,0.00019439809818337477,0.0,0.0,0.0,0.0,0.0,0.00545951493930036,0.014002625200286315,0.07554181835319876,0.0025231721418091657,0.0,0.06242322591322661,0.10212561679785041,0.0,0.0,0.0,0.0,0.0,0.07020990109999738,0.09818000061332219,0.060642803458613476,0.0,0.0,1.2068580208129411,177.52660429201148,0.0,0.0,0.0,0.0,0.0,130.25079217051015,0.5392563456747885,174.07796569987323,0.09066578942059038,0,2,1,0,0,0,0,0,0,0,2,2,0.04932729679313601,0.004843636865001868,2.657076593341943e-05,0.005111987721805274,1.3896719004141753,0.477093796141619,0.4014117195598171,0.00010891165188573505,0.5185045227854314,4.643064249402614,0.9559818032043481,1.0813963557349333,6.26348186996608e-10,30.377012311506398,1.1373790587013902e-05,0.002563014383677154,0.686954333428952
1e5ae3e4,1000000.0,2.4,0.001246995373792562,-0.0005594692798128109,0.0048165804367609226,-0.00042339102503173917,1000012.136330449,21.360173090377792,19.39680545511267,2000000.066742658,0.0,0.001772436270728445,0.001968549850649241,-0.0008097144412200295,-0.001856409021664125,0.0009877156234457218,0.01590180482978371,-0.0005666617952928456,-0.000885401724208098,-0.0012701730750952175,0.0,0.0,1000000.0,6.197448037234592,5.938882411804944,7.292637835806256,7.35979536687072,6.707739887700815,5.0433535500025375,7.173954482996855,7.179497422113276,0.0667426578622389,1000000.0,1000000.0,0.0,0.007189446011749969,0.0003790817294698196,0.002676296555112166,0.025910809816872733,0.015234518107018624,0.0005004456023633514,0.0034802343592008874,0.005218642734144912,0.012468479371290184,0.0,0.0,0.0,0.1103168551367366,0.10265241251276652,0.14212093940126252,0.14931601297500763,0.10308795666332264,0.0572107000404924,0.11920166319196697,0.08038704476629685,0.06336051560301294,0.0,0.0,0.0,179.3317180320709,176.8376884247299,168.01451767427903,26.60201874287312,3.3185705117865796,9.885095631733202,3.612386585017681,1.7073765736819917,1.5698664225763765,0.0,0.0,0,1,0,0,1,2,2,2,2,1,0,0,0.21451544075086834,0.004939351319301235,4.783058810950112e-05,0.004414451955460816,2.6178217786733384,0.680218110947124,0.5217234247006505,0.0001941396491752133,0.4103188547415828,4.473376064607146,0.6645946149139248,1.4780227004254722,1.108149836248285e-09,29.599022002395785,8.093053123092136e-06,0.0019313266458459578,0.8470036409185638
4c4e766b,1000000.0,2.4,0.0036860332304609104,-0.0008960456563019097,0.015310447121843868,0.004523251134954178,1000009.3968270718,2000007.3142303883,1000007.0506768778,1000000.9948603153,0.0,-0.0010208614466625983,0.01207896113804533,0.0,-0.002688136968905729,0.0,0.022448614387807445,0.02348272697772416,0.0,-0.006270489692013778,0.01984024309687631,0.0,1000000.0,7.289997700695431,2.106829371126911,1000000.0,7.31423038820924,1000000.0,2.439895217105276,4.610781660778373,1000000.0,0.14682317205013146,0.8480371433036165,1000000.0,0.0,0.009567121890785527,0.0957846188425946,0.0,0.0071999354795476474,0.0,0.04512538903533107,0.0061224060612966175,0.0,0.002637258219425752,0.01657875733978452,0.0,0.0,0.07175016305316834,0.08104258586265885,0.0,0.008971469875170337,0.0,0.08164080169000851,0.0,0.0,0.06817813496391349,0.06049179582238898,0.0,0.0,2.4758283255442235,163.48577677462185,0.0,97.2173028732425,0.0,157.3156879709537,2.9567909393958436,0.0,2.4278981736874625,75.26210059755041,0.0,0,2,1,0,2,0,1,0,0,1,2,0,0.134236981124164,0.0038604339261470713,3.497301373749832e-05,0.0026792123185894476,2.306708763394003,0.38926302751638625,0.7946899605572848,0.00047312350458394883,0.7897448913738915,4.344629848931351,0.960820581145157,0.9485464595132627,3.8112040180769725e-09,29.413559479707793,5.195141812209782e-05,0.0030135680907889886,0.8745300990942091
2f3cc0c0,1000000.0,2.4,-0.0010870636286628738,-0.0013042108009337003,-0.00018737688285392677,0.04899347789223495,1000014.8358171528,21.472249949509234,1000014.0604725205,2.4208155297096416,0.0,-0.0018339431182385526,-0.0014272477677500688,-0.0011996551867192852,-0.0011819918401416107,-0.0015309853759402042,0.0,-0.00015388015426458804,-0.00040825049429719224,-0.0006511285104022534,-0.006791587133085846,0.15442314932019297,1000000.0,7.395327603795109,7.440489548956012,7.223821149387132,7.133088602905614,7.1153401972164865,1000000.0,7.014837380245219,7.045635140219495,0.06694139484689264,0.1315381316738092,2.2223360031889396,0.0,0.009231494780999371,0.0007166260482662572,0.005745899599742549,0.0008517058909942882,0.0014364036551413428,0.0,0.0013092047186852784,0.008343053423613203,0.0010531198844341092,0.017702644800606182,0.006397992010326327,0.0,0.0,0.0,0.0,0.0,0.0,0.0,0.0,0.0,0.06609234911128434,0.03897343646827836,0.13376219629929983,0.0,0.01205340388657833,2.2838212450808295,2.5833942081649144,0.5171173079259752,2.3623901868733514,0.0,3.173102253888318,4.004289007875731,0.44630099696252407,140.430624873471,65.62920030561256,0,1,2,0,1,1,0,1,0,0,2,1,0.14922606813745265,0.002219921954800043,3.0451080579845958e-05,0.0014691051576507302,7.907404035901833,0.2011949152635813,0.3221548875685233,0.0006886266801475072,0.3762456777268584,4.427907477859987,0.8305355282861084,1.0433389710444492,4.930088339870891e-10,30.139929603303894,4.8128875613424524e-05,0.0016128483447042333,0.4585016620372501
98d9058b,1000000.0,2.4,-0.0004645340996546091,0.0,0.0,0.0,2000007.298982529,3000000.0,3000000.0,3000000.0,0.0,-0.0013936022989638273,0.0,0.0,0.0,0.0,0.0,0.0,0.0,0.0,0.0,0.0,1000000.0,7.2989825289110755,1000000.0,1000000.0,1000000.0,1000000.0,1000000.0,1000000.0,1000000.0,1000000.0,1000000.0,1000000.0,0.0,0.003415397852260994,0.0,0.0,0.0,0.0,0.0,0.0,0.0,0.0,0.0,0.0,0.0,0.0,0.0,0.0,0.0,0.0,0.0,0.0,0.0,0.0,0.0,0.0,0.0,6.657440748136058,0.0,0.0,0.0,0.0,0.0,0.0,0.0,0.0,0.0,0.0,0,2,0,0,0,0,0,0,0,0,0,0,0.16507051483374596,0.004527753077465501,1.4856655200881952e-05,0.008432567317268703,1.7287053857013757,0.5868521599577414,0.1250655481209096,0.00015182684031253793,0.7289237555782117,4.082754102907424,0.6636231501349696,0.5820640022393914,6.368985168585164e-10,30.008480295178703,1.371245704905322e-05,0.0031362453932536867,0.6385102144727843
866f4002,1000000.0,2.4,-0.0002327524729595901,-0.0077651907951665185,-0.0010631411445838526,-1.2196662440941709e-05,1000013.7024216717,1000016.1067685653,1000014.3335736607,6.283383983525095,0.0,-0.0023721112793767276,0.0016738538604979573,0.0,-0.0015887913810457652,-0.021706781004453793,0.0,-0.001620636836894601,-0.0015687865968569566,-0.0013728734026437837,-0.0003196227214262388,0.0016559061367471973,1000000.0,7.614777312956264,6.08764435877045,1000000.0,7.253094636083014,8.85367392917394,1000000.0,7.15734977969962,7.17622388101511,0.0037695761098337143,0.00022356932134974213,6.279390838093911,0.0,0.006686940455059007,0.0018594855491507098,0.0,0.0009625364732161815,0.009353495822453893,0.0,0.00047244535256486667,0.00027380425244254093,0.00011554419186531972,0.004387704781079968,0.015296484592616235,0.0,0.10065387095163303,0.08168274641950793,0.0,0.07379738350045245,0.09542042135282816,0.0,0.0,0.0,0.0,0.0,0.0,0.0,175.56515408899082,178.05251417937419,0.0,178.7713913762686,8.346337210488215,0.0,0.17377413480523077,0.6527738299175804,0.13538657047707894,0.06532360443144622,0.3700070078022424,0,2,1,0,2,0,0,2,0,0,1,1,0.09750186247291713,0.00719146319941653,2.304364526994069e-05,0.0018230837701202504,3.419716740684844,0.5629487957756069,0.1552172646340501,0.0003539329106136858,0.2057608261150895,5.034978605369599,0.7891177230246316,1.2348257653794608,2.6333020864792083e-09,30.065720254051076,2.31021094431456e-05,0.0015367009867594415,0.6307711664738713
e2388fcb,1000000.0,2.4,-0.0002495891010041794,-0.0008643486492121455,0.0045135474751034944,-0.00024941860705876085,1000014.2633755041,21.35965072346341,16.690658188874238,7.029374127141188,0.0,0.00016580641059340268,-0.000914573713605941,-0.0028180141138296555,0.00043711520059980545,-0.00021214703440658672,0.001991238441456944,0.0006923315184958311,0.010857072465357708,-0.0002243952162157972,-0.0002508994464604875,-0.00027296115849999785,1000000.0,6.921141347044564,7.342234157003797,7.533499786877524,6.8102469981282745,7.015903938457613,6.125994346356131,6.700501542538146,3.864162299979963,0.00010111626874285399,0.00012678377151021237,7.029146227100935,0.0,0.004367145619811902,0.00012136223191234032,0.007394968790386414,0.0001707004624293437,0.00038519810888055074,0.0007499626975969646,0.011841677710468037,0.01014717291495938,0.0006401895202088494,0.0009395249022002025,0.0018838508367365623,0.0,0.0,0.062110626980638836,0.0,0.0,0.0,0.0,0.0,0.0,0.0,0.0,0.0,0.0,5.126358313565751,179.59728651902824,1.900169267921563,7.216250240375321,11.430093323551551,1.0268168528868442,15.95714966264016,5.045450670023337,0.5431436718722905,0.49573719641923364,0.570726581447627,0,2,2,2,2,2,0,0,0,2,2,1,0.15063573774179098,0.0006068193575962475,2.7070321975194184e-05,0.0054569844277786135,1.5800324155295453,0.3176050940985477,0.23977910153573273,0.00027631767756693565,0.09833804146306324,4.883301925603636,0.6444189732543824,1.3265122938000666,5.963512622289141e-10,30.219135675217455,2.2273504854777665e-05,0.00048741442839568127,0.4812051536180052
5574c579,1000000.0,2.4,0.014534790787354234,0.009636692997809197,0.003572776119099997,-0.002773873595620915,10.735711983749718,16.785451612715303,1000011.620338995,1000000.2583684389,-0.0031252968736426865,0.0234996847195543,0.02322998451615109,-0.0016318147939424134,0.036969654482787724,-0.006427760695417721,-0.007549838289576435,0.018268166646876426,0.0,-0.007161767555581486,-0.001159853231281259,0.0,8.789247273160292,1.3293916675219466,0.6170730430674799,7.395114152631031,1.8174049450551786,7.572932515029093,8.145757615643932,3.4745813794053295,1000000.0,0.18814553287494176,0.07022290610365224,1000000.0,0.0008859586755168507,0.07970331931416622,0.25724849294943375,0.011670034850605368,0.09480319922178158,0.03793787333641751,0.012959576467086543,0.07133939719260436,0.0,0.0025580261154668563,0.02503354110782061,0.0,0.09542188634135958,0.057098988230922146,0.1063164983126504,0.08937287995121038,0.08868674888872785,0.07842187165057946,0.03555008559019657,0.07456179188423098,0.0,0.08555716033697515,0.06690570888702815,0.0,177.86208600081395,115.01014519063168,50.24516613210889,2.3950062249534314,126.05967128972992,179.87314601229986,21.099173723605364,126.21292064470504,0.0,25.389174125443958,172.33048589067778,0.0,2,1,1,1,1,0,2,0,0,2,0,0,0.1288224994576178,0.0020468546072034254,9.757082884786855e-06,0.0019254048696874095,7.535131877159817,0.0026479910191234803,0.39285387414298184,0.000566555798963242,0.8625424473349316,4.562360565374708,1.0967754983131495,0.9412440958078319,1.2908282769991246e-09,29.950240537311547,2.901261921673451e-05,0.004103962585180802,0.39442230624413255
9675893a,1000000.0,2.4,-0.000748043144468898,-0.0007049943796092849,0.035119729724421275,-0.0026915204087166462,21.74970051915428,2000007.2741692825,2000001.1774243866,1000000.2142017133,-0.0004383915881846243,-0.00032107280259498526,-0.0014846650426270842,0.0,0.0,-0.0021149831388278546,0.10535918917326383,0.0,0.0,-0.005167287218346717,-0.002907274007803221,0.0,7.222739956339283,7.068132072582628,7.458828490232371,1000000.0,1000000.0,7.274169282437439,1.1774243865187917,1000000.0,1000000.0,0.059693416967932365,0.15450829634363544,1000000.0,0.004016373342358097,0.004647813426599988,0.015160072377678267,0.0,0.0,0.010675842642150591,0.0037167011618847627,0.0,0.0,0.006387772379003957,0.003940795171806754,0.0,0.0,0.0,0.0,0.0,0.0,0.11437467036529889,0.06586320596072234,0.0,0.0,0.006250898938187705,0.13758828216415292,0.0,1.716877445266437,0.23893562103066793,1.048202003717293,0.0,0.0,11.095942461490187,16.22909895269773,0.0,0.0,162.52043978043358,170.27851685139044,0.0,0,0,2,0,0,2,1,0,0,2,1,0,0.2261600916585322,0.00614730475116392,6.0386081180220506e-05,0.00296431385063794,5.437650567872656,0.37381731654267175,0.2988633260843297,0.00045266297778500736,0.7844955198127768,4.853379729159076,0.769103824617626,1.056001636870258,7.510904110866105e-10,30.02598351636636,3.4221470387626206e-05,0.002711400256317048,0.5609304697245314
2eea98a7,1000000.0,2.4,-0.002842173683515557,-0.0021708679320514815,-0.0033436831394764582,0.03720532284403224,1000016.3747183086,1000014.7884663567,1000015.1507096823,0.5568360772419246,0.0,-0.005583602331218102,-0.0029429187193285703,0.0,-0.0032516729376909008,-0.0032609308584635433,0.0,-0.00842468679730959,-0.001606362621119784,-0.0014720569921781205,-0.004684505355784949,0.11777253088005979,1000000.0,8.353079513997397,8.021638794554722,1000000.0,7.374690762047729,7.413775594665971,1000000.0,7.891938235592697,7.258771446594659,0.08259872253233871,0.0854295285824217,0.38880782612716425,0.0,0.0019590603580057816,0.001383098753589613,0.0,0.022856890251304066,0.004666070111707146,0.0,0.020434164954760328,0.008131784151518858,0.009405752020382017,0.05221303378750264,0.015753273127630564,0.0,0.10293511422512974,0.09301269137831386,0.0,0.0038318419292749113,0.16650608177382673,0.0,0.04695691349012976,0.07822312588573195,0.0781763507848288,0.03881414682837108,0.06197776827099872,0.0,175.57766352977922,171.5760549198533,0.0,169.49078857976974,11.375301742603137,0.0,161.06492257483833,5.929433047103999,7.344746374714811,37.10120923990481,26.907741288687827,0,1,0,0,1,0,0,2,0,1,1,0,0.09650952596443466,0.003587028929065665,1.384144046953784e-05,0.004584228444252152,1.530600380322016,0.011893349872069848,0.4482780869966846,0.000396394843003615,0.35712519376507423,4.561960898619247,1.3848008256744087,1.012492599052246,1.0184358422450438e-09,30.333818278320223,1.2052252641267889e-05,0.0018998269703414095,0.45479508093142107
50f4ea2d,1000000.0,2.4,0.009085566122683875,0.058120632176807026,0.061289429836858526,0.06879374160746457,14.11149719516936,2.200088738594009,13.57580533918312,5.4836649793170436,0.026905258745131846,-0.0012463870796860553,0.0015978267026058323,0.04559887151567974,0.04790751308831623,0.08085551192642512,0.017032788604371803,0.17521034169484725,-0.00837484078864349,0.021616815320637684,0.036606278867676825,0.1481581306340792,0.657414046474818,7.379073955592262,6.075009193102279,0.19487458367079177,1.1304046983772686,0.8748094565459485,2.991892953008645,2.4313515644992094,8.152560821675266,1.0135050798401009,2.740773113918255,1.729386785558687,0.056210789421834675,0.01313624418186756,0.011718721262600595,0.09428244450097138,0.04697754967609699,0.017005854312378443,0.04440542977940872,0.011684136311872146,0.027574231153975514,0.10161187385145003,0.04603274821144971,0.036374954763289426,0.029377170453063116,0.11192282129381222,0.06244102988606483,0.06006900340280353,0.05115268628961495,0.09699718250853474,0.08584843879377045,0.06476402759760454,0.17570204899715322,0.06860669771938592,0.058614794934111016,0.048898724652055886,89.31539652053678,177.74364379032684,10.727908610735717,59.57231272187009,173.941249627084,10.78481638025432,126.42362565617736,98.7897832485944,74.57422804290758,156.34440778844981,6.93888486365361,98.91249781170367,2,0,1,2,0,0,1,2,0,0,0,0,0.2236524350250888,0.001452906601938038,3.452642669645358e-05,0.0032269622327431077,3.1345207767297105,0.5095273553742272,0.6091052479936556,0.00011664521924469562,0.1547023922678678,4.284232225154721,1.146436842352557,1.3339344374387858,6.961369632346943e-10,30.13143629518353,5.087636893514635e-05,0.0027134620830805115,0.8082159066883133
4c12b15e,1000000.0,2.4,-0.0010923843436290556,0.07483433627379697,0.06089629983042774,0.015562751337393559,1000015.046351435,5.637100646063064,10.241216966321481,1.4935225169104902,0.0,-0.0015602006753975615,-0.0017169523554896053,0.07565992739796057,0.02321380622636974,0.12562927519706063,0.11691115203572061,0.06892629035985758,-0.0031485429042949634,0.001054274092318728,-0.0012215751726055853,0.046855555092467534,1000000.0,7.437853246803423,7.608498188198024,0.9065848456381831,4.704935207430972,0.025580592993909208,2.0811939909024444,0.6432035841221324,7.516819391296903,0.07412494128179342,0.08155220040032395,1.3378453752283728,0.0,0.015056727687201094,0.014168935812583425,0.05852485132899097,0.00042467781548533035,0.005352842813929157,0.013983150751856258,0.016034724532545567,0.019694482051192234,0.0016029567931318362,0.033905505267045215,0.057760162465554335,0.0,0.10233426842382629,0.07612735377012252,0.1193187744275703,0.0,0.008172454053437243,0.07858310121554422,0.07856650206931864,0.15966764595502497,0.07189938408784381,0.07741812530825759,0.08213888477190188,0.0,0.9945868654935466,50.92958190282386,119.99946793015033,2.711559142902051,83.46701449704322,13.228938364771514,17.496690603973764,150.65092482200123,28.228260908730213,44.98900308080249,138.11535661702138,0,0,2,0,1,1,0,0,1,0,2,1,0.12125334302936991,0.0043661699098898965,4.858395102295083e-05,0.0013453518447935318,3.8473420877473083,0.8129634203945499,0.42088094800986475,0.00045037378507722573,0.8775498291373184,4.664674673659672,1.4416845300357901,1.0159762363369862,1.5474951852681424e-09,30.355999814723976,2.5762113503174756e-05,0.0031194525792655557,0.8916414652366134
e5356dc3,1000000.0,2.4,0.0,0.0,0.0,0.0,3000000.0,3000000.0,3000000.0,3000000.0,0.0,0.0,0.0,0.0,0.0,0.0,0.0,0.0,0.0,0.0,0.0,0.0,1000000.0,1000000.0,1000000.0,1000000.0,1000000.0,1000000.0,1000000.0,1000000.0,1000000.0,1000000.0,1000000.0,1000000.0,0.0,0.0,0.0,0.0,0.0,0.0,0.0,0.0,0.0,0.0,0.0,0.0,0.0,0.0,0.0,0.0,0.0,0.0,0.0,0.0,0.0,0.0,0.0,0.0,0.0,0.0,0.0,0.0,0.0,0.0,0.0,0.0,0.0,0.0,0.0,0.0,0,0,0,0,0,0,0,0,0,0,0,0,0.10028279510936823,0.0037311619187779857,2.4786594768379112e-05,0.002227860359362747,6.956784875664643,0.680139467445923,0.5542842977707939,0.0007035896514383529,0.49770577221090495,4.76579613705421,0.5002109626960033,0.7541298124639548,2.90241312211455e-09,30.101499587101497,6.879571845058354e-05,0.0017330082556919581,0.8573777096874746
16e03c69,1000000.0,2.4,0.01642948113794572,0.008531032641428153,0.0006031130477964615,-0.002158769250601671,13.178061870936364,1000011.8296595964,2000006.520843538,1000000.2388718058,0.033384035739723594,-0.0040249441347917185,0.019929351808905284,-0.0012728679177559557,0.026865965842040415,0.0,0.0018093391433893847,0.0,0.0,7.788104479401455e-05,-0.006554188796599027,0.0,4.393556013871988,7.923928848671741,0.8605770083926346,7.308828632904271,4.520830963536175,1000000.0,6.520843538145203,1000000.0,1000000.0,0.0777800663844284,0.1610917394530668,1000000.0,0.13987429347245833,0.06083735405515474,0.12924838637237615,0.030853185131668497,0.1049135518630252,0.0,0.035276418886426866,0.0,0.0,0.022595432660570708,0.06405693229806314,0.0,0.07835194650812034,0.03308319461605179,0.05223079651289263,0.07027259113897222,0.06342190352127336,0.0,0.06588054558636691,0.0,0.0,0.07725738189303359,0.07107366731469976,0.0,119.09311413504732,7.570387756886688,170.86165043783632,175.95888169020296,21.467492984635083,0.0,162.26012748960363,0.0,0.0,0.6598941640043666,159.44428906798404,0.0,2,2,1,0,0,0,0,0,0,2,2,0,0.08508130942575444,0.0037447664598142002,4.735039386393944e-05,0.01039539426434569,2.6425183045431053,0.417388957711658,0.31060730416024995,0.00010873390829680874,0.6654090948793898,4.639789088740351,1.4974986478709835,0.7137934907721737,2.0914331289579966e-09,29.88733411357447,1.851338498180028e-05,0.00464549604704634,0.5983211422004173
4bf8954f,1000000.0,4.9,-0.00727055152894827,-0.017310339095447918,-0.0011047568659240772,-0.0022643143765082516,1000019.7258323242,1000018.6686865239,21.398601276984316,2000000.092290739,0.0,-0.01852237798041366,-0.0032892766064311504,0.0,-0.002240499293189354,-0.049690517993154396,-0.0016292037883556035,-0.0013445835156036096,-0.00034048329381301855,0.0,-0.006792943129524755,0.0,1000000.0,11.68266656558394,8.043165758714014,1000000.0,7.25383542653586,11.414851097379252,7.230155580560084,7.130393693888564,7.038052002535668,1000000.0,0.09229073897954704,1000000.0,0.0,0.0016191705767769956,0.0071223017349374106,0.0,0.008938445802931088,0.00017682762563638087,0.004937021316103749,0.004327951793198576,0.008024220383290329,0.0,0.0016081845764403559,0.0,0.0,0.0,0.0,0.0,0.0,0.0,0.0,0.0,0.0,0.0,0.0,0.0,0.0,1.2300193578027871,3.3220212251295216,0.0,1.1237779887309634,5.562113863005782,1.1187900368438284,0.9264607005793324,1.1821193628582929,0.0,4.676362653051511,0.0,0,2,2,0,2,2,2,0,0,0,2,0,0.09298584239794712,0.0035215678558123582,1.5112472346888452e-05,0.0015372261359669884,1.3525237433408468,0.4853187352994853,0.6746511934136727,8.493685368916806e-05,0.820404565717386,4.442153399752747,0.6785295982352345,1.2679930014791083,3.0708098249021034e-10,30.11153369364761,5.6872581049478294e-05,0.0005994068384268912,0.8324815996380046
51ca4081,1000000.0,4.9,0.0,-0.0022583212626467995,-0.0012746262355099371,-0.0005452086860067397,3000000.0,21.843043879664307,1000014.4900367744,2000000.0053622387,0.0,0.0,0.0,-0.002035540739731321,-0.0026518331282897934,-0.002087589919919284,-0.0020474416809171487,0.0,-0.0017764370256126624,0.0,-0.0016356260580202193,0.0,1000000.0,1000000.0,1000000.0,7.383046585248368,7.301166964699114,7.158830329716823,7.290044514526349,1000000.0,7.1999922597903145,1000000.0,0.0053622387707746326,1000000.0,0.0,0.0,0.0,0.02081487669984303,0.011916246507433774,0.03512712684991817,0.0006662567067119242,0.0,0.014632072235150615,0.0,0.003419585855788617,0.0,0.0,0.0,0.0,0.0,0.0,0.0,0.0,0.0,0.0,0.0,0.0,0.0,0.0,0.0,0.0,175.76481149754076,10.711762253548192,14.983078953101035,4.597540602080585,0.0,4.579149033391972,0.0,1.031717693789959,0.0,0,0,0,2,2,0,2,0,1,0,1,0,0.06863042500191763,0.003075753062034498,1.1454759287986816e-05,0.016373043048750466,1.2733270532945402,0.4710317037607234,0.2769291384585608,0.00013210094275458342,0.21649376339641202,4.418027332947174,1.0739796343563617,0.7134047572673716,1.0146285814198619e-09,29.930056031083154,1.8345401500467897e-05,0.001484541186188111,0.6174907453963132
251f0d27,1000000.0,4.9,0.0,0.0,0.0,0.0,3000000.0,3000000.0,3000000.0,3000000.0,0.0,0.0,0.0,0.0,0.0,0.0,0.0,0.0,0.0,0.0,0.0,0.0,1000000.0,1000000.0,1000000.0,1000000.0,1000000.0,1000000.0,1000000.0,1000000.0,1000000.0,1000000.0,1000000.0,1000000.0,0.0,0.0,0.0,0.0,0.0,0.0,0.0,0.0,0.0,0.0,0.0,0.0,0.0,0.0,0.0,0.0,0.0,0.0,0.0,0.0,0.0,0.0,0.0,0.0,0.0,0.0,0.0,0.0,0.0,0.0,0.0,0.0,0.0,0.0,0.0,0.0,0,0,0,0,0,0,0,0,0,0,0,0,0.044673739340264106,0.003278797673884256,2.1144995262538873e-05,0.006057865701012677,1.8218435559892743,0.4117448396908546,0.03258183457468073,0.00024134265488123832,0.4780658094610237,4.6656704741417485,1.019714466335833,0.570960083249383,3.1629093937420875e-09,29.963685008985742,5.3381332795095e-05,0.0011711281352690776,0.430908013828292
76869649,1000000.0,4.9,0.05611497708302061,0.10757776937084641,0.06330938628980791,-0.0015785546346968758,102.98737906229454,15.560518303210678,1.9062241737404892,1000000.1899839686,-0.00429724396640124,0.0014061482623663024,0.17123602695309678,-0.023845976490731894,0.1388280683910083,0.20775121621226286,0.07714221924359822,0.05677479462406869,0.05601114500175679,0.0016184938783707196,-0.006354157782461347,0.0,9.437260414685545,6.411981463355869,87.13813718425313,12.379633961008784,1.5922659308517537,1.5886184113501394,0.09471952191748102,1.047675370680562,0.7638292811424463,0.08318872997444833,0.10679523868026904,1000000.0,0.0032775197250945213,0.002460759799286502,0.0012513594231471502,0.0029623984753367194,0.0016332479055093177,0.0018071308437246562,0.006641244479178568,0.0047973449044584095,0.02576252911384324,0.0373901649057619,0.027139961085656642,0.0,0.0446760561067099,0.1102152422730034,0.05622717288997313,0.012162789553339983,0.06384490828256843,0.04188476394238117,0.06471751600449012,0.02144127667777925,0.055278011857251425,0.07655166067412128,0.02530801894370989,0.0,0.887033552188672,3.6526652152728745,16.760325995614856,176.01547473447718,56.180796192533116,30.23645685929738,15.133103923801452,48.96142349046444,49.785853923788075,179.59400479765242,73.90541078963057,0.0,2,1,0,2,0,0,1,1,0,0,1,0,0.12256528993499442,0.003331098428083837,3.3766845464469026e-05,0.012552419856886142,1.2497237445224176,0.997615117054953,0.1856741124366198,0.0003741724434288365,0.4795128163373705,3.9852865496798118,1.092088598644928,0.9460224774640469,4.8820881688900104e-09,30.08514824358755,1.340378030219313e-05,0.002137877975893617,0.9980393606677962
98749e53,1000000.0,4.9,0.005680168361295923,0.04306093109868697,0.01987526688462851,0.05182051448008976,17.137618798568006,10.584659759557944,1000004.3745127978,2.1089017903845932,-0.0031913113346531664,-0.0035694504138566083,0.023801266832397545,-0.0024982177071507677,0.022832376158190074,0.10884863484502162,0.03188746818997913,0.02773833246390639,0.0,-0.00253122358124096,0.009171220610188244,0.14882154641132198,8.81602681549365,7.852180098861003,0.469411884213355,7.503757719741339,2.849168547508412,0.23173349230819323,1.615521736283572,2.7589910615252315,1000000.0,0.08663265883697202,0.24705067552444884,1.7752184560231723,0.0034380804235985742,0.0499238332214826,0.11344658937172673,0.011854421244534744,0.02399639453196921,0.019689584344664696,0.07429310131647722,0.008240311375305426,0.0,0.031622208316772656,0.08123438966943598,0.0005012989798353368,0.08375243665265014,0.06657290252022559,0.061937660492592445,0.03206878765168923,0.07641495082234236,0.06085953727344226,0.07185077918878557,0.07415380262702119,0.0,0.07281850914168204,0.07222907449799984,0.05481630990179884,70.7931578373911,126.5467345273532,83.30011473762818,178.82670938992894,9.886131770919622,113.46558900529952,161.84488287710053,62.63444968047383,0.0,3.148189669155296,96.9868546673264,20.866906492070694,1,0,1,1,1,0,1,0,0,1,0,2,0.07986725816667735,0.004881939725272624,2.9989246558635894e-05,0.004134576508172918,2.1073966654549356,0.22632033821096798,0.09545123685772089,0.00018263677310233873,0.5106503986056645,3.9288449093639355,0.9775120518211928,1.4987722434128632,4.004160515049452e-10,30.44661500356271,6.238511990341511e-05,0.004062792136905034,0.3001594737367085
9c6d757e,1000000.0,4.9,0.014713497701593392,0.12934799711655245,-0.0006441155659544551,0.021808944025746384,10.239759299269036,6.019255526693543,2000007.320351859,1.6630622778863433,-0.0023916852707539923,0.0260269161187443,0.020505262256789867,0.022003679807090466,0.14506865236754968,0.2209716591750172,0.0,-0.0019323466978633653,0.0,-0.00022277504269484525,0.014858090141054625,0.05079151697887937,8.36005458894505,1.0837352824848536,0.7959694278391316,1.7981238723870128,2.0331309769587795,2.188000677347751,1000000.0,7.320351859090978,1000000.0,0.09219615459917066,0.5185766561229954,1.0522894671641772,0.008144685434233054,0.09602196525408555,0.08615392839793641,0.06115605403914539,0.039865139123586774,5.9516476756705204e-05,0.0,0.019500494089310056,0.0,0.03993392307375432,0.06028098976151304,0.03347222117198058,0.08591395933509735,0.06314841614135222,0.06462409633871213,0.03003720134039084,0.09281597927070764,0.04144477911481021,0.0,0.1320782337687898,0.0,0.09050217894781475,0.07341717311695854,0.0,3.114553106637236,65.45325390457919,10.924107850342738,0.7350515723070155,64.45894408145837,16.028162164547574,0.0,158.49523015681584,0.0,1.6696220705985543,136.14003427323306,12.875786713297533,1,0,1,0,2,2,0,2,0,2,1,2,0.07572619335873051,0.0027026023670254297,1.5170271465158994e-05,0.001022330875502318,3.382326558419541,0.44597509647924405,0.03316829681448539,0.0003428139774138357,0.3453632313097108,4.550042198828708,0.6723458546139889,1.4790438212790509,1.4573279034876192e-09,29.641549728702028,3.116779189215751e-05,0.0041611394345796564,0.4643478420921557
e6eeac4a,33.99486711573673,4.9,0.01562777516644595,0.01203958541978592,0.03361695817906061,0.034410734375122924,8.591353025430829,13.144412641414043,10.876730577604341,1.0575850224234906,0.0153001536578972,0.03391640599362742,-0.002333234152186766,0.01732287255051421,0.00021211080383578537,0.018583772905007765,0.010627390645793617,-0.001377073757912625,0.09160055764930083,0.019709793225508854,-0.006632324595298397,0.09015473449515832,0.3107635677949008,0.4354460324063387,7.8451434252295895,2.386870052386397,7.01992060170231,3.737621987325335,3.7368113672006285,7.137872538749439,0.002046671654272787,0.9139574371484585,0.1305005242425703,0.013127061032461773,0.06584601731020659,0.06886492870978596,0.039380184874253675,0.06687937536304125,0.03908132537797823,0.014750118082069455,0.07992176278135671,0.029058891267497024,0.006042193986829046,0.16306284014213593,0.05180575583059926,0.05914637265130303,0.039280747618575806,0.030396611713681024,0.11384352538581288,0.0677457654771756,0.11969918710872726,0.03255816182140458,0.09159110010894655,0.003482040034005457,0.0,0.11041604932860911,0.03984122883059056,0.002077451378143216,78.41275120271756,113.78305771472543,6.045405537699191,77.32040540902511,65.00159273088657,1.6397784531296025,51.37398453878423,5.613653965274464,0.17974509898593027,174.467885300017,55.36993812346739,90.93335594559214,1,0,1,1,1,0,2,0,0,1,2,1,0.17218863312392776,0.0011814220594314959,2.498709776601103e-05,0.007316690019023398,4.733589253767191,0.6400506301602914,0.0791054646770867,9.473380741828507e-05,0.4667475708861598,4.824455913662998,1.455964202347203,1.4223239286677,1.102541096277099e-09,29.71746367518372,2.430237254464686e-05,0.0014065971901491398,0.6685166817752184
fbb319d2,1000000.0,4.9,-0.0016842399078169949,-0.0005923281820208661,0.0,-0.0021216123543912674,2000008.7259645541,2000007.2495260222,3000000.0,1000000.1715801241,0.0,0.0,-0.005052719723450985,0.0,0.0,-0.0017769845460625982,0.0,0.0,0.0,-0.0017168924797474686,-0.0046479445834263335,0.0,1000000.0,1000000.0,8.72596455420732,1000000.0,1000000.0,7.249526022327184,1000000.0,1000000.0,1000000.0,0.09823884815946483,0.0733412759169734,1000000.0,0.0,0.0,0.0010188286934349647,0.0,0.0,0.002287004855903564,0.0,0.0,0.0,0.00253103659835777,0.026895853138504903,0.0,0.0,0.0,0.08295175883556007,0.0,0.0,0.1155274555514926,0.0,0.0,0.0,0.09233700243917578,0.029411111299720995,0.0,0.0,0.0,170.19764949944934,0.0,0.0,26.89720687520766,0.0,0.0,0.0,179.13393613565907,169.96768761317242,0.0,0,0,0,0,0,2,0,0,0,2,2,0,0.11338022631955141,0.0023284072444564423,2.0250878097116125e-05,0.006607748475202238,1.209527114233561,0.5351331488446819,0.6368130711532876,0.00017596567698303337,0.8443936035977948,3.880782753172143,1.4223846360385357,0.7212586509812701,6.206936042574717e-10,30.16145707267894,3.6865913752567995e-05,0.002338744896913384,0.831102754699143
447944f6,1000000.0,4.9,-0.0023094710818634735,0.00014595445411712398,-0.0022099340726936764,-0.0008925520836778215,24.181685615349867,1000013.8010384518,21.897456322231903,1000007.1463216714,-0.004092794462178909,-0.0017250788730961604,-0.0011105399103153515,0.0,0.0008187687720082267,-0.0003809054096568547,-0.004920358007354087,-0.0003328849255672638,-0.0013765592851596794,0.0,-0.001348708234049265,-0.0013289480169841996,9.341927037062366,7.42416680308875,7.4155917751987515,1000000.0,6.704566574320784,7.096471877590367,7.710822428859073,7.032132889351034,7.154501004021794,1000000.0,0.0036383503534440182,7.142683320971143,0.015099145452563318,0.01013158741017045,0.0007924780134200464,0.0,0.013710195169163013,0.007641968641674266,0.0030561717768622337,0.0034098294283547367,0.005865765437709105,0.0,0.0005679368445906479,0.0008845707468087834,0.07352165704104685,0.05270335923942042,0.07445223389945121,0.0,0.03198620687695787,0.06784053304473371,0.0,0.0,0.0,0.0,0.0,0.0,167.31512277588024,5.202778767540481,172.59099663742782,0.0,171.53964524420567,172.17489299114092,0.563010839687622,1.1936023754969403,2.104647026303631,0.0,0.39189465717650895,0.12329321261834664,1,2,1,0,1,0,2,1,0,0,0,0,0.11687402249608231,0.0043607685594640715,5.728669023364825e-05,0.0014107719129835181,4.775189184534407,0.5126203569572398,0.10724093234838661,9.87226406590586e-05,0.09163207589065964,4.624801902146787,1.3332779179301348,0.9912423191468129,1.0719148797550196e-09,29.487360500030555,3.470257393253857e-05,0.0007272993317657012,0.5648766801915345
aea68394,1000000.0,4.9,0.005606514526190865,0.08124077817530362,0.045050833822971266,0.1099761189835184,1000008.1131981988,14.069342618273284,1000008.604851556,33.74708117086881,0.0,0.0012434192106348136,0.015576124367937781,-0.004755325377268918,0.01690279586600603,0.23157486403717373,0.0,-0.0011772720286095187,0.13632977349752332,-0.0013638928781990092,-0.005153270361844699,0.3364455201905989,1000000.0,6.628429174816104,1.4847690240551203,7.9271954762205965,3.3551198801855064,2.7870272618671796,1000000.0,7.189779821616655,1.4150717343971888,0.0889784548208368,0.14208520900469482,33.51601750704328,0.0,0.007614464684862038,0.07830035161396376,0.025584010429048128,0.0001893418998462447,0.001541891353544681,0.0,0.015570471970210649,0.0006751176213533067,0.012212365171385887,0.004855600774520382,0.00516263838579978,0.0,0.09348022550871403,0.07719861984171277,0.010686047136838699,0.06707688377907517,0.08852190195563146,0.0,0.0754768635289074,0.07267973434350268,0.08510890539135356,0.0889492413012793,0.05730472998254162,0.0,0.13515342555471202,0.1782813246172478,138.64742759570552,72.9873800806341,41.995356014024644,0.0,178.8270566103967,1.051586131023287,155.37732688715445,29.37258952873558,13.782101161097938,0,2,2,2,2,0,0,1,0,0,2,0,0.10597135918762289,0.004406027842393665,1.1914842108754302e-05,0.003340799880997677,4.735442254107235,0.6439799319254188,0.12148291756433277,0.00010850450070663759,0.3955867271520541,4.013433077674313,1.3883185664217161,0.8655603521925004,4.250138908796341e-09,29.705328990488542,3.0565554570796535e-05,0.0017228718342490496,0.6872181402148149
6b6990cf,1000000.0,4.9,-0.0037235928640627428,-0.006413321991397804,0.06926235789715356,0.06078914247371242,25.5837991954361,18.45281483144889,9.94185023463724,6.090177903255586,-0.0030876957415002237,-0.0012507538364941431,-0.006832329014193862,0.007793932164237774,0.022592779814280223,-0.04962667795271141,0.01863750800875454,0.020932836660533496,0.1682167290221726,-0.01017938150791972,-0.0010884679418133732,0.19363527687087037,8.848941779810577,7.358794149022712,9.376063266602813,4.0117799006896435,2.9335674399523293,11.507467490806917,2.813656064136816,3.2621506322699916,3.8660435382304317,0.28673559099861307,0.08400294032560719,5.719439371931365,0.015762643502245974,0.01717964636754473,0.028546720136900166,0.06053060812860715,0.06335694072282833,0.03932785151369908,0.026568607434876216,0.007071771967440391,0.0033324831187722254,0.00494666603923857,0.05765817429149016,0.006405193321847348,0.17671337514428617,0.09057286130961135,0.09806531864239344,0.0738560537537459,0.1373838981099375,0.09763056191681428,0.07717261682101836,0.07540750418638235,0.05331362773560021,0.07947150572615348,0.07830895034226845,0.05527919028228915,108.86382062464197,5.521551351773997,141.47236937665036,147.3507671541576,167.1121390957994,163.861901229937,145.29563656536072,5.944515383736222,75.66483925418999,41.79409198116701,168.1529600248962,25.512192652044984,2,0,1,2,1,2,0,2,2,2,2,2,0.08062733505288497,0.0028225972560344285,5.14290992970277e-06,0.006175460810800556,9.42271964727805,0.5914508310611011,0.4983436237841925,0.00028126714043215264,0.3981767515404578,3.991638451283311,1.2717166009556697,1.3747609529119393,9.049546004176719e-10,29.667626763523124,5.6431830608318984e-05,0.0025189643888967497,0.7949988700417538
3fabb0fb,1000000.0,4.9,0.0,0.0,0.0,0.0,3000000.0,3000000.0,3000000.0,3000000.0,0.0,0.0,0.0,0.0,0.0,0.0,0.0,0.0,0.0,0.0,0.0,0.0,1000000.0,1000000.0,1000000.0,1000000.0,1000000.0,1000000.0,1000000.0,1000000.0,1000000.0,1000000.0,1000000.0,1000000.0,0.0,0.0,0.0,0.0,0.0,0.0,0.0,0.0,0.0,0.0,0.0,0.0,0.0,0.0,0.0,0.0,0.0,0.0,0.0,0.0,0.0,0.0,0.0,0.0,0.0,0.0,0.0,0.0,0.0,0.0,0.0,0.0,0.0,0.0,0.0,0.0,0,0,0,0,0,0,0,0,0,0,0,0,0.03260014400553278,0.004614491665770528,2.5602924974481178e-05,0.005056980092349484,1.088260385498044,0.09347173070948211,0.9179628549836409,0.0002737626421816755,0.8558361872590883,4.058121658776843,1.046308543386258,0.5311213276754928,6.312885630235619e-10,29.662430956641657,7.57824584442766e-06,0.0021756383798778546,0.9255392126252865
a62b64d4,1000000.0,4.9,-0.001642444269343031,-0.0016112734721187127,0.0,0.0,2000008.2237633998,2000007.6563875906,3000000.0,3000000.0,0.0,-0.004927332808029093,0.0,0.0,-0.004833820416356138,0.0,0.0,0.0,0.0,0.0,0.0,0.0,1000000.0,8.223763399774704,1000000.0,1000000.0,7.656387590566659,1000000.0,1000000.0,1000000.0,1000000.0,1000000.0,1000000.0,1000000.0,0.0,0.00012085965936042332,0.0,0.0,0.01723012683164863,0.0,0.0,0.0,0.0,0.0,0.0,0.0,0.0,0.12778500900579023,0.0,0.0,0.10077732009172741,0.0,0.0,0.0,0.0,0.0,0.0,0.0,0.0,179.99364969027152,0.0,0.0,0.3328958198724079,0.0,0.0,0.0,0.0,0.0,0.0,0.0,0,2,0,0,2,0,0,0,0,0,0,0,0.02603013358465043,0.006161066257310191,1.6781972213880318e-05,0.0031397517200859927,2.3641571065889395,0.0012137653468674797,0.5801640841035937,0.0002384537171175269,0.6936875798096308,4.385488932580794,1.0708711235863535,1.087474091733977,1.0581664581830445e-09,29.40317667903629,1.4369026637075452e-05,0.001538040101370076,0.5806156499812687
cd5502af,1000000.0,4.9,0.007037092190800995,0.04554587751907793,-0.00205066645559319,-0.04845500052621982,1000008.4912349809,11.278964129929744,21.93534176822685,61.737230058130514,0.0,-0.004862230767246022,0.025973507339649007,-0.002476072108140248,0.013746377619129025,0.125367327046245,-0.002397393271756155,-0.051532298969660564,0.04777769287463715,-0.0022606262855265273,-0.1718335345919769,0.028729159298843964,1000000.0,8.1722137101041,0.3190212707532489,7.5432462430882286,3.653363252587803,0.08235463425371174,7.4829453362674165,13.34827950457459,1.1041169273848437,0.09900556763930161,59.178600806369694,2.4596236841215147,0.0,0.0024445326013850695,0.004989530381152634,0.001261240548363301,0.06185256148977257,0.0019172506282699381,0.0113432424701137,0.0639151398864429,0.0423464122616218,0.022883236121336192,0.1877431524106263,0.06422580690383912,0.0,0.09141731690532999,0.08722184955949863,0.07596964656144174,0.06894893904447727,0.06379539741319797,0.14237959916671264,0.14726760355295865,0.007417001855677842,0.08826106273828987,0.08982609434838038,0.04926858589444192,0.0,178.70137484872305,141.79371531336818,0.14650041373191494,167.24071151627555,66.65016946018625,176.56352775705986,154.11029560375533,1.4558496217645727,152.2949470628843,23.500677675247044,156.43249330056955,0,2,0,0,0,1,1,0,1,2,2,2,0.06355460453245546,0.006371005291473847,1.3334997442531046e-05,0.006036746529799582,1.4427544453676084,0.7326376991857215,0.42296746131910146,0.00014951011859542425,0.8139133283060151,4.476261283176404,0.8317607825072095,1.1737855994494277,3.651780868767425e-09,29.780551889168088,2.5971542939034808e-05,0.0033584762833007084,0.8456809560674389
ab430b0c,1000000.0,4.9,0.0,0.0,0.0,0.0,3000000.0,3000000.0,3000000.0,3000000.0,0.0,0.0,0.0,0.0,0.0,0.0,0.0,0.0,0.0,0.0,0.0,0.0,1000000.0,1000000.0,1000000.0,1000000.0,1000000.0,1000000.0,1000000.0,1000000.0,1000000.0,1000000.0,1000000.0,1000000.0,0.0,0.0,0.0,0.0,0.0,0.0,0.0,0.0,0.0,0.0,0.0,0.0,0.0,0.0,0.0,0.0,0.0,0.0,0.0,0.0,0.0,0.0,0.0,0.0,0.0,0.0,0.0,0.0,0.0,0.0,0.0,0.0,0.0,0.0,0.0,0.0,0,0,0,0,0,0,0,0,0,0,0,0,0.24942188926790937,0.003279601351630945,3.7665506914217565e-05,0.0025823398005173793,2.4531852255609676,0.36062212901916646,0.24622778703948492,9.787695002166875e-05,0.9796449856331467,4.720290389657725,0.6246176236918136,0.5538341211126447,1.2680868673918675e-09,29.52450177651281,4.2144919692227446e-05,0.004906511862872842,0.5180301044940905
bafa0d9b,1000000.0,4.9,0.0,0.030125439460417652,0.003192115022294849,0.041022252529102056,3000000.0,1000007.1441161451,2000005.7714829454,1000019.3194894508,0.0,0.0,0.0,-1.640576499936608e-05,0.09039272414625232,0.0,0.009576345066884547,0.0,0.0,0.09299156483577835,0.030075192751527827,0.0,1000000.0,1000000.0,1000000.0,7.079171254990526,0.06494489014518123,1000000.0,5.771482945582022,1000000.0,1000000.0,17.387441282305897,1.9320481685090625,1000000.0,0.0,0.0,0.0,0.01133752157336862,0.014452053917516902,0.0,0.0007785283057142184,0.0,0.0,0.01613221804497915,0.045406170685696134,0.0,0.0,0.0,0.0,0.0760153635794402,0.0641195012303161,0.0,0.0753289177629828,0.0,0.0,0.09231877263331599,0.1209520100896201,0.0,0.0,0.0,0.0,0.0022853507979392613,177.0753460603732,0.0,179.84690383178446,0.0,0.0,115.38907341164398,22.490252748877364,0.0,0,0,0,2,0,0,0,0,0,1,2,0,0.06957369151816331,0.0033763083571849628,1.564767176167101e-05,0.002882290968030134,1.8790360309319736,0.5802032058505862,0.012523529649840943,8.875462827776244e-05,0.28135316913738595,4.534950006231679,0.5221583339941234,1.229988252450355,2.7909064977361915e-09,29.492185391247176,4.065422139075063e-05,0.0036121238230904223,0.5854592910960595
1b6e1803,1000000.0,6.4,-0.00029110712788565164,0.040358670641303135,0.02190422177379006,0.05805520404177402,1000014.2510464168,1000007.5573165198,1000005.7868474082,1000061.379522456,0.0,-0.0010860669211945932,0.00021274553753763812,0.0,0.1203974179203127,0.0006785940035967088,0.0,0.03439863334881176,0.031314031972558415,-0.0008132389367688457,0.1749788510620909,0.0,1000000.0,7.319987396731616,6.931059020034597,1000000.0,0.7385336629702547,6.818782856829478,1000000.0,3.5749804603084128,2.2118669478372794,0.09306921775024872,61.286453238166104,1000000.0,0.0,0.0019267688319435554,0.005797622541846329,0.0,0.00018911973062629012,0.05128731728266943,0.0,0.0037540424646203712,0.015481872484952572,0.0008319153753474969,0.007157282206548628,0.0,0.0,0.08773513336284518,0.06961849491823328,0.0,0.1374346290816985,0.09808659026243137,0.0,0.06560845890218911,0.0907247985940595,0.09174581053050314,0.051205373458738775,0.0,0.0,2.825310067268191,175.2938054641879,0.0,175.05255034562595,5.984004160588634,0.0,7.9264789103885755,166.51420230542013,8.691107970246067,179.0726891138184,0.0,0,1,2,0,2,1,0,2,0,2,2,0,0.13859421111443798,0.001414166328589927,2.0371863478910103e-05,0.0056700849826093755,1.317065915128686,0.8000764953948873,0.17791267971207347,0.00011424534819855643,0.13240769363040672,4.5254128585464715,1.0482220416959172,1.0420616904479205,1.4745061290348101e-09,30.334389105107054,5.44495646062921e-05,0.002119694479470441,0.8356276305686408
eb94323e,1000000.0,6.4,-0.0024092649717162924,0.0,0.0,-0.00281543290712002,2000009.4792484564,3000000.0,3000000.0,2000000.2616765697,0.0,0.0,-0.007227794915148878,0.0,0.0,0.0,0.0,0.0,0.0,-0.00844629872136006,0.0,0.0,1000000.0,1000000.0,9.479248456517679,1000000.0,1000000.0,1000000.0,1000000.0,1000000.0,1000000.0,0.2616765696836952,1000000.0,1000000.0,0.0,0.0,0.002371280247621628,0.0,0.0,0.0,0.0,0.0,0.0,0.0011459576486904828,0.0,0.0,0.0,0.0,0.05720833806885746,0.0,0.0,0.0,0.0,0.0,0.0,0.11899533228386543,0.0,0.0,0.0,0.0,1.9321465861747071,0.0,0.0,0.0,0.0,0.0,0.0,5.455237318677319,0.0,0.0,0,0,2,0,0,0,0,0,0,0,0,0,0.07520183066969435,0.007080073734831083,2.224939993447644e-05,0.010440456881168025,1.0070205372559253,0.4889532957665485,0.018776848066324712,0.0002397250452378314,0.5280154896453934,4.454891138529137,0.8367908976813394,0.920812103559182,4.194606941411264e-10,29.758366540194064,1.532904916008158e-05,0.002496022711453233,0.49854726440192937
30ae528e,1000000.0,6.4,0.005072424663219517,0.016331563289724297,0.0012852570387663126,-0.0009413157707520323,1000008.3326806211,13.537834144085863,19.48734356224633,7.1421827944426255,0.0,0.0008861667789158671,0.014331107210742686,-0.002581190871701733,0.03077546753313812,0.02080041320773651,0.0014657051987066064,0.0007860129813840916,0.0016040529362082393,-0.0002536909816814043,-0.001277344247978533,-0.0012929120825961593,1000000.0,6.6222602583399475,1.7104203627684922,7.630210986407997,2.2714136879753704,3.636209469702497,6.333978042964124,6.701848514515154,6.4515170047670525,0.00012883088477291224,0.0032633398221188882,7.1387906237357335,0.0,0.003792375369271362,0.01646991567013211,0.009888566526377339,0.0047387633586984884,0.04032654476099946,0.003955722458543942,0.015994717832371688,0.01555288529227519,0.0003356432629490107,0.0003509507532414437,0.0018871369370022117,0.0,0.08961133532587147,0.10249977443467026,0.14253876057622777,0.12131553045329138,0.07128543389686552,0.0,0.03511082600293043,0.15223497823985538,0.0,0.0,0.0,0.0,4.1011587704819785,20.75994616435624,135.71655819608188,17.5906845329165,173.17306957706504,2.894478105676531,174.77900823001295,179.78730038981868,0.09815240457338399,2.625324771399597,7.205097087861157,0,2,0,2,1,0,0,2,2,1,0,1,0.15283348030217445,0.002618178627314014,1.611893325187345e-05,0.004230152540447246,1.7935007841046235,0.689817498858751,0.8944722518538184,2.5485527801074196e-05,0.42381309533191835,4.6013304425129045,1.0641457969816652,1.254683179825634,1.1442284858235816e-09,29.947243152872982,7.336230795425175e-05,0.0006670477103858197,0.9671776919150282
0feb8b58,1000000.0,6.4,-0.013467709174866803,0.02738782917037853,-0.0019394541806441457,0.0,2000026.7950999779,13.282910961235995,21.68928046179237,3000000.0,0.0,0.0,-0.04040312752460041,-0.00887233191823438,0.07867216373543413,0.01236365569393582,-0.001962209249246964,-0.0015533054171292698,-0.0023028478755562033,0.0,0.0,0.0,1000000.0,1000000.0,26.795099977829523,8.771228201040017,0.15668205971137494,4.355000700484601,7.277806980884683,7.151743422948339,7.259730057959349,1000000.0,1000000.0,1000000.0,0.0,0.0,0.0008754464668941772,0.016864967227405016,0.006602031100429714,0.25116330058079356,0.0004433723413161132,0.031299975170960975,0.00028229942458097754,0.0,0.0,0.0,0.0,0.0,0.13892705208861283,0.0,0.08464067067101437,0.16376283781418774,0.0,0.0,0.0,0.0,0.0,0.0,0.0,0.0,4.590404873626371,20.69190782000051,8.387927415123134,172.70785695509946,0.9748074761194562,1.0956398416159578,1.5444883522283919,0.0,0.0,0.0,0,0,0,2,1,2,0,1,0,0,0,0,0.05991326572024004,0.0021167091809283687,2.329781101580827e-05,0.013313224388866472,1.000011145720357,0.44470799749810186,0.15799999143822424,4.7189558466888204e-05,0.8579265428014419,4.81935277695934,0.7206284506530736,1.4674325338835799,3.8690527564851265e-10,30.086952440908497,2.562416398066368e-05,7.143389744851071e-05,0.5324283291399723
bb73684b,1000000.0,6.4,-0.001046515571937346,0.019506262386832264,-0.001282086998408979,-0.0010559929019458398,1000015.224786903,12.566417287208546,21.51738896894854,7.164831865722808,0.0,0.0007261667698644971,-0.0038657134856765352,0.05595592591781918,-0.0039744705314640125,0.006537331774141627,-0.0029698131967609304,-0.000260904301779792,-0.0006155434966862144,-0.00029409639953331825,-0.0013775543391589561,-0.0014963279671452454,1000000.0,6.883801156017917,8.340985746892976,0.04774343099381917,7.512231698849564,5.006442157365163,7.423381659762181,7.025175776865576,7.068831532320785,0.00017298975511455204,0.0037963566713730126,7.1608625192963204,0.0,0.009069832608606465,0.00478456571104188,0.006852595498937103,0.0002901840166680712,0.014288517566716796,0.001106853163491487,0.0029830418437707196,0.007110407536664553,6.61111006546838e-05,0.001022133406985945,0.008179162346870954,0.0,0.11121473749446248,0.10487531680799614,0.04244859397000961,0.057777769325997756,0.08541875526379808,0.0,0.0,0.0,0.0,0.0,0.0,0.0,0.9229405817284736,2.297461936843977,126.22530846582298,178.00885368534216,153.30332472589703,2.3320243444926168,1.5618142381665199,5.419293282461151,0.027904062827063352,0.2258838727958553,2.6329839424714656,0,2,0,2,1,2,1,1,1,2,1,1,0.12223286467072832,0.001165346258618476,4.673663092022032e-05,0.004390976520098073,1.060885156099101,0.5584221365385749,0.2564529771664052,6.052504053931732e-05,0.5743883731265089,4.3515873674021455,1.3807649599762661,1.070721451569708,1.9522243952059865e-09,29.9619632523068,1.5321473992833994e-05,0.0011832809539140524,0.671640448976321
a598d263,1000000.0,6.4,8.60202316520338e-05,-0.0010710246743446455,-0.0011466853375424705,0.028916130569560255,1000013.7346620456,21.665678408330344,21.406983558756895,36.074728527261804,0.0,-0.0005197553462490149,0.0007778160412051163,-0.002429635834270133,-4.0639726483079384e-05,-0.0007427984622807244,-0.0010707246105323962,-0.000647841358268515,-0.0017214900438265,0.11576824802231611,-0.012220648511329146,-0.016799207802306204,1000000.0,7.15296190804652,6.581700137542142,7.459019474325985,7.0315414484853,7.175117485519058,7.1506627412345125,7.0626148171093615,7.19370600041302,26.824462546237246,0.2987563422946137,8.951509638729945,0.0,0.003030237322332409,0.02195509258713229,0.006084024803416502,0.0035101206868539,0.024599360413357634,0.0014315202338919593,0.00275482779020707,0.01287738711861986,0.020864864749048834,0.008236638860065317,0.013129175543356476,0.0,0.042464140466522325,0.05856199648475369,0.0006627623374593431,0.02698226360641949,0.11871723039328425,0.0,0.0,0.0,0.019452703343252668,0.0,0.0,0.0,2.3697319211761867,172.6622725254178,0.757808096586682,171.77331785403157,25.206212558604445,0.4398985024585345,4.269051833176831,5.077976731894906,38.85344906857827,1.2865439509938819,8.917864357536146,0,2,1,0,1,0,0,0,1,2,2,2,0.14499516954470937,0.004289726822727702,6.826186576773446e-05,0.004449040199363508,3.5780245128706887,0.4833879715519412,0.04273950644316539,0.0002758304448341722,0.5732215420545486,4.182990002978798,1.2098625350705265,1.3521304460993984,7.363638725830558e-10,30.334321108314008,4.772355956658774e-05,0.0012380696528611786,0.5054634407197695
7d435462,1000000.0,6.4,-0.00016442487619126506,-0.0012768366054180232,-0.001004662265060746,0.0591917447831466,1000013.7031860922,21.646731794232764,21.614539998253022,3.795902502820716,0.0,-0.0020457577296425344,0.0015524831010687392,-0.0017684022663393285,-0.000375458171235912,-0.0016866493786788295,-0.0010605978934569282,-0.0003492319630113328,-0.0016041569387139772,0.017982578183297963,-0.005021652871564086,0.16461430903770594,1000000.0,7.564339691185215,6.138846400966129,7.392691380781021,7.103591480073659,7.150448933378085,7.21856747208314,7.098709875092739,7.297262651077144,0.7190645097458316,0.16084568211961583,2.915992310955269,0.0,0.001210130671255297,0.0004317220996873537,0.002404535915370855,0.0023230203302438187,0.009155494120019408,0.012290670249837377,0.018340890234574265,0.014177867204562253,0.08522104718660954,0.0012072943031351327,0.012511131680485253,0.0,0.12247819540831895,0.09340049122253358,0.061089398897542786,0.0615003356012371,0.02322623327430739,0.06919111595436327,0.06467219076839804,0.11682945673084964,0.06505564662540159,0.1104102294351058,0.06608834748965024,0.0,178.53333013680398,1.4933687809977592,72.51776946133509,17.70184316987079,1.7844872751134484,176.36215197316656,164.4168182177733,176.61420729307716,143.87034085441408,152.26958453522383,163.75555113125134,0,2,1,0,2,2,1,0,0,0,2,0,0.15731299395701578,0.0014503006884007735,3.4652345317307605e-05,0.003578958351258663,2.475824893779055,0.5689926762718753,0.18335311427355713,0.00014174645531359327,0.010236791674383969,4.646815334187556,1.0490499886136009,1.2872042371200303,8.127515289970854e-10,29.880995183591565,2.1305309419858784e-05,0.0018320593137242706,0.6480008760407109
df2a2d1f,1000000.0,6.4,-0.010450923383607215,0.0,0.0,0.0,1000023.2071542083,3000000.0,3000000.0,3000000.0,0.0,-0.021842699627706855,-0.009510070523114785,0.0,0.0,0.0,0.0,0.0,0.0,0.0,0.0,0.0,1000000.0,12.823098091878384,10.384056116494529,1000000.0,1000000.0,1000000.0,1000000.0,1000000.0,1000000.0,1000000.0,1000000.0,1000000.0,0.0,0.0020515642568585874,0.009487263756768775,0.0,0.0,0.0,0.0,0.0,0.0,0.0,0.0,0.0,0.0,0.13893377898111997,0.09808833253933909,0.0,0.0,0.0,0.0,0.0,0.0,0.0,0.0,0.0,0.0,1.421979781635574,17.20209124408035,0.0,0.0,0.0,0.0,0.0,0.0,0.0,0.0,0.0,0,1,1,0,0,0,0,0,0,0,0,0,0.02854559793658184,0.0004974939746550176,6.316276577927482e-05,0.0034954380964880927,1.5154113226367558,0.6545934630433907,0.2508341740126721,0.00017048416286973434,0.8588696817711825,4.641247388748272,0.9218959266256126,1.2125795225916693,5.798724208606307e-10,29.66967815558788,3.4092079668341875e-05,0.0015955648760839771,0.741208143022078
52dd6378,1000000.0,6.4,0.0016507858293139676,0.03765476188954989,0.10519969750957103,-0.0008839120170910008,18.34131546554968,8.473523688603649,11.25041553005163,7.207400704523896,-0.0003680858637493842,0.0006323806401330716,0.004688062711558216,0.0022649784542890235,0.04800813531309552,0.06269117190126512,0.0005406400068320352,0.15002814174550044,0.16503031077638058,-3.5438417843993355e-05,-0.0015104527571417749,-0.001105844876287234,7.187825956813833,6.711994296075226,4.441495212660622,5.959577579429379,1.071882126683331,1.4420639824909403,6.749525176585934,0.9917313798964631,3.509158973569232,0.08413310473931913,0.004569485782181862,7.118698114002395,0.01805417362236085,0.013937826540664468,0.005937355264011443,0.011828228631896889,0.007381895467345987,0.0024790779833797176,0.0014075960515570122,0.003665986221134802,6.266551152482754e-05,0.07271365313992381,0.0025594372560159744,0.01045252357500359,0.0008215790899017049,0.05521094637621401,0.06069309600627306,0.002967030629694509,0.0,0.035420028104837166,0.0,0.0,0.0,0.07884331762344741,0.0,0.0,4.266219723728518,172.0112397450202,167.66483375686292,68.45725203843246,6.671703733637405,161.6829690330874,22.513033355808176,9.134864515262718,0.7420742346801025,130.44919662600373,9.952724386393886,7.941293608250836,1,2,1,1,0,2,0,0,2,0,1,2,0.3381778579680905,0.0027140961905238667,1.483656663705725e-05,0.004820132633324015,1.7864292018248897,0.49835866568084547,0.7517136923825405,4.0383566682945255e-05,0.32907997078454,4.390558828126208,1.1416015881274897,1.483442203812214,8.943324548699473e-10,30.213065647379235,4.248580309176831e-05,0.0014889091760353556,0.8753741539843634
249755b4,1000000.0,6.4,-0.0003674974837892459,-0.0018793256563952743,0.06318943321699105,0.16529646047828653,1000014.3602811946,22.13016985657498,9.208601482738766,111.32994440851373,0.0,-0.0010645337408815008,-3.7958710486237034e-05,-0.003045392144158515,-0.0017406346762811273,-0.0008519501487461811,0.043038537220175324,0.14817453542260323,-0.0016447729918053868,0.01123734406535938,0.2163344243794362,0.268317612990064,1000000.0,7.251429753210459,7.1088514413146555,7.706084586641828,7.304514850350902,7.119570419582249,0.8682436169135127,0.9725647202389358,7.367793145586317,0.327349848177503,93.64853808261617,17.354056477720054,0.0,0.01872735345302627,0.046821427110835784,0.02163193004609637,0.019411438248261033,0.017475353183683057,0.014860208480057913,0.013390403084787311,0.01018565320492353,0.07261380365466774,0.007478734090964408,0.013725512524849423,0.0,0.02348645204302436,0.09518473129036019,0.1279506937476034,0.10754074024155279,0.055244913847309944,0.07240432949472593,0.05860270846469059,0.18285245061757993,0.06952128040976915,0.047315807988566015,0.046028718916363606,0.0,10.351050281126874,0.8326897514346677,19.2491452449221,176.4396715220862,18.218473749850627,133.61599359535217,53.23875568391103,27.522399130023153,10.10546214753814,155.62451648255262,169.47383658837308,0,0,2,2,2,0,0,0,0,1,0,1,0.1670085780939464,0.0017831103331201316,3.021724224408735e-05,0.006768598236150534,2.2134549679894024,0.28449529215584873,0.5799087611744751,4.43446448907214e-05,0.8802748550298302,5.030787278818575,1.0436490900170188,1.23294522644927,7.10803609141587e-10,29.49182008780382,6.544175164701152e-05,0.0028153905381478367,0.6993647500201378
587ec598,1000000.0,6.4,-0.0009860746067221111,-0.0029212282826223644,-0.016471184937071382,0.04639258504312168,1000014.8470754093,2000007.8459809811,2000016.3547094786,1.818750210700399,0.0,-0.0014647604498089746,-0.0014934633703573591,0.0,0.0,-0.008763684847867093,-0.04941355481121415,0.0,0.0,0.016971264685500677,-0.009584839079671998,0.13179132952353637,1000000.0,7.315074223551864,7.532001185641879,1000000.0,1000000.0,7.845980981074515,16.354709478512653,1000000.0,1000000.0,0.6703377411734941,0.2676865517169213,0.8807259178099835,0.0,0.024592572625909588,0.002366313069123561,0.0,0.0,0.009689762003612379,0.0014488769404963926,0.0,0.0,0.06294473007806681,0.14656649032381963,0.0006783816277663862,0.0,0.0,0.07061923898107293,0.0,0.0,0.1678845852752925,0.07195203450810332,0.0,0.0,0.09032805207824879,0.062466535264663926,0.060499872751304,0.0,1.883507572155062,6.390332833297305,0.0,0.0,6.5276269842700785,173.4403819035002,0.0,0.0,128.15043481656528,142.08391744834069,0.7529304612149471,0,2,1,0,0,2,2,0,0,2,2,0,0.15699851583420799,0.007503425879746614,1.706710713594626e-05,0.004406193177678143,1.0466132755592212,0.07850712788267167,0.010049876300504005,0.00018841471963609938,0.30859330170527466,4.214519343810615,1.0982485535891886,0.8013268795526443,8.806789392132147e-10,30.10984324194212,1.6103167124874054e-05,0.002205304325045563,0.08776701227161693
1011061c,1000000.0,6.4,0.0,0.0,0.0,0.0,3000000.0,3000000.0,3000000.0,3000000.0,0.0,0.0,0.0,0.0,0.0,0.0,0.0,0.0,0.0,0.0,0.0,0.0,1000000.0,1000000.0,1000000.0,1000000.0,1000000.0,1000000.0,1000000.0,1000000.0,1000000.0,1000000.0,1000000.0,1000000.0,0.0,0.0,0.0,0.0,0.0,0.0,0.0,0.0,0.0,0.0,0.0,0.0,0.0,0.0,0.0,0.0,0.0,0.0,0.0,0.0,0.0,0.0,0.0,0.0,0.0,0.0,0.0,0.0,0.0,0.0,0.0,0.0,0.0,0.0,0.0,0.0,0,0,0,0,0,0,0,0,0,0,0,0,0.037313841323997246,0.0021449308024439726,9.167578861978822e-06,0.012548275178686456,6.255752451790476,0.07629841754538746,0.4706166767466109,0.00012364246050340438,0.5305731366265781,4.3733289125314485,0.9183938263256952,0.5071960316470298,7.472963302933061e-10,29.91140612106552,1.2552471876185429e-05,0.0005712333242518792,0.5109607249180881
1df45d9d,1000000.0,6.4,-0.005065276777794516,-0.010398987562877706,-0.0016977799755368034,0.0,2000012.706981393,1000016.991195207,21.601880394812603,3000000.0,0.0,0.0,-0.015195830333383549,0.0,-0.005311415317353343,-0.025885547371279773,-0.0017535092083257673,-0.0014341664239221675,-0.0019056642943624754,0.0,0.0,0.0,1000000.0,1000000.0,12.706981393082017,1000000.0,7.758458633257141,9.232736573783239,7.247934072516386,7.13946553014805,7.214480792148166,1000000.0,1000000.0,1000000.0,0.0,0.0,0.010933604049171201,0.0,0.0060068050289238135,0.0014230319334659807,0.005627173139540533,0.018566404302478683,0.004127315390888717,0.0,0.0,0.0,0.0,0.0,0.06216516173575702,0.0,0.1466556945669443,0.10575767691988362,0.0,0.0,0.0,0.0,0.0,0.0,0.0,0.0,1.9266916333467203,0.0,176.97689391263722,12.830591153754982,0.5250991509617143,0.024668376078783773,1.2767981614483876,0.0,0.0,0.0,0,0,1,0,1,1,0,2,2,0,0,0,0.03175669171459544,0.0021258617245648844,1.2083685996379547e-05,0.005296804852023899,1.5907658028488445,0.4650079975792156,0.2056774622598821,9.254725316586259e-05,0.4492572061168011,4.38419576461303,1.0666848648375793,1.009892711387811,1.1345198384797655e-09,29.99816972925044,6.536810122297534e-05,0.0006340984709555613,0.5750232272202292
cf49c983,1000000.0,6.4,0.008724842608440439,0.0497912693670113,0.08018386371044148,-0.00034240507257218416,1000007.299290096,9.91549290201334,7.926958102739379,7.144538232302705,0.0,0.00023968984117935126,0.025934837984141965,0.00035405847274992263,0.019709413302799152,0.12931033632548483,0.0017605351671401855,0.0966707753937513,0.14212028057043294,0.0006678246591654915,-0.0003598354920782348,-0.0013352043848038093,1000000.0,6.973808975468957,0.32548112058444445,6.872180307483793,3.0383880497076836,0.004924544821864664,6.2060748910066685,0.023586539313730438,1.6972966724189797,0.0008919873155561655,0.00026666017015184595,7.143379584816997,0.0,0.0011455228842849863,0.017203073006855696,0.0033287675839786712,0.00046685470565394684,5.822673722264999e-05,0.0026687471923223438,0.0004850759728884903,0.0010832968456478437,8.811797294444872e-05,0.0027743481096421945,0.004536965049965118,0.0,0.10604792847716539,0.09088854233239646,0.0,0.0,0.0,0.0,0.0,0.0,0.0,0.0,0.0,0.0,176.74199585829726,0.7244993474734275,2.6736776214342397,0.06170701204189764,4.906998247598627,0.9967414296411178,0.15647066042537147,1.2410672083856698,0.6080647211597998,5.169342549846204,4.883529872582939,0,1,1,2,2,2,1,2,1,0,2,2,0.24015105191414626,0.001748330849187939,1.5227665790441086e-05,0.0065429145171146015,1.7899116696777062,0.6929713058563746,0.8459907702668286,5.7314679018056145e-05,0.8714479959345047,4.712947274657922,0.7722907862441338,0.9348808721628288,1.649192027974308e-09,30.01776810827436,1.6986747066269567e-05,0.0015743724768665485,0.9526301482319322
41d783f0,1000000.0,6.4,-0.0008632858090690541,0.0006119438374954362,-8.335810245218315e-05,0.015340738531821092,2000007.8139251594,20.34552059497841,20.997583418212965,1000001.0257745126,0.0,0.0,-0.0025898574272071625,0.00015721724303510576,0.000388954721418995,0.0012896595480322078,-0.0002536610134984893,0.00010696010120311684,-0.000103373395061177,-0.008142448454575407,0.0,0.05416466405003868,1000000.0,1000000.0,7.813925159497053,6.932272430677426,6.827192730646442,6.586055433654543,7.035491673431364,6.949971255013733,7.012120489767866,0.13300326177073163,1000000.0,0.8927712507993684,0.0,0.0,0.015879501959956053,0.0020520284480131847,0.0013992226429332278,0.019111446376063893,0.0011841180889914284,0.017831730313390436,0.02454282163051677,0.020107911375794037,0.0,0.004707816600107453,0.0,0.0,0.0006285636860991338,0.0,0.0,0.0,0.0,0.0,0.0,0.0,0.0,0.0,0.0,0.0,14.81556754801726,0.6817707531354249,2.8622394729937053,19.424947350273758,10.915067088987469,11.208282009450135,12.282397988492747,176.38506018779498,0.0,24.147494801030938,0,0,0,1,2,2,2,0,2,1,0,2,0.2221965744671432,0.0023146472854731325,1.626451261917392e-05,0.002464978252273092,1.5300491931131739,0.4217356616166694,0.6762429696513239,0.00013869293728653977,0.28847586256851354,4.087545842227599,1.280300027842821,0.9708860601158771,3.6536619516853035e-10,29.923452148895887,2.5786571596366813e-05,0.0003090446459982384,0.8127152307515058
0b8b5482,1000000.0,6.4,0.004172765252723194,0.026867073447233176,0.07485547699098212,-0.00019748473396976221,15.620037028071886,10.938741203723524,1.7853552607488206,7.018089516853594,0.00018639032177088528,0.001452706914257058,0.010879198522141639,0.00033038847103398925,0.045565472623971016,0.03470535924669452,0.03382306588424685,0.12116496090931426,0.06957840417938524,-0.00021503501887608025,-0.00020958321072516326,-0.00016783597230804324,6.879202296970858,6.365517469973776,2.375317261127252,6.832751440512055,1.2020643650858054,2.9039253981256623,1.391866065646907,0.1399392285922589,0.25354996650965456,9.248077399282378e-05,8.793850528730912e-05,7.017909097574314,0.001507358424408024,0.0020571936833451198,0.01582366304179643,0.0031610867291752376,0.0005243613580238784,0.0037605734925998035,0.00047188788672998235,0.0023098335392989265,0.002996027295718632,2.5598959967695797e-05,0.0002970872793856053,0.0003589868684594323,0.0,0.12515241074462216,0.12169195693092498,0.0,0.0,0.1656540099124863,0.0,0.0,0.0,0.0,0.0,0.0,3.619180772935219,179.19575318264847,179.8029213249357,2.568003947456748,5.741169762474812,0.2244539679690433,1.3882575015434813,1.8815682871706467,3.1426484549701676,0.029840737765937906,0.8335611052967417,0.845031232864989,2,2,1,0,0,0,2,1,2,1,1,0,0.24576166412197456,0.0047777842491089845,9.16931145824352e-06,0.004354385723022494,3.758124348400816,0.4533050088710456,0.010016089462488432,0.00019523585851858073,0.8777047832391854,4.261621362726632,0.870340675379697,1.2435356021662045,7.868158027272317e-10,29.733906811229133,1.7294042925505297e-05,0.0004390462306449899,0.45877975320194125
37147816,1000000.0,8.1,0.023328083599499838,0.018077857781251937,0.01942063699327165,-0.006987767776633069,13.970994497830674,10.027524620962545,14.488954885981816,8.059659853365746,0.04565150866327297,0.016088288931806784,0.008244453203419756,0.02291177243491676,0.028059446230875692,0.0032623546779633607,0.060512634729514736,-0.001638733091341052,-0.0006119906583587344,-0.010115232967745445,-0.007300032005155039,-0.003548038356998727,8.428743701133971,2.263648222316917,3.2786025743797853,1.7223326990347902,2.437560941940483,5.867630979987272,0.12430804806754042,7.159124170415963,7.205522667498311,0.34149666632820846,0.16459995794986332,7.553563229087675,0.020284473896495868,0.06577841190439568,0.10042785223852879,0.06923933779460092,0.048187446655422,0.06473411464294057,0.0664316104121344,0.0019660535775770744,0.057449174360509406,0.10395244300804331,0.07809771117298307,0.022953085798023284,0.05556137139307882,0.08219885982297467,0.11062728212481061,0.051314732462894204,0.08132621486034863,0.06673905066231793,0.0,0.0,0.1338396285726251,0.1260546799373394,0.05191977090682889,0.16762682827106126,108.42080028245148,28.092454255729777,50.504507157981514,88.4706725471845,116.5873504713878,0.8790967668559263,46.76076525283882,14.932995942630601,168.50190791029908,121.78158919364327,41.86365932677324,58.62432513801641,2,0,1,1,1,1,2,0,2,2,1,2,0.16138226817853726,0.0017070975813340146,2.0886722362559407e-05,0.018912661566874062,1.1407805965165472,0.7242762714683622,0.08016457723647041,0.0002626260158604007,0.09506368426102851,4.6740685807180995,1.3162769141449282,1.1828276645986084,9.90043820005118e-10,29.92879406752902,1.023581271985464e-05,0.0012958071026954582,0.7463715311424406
dafd6657,1000000.0,8.1,-0.0015087275860109336,0.10131440903260129,-0.013200954388567122,0.05901722952364216,1000015.3171379667,13.654310653086718,1000018.7605013455,3.64277945698199,0.0,-0.003160917134066794,-0.0013652656239660065,-0.0011552211957384906,0.04130758252743717,0.26379086576610516,-0.002637105254930745,-0.03696575791077062,0.0,-0.0010755925616199578,0.029435662215236642,0.1486916189173098,1000000.0,7.804219579395579,7.5129183873400045,7.303970905998426,1.5188941409939063,4.831445606094386,7.419009326577821,11.341492018872366,1000000.0,0.09427773376177162,1.7966156628049381,1.7518860604152802,0.0,0.0016506866416225328,0.0013339195120399287,0.0025645866156520135,0.030640439862318278,0.0025979207941972497,0.020755706593817237,0.050209938267240004,0.0,0.005802056057632845,0.021394215295435587,0.027081303551484304,0.0,0.11361760730060434,0.09194320263308389,0.08855244447456014,0.07102309770948183,0.06893420623177868,0.04348509553285236,0.14359813551803197,0.0,0.09193027119005134,0.06324153025781054,0.03886626527721944,0.0,1.648772322350239,1.359373203733096,0.8006976012611053,175.72404693005868,146.09022128942757,160.8778506143587,4.286558459118922,0.0,2.0197538439765172,110.34425206247614,85.98877372366411,0,2,1,1,1,1,2,2,0,0,0,0,0.12912044381799911,0.003462250877447799,2.7072049455337464e-05,0.005864273791229281,6.322761308341765,0.5947090849578909,0.010214328351407405,0.0001875742292900757,0.8819105265189786,4.548772676455483,0.8055658984674272,1.0432482239532521,1.0583748373602634e-09,30.32060795118738,6.19969000118914e-05,0.0033521743627340974,0.5988478380091382
97f41b54,1000000.0,8.1,-0.002728159985317748,-0.0006588183096750013,-0.0030710507819034106,0.0,1000016.5320738591,2000007.3713096464,22.05658488859511,3000000.0,0.0,-0.0031631178869688764,-0.005021362068984367,-0.001976454929025004,0.0,0.0,-0.0016475929243857925,-0.0025139045611788976,-0.005051654860145542,0.0,0.0,0.0,1000000.0,7.8034659743700505,8.728607884686905,7.371309646453056,1000000.0,1000000.0,7.232810813967613,7.245121176701379,7.578652897926121,1000000.0,1000000.0,1000000.0,0.0,0.014086877874189854,0.004617993213591846,0.0011112836467371261,0.0,0.0,0.007247249245761242,0.0010507537637400055,0.016880896429819985,0.0,0.0,0.0,0.0,0.11217190767100658,0.09649007378711125,0.0,0.0,0.0,0.0,0.0,0.0,0.0,0.0,0.0,0.0,156.4827361579856,23.24271835770051,1.446785629944147,0.0,0.0,3.286749362554758,1.443600386153061,3.940863268999268,0.0,0.0,0.0,0,0,2,1,0,0,2,2,1,0,0,0,0.04975984012502972,0.008725822574613112,2.0890095525240074e-05,0.021962933231760497,1.2660959673026686,0.33440765586364757,0.28151173358232523,2.5466919795639484e-05,0.39430680779209015,4.694077392249221,0.8116188719595057,0.9203157721113319,1.2769265610529418e-09,29.970712119561195,3.9208935543651745e-05,0.001261434261857736,0.5217515593472375
80773ea5,1000000.0,8.1,0.03299476092058007,0.0,0.03559412682847415,0.014834325054501015,1000030.4933834566,3000000.0,2000001.2826187066,1000004.7273048843,0.0,-0.003905873692789775,0.10289015645452998,0.0,0.0,0.0,0.10678238048542245,0.0,0.0,-0.003237793462552179,0.047740768626055224,0.0,1000000.0,7.882618248218794,22.610765208341526,1000000.0,1000000.0,1000000.0,1.2826187067439345,1000000.0,1000000.0,0.10375229940622595,4.623552584935192,1000000.0,0.0,0.0024128485851799297,0.00023988595642635002,0.0,0.0,0.0,0.0005903357174129875,0.0,0.0,0.034175197293027995,0.009410177691938512,0.0,0.0,0.02275183467817319,0.0,0.0,0.0,0.0,0.07537617575002131,0.0,0.0,0.08161774228391731,0.06510205547792008,0.0,0.0,174.88609046512565,0.30791436046708015,0.0,0.0,0.0,168.9237206439827,0.0,0.0,2.260106658708543,17.06852312656075,0.0,0,2,2,0,0,0,2,0,0,2,2,0,0.08855870497117797,0.0018318085245569759,2.893794638979671e-05,0.0020029779040525264,1.9790471027400676,0.208827077164209,0.5509756032862982,4.734701735714633e-05,0.023787245424683055,4.5078621387721105,0.6364147856873594,1.4059746870150387,3.3057645085951434e-10,29.630337122594312,2.8506902422754353e-05,0.0026452893176529832,0.6446889580671142
29e6beaf,1000000.0,8.1,-0.0033006143638631504,0.02305815997434729,-0.0008421223704040882,-0.0013412730737254665,1000016.8603717417,16.460160166053868,21.330894675062083,7.151010279153518,0.0,-0.005385527808202925,-0.004516315283386527,0.07364697014859475,-0.002131654471785492,-0.0023408357537674,-0.0017882543365468654,-0.0002909288849736132,-0.0004471838896917858,-0.001343841227912655,-0.001340669292863383,-0.0013393087004003618,1000000.0,8.309376015893527,8.550995725735788,1.8777790933879048,7.3288691094880685,7.253511963177893,7.252876335961832,7.02807412848983,7.04994421061042,0.003611835945854729,0.0035955665560809713,7.143802876651582,0.0,0.0007052501161143709,0.020930801624681805,0.0038514472942171724,0.014877311922114087,0.01379182790042336,0.0011117230746749028,0.0026494531897226924,0.004739115731444821,0.0001321142654822924,0.0008821850301183935,0.000278432483537222,0.0,0.10596684009475732,0.09302631824061297,0.08490262688873053,0.08736499355773282,0.0764409793187994,0.0,0.0,0.0,0.0,0.0,0.0,0.0,179.1469854155513,164.4188233456635,19.819228421908203,1.0558409648039078,179.21023227258672,0.9275741958603471,1.2041594840696705,1.3805493614427389,0.014076359167137857,0.015031424244579247,0.5907424269830508,0,1,0,2,0,0,2,2,1,1,0,1,0.06584732061843754,0.0031686338522416467,1.6415847607494298e-05,0.006479912671567213,1.114046019732954,0.4923499553606897,0.5283448808133215,8.685646016972312e-05,0.38166706837740816,4.817666997594333,0.99801215859228,1.2941060677700895,2.1378442810363454e-09,30.350235800253703,3.584670143535472e-05,0.0008964961854811621,0.7605114232024421
42837ef2,1000000.0,8.1,-0.00428981362462797,0.0006828827565729961,0.04031211044997521,0.02132202101235131,1000017.365795723,2000006.588301179,2000000.6429097508,2000008.246492044,0.0,-0.011015658380400863,-0.0018537824934830452,0.0,0.0,0.002048648269718988,0.0,0.0,0.12093633134992562,0.06396606303705393,0.0,0.0,1000000.0,9.67873225344508,7.687063469604584,1000000.0,1000000.0,6.588301179017863,1000000.0,1000000.0,0.6429097508409787,8.246492043986146,1000000.0,1000000.0,0.0,0.0015000490707670708,0.004805682466840107,0.0,0.0,0.006766647328674748,0.0,0.0,0.0025037036345269183,0.008758869816343967,0.0,0.0,0.0,0.07865130911960236,0.11130215338279427,0.0,0.0,0.0731492825915055,0.0,0.0,0.04179589235891464,0.06310088526497237,0.0,0.0,0.0,3.5910623676455256,178.54745042720774,0.0,0.0,170.77488354480127,0.0,0.0,28.50176622278913,2.4245720037736933,0.0,0.0,0,2,2,0,0,0,0,0,1,1,0,0,0.034975060080975465,0.0015617793190259104,1.3134655366401525e-05,0.0034193005680543185,1.0424398591497195,0.9659067775548726,0.32328704814782266,6.376565408165795e-05,0.18606041773452267,4.684076707028186,0.904990266339044,1.0221944580324505,2.481523060256181e-09,30.40323981133546,2.669369000063297e-05,0.0017899971996913446,0.9768963460961901
92281fd5,1000000.0,8.1,-0.0005920414527629463,-0.001525995326620477,-0.0027005591509556733,0.0,2000007.6741534933,1000014.6533253469,22.03541022879555,3000000.0,0.0,0.0,-0.001776124358288839,0.0,-0.003277665883316631,-0.0013003200965447997,-0.004717697090034548,-0.0016865036835633498,-0.0016974766792691223,0.0,0.0,0.0,1000000.0,1000000.0,7.674153493307893,1000000.0,7.5110155251806745,7.142309821719096,7.680640511943697,7.163818733847515,7.190950983004335,1000000.0,1000000.0,1000000.0,0.0,0.0,0.004501723008022455,0.0,0.004954243879082668,0.000825775011964203,0.006087483666281774,0.004747297920161898,0.011653724682442032,0.0,0.0,0.0,0.0,0.0,0.1231431389212084,0.0,0.13764083527213145,0.04443252543356245,0.0,0.0,0.0,0.0,0.0,0.0,0.0,0.0,179.2663142430842,0.0,1.815460661384081,177.54801802518782,0.8117117285569242,1.6403459029670795,3.8337682455459534,0.0,0.0,0.0,0,0,0,0,2,2,2,0,2,0,0,0,0.058646349327347504,0.0008847475707131435,8.811012892997035e-06,0.0033760056822703514,1.4341812784572308,0.6612427129314269,0.3656750005101025,4.6216351480482115e-05,0.49805585007434194,4.316535112941728,1.012373458008111,1.0519268001750248,8.165222851880782e-10,30.06722370303926,4.0942823333587494e-05,0.0013310922078771088,0.7850812165529772
dbfddf10,1000000.0,8.1,0.0004144447136572433,0.047303998186966574,-0.0012336530494748692,-0.00046251700480230175,1000013.5281812933,15.847935528607675,21.39537040949211,2000000.0038509776,0.0,0.0008758312704236264,0.0003675028705481037,-0.006881006727202976,-0.001719377963121086,0.1505123792512238,-0.000311640626896302,-0.0019282998736913776,-0.001461018647836928,0.0,-0.0013875510144069052,0.0,1000000.0,6.664810985153172,6.863370308116006,8.419607202981501,7.286857486861229,0.14147083876494618,7.043695060201233,7.187649292054028,7.164026057236851,1000000.0,0.0038509776212096876,1000000.0,0.0,0.023305414511757022,0.0008174517116576049,0.0016415130243487607,0.001437092879536739,0.009039751538159214,0.008666643574712703,0.012371485373889398,0.002363935497574078,0.0,0.0006180501973335622,0.0,0.0,0.11677156473264161,0.0932670005280508,0.06945714044660017,0.09268183560931481,0.06019257021506534,0.0,0.0,0.0,0.0,0.0,0.0,0.0,0.7097560208757588,12.227320267490443,1.737916432170345,179.2706903310328,7.153157683973201,1.8163100184807444,1.2698403611999434,0.7915759820553254,0.0,0.837705083481604,0.0,0,0,0,2,0,0,2,0,2,0,1,0,0.06328069869260228,0.0016181434348060424,2.5985979678686444e-05,0.006666174831446109,2.8576619298791925,0.8686623394806282,0.02553048289064149,6.555186591124159e-05,0.7307044117884176,4.336718682962452,1.1385836291561147,1.3398026659202933,1.8516090458318113e-09,30.115184480794866,2.5692689238759383e-05,0.0008177441445091516,0.8720129003271259
f9dd6f93,1000000.0,8.1,0.06460290440602783,0.13318622905586688,0.08401635806556446,0.05533233731667344,16.34192586136595,5.408208798409255,1000002.7311585528,4.004914498338024,0.019043351749709805,0.13087727394683038,0.04388808752154331,0.09609619709332068,0.14659211590984203,0.15687037416443797,0.11906366432762613,0.13298540986906723,0.0,0.014993679152977167,0.039756469500107534,0.11124686329693562,0.07106265694831682,15.683224013346184,0.5876391910714509,3.069737214421164,2.114371794103828,0.22409978988426352,2.2696870761103063,0.4614714767295846,1000000.0,0.5337930839979725,3.2412034371362766,0.2299179772037743,0.056852897492700775,0.02508426659503852,0.10985007411317989,0.0027346054628490505,0.004032548599464074,0.006019037302452209,0.014738033599596148,0.020873087678470695,0.0,0.07153055408168442,0.006618167095172831,0.027415754615053866,0.05856490381163148,0.0718319495123254,0.04443957604139938,0.0821421985986964,0.06806499879277716,0.07083532429551744,0.07228556413130026,0.06575392514247856,0.0,0.0790556347458956,0.08000590277461582,0.056185098458590786,164.72480851934435,9.00246307126917,131.9827159602245,125.47890259209342,67.02757845546296,120.82867109019178,1.6163919142941234,28.569452274233708,0.0,15.779631932035207,137.0526969998351,153.68758289637765,2,2,0,1,1,2,2,1,0,2,1,0,0.24162310057032307,0.0010410227091775005,1.98823731685368e-05,0.005273172319683575,3.427424068614639,0.6607412852329961,0.400358996526303,3.464960201715703e-05,0.4507360078242195,4.887404472344024,1.2752983565497729,1.412383366846551,5.330400768675292e-10,30.00562335661979,3.1252313007832976e-05,0.004058880907255836,0.7965265279402645
d061acb4,1000000.0,8.1,-0.0004958396796271813,-0.008811965667134,-0.0008001156821082351,-0.0013114983336099818,1000014.8053963537,25.03849603300162,2000007.3905881224,7.448623002863637,0.0,0.0014848436611848875,-0.0029723627000664316,-0.014721815116352847,0.06386465763772745,-0.0755787395227766,-0.0024003470463247055,0.0,0.0,0.004832853410024918,-0.008614756978862652,-0.00015259143199221207,1000000.0,6.78077789681211,8.024618456958013,10.180650189213058,0.4899873705420763,14.367858473246486,7.390588122571582,1000000.0,1000000.0,0.1407953412659208,0.22120119261951132,7.086626468978205,0.0,0.012133947130726108,0.04859462357425104,0.0151043783354454,0.06851877522348092,0.019064991492337226,0.010536317152023609,0.0,0.0,0.06504124217685196,0.027466048094095155,0.02301205241502624,0.0,0.12772645656908369,0.08394251542798531,0.09533231689108183,0.07736941291591602,0.10363400524214612,0.04961368070270175,0.0,0.0,0.08985203391643393,0.07201873321187863,0.06981593916552516,0.0,53.0015063807431,167.65467000693488,160.0148411921491,126.5530689667539,10.042776554294331,175.4132323158296,0.0,0.0,34.97640473410725,50.45565431633743,101.56123633894587,0,2,0,1,2,2,0,0,0,2,2,0,0.05499578821500543,0.0029838627603219355,4.328912009238894e-05,0.009007860072963024,1.1012489852257012,0.6136927363091258,0.7036732093890938,0.0001903054817241427,0.1669916595251412,4.569920201802589,1.2560328235671177,1.3968320097301254,1.148629589513567e-09,29.940035839424585,3.370750658661583e-05,0.0017842973719211356,0.8854564410398633
32d3ca84,1000000.0,8.1,0.0,0.01536874719380754,0.07284494310530627,0.01298469870377976,3000000.0,13.650171924541137,13.38062550021542,1.7611493535498046,0.0,0.0,0.0,0.04487607450440849,-0.0017932302440756501,0.0030233973210897756,0.0009212429636523953,0.040959450926411026,0.17665413542585542,-0.004515165714359744,-0.0008574505021314429,0.04432671232783047,1000000.0,1000000.0,1000000.0,0.16197414226691473,7.233938589699661,6.254259192574562,6.702664663986521,1.9208254100668867,4.757135426162013,0.11496925388251897,0.17956420715679255,1.466615892510493,0.0,0.0,0.0,0.03790672763557025,0.033571963439880684,0.015498650534694137,0.00220535088629355,0.008927801483155178,0.0035585644762687746,0.023864015220608877,0.042015927182620316,0.02078433599151966,0.0,0.0,0.0,0.012568807744775732,0.030214756599998036,0.1880251457458715,0.0875095979113368,0.08819820874790725,0.07978929185760093,0.07362631980381004,0.17632842629256637,0.07525199260972532,0.0,0.0,0.0,72.77737266156919,172.03601142338437,0.16789272760837942,5.497346219584948,21.20869977775267,5.394519064171499,140.15981371457931,160.64730243161523,13.116647647829154,0,0,0,2,1,1,2,0,0,2,2,2,0.199265198953461,0.003701421849891994,3.446693324542993e-05,0.0032790172268321884,2.752460729449667,0.6600591282168328,0.19306092396130037,0.00014023198416362144,0.420261403525197,4.293884853399094,1.2183078091577357,1.3723494612654823,4.18346309195752e-10,29.94767287038009,2.6226647051573274e-05,0.0021787491678228895,0.7256691209231049
4e932fc0,1000000.0,8.1,0.008573317545569767,0.02098512887645852,0.005742321958394445,0.01700503731687831,1000008.9320700493,11.460462792490006,16.998238104436695,11.20659853406583,0.02839822390336561,0.0,-0.002678271266656312,0.04976619234053281,0.00013594890970945026,0.013053245379133285,0.01775988508523071,9.080161717105055e-05,-0.0006237208272184262,-0.03318990626526444,0.05595713444746104,0.02824788376843833,1.0191395890231012,1000000.0,7.912930460302771,0.18040393012382097,7.104533342348924,4.175525520017262,2.970868857790897,6.957663231368385,7.069706015277414,2.2999831513947027,6.357191969411781,2.549423413259346,0.04300162474482183,0.0,0.01403533361449171,0.0530496735904383,0.014660104353758096,0.08816176254914782,0.048296046882641636,0.007685830648946348,0.0028533501249608287,0.19091428028555466,0.0579317954208982,0.03644935189652301,0.10544719392341821,0.0,0.07085225819420053,0.14312623010736103,0.16784289322396595,0.09772238814392925,0.14134036048841195,0.0,0.0,0.06039513318367185,0.09143408534863175,0.0,109.71018109616308,0.0,177.63312810396695,121.02962778009325,11.962886854134682,5.043007312447725,68.78222687336807,10.626801778221976,0.8433373371025541,102.61647400205739,112.09997896849303,67.47802802287187,2,0,0,0,2,1,2,2,1,2,2,2,0.1180985313564261,0.0013861977642163803,2.5808221961206052e-05,0.008428488822907814,1.6828971931139571,0.3071807237455698,0.1628721799089798,0.00013732511196793426,0.5263184760593337,4.242887033852769,1.2863082026981463,1.3099836589495313,6.525927555206387e-10,30.13760474497914,1.5132666400856169e-05,0.00020087255842987048,0.42000542233409965
c8ef9566,1000000.0,8.1,-0.0006940512356287735,-9.956056429292321e-06,-8.66217495592769e-05,-0.001418784036534878,1000014.7534414545,20.674427055429703,20.954494215879627,7.155075225925247,0.0,-2.5171298234455686e-05,-0.0020569824086518647,-0.001381018407141509,0.0010871312942719092,0.0002640189435817228,0.0002250581738369296,-0.00016482545643137583,-0.00032009796608338444,-0.0015330741391642452,-0.0013580830599141571,-0.0013651949105262322,1000000.0,7.0055497671955385,7.747891687368815,7.258102672417743,6.526345086438804,6.889979296573157,6.9028091011361115,7.015973463484206,7.03571165125931,0.004714625806863901,0.0037288261957744537,7.146631773922608,0.0,0.015057346241818627,0.007254055470739516,0.007487655137207016,0.010930364501170218,0.0034199381668978306,0.0010317682157317937,0.009039786938314791,0.0015707930749109655,0.0037407451818479032,0.006328269947059345,0.005428241867975749,0.0,0.0,0.107084545359765,0.0,0.0,0.0,0.0,0.0,0.0,0.0,0.0,0.0,0.0,13.6328576099037,159.3359303902227,13.689158768702622,2.0620816416163703,9.245189634422987,8.058723277774364,0.3397184008950873,25.243274697040853,6.368522409285555,6.137203832368203,5.468540487956486,0,2,0,1,1,0,1,1,1,1,0,2,0.1476937195562105,0.002219537780444403,1.9874902634596427e-05,0.005128614748895894,1.6954686696655488,0.9744188004752573,0.09774933262003421,0.00033470744357638445,0.33826547252178385,4.6432529843224675,1.0091295727888792,0.7092560589330119,6.987298590711056e-10,30.121661953525766,2.1961910770721267e-05,0.0007881336903467307,0.9769095707231589
7dbf627e,1000000.0,8.1,-0.0006873139510831468,-0.0001301052451659374,-0.000664869058362624,-0.0008983475498204422,1000014.6004305693,20.656921439192608,21.209407037003427,1000007.1524070648,0.0,-0.0008208165906150678,-0.0012411252626343724,-0.002126697465527121,0.0014710474201498703,0.0002653343098794386,-0.0002193427493510118,-0.0013261709911030334,-0.0004490934346338268,0.0,-0.0013080343631316795,-0.001387008286329647,1000000.0,7.175074935997886,7.425355633280824,7.400077694088294,6.364851106591384,6.89199263851293,7.030685445121745,7.1285854754325175,7.0501361164491625,1000000.0,0.0034295396794441794,7.148977525063319,0.0,0.0059218064916669155,0.013672290061294428,1.1616862155983208e-05,0.0006675468656435145,0.00685123735973708,0.0020147973025017346,0.0026794342033608673,0.0008122021723895273,0.0,0.0027625874063246054,0.003947200022547819,0.0,0.0,0.04317654988669382,0.0,0.0,0.0,0.0,0.0,0.0,0.0,0.0,0.0,0.0,4.962747053343857,167.5621973684733,5.029872130330501,5.0257048183098805,20.181065185432033,0.09412508809846701,16.333859371287787,1.357832396145887,0.0,0.534342733225702,1.8337526453017068,0,1,1,2,0,0,2,0,1,0,0,2,0.16733152567439624,0.0013255874389901184,1.7178616259178718e-05,0.002337876102199672,1.6041660944403595,0.15482305742608127,0.2903108479755834,5.576795446685002e-05,0.39382250869875085,4.77612702361281,1.1119520247186108,0.8151230043974477,5.401090393578199e-10,29.971887540156054,5.041829227570684e-05,0.000521048003285446,0.40015806122932895
6036476c,1000000.0,8.1,0.030932948726173113,0.07319802119477757,0.06195929447952377,0.020807707541836334,10.975977150721338,5.016465794159112,8.625004640928264,2.843261390631384,-0.0009587040648204668,0.07734559147312604,0.01641195877021377,0.006804167969254631,0.06705145316168552,0.14573844245339257,0.047532672303084646,0.14081622904856317,-0.0024710179130764827,0.014854770238679708,0.011206829215925446,0.03636152317090385,7.493525572682888,2.109835673496827,1.3726159045416229,4.531124480739893,0.37254968850434783,0.1127916249148707,0.6417189954300404,0.6989127651269501,7.284372880371274,0.532798968936413,0.3331293689712184,1.9773330527237527,0.0003557356712228857,0.0019084725580418484,0.07485109556477197,0.011595065908392942,0.08536173264630344,0.01981859700796739,0.009635787828490405,0.01897412929916089,0.02014712352787871,0.09521522447003287,0.09742241709020152,0.015649664914148938,0.00015993435807178176,0.09235202870398111,0.09607410609196439,0.14183311697229148,0.05280369829536673,0.07037848771145315,0.07668955945673232,0.06269547191061721,0.005012041322139304,0.08240463227760558,0.07245219946968096,0.10222247108936328,7.890278821061139,173.57275406988884,174.91992387452683,143.7070482120759,105.81636587276881,49.95561875508652,43.24407879985806,175.83968804553382,4.110221354491992,8.218539518035785,80.24302538839335,9.528742583362359,2,0,2,1,1,0,2,0,2,2,2,1,0.1511303716410779,0.0016703098451126182,1.8462239702695146e-05,0.006964466012529446,1.8660721269682727,0.9904168582661361,0.3987989911860288,2.0318195735805125e-05,0.1569172114754795,4.641788786872427,1.1404313969968467,1.3333223881688911,1.174362171934452e-09,30.21495984236304,2.9399771089043126e-05,0.003146143244380348,0.9941987256228751
b0e0acae,1000000.0,8.1,-0.006906048801984664,-0.003466745238706478,-0.00029454359321675857,0.0,1000021.4494235194,22.27142008602035,1000014.0945307763,3000000.0,0.0,-0.0035347968664898284,-0.017183349539464165,-0.002217068895885337,-0.005890890249818311,-0.0022922765704157847,0.0,-0.0003093734557880171,-0.0005742573238622586,0.0,0.0,0.0,1000000.0,7.851071423198637,13.59835209621865,7.417505139379499,7.680646124938163,7.173268821702686,1000000.0,7.029899599939373,7.064631176274194,1000000.0,1000000.0,1000000.0,0.0,0.002172178842325515,0.00617230050043698,0.00925242503271317,7.082947025587849e-05,0.009410746312091765,0.0,0.007100648784696478,0.02186844401373584,0.0,0.0,0.0,0.0,0.07582841999917087,0.05946695979661235,0.0,0.0,0.0,0.0,0.0,0.0,0.0,0.0,0.0,0.0,170.66668641514582,12.175091572827478,6.6733172662951885,0.35538599833707085,2.567286169246947,0.0,0.022127638420876065,0.005973815220024425,0.0,0.0,0.0,0,2,1,2,2,2,0,2,1,0,0,0,0.10709432497869681,0.002740198483791154,3.488053654728986e-05,0.004887216800844522,1.3676856060899407,0.6424367619266603,0.28014723544802084,8.30370732189029e-05,0.38168576301513324,4.862972959036483,0.9322969548219184,1.0949108364208116,4.008468532782985e-10,30.369247001888944,1.807197338460097e-05,0.0011205556544433212,0.7425790998472042
304e2ef9,8.813318647331476,9.9,0.012112249709969046,0.0820553202360494,0.08473965352172091,0.014587993155408013,5.96635076617932,0.7733842286736244,0.4732354242703628,1.4309084976406412,0.009858525969697595,0.012857246256940257,0.013620976903269284,0.055380397855110126,0.05435122352767452,0.13643433932536358,0.0676132819713716,0.1200535415496957,0.06655213704409545,-0.00035380779839749664,0.00048278930242115606,0.043634997962200384,1.4293474361478122,2.692921469824698,1.84408186020681,0.0023738967348256625,0.7685503745485227,0.0024599573902760363,0.015513713534231222,0.12260941253925926,0.3351122981968723,0.0002670305755889657,0.0004735817418062954,1.430167885323246,0.0046160249939669615,0.005141241222579273,0.021917663262939015,0.0015390730258915703,0.007483635213676605,0.006658831472703714,0.0034882681423097466,0.003849881441664103,0.0023176785122396787,0.004082971855793089,0.00272226390008067,0.008320905297318992,0.0,0.04168914684336244,0.11199834737976046,0.0,0.0,0.0,0.0,0.0,0.0,0.0,0.0,0.0,11.213638559387205,41.6658809640327,155.23521923982906,3.6247206447778404,11.35628286085133,37.25403061323587,7.032884363514966,18.251167996648007,6.915151168979014,5.726898024484314,24.743518079738102,50.77773571668745,0,0,2,1,2,2,2,2,1,1,0,2,0.37467527542001605,0.002038842694706339,2.127680160365398e-05,0.01668880669819282,3.194062720354648,0.6733372766021763,0.36876035840988275,6.596125837879307e-05,0.011763479572271147,4.4571481596151985,0.9772181376525546,1.0259380822142945,8.083222856231996e-10,30.19490340380565,1.799411655696188e-05,0.00033297753954610325,0.7937606635256652
2b1dfd5f,1000000.0,9.9,-0.00068748125955267,0.030045778031588796,-0.005697483082687031,0.003841174774831395,1000014.6536073029,1000009.1459021888,1000016.0989345344,7.867893693273278,0.0,-0.0016350270972631713,-0.00042741668139483906,0.0,0.09196713371168658,-0.001829799616920189,0.0,-0.0015459870925899847,-0.01554646215547111,-0.001716646092508044,0.015410641681231917,-0.002170471264229688,1000000.0,7.459431893959684,7.19417540896087,1000000.0,1.9763878282875174,7.169514360658651,1000000.0,7.150090296371899,8.948844237963243,0.0812468464202066,0.5391295429941574,7.247517303858914,0.0,0.010681570201612374,0.005760042772626281,0.0,0.00022132935319754687,0.02415292368723293,0.0,0.006490642005247151,0.005698817065073055,0.004908613208502669,0.0064450612339085195,0.005139360517642127,0.0,0.1076716613749863,0.06417961037418884,0.0,0.0027882437370133767,0.030928033125107668,0.0,0.0,0.06772170691253725,0.07532900432272964,0.06411225012520373,0.013420217691272142,0.0,172.58516627496013,174.6470043090079,0.0,0.13127351959889927,11.85129747842768,0.0,11.728448946818588,161.89608801057477,176.76976190475077,160.61658677972292,48.41384315345023,0,2,1,0,2,2,0,1,0,0,0,2,0.09219217115659568,0.0025729533266485687,1.827449054861921e-05,0.005159206409691415,3.3457981919520723,0.6626219384563954,0.7256239898452932,0.00018774192808827046,0.453894582243335,4.4346374680802745,1.2234840095917614,0.9642283841694526,7.978451053716931e-10,29.741108184890017,3.247905747278815e-05,0.002155454112605484,0.9073589911609521
57ca9f3a,1000000.0,9.9,-0.0005960247929548359,-0.001182762573317409,-0.001500050050963597,0.07603207484324852,1000014.6616776552,1000014.4980020783,21.543885585036495,8.66884393176729,0.0,-0.001510190970078462,-0.0002778834087860456,0.0,-0.0022467872685698075,-0.0013015004513824196,-0.0018882392624145724,-0.001077670593634826,-0.0015342402968413927,-0.003361445298262318,0.0370362402564692,0.19442142957153868,1000000.0,7.452055164703433,7.209622490485913,1000000.0,7.332670218335486,7.1653318599519435,7.267206626567163,7.104360779044659,7.172318179424672,0.09279045783139016,2.78614018096128,5.78991329297462,0.0,0.004968260837367422,0.023828871001960187,0.0,0.002403532391137427,0.0007792112564080182,0.0029380789575722153,2.443873947700998e-05,0.0028047907398308994,0.0012306082601196294,0.030921712490169093,0.01099294398793466,0.0,0.12765424346196527,0.1247495811962324,0.0,0.07818790586957433,0.06736536072434691,0.0,0.0,0.0,0.07019031444828061,0.04181784398813614,0.036117882540853144,0.0,0.1455126554873994,17.26776948879311,0.0,4.757406932492006,2.6886118322715076,2.32553804929568,1.3237343260080787,3.779307193068828,178.1962454125325,0.9405766748361539,58.75755006542915,0,1,2,0,2,1,2,1,2,2,2,0,0.13517185976567508,0.002319211647439985,2.4750537575424735e-05,0.011656655651922785,2.0840159379192102,0.3647477720601259,0.40207368412662203,0.0001258790560199026,0.6705534640420298,4.33656160622584,0.8228899900549485,0.9210228343085222,1.4833600434297482e-09,30.009765833465835,1.599674920104733e-05,0.0018770508948006044,0.620125768329143
e7eb2496,1000000.0,9.9,-0.005976889231852266,0.020479306792078496,0.07460726628490887,-0.0020353113794092394,1000020.508207674,15.586052027791256,8.85817290923638,1000000.2811346358,0.0,-0.0024184532798819775,-0.015512214415674819,-0.004739273188776521,0.06810401859817376,-0.0019268250331617518,-0.0011114917961526295,0.08764467144504201,0.1372886192058372,-0.001795587501421514,-0.004310346636806205,0.0,1000000.0,7.6121924095550515,12.896015264492577,8.00160643940895,0.3704835556471257,7.21396203273518,7.216320838675667,0.19679918557533352,1.445052884985379,0.09090258056590209,0.19023205528421483,1000000.0,0.0,0.00013836056764025687,0.0022799553148576835,0.002583503224810146,0.021956262375398154,0.026584234723908806,0.0019514812188662902,0.011461731620402076,0.008724919048664324,0.012294062419330922,0.02189046092643094,0.0,0.0,0.08782005480938797,0.11139058310641481,0.08896594317668262,0.08628126046487072,0.06788226947827251,0.05987583081847334,0.07555031735631144,0.0466894543626569,0.08430316764460938,0.1525946867457901,0.0,0.0,179.47443643017817,24.012431318464678,7.357137176743266,165.57930895129815,44.9806721889883,2.4328739130099897,21.848450721870304,136.58483140392218,179.7750985111772,49.181190981352096,0.0,0,1,2,2,2,1,1,0,0,1,2,0,0.1222431485968096,0.004657493517228358,6.186734562493612e-06,0.0028895302722437327,3.469759552716415,0.4078409391436579,0.03109130614136873,0.00010102664479943504,0.5363613809916341,4.2068575405451805,0.9796551519312505,1.0439148820883037,1.5659952030508856e-09,30.50100365690657,3.343581085907885e-05,0.002150074179119605,0.42624882865851366
d65755f1,1000000.0,9.9,0.0034309933964871524,0.06036303877963625,0.05060040110574058,0.035977751457018835,1000009.5883094252,7.779177990948187,5.0728324943435545,0.8405924878866019,0.0,-0.0013986173399692277,0.011691597529430685,-0.0014247736727436623,0.0770394004251142,0.10547448958653821,0.0891904515043138,0.023196913033735854,0.03941383877917209,0.016131811778493915,-0.005525757462159411,0.09732720005472201,1000000.0,7.402268655966611,2.1860407692134323,7.351488870734964,0.16363707040413986,0.2640520498090832,0.4035296084190066,3.0901461241041774,1.579156761820371,0.5990859779533864,0.15656417611448417,0.08494233381873137,0.0,0.007097417028576209,0.10343357964864798,0.013075155441655613,0.0007548503582909048,0.0005618847515873326,0.0016735458970789166,0.0329305615500247,0.0709180861647241,0.043507366561345184,0.006795560839822627,0.015019743579316236,0.0,0.10215586152877558,0.0837234562923043,0.08498941922184564,0.06805495657385988,0.043700983225595534,0.10174161044939534,0.07412188702275642,0.0,0.07672238449477335,0.09545000540613563,0.07764665811476507,0.0,0.71082907399476,179.51939273964257,176.28441248919947,0.7944003280342311,157.5808315271984,48.29285838429987,28.976072123819815,2.6336213492916345,8.338464591134608,160.0660470915275,2.88045662224898,0,2,2,0,0,1,0,0,2,0,2,1,0.07457257034844936,0.003693383887511796,4.036499513827134e-05,0.004214605750770298,1.2890627822575058,0.48760424188341894,0.5058118049391986,0.0002661044087969919,0.4171132609080814,4.112867363113505,0.9358215049993401,1.2256091701171925,2.912334534157867e-09,29.610349444015654,3.34969811434967e-05,0.003127215000207742,0.7467294839590619
5fc6b387,1000000.0,9.9,0.0,-0.000270089534394031,-0.0010221433911190697,-0.00044041944345740675,3000000.0,2000007.1506162365,1000014.3688291772,2000007.1418540685,0.0,0.0,0.0,-0.0008102686031820929,0.0,0.0,-0.0015952232051390136,-0.0014712069682181958,0.0,0.0,0.0,-0.0013212583303722203,1000000.0,1000000.0,1000000.0,7.150616236431891,1000000.0,1000000.0,7.225278939485318,7.143550237781166,1000000.0,1000000.0,1000000.0,7.14185406853201,0.0,0.0,0.0,0.0016524837040084517,0.0,0.0,0.0006982901188552803,0.028478502342381435,0.0,0.0,0.0,0.0017050560839873918,0.0,0.0,0.0,0.0,0.0,0.0,0.0,0.0,0.0,0.0,0.0,0.0,0.0,0.0,0.0,32.07432458231428,0.0,0.0,0.6385428242223123,2.422742979665467,0.0,0.0,0.0,1.7481812613003516,0,0,0,2,0,0,2,2,0,0,0,1,0.06531227814002243,0.005487050608597833,4.414833068041575e-05,0.013429369006045962,1.968264519753578,0.6520894463475022,0.39916481916105717,0.00011626240688782688,0.041934421220584966,4.470783739674432,0.6824797082875302,0.8080250820240918,9.463529767063837e-10,29.78850284331148,4.2790187504595104e-05,0.00020167942669366677,0.7909231830985086
d3b85f4e,1000000.0,9.9,0.02619237295415446,0.05286610894456729,0.032748941688122785,-0.0007063698500815386,61.255513355550505,5.76314462345941,14.131552590972273,7.346872870577868,0.08063019695144177,-0.0016260619501421135,-0.0004270161388362772,0.01529276893840924,0.019895566268710415,0.12340999162658221,0.0004300213187608811,-0.0013795704380484123,0.09919637418365589,-0.000331773701167565,-0.0003606603293819363,-0.0014266755196951145,46.596994783152205,7.427304478559467,7.231214093838827,2.6587424959991504,3.067649250512693,0.03675287694756667,6.800754437632044,7.133976341036701,0.19682181230352871,0.00022025483715573462,0.00026108403785566963,7.3463915317028565,0.018775722131922874,0.01551610351655287,0.01702878689427022,0.074639240501913,0.0001575989761505854,0.0018304532274622135,0.001445323606024996,0.013657951865636495,0.0013855923029901045,0.0003275050883349011,0.000965552420066394,0.008126681780462806,0.03018153774052772,0.07737831068505824,0.10108406545283921,0.07666001329312573,0.04547160335392397,0.008187400681738087,0.0,0.0,0.142075714705695,0.0,0.0,0.19307120131940486,137.27994165692303,176.36460377450086,168.95034690923,66.69503962566463,4.103576917849845,173.01324221491626,1.1303461727939448,3.218687149909541,2.440064065434464,0.30147699839573294,0.04297340395433347,6.702821748049087,2,2,1,1,1,0,1,2,1,1,0,0,0.16750923464492973,0.0025222226464247243,1.1226351536684076e-05,0.006291319787390006,5.26250302672644,0.40240151710528377,0.031420582043041705,3.8458582615654434e-05,0.011041614618019073,4.895071442930981,1.3072915600242891,1.4081308756615998,1.48075416288821e-09,30.147393861399074,1.7005503235304774e-05,0.0015481526749450245,0.4211752672076702
18a8e940,1000000.0,9.9,-0.00012463567967766886,0.04275351183215148,0.046017242966413484,0.05395420916242272,1000013.9741190748,14.651651194210483,7.266913087438176,24.08511393315628,0.0,0.0014327465781728335,-0.0018066536172058401,-0.0016845739656391398,-0.000908092118351965,0.13085320158044556,0.09102770784881412,0.021263910818766864,0.025760110231659486,0.07526621179186604,-0.07121026769544347,0.15780668339084558,1000000.0,6.338011758256438,7.63610731641821,7.404691990158872,7.17979206772838,0.06716713632323147,1.3941605751860529,3.2529546470056596,2.6197978652464644,11.420890275521321,10.215524270998676,2.44869938663628,0.0,0.016274819561620923,0.02077349203217162,0.007111982501009473,0.01985503916384726,0.018702330533735944,0.0025923406237794155,0.1570246655267747,0.016641085598237765,0.12734518041252868,0.005551434506831349,0.010485406575426126,0.0,0.08359427573845114,0.07496317655586324,0.089004355423832,0.07730565832429877,0.0648519670550217,0.07050623680902197,0.06701712147763055,0.0766841718782687,0.07466820555094973,0.07368900206015243,0.07190612242683184,0.0,178.04395188820567,31.390484370373358,0.5480100952384784,177.28034988758873,109.40342086829598,148.79688318418354,48.75740783842879,172.01727239654662,178.43454680490473,165.6567221190416,146.92304969372915,0,2,0,0,1,0,0,1,0,1,1,0,0.06303114009306415,0.002546020338510432,1.4020878918647468e-05,0.006806340756069288,1.09819743322607,0.6551509703828305,0.256420700476355,6.478914156504047e-05,0.6959533883069802,4.333399965914281,1.3428143666340078,1.3287953340651895,1.080838988441701e-09,30.501625442124787,3.507138902580879e-05,0.0035583355563278407,0.7435517580458088
b072d64e,1000000.0,9.9,-0.0003038232165376165,-0.0014963865442359718,-0.0005044773055408015,-0.0013305574449466136,1000014.441955746,21.6330399228941,21.062150514986744,7.1500099468821645,0.0,7.192798503490619e-05,-0.0009833976346477556,-0.000922501833756969,-0.002330070954565636,-0.0012365868443853108,0.00024492269287251106,-0.001378308161716012,-0.00038004644777890314,-0.001339133659633592,-0.0013213099603827305,-0.001331228714823518,1000000.0,7.058787674410371,7.383168071625394,7.172514224316233,7.3149065001879245,7.145619198389942,6.886041242578834,7.1336728611082485,7.0424364112996605,0.0035866102379085415,0.0034928937567298324,7.142930442887526,0.0,0.0017488875440762135,0.005052260280810834,5.182661385593791e-05,0.0053706760937451735,0.0033726026508818854,0.00042544109331461844,0.0025063511433202675,0.005042361990870268,0.0002287382373525388,0.001083390011310222,0.0011453465850340314,0.0,0.09903442654863152,0.08163017272096235,0.0008624732666839026,0.0508468082355512,0.052550596465927996,0.0,0.0,0.0,0.0,0.0,0.0,0.0,1.3895157794881905,177.53765921615525,0.38871731803226256,179.63122394302482,174.4441113513921,0.2642036559071916,0.4487272281179616,1.5187788280947312,0.5276558576235904,0.12722003879739627,0.5496525347411689,0,1,2,2,2,2,2,1,1,0,0,0,0.08680066740475796,0.001261326075902948,2.3544458996032375e-05,0.005635602848315908,3.1680093009987997,0.6291470165418627,0.2261504041641029,0.00018001876556640072,0.208423542494745,4.582625474680653,0.8289262659471508,1.4695107559109781,1.8081412981882438e-09,29.865937189529028,2.6241815594231706e-05,0.0009164127797108237,0.7129929535959674
ddf67bce,1000000.0,9.9,0.009987636679282593,0.012782339712443072,0.032699748996678636,-0.0009256049656061681,14.219470066913395,13.006659074450756,14.258744667625457,1000000.00774702,-0.0013137848338783684,0.0015388839112057135,0.029737810960520434,0.01905817752554404,-0.0014234729919731595,0.02071231460375833,0.0001951672998231445,0.0995318849037091,-0.0016278052134963484,-0.0013485700523163456,-0.0014282448445021587,0.0,7.779970075266614,6.305445245098133,0.13405474654864985,2.130043409873681,7.2121656591623085,3.664450005414766,6.912658085545056,0.09876200406650489,7.247324578013896,0.003637389414872171,0.004109630596870383,1000000.0,0.04229587347795896,0.018000984645351253,0.065902040569595,0.06257293972134494,0.017570912866392705,0.02480759041078229,0.026767132046380298,0.0015568458692803398,0.008891078133680065,0.0003271740563513323,0.005464789582078411,0.0,0.09619498529034835,0.11332207264456533,0.07812252941322136,0.024189598705496057,0.05136412260745682,0.09496366150906321,0.00563538072259597,0.09030586647325177,0.06433251654203657,0.0,0.0,0.0,20.929536733156038,2.3025543912538358,8.211553338063517,8.69516753386791,154.85595556983367,168.19891307235093,167.56669853618732,2.91024211477576,173.04457676520693,0.6048475850954923,0.8078613408765584,0.0,0,0,0,0,1,0,1,0,2,2,1,0,0.09923640942602452,0.0025724394761364347,3.535857258072314e-05,0.017257262328187348,2.5428407686734915,0.31915387976637455,0.04593902441698223,5.8445001833497804e-05,0.33882856613910517,4.0922191785411695,1.393244920615436,1.362327065200114,1.6082124380354914e-09,30.341930525476837,1.7705300954181664e-05,0.0007354617709686084,0.350426692405553
9f899dfa,1000000.0,9.9,0.0061615355785128246,-0.0054997009630954885,0.053213904559843095,-0.0013299181753308232,1000010.6045347971,1000015.4811425536,17.5570882505135,7.14927575528688,0.0,0.018147585655488224,0.0003370210800502525,0.0,-0.0016925012394770126,-0.014806601649809454,-0.0018617184729010161,-0.0005692517942902461,0.16207268394672056,-0.0013405614251293218,-0.0013249831486274156,-0.0013242099522357332,1000000.0,3.7292061881953296,6.875328608928667,1000000.0,7.243271574994848,8.237870978676874,7.263399934470747,7.055025732788328,3.2386625832544276,0.0035942349050650008,0.003511180478589785,7.142170339903226,0.0,0.00028181669072012026,0.0006488575698972328,0.0,0.0002487954407438072,0.0031951594023234024,0.0017198120947809158,0.005843075528585425,0.0002209153849098299,0.00015822760658373855,0.00014067798884437405,0.0002633570920662553,0.0,0.10221593009212337,0.0917344815155972,0.0,0.05216163937619972,0.06724592220511914,0.0,0.0,0.0,0.0,0.0,0.0,0.0,179.35940326756526,3.8855797849828946,0.0,177.87441388914027,153.95610066058143,1.4312455355709386,0.41187846326878497,0.05915302081912582,0.06598323511877477,0.37159468857265365,0.10488771331681146,0,1,1,0,1,2,1,2,0,1,1,1,0.08194514757199886,0.00344104247302901,9.958813255660909e-06,0.014130786948921458,1.0049572716275492,0.22795721879641762,0.03278331385931046,0.0001858249098522055,0.21259467101950236,4.915431639680092,0.927613910899755,1.161854273987129,1.4322626832539107e-09,30.584632043839175,3.919675926304816e-05,0.0008792888365022322,0.25326406127404366
869df0a4,1000000.0,9.9,0.07762710822882583,0.08571161068822779,0.08659843474174088,0.0,114.15288054276695,9.154255354029432,12.535096701976109,3000000.0,0.030828847188003092,0.013744776864884465,0.18830770063358993,-0.003321068764444739,0.13379942091877517,0.12665647991035295,0.04972553263509404,0.012633379823237176,0.19743639176689137,0.0,0.0,0.0,1.5970919942285577,2.5553327533721437,110.00045579516625,7.778532390728382,1.3459059068116137,0.02981705648943659,1.330082121950022,3.9522695294902492,7.252745050535839,1000000.0,1000000.0,1000000.0,0.07006382924612505,0.058188388581058716,0.0013227480051261394,0.003519647655895366,0.0036587903291331464,0.02006609704605362,0.0199407935511184,0.0968850765148945,0.01965170332695839,0.0,0.0,0.0,0.08414410480709282,0.03561460647744911,0.06429822378783216,0.14700396986398204,0.11264690930505847,0.01627527956046472,0.0,0.08590619156165984,0.06886719153467223,0.0,0.0,0.0,40.99966690257036,5.574016210726401,14.77872818005425,160.53093207533692,84.41656426461445,29.044825290709543,23.428557018089325,171.89151174243997,9.434090486426209,0.0,0.0,0.0,1,2,1,1,0,0,0,0,1,0,0,0,0.10287432764747977,0.006460241378161808,5.992547343836106e-05,0.027076284377315657,2.2210518872885867,0.6771626158599984,0.020564644830297074,0.00012624659916951963,0.14892741236814405,4.531351569320446,1.2180528418477927,1.0944112409703124,1.3567266670258274e-09,30.279150075336954,1.5526256511998464e-05,0.0012984609999276138,0.6837995955382966
7e011d66,1000000.0,9.9,-0.0026231594365570487,-8.171488081851174e-05,0.007323817194059827,0.009611043757352116,1000016.1490206765,2000007.107129499,1000010.0829515094,2000001.7517769062,0.0,-0.005492261215661309,-0.0023772170940098356,0.0,0.0,-0.0002451446424555352,0.0,-0.0015897080505868088,0.02356115963276629,0.0,0.028833131272056348,0.0,1000000.0,8.325185248171357,7.823835428328212,1000000.0,1000000.0,7.1071294989970735,1000000.0,7.29360559270216,2.789345916739379,1000000.0,1.7517769062622441,1000000.0,0.0,0.0002887697723491646,0.007186542608337596,0.0,0.0,0.020357543020067658,0.0,0.028005636188497888,0.022107793078676094,0.0,0.044834663740047104,0.0,0.0,0.09661657451877383,0.07980128480636389,0.0,0.0,0.08833531507845915,0.0,0.13849745001063501,0.06839448272653269,0.0,0.08706784128629425,0.0,0.0,178.7065961812438,1.388236399476265,0.0,0.0,6.882961839891354,0.0,174.641538062212,6.624156283169802,0.0,35.2045787558177,0.0,0,1,0,0,0,2,0,2,1,0,0,0,0.05809206573517015,0.0016708778868702707,3.2709686984553155e-05,0.006696628389584183,1.3758178600805786,0.5974691445527187,0.12579981210661523,7.322041081068559e-05,0.8851763028794729,4.2896375430066955,0.7337975039303398,1.1459034581330003,1.9686842626616855e-09,30.26134023158448,2.9631934084777715e-05,0.0021323769272871777,0.6480948705538911
986a9bea,1000000.0,9.9,-0.0010470504080066325,-0.0007702967377049164,-0.0012407110873708651,-0.0009853930574919598,1000015.0345468139,21.307907349774638,21.428192333887935,7.037207135322996,0.0,-0.0016301752310554267,-0.0015109759929644705,-0.0009941574147273766,-0.0017747787681138593,0.0004580459697264864,-0.001052784783693611,-0.0012777362250988291,-0.0013916122533201552,-0.001340996655984005,-0.001333710203404006,-0.00028147231308786803,1000000.0,7.460895988747679,7.573650825177853,7.1851060933357624,7.217390535003066,6.9054107214358105,7.14811866485348,7.123856648604862,7.156217020429593,0.0035966508057293203,0.00355763183347762,7.030052852683789,0.0,0.0006466502233065516,0.01431040450360289,1.1933442599106991e-05,0.01004617766541871,0.006447294655754921,0.0008307840583908434,0.001744191302868139,0.006950547158448408,0.0003267154859389988,0.0002569438649015084,0.00034679755399847663,0.0,0.11031060364054904,0.10653874756385141,0.0,0.016797962660758656,0.09137036880981723,0.0,0.0,0.0,0.0,0.0,0.0,0.0,1.9542771318266412,17.258605135945743,0.9009156914193882,174.55166634804027,0.22939025529730844,0.27250523594398385,0.4185149249641811,10.708690628688897,0.330397845175952,0.10588534880914846,0.1769369117495269,0,0,1,2,2,0,0,1,0,2,1,2,0.07135688838814654,0.0026773157015814618,6.200503364939754e-06,0.02477641566073394,3.6217198825138013,0.14223694864733216,0.11003674144459405,0.0001557032568465415,0.731106769458026,4.377090644612256,0.7023285090684104,1.427299904645923,1.3376987201067335e-09,29.763037688564754,2.1259371670242716e-05,0.0008713216287383129,0.23661139607560727
ba7e9091,1000000.0,9.9,0.003128636717800179,0.0614391462194351,0.04727991005935097,-0.0013555083247061197,17.361498349418163,1.8674281073294154,9.25298072574225,7.145219547830712,-0.001942313789499607,-0.0007991429002534191,0.012127366843153563,0.03132434149884704,0.07320679691639599,0.07978630024306228,0.012307423355454816,0.12604086931450337,0.003491437508094726,-0.0013780207195740557,-0.0014130269179183144,-0.0012754773366259891,8.023670175339133,7.2390474788716945,2.098780695207335,0.8906976343547675,0.16404502595358153,0.8126854470210666,3.4288597026029657,0.2295512575927617,5.594569765546522,0.0037979382962046583,0.003993347152071642,7.137428262382436,0.0008222512603753341,0.01565860538859041,0.004901837236561882,0.0048897959463385255,0.0009861875175747007,0.0012157653898832686,0.006350852601740904,0.0006752357324876172,0.014217967816758485,0.00023683127720398054,0.00023876881743867286,0.02292077884353017,0.0,0.06842306087860316,0.09142129452238396,0.0,0.0,0.0032571172253752566,0.0,0.0,0.010800829031750477,0.0,0.0,0.0,9.064612924790296,170.65052169828525,11.328340537504072,0.5083766303267958,17.53366611518697,176.0958164816674,3.8910108450946463,0.24226626494323675,10.240881798859403,0.35209967908600204,4.505459096339364,6.853576854978513,0,2,1,1,0,0,0,1,1,0,2,2,0.17194719509528406,0.0028882307238935266,1.960820524708262e-05,0.01787090198147762,1.7139366044079702,0.5314276400753355,0.016770548456766884,3.689946795042289e-05,0.27588308770714814,4.489932275800392,1.2016564754117902,1.0083216337855223,1.891849221348405e-09,30.571750896873642,4.059823923150744e-05,0.001317028484851135,0.5392841784881081
ab3ceab3,1000000.0,9.9,-0.0006080380541308069,-0.0019307867409464215,-0.002298119554888645,0.0,2000007.6433405962,2000008.1589654842,2000008.0840325907,3000000.0,0.0,0.0,-0.0018241141623924206,-0.005792360222839264,0.0,0.0,-0.006894358664665935,0.0,0.0,0.0,0.0,0.0,1000000.0,1000000.0,7.643340596141534,8.158965484234196,1000000.0,1000000.0,8.08403259078715,1000000.0,1000000.0,1000000.0,1000000.0,1000000.0,0.0,0.0,0.011748056248519784,0.009401645275599958,0.0,0.0,0.0029271203398490396,0.0,0.0,0.0,0.0,0.0,0.0,0.0,0.07692557368517551,0.033069837974763004,0.0,0.0,0.07476601916332848,0.0,0.0,0.0,0.0,0.0,0.0,0.0,2.2649876466133216,154.773139050063,0.0,0.0,151.18880702762286,0.0,0.0,0.0,0.0,0.0,0,0,2,1,0,0,2,0,0,0,0,0,0.04514452369334074,0.00620010831713808,1.8495592071084954e-05,0.005217420721056636,2.5433324659498733,0.2899840745645289,0.26677248674188075,0.00014984390662711887,0.5879395382523005,4.612711015426621,0.7583209064069503,0.9373004353219561,1.1034326202871087e-09,29.866964558104787,1.5098544019320706e-05,0.00285331458673855,0.47937011137061314
36653df4,1000000.0,11.9,0.02517379040697591,0.0500676307115528,0.06684146593834289,0.04061458680676844,1.7849008178495658,9.270701181841421,1000001.6818297694,0.7539874089104077,0.02154472183167489,0.021182174356350312,0.03279447503290252,-0.0012759549599238907,0.03698753845864524,0.11449130863593704,0.11048869097701376,0.09003570683801491,0.0,0.0032332137321329267,-0.004395263147906174,0.12300580983607856,0.12039825825487367,1.6064678297002575,0.05803472989443453,7.32526794215255,1.7914218695823465,0.15401137010652513,1.5504107221751704,0.13141904727250342,1000000.0,0.0913358298932395,0.11477847247310304,0.5478731065440652,0.07259342115034871,0.08746283206587613,0.04099412801634602,0.01176345036822203,0.09298834381480969,0.0011728185733352367,0.003558664301961015,0.01832102081520869,0.0,0.08892110298151767,0.02994648834363424,0.007368161887415798,0.0809738878739856,0.07433798322959054,0.05592821349147407,0.08694248342668164,0.06421748702122634,0.05263941923407149,0.07540285086304975,0.0431643094243325,0.0,0.06252152526248397,0.07524500403030343,0.06308554118721908,36.198558881807855,141.98532105453427,154.7371181747175,3.955676052033781,24.57689128414919,21.2379231567076,14.991657245388504,69.67747057870632,0.0,146.88783850824322,122.52660015757995,20.673336065688446,2,0,0,1,2,1,2,2,0,2,2,2,0.07856241535480107,0.003978019413897191,4.915220481436884e-05,0.004038683232211288,8.784665076365886,0.6739736485753696,0.3498126045204181,5.321312567547184e-05,0.7078016345227294,4.387489651412702,1.3640719260740781,1.134455088904939,2.138974648781445e-09,29.87946182216684,4.254898149344996e-05,0.00399139740401804,0.7879867944490566
519a0457,1000000.0,11.9,-0.015945735506199345,0.014857280683153602,0.20400402069603576,0.09746211400504606,1000038.6053782994,2000001.2971123299,32.61597316095255,21.93862964862964,-0.00269014453611423,0.0,-0.045147061982483805,0.0,0.044571842049460804,0.0,0.08825410407573507,0.23804116445445955,0.28571679355791274,-0.010445246214239909,0.016984494256332944,0.28584709397304514,8.572020542017952,1000000.0,30.033357757430263,1000000.0,1.2971123299126897,1000000.0,0.3252688492785895,8.435319943348542,23.855384368325414,0.3032223380553719,0.6383944464163965,20.99701286415787,0.006975215737679253,0.0,0.0045323750100256036,0.0,0.0210797316247181,0.0,0.009234630114555168,0.004905615917255024,0.004945459497641393,0.011912188159047226,0.016045920612343077,0.006910191029470218,0.12876805309471578,0.0,0.09181281813833846,0.0,0.03949002911510784,0.0,0.054671587639731456,0.07259200035824008,0.05625301271595415,0.08487410087644909,0.06119088456128545,0.0375187209370702,167.72270017395002,0.0,179.1485342941821,0.0,83.45048754230108,0.0,179.11050519102943,64.14516450284545,166.4387280135055,66.75344853693001,22.881800711863644,146.81781755579357,2,0,2,0,0,0,0,0,0,1,2,1,0.14638516758084008,0.00529971866062995,1.9587517445859853e-05,0.022215112347988175,2.288010291635516,0.5518731544332088,0.5663940842232749,0.00010844991198891248,0.5149388049165188,4.238708113200689,1.172057160900196,0.863939648030353,9.48031611637301e-10,30.348434584377316,2.513327612950089e-05,0.0030306461486148337,0.8056329093354542
b2ce33cd,1000000.0,11.9,0.02254024348760569,0.07172648078478591,0.09467246242558054,0.04717080769568197,1000001.1310651922,1000000.150981408,1.1933126982158202,1.207895008779856,0.0,0.04899692296958447,0.0186238074932326,0.0,0.09178634125040858,0.12339310110394916,0.053161890259143106,0.10577388972361808,0.1250816072939805,0.0016980558568005695,0.0016535309983658475,0.1381608362318795,1000000.0,0.06341538272740668,1.0676498094161284,1000000.0,0.11612561263371768,0.03485579529801067,0.3315715957353839,0.001808613767218638,0.8599324887132177,0.005766829795833567,0.00546848956790032,1.196659689416122,0.0,0.0024121069021618806,0.0022969558658103317,0.0,0.0003069938451634387,0.0009509606437458828,0.0006589091486950329,0.0007207629346319808,0.0030347902328099127,0.0002059373791598757,0.00040005347993370697,3.652658846271077e-05,0.0,0.05697421731846208,0.11128164199327717,0.0,0.11256297580820653,0.006197060087718817,0.0,0.0,0.08810678650283044,0.0,0.0,0.07834565105284709,0.0,5.388265686889582,3.65771180137267,0.0,178.9126494838638,173.14346274011743,0.7359587621592704,0.7993994160216366,159.337712041754,0.09966885961150124,0.2139214415397157,177.87447839648888,0,0,2,0,0,2,0,1,0,1,0,0,0.28292841474241476,0.002027483973154917,3.5976946155740746e-05,0.004544047923607641,1.3707332214471992,0.5213479750671736,0.36312820534626916,0.0001759238215931642,0.6165014847984457,4.240761534822003,0.9836098638120567,1.2627558511508825,3.097322000549831e-09,30.01546630725433,4.0671951220229575e-05,0.0011093518778758705,0.6951237130458539
849b183a,1000000.0,11.9,0.0,-0.002331351975633195,-0.001766193016749236,-0.0004684116875587603,3000000.0,1000014.9549487837,21.618952628207268,2000007.150934082,0.0,0.0,0.0,-0.0036931717910328385,0.0,-0.0033008841358667463,-0.0018563798285061881,-0.002014874756978467,-0.001427324464763053,0.0,0.0,-0.001405235062676281,1000000.0,1000000.0,1000000.0,7.704616025875736,1000000.0,7.250332757781169,7.262693360353894,7.195995338364356,7.160263929489019,1000000.0,1000000.0,7.150934081952588,0.0,0.0,0.0,0.0019804641007279047,0.0,0.004325741142393851,0.007833513733851868,0.00036230568093466574,0.007479226549138885,0.0,0.0,0.0002494117490969186,0.0,0.0,0.0,0.0,0.0,0.0,0.0,0.0,0.0,0.0,0.0,0.0,0.0,0.0,0.0,1.780191290299203,0.0,2.341744897026137,2.1092685480952,0.8898234966623153,0.3505082611715823,0.0,0.0,0.3463606231507833,0,0,0,2,0,2,0,2,2,0,0,1,0.056029363608855666,0.0023251323793078947,3.4284055278020326e-05,0.0095412673085192,3.3402103042748985,0.5903114674807413,0.42406656356647904,6.955738090027318e-05,0.08120632653698293,4.583076389359699,0.6527061804024091,0.9257500289014615,4.773493648058398e-10,29.954489101714675,1.234883253018596e-05,0.00042493178315911,0.7640042689424204
60025454,1000000.0,11.9,0.0,0.0,-0.0018511318457724243,0.0,3000000.0,3000000.0,21.626863276672196,3000000.0,0.0,0.0,0.0,0.0,0.0,0.0,-0.0014618536544628584,-0.0026511233657791184,-0.0014404185170752964,0.0,0.0,0.0,1000000.0,1000000.0,1000000.0,1000000.0,1000000.0,1000000.0,7.206333379437816,7.258743948952228,7.161785948282153,1000000.0,1000000.0,1000000.0,0.0,0.0,0.0,0.0,0.0,0.0,0.008922740037911709,0.008685622510207918,0.009825477771256511,0.0,0.0,0.0,0.0,0.0,0.0,0.0,0.0,0.0,0.0,0.0,0.0,0.0,0.0,0.0,0.0,0.0,0.0,0.0,0.0,0.0,9.35304948031701,173.55997556166292,23.208871193875687,0.0,0.0,0.0,0,0,0,0,0,0,2,2,0,0,0,0,0.07716958896880119,0.005084052328864755,1.4501868047761294e-05,0.012203775516438423,1.6272962081032505,0.6813247096208381,0.44774117704386673,7.426384876903012e-05,0.359394951814383,4.6175615085095,1.2699766735558546,0.9642137443201141,6.734498563333104e-10,30.283378151679198,7.547551487014479e-06,0.0008764085516890562,0.8239639851122957
7b42cceb,1000000.0,11.9,0.00017515565317938758,0.00906990573678539,-0.0009621216656652077,0.0017777495504917153,1000013.7811257115,17.107397050976186,21.565480822116893,1000000.2781961852,0.0,-0.00023053708495180284,0.0007560040444899655,0.027593806623166937,-0.002045786393307941,0.001661696980497169,-0.0012248279832264629,-0.0014043855037664827,-0.0002571515100026776,-0.003572901324806599,0.008906149976281745,0.0,1000000.0,7.193339362757841,6.587786348741169,3.176724721269471,7.250026847107885,6.6806454825988295,7.229605748224223,7.189985292005277,7.145889781887392,0.06562748041325928,0.21256870479276008,1000000.0,0.0,0.00036966860155937824,0.0036381298409948843,0.0001571829454380929,0.004238857575226986,0.01976285723400816,0.00042908026531781425,0.0042323967377588135,0.0024769742562312943,0.0036381623914827593,0.016302969072261114,0.0,0.0,0.1444811085053823,0.0700286078075132,0.0008849620558750052,0.018555435474023847,0.0335957756126361,0.05707703544549211,0.05375485676856934,0.1172066197750125,0.040082996434062976,0.053663903192142356,0.0,0.0,0.29470581009539637,0.20798914215468106,2.9514212951323135,62.26880236857699,164.02226677742257,3.55427834851683,0.6009453802162571,164.58288686498662,148.4657571525084,156.9788268840398,0.0,0,0,0,0,2,1,2,1,0,0,2,0,0.19059863342135785,0.0029137225108048378,1.1999491746744885e-05,0.004757169705906457,1.7452137288326497,0.5584474065281781,0.3923382639202453,0.00015421869785027056,0.32232050733145806,4.413729585366206,0.9588869302196161,1.046567219361601,1.4869180463255618e-09,29.91352272615159,3.583098773718436e-05,0.00192893051653031,0.7316461506540025
aab94a7e,1000000.0,11.9,0.0033609022283718967,0.0392448467225556,0.013646406280017424,-0.0018342373723286831,15.571890515808544,11.777938797552531,13.382103141590921,1000007.4554215407,0.002667287134989836,0.00020896613430431045,0.007206453415821543,0.09542802052147019,0.0059132242446267354,0.016393295401569873,0.011730055618954427,0.02904425659854291,0.00016490662255493185,-0.001358625370195595,0.0,-0.004144086746790454,5.278629211293473,6.899519995058891,3.3937413094561797,2.977112694800126,4.880519313700589,3.9203067890518173,3.502474045912714,2.773248163550917,7.10638093212729,0.0036982177328724617,1000000.0,7.451723322985443,0.006199174184676445,0.012219460655603706,0.002939792917227705,0.005938030528719898,0.006610544836248089,0.009494852737387363,0.06075736266909472,0.02530804179106711,0.0029873882802814574,0.0025479285300470536,0.0,0.0127927797289724,0.06143755679932559,0.014067017864252676,0.030096006968554558,0.08402437819665041,0.005509716910449627,0.07278428066626914,0.0028611130000217922,0.1792380011855314,0.17999508897527425,0.0,0.0,0.0,36.97850056011676,90.59664836741915,61.277107097059094,145.79999432026855,87.20103744603148,1.8195300355457065,172.4339883253319,171.79932635263407,6.170822536134321,1.405829817486257,0.0,9.470026878032883,2,1,1,1,2,0,1,0,2,0,0,2,0.1602113566952056,0.0037721875775563025,1.3057478814128768e-05,0.018123534736310003,1.746283396948675,0.8348021867199088,0.471393161153885,3.745240068350285e-05,0.20404321621774396,4.688852123345334,1.1668028741878504,1.263692001730683,1.1314437818802509e-09,29.681650626095887,2.2396301466068672e-05,0.0003959184766135974,0.9126281668216049
e70ca47f,1000000.0,11.9,-0.0005813688740034558,-0.0003969897435808525,-0.000839055226089834,-0.0013484339192220082,1000014.670477068,21.14476899068834,21.28943344875202,7.153190337158928,0.0,-0.00039286064893586124,-0.0013512459730745062,-0.001578019632557576,0.0009625215248170738,-0.0005754711230020554,-0.0004502569739533476,-0.00038095872244406457,-0.0016859499818720899,-0.0013524775790418307,-0.0013334404359179632,-0.0013593837427062308,1000000.0,7.164087337532754,7.506389730521193,7.295390226762261,6.771026615608148,7.078352148317932,7.063083290099483,7.036770195017688,7.18957996363485,0.003658583634454229,0.0035561839188792024,7.145975569605595,0.0,0.0018736158216388211,0.0037661526475490105,0.002085368454166331,0.0003824971168620966,0.001668251194912393,0.0007151095543255714,0.0012729298577156098,0.008518672732672075,0.0004386693886363652,0.0002390117089756166,0.001336632879354905,0.0,0.080681682361551,0.08981149053122704,0.0,0.022750660724795615,0.035150005788096315,0.0,0.0,0.0,0.0,0.0,0.0,0.0,176.8519727436011,6.557975129068983,0.1113038821514425,178.9131737883444,0.3380094299351494,0.4874768431016293,0.783926656396704,2.748924018058724,0.021262048212955627,0.040286499043749854,0.8659542442501306,0,1,2,2,2,0,1,0,1,0,1,1,0.10536280814620066,0.004884471564125964,1.5097014515983614e-05,0.0068288192285939665,7.458852754163965,0.9589535410041854,0.10763702474709763,0.0001273254213132388,0.1862874204403963,4.524290447172024,0.8061913649511006,1.0707341899617955,2.269188796938198e-09,30.181003214079038,1.635155396951939e-05,0.0010727436338361122,0.9633608960244239
f1851bdb,1000000.0,11.9,0.0003081419806491782,0.027951940127579362,0.07381731500351513,0.0006833180240883164,1000013.6131716988,14.920996262639825,7.244729175942578,5.535937255749023,0.0,-1.588199716711329e-05,0.0009403079391146478,-0.00037698977478361253,-0.0008060843744862715,0.08503889453200797,-8.860454417308407e-05,0.11496465152230168,0.10657589803241678,-0.0002715229449706749,-0.0013108303547132117,0.003632307371948836,1000000.0,7.117394028664158,6.495777670028954,7.069797563482216,7.192337124093685,0.6588615750639243,7.012386574950322,0.057844997262014794,0.17449760373024123,0.00014758854044203494,0.003437893385767425,5.532351773822814,0.0,0.0005817083772857233,0.008117674865092742,0.0005978553670480569,0.017484875495682093,0.0003341767544396586,0.0019954099407407974,0.00014744215165373467,0.00048314924299723436,0.0003729894783216155,0.0011579931313682617,0.004616248441533033,0.0,0.11403541046366561,0.09193498092355402,0.0,0.10145887009285998,0.0,0.0,0.0,0.0,0.0,0.0,0.0,0.0,0.5267904775018185,179.54337941335902,0.4512475736523283,179.8717898499907,2.7875305332155387,0.13712800922133628,0.06758514497266327,0.6476107898705099,0.07103083870365277,1.1813133411244465,0.4488366249624102,0,0,2,2,0,0,0,2,1,0,0,1,0.18690961806465636,0.002544945651287872,1.2548853036804667e-05,0.007721158889171922,1.8230644914573122,0.5151429761656351,0.32589456809069633,5.014118302624628e-05,0.1905093360634261,4.257572872758721,0.6230720317365557,1.2455828433771652,1.4986061122313312e-09,29.925762709222692,2.6396042148885604e-05,0.0010248802709699894,0.6731226570770669
36305887,1000000.0,11.9,-0.0009974025449949282,0.0,0.0,0.0,1000014.9868889899,3000000.0,3000000.0,3000000.0,0.0,-0.0012769557335692429,-0.001715251901415542,0.0,0.0,0.0,0.0,0.0,0.0,0.0,0.0,0.0,1000000.0,7.359169618473303,7.6277193714893405,1000000.0,1000000.0,1000000.0,1000000.0,1000000.0,1000000.0,1000000.0,1000000.0,1000000.0,0.0,0.004463181883927623,0.005671570772309583,0.0,0.0,0.0,0.0,0.0,0.0,0.0,0.0,0.0,0.0,0.08553602224491191,0.09605749639716225,0.0,0.0,0.0,0.0,0.0,0.0,0.0,0.0,0.0,0.0,176.1953384306695,16.99493948869929,0.0,0.0,0.0,0.0,0.0,0.0,0.0,0.0,0.0,0,0,2,0,0,0,0,0,0,0,0,0,0.15490824575944884,0.0033201274599160553,1.238863301462325e-05,0.005803768101555048,3.0366366849819015,0.6416515735493675,0.40891937210059265,0.000145886702443272,0.4024197644496165,4.2487443972230725,0.6094184725486071,0.7865160880104578,1.7877655994278902e-09,30.3505438076267,2.186599183888357e-05,0.002803438939270113,0.7881462951495855
f861d59c,1000000.0,11.9,-0.003035381499899908,-0.0028728550304992742,-0.0011087407935172048,0.0,24.56469060174563,22.242682251275532,21.411344218628322,3000000.0,-0.004472848230254329,-0.005327273055241108,0.0006939767857957142,-0.0018595056540614623,-0.003824049397973141,-0.00293501003946322,-0.0015833755515443403,-0.0005076479889123299,-0.0012351988400949444,0.0,0.0,0.0,9.615963129773476,8.298104082524839,6.650623389447317,7.350622814964538,7.553008521624479,7.339050914686515,7.2235890120255,7.049081550616527,7.138673655986297,1000000.0,1000000.0,1000000.0,0.03486876975923696,0.0003825724914913557,0.02061308073494051,0.009519592797438881,0.0052227042221555465,0.014970185603367017,0.001410538299585072,0.00745665567923181,0.013329437836172072,0.0,0.0,0.0,0.11448555205886987,0.10840597740295904,0.08262570592985606,0.0015646976998068118,0.11608689453306902,0.11655914716864256,0.0,0.0,0.0,0.0,0.0,0.0,140.19388917813347,179.72671061638633,159.15818597880465,61.645856024228216,2.6685452295975898,178.8724723324675,0.8261059630851524,7.041354137978828,2.325720838732903,0.0,0.0,0.0,1,1,1,2,0,2,2,1,2,0,0,0,0.08320277506643126,0.007126710385745201,2.770003186145644e-05,0.002535617122063161,2.0317806220535712,0.7507345179093339,0.7648704592708819,6.939009718072412e-05,0.012178632191579337,4.71308484602602,1.3144678300858117,1.147655927883528,1.5460918199341682e-09,30.218305728177718,4.2540929877624725e-05,0.0009693433433957128,0.9413138346304724
312e8643,1000000.0,11.9,0.011150491278390781,0.06300478310563389,0.08033549192068112,-0.0007830887179749851,14.451764097406087,4.2620754832380445,7.984707598262027,7.183522276966878,-0.0007798053357957414,0.00020477354681843043,0.034026505624149654,0.03634346801865057,0.013425148688604784,0.13924573260964632,-0.0012249212622247195,0.11857449975947193,0.12365689726479615,-0.00032482232524375077,-0.0003226667489054053,-0.0017017770797757993,7.399552738381758,6.958944470988886,0.09326688803544354,0.5427092465903596,3.6860138696728497,0.033352366974835256,7.1726576140774085,0.10129839385006471,0.7107515903345539,0.00021108385140001463,0.0002387051279750031,7.183072487987503,0.003601404337714816,0.012451584541417017,0.002479344127696,0.0013952962159358047,0.019711043991925314,0.0005368005651826352,0.010762655183528256,0.0006281222081292834,0.0031847876130784367,0.0002544905626945999,0.005520640024185184,0.0007668671688780168,0.0,0.07306613702926021,0.08934323068112772,0.0,0.07456551241014929,0.02409021704003561,0.0,0.0,0.0,0.0,0.0,0.0,0.28484403565508143,4.258550451435439,179.26691665163546,0.7076864309314437,173.53044065548696,3.6427538305448635,5.3505788329866295,1.7905934798748233,0.34127511820827,0.20525899391416566,3.11371799894502,3.4702961430007027,1,1,0,1,1,0,1,0,0,2,2,0,0.21309137056746502,0.002722459414241206,3.39234065585962e-05,0.0049740080267841776,6.9106960256706715,0.35919686239721127,0.6354679415381392,5.793863354199533e-05,0.0481518265883483,4.201498481640716,1.1851542228228602,1.2812343780904474,1.3653037619980248e-09,30.1218588677311,3.846092920924782e-05,0.0015744032819669873,0.7663431663866827
6e6bef65,39.393897020098564,11.9,0.06598378261743387,0.12492619310836454,0.08907795237012996,0.043544789865436584,25.632270159111876,1.8164370876352218,2.4298904470372733,8.597302718676836,0.05536545570417072,0.06543552200815608,0.07715037013997482,0.0629111414567777,0.12998637079997002,0.1818810670683459,0.07184129139909241,0.15215953278536695,0.04323303292593053,0.023816135548553496,0.05651430359183437,0.05030393045592188,15.880893778156688,0.7350385859967223,9.016337794958469,0.12915824571219753,1.0305423603727875,0.6567364815502367,5.8987505438398596e-05,1.0852757403235909,1.3445557192082438,1.1344166274422922,6.387741088212481,1.0751450030220644,9.488511914408366e-05,0.001970320371357656,0.0029350359848965557,0.00041319105761556264,0.004978141211702024,0.00704081977543743,0.0014843477582607597,0.0012296538646928788,0.0041515924832774475,5.008138330551762e-05,0.002840294427486909,0.0025779184759917805,0.0,0.0,0.16082809222993352,0.0,0.0,0.0,0.0,0.0,0.0,0.0,0.0,0.0,4.615091505922124,6.024372624081061,21.85164132778005,2.295046166658478,2.2728373692553707,2.0579780633627998,3.6966858594284977,4.204330401747148,21.36136438828252,3.583028180633042,0.24000988656003672,14.638355374614639,1,1,1,1,2,1,0,2,1,2,2,0,0.6400559300839127,0.0015751518418942018,1.5395661377389894e-05,0.004996364098707589,3.0545879513332044,0.46491954833313126,0.24170353297601732,5.812076875402105e-05,0.46587052674033635,4.624495357505772,1.1639305926657417,0.779213167120217,1.4641995323452594e-09,30.0490989401634,2.5651264469361472e-05,0.001542639646004727,0.594226213574119
cccd3b05,1000000.0,11.9,-0.0031140798079408796,-0.0019495004918562329,-0.0021165966130035044,-0.0004729939132105874,1000016.6611311536,1000014.4795993171,21.70772778087385,2000007.1524222363,0.0,-0.006228562108046808,-0.003113677315775831,-0.0002977589763357115,0.0,-0.005550742499232987,-0.0014934227098488972,-0.0033776209844945024,-0.0014787461446671142,0.0,0.0,-0.0014189817396317622,1000000.0,8.551182568465222,8.109948585145888,7.055087995103389,1000000.0,7.424511321886217,7.210761852035065,7.33069431954271,7.166271609296076,1000000.0,1000000.0,7.152422236287833,0.0,0.008218952968890976,0.011278141557599422,0.00010226400077497235,0.0,0.00902601067920734,0.002830167460147851,0.0017739160914992326,0.01564348004888257,0.0,0.0,0.000789415408622875,0.0,0.1475934323352113,0.12488868117655379,0.0,0.0,0.0,0.0,0.0,0.0,0.0,0.0,0.0,0.0,15.492500778476867,4.749148170184355,2.1912430273972565,0.0,13.51840463642465,0.4559257685324172,3.0498240810707835,23.942311415688383,0.0,0.0,0.8611618036934833,0,2,0,2,0,2,2,2,1,0,0,0,0.058100336187412144,0.004381588125128138,1.6269521892591033e-05,0.012849685925927602,2.814139116548653,0.6842814911378136,0.24499340457136007,4.550514561595164e-05,0.1637198717286118,4.147364012127092,0.8053947813315678,0.8979408667168742,1.4756755282232557e-09,30.270463773395818,1.6682076891752314e-05,0.0008936414062672493,0.7616059441696966
1582fd5b,1000000.0,11.9,-0.0013920289732457696,0.0006614544877092627,0.0518765997712999,0.04593818380666536,1000015.1911278066,20.244441654695176,1000003.3628552529,1.7432831825510413,0.0,-0.0032294430103756515,-0.0009466439093616571,0.00043208254378017207,-0.0018636056100613057,0.0034158865294089216,0.018848800478421347,0.13678099883547834,0.0,-0.004600750904122374,-0.0029171536024068107,0.14533245592652524,1000000.0,7.779200653248785,7.411927153331103,6.93177617057412,7.311576530501896,6.001088953619159,2.7993900995420686,0.5634651533903411,1000000.0,0.11388755753077975,0.025948956212280057,1.6034466688079816,0.0,0.00896747970041898,0.00619697335636776,0.0014565038061608512,0.04861789885936905,0.047973676919826014,0.1074886432547307,0.021613008361234504,0.0,0.01977984719575659,0.02452566574675305,0.02619170474574147,0.0,0.07305483937666665,0.12180395110207837,0.08392919056421388,0.09858311093728817,0.08477740912259081,0.07384381763656944,0.05821714047310087,0.0,0.0711624974121266,0.008327877651888539,0.09363290109168064,0.0,3.0461020014895017,170.66788749555147,15.005323069751695,55.49020909376889,11.238419363571078,168.7151145647627,119.88526235630181,0.0,82.31996557976598,46.49880177240012,150.39263218366835,0,2,0,1,1,0,2,0,0,1,1,0,0.15781535111082462,0.0019956613361430003,3.1841975169749146e-05,0.003362219581463545,3.1797894666117656,0.5701008004110208,0.4036734809734471,0.00021714176509068963,0.6018884490301198,4.66788534071771,1.3128109088594955,1.1011294121971806,7.821367157806451e-10,30.1595764481593,1.6062898888021498e-05,0.0030335959014505787,0.7435993394287054
a696a34d,1000000.0,11.9,0.015415577153732525,0.10774215579190972,0.0910551735629715,0.07371627186684472,1000007.7852911509,1.3119425100846949,10.034254621019512,7.588082474267407,0.0,0.00019042456905442057,0.04605630689214315,0.03934844422543274,0.11535370493760852,0.16852431821268793,-0.001282408002977362,0.12003767125324454,0.15441025743864734,-0.0004819606923061929,0.020847548268310683,0.20078322802452966,1000000.0,6.967627002432557,0.8176641484651195,0.4407715676046176,0.47614991460537376,0.39502102787470356,7.272567483901612,0.15848696678274757,2.6032001703351524,0.0838892904017812,0.9515793080964641,6.552613875769161,0.0,0.0005021517612339493,0.0026236972611350926,0.05895614867819418,0.004739459211110634,0.027226796378547344,0.00034694373311049305,0.0016545486880637618,0.0016704564620174122,0.0339328669733749,0.03908218322101232,0.0040167057497063575,0.0,0.07356041830163529,0.05157312760623325,0.06187753211168223,0.054728265916145755,0.050130459205825095,0.09185612996328213,0.03612892924115668,0.014863637587478686,0.0822732787228919,0.08081135345205592,0.0483702432485873,0.0,173.9694020583263,7.716185135356226,4.464465777142205,0.22163876219419298,122.14926486718396,167.64908909517797,179.96647380741908,151.10044769908768,22.917153088213862,175.18921978645056,1.9379453754375113,0,1,1,1,1,1,1,1,1,1,0,0,0.12045636579483927,0.004262286065534821,1.1638187341092147e-05,0.006432775639999491,4.96460224411992,0.8039281866291452,0.232333942513783,0.00021034164745551494,0.09490843953608843,4.314379765195734,1.270620479937024,0.8880397338004775,9.698412606535532e-10,30.064914750329326,7.093983531103291e-05,0.003340608010093198,0.8494590906511712
21969b6f,1000000.0,13.7,-0.001481054081128312,0.01064878119860723,-0.0015003750678215827,0.08068854564170279,22.9658562084957,1000010.9509999256,1000014.5586314321,1000118.0974979263,-0.0023062999078586432,-0.0014025911225423909,-0.0007342712129839022,0.0,0.039153206993060685,-0.007206863397239003,-0.0017335736200283997,-0.002767551583436349,0.0,-0.0007944553218700804,0.24286009224697847,0.0,8.226611929789275,7.383311426636822,7.355932852069603,1000000.0,3.2978203614427466,7.653179564209563,7.257754172896543,7.300877259279747,1000000.0,0.08202960551765716,118.01546832077868,1000000.0,0.02257463664009614,0.00010855775860785374,0.012083966610493865,0.0,0.0006661298074742417,0.012507248680000138,0.0008724808716916053,0.005499812235248344,0.0,0.035929851182920476,0.0026305258713601584,0.0,0.0,0.08238399362022156,0.13149210581406298,0.0,0.0019942506710355773,0.09861181924806867,0.012703105148313763,0.030669141085338192,0.0,0.07947633279473496,0.05341258869055683,0.0,5.875458756344093,14.107574159654725,11.15468495994777,0.0,0.6541094691877106,179.88739719699748,22.938602767929822,168.71417603711603,0.0,7.546595499063807,173.6650451240037,0.0,2,0,1,0,0,2,2,0,0,1,2,0,0.20452738640225893,0.003564898341002067,2.620914080682919e-05,0.007152016329503898,1.6227692143886163,0.6585170099417672,0.7027718428522688,0.00015133662318064813,0.12052433956166064,4.4493504709928295,1.3253279805065614,0.7841224885066631,2.4593680239846637e-09,30.446783378357917,2.481212716213967e-05,0.0025236887352904124,0.8984313629834092
d51ebe58,1000000.0,13.7,0.08226100918582033,0.1467633706007335,0.04464846775284414,0.16881523137839727,38.887679380078545,80.13931551897247,1000006.6225132977,67.82724382587043,0.035993940388270605,0.09674111903338173,0.11404796813580864,0.2700471017349935,0.08347934153944447,0.08676366852776249,0.12037699406659742,0.01356840919193498,0.0,0.025998225718177954,0.0788276746282914,0.4016197937887225,3.270308540998132,5.596277997499772,30.021092841580643,79.36660159908762,0.12325974423589656,0.6494541756489592,2.3948228104072635,4.227690487283433,1000000.0,1.4208417379586036,12.489638784931625,53.9167633029802,0.0008692372655992227,0.0004084237607222147,0.0001172440849540607,0.008923412530525645,0.003360743470199932,0.00799053842010175,0.012590886708148763,0.004866432818977825,0.0,0.014270464331852539,0.01127188089252867,0.0011883359302919047,0.0,0.1333645488331364,0.11732440058437853,0.06822243986492443,0.10131863378599194,0.03659321112520425,0.07420460509690525,0.00024186810182714785,0.0,0.06882261081969769,0.06190715502521761,0.07027009903639131,0.35988369085962735,178.57441347276423,177.57177866092587,149.35652143608286,2.004329523144846,21.33859254777778,151.5707209432923,178.0410212164502,0.0,161.32881391470536,116.69412745423153,69.29257843291981,1,2,1,2,1,1,1,2,0,2,0,2,0.6882289462396518,0.0015502985384344141,1.5945927132456955e-05,0.003588145156483077,3.9211930851115895,0.6769310588189742,0.12486994221216569,0.00016276150400312538,0.48950857918188806,4.638671346577971,1.3395215424783502,1.094673683098401,2.6000496783965374e-09,29.668505658652265,1.638562998903891e-05,0.0029309636414473175,0.7172601718405732
45ab745c,1000000.0,13.7,-0.0008119105414994471,0.018361176199563106,-0.0014633004126265142,-0.0016948871455855616,22.109134837097745,12.352596896908805,21.598656666829378,2000000.0603616638,-0.0012767025926437156,-0.0004819124412163107,-0.0006771165906383149,0.00031704780118718977,0.03951668699025086,0.015249793807251269,0.00031124291344969,-0.002537570315702014,-0.002163573835627219,0.0,-0.0050846614367566845,0.0,7.662268619235002,7.108742576131121,7.338123641731623,6.852306486772879,1.5567695985556158,3.94352081158031,6.9291275859550705,7.42566903456822,7.243860046306084,1000000.0,0.06036166385714117,1000000.0,0.011385255461002447,0.0016730977804687891,0.017853469419726452,0.0038464716629312457,0.008208222350712748,0.0125677039216179,0.002006295801471618,0.00520009372238434,0.005012431282813586,0.0,0.004738690511274646,0.0,0.0,0.00633651994342273,0.13114556778317724,0.0,0.0,0.02042629224072579,0.0,0.1781865060475711,0.0,0.0,0.008631644816498432,0.0,11.313034528053002,165.10583891765796,26.954680683885027,58.853685961224606,9.73396069849016,176.46894057149407,21.776588421841844,8.090334818105308,5.799644551978548,0.0,173.51754965409495,0.0,0,1,2,1,0,1,1,2,2,0,2,0,0.2939618040585974,0.0027176383582084426,4.104128941736798e-05,0.0059116388485663625,3.3358281982812805,0.5982172764452012,0.06218730012403195,7.896294107032676e-05,0.5744628367900395,4.35332023662982,1.3620303754322847,0.6845892285576649,1.2374041525874987e-09,29.901413800498712,1.6525378513356385e-05,0.001766837729914409,0.623196840529542
fcf211e3,33.30799431192546,13.7,0.0008643382432928278,0.06904496814826007,0.08005357483054244,0.0026389505654408276,19.26316786012916,7.174899432970776,1.4866651009744882,4.94668223428291,0.0012724820364614549,0.0018049203868787565,-0.0004843876934617278,-0.0004168926514285695,0.0922271912135937,0.1153246058826151,0.033723853236538565,0.10478999736338188,0.10164687389170692,-0.00022299770171364125,0.00261069785288561,0.005529151545150514,6.044292488505328,6.071450108770346,7.147425262853485,7.077213327434749,0.005002709532620057,0.09268339600340632,1.3991874377769102,0.00045550135158366857,0.08702216184599425,9.951024596877447e-05,0.013631513004294635,4.932951211032647,0.0006545938947335304,0.009606807105141406,0.003713494982800633,0.00022195276698465122,0.0015174963912667392,0.002391118833519419,0.0010712184202435237,0.0008230137791250321,0.0010015453345931322,0.00023301508458094033,0.00016262278920016436,0.00011109476128024897,0.0,0.0,0.0,0.0,0.0,0.0,0.0,0.0,0.0,0.0,0.0,0.0,3.5620088050541483,0.6906696481870034,4.333687024984748,3.182501053545674,1.1656699771580996,2.502522133860691,0.855724070906303,6.042788064286465,1.700948321787192,0.08599406116026274,0.6309778338365223,0.10151907173333906,2,1,0,0,0,2,0,1,1,2,0,0,0.2908323253871717,0.0018911713075096738,4.51028512145035e-05,0.0051291635145834374,3.790282393753484,0.25150058595625063,0.27154149233785524,5.4831797713641166e-05,0.43874004954119294,4.529034371431435,0.7384513069383238,0.8727207619208299,1.0861909412989027e-09,29.928551745169134,4.5198119264315014e-05,0.0014421479923561976,0.45472207971046674
785f4603,1000000.0,13.7,-0.00020859498947275478,0.0169937804115819,0.11299587347836555,0.09326989333095977,1000014.3458790566,12.419842761069384,2.382328373522506,16.438922026774577,0.0,-0.00019774952244546942,-0.0004280354459727949,0.001933872596959948,0.023239603879397344,0.02580786475838841,0.09869562412081745,0.10203004122013001,0.1382619550941492,-0.0031489795290418755,0.029984951200101757,0.2529737083218194,1000000.0,7.131956434546051,7.213922622004648,6.236965990197271,2.860110647382816,3.3227661234892976,0.8099268548925815,0.047231715830377115,1.5251698027995475,0.11444918278674267,1.873899755114513,14.450573088873321,0.0,0.004531248736015311,0.04104889521496586,0.0647500011271803,0.035050836754024386,0.012567879563014049,0.005081681676100611,0.024337485260338257,0.01793116275450401,0.09512411646937272,0.061437578890066166,0.001644624038426018,0.0,0.09004099890543919,0.08208563611692204,0.05156594209937529,0.12051818943231116,0.06892359421649034,0.09385279779637407,0.04518561289360284,0.06865442575754192,0.0855684411040143,0.07193058206967236,0.05241035746693623,0.0,0.7152326545815084,169.78464377935668,111.9978201597692,172.86342977687457,11.494070187582937,30.27453415266288,21.536172788074214,176.46938283401576,22.765517161691285,80.22651955546816,123.37596866015723,0,2,1,0,0,0,1,0,1,1,2,1,0.16751691893216702,0.001734702684438508,1.0601661836565513e-05,0.006338214330946946,2.3497501946591357,0.4775068763308381,0.01239662583113112,0.00011671214065616124,0.2502276671692478,4.512349260647312,1.3530557924747837,1.037530555154923,1.6865501497693382e-09,30.24346821717069,3.475368051365697e-05,0.002385857607242056,0.4839827884217205
ddaa3e12,1000000.0,13.7,-0.0005682975298953649,-0.0011305795287049217,-0.002317506332258581,-0.00022112641086663277,2000007.4332402556,1000014.4862764505,2000007.8048886377,2000000.0010522557,0.0,-0.0017048925896860948,0.0,0.0,-0.0014986488188149117,-0.0018930897672998538,0.0,0.0,-0.006952518996775743,0.0,-0.0006633792325998983,0.0,1000000.0,7.433240255625531,1000000.0,1000000.0,7.310483415951348,7.175793034514009,1000000.0,1000000.0,7.804888637657555,1000000.0,0.001052255595215857,1000000.0,0.0,0.009273115892075596,0.0,0.0,0.015478644839228797,0.003475124085527505,0.0,0.0,0.02636285431990635,0.0,0.013119130410442499,0.0,0.0,0.06621592050665162,0.0,0.0,0.1412046719328156,0.032971055591127715,0.0,0.0,0.0,0.0,0.0,0.0,0.0,85.63325647292487,0.0,0.0,167.1801081742322,13.353101406339928,0.0,0.0,30.469886891827418,0.0,21.532372070926858,0.0,0,1,0,0,2,2,0,0,0,0,2,0,0.20226459629373056,0.002241963887396433,1.9568816923320412e-05,0.011953948925297216,1.922404492017152,0.47486515738297796,0.1751000959454605,0.0001422125669954552,0.9734500515333494,4.471627340841937,1.372975642878994,0.6488328739059754,2.0248960361264547e-09,30.03782995261351,1.3522814363401856e-05,0.0010460544676278458,0.5667988086999283
630569c5,1000000.0,13.7,-0.0007153291321658637,-0.0002531851214417652,0.00017185679974460224,-0.0009396259962420741,22.094297517547787,20.962289890704106,20.607182065645315,7.13845474022066,-0.0013740730787452618,-0.00094725698162835,0.00017534266387602096,-0.0015155994559728258,0.00026262706867450947,0.0004934170229730207,-0.0005314746263612366,0.000789572499582175,0.0002574725260128684,-0.0002648742940123717,-0.001296597298604676,-0.0012574063961091745,7.714328881188817,7.361118678548991,7.018849957809978,7.283542493294586,6.8859523326610805,6.7927950647484385,7.074506200888683,6.652514034226533,6.880161830530099,0.00014031727634423256,0.0033626547279931923,7.1349517682163235,0.0010700575419494338,0.0007611447441158627,0.0029705080645503054,0.0013876096505823297,0.018649503143875437,0.009958290861153029,0.0015521253864227355,0.002602953963233699,0.004766060316420145,2.220556524737535e-05,0.0005706299109807118,0.0011910644121900208,0.0,0.15884703409924628,0.13176892183843886,0.0,0.0,0.0,0.0,0.0,0.0,0.0,0.0,0.0,0.7485282772503893,1.153890198275832,1.2658821367899689,0.47359612898904463,2.673304506514062,12.49163299168038,0.3666011600402059,1.5888220656591805,6.701569815668967,0.18943011310882002,0.27574753003791086,0.19634157856941092,2,2,2,2,0,1,0,0,2,0,1,0,0.1919650885094616,0.008723268840687136,6.533098581543259e-06,0.004058933305218704,1.5012997181523884,0.2564879676341993,0.3125424056460729,4.956423840142677e-05,0.4263910112849694,4.585961761972835,0.9723457608493924,0.8770794045671013,1.1253531340465172e-09,30.161334707164702,6.851501306743092e-05,0.0009500685916218718,0.48883575261604284
c4a41baf,184.1526802878119,13.7,0.030818335745824727,0.04392693013555768,0.08604152435783197,0.22846972973646137,7.079886940464146,5.248550925600007,4.0092199721144,164.70884771642488,0.0005465794677067038,0.059789644326416855,0.032118783443350625,0.026200600547475125,0.01916941200981615,0.08641077784938175,0.01514228332587946,0.13841118614092737,0.10457110360668906,0.034287104830837904,0.2213839168964916,0.4297381674820547,6.583767294456536,0.45521640059552937,0.04090324541207998,1.436486370220391,3.1500898598799223,0.661974695499694,3.2016320396189695,0.6257932003981167,0.18179473209731398,2.4319274164205695,98.08704805866947,64.18987224133485,0.0036494098008698263,0.0011420179100955108,0.001565355347912482,0.00970861327481707,0.01274208916214101,0.009700815148862897,0.0012574411303883067,0.0021870073061109278,0.025450603624828268,0.020543820737003515,0.018080341462270798,0.012764736342320514,0.0,0.10659865551707301,0.03650695999177988,0.10204486542464238,0.0642710161982421,0.03979447745176008,0.09284623272727095,0.06987358280625636,0.04586400067331589,0.08029425248835978,0.06504383905668343,0.05649229437070388,3.335465343183372,175.22938953112384,5.250215582292502,153.42624196290603,7.256767556967708,167.1405628542992,150.1740849365015,7.342883085396876,6.563417537381836,162.30143900194926,17.354755984060446,162.75488472568395,1,0,2,2,0,0,0,2,2,0,1,2,0.30334427894306115,0.002484993810068367,3.58323481546548e-05,0.004079593820594045,3.1283461096229184,0.7287003650812649,0.5817098160220328,8.821285382417326e-05,0.20194050643266737,4.8035284658739545,1.1820890779506594,1.101742933925321,2.189507147049009e-09,30.348422715596783,3.589048725831374e-05,0.001779284496635121,0.8864598548150847
56798f68,31.37781864267522,13.7,0.027418782697773408,0.08049858758220106,0.049106728074837354,-0.0011709773310473982,1.6249736002453958,6.648516954889713,15.073984204149596,7.293914242188276,0.02600618772019684,0.03494652770897506,0.021303632664148326,0.026643451933793187,0.012236908833773702,0.20261540197903627,-0.00011809295136356931,0.002268595045322155,0.14516968213055348,-0.00031276961050644034,-0.0013757939042874118,-0.0018243684783483423,0.5289769041550595,0.3974000132617248,0.6985966828286115,1.4530692655228243,3.7805819223722836,1.4148657669946059,7.01655232365039,6.156521537185121,1.9009103433140853,0.00019587878214007002,0.0038056354553186547,7.289912727950817,0.09100343857843962,0.006900335444746767,0.0102921457702285,0.05699829578077263,0.01750559684352175,0.005831768278397887,0.006730009587887468,0.005135873264599769,0.0010296126039580243,0.0004786685986873122,0.004474116803331651,0.0018330119485514317,0.04993029165138728,0.05629630477535056,0.06343684704975666,0.15734871151799354,0.0553790514109277,0.07467022042730975,0.0,0.07209191902943587,0.0,0.0,0.0,0.09352236823001643,115.57992657519823,3.8536999861911183,166.31585745330267,76.15371030212708,171.13230588133075,16.12440633525726,1.119180919073332,0.9007727849040422,6.491139105232506,1.755867353239758,0.3249939191620457,175.1283460197092,0,1,1,2,1,1,2,1,0,0,0,1,0.15617935083865486,0.0023832734449584407,7.58521309599524e-05,0.008817244389283432,3.5439654054715266,0.5870625248860377,0.5376618540518203,0.00012527754170565028,0.6205837015250881,4.592638794282148,1.4069840838800942,1.2913486807887842,2.5630410846748966e-09,29.595947339644027,2.139870597214676e-05,0.0014417124252805225,0.8090294871778829
ad949bdc,1000000.0,13.7,-0.0006548846026226959,0.00396866031531649,0.009633345276592587,0.00031314782944740605,1000014.6998440791,17.684712195904584,16.316076537126815,6.318937438673536,0.0,-0.0015484314732537236,-0.00041622233461436416,-0.00017663888214625663,0.0033025611783349834,0.00878005864976074,0.0008567891953688843,0.028411865306695747,-0.00036861867228686905,-0.00029461585248937924,-0.0003132550892223661,0.0015473144300539635,1000000.0,7.487689132323941,7.212154946744332,7.032645469195111,6.139761342518593,4.512305384190881,6.637510257482138,2.6374330599933113,7.041133219651365,0.00017367541043486373,0.0002020970406241077,6.318561666222477,0.0,0.006071731144897502,0.0030147892442969615,0.0014708777797459117,0.0028945246707582223,0.0026390374311626805,0.0008548321781288481,0.0009632097809622589,0.0003454370976590914,0.0002800167116019539,0.0024165137650513416,0.00030806377726355833,0.0,0.15492996085401134,0.08560831439741005,0.0,0.07499122505225762,0.013337153543698526,0.0,0.0,0.0,0.0,0.0,0.0,0.0,171.2066396998172,0.7580641955146377,2.3755906715729944,141.75564859364366,179.67889854574565,2.133749608747618,2.6586018890786596,6.105906743006871,0.5712840469197518,0.44920891884674446,0.19594963972665222,0,1,0,0,1,1,0,2,0,0,2,2,0.1883938540918418,0.0040029115179065385,1.2400648077458931e-05,0.005061864674157468,5.476831000744485,0.8830566018149425,0.4499935212023802,6.492767303039698e-05,0.7301449475021394,3.8499710061366925,0.8039743552345158,0.8935318274655654,1.6641037829741154e-09,30.306282559190453,4.368574491000132e-05,0.0013219028882888635,0.9356353739934883
91c90287,1000000.0,13.7,-0.001450362885442746,-0.0006449383493142615,0.00015682197189450793,0.18245811810812293,1000015.4425169096,1000014.3808827014,20.47657393010666,112.15087173502457,0.0,-0.0008409782440003869,-0.003510110412327851,0.0,-0.0004265331542660572,-0.0015082818936767272,-0.0016225949689322669,0.0002214052514834277,0.001871655633132363,0.014403699050390385,0.1981350622445056,0.33483559302947274,1000000.0,7.272560187310891,8.169956722344411,1000000.0,7.198238325453678,7.182644375947652,7.229221950076257,6.895576805764678,6.351775174265725,0.5002422617490904,78.57871064776468,33.071918825510785,0.0,0.016882561537903712,0.0247110560486475,0.0,0.013011751215141192,0.010072896597953277,0.00589263770896087,0.0005475827795240408,0.060125161286381915,0.004808082490966519,0.01718969357596129,0.005804427595237414,0.0,0.09289791473096447,0.05266138801832282,0.0,0.15024456085417992,0.0689247724887109,0.0,0.0,0.16402660938483424,0.08528605142341673,0.06340938093122266,0.055715729628905766,0.0,169.79919330840727,11.963865543840512,0.0,6.460258584917387,1.2162646986414227,10.933609987230703,22.78860555214659,155.41215281495838,90.72735570132238,136.1260088073137,13.192757883993824,0,2,0,0,0,2,2,2,1,1,0,1,0.23754147535034387,0.004019290432992558,2.3093408892278466e-05,0.012661536344290484,2.064397470316506,0.5738137120140773,0.11664447715553727,5.9575645292968594e-05,0.4291917542415674,4.531700438093319,1.4595247390186763,0.9643863212222404,7.736991586928995e-10,30.474768907941165,2.8521811777882643e-05,0.0016192307805237881,0.623514324299339
453eb0f9,1000000.0,13.7,-0.0014281940736523694,0.07467997448674245,0.053613738048036846,-0.0027573450120600023,1000015.1732261099,1000001.0768059188,10.626423375612251,9.931075392718073,0.0,-0.0037460860029437724,-0.0005384962180133359,0.07586947842299019,0.0,0.14817044503723714,0.020312625452898848,0.1425791925037971,-0.0020506038125854297,0.014761015543041933,-0.0038462115084422596,-0.01918683907077968,1000000.0,7.926754398543385,7.2464717114510675,0.9738704791685889,1000000.0,0.10293543968469887,2.6412024414482604,0.7521644951134944,7.233056439050496,0.5171023636914521,0.10596853240233046,9.30800449662429,0.0,0.006142302104374572,0.03224933123571055,0.007242414227204591,0.0,0.0033816898582710478,0.07525663846158,0.00020136457155097532,0.003343127035126476,0.11809136906810112,0.04392696738838161,0.06033805116021598,0.0,0.10337035387441632,0.0814206488803175,0.06307903862674405,0.0,0.04254387295725373,0.0700809626796323,0.05429720056162643,0.0020857058432438634,0.06738163251922254,0.07445226800304316,0.04965400219043343,0.0,154.18424221467004,165.56824954356367,67.62961867394847,0.0,39.11983977246456,4.180041134063999,153.31250671760964,9.98394532378506,41.10182898111013,71.3256708661324,35.767753536731874,0,0,1,0,0,0,0,0,0,1,1,1,0.11098773143339499,0.0019446807416364056,2.259174065379268e-05,0.002546618669178896,6.068929421247928,0.8236891803156752,0.42224505459430534,6.987520305602693e-05,0.8394139376800963,3.937689994831417,1.4743630390583427,0.9985706148454333,1.3458007079690693e-09,30.166351811944704,8.049921462286662e-06,0.0030202830207065718,0.8980933274933902
022f55aa,25.817892325181766,13.7,0.009984883699310994,0.05699867178599458,0.10197970646198241,-0.0008429853309674593,10.49030816740986,5.210965139766669,2.473403729829921,7.093557010782833,0.0009702055715186562,0.01325629397599264,0.015728151550421687,0.01677500920339255,0.11380832805323203,0.040412678101359185,0.0644417406801082,0.09058665697272836,0.1509107217331107,-0.000282157078703559,-0.0014119739721269596,-0.000834824942071859,6.338862292129449,2.677610880232434,1.4738349950479777,2.3846518558911334,0.37271008757786334,2.4536031962976725,0.049977709535687205,0.10788609169959483,2.315539928594639,0.00015938269605474668,0.003988454821226217,7.089409173265552,0.002123334296732985,0.021074934931482974,0.002075977235285906,0.02673047365575283,0.000317125997607062,0.011588031093788552,0.0014204771088413926,0.0025404519084244103,0.0007915139899514572,0.0003968147296835753,0.001055379220114321,0.0035484789744656227,0.08286610986786665,0.08703777703733506,0.09660193355190737,0.0,0.0,0.022448841097788174,0.0,0.026858056191868096,0.0,0.0,0.0,0.0,176.6684608441718,0.6534458662963875,174.64004712874942,14.974603816119561,3.654284871973276,178.29627663056465,0.35160809117547437,177.47106020889498,9.91607958259446,0.17293599124119843,0.692177067320847,9.6720558002222,0,1,0,1,0,0,1,1,1,0,1,0,0.2566398729287482,0.0019281176452302182,1.2664379105216914e-05,0.0044599386660266705,2.6024454912167214,0.8880193809503245,0.5278810652425817,0.0002571612396432996,0.409320016965007,4.524196807216581,1.3412307380936963,1.132197727085333,1.77121810043858e-09,30.559821734132903,1.8726848931833308e-05,0.0011772588515385517,0.9470790413142667
ff8845bf,23.321374932220355,13.7,0.010043608456325051,0.07004201873240905,0.06420079285534994,-4.5079669614498784e-05,11.190953478850394,2.3354768278615667,2.751457991974603,6.790245931155808,-0.00035577498938543957,0.011087452720506655,0.01939914763785394,0.02100089004777206,0.07903439987708212,0.11009076627237295,0.024437630315593196,0.06979727371758786,0.09836747453286876,-0.0002557283006840705,-0.0003418843031074134,0.00046237359494798755,7.1804003024178895,3.04684270729274,0.9637104691397639,1.9759168026574743,0.15974682064878104,0.19981320455531157,2.1694025109870836,0.5365437876684852,0.045511693319034416,0.0001337946694105344,0.0002695501850461991,6.789842586301352,0.004556450038384972,0.006031897245321393,0.03526797010525466,0.0010377845020873144,0.0011318152779044369,0.005023400298163725,0.004968721072038704,0.001719981662201893,4.459303041286335e-05,0.0017322649534668828,0.005981674650439931,0.01082400629366377,0.0,0.11614337755691934,0.10580525695564227,0.09995253476586513,0.0925278055142179,0.04604974286882419,0.0,0.0,0.0,0.0,0.0,0.0,4.774197456132792,176.95343716286376,178.7833033427056,177.75882811052657,3.2781791286127633,13.533803264615502,0.33521743718193125,2.2707665110871145,4.736064610444721,0.04718566336607646,8.100612779984802,13.838743298864616,2,2,1,0,2,1,0,0,2,0,2,0,0.23026901965049346,0.0025898168265661445,1.7248137341647988e-05,0.009045730448815782,2.9450607638248223,0.5901981747764852,0.10028403020309207,9.178714880155254e-05,0.552008295806908,4.3985961374446285,1.1397015786047056,1.2452056076480367,1.4287813442896167e-09,29.808923201852735,1.555542807819521e-05,0.0009151956196912139,0.631284724991462
7c8db9d2,1000000.0,13.7,0.00285331295364699,0.0009067871058649592,0.045839388717848345,0.11161807975323838,18.282492498252786,19.570085508230914,15.419851497495765,46.21850235479705,-0.0037311560123086747,-0.0013104910830711897,0.013601585956320836,-0.0005600694076434025,0.004789544756041654,-0.0015091140308033744,-1.5240044939159548e-06,-4.975611070764284e-05,0.1375694462687466,-0.00013018798118950934,0.14215125278164867,0.192833174459256,9.050725192437062,7.400058246084802,1.8317090597309216,7.103867856323029,5.308821819026692,7.157395832881193,7.000153072927329,7.004823914820039,1.4148745097483952,0.08731766158619436,40.493970204391836,5.63721448881903,0.0001671686335835772,0.0035924152767366465,0.009825173285861185,0.000350941311116634,0.007934022817240757,0.01928494654946231,0.006565200521783245,0.0054135341082987756,0.000759974595212133,0.007888886953927686,0.012578505742476005,0.0011378529821023664,0.0,0.11914781877524401,0.09656013379702269,0.0,0.14025007082016105,0.04334274671081517,0.0,0.0,0.0,0.08722152922793011,0.07985465080077266,0.06374241776890863,22.02534047513036,179.85519881528157,77.89900636818976,5.913267618925188,2.5052058836885256,178.99948127877065,1.923968135224155,3.4128672173039156,1.2794748513276466,2.1804812533635856,14.173013675995739,120.21889381545346,2,2,1,1,1,0,1,0,1,2,2,1,0.20087175875868682,0.006150128568494776,3.4818534928800316e-05,0.0037783609301075345,6.722974465237372,0.5298402532370042,0.34127138974374593,4.679149741453523e-05,0.7255547403591674,3.999696644547306,1.2058457230557582,1.0024250930522742,1.4833619119616797e-09,29.948554240558934,4.051491354430144e-05,0.0016030666421371744,0.690258196277405
be482b1e,1000000.0,13.7,0.09052253403445616,0.1767753948182563,0.025418603364215003,0.06971198553019167,169.01440432561196,20.824494133955177,2000000.084592917,1000078.1422141922,0.031449087067929246,0.016856925421012785,0.2232615896144265,0.015645521800371997,0.13836722763966122,0.3763134350147357,0.07625581009264501,0.0,0.0,0.011987988794460667,0.19714796779611435,0.0,1.7717488383316284,2.137989268483854,165.10466621879647,2.634600025726415,1.5973859155094592,16.592508192719304,0.0845929171070703,1000000.0,1000000.0,0.348637243095142,77.79357694911828,1000000.0,0.00660228213441774,0.030383493094974953,0.022603679709379352,0.007330889134953918,0.010719585397600106,0.0018930207031851156,0.07792354833741219,0.0,0.0,0.017532644069188343,0.0060704702646552896,0.0,0.08763903645746011,0.06585319392208441,0.07540343420043598,0.10454296608419106,0.09722009318011923,0.05184217216649772,0.057379402120730734,0.0,0.0,0.06090609881485612,0.058897686233558365,0.0,11.3332808310958,73.98880988506947,155.62507234207484,122.65933190377223,69.37403750163948,23.11262284839256,175.06593703637284,0.0,0.0,171.76418791796146,91.99721093186311,0.0,2,2,0,1,1,2,0,0,0,2,1,0,0.2794790929820029,0.002748220003311219,6.108112473077243e-05,0.00405433565007536,4.449340664589011,0.4902041701754189,0.5681395911493752,6.0334235432497684e-05,0.39073159623592657,4.4993584095636985,1.1212033339447844,0.9040789524190329,1.1576697151645331e-09,30.13885335819506,4.031630919091377e-05,0.003956159945533919,0.7797825505424979
15ac06a9,1000000.0,15.3,0.0007912892896733908,0.004692870802531693,0.07021799783923587,0.13305913207208767,1000012.6836006226,16.743508110873076,7.545972488334503,59.270207449008346,0.0,-6.647492656738104e-05,0.002440342795587553,0.014635690032482482,0.0005035373219002138,-0.0010606149467876154,0.037712526532424864,0.028854271573627,0.1440871954116557,0.014702641605778215,0.1552307833411882,0.2292439712692966,1000000.0,7.039787340042054,5.643813282464506,2.693854670130511,6.921724887620714,7.127928553121852,2.9472590275858987,2.7033308448321787,1.8953826159164258,0.5284826878997609,48.26422130340642,10.477503457702165,0.0,0.0009534842532522038,0.02097487430826304,0.13329187239617735,0.012106801242181723,0.027331099154233967,0.0006461553665693606,0.044893299250213264,0.030175227723215042,0.1175382840690544,0.0042190624483492735,0.0008531879950081884,0.0,0.025722659630434384,0.11065445013802516,0.01181556632337654,0.09262180594240702,0.04741916184665133,0.06721862661637905,0.09474738779947685,0.0671624440766308,0.08233209930194209,0.0710113094806579,0.05231976938508666,0.0,176.4732513371276,0.15109086502474048,60.83746100433274,7.037823371028126,172.1364153908129,2.841922073357233,171.15281045945173,31.41696212667904,41.934075132173085,153.42661449208214,27.00685715405058,0,2,1,1,1,2,2,0,1,2,1,1,0.20348916948123627,0.0016854571505324077,2.3969266410500343e-05,0.003201216856084303,1.05140698658278,0.30190594005814086,0.2522705002533686,8.489989135083115e-05,0.25980184421795915,4.552138992312244,1.2311808942337727,1.0580231066310832,1.2886377861683405e-09,30.01548456147214,1.727694556001607e-05,0.001956515768213266,0.4779892507335534
4100ac2d,1000000.0,15.3,0.0008416849457695447,0.053979879551472265,0.011054517017345963,0.09488453168378701,1000012.6187934437,14.832132315175649,13.74547089085701,21.49657424532669,0.0,-8.483474557869821e-05,0.0026098895828873324,-8.51947134696107e-05,-0.002531322344394264,0.16455615571228066,0.0009831704732008245,0.011325509181128776,0.020854871397708287,-0.0009117063905383309,-0.002149332340610055,0.2877146337825094,1000000.0,7.088944634453936,5.529848809236942,7.128015220653167,7.375178560196856,0.32893853432562575,6.664991745838278,4.049206514940251,3.0312726300784796,0.08106232161233136,0.02086350616845637,21.394648417545902,0.0,0.007434883656241551,0.019428692906925126,0.014216247905995773,0.019329952766242137,0.010372269751569557,0.008895134342976377,0.02229174803088987,0.0023551329569243135,0.054241148185129526,0.00977188299756088,0.0006325489956555178,0.0,0.07093780873364129,0.09451733726648985,0.1120821834369572,0.0876506633212716,0.05824648215987285,0.09313982159380449,0.08027529274704728,0.0839660048198974,0.07645780237079332,0.01152875745035376,0.025584186223079775,0.0,6.265693563779095,179.72653593023136,175.10682077989696,175.03026149281834,37.1236460025378,15.258105783276873,15.22140425572928,19.832997998080415,1.372363543864035,149.88855806065993,175.40902029545515,0,1,0,1,1,0,0,0,2,1,2,0,0.17790595269569628,0.002076552902882862,2.114578956026019e-05,0.003960070224259491,2.314640575821568,0.5120486857953658,0.5578359485731716,0.00010797623202352212,0.43658092420417466,4.320002121824732,1.0917023552985043,1.0099686610957606,2.923138815995343e-09,30.11948602423636,1.2443165296423123e-05,0.001972434696622108,0.7841896864173763
f93ac199,1000000.0,15.3,-0.002700137736937825,0.00205469119284034,0.06802963497118676,-0.0009270036787539035,25.06509066926118,19.176422999846935,5.564623361424129,7.140026654723521,-0.0057716900771935245,-0.0011469698379107615,-0.001181753295709188,-0.0016791587508197823,0.00041976904526000507,0.007423463284080797,0.0042313532252980565,0.09157729049252519,0.10828026119573705,-0.00022274083190783691,-0.0012854069136443644,-0.0012728632907095096,10.320952294906093,7.296725448514518,7.447412925840571,7.318839582974912,6.944614683303185,4.912968733568838,5.283531789625982,0.06932882282312626,0.2117627489750203,9.9358865593599e-05,0.003306217029772748,7.136621078828155,0.002225403638333171,0.0012663988293245942,0.0007348853046831921,0.0173284700055244,0.0010458394357553118,0.06413624091013506,0.003205911417158397,0.0007526334305183382,0.0027952761548505384,0.00036319305556205267,0.0012942806818023156,0.000804415693378284,0.0,0.05129547722479012,0.08401387249992726,0.003932373135938617,0.12968607425120277,0.1326468950212008,0.0,0.0,0.0,0.0,0.0,0.0,1.6293570777305537,179.35223162543343,2.688713586329686,4.687274328054305,174.36541053650046,169.87616500210032,1.3934495452015698,0.11181760936924424,1.6864810611231018,0.24546720592356697,1.1591805432715379,1.1325997738877014,2,1,2,1,1,0,0,0,0,2,2,1,0.12505488382641217,0.003921281311602914,4.5486975900351874e-05,0.004029987590832016,2.671684226468235,0.5103988561947959,0.2673286189991752,0.00011244319362533969,0.35063027939293956,4.388308847580922,0.9628574024617578,1.3418324464121882,9.05854665361454e-10,29.85904975521527,3.1569377795149354e-05,0.00035849802290864764,0.6412565209667578
0cc34999,1000000.0,15.3,0.0102444330736679,0.019801694812502327,0.07846347532991545,0.089130911351842,18.547769824993754,9.437251711751818,3.951125971154553,14.753844088786296,-0.007022362966564345,-0.0002599859216722068,0.038015648109240255,0.013714876251882195,0.03217912900460722,0.013511079181017566,0.036218291992299166,0.1550719422413266,0.04410019175612058,-0.0004234835958898206,0.05956421273346407,0.20825200491795173,11.151475364631379,7.1838783789660114,0.21241608139636184,3.179293834411204,2.1549379735199823,4.103019903820632,1.3057477993760074,1.2817255740126103,1.3636525977659353,0.08029444259247491,7.176837578679964,7.496712067513857,0.004386744858593234,0.0031357836774925252,0.0008695309155929828,0.044436939571331116,0.07133309210048114,0.07519002625907995,0.015162719297654486,0.0003445780341649503,0.05015225442207456,0.03443659143487222,0.07411151426683901,0.019694032325641292,0.0,0.1287521754195539,0.10214070051941448,0.1086684435078998,0.10150084204276906,0.05821835515783034,0.08455757724710762,0.06179566718847469,0.06620796292439983,0.07874988705084704,0.07555418501831405,0.052242403932363554,2.0580862985756263,3.640768045905368,179.52250511972412,34.293099311220224,178.38494172141014,165.48121471052633,66.7922058025907,158.62612047581808,69.40406558871479,173.5745281948946,135.63405193512986,170.5024005807083,2,1,0,0,2,2,0,1,0,0,2,0,0.18165684286780878,0.002436672134988013,2.6509374812338714e-05,0.004375826218675722,3.544003979167735,0.615990298133652,0.2788476092794599,0.00010646201652831718,0.5558775839047945,4.613758418689572,0.9979600844725157,1.3801762349539264,1.022974876838839e-09,29.89122948587804,2.5407039645397417e-05,0.0023453541078878783,0.7230426006782733
6ae21585,23.972446175855712,15.3,0.02641217958149421,0.10855295139005361,0.13177592610991085,-0.00027795438551580587,7.558996366904767,1.6645670033579578,6.851615606977205,7.141564021502329,-0.0004065881140064103,0.04184919746629763,0.03779392939219141,0.038629581357832156,0.08877497623441609,0.19825429657791255,0.08460094719869847,0.11778588490538161,0.19294094622565247,0.0007240596473559206,-0.00025045210722435723,-0.001307470696678981,7.206471232129798,0.20368237981327156,0.14884275496169785,0.4561201020177766,0.03207410787535648,1.1763727934648247,0.16485191480774616,0.09077632754604639,6.595987364623412,0.0010650395049200225,0.00012867378601079323,7.140370308211398,0.008267588025745485,0.00021609271690715048,0.009616864399802973,0.0005989750139567427,0.0037403453312332426,0.0009293168758389894,0.0001340055019792316,0.0019077001213325517,0.0019922358083598766,0.004063835511147346,0.0017947896769681308,0.003104945115478735,0.0,0.13728225029062846,0.04819910240444695,0.043479091750324494,0.03181572510502346,0.0,0.0,0.0,0.0,0.0,0.0,0.0,0.15336468971938036,177.05900807718945,5.047746734652583,11.17492636070582,175.24046690140875,3.04245724935838,5.871897959377898,9.127893736234295,4.689093936934661,0.5031312266858635,4.32545013648164,2.638223576163279,0,2,2,0,1,1,2,2,1,1,2,1,0.26216273531771644,0.003646206836491971,2.644497072066679e-05,0.008408987159090605,2.0094821635136664,0.6896245922986719,0.4343822000029054,0.00012983173463718074,0.4725316982559545,4.273188707733075,1.273324019361316,1.4588810813813418,2.0873245960608758e-09,29.968100904402686,1.4244457548753808e-05,0.0010130276079551343,0.8244027065027733
17407c6b,18.242746106112858,15.3,0.027451945305173763,0.06433095348264022,0.12053146580617145,7.854430656472761e-05,3.8637853194112495,3.358964469839589,3.602042604293819,6.890976370226225,0.004924062917561214,0.04098750643263506,0.03644426656532501,0.013614742563124428,0.06150127664626212,0.11787684123853408,0.08500555575735554,0.1128614983366918,0.163727343324467,-0.00022398569038296404,0.00023957429805106426,0.00022004431202608262,3.6093526581303728,0.10185369912072753,0.1525789621601491,2.8035590922627547,0.4869269308835635,0.06847844669327043,0.17527251379796682,0.03810497862815117,3.388665111867701,0.0001018898131801556,0.00011813141383875126,6.890756348999206,0.0030243680536773984,0.0007066630489728365,0.0014174162244342625,0.0032862936752727696,0.00043343249768612656,0.0011736216494217014,0.0002904619195400084,0.0007490575773968157,0.0029578991879677225,0.0012452446295766863,0.0018274915226700545,0.005993010383702257,0.0,0.012799981260464404,0.1015363507787537,0.0,0.0,0.0,0.0,0.0,0.0,0.0,0.0,0.0,21.287561513586457,0.6310523647610273,8.411076897488323,0.8835344299842756,0.7409957342059945,3.1931929399149253,2.4171431054817147,5.082410061155956,3.8075067838989494,0.46968348425649376,0.8966042669084109,10.72111036050482,1,1,0,0,1,0,1,1,0,1,0,2,0.28632253315401957,0.0027339824916296903,2.2061663050035572e-05,0.0075511758807983,2.8377747783834075,0.5777854973421358,0.03761351963679764,6.32522788041789e-05,0.24309659140670828,4.460342045301582,1.1035370544449885,1.0593016797318848,1.4490022303391574e-09,30.146282207196055,8.771173969000382e-06,0.0006380087849513664,0.5936627094768344
8bbf85f6,1000000.0,15.3,-0.01728116246219138,0.046858450143764586,0.037585433457984506,-0.07527520198268535,60.195968470217345,10.297584940779307,9.516016781973843,59.308933028591746,-0.03631483461429764,-0.011341201775316754,-0.004187450996959746,0.0986561964891588,0.011597638179637926,0.030321515762497024,0.09246698902305452,0.01658628032842292,0.003703031022476072,0.022969119629296472,-0.0364332013718555,-0.21236152420549703,41.95622957150474,9.802177849680216,8.43756104903239,3.4080018851531335,3.790874155923868,3.0987088997023062,0.45227697069843187,3.530030107514914,5.533709703760496,1.129161738414679,2.797771161659101,55.382000128517966,0.014024851586191614,0.062211581703732526,0.017235170255873372,0.011253253725006497,0.06326929315772238,0.015616494736937265,0.00035188649655964327,0.016499312502386166,0.009448976276888546,0.12390785820568928,0.03538748524885123,0.03360248130714618,0.05669156152999274,0.11313813242517361,0.09215030852966244,0.04402977094982326,0.0,0.11180520082478006,0.027595158872743556,0.0,0.004991437796501928,0.05864766799969307,0.141762563142516,0.11297413378163748,143.06261209156008,150.03976228901553,41.08408511832162,124.10124265345227,14.705938465612935,23.855468793592852,11.774075337784673,13.107696829039618,156.2565244399642,118.1878051866752,108.90206105213102,83.59183709136843,2,1,2,2,0,1,0,1,2,1,2,1,0.2438891530196536,0.0023549319440143135,3.74507451185044e-05,0.007249549269215893,2.039658903036295,0.5247861347950573,0.4102746886971677,8.432850415405002e-05,0.47577857950190433,4.59228921415019,1.477893081304944,1.2769037512304333,7.194564881067371e-10,29.939799636750195,2.4540160588388198e-05,0.0006929109986386941,0.7197133279377232
a956eead,1000000.0,15.3,0.021083111193770557,0.09435883350012407,0.12382499295554399,0.0007161734348636118,6.650965377149011,0.4568745165317735,3.4852254763434174,6.072393280583328,0.0016335106869375248,0.028890708935916574,0.03272511395845757,0.05675073723165446,0.11258406345809548,0.11374169981062225,0.06451825067781893,0.16464429096663963,0.14231243722217338,-0.00023680963666971067,-0.0002810234296650614,0.0026663533709256073,5.7401551568167,0.8346193970345849,0.07619082329772614,0.011084909617055026,0.33626627001637815,0.10952333689834035,0.04892974819072129,1.7179676151348489,1.7183281130178472,0.00011886633262419549,0.00031162965291896543,6.071962784597785,0.002226961071730255,0.010410486426209757,0.0009706229628051345,0.003309315259105426,0.0026727387568054534,9.45034060197995e-05,0.004082002848389591,0.00015977428797622024,0.00037676482775103734,0.0025901205734318094,0.012396826887455435,0.019222946361430984,0.0,0.07711703438351834,0.07554850540660792,0.0,0.0,0.0,0.0,0.0,0.008542266250226294,0.0,0.0,0.18722049563036863,1.1361894576504994,4.184841615692341,9.29470774835376,39.237474481873974,5.225930919026389,7.582505701638225,5.179989799036665,10.796343826734153,176.58767612096898,1.6158552939829256,0.9621097077991502,17.737660575117335,1,0,0,0,0,2,1,0,2,1,1,1,0.28089318743164043,0.0015618662425066568,2.4804482896893857e-05,0.011535673073413997,2.6811760918702703,0.6712104826683393,0.2351638744386931,6.916259825583376e-05,0.33458140815496307,4.517986806932348,1.0776235018216247,1.2056825813487784,1.325744253872936e-09,29.989748387913103,3.071681161202937e-05,0.0002810412017290214,0.7485063830514366
f916252a,1000000.0,15.3,0.04902306734925746,-0.0015680934438151945,0.05647096096764018,0.22546811186892243,5.1412091452872435,2000007.4287906762,18.419515278912808,275.7836785721319,0.014487755411262843,0.07392800301315519,0.05865344362335433,0.0,0.0,-0.004704280331445584,0.00024289774023797004,0.18101166525278872,-0.011841680090106154,-0.0017259905969349632,0.34935943526833263,0.32877089093536965,0.36987927909605,1.6800390971719525,3.0912907690192406,1000000.0,1000000.0,7.428790676253039,7.020596472181776,2.8688980468597047,8.530020759871327,0.18820865641108592,244.1505516643464,31.444918251374414,0.005932175863100543,0.002057691251260109,0.009355967467158995,0.0,0.0,0.018149813810494807,0.030845802032185652,0.009276339091568754,0.01007011649937698,0.0019902276474196663,0.006249755604440056,0.01034163060945496,0.0,0.09541564860803092,0.1112264137058581,0.0,0.0,0.06987210876799307,0.09879574838590541,0.10224535761213936,0.12430186341397394,0.18224660832358155,0.04648258288472165,0.0691813114152564,1.593012658549346,164.78251251244663,3.1832371936903896,0.0,0.0,121.85993575848384,59.464774855193596,147.14561162081222,123.50597869962252,14.77994807070366,38.478172845502414,69.83461893865312,1,1,2,0,0,2,1,0,1,2,2,1,0.5416264640283899,0.0019032694419973,1.853686713547452e-05,0.006218332622638865,4.713580622692052,0.4772404179862225,0.18230069645833277,0.00012529371875836666,0.9210407216269867,5.004369371277082,1.496711459596422,0.8370718026441153,3.073722432108193e-09,30.29799512958044,1.9319062716719705e-05,0.0025174969638136657,0.5725216237979552
29cf1fce,1000000.0,15.3,0.027626450288889087,0.1097209819075576,0.1408870373807594,0.029033820805309737,0.7689703188588918,1.5428279816866368,12.500019043889163,0.5024200824595427,0.017961863901660338,0.042785929852222924,0.022131557112784,0.08202336575255363,0.09369399845972338,0.15344558151039578,0.07174384569401937,0.1198080250009886,0.23110924144727027,0.001652563887543811,0.01084339127297028,0.07460550725541512,0.04744171397407629,0.06925801934902218,0.6522705855357933,1.3201014644916456,0.050090437910500336,0.17263607928449107,2.0395585298308867e-05,0.11891897303833351,12.38107967526553,0.0054635215128226436,0.25087812522757896,0.2460784357191411,0.0037387314384176337,0.0006893594324090195,0.016059636761753458,0.0037406242497104794,0.0021952861374239852,0.0026611718291146254,0.0004634837776983641,0.00030733562869877034,0.0012771092312793006,0.001259645979954845,0.005696055019633942,0.0009218653246528259,0.0,0.023718455996832286,0.10297268962080351,0.002465704748021121,0.03855058844288038,0.0610195705281881,0.0,0.0,0.0,0.0,0.01568741158733626,0.03670606563560132,0.1390191397828859,106.1059772603965,0.47295645894400157,21.159283045679285,169.86081134842803,179.61770569964338,0.21169769100617522,1.2473971248073046,0.3647172183675595,0.7913672325470432,178.30733602803693,175.71915227431668,2,0,2,0,2,0,2,0,0,2,2,0,0.40750071797634096,0.003643756518714515,1.5433028093929875e-05,0.006746508507227846,1.0639521977687756,0.9274775517980771,0.7900563724787082,0.00017028064381294862,0.7312467896201045,4.663344397744741,1.0632892626746906,1.3548243475091526,2.1896715448444294e-09,30.102693551822444,2.6365128688015375e-05,0.0014064303775162695,0.9846953685105154
af0a84c3,1000000.0,15.3,0.022843532228976463,0.03641031939435211,0.056195442229357954,0.004388347009161418,1000004.6835886425,9.220707419910989,3.6413312400450977,1000000.7853232801,0.0,0.013828142798576462,0.05470245388835293,0.001945756945137388,0.03425561325598892,0.07302958798193003,0.031205463017708233,0.10203267486024814,0.03534818881011747,0.0166558748350541,-0.0034908338075698452,0.0,1000000.0,2.5038775415559766,2.179711101000546,6.156641549490316,1.9674589133502103,1.0966069570704617,1.6730345418315735,0.0720404660028027,1.8962562322107215,0.6381149818030937,0.14720829829934903,1000000.0,0.0,0.00575357404928534,0.0008956279400845568,0.00018754878144661046,0.0005504878874469734,0.07187303338356456,0.004381844378327679,0.0015221777937930578,0.04979790312326664,0.07691309165292833,0.012296331868603738,0.0,0.0,0.0,0.05000167078816595,0.09297477543161205,0.06507721772520877,0.06556886525560171,0.08157915597978255,0.07058868239294663,0.05536802147217478,0.07736302509350504,0.12268525717778102,0.0,0.0,0.0681233717941704,0.3070424421362749,18.1283030433818,1.923875572118212,55.40701882658975,169.33241521582124,69.59837484861575,66.65184626223989,1.5378915749981754,55.73896447249519,0.0,0,2,2,1,1,1,0,0,2,2,1,0,0.3703020631175607,0.0034994408720110505,2.8745768040690837e-05,0.0016702008472353437,2.298972671426185,0.4780787206660867,0.2992201043850719,8.19295612907625e-05,0.6986426851604075,4.358065402424154,0.8573495307503557,1.4939929080618515,1.5076724585454674e-09,29.79511431883892,1.5018236070284361e-05,0.0020136016599721146,0.634218138338732
796cc9fb,1000000.0,15.3,0.04429429251615069,0.030093289365010517,0.06666627654616625,-0.00023798850581419358,35.952889481258566,7.140502980536079,3.4455802933076214,6.712349888010801,-0.0011288954256577933,0.024157363696610583,0.10985440927749929,0.013846329133939893,0.041889185844118236,0.03454435311697342,0.07764227935660105,0.1049312156558694,0.017425334626028285,-0.0002681637164187128,-0.001344168366325633,0.0008983665653017651,7.736428257827346,1.2694761307521703,26.946985092679046,2.7777103855652245,1.5226628158761404,2.840129779094714,0.03561888145923024,0.0006239054074099297,3.4093375064409814,0.00014392520476480384,0.003634135542339146,6.708571827263697,0.00104090744636048,0.0009002058168212596,0.005563174780936818,0.050484766059581236,0.0015543428190418372,0.003697800254837216,0.003323723567485039,0.005483609126826687,0.011701265348723075,0.0003188215140360736,0.004534131480019498,0.009402067026459904,0.15305247643681963,0.07253255687992594,0.06129527090977173,0.0035171695863491985,0.11051338589946637,0.09292648283485003,0.0,0.0,0.1613916796358236,0.0,0.0,0.046648252769711435,179.49629347557365,158.88840626363663,28.3097300156375,146.6471465775284,29.249394424150353,177.60562339371003,7.184555842240475,4.900853173538663,11.74002172283667,0.1571908107116361,12.97259553241797,169.98185690455236,1,2,2,2,1,0,1,1,0,1,1,1,0.20324384002668652,0.0028046330263885003,6.005490780366283e-05,0.01217187507218034,1.2755324716656216,0.39558356591397026,0.6884424539614409,0.0003805799461462662,0.6131728899504402,4.798536100660452,1.3663381541512802,1.1548496321008144,3.072231300845652e-09,29.891367818385298,1.857154784896121e-05,0.0010329439451926597,0.8116206547653839
f2b2965b,1000000.0,15.3,0.02123913898288916,0.023653971831108178,0.004643335988052925,0.01445136429519958,10.505046447264787,9.861529631003783,15.439663339189835,1.4565186292825958,-0.0013456743056692478,0.054474389612313115,0.010588701642023614,0.04818754053144012,0.022689989520773723,8.438544111070071e-05,0.010583978048111297,-0.00911471107809113,0.01246074099413861,-0.00036798795100833134,-0.0015187519065596373,0.0452408327431667,7.878699359244413,0.19921793792207662,2.4271291500982968,0.07334654809303248,2.8099201162471545,6.978262966663596,3.66662776712291,7.916664305593342,3.856371266473583,0.00027226052680881583,0.0444734751983319,1.4117728935574552,0.013116461380054515,0.011440325273651434,0.006921647481185455,0.01511540702898186,0.011497519223794911,0.005547411135268229,0.006279739228931109,0.00280331116692508,0.07006783794462207,0.0011959358821423977,0.01311551476687485,0.0019115826852355317,0.17944551795074576,0.08405533030589428,0.09446415119094623,0.011589653728745895,0.02573821949517114,0.0084268767873173,0.02044036999773564,0.0,0.14279899529251136,0.0,0.03968824376337472,0.07176309929953305,76.46736322639724,125.38824585795248,173.32664413267835,37.40871416916416,179.3817577674931,4.738547357131045,2.3883966935927043,2.2987791956671018,19.526112415489855,0.07004095681891002,3.8902515203448864,1.8188612328867313,2,1,1,0,0,2,2,0,0,1,1,0,0.25865129100211015,0.0026465505887641344,1.6048318161972018e-05,0.007438338751446765,3.5262072830681266,0.5382516188220974,0.47399668614531065,7.793662638799885e-05,0.4542838422691665,4.47214719528858,1.4999072890587373,0.8326887953830169,3.070703538256364e-09,30.127804358080756,3.618298999728874e-05,0.0015519366458371735,0.7570714216647705
812f26b0,26.53725712919338,15.3,0.0071480973351221375,0.05590293269868483,0.10141281322696788,-0.0004446093774055056,13.362300396893385,3.779166349356339,1.8856369201825705,7.046578707555988,0.0005493068469053733,0.0026619744421502952,0.018233010716310744,0.01991946560683548,0.03862527217310282,0.10916406031611618,0.09534757748237986,0.14681976312425518,0.06207109907426862,-0.00028595273623068483,-0.0006209160905336171,-0.0004269593054522149,6.578527788439477,5.69183604768888,1.0919365607650295,2.0001701073808693,1.6128444810068374,0.1661517609686321,0.550026274284843,0.8588691607805717,0.47674148511715586,0.0001646247599963655,0.0007924069754214473,7.045621675820571,0.005194530568647826,0.00048632109383101984,0.006880395997409798,0.0012408132012545568,0.0029336942689435867,0.0006873627602575812,0.0010372206049567927,0.005568903657316912,0.0005757248016283346,0.0010425091274105331,0.0046188085535498625,0.00017764214451362979,0.0,0.041967735043751606,0.08319374368713907,0.0,0.0,0.0,0.0,0.0,0.0,0.0,0.0,0.0,1.444952619773166,178.59851159271042,163.6044325704073,3.3758188830129945,12.508651194768678,5.836939021133804,5.553031560703647,11.589950827258457,13.100463769217496,8.897512335467663,1.6664657772488851,20.91198653291299,0,1,1,0,2,0,0,0,0,2,0,1,0.28137270065319053,0.0014039161292807984,2.4902963462375436e-05,0.012636931139289327,6.716335567617295,0.8386816920044746,0.6290600206042412,9.414502713847745e-05,0.06146141006245093,4.633267561137426,1.05403579438377,0.8336450386108344,1.4141034820035314e-09,30.34688946795062,1.754894450857144e-05,0.00042928699672546944,0.9400976841539207
50ec0c9e,1000000.0,15.3,0.008699841675617152,0.006818061885507226,0.0002150930594504971,0.1561327473121091,20.343208074522757,14.940378703387196,20.47488077466827,109.18137487072401,-0.009573139031044831,-0.0008303075208761112,0.0365029715787724,0.016118488602693118,0.0033828274925808794,0.0009528695612476781,-0.0018132539369432876,0.0002805988156073228,0.002177934299687456,-0.0016458360726753596,0.21757610581539405,0.2524679721936086,12.967728760921158,7.283348169338597,0.09213114426299931,2.4872271122078704,5.746936218085607,6.706215373093719,7.28558349862546,7.032872266785546,6.156425009257265,0.07900622845239451,94.7297094342624,14.372659208009212,0.0012761206328036198,0.0021050568524748447,0.014828359177816339,0.003401101635972024,0.015213904289467155,0.012363618100016389,0.005263417215463388,0.02119647531460536,0.011485794765809378,0.03522297081971802,0.005038228708698007,0.010955740416990892,0.0,0.10626230908179489,0.0390630079600037,0.018905080698133712,0.10990921153230211,0.0861945265139761,0.02910131719831017,0.15204387709104414,0.08581784859364434,0.07234801802278891,0.05096040693080268,0.0657271767061782,1.6090790848510768,25.8342588419488,169.41266636753102,166.54168312486124,142.31226028014757,172.1501328700174,5.3659031380178215,165.8326234403392,170.77295363028782,133.4142483968801,152.8325520266755,43.78654462208761,2,2,0,0,0,0,2,2,2,2,0,1,0.14841692428107395,0.002354531435883549,3.242140238981378e-05,0.007888856644849545,8.6466857953987,0.7780738433438693,0.573576971888111,0.00010317959540942708,0.0924290672996732,4.527443112883054,1.0667642689682957,0.9964721898938682,2.366086757722106e-09,30.29193123757938,1.5024653533429766e-05,0.001745203867252942,0.9053082185642705
3126fbb5,637.8993188227985,15.3,0.08491701257482537,0.10078429520636385,0.12680840779785815,0.35573018445047944,40.24446064954141,0.3735491241171618,20.409137396088,573.6572618328759,0.05852952748458393,0.11263196973633621,0.08358954050355595,0.05739407608595388,0.10312961322610247,0.14182919630703522,0.062232953899756055,0.05385581695779126,0.2643364525360271,0.13315295294481727,0.4822853569667207,0.45175224343990034,18.84094333354217,9.680864874999443,11.722652440999795,0.04619325859732145,0.21262664256209862,0.11472922295774172,0.1816631372334839,1.2428882912006658,18.98458596765385,35.53165098997519,465.26059175446,72.86501908844069,5.28214270120236e-05,3.698108724500826e-05,0.008608798274071069,0.008727616760645507,0.005641247476460102,0.0038857166997551956,0.005723759089090653,0.04379017020830982,0.014512945177931016,0.027346596220761302,0.0015809626910920568,0.010996331961124471,0.0,0.14194441712072953,0.08890530606993365,0.028752600771529125,0.09466827445259123,0.0952509500072536,0.09605490937774784,0.08340641198252856,0.09621676159979874,0.07148539780089391,0.062258165982548415,0.05096263983839512,1.4119024265910582,13.695647477656067,179.1294213165333,107.26874617608193,173.75285810758115,175.5326522411833,131.0338527504619,77.67865074564187,97.88481697982432,23.79070345492467,18.178928502736106,19.41426931634924,2,0,2,1,1,0,0,0,1,0,0,1,0.785418451553114,0.001714965084159959,3.252623935554265e-05,0.005831326756366523,4.648513371476133,0.8313283060651087,0.5032041786179395,6.400476841113174e-05,0.4382955797915054,4.762337732488905,1.3296367909542273,1.1524600933671527,1.4724756278000723e-09,30.447688623303037,1.1316063573721372e-05,0.001980199248377381,0.9161542868498503
666d5e30,189.3366857458525,16.9,0.023230489319237425,0.08075342085875399,0.045893350875877016,0.21633148708761651,6.940401604742953,7.108825400859074,14.574523293375098,158.1702603453104,0.0007340688605959545,0.03701422340998188,0.03194317568713443,0.0005694708570311843,0.10752033651565317,0.13417045520357765,-0.0001469226214439135,0.003560851944761823,0.13426612330431315,0.04498992025325218,0.2356935915351185,0.36831094947447884,6.449633338432954,0.3798482415399869,0.11092002477001234,6.88050514789582,0.21483836602684914,0.01348188693640513,7.095935229483473,6.186855293669446,1.2917327702221797,4.112271740600207,111.17477241120284,42.88321619350734,0.004194819376882266,0.003506037537897436,0.025111677902492274,0.008147264547813282,0.001176569597528087,0.0016861882283292192,0.00402949257711444,0.0007708094444465132,0.003949504363779101,0.007657672295581635,0.011192169974889345,0.005599297051112733,0.0,0.1433954340197551,0.10418213433462077,0.17476847879948368,0.009424190344755565,0.013352934437753063,0.07537802012277484,0.003067626183902774,0.0657583955684056,0.0640272518672393,0.07170896508751733,0.05953577326104452,0.0010734749711821382,1.7718404127490504,177.64947380133333,13.433468692674518,22.504697991024766,30.11528433912249,162.6510011166881,165.3073005441959,167.57335413067213,169.5691965789144,33.2613314125674,127.37682618075884,0,0,1,0,1,1,0,2,1,2,1,1,0.3106410690822965,0.0015023210310595586,3.3479851713398304e-05,0.013071115129547157,2.1402867358043114,0.6337592103279128,0.296484227884054,0.00012967076223158484,0.08023524669763757,4.573014844491456,1.0281435608794403,1.06610320104598,1.6410200335227092e-09,30.243690401221585,1.8056325153401916e-05,0.0018118310803048536,0.7423141796506993
c0ad916e,1000000.0,16.9,0.04155192380570046,0.0896295188457847,0.12087220509566397,0.11454197134871963,11.07387682840524,0.13229915025645783,2.6537767062763415,38.610983115226645,0.004158124951451126,0.04849277075998296,0.07200487570566728,0.048705207037646726,0.08987820398675463,0.13030514551295277,0.072855215009337,0.16912997917705175,0.12063142110060317,0.06552307969032126,0.11701751974631137,0.16108531460952624,4.051098327121233,0.07127785936711231,6.951500641916896,0.05139014010919017,0.06740492187088665,0.013504088276381021,0.0015367706066692851,1.9806163277113642,0.6716236079583081,8.58654794799291,27.386202180648187,2.638232986585545,0.00023879648842248626,0.0023196998820822832,0.005513831901071737,0.0008215398590598283,0.0003750790518687807,0.0007755625247987906,0.0003194396975461291,0.0002873387925855439,0.0012459978541079283,6.151854875967091e-05,0.0015249562111631673,0.0015916548274841269,0.0,0.06809295740817208,0.043951352044331794,0.0,0.06726172015521402,0.010639904685586688,0.0,0.0,0.08222981093825478,0.0,0.0,0.06543711593400064,0.24866509635490813,1.175838419283592,176.65250811166814,0.5320809201340079,178.03627450494886,166.8458831277372,0.3597014455475439,0.24486504130307069,175.47426290640075,0.2266175748678497,2.383721971278872,173.82954780171497,2,2,0,0,2,0,1,0,0,1,0,0,0.3704720016614596,0.00209472228199689,4.102143059339153e-05,0.006753800916723781,8.210222869347366,0.6631195359398359,0.12416130331782321,0.00016007682959065154,0.30909482797702137,4.653336790939705,0.8550065238231233,1.1780999642011651,3.1346649093644364e-09,30.310710019519686,3.263871599369675e-05,0.00116363239609376,0.7049346372895272
8cb332f1,1000000.0,16.9,-0.00393174979833346,-0.0013994422770367092,-0.0009212395981327906,-0.0016588008830993835,1000017.6761445522,1000014.3652994243,21.321712721480722,1000007.1848012923,-0.002873783745317797,-0.008921465649682584,0.0,0.0,-0.0012506880943737842,-0.0029476387367363436,-0.0007728502615197757,-0.0006595189708368363,-0.0013313495620417598,0.0,-0.0034843570665305064,-0.001492045582767644,8.548559955810013,9.127584596354087,1000000.0,1000000.0,7.141987015713737,7.223312408576227,7.108524321169959,7.063825201791506,7.149363198519257,1000000.0,0.024299438198844635,7.160501854072325,0.0042995338196627885,0.0019012906135934754,0.0,0.0,0.03332335667521844,0.008828120047793703,0.0013373629038254727,0.00926704707043055,0.0026456133206729125,0.0,0.004236728063316389,0.013040328535036845,0.00015599876390743383,0.06355888373514675,0.0,0.0,0.0,0.0,0.0,0.0,0.0,0.0,0.0,0.0,8.028930348981978,29.803974846068527,0.0,0.0,175.6265374050405,8.711766888945103,2.859330301614268,2.2893235113598616,9.53845384327004,0.0,2.4743770455794896,1.4043821154446703,2,2,0,0,2,1,2,2,2,0,2,2,0.10738922069419402,0.007563203077109581,4.630095871254881e-05,0.003498512996689409,4.797332718356858,0.8457510572535436,0.2685960577630605,0.00012880043485106847,0.55593520811735,4.38375543023404,1.3449037466000915,0.9034957136488795,8.130381437898015e-10,29.898349849102345,2.9148953675344197e-05,0.0012849954474051406,0.8871548555835855
57397677,1000000.0,16.9,-0.001171037797730237,-0.0003387825756370973,0.00040964820748472475,-0.0008804289077683571,1000015.0780247882,21.012463373801534,20.223746116890542,1000007.1439676158,0.0,-0.001947351481173182,-0.0015657619120175285,-0.0007828655818181847,0.0005215739261236142,-0.0007550560712167216,0.0008493031601241043,-0.0006069374618360106,0.0009865789241660804,0.0,-0.0013334373191742927,-0.0013078494041307786,1000000.0,7.537477264934056,7.540547523250227,7.145488171530873,6.810204483505223,7.056770718765439,6.612005501659451,7.058716411729459,6.553024203501631,1000000.0,0.0035640485303856688,7.140403567255625,0.0,0.015325784959202926,0.005903864803963606,0.0022089636647260155,0.017879651178583363,0.007229683348391047,0.007146145680706504,0.008581778775764924,0.004673734615271617,0.0,0.0028175099027722295,0.001401052878551305,0.0,0.11706523362803561,0.05628447995120468,0.0,0.03995732878280114,0.0,0.0,0.0,0.0,0.0,0.0,0.0,0.0,155.86001453601435,169.30569052048222,2.3636127855405786,175.46334144744586,0.9875151398140961,11.12387441789045,0.8994720387302964,13.958667286369536,0.0,0.37177147615266665,2.0409262571135893,0,1,1,2,2,2,0,0,1,0,2,1,0.14335196290418004,0.0016775756306453174,2.2680011321812736e-05,0.006162932378158579,1.8702567068939746,0.5255990653635959,0.22030546469136586,0.00011791518600562425,0.30736223714479655,4.380296242852079,1.197181234005611,0.790386787936067,1.27374379480968e-09,30.357709489450283,1.0050771326409858e-05,0.0006994091559175784,0.6300901531722181
5086693f,18.70527740256639,16.9,0.022247332729144805,0.07093417895870117,0.07155056825172099,-0.0007648008523753043,4.939047905445218,5.178529384604013,1.2746773542004168,7.044992179653228,0.00350693887614318,0.03636925559208487,0.026865803719206358,0.0043674265194447335,0.08513915248033181,0.12329595787632698,0.03699037247400563,0.08868806448104816,0.08897326780010917,-0.001614314985477268,-0.0003125145484873473,-0.0003675730231612974,4.440499239285912,0.2706020980096841,0.2279465681496219,5.137959765612422,0.011357617685705038,0.02921200130588637,1.1682647962656272,0.1059830877842659,0.00042947015052368953,0.005220582377852836,0.00032357908113428153,7.039448018194241,0.0034224982940486213,0.0010876004411733927,0.004804720006594398,0.013226617981103247,8.76183921688211e-05,0.0007931578156642528,0.0030594723281418463,0.0022684680735824627,0.0023840573325430194,0.0029251723333666535,0.01132468079469706,0.013577485633432553,0.0,0.0035788185109954895,0.05055560890275084,0.12035083223463602,0.0,0.0,0.0,0.0,0.0,0.0,0.0,0.0,4.0786425420070795,4.952995768141871,5.657685927494965,177.6901221580746,2.957470253467345,2.7759667303941624,7.554150349932884,3.5135788484526382,18.240998923919086,3.037180987093175,0.8773644164042018,5.895729373403652,0,1,0,1,1,0,1,0,2,1,2,2,0.3235313784926703,0.0038829096530296004,1.705109550865699e-05,0.005987975395121292,3.7301338293769346,0.8884355764941707,0.5441270393072124,5.8004616025545986e-05,0.591905682810533,4.25526811610676,1.0691751354127041,1.1265052982622046,7.85265813422123e-10,30.451120089482686,1.0596918749509967e-05,0.0009711967865728368,0.9490863832444829
351e0025,28.11497020405204,16.9,0.017240449300718833,0.06538835533305111,0.13504665621420617,0.00351698579972401,8.94801124222859,1.3585437617365206,12.945992355099976,3.9356229905450975,-0.0004087523882286654,0.021212212804512,0.030917887485873173,0.04215902621302635,0.058731097687821296,0.0952749420983057,0.06356050688251627,0.10767362601260817,0.233905835747494,-0.0005910779153692086,0.000543989961698548,0.010598045352842691,7.272179537097277,1.6021380702312198,0.07369363490009298,0.36017874870794503,0.5884404684543714,0.40992454457420413,0.06304079491086216,0.006964218397777261,12.875987341791337,0.0007265443525535698,0.000918016296621828,3.933978429895922,0.03592598485729361,0.0036800350058866288,0.02128611710936539,0.028614752137638998,0.0038783405509654357,0.0003712665297919847,0.001720182168846543,0.0009947145736598282,0.001472347365240462,0.005272394947189684,0.01806007031448805,0.002308568756017912,0.06337612660684462,0.0811490600278663,0.051510107296615246,0.11258864229848019,0.0,0.0,0.0,0.0,0.0,0.0,0.0,0.0,178.13347050625333,8.366624051969477,30.1017530197928,136.33007245155844,8.47161745166392,15.54250786267783,14.689968302314945,1.2571592621253664,20.122672250323713,176.01968825190872,5.138635610517534,3.798586078600675,2,2,2,2,0,1,1,2,1,0,1,1,0.3717722061832097,0.0012651073907899713,2.8286090025447214e-05,0.006465349085789444,2.816407450332117,0.7173500620380983,0.8152280896967254,0.00017071033048195156,0.5511749842792555,4.4531258125744735,1.2035499015494504,1.1642622157195364,1.1378390989694895e-09,30.574772015846158,1.1677626045618438e-05,0.0011910354104521733,0.9476927082067077
0d73910a,12.396137711982716,16.9,0.01567385610005048,0.06039618435593234,0.09475134058112149,0.01882559846180604,5.279341769704955,5.6542000136543,0.12382277410655138,1.134457045757286,0.0074371032823408135,0.02074495300256206,0.01883951201524857,0.004203581307109865,0.06928858059130057,0.10769639116938659,0.06960265331567476,0.11438294665076218,0.10026842177692753,0.0007070405502608165,0.00356102614026577,0.05220872869489153,2.6829668623405216,1.5814457075945032,1.0149291997699308,5.084647838580772,0.25303961344526515,0.3165125616282623,0.0038910364455523394,0.05198306797039812,0.06794866969060091,0.0009998132247786156,0.025362541277095592,1.1080946912554117,0.0044902512450876505,0.0029263052381138686,0.0212776452711968,0.02018771409249652,0.0021727810694939596,0.0028850603785579108,0.0003595964303888706,0.002963861497816051,0.000433846138321771,2.33527809700616e-05,0.000852604118769674,0.0023309491708586793,0.0,0.005489187124692037,0.08640206666356247,0.0,0.0,0.12970789396720003,0.0,0.0,0.0,0.0,0.0,0.12505485139161354,1.632962534961841,3.6354138131468243,175.13792953667803,177.08689399214902,2.594785225977726,6.571835342965972,2.2096220449281714,3.034019060439363,23.125718154075983,0.04771965474485322,1.8860181244950114,178.58920712185355,2,0,2,0,2,2,1,1,2,1,0,1,0.3312851588599355,0.003123883614192289,2.224721980319292e-05,0.004621464284624286,4.264751596457398,0.5625552215898784,0.4733500308499789,4.0321563908321225e-05,0.3522617992870581,4.543133836384307,1.0550552901527066,1.2062325046075082,1.7538217482447167e-09,30.356293827700377,1.4578965989308068e-05,0.0014694560419444961,0.7695723859423866
8339ef8c,88.60950538517346,16.9,0.08779980797453789,0.0979706530627119,0.16256755625520122,0.10144313400438824,42.77753104112093,0.1536095393579226,15.136970913095263,29.33822839440469,0.03260929837825382,0.11693867960123257,0.11385144594412727,0.05230617002238128,0.09593757698828517,0.14566821217746923,0.09227156366830257,0.15919192290626577,0.2362391821910353,0.07560073377808926,0.0917866481419024,0.13694202009317308,2.0394346981891185,10.882644733710974,29.855451609220836,0.006106927370913606,0.10596311599100058,0.041539495996008396,0.4167644044386982,1.4238722783093565,13.296334230347208,11.430941929315726,16.849578196971503,1.0577082681174617,0.0036266274379410045,0.0002933351940522488,0.0018381691059957044,0.0015430136778385316,0.0025872600705107544,0.00013903866943367035,2.318527736533361e-05,0.0030588850281619935,0.00029102599180930167,0.00018369723321333224,0.0008016986399749944,0.0012269828667989216,0.0,0.044653827067467136,0.09670186044566322,0.0,0.07921844175652526,0.0,0.0,0.0,0.0,0.0,0.0,0.0,15.206581917835647,0.4602907275365268,3.3702467807712155,19.45152998741968,177.8478859231733,16.90467341392383,0.34443462020548693,6.68160884685193,1.995429397458361,0.22127688642703425,0.2866015967754544,2.785393054984103,1,0,0,2,1,1,1,0,2,0,1,0,0.5486178936184848,0.003408513134129141,4.6127229507711956e-05,0.0037250881341156982,3.519480099803828,0.5604259496003053,0.3965935251650431,9.764762061771272e-05,0.31219185373625247,4.44457789222299,1.2946123659930793,1.220822596713914,2.3199642255447688e-09,30.42251494315022,1.3099906490623988e-05,0.0002547154550286719,0.73471851246688
c1896ded,1000000.0,16.9,0.02231812283322358,0.011364239410883034,0.042981037033630244,-0.0005433259157752443,17.355196964892247,12.380704756458002,10.95678491695535,1000000.0036430636,0.0007654796263387566,0.001565481115902517,0.06462340775742946,0.01858484710610031,0.013749927463044468,0.0017579436635043277,0.012042775944404204,-0.00032161466378778674,0.11722194982027433,-0.00031910234935506477,-0.001310875397970668,0.0,6.423424847347119,6.341570707905778,4.5902014096393495,2.2757706157395585,3.669410068474095,6.435524072244347,3.459506489514846,7.031033634519259,0.4662447929212451,0.00020366279644499753,0.0034394007875623188,1000000.0,0.006249493864592377,0.0017480481257972826,0.005693503318026638,0.07577415056773967,0.0044210395851426955,0.013185305334118018,0.00321237688242184,0.0012498914293173277,4.730104977459116e-06,0.000100884672542051,0.0016162207623976663,0.0,0.0,0.10047192241461868,0.0551372002238596,0.11108648487780587,0.0891379599062931,0.09882821883169113,0.0,0.0,0.0,0.0,0.0,0.0,0.0627083805868803,29.371287158569974,178.84590569365267,7.116592387104186,0.10183376372752195,6.1471416719088845,2.0317673955841515,1.4253062808311843,3.6170935821255084,1.151176422030375,3.0788060816699914,0.0,1,1,0,2,2,0,0,2,2,2,2,0,0.13252344414958184,0.002072852555214991,4.2234310650471854e-05,0.0044402114638161455,7.509873469596445,0.6170802814741997,0.2576968130069412,0.00014329670394995454,0.31510017513910593,4.443841490158829,1.2211784709998776,1.3637635458878108,1.0740839457561185e-09,30.07089396645107,1.6686597847232202e-05,0.00018792106086624324,0.7157317028945127
eac79bc9,1000000.0,16.9,0.006233397845161768,0.005648581583952,0.08590621815257443,-0.0014648954143234028,14.642369185201531,18.10195848393347,0.4182979653708587,1000007.3325236924,-0.002654706814763055,0.004248890768573033,0.017106009581675324,-0.006049345153711811,0.025146686872515655,-0.002151596966947844,0.0819400962555632,0.09364911479868639,0.08212944340347371,0.0,-0.001359984146675125,-0.0030347020962950837,8.4230045575145,4.958120818550721,1.2612438091363107,8.289354947068343,2.630446095955608,7.182157440909516,0.10427810387971442,0.20518391955124685,0.1088359419398974,1000000.0,0.0037231363742228777,7.328800556002694,0.00030699249722303604,0.00028166062932358054,0.00238532682348694,0.008219271983382776,0.0023973189764443345,0.023629482148671124,2.557821982729488e-05,0.002688349498969919,0.0014088749607015063,0.0,0.004901287158241412,0.006164163664777597,0.0,0.0045414009604034244,0.09381663953068847,0.1108863757892902,0.04766864693043693,0.01913201511022111,0.0,0.15735960375087787,0.0723525912810917,0.0,0.0,0.0,2.4527176096139067,4.30517365437907,152.04431106754635,147.22388822950057,165.1287854724824,39.53848443752923,8.01149332252771,0.026786371987250254,179.9754740112207,0.0,2.0509159205623053,14.696384923087345,2,2,1,0,0,0,1,1,1,0,1,2,0.1463911460214688,0.0021163747962020135,5.2401521176285e-05,0.012084991624376611,2.8011193614571934,0.6625714924141282,0.35519834974522235,0.00011414489613807441,0.48624256668735993,4.515698202674177,1.2373983772104087,1.159122724441459,1.687051767175604e-09,30.044140007617404,1.5563378817740458e-05,0.00028562688980668616,0.7823900216306485
481293ec,107.46551424004181,16.9,0.014191538752834132,0.04454629298425503,0.09981975968146799,0.14492543779273806,10.826916441650415,7.675130441773594,5.958165101615065,82.11186808018225,0.00292324853773291,0.03748932357114647,0.0021620441496230185,0.058070640159783284,0.0014645694996651825,0.07410366929331666,0.015234968086483868,0.13699623084701334,0.14722808011090674,0.06085088936650086,0.18645842360580608,0.18746700040590722,4.7929460707443665,0.299868512362995,5.7341018585430525,0.09771468499258504,6.532133383058792,1.0452823737222174,3.204006554053877,0.5613189194624075,2.1928396280987803,7.4701520016566585,69.59203142488525,5.049684653640342,0.030360753496160048,0.04570776970146339,0.01614307861117458,0.08160538870159917,0.010900517372462013,0.059204907211926755,0.0577595042894496,0.026081707535205126,0.027896023996708125,0.022529571899317702,0.0010051098090760719,0.0069925994271603726,0.025021521793167203,0.08267672824088151,0.03595811869850146,0.06555543063091818,0.1401520510522416,0.05202442746220635,0.10208496546633136,0.04924793628693644,0.14719039191795227,0.06398294665843739,0.058542947515094604,0.06380476610868234,87.04398651764404,80.0800031407498,113.98204523489706,54.37950475079342,41.89675712255374,172.59002106941503,3.4444367584401134,115.15047269494778,21.95570662518816,77.2435611534819,11.000586373217327,157.04899309623372,1,2,2,1,0,2,1,0,0,2,1,1,0.387335311937153,0.003899231108721054,4.29394471957498e-05,0.022868385897145366,2.1173647829357884,0.9416502926512593,0.4550295887906741,0.00017996516136934438,0.4687695693771464,4.238502450920877,1.255541052461536,1.432846227804027,1.2043478570408388e-09,29.903188833816166,2.026184925005065e-05,0.0019228884283674012,0.9681556330333339
104a0af2,1000000.0,16.9,-0.0006196261423704743,0.00247576036061641,0.0390272790983456,-0.0006237681892589459,22.154116469683505,18.48447623456384,12.204479343633832,7.034570557234936,-0.0024716136464769094,0.000124826573720455,0.00048790864564503164,-0.0020769428673248435,0.008172634341408531,0.0013315896077655427,0.004992681186083958,0.11265247832372877,-0.0005633222147759071,-0.0002668115939829794,-0.0013144631314734331,-0.0002900298423204251,8.388252859895207,7.012240399432347,6.753623210355951,7.49878538788062,4.4277083624205815,6.557982484262639,5.009902148975644,0.03636694382287678,7.15821025083531,0.00014267193639752772,0.003459905640296896,7.030967979658241,0.03607733235305141,0.002289074669630099,0.005517338372426007,0.0032996677435904002,0.024793382831720678,0.00853490831766959,0.0005076004740474443,0.0003843728437238138,0.007791670455951031,0.0005432154545401347,0.002068572524957376,0.0003891331771506,0.0678040782479148,0.07272149025383932,0.07111426660269811,0.10823260506219415,0.12250017275178472,0.0747064489388589,0.0,0.0,0.09522202441757872,0.0,0.0,0.0,50.29538148157906,6.597864749895798,175.64378618240778,178.2087332850083,0.0329685875950927,178.15108267902363,0.02603425202008654,0.9241881743029197,10.437619506444948,0.06666049039110117,0.39683359682815605,1.1060823360702656,2,1,2,2,0,0,1,1,1,1,0,2,0.13539297133740738,0.007416405206293409,2.334487001228268e-05,0.007104689734669346,2.3784909422706404,0.8694681211486639,0.011059550786753872,0.00016270215671305825,0.5299967346394974,4.251712840394556,0.8627307254441726,1.4962037347542696,2.1263679477072044e-09,30.205063836074746,4.6185854363865224e-05,0.0009315747701236759,0.8709106391370319
2640ed64,21.25010054493389,16.9,0.02262018658208347,0.0944498915444837,0.12918206711576716,0.02275124002347168,3.0919286401563397,0.2958748933670804,7.514845541001904,9.782978285532227,0.010465079668013794,0.020976436671250848,0.03641904340698578,0.06652050892474276,0.0933082043300456,0.12352096137866274,0.06140772105552971,0.12922797682575796,0.19691050346601383,0.05429572750746948,-2.6280121380020654e-05,0.013984272684325583,1.2759019137954988,1.696637872054433,0.1193888543064075,0.25838035445816665,0.009556519658857086,0.027938019250056696,0.10131836629472295,0.30005469117143774,7.113472483535744,5.96814611415467,0.00040139624903421127,3.814430775128524,0.004282716619878737,0.0003469387988677059,0.00491633792521444,0.004278042301443267,0.001051694111265931,0.0008309053927067159,0.0006141286197301677,0.00102135313271317,0.0018258194043560033,0.011005272221228365,0.02000037398337126,0.07449825900628375,0.0,0.14804551214214234,0.06909109598385549,0.0,0.0,0.0,0.0,0.0,0.0,0.07197294700725233,0.0,0.18860814135471266,1.1069166183289076,13.073011742435009,21.378196247029074,2.810244224955828,0.4170794074710405,19.63066385697297,3.4027906021140906,2.798285308666893,0.4742847084070539,28.264926998422276,8.349128208380652,21.653772600667427,1,1,1,2,1,2,1,0,2,1,2,1,0.3360964985875714,0.0024234507868978595,1.984139752235162e-05,0.009398692612581971,3.7499803065166684,0.5934242615362743,0.21468822994808168,7.237276593109155e-05,0.2578894258620495,4.874826128352936,0.9785247488154457,1.3513113228521574,6.767900295476077e-10,30.53429386248826,2.790562095863176e-05,0.0005844316669633582,0.680689818343891
fdd41b4e,19.15743838914173,16.9,0.027374208315026016,0.09420856713313482,0.1315340992035233,0.070615632084248,3.953619396341892,0.1554510256694597,5.918560756729164,8.726712254785419,0.005787058812288797,0.036287365956691874,0.04004820017609738,0.050030129635288446,0.08506467818031345,0.14753089358380253,0.07515428891033099,0.13614649481509364,0.18330151388514526,0.05839747854215904,0.002635986692979584,0.15081343101760536,3.2864840586021113,0.35874825188198,0.3083870858578007,0.02959650065013642,0.011759796723585595,0.11409472829573768,0.012321297661045609,0.4855453737074684,5.42069408536065,6.820531190521318,0.013913999261467084,1.892267065002634,0.00041093227235245865,0.002772000778872756,0.00653641497498145,0.0012742490553192519,0.0012973723406484112,0.00010103929470485176,0.00044680661351839495,0.00028287865810578815,0.0018779045154596712,0.0004362997430899377,0.00414096248910775,0.004636637001589027,0.0,0.0877025965715957,0.0880219576946112,0.0,0.0,0.05886432496584284,0.0,0.0,0.0,0.0,0.0,0.04502531141877757,6.007450656987036,1.4598939815033602,179.82883117214888,2.4198158538480006,0.2628820931061042,177.8536923947926,0.3713151704552633,0.7585412697633777,2.5752110490328253,0.3713184870778413,0.6248117090270842,171.06759871708493,0,2,0,2,1,1,2,1,2,2,2,1,0.3770486925041538,0.0015590296679685927,2.725109559528497e-05,0.008284742747121154,3.5305935767611056,0.5194895722259074,0.1690666251573598,8.634015692537468e-05,0.32989811915670514,4.466948942565822,0.8753896267872252,1.110750907976082,2.4697199568429836e-09,30.227657905150036,1.870312792146742e-05,0.0005718343252856534,0.6007109419400768
57bc52e7,1000000.0,16.9,0.0006171007822943865,-0.00018000777278398997,0.0009219859475761683,-0.0009269875266240432,19.859621506149697,21.001131326271274,19.790765344578638,7.086395689986766,-0.0003576200711334351,0.00013777680422810795,0.0020711456137884865,-0.00042316272694793906,-0.0004139026682172441,0.0002970420768132132,0.00034165124421952297,0.0003118228153092559,0.002112483783199726,-0.00062424939807275,-0.0013940570326092217,-0.0007626561491901577,7.1813237003921655,6.926426905344238,5.7518709004132935,7.07838244567427,7.046407082122334,6.8763417984746695,6.8392167593006885,6.863694797209472,6.087853788068478,0.0008017526120375964,0.003955399325555068,7.081638538049173,0.0006027226267172571,0.007826007453039723,0.004713781830918215,0.0018335656895416465,0.0014387584170498465,0.001602996571235413,0.0003499506065397294,0.007214994997840361,0.009350892725512145,0.004730538029570727,0.008283073416348005,0.001172163253173493,0.0,0.0,0.0,0.0,0.0,0.0,0.0,0.0,0.0,0.0,0.0,0.0,1.8054637708862595,15.464104206017407,9.521167692418045,1.1249987446990186,13.642330181172184,8.802515119829508,1.1452698663990688,0.4199559527016504,1.4891292242469036,0.029207876606760188,0.9664508234334219,5.3705288526762205,2,2,2,0,1,1,2,0,1,2,2,0,0.21754756481437562,0.006301072401238944,1.104316807546303e-05,0.005841579787348747,2.2169789522750625,0.6173589734266615,0.44354335055173844,7.752609889246711e-05,0.23451846793401193,4.575178585960424,0.8855698499462337,0.8887547679119412,4.704169775454183e-10,30.22280984701484,2.4977165619199942e-05,0.0010745732390277968,0.7870325020765017
3637464a,30.6099698712042,16.9,0.005350585789375394,0.03035709866872588,0.09201679427248893,0.00041977241688600543,14.53207784169439,8.233797165577492,0.8607569551128762,6.5328094613891885,-0.0014408549422083548,0.004951417239744045,0.012541195070590493,0.05351990266018806,0.035667752006181025,0.0018836413398085662,0.08266840511285276,0.12982376367706952,0.06355821402754454,-0.0002641347165735393,0.00012238916998874377,0.0014010627972428117,7.750288740451548,4.766156410056128,2.0156326911867133,0.0007968408608913015,1.806208056659017,6.426792268057583,0.11948518593282198,0.31429116541648777,0.4269806037635665,0.00013980398193362542,0.00018456918256183754,6.532485088224693,0.005364373818166551,0.013101659618069868,0.024210382127724826,0.003096643948854703,0.0034047749483378173,0.01157579138907247,5.601349638149005e-05,0.003472550137489771,0.001992442751880932,0.0005193119822010222,0.012434265748357251,0.02898183625843415,0.0,0.07142708497574086,0.08614639193370872,0.0,0.0,0.15081644724904741,0.0,0.0,0.0,0.0,0.0,0.1373336272652709,7.809626336519354,176.9783396800923,3.315877588349453,16.28614982756673,2.610361922351766,4.428986212574615,10.96028219259467,7.7272013441978995,0.09884691716380639,3.7458962179698254,1.9775775273274627,170.62067264213687,2,0,1,2,0,2,0,0,1,0,1,1,0.2228174524807534,0.0035362235402873338,1.7073031242955025e-05,0.013438233380819195,2.1939408301689363,0.5529035112611037,0.5209262707116383,4.705348859039523e-05,0.2160887033113731,4.575728323628065,1.202881205601999,1.276426410618935,1.4298910528954943e-09,29.601530242075892,1.7343229188015493e-05,0.0010707623698353493,0.7857557251610539
b44a7593,186.70687284974238,18.4,0.092286405319828,0.14829381628851304,0.18981377196519233,0.17606169975471667,57.58886981428992,7.686349084767988,23.632680746957508,96.92286281374132,0.06249303940822134,0.10344438025383022,0.11092179629743246,0.10605154563971296,0.14894957246511048,0.18988033076071564,0.10260479465120256,0.20853431038646209,0.2583022108579124,0.10757107695926403,0.1739179721020224,0.2466960502028636,22.905570917450564,7.044667858812047,27.638631038027313,4.576093406379379,2.2184652809861354,0.8917903974024737,0.9375675037950489,5.090415822198653,17.604697420963806,23.143073346776198,60.4949220411313,13.284867425833822,0.0005243210412766574,0.0018651929408418759,0.0007742499998749855,0.0006141944600198961,0.0013822016495314594,0.0004052335978061724,0.001368817644455531,0.0003032297380322692,0.0010488137618893817,0.000387845840685471,3.117096202220524e-05,0.0033393890085118595,0.0,0.0,0.0,0.0,0.0,0.0,0.0,0.0,0.0,0.0,0.0,0.0,2.239936891988577,1.0176944142909585,5.206166820513281,1.6866077426508201,3.386220805349094,3.5038830495973157,1.4773929308501845,0.8760406809771317,5.190144037849608,1.31785864779714,0.9532603692934437,1.0961186960839986,0,1,2,2,0,1,0,2,0,1,1,0,1.129552418859965,0.002508705136713085,1.819771780123718e-05,0.005647902029600871,2.247166949797008,0.6037322845928287,0.6813350941911123,9.293030975093026e-05,0.16513110322515795,4.810356346547109,0.6073963872499258,1.345507360287569,1.3383543012318497e-09,30.12612777543795,1.0375333638969274e-05,0.0004401858109080498,0.8736552522852515
404b254e,50.333345230421244,18.4,0.05086181283080483,0.10997613472782412,0.13041677474917965,0.01896529783285489,35.023638541579295,1.6212444596116695,11.227229197552324,0.7615618344960562,0.005036331144875604,0.032650160575701505,0.11489894677183737,0.08116845336039274,0.08470198393084516,0.16405796689223445,0.06212394313074237,0.10530246711416182,0.22382391400263477,-0.0008530292906096731,-0.0007055233979079328,0.05845444618708228,3.8924849379808686,0.5501885149183063,30.580965088680117,1.2787052793693745,0.08056588714522613,0.26197329309706885,0.08869812806509426,0.0011796124982173385,11.137351456989013,0.0028934160498390454,0.047059489057994654,0.7116089293882225,0.0041422149953641955,0.01663243333772207,0.009449630806403564,0.03819258252798012,0.0032047231595269234,0.000618599834391447,0.005418537239329656,0.011490744304921993,5.0160240993527916e-05,0.037922264022114516,0.03582041455008461,0.040606438745031004,0.08279935638336546,0.07027402244800825,0.04506609362100812,0.0393524517703068,0.06674783359537291,0.0,0.0010899097770469856,0.0,0.0,0.0,0.04478086042946363,0.0,136.03957861720983,1.8404577263593103,147.13666983855927,168.844653487793,18.608579989553547,6.58350574542804,57.466441198557845,5.7163939490290305,0.5372545827174745,132.06508741363726,158.02174718016747,27.881828698691155,2,0,0,1,0,1,0,0,0,2,0,0,0.36472464644205826,0.0013022333820502379,1.7772094105511078e-05,0.007778804894371955,5.664431887955278,0.9824882490211255,0.4550543062292877,0.00010295373952543442,0.40103262601847967,4.2759359938327455,1.4547620589539418,1.1239840743611158,1.5792993449189398e-09,30.31003104632637,7.237986151454416e-06,0.0008322981745261755,0.9904115412830544
2c53c52e,1000000.0,18.4,0.00011195558184318947,-0.0011948909581911285,0.056339951608467165,-0.00028407975620931323,1000013.0052394884,21.30440239424489,15.857098226506501,7.031684583426126,0.0,-0.002624411927463259,0.0029602786729928275,-0.0027416471771240752,0.0013022495084303997,-0.0021452752058797103,-0.00016140751412741297,0.1688984965031793,0.00028276583634960386,-0.0002687502005396279,-0.0002896805901600361,-0.00029380847792827573,1000000.0,7.57023813696807,5.435001351567627,7.518632838825744,6.623620036771543,7.162149518647604,7.022568358133818,1.9666055251549817,6.867924343217703,0.0001444746023483676,0.00016794812074057583,7.031372160703038,0.0,0.001259648851679663,0.012234473956589624,0.0004727093006955186,0.009600520793752855,0.012790863324061914,2.466732288304986e-06,0.0004307962219560711,0.0011844340799524017,0.00014581415633330082,0.0003441396658949485,0.000489037073896628,0.0,0.0,0.08198768062247244,0.0,0.18489623331339783,0.0,0.0,0.0,0.0,0.0,0.0,0.0,0.0,0.04725312543127158,178.11484555971074,1.2862975314155645,3.5146540935409036,3.5235866115444376,1.3398859394047662,0.10127124755921395,0.31696099684010043,0.078296452541543,0.06447662920073774,0.47411001930855223,0,2,2,0,2,0,2,0,2,2,2,0,0.15820253882122287,0.0040726133603114275,2.8507775709116207e-05,0.004097102467783059,1.9146904443668888,0.7224230662933535,0.6212282718621058,6.123398442397741e-05,0.3319247317076497,4.276734529836195,0.7621913434592488,0.8904460927511606,1.0733635846830224e-09,30.1082159729437,1.0782573643937105e-05,0.001023001880046207,0.8947995823015296
23ce3ee1,1.1010867494245538,18.4,0.028838949935965936,0.09745460513072396,0.0893893362802672,0.03769981080546949,0.5669180504140701,0.26196750101418526,0.012031668272089945,0.22293325197612837,0.02074225566837108,0.033191312658578165,0.032583281480948564,0.06565014872358176,0.08427793390188348,0.14243573276670662,0.07417684886349145,0.10177155702305099,0.09221960295425921,-0.00018818999224405727,-0.0003062778638888992,0.11359390027254143,0.00895701474117484,0.5033739872344596,0.05458704843843566,0.2231483922985382,0.01641698142055151,0.022402127295095543,0.006476433109790579,0.0019195793084792077,0.003635655853820159,7.95853561701317e-05,0.00019673198656277227,0.22265693463339548,0.00048811830512979833,0.0011755525845134399,0.009245666048085157,0.00019715916970342127,0.002020248775576012,0.0010517023336241867,0.0004574095786139764,0.0031877553053600593,0.002380104256729312,0.0029587851913403613,0.003019888532061759,0.0021649918981598575,0.0,0.05851508013951035,0.05328307581412777,0.0,0.0,0.0,0.0,0.0,0.0,0.0,0.0,0.0,0.5011870600841128,6.3662543023690725,4.779610196505833,2.865559835627603,2.056953144963769,1.796335369669058,2.6427512971705727,1.749551574661525,11.432638294378801,3.9227460117912427,6.065089683598954,12.010739440835266,2,1,1,0,2,1,0,0,2,1,0,1,0.31521244160237094,0.0018543119443535285,2.6456780676659953e-05,0.00975766386787384,3.8406536290331372,0.5135335684983187,0.5188522316885849,0.00010403972362367269,0.017290178515665798,4.623076510957278,0.8223967736393973,1.179977225914838,8.624212194654156e-10,30.19475496653675,1.365896955869546e-05,0.0006461962724020801,0.7658858769013792
6ca6a15f,1000000.0,18.4,-0.0006172188637724206,-0.0013327208413359529,-0.0014170078744241462,0.03563757348074429,1000014.6577826053,1000014.5315535221,21.492926139128755,0.7669942266051178,0.0,-0.0010188114580038784,-0.0008328451333133835,0.0,-0.0011053026384485322,-0.002892859885559326,-0.001346614751813626,-0.0015075253114938635,-0.0013968835599649496,-0.003993431777552425,0.016299212368242312,0.09460693985154298,1000000.0,7.319944193706878,7.337838411596721,1000000.0,7.154699605242819,7.376853916938469,7.189860036329708,7.146290496754842,7.156775606044205,0.10939722239528148,0.6034228363851587,0.05417416782467765,0.0,0.008188732600336309,0.022445499904225577,0.0,0.030376586046258394,0.023559847366709647,0.00409218112718911,0.0014844885441024675,0.003282772882168005,0.0003088141660033759,0.015632854044508968,0.02720928383343028,0.0,0.10216387653036497,0.08255426574587146,0.0,0.02937693778115984,0.157257419801573,0.0,0.0,0.0,0.07750213230516131,0.07184980260945566,0.05306378441615849,0.0,173.295258463452,179.4514166625316,0.0,171.18142593299717,173.86022219221576,1.5576987555318105,0.18144824835851803,5.810452738020001,0.27560270016690613,2.7506301137729507,44.07716991440244,0,1,2,0,0,1,0,2,0,2,1,2,0.09280143760859254,0.0036683759953374927,3.11549384022387e-05,0.004684966360329538,2.8211751079123952,0.8269833857993036,0.1821998463987336,7.015216403834208e-05,0.513519975485073,4.5553571397878105,0.9947834564213285,1.1601917234535724,9.94198081694662e-10,30.203636595746083,1.2368463963017185e-05,0.0016413378052751075,0.8584887663464595
5c756909,37.28710430473209,18.4,0.049312344896614686,0.09406189711075874,0.16560138950639494,0.06592499301671288,8.731918566140319,0.07278295175033835,22.28999759368033,5.410388918469707,0.03845661356780524,0.0459188848226133,0.06356153629942553,0.06070710212168781,0.08954523478892984,0.13193335442165854,0.09119486511045877,0.12908185823307938,0.2765274451756467,0.01534563373134435,0.04347969799138917,0.1389496473274051,4.347723907202983,0.004270456270877743,4.379924202666459,0.07206870735582602,1.3596896743261092e-05,0.0007006474977690615,0.3744799907681962,0.29661517472415455,21.61890242818798,0.47097696068115014,3.780972307666291,1.1584396501222662,0.0025667361778234613,0.0027446261282783836,0.0010961924929462144,9.651827177689561e-05,0.0006333086063571062,0.0034750663522359216,0.0002956104591144864,0.00024076439828992944,5.880354635158383e-05,0.00010699534166893636,0.002008188603843125,0.000982100086507999,0.0,0.0,0.14527201335394216,0.0,0.0,0.0,0.0,0.0,0.0,0.0,0.0,0.0,0.39529992363790134,1.9090709712859117,1.7826619179729573,1.661202128090464,4.987551251634372,0.8287411257911461,0.4552869468033052,0.1843947881024313,2.488425766150234,0.4178648412394986,4.618728925225478,3.666394327059952,2,1,2,0,2,1,2,1,1,2,1,2,0.5086642772211329,0.004970987639022171,1.6850975982604694e-05,0.004132653317170036,4.541251428082768,0.6168206076452201,0.8972510048836193,4.999026472109162e-05,0.34002135730737165,4.367318187937449,1.0269276895281438,1.1742362243116449,1.7029797885793944e-09,30.121875971910512,1.641466529823958e-05,0.0009094161255768624,0.9605389773857527
c2dd2edf,1000000.0,18.4,0.005670153303252314,0.08010823284053366,0.021189013012701315,0.02727723780018018,1000067.5725350749,6.604517009158816,8.946031284823832,3.5888948567319416,0.06951769440694222,0.0,-0.05250723449718528,0.001109039792172917,0.09016016451140277,0.1490554942180253,0.015404390216080293,0.0312585729469102,0.016904075875113445,-0.016705400821400245,0.03394294090059548,0.0645941733213453,31.980514374410323,1000000.0,35.59202070045908,6.536258304961868,0.0003734954056137217,0.06788520879133439,3.2091259292837186,2.44204448004553,3.2948608754945843,0.6610850153369422,2.4393960778888437,0.48841376350615545,0.14749140602225794,0.0,0.022743331914428337,0.04266893689687898,0.003463216553801029,9.491150079742397e-05,0.017445515593948968,0.005848451457604639,0.010029224989952484,0.08524439134370264,0.022586945243992684,0.06066241736976426,0.02731403628644902,0.0,0.14621452346734112,0.07319939756286425,0.0,0.0,0.12883562876326746,0.0,0.0,0.09567757587410396,0.1346394338307544,0.0,131.3066663545969,0.0,4.736876785596966,84.3166912785963,7.823599001315742,1.083372565418472,154.4231622393898,15.02670031986155,10.6047602874198,72.92124432600791,63.25200997953128,28.31467602841022,1,0,2,1,0,0,1,2,0,2,2,0,0.5419835913359395,0.002404169095492516,1.6683633527296347e-05,0.007735061003541877,3.8806194574480237,0.5935771032630238,0.0334707713258095,6.424367274419201e-05,0.5264081969482208,4.263699026566689,1.3561352277290146,1.4006820150481614,6.264140400752168e-10,30.484248307362375,1.812173258617709e-05,0.0010907113937553147,0.6071770440241476
1f4221d6,75.29624564001112,18.4,0.07083767768420997,0.09851652942956661,0.14376425053577643,0.09053137356791556,18.211089633057064,0.1711533237502766,7.766227419044842,48.60389907684985,0.040630853387965765,0.10709752504022922,0.06478465462443496,0.06366288731087719,0.09403136744666948,0.13785533353115317,0.10072496145799797,0.1396204160520333,0.19094737409729806,0.07024500869635007,0.13817509995677185,0.06317401205062476,5.426230402294131,8.121866576258505,4.662992654504428,0.152411928129987,0.013419455809480431,0.005321939810809158,0.8273225900538694,0.5954395173607029,6.34346531163027,9.868722614236024,38.184717125020406,0.5504593375934144,0.0004784327095624138,0.0006604592010593302,0.001570459801050416,0.0002578144917563214,0.0008143071567427132,0.0004906770294194173,0.0006242278127119145,0.0012308326800228103,0.00044232000897103025,0.0003474700446997834,0.000793027510030279,0.003041942013519436,0.0,0.13062673671856162,0.08144502761185175,0.0,0.0,0.0,0.0,0.0,0.0,0.0,0.0,0.01742881116375792,2.3384880524414764,3.7632233796748134,30.75283150597079,8.971018840976512,7.515362617993387,1.1845205062484456,0.02129912178590561,7.902192112991323,5.9008333810361275,0.6589570107541406,2.294481322290845,5.507423306905167,1,1,2,0,0,0,2,2,0,1,1,1,0.4937040736223356,0.0026223281299517826,1.4291413998440494e-05,0.008130137642339786,2.671615913468221,0.5648167316909264,0.46535157302414426,5.9089997154741376e-05,0.31043015046235634,4.750941558047879,1.1037588766553228,1.0945014787918563,2.2889530280777337e-09,30.657163921923026,1.3354397647999677e-05,0.0013091627794736757,0.7672834149950396
d4c6424b,9.960468208700275,18.4,0.04212008622322627,0.1074096605697112,0.07817597381363144,-4.059738362403266e-05,1.3132980136286734,0.5534326561953398,0.7599769272226323,7.028932337893462,0.019090238227921098,0.05962463658808989,0.04764538385366784,0.06760551874654692,0.09160083300071502,0.16302262996187164,0.04411091847148367,0.09765436644314547,0.09276263652626512,0.00048351434022248917,-0.0003431636901550092,-0.00026214280093957794,0.008282054576283024,0.3394691533399981,0.9655468057123922,0.30587463066483744,0.0030309159404899146,0.24452710959001245,0.7369976932921622,0.01752886989652034,0.005450364033949776,0.00047260439324052256,0.0003290842389229748,7.028130649261298,0.0017449528251910385,0.0018439267837009007,0.004458476945568363,0.0018344444364054055,0.0008549433638835262,0.0023073053402228147,0.0017035738275554264,0.0013521115557336106,0.0028582006546034574,0.002243247386924715,0.009672724664817483,0.012025133465667692,0.0,0.0,0.0,0.0,0.0,0.0,0.0,0.0,0.0,0.0,0.0,0.0,2.7464392432890943,4.703920609426538,14.588020999203263,7.609869400665085,1.0579990003025295,12.573654587612381,3.493788342344843,4.143729450140574,0.43731043649237694,0.3134004499826974,10.372541330237176,6.196739312792744,2,0,2,0,1,2,0,2,2,1,0,1,0.3692899283969962,0.0030574121072091008,2.6867348587220872e-05,0.006551945984132064,4.764048922829905,0.5963207529409531,0.4190376891175236,0.00010359209929012059,0.5159517942943552,4.761972806783097,0.9518910356749388,1.0335978368687366,5.788665374927227e-10,30.636360529774322,2.900791410320656e-05,0.000334919433702728,0.7654356680043662
e4a353e0,1000000.0,18.4,0.023479731527426006,0.006111896127638673,0.0069667899999680365,-0.0005704943650187574,17.476169925632387,15.76178099361087,15.858117366942526,7.024391883204579,0.0016993576624201863,0.001620705943439598,0.06711913097641822,0.019450221984971656,0.0014074031667219438,-0.0025219367687775787,0.01859818196159557,0.0010152413701882592,0.0012869466681202835,-0.00021963889259827814,-0.001295688510907085,-0.00019615569155090903,5.842535340637702,6.265483690503709,5.3681508944909755,2.1041561760276686,6.437160904077338,7.2204639135058635,2.7398511577104987,6.573736870842891,6.544529338389136,9.658994966382142e-05,0.0033594823294929637,7.0209358109254225,0.008833193767367083,0.005934743192984712,0.0009842580469545557,0.07641187386070775,0.0034779617352452942,0.01407506211320866,0.0030526966597742345,0.010490325441670325,0.011440286804745499,0.00032781607682586173,0.0013656115478881616,0.0013507225942160635,0.047423941930160814,0.11311613517095466,0.08661145678877168,0.043016084697997975,0.05949592795216933,0.029572352070927406,0.0,0.0,0.10202970036074215,0.0,0.0,0.0,179.0823002439508,179.86183839540257,13.030138083990366,131.42349485838315,177.82517911967747,4.64962084080453,5.4420238389356355,15.862601647864652,179.6997761219538,0.17057136794415242,0.6927499632765436,1.5428304586884924,2,2,0,2,1,2,2,1,1,1,0,2,0.1315109469411592,0.005924918300772319,2.890131580860235e-05,0.006772136465247293,3.3894645383827036,0.6064075967620883,0.4666255008919518,4.306675486688755e-05,0.615149827505178,4.63402622006526,1.1870335153583549,1.4288025558537492,1.5962263143375865e-09,30.241260902747428,1.0815664140682191e-05,0.0004303473905930525,0.7900211865201567
1a919dd6,190.59664735210475,18.4,0.024882838478958683,0.16824523177308226,0.19659580651063258,0.18793256538976644,8.255345797914988,16.12307985965377,41.41745887525752,121.93704528859782,-0.0007421107257230071,0.03477854844390005,0.040612077718699006,0.019608298634434994,0.1458255486057061,0.3393018480791057,0.03797767085304042,0.2338674332611415,0.3179423154177158,0.037098563195933465,0.2142820785459523,0.3124170544274135,7.379878128543169,0.5075405672078633,0.36792710216395536,2.1521814153809147,2.0388017600937713,11.932096684179085,1.1709221362741289,7.907497391243133,32.33903934774026,2.827217427678269,91.89612869865697,27.213699162262582,0.0021681651734954763,0.0012468281092023316,0.005272586393530842,0.004837910119428582,0.007223154808073952,0.007219692929959618,0.0040280761900583625,0.003515489105010812,0.0076472386810789465,0.003230663652663659,0.0005444531698173298,0.011147712482677746,0.0,0.15714467601547222,0.11036554613567776,0.11551328266690375,0.04694582888090503,0.04959406356555364,0.06835271997787051,0.05671172318173536,0.06674754264827223,0.07460020808529394,0.0625100302804094,0.05340985780934222,2.4392964037804923,19.000038357725266,17.211912901808567,150.45582355236544,80.79112038131794,16.022725636765106,67.40324258537578,112.55399453505714,39.27818240634611,6.277029977348982,11.568355882408241,91.02937713338105,2,1,0,1,0,1,0,0,0,0,0,0,0.26176208067320506,0.005219772155040594,2.358837811336155e-05,0.01793833708309346,7.571970362580283,0.5607731245645331,0.6083323706894068,5.822607002366002e-05,0.5994586145706116,4.664246498185052,1.168373276261537,1.316979643128058,2.153379672798578e-09,30.197961629834364,2.845020689164611e-05,0.002448797330875522,0.8279082177316226
b984025a,33.745780827775164,18.4,0.02843086911690054,0.10074161780869773,0.1580133804674524,0.058994736332787734,2.957307449279435,2.7723961520401055,18.81178733187021,8.313765000582377,0.03171489245340176,0.031894431364547796,0.021683283532752052,0.030469699974207582,0.06671735874086206,0.20503779471102357,0.06548815034871289,0.14923576686635498,0.2593162241872893,0.0120787455385597,0.0631912396174303,0.1017142238423732,1.7625004812476996,0.5400702342051706,0.6547367338265647,0.958472636419986,0.37817387701704974,1.4357496386030695,0.03643991395603779,0.958013253456319,17.817334164457854,0.2918874703511215,7.986265873094353,0.03561165713690336,0.004871301849401044,0.006978940218909791,0.012628981218841973,0.0020092142652362904,0.004766150989151372,0.0006961059130227377,0.0027180683835642894,0.0010449530714669942,0.010820031297648625,0.00976128990297008,0.0005867873280370715,0.004160972529365446,0.0,0.00962192688931666,0.059742333825908434,0.0,0.056279889701161497,0.0,0.0,0.0,0.0,0.0,0.0,0.0,27.628786549358175,4.081712363193521,3.563655405408091,34.18709495306393,169.56025341211156,8.269851005864552,8.875747434479837,7.374593031438132,16.14588207355229,9.201339426883496,24.818988270394655,17.383398087462403,0,1,1,1,1,0,2,2,0,2,0,1,0.8171220985106487,0.0036556317254152616,2.471104607322669e-05,0.012757759367236304,5.287264610082976,0.961437707766555,0.23444018439683842,9.451597017355514e-05,0.36149241197087645,4.486195536688,0.9218643140442184,1.4487635681058466,1.0132106749279613e-09,30.579855441295773,1.9745631321918352e-05,0.00015278449076326235,0.970454814650089
3c4ff890,1000000.0,18.4,0.007361250053052828,0.023012754840184144,0.06391727321761975,0.0010409567310266923,1000007.5395703075,8.327979208964948,2.7502924802649473,5.897449030065435,0.0,0.00047774786626096974,0.021606002292897514,0.016781379543582643,0.029034768337011622,0.023222116639958167,0.020200097304803093,0.08698147020478783,0.08457025214326834,0.0007508813249382076,-0.00023055066559429007,0.0026025395337361595,1000000.0,6.8434056283509985,0.6961646791574716,2.4332679878438164,2.37768921607758,3.5170220050435512,2.57672791270852,0.13126622053442846,0.04229834702199898,0.0011276458815930313,0.000106324443475018,5.896215059740367,0.0,0.0034013058387498676,0.003770179324785899,0.011988284929464632,0.000633979075487274,0.006232242594301136,0.0002264105787538372,0.0007010160320460688,0.00279294045653252,1.8796571891370727e-05,0.00013124276390598562,0.0023544702394119334,0.0,0.11040185318153463,0.09323527021526207,0.049998431697245535,0.09803599963133917,0.10517725911338885,0.0,0.0,0.02533238245570629,0.0,0.0,0.0,0.0,179.69774955720925,172.858551530297,42.82799048027701,1.2269122000724078,18.66307190142946,0.6080794651666024,1.6936656086751767,1.8320639378044214,0.20769399309813869,0.14686583920642765,0.414458553274567,0,0,0,0,2,0,2,0,0,1,2,1,0.1852567442881474,0.0025866546589683004,2.0128030422095257e-05,0.004904076730466136,5.399033467839347,0.6269084433729444,0.34826629588011504,4.367949576595978e-05,0.30372203970404554,4.837512988821548,0.9919519213380582,1.413342296551502,2.3311138185321307e-09,30.29503832319344,2.046423830723814e-05,0.000769202250376742,0.7568088311940072
89a7edd0,11.829202147472865,18.4,0.05055127631699941,0.1013702973730189,0.12874393014855254,0.009379572869665896,5.240808205289197,0.3550156493166121,3.3553922281776742,2.5530375615345813,0.03474046954356357,0.06360551007337131,0.05330784933406335,0.05814451950975111,0.11231456926915029,0.1336518033401553,0.08196665905853356,0.16740391846188873,0.13686121292523531,0.0008283136546868625,0.0005105225952693423,0.026799882359041485,2.7807335116972616,0.5963178378147115,1.863756855777224,0.026508291375201005,0.32849766537268965,9.692568721443235e-06,0.10481638498780903,1.8773434519260832,1.3732323912637823,0.0013722648278706568,0.0005681607022707182,2.55109713600444,0.0012274069091475408,0.00044410116504025893,0.01226359931303538,0.005074513918672804,0.003245329921310251,0.0017965369247230694,0.00135312375360438,0.001727767203724655,0.0012260814278914401,0.00024043042495433802,0.006847923897768498,0.008232222691629472,0.0,0.002139731706215617,0.0,0.0,0.0,0.0,0.0,0.0,0.0,0.0,0.0,0.0,1.4530768450412197,178.4386539227656,1.9534193775371758,0.21184639839867783,0.7298167494034363,1.3661338111170238,4.185050279274267,7.339803882423381,8.903939582911715,4.026255143367128,13.448590724254792,3.5715245539019778,2,0,2,2,0,1,1,1,0,2,2,1,0.47754362155419044,0.002270664920808779,2.2677002572873636e-05,0.00873725322111811,2.8721551937425613,0.4825973957568401,0.26568760937411556,9.664735821078002e-05,0.5441948786419186,4.225184463976689,1.2415140188277072,1.0919662506915802,1.1839721998222268e-09,30.210150218590325,6.7156686779058235e-06,0.0007560037741953797,0.6200382880012094
df328580,17.51122342447275,18.4,0.034237126667879474,0.07813906439397657,0.0907843161206387,0.002136526237757634,8.910238372175819,2.7850928764193617,0.22956665816408178,5.111449294213291,0.00047272202004472734,0.07651257273635811,0.02572608524723557,0.014538777499091157,0.08097249750828121,0.13890591817455736,0.08352828072940341,0.10913687426137385,0.07968779337113885,0.00023493800338448932,0.0006946174711404184,0.005480023238747995,6.636055503273633,1.945424307459438,0.32875856144274695,2.677343526735809,0.09955062246332344,0.008198727220228855,0.13877130198839976,0.013217862672570775,0.07757749350311124,0.00011041725828816989,0.0009721477795319822,5.110366729175471,0.0007452948133775039,0.0013128149321532609,0.012031293013266196,0.001709660957647815,0.0008809805763294102,2.3270065744621538e-05,4.925375176063201e-06,0.0006042455934605598,0.010441888153074754,0.0001597730252241614,0.0026759889956729124,0.0072408014715277585,0.0,0.03826167529443026,0.08046611645175418,0.0,0.055118165176085414,0.0,0.0,0.0,0.014065548966048658,0.0,0.0,0.15737773027623003,2.0893067042567672,0.6399588022125096,82.01997525802588,2.1433082646768415,151.12040732616956,2.7816418924172224,0.4513399563573856,0.7048034035659189,168.12363805690705,0.034358765981229326,2.9479975394075626,176.16775884155876,0,0,0,0,0,0,0,2,2,0,2,2,0.26259371175492263,0.0028582571769256043,2.1694105155403566e-05,0.00609610413263809,4.972231833388832,0.791825626796037,0.6906523018876916,4.547555868473558e-05,0.5522163985236245,4.777589939727063,0.8985763153186352,1.2495505399593925,2.2813170340549696e-09,30.261012812479294,2.1213128318804636e-05,0.0011552786409522481,0.9355326716131926
72b684ef,1000000.0,18.4,0.0032191296996940608,0.04618011376667166,0.09483739488841707,-0.00023573209865926392,17.035344819353536,8.291057153547296,0.20043508432958484,7.025034214056603,-0.0017041247634715885,0.0005396338145518439,0.010821880048001926,0.01594534587709525,0.11715473386220165,0.005440261560718054,0.06979345010837033,0.1073506877827105,0.10736804677417036,-0.00022367023164337717,-0.000251491881183958,-0.00023203418315045663,7.89301208878686,6.789356045854637,2.3529766847120386,2.531740389704595,0.487560314930342,5.27175644891236,0.0031831386076088724,0.005852828579698808,0.19139911714227717,0.00010036415935089579,0.00014056557345724162,7.0247932843237955,0.0013135703889313225,0.017338316085887713,0.007780333467281965,0.005545300261980995,3.303920047361092e-05,0.005010431639959314,0.000292465399719185,0.0014934647999803573,0.005773480885480728,0.0005544495505379851,0.0037508986728982054,0.005056513649861792,0.0,0.07232513445574595,0.08790109742882132,0.04090313810527858,0.005646804085912035,0.0685136117002555,0.0,0.0,0.0,0.0,0.0,0.0,4.205407836385634,1.0589481367104714,176.2043212293559,176.75401462261433,177.9476282799475,169.83851490716114,2.9793301926179256,2.7696868826852077,0.16577818388242302,0.6922124958415832,4.488930926607011,2.0721818309336935,1,1,0,1,0,1,1,2,0,0,1,2,0.20223287595957504,0.004229838671089061,1.0189176811339572e-05,0.008532606636515254,1.8922235580933449,0.44375940350599563,0.6055625088811982,5.1360394886562654e-05,0.05016995843367255,4.627520323585711,0.9983579303646245,1.2903704988500442,1.6100637255976139e-09,30.592635698070872,1.456251339433169e-05,0.00039625328638464804,0.7805372984095911
ade65291,13.12406274400665,19.9,0.04910435150677756,0.0835638614674905,0.0959627035234842,-0.0004022607009636879,5.843603561972438,0.20700135752246754,1.061932073792739,5.555539248783277,0.036979993811738616,0.05749797556155693,0.052835085147037136,0.04623440991778407,0.0897339690826654,0.114723205402022,0.06579416106459919,0.14748666705736052,0.07460728244849289,-0.0034552369480273164,-0.0014303267778437447,0.0036787816229799973,3.683321776126926,0.2324212193861342,1.9278605664593782,0.10799888287530995,7.49096244850444e-05,0.09892756502267254,0.03288623529381286,0.8857319247860483,0.1433139137128777,0.023880216259891993,0.004092395793357666,5.527566636730027,0.0018212312049295104,0.0002520647117848913,7.22704893728783e-05,0.0017220556913864792,0.0022656997983412515,0.0039046186099711087,0.0032584037973045067,0.007713670083505918,0.014067368302817945,0.0017004487248223335,0.0008522972039897471,0.014276193517411793,0.0,0.0,0.15043252680436758,0.0,0.0,0.0,0.0,0.0,0.0,0.0,0.0,0.0,2.722257822734093,12.757683035852045,10.89331509422968,1.335393872667269,8.925245505299387,15.84441111106135,15.785021913012777,3.0755597907672687,13.97856741215469,11.75088136283274,27.489339672953573,11.4996857962073,1,0,2,2,1,1,0,0,2,1,1,2,0.5400640779669197,0.0038521095058889187,6.571416964601155e-05,0.009880536532149419,3.4434957644418893,0.6066971508709975,0.6657620277922127,7.41920057189194e-05,0.6455858033477853,4.2704408424053275,0.9900732141011134,0.8615732478358731,6.188987254628894e-10,30.10090204938002,1.7695240874978332e-05,0.001003594218322455,0.8684766770407977
bd09a166,476.4754289827251,19.9,0.0670599603589463,0.08846402056486287,0.12738157827467064,0.34779774015478454,17.284046909771497,1.4331552316840597,34.57180187374976,417.61322584250445,0.044595209766071474,0.08770108337213257,0.06888358793863487,0.03040502455640486,0.07642108678602352,0.15856595035216023,0.04716452053712248,0.022630498031574367,0.3123497162553151,0.1095428797031796,0.3636185486706189,0.5702317920905552,7.699974592731847,3.740426049602928,5.843646267436724,1.1271345010620584,0.10545591546979077,0.20056481515221067,0.655292474311456,3.145559913493139,30.770949485945167,24.060493024164696,264.5058342843049,129.04689853403485,0.00017053161995890726,0.0007136167378157821,0.005358451808820738,0.00228074179367249,0.008523897161789643,0.001973297372394126,0.006368907899424094,0.0068204395533078225,0.004247397533151233,0.0019783853437109616,0.0007539376033700501,0.015480843678825903,0.0,0.09260264380958337,0.0,0.16342909033349037,0.0,0.0242919689409304,0.07289975258490992,0.08805145285159871,0.06152511491041763,0.06120412282557358,0.0689358412286302,0.05376211705513741,0.4420141327516548,171.3165820651789,12.589463079112871,5.60588904457058,2.236081680186478,173.486404351433,166.87270497983585,153.0107030011895,34.986681584478966,2.3855416629023534,76.83721299891158,3.2777888982850656,1,2,1,2,0,0,1,2,0,2,2,1,0.5585603684622915,0.002694602148003594,1.8721571647465383e-05,0.007857720631946116,5.343904173991575,0.8567997447805309,0.4095497840142327,8.618527865625916e-05,0.4613617073636213,4.523353199804002,0.8914821201666174,1.4371160100899847,1.258055109354488e-09,30.066202797864033,1.6141756843255185e-05,0.0022522830514605007,0.915406423398046
41f800b7,19.5627178755713,19.9,0.035235684531594876,0.09035382946946191,0.14092432613643618,0.05666291254425721,0.496128572607687,0.16561165974395609,15.346766299350236,2.989458653119902,0.025333763931341947,0.04788106416781746,0.03249222549562521,0.05129532650924074,0.08175713967062476,0.13800902222852024,0.06784694120922112,0.10791099227839186,0.24701504492169557,0.00043329881132368227,0.029989595053446644,0.13956584376800132,0.3727911071889331,0.07078383181088645,0.052553633607867446,0.12336110176569538,0.036545869205113726,0.00570468877314698,0.013743874030604623,0.007843398771872387,15.325179026547758,0.0004260189672545246,1.7987529891233733,1.1902796450292743,0.00036944115983940894,0.0012456761872554683,0.0007491425280817651,0.0014030581478499046,0.0016276274205311212,0.0008857404964003243,0.002480512006049972,0.0008026787766680344,0.000781780687306728,0.007107970699538141,0.0011688387187502494,0.002178626293626974,0.0,0.07002771639491383,0.05086729986402753,0.10899874851753145,0.0,0.0,0.0,0.0,0.0,0.0,0.0,0.0,7.650947804350814,0.3704709500273598,153.93703906655955,40.86380124350028,2.5123698133113654,18.258557857073978,10.075063601941384,2.368257923476425,2.6719436314018,5.391233769083081,3.8027260265572447,0.5251046338861599,1,0,1,0,1,0,0,0,1,2,2,1,0.42122162868184115,0.0017555568967226997,1.631140923192783e-05,0.006833325225574234,5.332432075409435,0.7907857641421012,0.7301638671173813,0.00015261975296684306,0.31809533356262365,4.244851206356406,1.0311538633302304,1.3705700723363199,1.100323731762853e-09,30.3792502624396,9.455256861074594e-06,0.00045610702845271444,0.9434734232654007
6646c627,15.263889402091607,19.9,0.051086428739471314,0.11832132311962594,0.09593624470887564,-0.003977907887967059,7.59854269040635,1.1893160721806106,0.3454252378146478,5.700587192496981,0.034700982911168826,0.05317825013066589,0.06538005317657923,0.07034603029787917,0.1055713479692924,0.17904659109170623,0.06869482161879308,0.1060776778222548,0.11303623468557908,-0.0013799338888045819,-0.023625409585697928,0.01307161981060133,2.7659544933517686,0.07722385871781369,4.755364338336768,0.44371585209569947,0.1636029808852833,0.5819972391996278,0.008242722020051167,0.0024092545527460703,0.3347732612418506,0.07832644064649096,1.2063911157354132,4.415869636115077,0.0006420149668662712,0.0011664132327948204,0.0037682462553028065,0.0014248333718036648,0.001196637405569672,0.0015073861848601093,0.0033198493227605836,0.0013379457810526914,0.0012177236153944901,0.0032017004783152277,0.02644013913110359,0.029690494728049834,0.0,0.0,0.0,0.0,0.0,0.0,0.0,0.0,0.0,0.07450775468559544,0.08937207859416609,0.07187124609578337,13.411315331460274,0.5219700488240746,13.608157853504933,4.894866211553928,0.13648510405278655,5.403059720177415,1.0544123481334493,5.969714144103456,6.55033791474532,2.4522356299212533,8.952929455178609,137.44629174136472,1,2,2,2,2,0,1,0,1,0,2,0,0.5002446975216107,0.0018076815186719832,2.207691199424408e-05,0.008642412570025935,4.469600094148704,0.17634547252554478,0.495783036702995,0.00018856228430026695,0.4743926575514955,4.702550022525082,0.8289934465400666,0.7787483251047506,7.774689538313758e-10,30.321764873294754,2.0728354415224076e-05,0.0016017621432666876,0.5846498370473303
a682bc33,1000000.0,19.9,0.0374101541870766,0.08632354618002207,0.014794245900294429,0.21355627521462164,0.39797191920936903,0.16290073266218813,12.260178367944464,371.1543252986431,0.024317099459183273,0.051597380832853944,0.036315982269192595,0.04592940274779354,0.09186354958327374,0.12117768620899894,0.0021463610512102286,0.02120927809477065,0.021027098554902406,0.013794243023732194,0.42667515462884414,0.20019942799128865,0.24634320336149326,0.041272006999803365,0.11035670884807236,0.11647033074905254,0.0038184136991232095,0.04261198821401237,6.161914247734024,3.165493171120313,2.9327709490901266,0.46463115326311655,364.1485368758954,6.541157269484558,0.001161012401827713,0.00013105723058833875,0.009690160012910932,0.00675407506097116,0.004649184122221272,0.003703293271146781,0.0072113144815970824,0.005093401753427397,0.013281014165962522,0.017933504818181803,0.008179439884948556,0.027883415012956287,0.0,0.0,0.0630628846930386,0.0,0.0,0.0,0.0,0.0,0.0,0.08374726147248417,0.04509481756245559,0.10694483659653747,3.6624469780417366,11.908429848191574,167.97457459464954,19.63600380760196,13.105079346003178,17.220676612948957,19.808211873130713,7.089146438969656,40.01125971413586,17.27093095250376,132.99573656010136,51.883426479806595,0,1,0,0,0,0,0,2,1,2,2,0,0.4223471886258006,0.001979393915820764,1.2321945170845495e-05,0.013648730588559546,4.608592546478078,0.5513090292267684,0.48521932262753426,5.204959395596683e-05,0.7250169795312695,4.493122160220723,0.9212124982188686,1.0709272765510707,6.928457559631184e-10,30.47178859528121,7.632961994396947e-06,0.0018374422391189199,0.7689740362021839
1efb4102,12.969119363298534,19.9,0.029826450903412276,0.0880129941133297,0.07246247832058912,-0.0003038100436474751,3.4497335673149547,1.8036684178832123,0.6285216767264485,6.799999052596707,0.007136564454175121,0.03759463785118221,0.04474815040487949,0.02227610541484731,0.0955301614313939,0.1462327154937479,0.050364377752121624,0.08962185847791392,0.07740119873173183,-0.0016790587120934126,0.0003140660443212027,0.00045356253682978453,2.4852099453704124,0.21066511818612665,0.7538585037584156,1.7346673698043775,0.02351496637485177,0.04548608170398296,0.4398252930470384,0.09329097027256876,0.09540541340684133,0.005651306816571652,0.000377622575240271,6.793970123204895,0.009185228572006487,0.012484140507177973,0.00022742460605354735,0.007217414393532405,0.0023907228982902595,0.0017422845016658878,0.0025175738507983614,0.002349502259724733,0.009328269769341443,0.0035819686288510602,0.013429356456998815,0.010018788642223903,0.0,0.0,0.13466271699071652,0.0,0.0,0.0,0.0,0.0,0.0,0.0,0.0,0.0,5.982834379583218,12.107875930873627,2.9241765708517273,2.7633621915259643,5.755240944488879,2.6634302730170414,2.9738396295740603,3.4043096301374867,3.659951281302077,8.980945921234213,1.3137612478302332,10.687233283622575,0,0,0,2,1,0,2,0,0,0,1,0,0.3443503109346221,0.0037659502215905524,2.075389666407219e-05,0.0055289976740652644,5.735003884751042,0.966294316653143,0.26101544017959655,5.662639866431933e-05,0.37166766581973903,4.768150671249754,0.9930998416065238,1.017018045733059,6.434425170717748e-10,30.213739255011546,1.2464642377554786e-05,0.0008149697564935329,0.975065918884459
6a84c418,35.72213847068408,19.9,0.029277042830954517,0.10511078888403287,0.15581457361805554,0.06110045950969605,0.5420362679171673,0.8619262009687015,18.867269819641283,14.755580968828644,0.020850608967002606,0.0381930015479788,0.02878751797788215,0.05985569861538408,0.07535627480620656,0.18012039323050802,0.07768059881759906,0.1268329608092064,0.2629301612273612,0.0033312249299319156,0.0858291434774028,0.09414101012175344,0.011409644136890065,0.29575948361478627,0.23486714016549098,0.05448586217398304,0.19767920081825568,0.6097611379764628,0.03606287943500148,0.24619668522483673,18.585010254981444,0.02219866234198314,14.733291074355328,9.123213133216645e-05,0.00034131636168382,0.0058934228972509885,0.0011179190135932944,0.006528707125081821,0.004327685845299487,0.0007534130294559719,0.001403981679315674,0.002043546807739745,0.0005527156033039685,0.002131495808898922,0.002708177641904348,0.005014752649428321,0.0,0.11037233641813005,0.14999307440642537,0.0,0.07427625420128395,0.0,0.0,0.0,0.0,0.0,0.0,0.0,2.327521640886578,1.4461851654049438,0.07408875997670353,24.978329572653525,177.56840207360796,5.204376211328741,0.46269730657528135,2.6617493225089577,0.17719021332558607,0.23553865300285626,0.5047259375828609,0.43045972116052966,0,2,1,1,0,2,0,0,0,1,0,0,0.3895543702779522,0.002343551007748972,2.383861194435264e-05,0.010874558451902954,3.385339634158961,0.2125407810854955,0.4125680103686512,6.624224725378374e-05,0.550296294756607,4.457602717953027,0.8393246342602451,1.4327644383758391,1.2640257429244436e-09,30.193567401025675,6.951489473676039e-06,0.000685998029553735,0.5373800074784678
115b0298,13.684600994979398,19.9,0.022308427825644687,0.07688523536634208,0.10077007952012633,0.05377002474335387,9.05936482663267,0.7276384824625731,1.3543695190068834,2.1538259910484663,0.00932743007759365,0.0578595785734622,-0.00026172517412179416,0.04967924418448282,0.09245789110623986,0.08851857080830357,0.05167624805718682,0.12663414093517486,0.1239998495680173,0.017147632032352582,0.0008180048420226603,0.14334443735568636,1.5512359854607995,0.376723969593522,7.131404871578348,0.044142401729205055,0.005850668830695069,0.677645411902673,0.3871722490406092,0.2419646033776274,0.7252326665886469,0.7574716023719043,0.001416858695997649,1.3949375299805644,0.008450557819290208,0.0020388850000489216,0.03653864879028241,0.00208896562593031,0.0009465921316516007,0.0060236474021341385,0.004006886799419693,0.002000979368040893,0.0044078911762569,0.06379753747550265,0.008865373813473092,0.0014222253685533806,6.025151522313983e-05,0.1275239111404041,0.05068613759519215,0.009352915977151375,0.0,0.10996784431142341,0.0,0.0,0.0,0.16531890795003742,0.0,0.0,175.4887988165634,5.081939915480636,20.069853821133236,33.43818625389189,8.403488991223115,5.292116268781339,4.090948249274357,12.910089899019646,0.5281281187268834,171.86108114255146,54.59752622047826,8.228537289584263,1,0,1,1,1,2,0,1,0,2,0,0,0.3508499285306029,0.0020097999894747053,3.236161301703343e-05,0.00950383761962883,3.949901780649716,0.6657925876941708,0.8433311500508938,0.00012314173897188345,0.5155965645328091,4.535455220608263,1.1985640091036203,1.172094223756756,8.744927457395671e-10,30.40697319374892,2.038466408894184e-05,0.0008643414137037779,0.9475557759545739
5444e5d2,26.986131414712013,19.9,0.030015330343539943,0.11128958131405103,0.16417283770865002,0.05280236167955595,0.5561312239296308,0.7822867124212245,17.9006681358613,7.160681852022652,0.021086572084368697,0.03329138133987253,0.0356680376063786,0.06991553156111238,0.09585408968517159,0.16809912269586913,0.09129034138972734,0.14765743130827746,0.2535707404279452,0.002927719338013006,0.05975519483684169,0.09572417086381316,0.01777700757475562,0.4526064281689712,0.08574778818590399,0.4203679370792927,0.02607220944306965,0.3358465658988622,0.37814116287232535,0.8926147714140169,16.629912201574957,0.01714567254040964,7.141378668846872,0.0021575106353706984,0.0005178870765822184,0.004307730530108352,0.004938227744651223,4.303291832723861e-05,0.003574443257083711,0.0015890476461479196,0.0017466319126116289,0.0022156511775145416,0.00010470164719949908,0.001609812429760584,0.00347114808799539,0.007313155496907018,0.0,0.01401844887664632,0.055626847900119666,0.0,0.0,0.0,0.0,0.0,0.0,0.0,0.0,0.0,0.6838016000662424,1.0395476731948943,3.5675620379594877,3.6844868450755137,9.552796234053579,1.9484888340601152,12.252065880449031,1.0822828842260637,14.03942012281998,3.1292922008391146,12.34648232214981,10.868256285723321,2,0,0,1,1,2,0,2,1,2,1,0,0.44262402850138793,0.002481751624188594,1.8789749306468336e-05,0.011286898455430334,1.7150049908649285,0.5790722410609729,0.3123529054923591,7.973130928665987e-05,0.18958555770039356,4.42500014993177,0.9084311492186155,1.3910846573998152,1.1443426689022074e-09,30.34372235254212,1.3825774095630006e-05,0.00025743476354312566,0.710519014277416
264d7f8b,33.25158287442352,19.9,0.0012072726657097422,0.06165525009392173,0.08049397647052363,-0.00023031699907058236,19.32056164594719,3.327048860790197,3.1375745618368263,7.036371709020767,0.0001350183221550118,0.00394409451832836,-0.0004572948433541446,0.01398714191780863,0.08094094274929971,0.09003766561465686,0.022091709034296938,0.09561104396107552,0.1237791764161984,-0.00023744343480955614,-0.00011556944822406103,-0.00033793811417812987,6.892597310657193,5.132709363285032,7.295254972004965,2.752335427734812,0.04476503230086073,0.5299484007545243,2.390568630118971,0.03112087978466824,0.7158850519331871,0.00011382607694786966,5.796257587678141e-05,7.036199920367943,0.0005373538796035718,0.002647601291963984,0.0020624019004705932,0.0005442768694267454,2.6721801130331294e-05,0.00013694359305130424,0.002763270861303717,0.0011817534651667326,0.0006629881822297002,0.0010331057446117428,0.005590168257857143,0.01036840219478985,0.0,0.03607456050934536,0.15614082901804266,0.0,0.0,0.0,0.0,0.0,0.0,0.0,0.0,0.0,0.7228612477892863,179.75338192407662,8.955284697878271,8.441056959780617,8.318373167366678,4.808925249428581,2.20722678809909,1.1442163536157468,6.3495853270565705,0.8862966742494031,2.342575218722111,0.5980699314620292,1,1,1,1,1,0,2,2,0,0,2,2,0.19037257669793303,0.002598168718774763,2.7246632867825636e-05,0.007215248772763179,4.363118356889928,0.5803692747470829,0.7153730222659199,7.17664466364536e-05,0.3638232871572164,4.700079127494135,0.7415639038100793,1.0715111851418342,6.918174324314619e-10,30.680711855101418,1.9389149587299162e-05,0.0005124915784153367,0.8804902376046755
ecfd3acc,1000000.0,19.9,0.029482952985054867,0.08420449274873366,0.10007234340332088,-0.0008071475173221544,4.253641850333456,1.4952425025840452,2.7778844332197226,7.042574959161949,0.004532515952709186,0.04597805903203366,0.03793828397042176,0.024836431912642027,0.08586116227276509,0.1419158840607939,0.05657601500898984,0.09063224444915141,0.1530087707518214,-0.0019130695693715118,-0.000179342370692189,-0.00032903061190276236,3.9476931124735706,0.14891760808427812,0.1570311297756067,1.4675374124366123,0.007834650351138837,0.019870439796294128,0.22014841369687116,0.0804705956353246,2.477265423887527,0.007320011690264234,6.676222288952949e-05,7.035188185248796,0.0020448540746114533,0.0012097938355187918,0.01386797775325685,0.0005687224861712812,0.0002460295652896202,0.00015406618777534433,0.000817566718228932,0.0026676229697402106,0.0017240474106666234,0.0005842394660002902,0.0015604009223723339,0.006983690594352312,0.0,0.14501068760722835,0.05000794863312021,0.0,0.0,0.0,0.0,0.0,0.0,0.0,0.0,0.0,3.30176823539766,0.7500882288621634,1.1301272196924634,6.3141345258432535,0.7218783440398387,5.8558939210805985,3.3136065405712865,0.20341921181388817,3.937445629604634,3.1219218524697006,9.511931368934851,4.821330511389337,1,1,2,1,0,2,2,1,1,1,2,2,0.2816232994704566,0.0027426219478576233,1.3176478138307012e-05,0.005798001584423772,6.285611219509866,0.3397217552304606,0.46594502703413343,0.00035009015526787636,0.1935201636317088,4.59471331963823,0.9132127706353887,1.2665633363342692,6.929493263447852e-10,30.49647184743201,1.2188004421422974e-05,0.00013011534228525595,0.6473285253369505
a2ab7ea9,21.146968105199925,19.9,0.013651695523618551,0.0717321822630368,0.09514168613613383,0.0016474479260589767,10.823103786802095,2.7004767221629464,1.9322027494066674,5.231286720828141,0.000694514736858313,0.00682876500326816,0.03343180683072918,0.03885900466221736,0.029470107922770123,0.14686743420412296,0.04693215246548651,0.10224627396660182,0.13624663197631312,-0.00028436996655115555,0.0006898236296886907,0.004536890115039395,6.513933584612161,4.238307808769543,0.07086239342039079,0.4005700940133778,2.2497747839747433,0.05013184417482544,0.5934806458993198,0.0011230114924924604,1.337599092014855,0.00016211010782416757,0.0009523091550245592,5.230172301565292,0.0009095812748874308,0.0009890043315165414,0.003143543134342593,0.00011843827977037991,0.0015043619277738077,0.0010796353453249774,0.00035058692510734485,0.001654594782960883,0.0007447096760016099,0.000614452660143089,0.0007719293172302242,0.0011086501521989014,0.0,0.14266491242105392,0.07035007103104288,0.0,0.002881762452882351,0.0,0.0,0.0,0.0,0.0,0.0,0.0,0.5666765405442773,174.5167651718683,177.98307013263616,1.0367744327130592,175.73525865499272,0.09378899634312135,1.674914431031897,1.1037002401009437,7.135363003689031,0.5044459049309645,0.40664062340054746,6.167814665794699,1,2,0,1,1,0,2,1,0,0,0,1,0.2541600785800474,0.0027851323993352876,2.5742287711167724e-05,0.006619966863223587,3.0351165379492695,0.6071472206819624,0.4516781708903689,7.503006962757968e-05,0.4073862587111144,4.4256595856105285,0.7683971865079935,0.989853615778377,1.4381186006959812e-09,30.571440958650275,4.4219328725315555e-05,0.0009630988733273313,0.7845450776564423
75490444,1000000.0,19.9,-0.00016031869720352064,0.009400780783623159,0.0002520300623127185,-0.001547458871655239,21.398772471390092,12.689032947256589,20.477445229904724,7.207210604913016,-0.001062967014525584,0.00022027066627635712,0.000361740256638665,0.014723895077810105,0.0109221843009051,0.002556262972154271,-0.0006007776438498003,0.0005364948318781459,0.00082037299890981,-0.0014034358541543364,-0.0013883101577570858,-0.0018506306030542942,7.548420414896338,7.007083297952825,6.843268758540929,2.6812906890009023,3.9622217616720885,6.045520496583598,7.084259675680241,6.76499262824737,6.628192925977115,0.003950267001740243,0.003885921215490459,7.199374416695785,0.0003107570371435383,0.005416216801628529,0.0064124329118133375,0.01903214975148164,0.0005895635294230271,0.0013060546144205937,0.00040020049663819007,0.003222958698268061,0.009914893847979493,0.003317017981322917,0.005577725990710764,0.011522587226925339,0.0,0.13150037452443333,0.0770905474322478,0.028522351457113838,0.10931216268865655,0.023513075773754517,0.0,0.0,0.0,0.0,0.0,0.0,4.324809449166238,179.14467277978608,26.93659321533658,55.24257247049932,16.861171748412858,123.11415001036734,1.9076606724539276,5.696277546387517,7.245757580365447,1.4629052428949059,0.13862989568631806,25.73869340652129,2,1,0,0,1,0,1,2,1,2,2,2,0.14648254659634943,0.002071536921892177,2.787338758143228e-05,0.00522799468101564,1.879411535673058,0.7238644591265037,0.4140502746586745,6.755798355944947e-05,0.3122587964934188,4.746784805880675,1.2341087279546148,1.3902110835433747,1.1018049081987255e-09,30.219800429006487,2.0571420443332483e-05,0.0005712644115825315,0.8381570506407305
9da9a82f,10.9636723905505,19.9,0.029954528822776855,0.09925554519780451,0.10898567720599021,0.00885663378963399,5.977099252433357,0.5758314823581197,1.4199588536435326,2.645750861163971,0.0019546575008008633,0.047742310593184824,0.04016661837434487,0.05471049431685906,0.07222818378524004,0.17082795749131446,0.06300121696665169,0.1384342261451383,0.12552158850618064,-0.0001430398362567248,0.0001914654443299512,0.026521475760828743,5.602426122214038,0.06992761654149654,0.3047455136778213,0.00044368017469245777,0.18447826077066606,0.3909095414127611,0.07211427264944018,0.5566562878252802,0.7911882931688123,4.491579342839386e-05,7.339969482251343e-05,2.64563254567572,0.003399198976381477,0.006879287587411739,0.007885963078239884,0.00034536392542126176,0.0027470288106903364,0.0005566342832007596,0.0007386830076526793,0.00104074932280446,0.0013463164419449476,0.0019987505886659715,0.00028576577398656505,0.008973401363042236,0.0,0.06944306954337433,0.07678701522395068,0.0,0.0,0.0,0.0,0.0,0.0,0.0,0.0,0.0732779479980241,0.7440811512196053,139.96757446747017,2.827760284017235,7.766065287553808,10.152476381940142,6.422733132894979,5.6472228498604995,3.623746481863934,25.371689992147672,1.4229332982594458,8.048027039364197,161.5960766475815,0,2,2,0,0,1,2,0,1,2,2,2,0.3021537372646632,0.0018117460359156944,3.769273180030646e-05,0.009872060272506804,3.0114854882359094,0.8930799296038049,0.540108962031776,0.00011273538504301841,0.5772966691294376,4.3376829617618125,0.9808540646705821,0.9438554368944669,1.7576361716594033e-09,30.594875202263122,2.902808343814675e-05,0.0013760670938748876,0.9507744069496551
b2d87095,37.015983437025454,19.9,0.000546717262354343,0.05697357020808064,0.05754477867796237,-0.0009598102159162147,20.166637462795407,7.150562863468776,2.27806441835319,7.14653248481341,-0.0008550887239455475,0.000561855013845567,0.0019333854971630095,0.001217594477053009,0.05753782827203856,0.11216528787515036,0.055704688372915465,0.03909596801886922,0.07783367964210243,-0.0002439210621588176,-0.0013040074289640657,-0.0013315021566257606,7.438931369372284,6.761641825663287,5.966064267759835,6.3877325923231485,0.635114819162569,0.12771545198305945,0.246426397088195,1.9428525299201693,0.08878549134482605,0.0001192248164636058,0.003401824223885224,7.143011435773062,0.002597504333594281,0.008327887553847618,0.008255462644321941,0.0012043705837739291,0.0030905692434372895,0.004283484128649284,0.0017134797362426115,0.0028779348631646183,0.0008362343247859219,0.0004794239608470726,0.0009764600853487829,0.0072621869051402825,0.0,0.07255959947945469,0.13895142971573465,0.0,0.0,0.0,0.0,0.0,0.0,0.0,0.0,0.0,13.103605793841979,175.12977280277846,2.8514193477162504,0.44458579820588556,1.5870114005582734,5.796973909738099,3.017020677977152,1.6025930111818238,5.539423879306738,0.1577601160157529,0.9946544423848152,1.960177090828518,0,2,1,0,1,1,0,0,1,0,1,2,0.2035983895681708,0.0032068436249052343,2.3655774649049672e-05,0.007434045507033707,8.498936565914363,0.5392329541747068,0.7616287063187688,6.790716276649909e-05,0.23471675154344587,4.4332447782064595,0.937923724268988,1.19201874066609,1.077220333612993e-09,30.262595602791876,3.7084546499352504e-06,0.0007532625703915563,0.8900902003303138
4d8f223b,1000000.0,19.9,0.028838880003314537,0.09346646651717312,0.18102355763850433,0.21261581821433198,2.227199027070059,0.35400264714111196,61.53337829422948,200.53806178462148,0.008955959043026887,0.0515484508213603,0.026012230145556415,0.04746735029603655,0.0947159976006375,0.13821605165484538,0.07111717057842915,0.06912080723022192,0.40283269510686204,0.1584072178781447,0.26659013245089164,0.2128501043139596,1.7562277848495667,0.15005794437703115,0.32091329784346084,0.15333229127380735,0.14436176060720818,0.05630859526009643,0.07615614800476232,0.6614863054694451,60.79573584075527,50.23282282573102,142.19232269982996,8.112916259060494,0.011304017748719745,0.0031470119324823686,0.026958352045167062,0.08015081295605277,0.017071654572700483,0.02197665547673806,0.023075473156998212,0.047699273022099836,0.009332274073376445,0.00627500346852217,0.0011230009700830944,0.00390747205267623,0.005364574864253666,0.10971054671244934,0.09092393564091084,0.06975679922432414,0.12639104145085178,0.04958590937680584,0.07539630145926472,0.10110949849263258,0.03859136511121958,0.04709009827446496,0.051723998330904325,0.05867357247313094,148.13432148994767,173.99109594044359,178.13604180445986,52.1780326463679,129.56714264429993,125.32403489822339,175.19329512292663,36.802756237528364,177.85899541107494,14.726723274334269,176.19221720134516,110.17307160573671,2,1,0,1,0,1,0,0,0,2,1,0,0.3324585129135002,0.0019023870181588047,5.994547125522251e-05,0.009078702896428405,3.555527450644296,0.678712246731522,0.5633852091301105,0.0001354519251997967,0.35317311627149245,4.652921441500524,1.4789620549810851,1.0802326777993851,2.1294890566869715e-09,30.09699448806313,3.08411985317909e-05,0.0020819915137028095,0.8596646762767138
0646cc54,1000000.0,21.8,0.0007066378051891527,0.0009744125376908398,0.09821281721441506,0.00036996226916427674,19.69646197186602,19.885087634546245,10.325119123547896,6.3768163868358725,0.0008358984830582911,0.0011067724233215022,0.00017724250918766483,-3.172929063687683e-06,0.002508251296194806,0.0004181592459414007,0.0026010290297668903,0.20195807569952,0.09007934691395833,-0.00013336619232903423,-0.0001750625162718153,0.0014183155160936798,6.3450995661153815,6.412558683869497,6.938803721881145,7.00046383867199,6.058135809913913,6.826487985960339,5.85382047917505,4.471233719403169,6.492496967833703e-05,4.3477081370399565e-05,6.635175621581325e-05,6.376706557998286,0.002006905154344398,0.0001416810373586787,0.008393432201010938,4.4057022644989306e-05,0.0010770735080719374,0.007715860892498398,0.002889837042270897,0.0001697654784430479,0.004067013658149187,0.0028114051393759785,0.0022489968894985274,0.01746663955273603,0.0,0.0,0.04290882042896378,0.0,0.0,0.0,0.0,0.0,0.0,0.0,0.0,0.0,15.270262288013233,8.18207838411957,172.4003485794494,2.2158968195126185,2.8394830435538836,10.35589431306977,19.08402822856696,4.121668191108147,35.79121488529191,2.3367257078577413,13.446019140811421,2.0125613450933812,1,0,1,2,2,1,2,0,0,2,1,1,0.29925180473096297,0.0016444437336717828,1.6719047172250925e-05,0.01481734209224925,4.150892056304145,0.9936378635105714,0.5104048219748545,5.109130585151741e-05,0.41192755459270447,4.678031476152886,0.8043164861213259,1.0877454102575481,9.777495406156597e-10,30.69182886926125,1.268712476123025e-05,2.2686286652283117e-06,0.9968340881706405
f114332b,21.690972418108174,21.8,0.05166894451608231,0.09651470609967842,0.12424856979649367,0.009964691051003468,12.331453674195222,0.08695981255034885,4.095870142755091,4.481525827622092,0.04997466106330861,0.06425802413983459,0.04077414834510374,0.050709799412281084,0.09866119693418962,0.14017312195256454,0.06337300485522021,0.14914000173036024,0.16023270280390053,-0.00046324806906485527,0.01838014775392026,0.011977173468155,11.419979877432027,0.6426862443657662,0.2687875523974282,0.02073624439378831,0.05371570143793584,0.012507866718624697,0.06601281606680816,0.9539980551373655,3.0758592715509177,0.0007993548425464535,0.675665879328115,3.8050605934514308,0.000321362194826822,0.0010767765897550428,0.00463784786903309,0.0016625928390307059,0.00763893066963545,0.0038600018963581124,0.0005256991969592819,0.004477651403522499,0.0017279910351852123,0.01923947233064929,0.0024932741997393667,0.02056939358261571,0.0,0.0,0.0,0.0,0.0,0.0,0.0,0.0,0.0,0.0,0.0,0.0,1.3046869680969428,10.969287085554605,20.843905714677707,3.134175958588052,7.7578447421784364,20.11584054907259,12.485438478291808,0.5836739822711651,39.969906947762574,5.7365094354852575,3.7966704691353335,14.95553415449547,0,1,2,2,0,2,1,1,2,2,1,2,0.6339307257227327,0.0013039816242909443,1.9503590454702218e-05,0.009884250767218463,5.889639440721978,0.6916233101256205,0.4652831414147753,0.00013238766400185462,0.27906454320513796,4.61108006677832,1.120404446345658,0.7769187102283328,8.434572201636436e-10,30.280084021919645,3.75915437019695e-05,0.0014990466018156296,0.8350592568153202
e6df8860,26.072105277181375,21.8,0.04184487670446888,0.09776172032694175,0.12331834710806783,0.001146095815332983,5.708194599583772,0.07225718255661731,13.148779269092778,6.249966316595678,0.03542487434927656,0.03496229154329876,0.055147464220831326,0.05960233543525961,0.09247778575525674,0.14120503979030888,0.07318469813238643,0.06523368591598613,0.23153665727583092,0.0005164023611390314,0.0012115863293288942,0.0017102987555310232,3.0431267437624143,0.43751029122325646,2.227557564598101,0.04967461739656821,0.005926967347551527,0.01665559781249757,0.0024515005514780894,0.690227453176885,12.456100315364415,0.0005480157582448261,0.0029377537196532888,6.2464805471177804,0.00010041739469682944,0.0011412617701535308,0.0049104410022071466,2.7819710407572747e-05,0.0009108589492472759,0.0003380977163352855,0.0014927687159258887,0.0010272872891185607,0.0033612673953040137,0.0038305301284408187,0.0013677912194344885,0.0038435745254801817,0.0,0.09732275905945617,0.009177109267703945,0.0,0.0,0.0,0.0,0.0,0.0,0.0,0.0,0.0,6.456932541015868,178.00087522885713,0.552384257128397,1.7169700442544058,8.911344750636927,1.0305476814769718,2.6345156068568283,3.9610916402891974,5.4083116460921,0.8895398878002042,28.27669135420934,7.132651356207383,2,0,2,0,1,2,1,2,0,2,2,2,0.4242893195956125,0.0023829828680267326,2.3403721629776147e-05,0.008312507606677766,2.7749861448215833,0.6552016402465679,0.6813240530693828,0.0001275936646523296,0.43040143895676447,4.445398267680954,0.9169804553069225,0.8703948170510909,1.0032164002292236e-09,30.738711682162013,1.2437997410090739e-05,0.0015565944190114125,0.8900529238001444
7881094d,21.38077628119703,21.8,0.03807766601793958,0.10073545778287096,0.08677962153325476,0.03819709340762473,0.9132138705643496,0.8718323203234009,1.833436064091671,17.47359638208728,0.02407968511183025,0.06176995039606853,0.028383362545919954,0.03682862806474989,0.0994535341284951,0.16592421115536793,0.10685755729096524,0.06748580293026138,0.08599550437853765,0.02354019398075746,0.07889204568480508,0.012159040557311634,0.22057280535621163,0.5214933672378526,0.17114769797028542,0.5136338813013065,0.06324247837275604,0.2949559606493384,1.212406904427291,0.6120503498898463,0.008978809774533582,1.108312666825368,12.447910181886924,3.917373533374989,0.0007079523471020897,0.00877782773991311,0.00041083594280220693,0.004068276225354174,0.003335361213723238,0.002716576693050295,4.266591801938967e-05,0.00911526751386588,0.0020697873375619858,0.0055858322556933595,0.000661226270279148,0.020107752170577024,0.0,0.053485328003226106,0.0696211243811696,0.0,0.0,0.0,0.0,0.0,0.0,0.0,0.0,0.12922601019948338,3.099481479997021,166.57795727387142,150.95970053704636,8.1150622548849,9.624810180418752,19.13461650349325,29.224742939463813,18.52636322438507,42.29618368500123,4.418781862691029,55.803299415320154,157.92456213813483,2,2,2,1,0,0,1,2,1,2,2,2,0.5093945483461214,0.0010753784183129347,2.2943075258973668e-05,0.013964801718611827,3.4113702533869903,0.9167585165494558,0.041047289215976904,0.00023082802553679876,0.3328981502116236,4.369745788494987,1.0954504325673147,0.937189382638603,1.2057870190907283e-09,30.34622511595809,1.1012924127793275e-05,0.0013498936170800104,0.9201712490664957
8b07bc24,190.0930219821944,21.8,0.017655380918077654,0.08612789601525178,0.06529157224942085,0.21791879150549534,11.458953770257008,3.041305618896913,11.996004194153919,161.65444931425802,0.0007626737580934014,0.04833004341549852,0.0038734255806410402,0.015481381622426437,0.08029235344910964,0.16260995297421926,0.14660879599131094,0.041757807792324145,0.007508112964627479,0.11097160470315179,0.23547448267271914,0.3073102871406152,6.408000409028735,0.10464496236020171,4.946308398868071,2.611659677389373,0.13568308178660288,0.2939628597209374,5.544915873445707,1.890768443121845,4.560319877586366,24.723137621198074,110.95740024399775,25.973911449062197,0.0014142736721390328,5.4583399650527924e-05,0.003203413994316099,0.02332148078523524,0.005368379027079299,0.0037006698551367966,0.0010157101251099918,0.004756624567376258,0.020286115473176373,0.002351428079037837,0.008787644369728695,0.00463635132916361,0.0,0.10227381071927734,0.17208964187511858,0.05952435697328628,0.08376143858661902,0.05621561199630163,0.05749298768340123,0.10446568896308185,0.10003929757558373,0.0937379911989097,0.06085904133477586,0.06779596683596929,0.8367125598023942,24.837448651102495,16.255836903549486,94.31776386613443,143.8542663789353,75.39465681660853,28.17210495246133,173.86617224277637,164.59873038593108,1.8380479409101222,21.76817967838007,38.60851431621616,1,0,1,2,1,0,0,1,2,0,0,2,0.3267589627823155,0.003165543136227172,4.672134026794488e-05,0.014168968942937232,5.882241502058932,0.9492865576006855,0.4278783825268657,0.0001137429070831105,0.5856254255489611,4.265335992236551,1.227948914618985,1.1602519400183098,1.6849626747179192e-09,30.237655040264563,1.3796830825400995e-05,0.0020141316944712333,0.9709429554686209
89847718,1000000.0,21.8,0.03195072988415885,0.09040850095918972,0.0801431586996845,-0.00011391994632898061,6.4888581554564135,0.22072428496217494,2.258059121697252,6.9922250975079425,0.0025845675196771436,0.043649496799391875,0.04961812533340752,0.06421977307731923,0.08547329667517248,0.12153243312507746,0.06508311370000716,0.13766630404305713,0.037680058355989206,-0.00025415875994681006,-0.00026701932892506905,0.00017941824988493727,5.050885324661003,0.12904638462468487,1.308926446170726,0.17087870623612625,0.009649694216341617,0.040195884509707056,0.04142139134794199,0.532244527440981,1.684393202908329,0.000129606620551385,0.0001446337391936605,6.991950857148198,0.0005856979886548731,0.00556916180019891,0.0005051463623076333,0.0005410601580794975,0.001899428357075892,0.0038764907943081442,0.00020373525688528824,0.0006076667217143443,0.008426387194365921,0.0006428608216282842,0.0014265676130040567,0.02313558368363681,0.0,0.09923341496158983,0.06373645865626298,0.0,0.0,0.0,0.0,0.0,0.0,0.0,0.0,0.07694298349541083,1.8768290297626689,5.705673352932776,166.15049466555644,1.038609760680079,7.364626600894975,2.7294463192510463,5.011463279542715,6.099762599260069,6.028952791645959,0.017477861168945473,4.124995446500461,172.00568260347836,1,2,1,1,1,1,1,2,2,0,1,2,0.316286101691902,0.005242762148970971,2.7490700359258177e-05,0.006009192225951131,5.897367096025457,0.9972314666659743,0.7513317346314162,5.0525917839659915e-05,0.9871262803799721,4.211164943210709,1.1710803189353989,0.7734825572247641,1.7361044801686114e-09,30.82638447910634,1.7762756961145238e-05,0.0007437953483284721,0.9992364204447496
faf84323,1000000.0,21.8,-0.001186056189921141,0.03255818205063756,0.0782825074190998,-0.00019609969949569553,22.78910609287285,7.696586353321466,7.8728911781766495,7.031589337414684,-0.0028968121767961427,0.00020452246378458775,-0.000865878856751868,0.05016698389736178,0.04624272252107999,0.0012648397334709264,0.00036339840283897845,0.10364250617496595,0.13084161767949448,-0.0002802909616446566,-1.3976539598099646e-05,-0.00029403159724433037,8.561639282919966,6.889574087468793,7.337892722484089,0.027684391124599618,1.1652129137789187,6.5036890484179475,6.828477757193282,1.1705026706544691e-05,1.0444017159566612,0.00015713884349841272,1.7882838891216854e-06,7.031430410287297,0.0019753976133971953,0.00422859957294976,0.0030931504075470025,0.0004812360506042737,0.00245287010991875,0.003433119012051375,0.0027535595144031807,0.00044080627903471647,0.001771434375145352,0.00011312444050697468,0.0011821998861644297,0.005884513486806214,0.0,0.002043209136376946,0.07286674162097703,0.0,0.0,0.0,0.0,0.0,0.0,0.0,0.0,0.0,2.253167992379062,6.854842415689601,147.8703428281569,2.272107230684164,2.9965555762127365,15.301063107022033,7.991262613063814,2.5965930645255253,4.188898639986042,0.037854296098082774,5.696052609676,2.117821250406099,2,2,2,1,2,1,2,1,0,2,1,1,0.15996531706094516,0.0030543804030256404,2.4476625325299934e-05,0.013158238549611973,3.7676822997322668,0.9141661425005867,0.5400056803274281,0.00011663444969355141,0.25423109159552376,4.509839818747538,0.6863419316104951,1.045705526230809,8.134612682296234e-10,30.34992773158303,3.147595528099122e-05,0.001018345847287091,0.9604629125466522
e01561d3,1000000.0,21.8,-0.0007295592122243686,0.0018629723776988733,0.04367535832298208,-0.0004906016389098749,22.232222963552303,18.794123578811238,11.278220060580768,8.273273798115628,-0.0033551020343892527,0.0006278180446052023,0.0005386063531109447,0.00020585454245203655,0.0028998902936161848,0.002483172297028399,0.0037250837945378423,0.123979188424655,0.0033218027497533987,-0.004191794350937014,0.011403003436974517,-0.008683014002767128,8.82812431400425,6.692377366706636,6.711721282841419,6.897039036246538,5.819910986804269,6.07717355576043,5.427346974733624,0.18896755019390923,5.661905535653235,0.03564536293625775,0.26905005773725127,7.96857837744212,0.004099849547297283,0.0038354588977053336,0.0001744879309223948,0.005401786763228123,0.0024360409788064972,0.0048815105065046225,0.0010742315939648679,0.0014061591363248001,0.00048213343043735854,0.022429515713960943,0.09483186684836477,0.0061975406035026555,0.0,0.002398121422358154,0.0,0.0,0.0,0.0,0.0,0.0,0.0,0.0,0.0,0.0,30.516563899387858,2.121592269364214,14.320930539726042,11.03864396879726,17.377111487235656,0.17282305567727743,11.226020220683923,9.734897922987725,39.248110734868426,16.534592170934218,146.8414406786249,40.59477082340668,2,2,2,0,1,1,1,0,1,1,0,1,0.2625352655551552,0.003650980980065411,4.408524176548311e-05,0.017695094542332614,5.668533661259271,0.8783934247364588,0.786674917366641,0.00011085039666424512,0.46509354849035095,4.725140809920417,1.0422420287982122,0.752486471962645,5.173256669273405e-10,30.50354979333182,9.998488689567616e-06,0.0002008149098183299,0.9739795997914086
834b5773,4.584600005783354,21.8,0.03082789315936038,0.08260450626431322,0.07822604829495862,0.029853304366252026,1.5377555443412398,1.5868355006490646,1.311498113818708,0.0085221300969744,0.017372991203145234,0.030696102670252082,0.044414585604683816,0.023670145560113202,0.08990220061636965,0.13424117261645682,0.03518176207854442,0.10433630219114297,0.09516008061518849,-0.00027126224912887907,-0.0001409340015788739,0.08997210934946383,0.08063124942807358,0.7492902527234269,0.7078340421897393,1.5864936518920092,0.00017066909855634747,0.00017117965849907366,1.2935459002599095,0.00013719748808154882,0.01781501607071702,0.0001476340913682784,4.173429797455913e-05,0.008332761707631562,0.002198335445673607,0.003022080575005868,0.002575920748412405,0.007981724264295022,0.003590265672369134,0.00413088363725118,0.00028069419392973203,0.0019298122217236927,0.001037560074679641,0.0006838682353803901,0.0014175727044815289,0.002420999514549033,0.0,0.1331575807011397,0.12358736061162348,0.0,0.0,0.0,0.0,0.0,0.0,0.0,0.0,0.0,12.502496126908852,3.4900860519456045,0.43721390787066644,2.0978354341606034,1.9764765051768034,2.2137203687413063,3.5193905589975336,4.8364916491703625,1.9367943288959162,0.09127604486146892,0.311522774335674,2.519180928954572,0,2,0,2,2,2,1,0,1,0,1,0,0.4099572913838808,0.006127632344571978,1.9281737017840743e-05,0.0035575098022700307,1.9897087937654316,0.7580389649700869,0.8863719800691048,9.082934457472785e-05,0.9467588198479242,4.396421003296668,1.1696718544623355,0.8090000418829377,1.385858932019255e-09,30.409771962540184,2.1925181398035357e-05,0.0011000033371065343,0.9724178094911141
9b2a4bbd,19.88088085970233,21.8,0.029582811529698588,0.09317115761980588,0.14439421910961114,0.006878777121420679,0.7925553965354499,0.1384090471558267,15.19443721783956,3.0105117182446763,0.014298817716650524,0.03845324076821567,0.03599637610422957,0.05940369578097329,0.08640607475989347,0.13370370231855086,0.057491891664354054,0.1323205338740526,0.24337023179042674,-0.0002790950833982013,-0.00010349339882572454,0.021018919846485965,0.39611693510859636,0.27556189841964507,0.12087656300720848,0.04609156589359149,0.005607917054371933,0.08670956420786326,0.19412505673961467,0.37748146310985387,14.622830697990091,0.00016417695055764348,4.819812189239793e-05,3.0102993431722265,0.0003645063296550974,0.000941591606086795,0.011224296732667175,0.001668566695680789,0.0005648749579613459,0.00016081460511726956,0.00016923515003905345,0.002091093323475444,0.0011785606256660682,0.0028963458708423694,0.005174587393348089,0.007613548078413636,0.0,0.10065040813658811,0.08246599452646929,0.0,0.0,0.0866978971018507,0.0,0.0,0.0,0.0,0.0,0.0,2.044388254662275,168.78072840459873,5.546679926727706,2.0780973079196934,3.41264592657441,18.988396057983167,4.530124147060792,3.1492887807890306,6.64071891001343,0.623515870092778,7.890987656584093,7.532122936111515,2,0,2,2,1,0,0,1,0,2,1,0,0.3268677008548213,0.002329160663643166,2.6690896819489707e-05,0.0074981086797750555,3.4523203151033104,0.7312161540190998,0.5766677287128753,3.848102852931951e-05,0.5720847351153531,4.26771171231502,0.8645537276064823,1.3700951606121132,9.76808999376333e-10,30.1505747980151,1.898475711144519e-05,0.00046116485425691197,0.8861574572227455
fe53c469,1000000.0,21.8,9.976732983869414e-05,0.02323339382323038,0.05074104385203015,-0.001560619689476939,20.809683113548534,11.50364340294417,10.797934323775491,7.169877274687819,-0.000627045976267173,-0.0002650595108476588,0.0011914074766309142,0.0004141477618435278,0.029689097271334276,0.039596936436513346,-0.0004607959567005637,0.13547763342426988,0.01720629408852111,-0.0014559705180044733,-0.0017444488231374686,-0.001481439727288875,7.3200662952167965,7.149201935292124,6.340414883039614,6.799182078450514,2.2306459426243155,2.473815381869341,7.064762179190088,0.4656729358267092,3.2674992087586943,0.004240817341638333,0.00611169519635203,7.159524762149829,0.0018606608272725203,0.014107834386850825,0.004739361940577833,0.003671066600979649,0.012077857395973845,0.0012856097484392232,0.014075189931267508,0.0005106769694786822,0.0013000648366655813,0.001056902569731474,0.005048940805815824,0.018481559023766168,0.0,0.09280794014690705,0.07432022595121436,0.0,0.0,0.0,0.0,0.0,0.0,0.0,0.0,0.0,2.8487188157972834,172.7295737298549,13.672094115421503,18.906746802718185,11.720185102037041,3.4893251261854945,3.0875123549419414,3.551926245098453,18.705833013334924,3.7682913999498666,0.4510300568638318,4.336563959499744,2,2,1,2,0,1,2,0,0,2,0,2,0.20106973517183027,0.001692600336518545,1.2942462231605452e-05,0.008116682650872798,8.27901519196384,0.8937042327507001,0.5146621499933686,0.00021873411762289127,0.2944288358013308,4.285026800581554,0.9914983292802552,0.8883318489586549,6.553833233790316e-10,30.535186684161545,2.0617995811936867e-05,0.0010442572360871958,0.9483591746434201
56accba6,20.22202164435205,21.8,0.03319338425349009,0.07510355291254436,0.11878702164496492,0.003733415651559304,1.6189040803938282,1.9790279234042356,12.023706018105203,3.840329053285143,0.011659854520454595,0.0436742396267375,0.04424605861327819,0.028740723425947984,0.10794071422348171,0.0886292210882034,0.052234577300160984,0.07890775036343055,0.22521873727130326,-0.00016110066506030713,-0.000236091079972129,0.011597438699710349,0.8573179582347087,0.10600490569045395,0.6555812164686655,1.1991157277489428,0.2150582336328569,0.564853962022436,0.3657737763271833,0.28754657506520837,11.370385666712812,5.247841382438071e-05,0.00015122007978989085,3.840125354791529,0.004050457045557961,0.004145962113464615,0.0050911406357489275,0.004732888357884067,0.002013564928278623,0.0013918058092219343,0.00351192561269963,0.0017463812644799499,0.0030048461665296514,0.0007560193507008827,0.006304132272175009,0.00957772080771207,0.0,0.0766081139452873,0.08858975878765195,0.09586971319695098,0.0,0.0,0.0,0.0,0.0,0.0,0.0,0.0,0.1034928170118177,175.2275458804368,179.5861877392298,171.56453935398633,1.186128561502612,0.7410603622167401,2.467987001857419,5.177393843621964,8.73739051664728,4.53771134718814,0.9440633423116644,5.033080616705414,1,0,1,1,2,1,1,0,1,1,0,1,0.3114271923526874,0.0029005246214597684,5.047798236535624e-05,0.007226970511884332,5.2610394556573405,0.40013325028883,0.5798812848664161,9.641800093060562e-05,0.438190111739548,4.64587169666626,1.0552728117555794,1.2351994591474567,1.015164231395479e-09,30.179683219377896,2.304676386866517e-05,0.001005110936826151,0.7479267637314975
c18e317b,1000000.0,21.8,-0.0007921186537188951,-0.001236130427010937,0.006813993071987256,0.015805906900477767,21.89184389356738,21.492043649799083,2000004.8309252611,1000005.0062607735,-0.000987296920064031,-0.0014825294491200443,9.347040802739003e-05,-0.0031118184609331932,-0.0011574489859773845,0.0005608761658777674,0.0,0.0,0.02044197921596177,-0.0019150514949625313,0.049332772196395834,0.0,7.508437924909979,7.432491170794051,6.950914797863351,7.590624211725041,7.130464798135291,6.77095463993875,1000000.0,1000000.0,4.8309252612504725,0.0714968685900355,4.9347639049047185,1000000.0,0.0012707796761276366,0.01347444380520292,0.006664262155689626,0.002518489864742109,0.012574815443974662,0.00702421416347554,0.0,0.0,0.003416353172351099,0.03911709024797303,0.023287337835497142,0.0,0.0,0.11396648196679787,0.00021311693985128768,0.0,0.0,0.0,0.0,0.0,0.007544152227382035,0.06263187738385098,0.06677677963828232,0.0,11.67975354974367,175.18587222349336,8.289705874412357,15.524577032968365,6.350857590656276,11.257163846978884,0.0,0.0,152.03263339752093,16.0863784006406,123.47665831607019,0.0,0,0,1,2,2,1,0,0,1,2,0,0,0.19349962212613905,0.0009079299203070677,7.946454803605318e-05,0.005653984668140082,8.580700898069399,0.6472204004841703,0.4324835989021297,0.00012143933310799927,0.8543565797573559,4.726626676798158,0.8316451167818425,0.9694564944506603,3.5966058138723154e-10,30.470528122398086,3.609201976584513e-05,0.002252355986852806,0.7997485429421382
6681620c,70.65704969106534,21.8,0.08652934694110491,0.09789201472743264,0.13557502925577525,0.10016824726544922,45.87384636632654,0.5368829314810304,6.871312203165067,16.180286140714543,0.03475605158663086,0.1027783995572883,0.12205358967939556,0.07130416797809284,0.09578350041985696,0.1265883757843481,0.1167796205505093,0.11168786183788287,0.1782576053789336,0.03631843769804835,0.05414736426033416,0.21003893983796518,2.7865801414366342,6.878529884393916,36.20873634049599,0.4979444584345089,0.025532873516173147,0.01340559953034833,1.9908078034895331,0.028874087479648432,4.851630312195885,2.6380578581592804,5.863874119872735,7.678354162682529,0.0023879062479410106,0.0009543915113015379,0.0037722251056178753,0.002526244744730524,0.0063525313233123255,0.0019126771034362528,0.0009961946264264916,0.0009777939080309601,0.0003786002244468632,0.00015654150042237862,8.479452128422934e-05,0.003066322005686771,0.0,0.0,0.0976008320271692,0.0,0.0,0.0,0.0,0.0,0.0,0.0,0.0,0.0,7.151290047046293,0.9034169202789283,4.221500152022321,2.972781650660155,2.8119053994760086,2.423178841321995,2.548433259749126,32.53764611090771,12.587903229299245,1.9457064353538307,3.7922132918778786,12.049628056050983,2,1,1,0,2,1,2,0,2,2,0,2,0.5183671324883071,0.002084671242809721,5.006970272551137e-05,0.007313474664215071,4.305647353780542,0.48355319066371283,0.4027658634518081,5.788208809982587e-05,0.5741485735967516,4.431218448215016,1.3015807982585066,1.1112127031009624,2.01312359248874e-09,30.541182154197216,1.6682824136763662e-05,0.0009055830262032643,0.6915200591666286
a325666d,1000000.0,21.8,0.05387535180996628,0.03306656951744366,0.019362794607130203,0.24286979133061748,7.529550247469195,8.868812702737799,2000000.2706250534,362.79560701009444,0.030589110756089957,0.06318442369994494,0.06785252097386396,0.0035037536954207883,0.04825100468192696,0.04744495017498324,0.05808838382139061,0.0,0.0,0.06645353052848292,0.41230114873904333,0.24985469472432617,1.442608700477955,0.5752210517806876,5.511720495210552,5.564902041611779,1.22631899289887,2.077591668227151,0.2706250534768226,1000000.0,1000000.0,8.87712575703038,340.03042289920734,13.888058353856705,0.002262811606870755,0.0030930839591280443,0.0026201494604404063,0.009030109083357479,0.0061215199670262375,7.753107205988588e-05,0.032552448761520816,0.0,0.0,0.016419084457598876,0.010100519464251577,0.010295802076566095,0.0,0.011326346164963847,0.0,0.08892560817503556,0.1669950164771542,0.0,0.09150859347151799,0.0,0.0,0.044712731295931,0.045846375644462194,0.048528687995119044,0.7252168255802244,159.47194582659793,0.5690572454168114,43.61022957891532,2.279677785137907,3.1477728084694383,99.65340993512937,0.0,0.0,9.807045744038309,20.028507163739974,90.07122308176936,1,2,1,1,0,1,1,0,0,1,1,0,0.46398849282173166,0.0024508065236752766,3.240560914483221e-05,0.007222553873237822,2.0804504478277646,0.7973287042820284,0.2865647111679918,0.0001386045722471072,0.4305721777895452,4.4032356361089615,0.7197647930447505,1.3611339937249118,8.664687768438556e-10,30.47870878244471,2.52116336066515e-05,0.0026534172639539636,0.8553784891303748
19fafafb,4.632017686962907,21.8,0.034058944843194154,0.0768106736223448,0.0941327662527633,0.05066067061530321,0.30682808619407764,1.0611751011803374,1.196464151970498,1.891257846286871,0.015703308892381918,0.05217366930646029,0.03429985633074026,0.05788304225845123,0.04924118574521132,0.1233077928633718,0.07029353076356708,0.14629374091035538,0.06581102708436745,-0.00024551165987461124,0.0007629906302517936,0.15146453287553244,0.2223756578928509,0.05310431853508997,0.03134810976613677,0.023098422326023285,1.0089315508312642,0.029145128023049895,0.001664936531910197,0.8379637617850068,0.3568354536535809,0.00012863539587645354,0.0014766365702165154,1.889652574320778,0.0021921406271776253,0.0045588705942002225,0.008594031359599979,0.003240515010294663,0.003399377419718604,0.0012153850432261362,0.00046061831560973506,0.0001330543251071082,0.004741102866569909,0.002843140096386381,0.01767278038432145,0.0005875390323432646,0.0,0.0,0.024704144348951924,0.0,0.0,0.0,0.0,0.0,0.0,0.0,0.0,0.0,7.7837314844222325,4.591209926672821,177.9979029656397,17.853645847863334,10.841942379619178,15.443663922128568,8.368639348310145,14.295872121959334,6.8495044197430595,6.9842271906910645,0.3044566613024728,16.868449891318246,0,1,2,0,1,1,0,2,1,1,2,0,0.4752046223004258,0.0030627429409021112,2.5190763102852895e-05,0.0061541563865896215,2.8270688984103827,0.8744855049116652,0.06748522921744665,7.478975961235697e-05,0.27474506466326065,4.635907563092183,1.3609332891473045,0.7861350874743006,1.4088173502772694e-09,30.590918127459535,1.1849308838750758e-05,0.0007476056080725128,0.8829491308598918
c8a21f95,28.34741340544486,23.3,0.04859058592835842,0.11343533506246495,0.13124192251193634,0.06741468011767603,4.346249827887541,1.2363836026789559,3.5716025953452073,19.046573627687497,0.0346631452125381,0.0670845211498222,0.04402409142271494,0.04376537778845849,0.11133373514734851,0.18520689225158785,0.09308495664002545,0.1564134710507838,0.14422733984499975,0.09542884555667568,0.020024328519585244,0.08679086627676717,2.7518514368606852,0.9019899533009932,0.6924084377258626,0.1853242315338101,0.30096802062971545,0.7500913505154302,0.4502090498364204,1.2846170699750636,1.836776475533723,18.216665100757478,0.8019491473910617,0.027959379538955484,0.004606886186699711,0.005430315250510004,0.002116859286839901,0.0017669878579702897,0.0003679035286001846,0.004116717481457431,0.001159925284843647,0.0036413555150771057,0.004487028567485223,0.03791516471924219,0.0012969466110002283,0.006388993002268837,0.0,0.02718053674319982,0.1477951386598299,0.0,0.0,0.0,0.0,0.0,0.0,0.0018984124820780885,0.0,0.0,4.187665663781605,3.9281608853542807,14.149663993925952,21.373608187424292,6.425582617264744,14.529654492715792,9.971557609350317,2.0241858569605076,4.426628606220788,18.947242781583935,37.12161062869439,16.280191426391582,1,0,2,1,2,0,2,0,0,0,1,0,0.7640632671923574,0.001785505191109543,2.717661106475914e-05,0.009831289224598326,4.98689872115451,0.8272822369739044,0.31376331677165403,0.00014323897746123024,0.12790508407264173,4.384070782155407,1.4026046472607647,1.0011886648104482,1.3344990987462819e-09,30.233833157639353,9.803723893309281e-06,3.8750664031310644e-05,0.8814433588346755
a283da61,1000000.0,23.3,0.010489097035713756,0.052957952474245416,0.03726982205575677,0.275907242575771,12.916837479539126,5.98851587123331,13.314367642496634,315.7213115397087,0.0006723000396615198,0.028236748671966714,0.0025582423955130373,0.005017733916379312,0.07748256100201549,0.07637356250434142,0.00044186653842170063,0.0019938322384361108,0.1093737673904125,-0.002942625012499421,0.3341415460159785,0.4965228067238339,6.485723360790853,0.8888492703526211,5.542264848395652,4.846869064141737,0.17393860255767893,0.967708204533894,6.894575927642457,6.182230340835284,0.23756137401889393,0.12951986562899004,223.36914008585015,92.2226515882296,0.0028260002366097487,0.0012322761527716938,0.00953729106671695,0.011273636610258509,0.003156768537877329,0.0009831470302320506,0.0005835759054085587,0.0016445401123931498,0.0022976939749559675,0.01827254810928954,0.0039124266945323,0.011365967803003304,0.0,0.07668761347587094,0.08063384385284167,0.0,0.08507793978470694,0.05215789347198107,0.05049750826655283,0.0,0.0,0.11186789568620932,0.06797923087094616,0.05524101248485376,6.64695628547529,174.64412726883054,177.4758916003753,9.228053989847975,11.142000517210876,158.40412426785542,1.9773158357944678,2.7195285473799755,2.579186223463447,169.853636117284,15.11190105536751,164.04565853359756,1,0,1,1,0,0,2,1,1,2,0,1,0.29157026755334475,0.005013995180987589,6.969621976739419e-05,0.009918336522724088,2.0441797698517874,0.525427072455332,0.5037044839758744,4.659223128126518e-05,0.7041009866986006,4.125652170129743,0.9809279785854614,0.9359164625638666,1.8361087757519475e-09,30.745252782494088,2.0302849194735994e-05,0.0017477921532594433,0.7644212135847415
93b6cc5f,20.830990718067902,23.3,0.028607431736059185,0.06382084638335049,0.08036681501147387,-0.0014749708931557984,5.969941173019507,7.162589572315584,0.2409059511601408,7.091824910385861,0.002059159113255612,0.05730064314487979,0.02646249295004216,0.000862404728022088,0.059177481981951434,0.13142265244007792,0.075036046213501,0.09314551623241961,0.072918882588501,-0.0014979827226677936,-0.002203142242161834,-0.0007237877146377678,5.517700643071945,0.22351464535642476,0.22872588459113677,6.588415661053717,0.5714272818054841,0.0027466294563834887,0.011520429574251539,0.05269157268179682,0.17669394890409243,0.004611417251235392,0.00973283243310802,7.077480660701517,0.002075872470286218,0.0011115669733779495,0.0026311938965463337,0.0009908715195856505,0.0024904979984620747,0.001974517364276773,0.002341439172007744,0.0035010566735203066,0.000894093306512751,0.011113630208575488,0.005016069647869204,0.004481731442639329,0.0,0.0,0.027659734868254206,0.0,0.0,0.0015320606805502672,0.0,0.0,0.0,0.0,0.0,0.0,2.7032138749679118,7.731174013991078,176.97274225701815,9.823827879012544,1.9367199009714058,171.45227724494836,3.9754450247616524,2.6859314872526165,25.940531247655812,9.681298695779484,7.798851237950277,0.2676739038745882,0,0,1,1,0,2,2,1,2,1,2,0,0.29702067023769885,0.002450926325824482,9.50389642076284e-06,0.00571957142960802,2.0834677996292457,0.9633385950575559,0.44510608840911003,6.198896407452219e-05,0.6322238730370938,4.425760250463506,1.1643466913094338,0.9440629965417399,8.131394925920983e-10,30.426486470173497,2.245882438312158e-05,0.0007986112117605653,0.9796122989982288
2d80926d,39.935190324611085,23.3,0.06946854347810517,0.1404750801701716,0.10749614297730042,0.053761947550919974,23.996742315505664,4.986434391916601,0.8183780242616914,9.596652890328388,0.051647609923707975,0.0792893175140162,0.07746870299659134,0.09172420854195788,0.1429586730860137,0.18674235888254317,0.07932623622605572,0.14213570320749422,0.10102648949835132,0.015358700955491054,0.06707417834287221,0.07885296335439666,12.725824300083138,2.2869552982797283,8.983962717142798,2.3965967027172135,1.7945540049667263,0.7952836842326616,0.05822871207892311,0.6819998863811151,0.0781494258016532,0.47178154352777096,8.997906482989427,0.1269648638111909,6.621580275019737e-05,0.00014059679047486893,0.0030757201365509013,0.0015660140630944569,0.002837141180021512,0.0002043760803262405,0.0027706868245736312,0.0018318054643239028,0.0019211648486984379,0.0014674629015442608,0.0039600816370510715,0.0016243195014083696,0.0,0.0,0.0,0.0,0.0,0.0,0.0,0.0,0.0,0.0,0.0,0.0,1.959391821949291,2.2777266309940547,41.31396070164579,7.246074705534767,5.140099411898769,4.973610621932591,1.5752209967487556,6.427629079709597,2.709624668182931,1.7448924686868472,15.098713152219979,0.05899186041609241,0,2,0,2,2,2,0,1,1,2,2,2,0.7073495162545185,0.002986854178656633,4.1543510702920795e-05,0.00853918740976469,3.9024905042030205,0.48077077472681096,0.25363634538909374,0.00014501299526301786,0.45260854265030304,4.619141112537938,1.0398274481984937,0.8051153210821477,7.938424666976194e-10,30.209012778562393,2.0363264466941e-05,0.0009891416984858994,0.6124408142097741
625c4b86,16.382919137273035,23.3,0.034115187941608116,0.06875734320737613,0.0863997664497946,-0.0002349506472331323,0.7645459501899174,7.0992389653971895,1.1154197156918964,7.017974689694453,0.021310520892840017,0.03766126182728841,0.04337378110469591,-0.00019543808967531056,0.08086342011608,0.1256040475957237,0.04113516821980118,0.11091088185551155,0.10715324927407108,-0.0002926950421901607,-0.00024650597238275293,-0.0001656509271264833,0.025121547441365133,0.20762923629282268,0.5317951664557296,7.036139049991542,0.045599348624144116,0.017500566781503555,0.9051945010343242,0.023465915222405376,0.18675929943516684,0.00017137800320718357,0.00012459912016019446,7.017678712571086,0.0011656304674263832,0.0004466120852685458,0.001297144322021591,0.003917959938164978,0.0031722681243985694,0.003080778479932313,0.0008881894778560826,0.0009084422722751853,0.006664409963540399,0.0001929449708691116,0.0017517794722685244,0.0017621618030683724,0.0,0.0,0.05009571647697405,0.0,0.0,0.0,0.0,0.0,0.0,0.0,0.0,0.0,10.486596560001965,7.398595800289856,179.83534886777494,4.57023495062069,3.7606166067196316,3.2596673554806608,0.8243916805896045,0.523898439967284,14.505467185426063,0.8940769724689782,3.027186400362556,4.58491652049485,0,1,0,1,0,2,2,2,2,1,1,0,0.36263874396204243,0.0014864650839962544,1.876247490640449e-05,0.0028874022808613228,4.417306501458202,0.8894493162913372,0.41013025355125676,7.711216005636203e-05,0.3077855141363833,4.480495618853052,1.1393773384879882,0.835266929741331,1.4553186359742408e-09,30.541940839078425,1.3210280896106682e-05,0.001363100615630308,0.9347484832056807
5844e43b,19.3470817113094,23.3,0.026246660882061804,0.08269023340320959,0.12567664708485463,0.07400508420468933,8.08896057865387,0.6653808893051731,2.7496870944753273,7.3985459980365125,0.03288866313020171,0.043679563945936695,0.0021717555700470088,0.03585171241070886,0.07753038289250291,0.134688604906417,0.10488710502505873,0.1541260762534879,0.11801675997601732,0.04536785522220444,0.028085410514697037,0.14856198687716654,2.1300666010375457,0.09875047942136704,5.860143498194956,0.5768325918851468,0.08813957499168805,0.0004087224283383516,1.0806802055608,1.1753344615728702,0.493672427341657,4.116502008212931,1.5777757203959597,1.7042682694276212,0.00144346904006367,0.000621932709247988,0.0026808915194436976,0.0003334007866572272,0.0007216445038907336,0.0035169730361631897,0.0017167908477068667,0.00028591621520027664,0.002871308222688629,0.004175318805350119,0.01396971144476633,0.007732546798441904,0.0,0.06945671263555069,0.16237398300434316,0.003822075336748452,0.0,0.0,0.0,0.0,0.0,0.0,0.0,0.0,19.41323604709121,164.42784618168108,152.9002273294478,15.244880559511204,0.11609842276680153,3.0869165590438024,6.454149886273634,7.000802504634574,19.288306273490644,8.039536913117473,1.5167699847874376,0.4331441961649582,1,0,1,0,2,0,2,0,1,2,1,2,0.7465061862374032,0.0032120358418725407,2.8752405886263884e-05,0.012273133419712527,1.7528508914250818,0.9965382671109275,0.4490179989513411,0.00016170437842139557,0.0957471256715341,4.570158554605019,1.1155924601080833,0.9674560864143656,1.2271592091406455e-09,30.362304057954784,2.106002130095846e-05,0.00021780478136228685,0.9980477456857878
44e6b56b,13.658175835487134,23.3,0.038697736915149536,0.10159570822466359,0.11301830101731432,-9.996940693772163e-07,2.02021186187807,0.6545399784716529,3.5910885669885255,6.956525767564175,0.028922382459331927,0.041185876280744625,0.04598495200537206,0.04045044389617018,0.10269616283811185,0.16164051793970874,0.07264644608506157,0.10056786935175276,0.16584058761512863,-0.00021053578976302836,0.00013302132084839127,7.451538670650544e-05,1.027800052245925,0.08354418321416027,0.9088676264179848,0.32177417315372187,0.11060280688844269,0.2221629984294883,0.0010680235515736678,0.004847894176049676,3.5851726492609024,8.865064398878625e-05,3.6596291297651724e-05,6.956400520628889,0.0023422032425102803,9.77819043023612e-05,0.003342893106570078,0.0013326042798080175,0.002172401627578622,0.00020502799100028212,8.808172361061484e-05,1.4577164255132058e-05,0.003870832312892128,2.5389962794656728e-06,0.0010986117135505231,0.00023003885504471814,0.0,0.0,0.15118726180512046,0.0,0.0,0.0,0.0,0.0,0.0,0.0,0.0,0.0,5.593859288140011,0.7743228958741474,6.215436920777969,3.2437641617124258,0.5315569917490202,1.1544592108749767,2.4427172728742472,2.0322951099073436,8.551149585767629,0.10047233821953902,0.48769289202353444,0.24033110713159248,0,2,1,1,1,0,2,1,1,2,1,1,0.39817396593337173,0.005805870155969538,3.235700088901437e-05,0.002768677950020609,4.58211747422335,0.8103698864519866,0.5370970104328376,4.1139044856425195e-05,0.4798218091002815,4.49089820832017,0.9447361229983938,1.1434843299358959,9.125372274546615e-10,30.49193418146187,1.637968324542272e-05,0.0006100428890551675,0.9121659438256209
f8768e1e,24.027510182792486,23.3,0.05700069356838527,0.11278161837089717,0.12384143918675587,0.04716838434047709,14.886031495791602,1.1687350399214564,3.873919449239942,3.7085679446360498,0.04432605609004028,0.054135026580286516,0.072540998034829,0.0752982336386105,0.11227728695175816,0.15076933452232288,0.08342384392408915,0.12233450941823437,0.1657659642179441,0.010503735628518071,0.04169201040877733,0.08930940698413586,7.533044979627809,0.10447220973443615,7.248514306429357,0.7576430934739492,0.32742319443063844,0.0836687520168689,0.1363519795620824,0.1594183073253111,3.5781491623525485,0.22065732931829843,3.4764476109010958,0.011463004416655617,0.00039508303225409226,0.008097233663248792,0.003732050880396816,0.001348728152719295,0.0020242955940715764,0.0009427915795932422,0.000186669568528239,0.0005088953559384205,0.004972298993235908,0.0006364045086162296,0.000383470861467939,0.0018288603884598087,0.0,0.0,0.14929388146402975,0.0,0.0,0.0,0.0,0.0,0.0,0.0,0.0,0.0,1.1890658475295044,1.9452346179643205,1.4093781035219628,1.2126616793918428,10.50389343662309,10.805887132574938,11.339764782138817,0.9811926032949935,3.1738832648969,1.485649922120511,1.3747777790046085,7.2727435471925705,0,2,0,2,1,1,1,1,1,2,2,2,0.6148229436173259,0.0018900539477035346,1.1539791319774837e-05,0.005550729442179273,2.154404611568663,0.6880596770625318,0.9243505685502889,8.135842444970726e-05,0.7758052968056262,4.478992611108641,0.9030619145620626,0.8634475326837103,1.0294857046949971e-09,30.531102149013215,1.7927260505196e-05,0.0005008397494910846,0.9763094568666862
a8ee9b8a,1000000.0,23.3,-0.0004753692562880667,0.03033016476671918,0.007245256219194824,-0.0005932942806779815,21.324937228722195,11.516484941089256,15.296569017029249,7.018180469360931,0.00036543140429684626,-0.0006303472676043383,-0.001161191905556708,-0.000849323846218288,0.015085699363627239,0.07675411878274858,0.0010640260203526842,0.016170892939592497,0.00450084969763929,-0.001314605763135257,-0.00032932158748739124,-0.00013595549141129633,6.730084604262821,7.134378971872478,7.460473652586896,7.157929613159005,3.454957911021324,0.9035974169089279,6.50478367747605,3.563472847553856,5.228312491999343,0.003456729858067511,0.00021890001574439617,7.014504839487119,0.0017555620041404384,0.015005865546755837,0.03604582235285385,0.00015344889524821978,0.00488872372804274,0.014338041156612273,0.004733563102026052,0.0033700322049168537,0.005675448744727311,0.0005943341910482127,0.0014123030035956205,0.0003828338797898375,0.0,0.0,0.10220758943105018,0.0,0.0,0.0,0.0,0.0,0.0,0.0,0.0,0.0,0.25585139454331407,4.7885044348091155,7.762035703669946,11.509601044984095,4.821444402101631,4.828442028367084,1.0721822105370138,2.370774396543781,7.787664235904928,0.33420264055775384,2.437089254425043,1.2537631158475036,1,0,2,0,0,0,0,2,2,2,2,2,0.2642901316266377,0.0036771498150625016,1.9371212560583797e-05,0.0020586497777431434,2.084178197774046,0.9767051493118817,0.9876711891552477,0.00012759648211334496,0.47216450102100316,4.330740510624207,1.178850329313938,0.8136202139492231,8.632599274878501e-10,30.180104892002444,2.7336630885071236e-05,0.0007885807834809916,0.9996140350732939
a298874d,82.53614047159817,23.3,0.07348075831505331,0.12045528086557049,0.1390943721328313,0.12249972583981224,28.828587079491484,1.7947935405186661,5.782449531375526,45.65581373278117,0.05611471248313077,0.08848706686819581,0.07584049559383338,0.07719843145937633,0.12196388891578033,0.16220352222155482,0.08455066533993176,0.16231092084900137,0.17042153020956077,0.09444714150161486,0.11242141639398066,0.16063061962384118,16.558993532721804,3.791137816030519,8.47845573073916,0.9002618826663866,0.6633894436240347,0.23114221422824477,0.16358590268812867,1.5887282856433813,4.030135343044016,17.840525103108938,25.277150050578967,2.538138579093263,0.00026454327493321774,0.001022347009165282,0.0025833969250804332,0.001437343731628478,0.0012727638641269457,0.000866712725456332,0.002585932619777374,0.0013031437249429636,0.0014495903321036221,0.0001657009972542236,0.0005679096737505363,0.0003993678822083711,0.0,0.0,0.14176919988648576,0.0,0.0,0.0,0.0,0.0,0.0,0.0,0.0,0.0,0.4246081413229546,2.0042486058442774,3.08929169851708,1.3880444995799421,2.044315373218931,2.0259893962680464,2.293262973389024,2.745521497697262,5.028687654195582,1.0941617266235146,1.1695954488593878,0.9029212903316662,2,1,1,1,0,1,2,0,2,1,1,0,0.7676039853379761,0.001703912203893372,2.637859186369867e-05,0.0022599131980719843,4.633027776272363,0.6757243216237848,0.5579278396651036,0.00011407103630714911,0.48595240530583506,4.434139017127222,0.9499468425009521,0.9492791053950007,1.1292534849643265e-09,30.379666427427335,2.002198232153784e-05,0.000395406909491536,0.8565909575321959
c85b6619,212.16352098712474,23.3,0.08468821071871274,0.09758937578069223,0.11870678640264858,0.20589201169660884,71.0436061503466,1.2888163131445842,2.559586822735502,133.52432791382154,0.02192805073986939,0.07614980488108478,0.15598677653518409,0.07942920644782417,0.08341564234143069,0.12992327855282182,0.07357550025844588,0.13476383328110103,0.1477810256683988,0.004115642601919445,0.18818523103108148,0.42537516145682563,0.16142254693438352,1.9021985651812117,68.979985038231,1.1730072318455513,0.022404615814962246,0.09340446548407078,0.0038062662902581743,0.44492358458162645,2.110856971863617,0.10716368792290494,70.87583593908793,62.541328286810696,0.00026184180126047167,0.0011453829408812621,0.0003144418392624775,0.0015109332185255873,0.0006200063873239352,0.008752962552004282,9.488719016865518e-05,0.0008403819734603998,0.005004200096806109,0.010514209101433192,0.006794628901083409,0.012453386271733927,0.10949210030849905,0.04210928596898582,0.06330908203457479,0.08963044084005185,0.0,0.08973881598896993,0.0,0.0,0.026393275299941864,0.07317611127640776,0.04842741566302053,0.06300224290230245,1.4901287932406144,0.02765241695413766,61.93181572677813,7.882793743361694,0.059214039097111856,4.1960027510610765,4.224428603122792,2.690242078851404,0.5026272609748432,1.7859461849871718,46.73847515397656,53.17503780399933,0,1,1,0,0,0,2,1,0,2,0,1,0.481374236365497,0.00415814360453966,2.5947551372042374e-05,0.0036464710134677175,3.1406232685445667,0.7741942934018774,0.4356166552604501,6.705701661373818e-05,0.6041301171616209,4.3774833738676575,1.2243717341173863,1.2935478338922122,2.9759236273192868e-09,30.590436256530857,1.894933862261892e-05,0.0016124058063173457,0.8725154583833481
03ff1a1d,21.953363133979142,23.3,0.004807284519636466,0.09475047301132748,0.08349025861744287,-0.0002630008829501876,13.508075735327633,0.07851544725097112,0.9623957755389871,6.9842419112989935,0.0029919109148028975,0.003711113503715758,0.007718829140390742,0.05556399758471613,0.08247690490987646,0.14621051653938982,0.09563526381131225,0.08193787915073038,0.07289763289028599,-0.00044898275410615415,-0.00037965963778230594,3.963974303789726e-05,4.850425600709552,5.319296960415069,3.3383531742030126,0.0031669001110158058,0.030023939378564003,0.045324607761391314,0.5634330663976111,0.2218078617071689,0.1771548474342071,0.0004093602303789295,0.0003763448291563086,6.983456206239458,0.0003825762016625324,0.004320159233993687,0.0015060414904369632,0.000510435805804714,0.006286950511790291,0.00013754753850997946,0.0008709166688562627,0.0029514592727704243,0.004071924087583435,0.002487810967383788,0.00938413278008816,0.03486209606971186,0.0,0.0580441389102956,0.05263548759407382,0.0,0.0,0.0,0.0,0.0,0.0,0.0,0.0,0.0,1.1471890811951753,167.77685537505891,171.15830203462795,1.5831053588147308,10.439621135397532,13.219617715800565,3.8076178192531094,0.9979555985753096,3.375522211800406,3.8977714691186414,1.394820451699397,9.700560089663744,0,2,2,1,2,0,1,1,1,1,0,2,0.28545271954422113,0.004177189965047133,2.8156204958363713e-05,0.010319882730253667,2.880749784594734,0.6366531524897416,0.5233707916287077,6.326678403360281e-05,0.35942130621353596,4.150325237970279,1.0971871925945926,0.8862397188955573,9.9200407341751e-10,30.330780399305944,1.0086667881704656e-05,0.00021423248505761323,0.826765942627818
8f98785e,104.36974909677424,23.3,0.06637321551884788,0.10879354582704714,0.18555336262689928,0.1481580102880015,20.13314983921142,1.8721636938304373,26.00151655895361,55.414457857723065,0.05198889074749337,0.0855889615180632,0.061541794290987065,0.08579918030440803,0.10599632322825435,0.13458513394847907,0.09855844821825359,0.17632310384594646,0.2817785358164978,0.043682484566210954,0.1299878007170726,0.27080374558072096,13.000895750244792,3.276386161881745,3.855867927084885,1.6995077200779178,0.17231895661762192,0.00033701713489754995,0.7088164797008434,2.4407779444577864,22.851922134794982,3.816318934452351,33.79365749389223,17.804481429378487,0.000672375355883985,0.0011819406741929673,0.0020636934022799265,0.0005470898946297906,0.0023836956459131337,0.0025820997427351902,0.00033065295251236875,0.0010796272802453086,0.0016925272648204413,0.00013674002819827073,0.0009073970857517788,0.0019023049159372935,0.0,0.0,0.16415009092844032,0.0,0.0,0.0,0.0,0.0,0.0,0.0,0.0,0.0,2.3963147484916902,2.18427807079367,11.336777191621598,0.27980084633755886,4.6587372176764035,17.967121385109227,2.588972818950894,3.1072612452050263,14.873386710465121,0.08511871712046222,4.849023318812914,3.099616608192969,0,1,1,0,0,0,1,1,1,0,2,0,0.7002810706025884,0.009839671747700085,1.4206956538874939e-05,0.006446212256408346,2.0698229025034567,0.888611186681803,0.7938306533988977,0.00015685991020020337,0.4136864248913914,4.220674305919502,1.0443271668894762,0.9589153937687025,1.411241649397139e-09,30.45407658820997,9.909736167355355e-06,0.001201086878979901,0.9769556580741753
2bf92e1a,20.975760686660436,23.3,0.021837343126092135,0.07561656190070666,0.07194218740329172,0.00015459748884516915,4.777745400745157,7.118173898658431,1.8118122766175921,6.929441859787476,0.004091998902579486,0.0367325754959686,0.024687454979728317,0.0009065932338619047,0.11185594179304562,0.11408715067521248,0.03155838270977484,0.11286694721902688,0.07140123228107345,-0.00027398775280037196,0.0005836037873684827,0.00015417643196739665,4.115612929531797,0.27776536998848733,0.3843671012248734,6.547320754532953,0.4651093676889751,0.10574377643650273,1.563749905923833,0.03816674139083431,0.2098956293029249,0.00015062108430933968,0.0006960267749238025,6.928595211928243,0.0012946474888557516,0.009678295156968398,0.0024780984751289602,0.01249694685165296,0.0002658567585731448,0.004092007112559024,0.0006463370563661523,0.004060047877822601,0.002037668668336537,0.0006946271950796622,0.003852273830107103,0.02480490889512916,0.0,0.028105348780885418,0.061386025202493415,0.0,0.14963969740863242,0.0,0.0,0.0,0.0,0.0,0.0,0.0,2.8330586855821465,177.3694625518817,3.399592605008317,4.418942831913698,4.711183711823014,6.486724314045493,1.0537743317982138,13.110326833449031,11.846254839505832,0.8174991182164199,7.978983211342169,10.908350068336258,2,0,1,1,2,0,2,1,1,1,0,2,0.3087886539920461,0.0014328967781023962,2.0529617354574518e-05,0.006949561798810513,1.6093548233357924,0.5301584810564453,0.4162942383701835,0.00011546774882969328,0.34338043568369137,4.4485733672431955,1.1021261182175073,0.8144954737357308,1.627709161375043e-09,30.27947917069736,1.0759629609760908e-05,0.001297794200475047,0.7257091689159055
fc6cb5f2,25.044140548507148,23.3,0.044332748407806426,0.09654931116209071,0.13183926012772237,0.05756245382365909,3.3968489298727413,0.9556248981514751,8.23398697007559,12.130238640724926,0.03384287155214979,0.06346177173981889,0.035693601931450596,0.07704442909927023,0.09340219071488641,0.11920131367211552,0.06636702534903308,0.12589965377102275,0.20325110126311127,0.0037107965669996427,0.07777804221501683,0.0911985226889608,2.4545297874373113,0.7429468259497829,0.19937231648564718,0.8882435347234211,0.01002148981372458,0.057359873614329454,0.026709300526183807,0.22664629089838717,7.980631378651018,0.027543777731981318,12.098848266482072,0.0038465965108714973,0.00011810980959286836,0.002587881907543426,0.003289325184153641,0.00010596734338185344,0.0009816502809883165,0.001055462524516891,0.001144332749234529,0.0011143113390055242,0.006762442640730166,0.0019378876821554113,0.0007515851195732339,0.0007997587456834963,0.0,0.15919178646978213,0.16866274919254373,0.0,0.0,0.0,0.0,0.0,0.0,0.0,0.0,0.0,3.003366398624334,1.6471292253355974,2.8376549885056197,4.38887012841446,0.3320923324549919,14.277093201819481,2.544932326899087,9.99041604739388,7.100233295521666,0.11984222590796495,2.684995750271841,0.3824236149591413,0,1,0,1,0,2,0,1,1,2,1,0,0.485733529256024,0.004502461208823394,5.6219515384173007e-05,0.011795078343705322,3.9590730342897076,0.8655496147844761,0.6867251880875933,0.0001893968559657781,0.5623463899658317,4.438951355173891,0.7356519305406996,1.0079119975227688,8.977254363097955e-10,30.418192934657217,2.7454120526735787e-05,0.0006323364565403053,0.9578114083412473
7e7b485d,10.208494478712412,23.3,0.03866212051405684,0.10041614765912675,0.13032684644260248,0.02244264291180954,2.489666195947491,1.0389869504023765,3.3377027132295467,3.0652928178880883,0.032328282176194205,0.055525810820145495,0.028132268545830817,0.056702260492026216,0.06393642674529443,0.1806097557400596,0.10298952812517591,0.16109942920252482,0.12689158200010667,-0.000250295117802026,0.026982861083174544,0.04059536277005609,1.950232125616695,0.29251635279026533,0.24691771754053038,0.010661243109694742,0.40569356044490806,0.6226321468477738,0.960979020525664,1.5236275879752974,0.8530961047285851,0.0001308619138169174,1.4562255762304706,1.6089363797438005,0.0010478440526758609,0.00046710423316617206,0.014323996109142643,0.0020509070222994273,0.007759109368571985,0.0018401632557081037,0.0009081284395839181,0.0032110609721978534,0.007665450796044089,0.0023593689465315256,0.008717325431576379,0.016731583698660336,0.0,0.1412975539799702,0.13408872471620223,0.0,0.0,0.0,0.0,0.0,0.0,0.0,0.0,0.0,2.228014468365579,21.094376961458412,157.61701662806036,11.68913081570852,8.621125846328134,1.8006245840473534,0.4942919573957897,6.725630418500904,21.08257774974324,2.8414932017157373,26.033494773855086,4.18814437380625,1,1,0,0,2,0,0,0,0,1,2,1,0.4996514989258845,0.002958003804987086,1.985614181555235e-05,0.010492982277358722,1.6649672047048496,0.9962703026184215,0.4495280594934185,0.00019152302413910123,0.5387547779688957,4.710538678991865,1.147975635130577,1.0359241832732577,1.309464496764692e-09,30.286520497382977,2.1033286239944575e-05,0.000646209139651858,0.9979019534389109
aae0d104,7.11120034152395,24.8,0.026341031166729343,0.06004630888467938,0.09823666899340149,0.0438806594281567,2.881266774846938,2.1218543385907314,1.008121968453806,0.8684465918181178,0.0085717205573105,0.04923692773132849,0.021214445211549044,0.05626341610646505,0.04332711227237742,0.08054839827519567,0.0765871669396951,0.09025182483068832,0.127871015209821,-0.00027588316487766695,-0.0009314523766166992,0.13284931382596446,2.0682483677038777,0.008385467408736752,0.8046329397343231,0.007251270871959783,1.327981044118851,0.7866220235999205,0.024257892664773788,0.08518062270842904,0.8986834530806034,0.00015469684976706114,0.0017361450393272057,0.8665557499290235,0.003732488161872135,0.001008879170517606,0.00247174303563854,0.002119220527406317,0.004298271647251602,0.0008778435693945452,0.0002693024219360548,0.0008753850708582634,0.0010155906890118296,0.001572834524425639,0.0009684934266225458,0.003272435116338504,0.0,0.0,0.15993386178634922,0.0,0.0,0.0,0.0,0.0,0.0,0.0,0.0,0.0,0.023887507592313537,5.798376003756808,3.5265777086420176,2.237659933625848,3.763318735844438,2.1597431037844217,4.647458568701571,1.9132660045813552,0.9470765980407719,1.6613293456056701,9.280554912265748,7.642964221662238,1,0,0,1,0,2,0,1,2,0,2,0,0.3242513744503231,0.0072556665081505885,1.2443522799969526e-05,0.0077166047361239025,1.8201389139667412,0.9405484951725579,0.4517064682065784,0.00016962433439545867,0.5684970763302785,4.479800029398197,0.9454746997646953,0.9377725745148199,8.528899090035004e-10,30.30184940293293,1.8005546545197796e-05,0.0007361337659891777,0.9673579538009075
8715508d,13.440866076840493,24.8,0.03531951908426104,0.09004166365953321,0.11792242927304798,-0.001335268813592077,0.4672908862037173,1.1242114965943308,4.927905575157178,6.470463115768188,0.025315414762964384,0.047462302422405345,0.03318084006741341,0.029262670422751855,0.09685212444551819,0.14401019611032959,0.06559281982515729,0.10969049427375953,0.17848397372022715,-0.0035433792417653084,-0.001846447397197011,0.0013840201981860877,0.37115710947917346,0.08989624610536998,0.0062375306191738275,1.0584605666589046,0.03474904242091362,0.03100188751451258,0.035195362317581434,0.0161922588804766,4.87651795395912,0.05907549439652315,0.006831179532548364,6.404556441839116,0.0011666124766633122,0.008151344147352916,0.0006206461305327344,0.002862266409241086,0.0026485023371128937,0.0033689413808611853,0.00011548996077811969,0.00950251349306633,0.004978455610484356,0.005846478843251419,0.0035275418235837293,0.006751575337024449,0.0008782674342697063,0.08977093119367166,0.006207321317284288,0.0,0.0,0.0,0.0,0.0,0.0,0.033930240179711975,0.0,0.0,0.48593278009642826,177.57088933437237,12.037685648672916,10.171834961498107,0.2087869636422253,19.51791253064377,5.5435411341013925,0.09590963168724226,10.877039106789582,167.07657616652529,8.501437371363041,2.5855477361746653,0,2,1,0,1,1,2,1,0,1,2,1,0.44459167876734285,0.0026003303311428086,2.176242771824136e-05,0.005073359188609159,2.3421258043145867,0.9866258359763945,0.2278140497321798,0.00012726229715990413,0.449180046894718,4.434245566564633,1.2378262354638205,1.1804446555714494,8.913167588764207e-10,30.602397456762528,1.1516633466655851e-05,0.0005424118754593334,0.9896498770394213
a0ef5353,1000000.0,24.8,0.003661481662978179,0.08270071953248483,0.11346027809219267,-0.0010268299161255452,15.475144975500461,1.637873571224419,4.585575052980233,7.239822175990845,0.0015470806451604567,0.005119696353669671,0.00431766799010441,0.041061422872153315,0.0466816591232742,0.16035907660202697,0.05825983083904209,0.10804691321846382,0.17407409021907208,-0.0004848903589876844,-0.00038114680644734983,-0.0022144525829416012,5.803839330602589,4.923513143076909,4.747792501820963,0.2938482874657609,1.141634944532149,0.20239033922650915,0.17361444158939335,0.008380637648798211,4.403579973742041,0.0004705012547421584,0.00033390296807595795,7.239017771768027,0.0027108841566014265,0.01811267794773167,0.013955698621705915,0.00610359513159287,0.003047538693276972,0.00026416703852062597,0.006902966830178465,0.0032715333618661673,0.0020424569173358564,0.0005137453296601216,0.006584617828388438,0.012192731342393256,0.0,0.08421480892250857,0.07621795584428079,0.0,0.0,0.0,0.0,0.0,0.0,0.0,0.0,0.0,3.816483370409938,0.9999279583697309,163.4091154956319,7.37824180129237,7.003334285292418,6.831899031045778,0.8896360336036213,3.6337340524478914,11.107513031348077,2.0718775656418353,5.9132708886443615,18.41485168234133,2,2,0,2,2,1,0,1,2,1,1,1,0.28274672090890485,0.0022192864484147554,1.8078061505185556e-05,0.009205716011539081,1.9028505358362482,0.9092191221140485,0.5213878522511566,9.101677530990213e-05,0.38356496136201257,4.711282983677999,1.116928490210839,1.0304774538695427,9.350449662769789e-10,30.29670911428448,1.124159124549368e-05,0.0008055130174957058,0.9564990302752542
483442df,31.682589988890104,24.8,0.05970658783355354,0.12382948848543558,0.1254124984586125,0.009441416082757673,22.08920685574556,1.742314533004988,4.68675963009663,2.3587110314593103,0.05694110707822349,0.05757278758251573,0.06460586883992141,0.07133641940901389,0.12309211227320604,0.17705993377408683,0.08866564526386074,0.1139668688294324,0.1736049812825444,-0.001436590537706788,0.00032633874324970746,0.0294345000427301,17.323348309209738,0.235847856241689,4.530010690294131,0.4998204646179853,0.7101539882361569,0.5323400801508457,0.2840468828069125,0.047990067046911694,4.354722680242806,0.004127800767702983,0.00023444917044909637,2.3543487815211583,0.001663633893169269,0.00203077766141432,0.0048860101202556645,0.0016746906575548525,0.0013320953670339073,0.0029853871666890666,0.0006470209209636034,0.004719525438240152,0.005928665536563649,0.0004647812879488957,0.004631977953045482,0.0009869063163692516,0.0,0.0,0.0,0.0,0.0,0.0,0.0,0.0,0.0,0.0,0.0,0.0,5.26241234495079,7.0133506491431366,46.28743410755737,1.969523664477738,6.908714944281577,0.9898699208689156,6.842357898172313,4.720471279278626,1.8604512116125191,5.2404332662068835,1.687252276916964,6.885722611846001,2,2,0,2,0,2,0,0,2,2,2,1,0.7908463821023664,0.003588823307066781,1.6418194436743247e-05,0.0054922608496459436,3.346823423173062,0.9971265455004529,0.4132738344744522,5.47522348930905e-05,0.5375511259740712,4.362819007469772,1.0360724857832622,0.8625676325333953,6.953422340315025e-10,30.557640240403558,3.9895306557302706e-05,0.0009255892582610007,0.9982727416762212
a4c820af,163.4187155822268,24.8,0.004824569935564626,0.05749035451807535,0.043034244586382935,0.21302433985359434,15.430921186600251,5.148179667559626,15.56589123482693,124.39058564629961,-0.0005080014080832509,0.0014074627879484955,0.013574248426828632,0.07684724775809536,0.020382962129732292,0.07524085366639836,-0.0014252002328761684,-0.0006292979401316518,0.13115723193215661,0.07971715668666528,0.1808520611299866,0.3785038017441311,7.258549933549887,6.307964772091205,1.864406480959159,0.9064009715946593,3.140940204320916,1.1008384916440517,7.288752460040289,7.062907431402948,1.2142313433836927,12.794351836557173,65.47156338664404,46.12467042309841,0.0038110943197230494,0.016429167894685293,0.0855242060597879,0.020931878704494925,0.0029058041052513056,0.006037336926664891,0.011414551554296258,0.0009205862395541007,0.004305880698966259,0.0027794210746460214,0.008182061550893458,0.009959295795563664,0.0,0.04276557133331567,0.11717106770163681,0.03298684900321137,0.1609912196655745,0.1485855343248816,0.08759080486642949,0.002096802501971875,0.1536893969572989,0.08469397096298023,0.05656041058400181,0.061715361324361354,1.125747109950483,175.8526900682011,165.38590292441637,45.479253194787724,6.287279193490537,30.01167768337291,179.96578138975335,177.439453021756,9.638307873440091,175.12827097836782,23.12198302724463,113.30360815902182,2,1,1,0,0,2,2,2,0,1,0,2,0.25148165254828225,0.0033302300025571862,3.2478412343898667e-05,0.010820215766128058,3.1879743983368387,0.8919343352805519,0.5403823104636585,0.00022548630599427755,0.5653390097245132,4.528216370791862,1.0827356724090018,1.2568750145628633,1.0758759304841946e-09,30.64028814330151,1.9362476798552265e-05,0.0018496850822314176,0.950277070632392
198b5c4a,1000000.0,24.8,0.005885275504777298,0.06633966926640517,0.07086252429236463,0.0016441914882977928,13.841741242076118,7.13192636767188,1.4521483324587707,5.2272572216202615,-0.00032924767550742177,0.004927189577327203,0.013057884612512111,0.0005205256572907466,0.09919687240812398,0.09930160973380078,0.03425495312632336,0.1003332582466397,0.07799936150413081,-0.0002855585813924251,0.0006871020072078518,0.004531031039077951,7.166830133616679,4.755671426292341,1.919239682167098,6.743767282877434,0.06004547952911662,0.32811360526532823,1.360222583313151,0.005577959093859898,0.08634779005175985,0.00016329313862743853,0.0009443145968316071,5.226149613884802,0.003215149216986011,0.0006521485129116458,0.013600167669365197,8.031962400473455e-05,0.0012018162792762962,0.0020268705620652126,0.00010518933375978115,0.0008559369331505119,0.002132984417931641,0.00045357669002057645,0.0003102583012417069,0.0050527545105676815,0.0,0.0,0.08589150622020827,0.0,0.0,0.0,0.0,0.0,0.0,0.0,0.0,0.0,3.4898246323441975,0.14669147983066724,178.06547413047966,2.967109619820619,4.260452549186126,6.75720882517467,1.3106986507550862,1.4129377968538812,3.0219882951628625,0.44258258734249684,0.4376378024881786,4.052225863534359,1,1,0,1,2,0,0,2,2,1,1,0,0.2907558972939372,0.0031586884164178583,2.7247993419710875e-05,0.0037633188769052826,2.123732932444392,0.9113462458298418,0.30078190012202644,9.397107146306611e-05,0.35077493031559354,4.391572156828693,0.8409044924965796,0.9866049546507409,1.2489196462511297e-09,30.175592622470745,1.1691256633913304e-05,0.0012096636799030123,0.9379816122720808
61634d2e,17.881016119000645,24.8,0.04061783098930704,0.0983877250997922,0.1488770778081782,0.033240600848571354,1.8027386629413646,0.07647545443377125,12.287311214518844,3.251655439435164,0.03049898191625405,0.05958499097038781,0.03176952008127926,0.0592327411321624,0.0927190275067985,0.14321140666041568,0.1147146521059179,0.11235413282998653,0.21956244848863016,0.018190767780905167,0.028628541171120726,0.05290249359368818,1.4183806663698786,0.33730129590332864,0.047056700668157564,0.04311106211083286,0.0068924502726517714,0.026471942050286617,1.8129839623289943,0.03395724353186563,10.440370008657984,0.6618084357147519,1.6392066555193074,0.9506403482011047,0.0014558854241254046,0.004000221188286443,0.002224165529848407,0.0008970627833837736,0.0009508426554188177,0.0036116412741954086,0.000980725985741747,0.0006347156998339739,0.003453476927289996,0.0006089311266648718,0.004462773375225766,0.01129215775215394,0.0,0.0,0.03897325495555425,0.0,0.0,0.0,0.0,0.0,0.0,0.0,0.0,0.0,12.986023294014116,1.102332336447025,7.127653270255924,4.324158871877305,6.500967757282467,10.585822432801674,2.345788858194545,2.128334672862183,3.866458099891316,2.051253325018879,2.9517555806625833,10.27178258289619,1,0,0,0,1,1,2,0,2,1,1,0,0.508242893523502,0.006082721036812336,1.7032378536755325e-05,0.006477445219562798,2.0000926502660015,0.9676241668593916,0.44563659888648716,7.382521717544219e-05,0.43270298356384884,4.561160678888029,1.2530495392635352,1.023263982077533,1.5070360852602184e-09,30.341909087070903,1.5466013791673974e-05,0.0005614305332335163,0.9820074593664001
076eba03,29.591834761071656,24.8,0.05105084127483453,0.09496836988890456,0.13792657042067394,0.06674498283095169,7.059111962163038,0.0766449263974359,6.84397876548043,15.3156969929631,0.02910472030881628,0.05525478918838848,0.06879301432729884,0.060895158418691656,0.08958172808867922,0.13442822315934277,0.08548004356651488,0.1396375142676375,0.18866215342786946,0.0028329539180837987,0.08701519945596717,0.11038679511880409,1.069757143318163,0.14142270580998692,5.847932113034888,0.07629587226968913,0.0001047869564625617,0.0002442671712842151,0.18789990280280913,0.5960103014840246,6.060068561193597,0.016052311191404805,15.143291558134537,0.1563531236371573,0.0006082431481953284,0.002140462566464814,0.0007726998137231956,0.0011777747845571635,0.009172052081179575,0.0015960405236304944,0.0006367659873299997,0.0019289079296517925,0.0010192947618492504,0.0010273205109012327,0.0012982338161289712,0.0024937483080782878,0.0,0.0,0.03385866263356848,0.0,0.0,0.0,0.0,0.0,0.0,0.0,0.0,0.0,3.259775401326031,0.6365785295960371,172.45968567442287,1.8392178908160395,5.5988069378204495,4.32783219973118,10.279746039283468,7.6035850818104125,7.444491795551671,0.3349623397919569,0.38587199559595453,1.7053515764508074,2,2,0,1,0,2,2,0,2,1,1,0,0.4955852024923795,0.002330118417506602,1.677042366988278e-05,0.006308790319046824,3.3012648353170544,0.654000337103738,0.32537543109579614,6.969773628558832e-05,0.23276442050203378,4.63451919732,0.7065365903750722,1.0217023676463322,1.0389602017921819e-09,30.37471857542582,1.6469818949569134e-05,5.192445130134768e-05,0.7665475890344998
9928898c,7.539597863609999,24.8,0.04070623188414157,0.08003956082170738,0.09856279018542523,0.006764160994190439,2.203874645896006,1.1226556442592577,0.8433001922220433,3.0805574362192676,0.023809005061481637,0.0443372208678595,0.05397246972308355,0.02890332008648354,0.08300043299641074,0.12821492938222784,0.09117940367766127,0.08994341187455637,0.11456555500405802,0.0002595543144168253,-0.00014437036764780836,0.0201772990358023,0.19292848628292383,0.01964780683413892,1.991298352778943,1.0891770515801102,0.025640078041719132,0.007838514637428233,0.3738893723497943,0.08911077733082107,0.380300042541428,0.00013506485792600902,0.00010949757560918443,3.0803128737857324,0.00013294715564286965,0.005494422253942425,0.0017606527593910372,1.3920520967373139e-05,0.004367360393964092,0.0015001918866509793,0.0004544688194624226,0.0029466434666935775,0.003362618904915462,0.0005726898473280323,0.008234802335190429,0.007051696170678948,0.0,0.0,0.003087805244145693,0.0,0.0,0.0,0.0,0.0,0.0,0.0,0.0,0.0,0.5933418628289924,2.054795737217193,178.3064977051843,1.0772008941197009,1.480854203410125,5.714847889870454,1.7805383658263916,5.3559680849686755,0.1833124437214579,1.4609949132510827,7.9725512751185015,27.814504601600373,0,2,1,0,1,0,1,0,2,2,0,0,0.4419493560327395,0.0016833879364298134,3.0892099426430036e-05,0.00597415567783945,1.9591734618697185,0.8968629433620716,0.5771814811865296,8.499608077213132e-05,0.26097487060800284,4.569123288187558,1.120162148943643,0.9414783984403111,8.20441462629239e-10,30.484426956633513,2.7758968233510015e-05,0.0010180410938741905,0.9563340243294515
9f2ca239,18.593870954394767,24.8,0.022756861328000273,0.059347212258631314,0.08768870506123445,-0.0008820140406746411,6.829440285491454,1.9929226284017223,2.317614024467421,7.0649286122206,0.003593312741070869,0.01991729550509427,0.044759975737835675,0.03184569227618978,0.0638962706093302,0.08229967389037396,0.06288716379148096,0.1529379548714882,0.0472409965207342,-0.000536299048036481,-0.0015571090425577317,-0.0005526340314297106,4.384381000757215,1.8238258140199317,0.6212334707143077,0.8505532737827218,0.40691927366759195,0.7354500809514083,0.07404017004639386,1.1204938226898913,1.1230800317311354,0.0006037837001766916,0.005144658385629673,7.059180170134793,0.004911103592817436,0.011553241407813334,0.008479158420648725,0.003867949988631632,0.0023533018795847114,0.0006798171059906998,0.0008609710066879044,0.00019700838063551842,0.005204311029642417,0.005343253908155604,0.017189567906133105,0.009508213015328944,0.0,0.14797639132556684,0.0007079724522816988,0.0,0.0,0.0,0.0,0.0,0.0,0.0,0.0,0.0,1.148448980980559,8.434051181857031,4.218408044141007,5.780037386257897,1.1379968976320853,9.396154830333002,2.839933976990053,1.4040882916623338,25.949788757128225,1.0459223988001214,15.405604700399856,10.381496336162606,1,0,1,1,0,0,0,1,1,2,2,0,0.3447213311959112,0.0023164684265665376,1.8709453690104653e-05,0.009118794522488892,2.256213936502321,0.9358508917354129,0.43281444434926675,0.00010856517614425419,0.3545623986813591,4.795107319707214,1.1937475940435083,0.873279107653459,1.0678363939591657e-09,30.381731050954027,1.4262630084636989e-05,0.0004982754454190289,0.9635722709400162
aeb61a8f,8.262495915946332,24.8,0.032655045597076805,0.07358716981173243,0.06021293756491405,0.02951489441323181,0.4047778340540671,5.836385196223463,1.8220091865427093,0.014541073619320865,0.019418944468614256,0.039941931751903845,0.038604260570712326,0.0024572334822063613,0.0901478890242497,0.1281563869287412,0.05165039154668498,0.08418260917621145,0.044805811971845674,-0.0002761791240045565,4.5070831280704476e-05,0.08877579153241928,0.00297592683592455,0.121033330027405,0.2807685771907375,5.828015618651093,0.00035528552859662675,0.008014292043773867,0.38816491880375115,0.17859045016302572,1.2552538175759325,0.00015255219001690482,3.226500285129424e-05,0.014356256426452666,0.007355360152472477,0.006010226093792687,0.010201819047803755,0.022352332733422804,0.0023162705423581194,0.0018608330779029143,0.0017863417683947583,0.00042826915522413444,0.0019986776600694383,4.87128838854811e-05,0.005310578422980568,0.0033595990660192634,0.0,0.0,0.14239958633081154,0.0,0.0,0.0,0.0,0.0,0.0,0.0,0.0,0.0,1.337683917753892,3.678519193701446,6.8951553748544345,14.589159951941724,0.4428493935667988,11.491709384093042,2.921580998730306,13.202858987537086,1.4350943709461264,0.7319458656977839,2.6007401415658027,29.128699275308772,0,2,0,0,0,2,2,2,2,2,0,0,0.36231505459612173,0.001394549305064848,3.162533393351038e-05,0.0058432253419512725,2.2685560821953494,0.6959607142651408,0.409102803626191,8.284517956032853e-05,0.30930830759526384,4.539104811112246,1.142241765642148,0.8941938938094035,1.2444045157931582e-09,30.227914222703376,1.1820706844538835e-05,0.0012664940029247526,0.8203031281914137
c767d550,24.993389482132077,24.8,0.009019696120255622,0.052345144001525463,0.06725742388329198,-0.00047519215095583696,11.45349718626143,4.591109933184377,1.8698450347096562,6.866632405416916,0.0037976056396794057,0.0012133464194869965,0.022048136301600463,0.020948124111471535,0.02546891946769873,0.11061838842540614,0.03896911545691115,0.10930853056316525,0.053494625629799536,-0.0003064392342090727,-0.001405576259275891,0.0002864390406174528,4.341518086144377,6.479367024194625,0.632612075922427,1.886769308956937,2.5574504588419344,0.14689016538550498,1.0384946679736125,0.014085248246047942,0.8172651184899958,0.00018790896418254148,0.003966778103019223,6.862477718349714,0.001381946742189174,7.356865231033464e-05,0.007467117167587868,0.025682394030815334,0.00667262940937432,0.002017037905573571,0.002502095062894462,0.001953506516746147,0.002671800779403541,0.00031457218131250055,0.003935589122254598,0.014778117277312446,0.0,0.06252536764783956,0.07513309628024693,0.004178564387582398,0.0004746542184442604,0.0,0.0,0.0,0.0,0.0,0.0,0.0,19.260476036954888,0.15025090176011194,1.2664819882554736,39.72864466300231,0.9174936575955738,4.692701184479501,3.0451470351259053,7.087602261029443,9.309036499811535,2.5928919512984048,2.2442012996585303,2.8135345917848054,1,2,1,1,0,0,0,0,1,2,2,2,0.30415674878362164,0.0035888799418402235,2.3002730217159496e-05,0.0032944154008195787,2.558793908302124,0.7739897996950479,0.30102407248842267,7.946000980322365e-05,0.5752465895305414,4.427208833250609,1.2839508609651125,1.0055268480983626,1.1277895308303763e-09,30.15614869794222,1.8267687722271986e-05,0.0011157535636680976,0.8419942082075199
c36a7d42,25.402404640766143,24.8,0.042984699045921865,0.09731816115074021,0.13706803585146118,0.05390361902867959,6.011688485796657,0.522218742430899,13.145072145105729,5.161857082763901,0.04110298051107679,0.048921538560824075,0.03892957806586473,0.07053659698131418,0.08030757676661342,0.14111030970429303,0.10782924755954777,0.07717425631456948,0.22620060368026626,0.02131529595384407,0.04611398118135886,0.09428157995083584,5.676199875971489,0.17005401455812283,0.16543459526704513,0.45424969047811015,0.051719581436501995,0.016249470516286956,1.2801557541874629,0.3290510033996861,11.53586538751858,0.9086854363267038,4.2530221041197,0.00014954231749698287,1.7258838428088197e-05,0.002768846849523787,0.00014470535408336494,0.00013817537393186847,0.00029860004575531706,0.0010065624453980408,0.000813124159915191,0.007997649755942885,0.002646912973019799,0.00132405694022468,0.004856267111997662,0.004212677666899816,0.0,0.1641700707091852,0.010342979571921474,0.0,0.0,0.0,0.0,0.0,0.0,0.0,0.0,0.0,3.720890796452757,0.08875477832135224,4.87312629745597,1.7444594563353253,4.3054232934704055,11.670696830005001,8.326214754341054,7.810824354255666,4.220388348899044,3.0254068211322207,17.423381158772916,18.370092169347437,0,1,2,2,0,0,1,0,0,2,0,2,0.6150239599311952,0.0028792371091573995,1.6169201890820356e-05,0.007550920585257958,4.999711115473488,0.9967223457739373,0.6954499564258486,0.00010377611124787097,0.307939972901528,4.851811097709055,1.01868472868677,0.8733371700238426,1.5899719570762855e-09,30.51269002101648,1.2664895401631349e-05,0.0003150874721859914,0.998932245266989
e6559755,10.766722715731596,24.8,0.049780337433946775,0.09179057764202525,0.12526511535948318,0.046641356249829284,5.618927532479002,0.021725693249335102,3.6979428459591674,1.2317414199205639,0.03767632148809935,0.06339840727533988,0.04826628353840109,0.057081580840111036,0.08993013369912761,0.12836001838683714,0.06966449602172357,0.15062739480634046,0.1555034552503855,0.0003249945918783662,-0.0007323555293630067,0.1403314296869725,3.9897690014536096,0.5791803354213381,1.0499781956040544,0.014135600490093677,0.0001766142482056007,0.007413478511035824,0.003653864702458391,1.0176241718719123,2.6766648093847967,0.00021229504943499062,0.0010773506513720459,1.2304517742197567,0.0009974897541321086,0.0005937082589109594,0.0031888720916962146,0.0016257882615658848,0.0008917702743074934,0.0012492189212542392,0.00041393109524771833,0.005329744461421718,0.0012163228861253419,0.0010257094786629546,0.002159029549336061,0.004602344276708143,0.0,0.0,0.00025071685694124973,0.0,0.0,0.0,0.0,0.0,0.0,0.0,0.0,0.0,15.536147392384873,4.987585948346336,7.005562177534965,4.838227431446854,1.7538504933394499,0.7687491118169826,2.876562512092637,4.005670067346592,10.393310287760189,1.2625232281411065,6.76371724415609,2.911926986206394,0,0,2,1,1,0,2,0,0,2,1,0,0.520263718044025,0.004358807996980969,2.26287485015668e-05,0.004859257738291988,1.9585735712153063,0.9969336079308256,0.5163629991780949,0.00012714089707296843,0.7011223812997989,4.443364282695115,0.9771748810881444,0.8769129970234439,7.749422638868294e-10,30.45144062956204,1.8681605529665932e-05,0.00034003457725905226,0.9984653430364027
0f468ee2,79.84248140522897,24.8,0.07159175692873267,0.14424389387234038,0.09007169337995352,0.13298751449285648,24.171372709793395,4.898142711948613,0.6307998079344294,49.59923682782108,0.0507965766614755,0.0885084364705078,0.07547025765421472,0.08812010430319353,0.13590717658785348,0.20870440072597415,0.08669263474286733,0.1167996635115161,0.06672278188547714,0.09277628181389865,0.116541896916692,0.18964436474797872,12.052706941621002,3.848145504832273,8.270520263340119,1.9583300013087015,1.3531157235254352,1.5866969871144765,0.22216865605777597,0.07842229016760797,0.3302088617090454,17.214878554279018,27.164033180576038,5.220325092966027,0.0007603717003667147,0.0004869614041833723,0.0031036088638086044,0.0006298372137345148,0.0002769911963914289,0.00022914939738224093,0.0021101864450509267,1.6714951539342467e-05,0.0018463254995196333,0.001272735296999869,0.0023888688356346202,0.0008147973633510046,0.0,0.05307347024975817,0.07763755711865171,0.0,0.0,0.0,0.0,0.0,0.0,0.0,0.0,0.0,7.265166405013151,179.6870519214995,167.0279067486548,10.130167636841884,0.8527344715642633,0.5782546034240374,1.9224458594032579,23.31057837268337,0.5995495595817155,3.8127642193657416,0.9568331060580145,12.758420223185349,1,1,2,1,0,2,2,0,2,0,2,0,0.7883497114911394,0.0031268352834141915,1.363100146958959e-05,0.007330123429644531,2.235501667025959,0.7604210559196928,0.375419343931962,0.00014551691371955414,0.5414833075029721,4.813529813912071,1.1880554680564481,0.824303974848812,2.5351364922454346e-09,30.472843614223894,2.4667660774578242e-05,0.0009684844954982111,0.8503260839918407
4e1291df,1000000.0,24.8,0.023170323214500927,0.08675716918416339,0.03561723284801968,0.0078617314338522,16.907546474199187,4.3128629714167745,5.4268248026536,2.9294605844668657,-0.0015570230148124488,0.0728201048579448,-0.0017521121996295578,0.013757011943351032,0.059206346921246045,0.1873081486878931,0.03482530690569943,0.04730923136533703,0.024717160273022586,-0.0008117898061930379,-0.0001856057798403272,0.024582589887589965,7.81309576269254,1.5286570142166438,7.565793697290003,2.7890450875459614,0.7115417693635394,0.812276114507274,1.3189918101102462,1.481308909733385,2.62652408280997,0.0014898151357678417,0.1882436734334642,2.7397270958976336,0.007924687310423862,0.008420024657352344,0.03726544700902886,0.038794506671236025,0.0013259512379587522,0.0004529008437073517,0.0002769235743728033,0.01983571750391871,0.013707196138369428,0.013107622091362776,0.010342455468739723,0.016611491601643262,0.0,0.07308470283178387,0.021055960029249098,0.0036126985066203716,0.14120991707685776,0.0,0.0,0.0,0.0,0.0,0.18806780803732107,0.016781077123023815,19.547785021374555,172.35733469836836,164.73097788252244,5.857602751996485,7.289997078290062,14.701617013989406,2.0682041391690698,9.75508437809581,12.997814056512269,2.586011070910794,4.4761906962886195,166.79683551213353,0,0,0,1,2,1,0,2,0,0,1,2,0.46093396769325967,0.0036268876036991272,2.3039562476068198e-05,0.016399370472465497,1.8312846035730241,0.9235676374316532,0.4871886807598229,0.00010666384931068175,0.5308899029383851,4.572015298854771,1.1764517589248786,0.9923366278379621,8.613097676015014e-10,30.33108346184488,9.147929670945836e-06,0.0013578144077544094,0.9607559004506065
e44e0b76,18.029368431368784,26.3,0.04932798298578178,0.09328858928413386,0.11179429389460971,0.06950746949825369,6.828516499026014,0.010776678102549392,2.868485828580326,8.06491400892779,0.03813480234267064,0.053996726515958424,0.0558524200987163,0.05669019415355911,0.08992096041441512,0.13325461328442734,0.0659763479784106,0.11236385653294495,0.15704267717247364,0.0017740272380503822,0.05564379294006087,0.1511045883166498,4.1982278062656,0.1002242594309014,2.5300644333295117,0.010558207761772293,0.00017997684176874058,3.849349900835887e-05,0.030845677035349052,0.034034650397850474,2.8036055011471266,0.006305568022886142,6.192470186505946,1.8661382543989575,0.0005298539449627727,3.80224099155637e-05,0.0004832668249335416,0.0019243849516991007,0.0031921543389561826,0.0046476220397429525,0.0009780289289723627,0.0007527438196878835,0.007864303559010358,0.0033500358500780708,0.0026078713945232503,0.0017273529744433794,0.0,0.0,0.16757836838068532,0.0,0.0,0.0,0.0,0.0,0.0,0.0,0.0,0.0,2.6339190608507352,8.014098924637974,2.148378950823247,1.217872898710901,0.03992647041944543,7.3683704338636575,6.768890918605765,9.712246222829082,9.971517178818448,3.502193971841347,5.3917303429881125,5.066431410131561,0,0,2,2,2,1,1,0,1,0,2,1,0.492886254569276,0.0035204698005049393,2.620846374585226e-05,0.007403179868433366,2.520110311362687,0.7269781491368725,0.7837711148507149,0.00014749136520998763,0.45398716950115925,4.647234319804902,0.8774662119311833,0.7621283189952258,1.023760388451727e-09,30.451205890875265,3.832706864110897e-05,0.0009470250954655909,0.9408864124549865
3bb419fd,250.80064159044346,26.3,0.011654701134924417,0.035597856947960006,0.07157459165426906,0.25589487144273365,7.192703391657996,9.640531683186644,12.779779273968852,218.59653242545403,0.015685521304768225,0.003262585905993138,0.016015996194011888,-4.480304916514444e-05,0.058508193399704464,0.04833018049334071,0.003742552666407977,0.03312872652949051,0.17785249576690873,0.14713829602274303,0.2592378033942149,0.3613085149112431,0.2280818104885937,5.571212612080401,1.3934089690890006,7.0084004907084285,0.5970579074025937,2.035073285075623,5.654745974733345,2.3177298795618717,4.807303419673635,43.40129193433788,134.46696590579646,40.72827458531969,0.004543243243135413,0.022562341402180427,0.052804806861352326,0.01143804766972834,0.006923943304315377,0.0022975744419820266,0.01889318548017427,0.003001297063405023,0.0030903655244275295,0.01275075044649566,0.002325933327661735,0.0013735897464127143,0.003801293762619436,0.1268133194204061,0.0586540181854611,0.0,0.0,0.0,0.18888945938111146,0.0,0.0,0.10177303974821587,0.05848307851535912,0.06151498355620081,29.17659755836897,161.7348839341608,169.82078895152756,1.5384727919718313,13.85929298822302,4.913004005303568,11.557127642341916,24.273648484341983,22.95095784824722,61.466796300211506,169.7549454850207,62.24133102738943,0,2,2,1,2,1,2,2,0,1,0,2,0.40784050687842344,0.005333038205479036,1.879060847871969e-05,0.017463490001558467,2.3079816326538514,0.9266802006284622,0.37603760190599556,8.777933528400816e-05,0.48467435728536373,4.478140589726532,1.0917774909612348,1.0534025590565874,7.668802275098444e-10,30.445865020228695,1.4130149386814027e-05,0.0017477604718682581,0.9542135983961734
600bd1a4,19.30808532349822,26.3,0.0445074626554704,0.09376561363272733,0.09122261973950811,0.085972497685184,3.2295274858290877,1.6236892778063214,1.8474910753854803,12.349214159984292,0.03289516829263191,0.05391739440684681,0.04670982526693249,0.08183713636183973,0.06946531614406724,0.129994388392275,0.05785187235782393,0.07891243353114503,0.13690355332955537,0.03865236198747005,0.058298401544954595,0.16096672952312735,2.132200011788819,0.13070321504283858,0.96662425899743,1.3000455088319611,0.3201776641366588,0.0034661048377014705,0.18434607636486547,0.2874385915424499,1.3757064074781649,2.988010457140653,6.797418151143287,2.563785551700352,0.0011589418837073574,0.0006665970569171134,0.0007926852738209878,0.0017655535300145804,0.0025001092230332186,0.004284901007492485,0.001095538528166868,0.0018032291524617545,0.0018572797205173254,0.0005317140336236863,0.003302385464979601,0.007274315698393806,0.0,0.0328390410545272,0.12130757933162517,0.0,0.07156423095862706,0.0,0.0,0.0,0.0,0.0,0.0,0.0,14.949945255061113,178.96287225898,22.109198729950613,9.260729682239978,177.52479987876828,13.702054655268741,2.4157583176632627,2.7451526226828067,1.8991607915352862,0.3828902764594459,0.24507113860961724,3.245248935842006,2,0,0,1,1,1,1,1,0,1,2,2,0.5932954494534929,0.011813083859611086,1.551271618983511e-05,0.008227891453025486,1.8520999373183038,0.9688869582631141,0.6709411164882854,0.00018725532864503086,0.4472006933783002,4.557377908433512,1.1353727269899234,1.2687172639741493,1.3879252451520139e-09,30.50248289507091,1.6403645473059163e-05,0.00048102938569296574,0.9896948831117581
b8b5a59b,11.540576726216766,26.3,0.04723876473621958,0.10529604922999103,0.06984682013466055,0.03142364584018307,8.573352844657913,0.8134031362058244,1.4708056416275206,0.2937085880116269,0.044958859482328084,0.05466847466418542,0.04208896006214525,0.05662284986236197,0.12523438989064611,0.13403090793696504,0.07518977791550524,0.09194967708639493,0.04240100540208151,-0.0001013956222017692,0.010817384933455824,0.08355494820929515,7.928416444341789,0.12142151349187334,0.5235148868242525,0.009991821623279917,0.8033322367412623,7.907784128215698e-05,0.01260691861810123,0.0651806325788846,1.3930180904305347,2.0649419044454333e-05,0.23404034688398279,0.059647591708599665,9.195391479898144e-05,0.00904515593410404,0.009467504322740823,0.000682306600821245,0.0006066587773620648,4.0247190731254124e-05,0.006208368375732511,0.0035272366401770698,0.0019338431417399234,0.00029542281747777454,0.0029518277166398045,0.00019243631142011218,0.0,0.0,0.15467449790442542,0.0,0.0,0.0,0.0,0.0,0.0,0.0,0.0,0.0,6.032105696984252,12.684706740856889,22.46326410684009,12.695561519292394,9.535179926916273,2.883407662450288,8.837793999475666,6.345287609520774,24.80304392824517,5.449034676928821,1.372213173809403,10.37648578161964,0,1,1,0,1,2,2,0,1,0,2,2,0.535439418086534,0.0015494370135950937,1.596929603688137e-05,0.00426420778914743,2.4031650445829738,0.9108130322622617,0.6606763209216766,0.00014345665115791703,0.39140085826991433,4.4390151848576425,1.1068661108966182,0.7408832730704266,1.236854471424361e-09,30.409610153368888,2.8369103986362722e-05,0.0009262025699347022,0.9696706823492988
f2c27774,1000000.0,26.3,0.03009127329997023,0.03154816155617756,-0.010885845953512248,0.21266877259732717,2.1072682604094526,10.301836549076068,25.22768504720156,134.28938511138958,0.01155626436320079,0.033773158874999945,0.044944396661709955,0.020380718040458285,-0.0005704820033150396,0.07483424863138945,0.034310062371576716,-0.09695062283044835,0.029983022598334887,0.005830976821609556,0.16666240919830824,0.4655129317720637,0.885930063783106,0.486694599059505,0.7346435975668416,2.1144523776828983,7.204578270550019,0.9828059008431509,1.4304628266308876,20.881999623768902,2.915222596801773,0.14593155742072056,55.603592465720325,78.53986108824853,0.006571682578725108,0.0006227289167337676,0.0053140255851705015,0.0019755245407353174,0.014351639463013757,0.007139291186655712,0.026652789212266024,0.09482892791703935,0.04800570614439148,0.0746701205350902,0.009117316365186801,0.009472733394695962,0.0,0.07777218770175981,0.09437963485592106,0.16774324177299954,0.14035639586231913,0.017200530645280963,0.07354142083478092,0.17096199570971818,0.0,0.07235534913169989,0.05079206069395195,0.019883939970237362,25.30506256193582,179.10991604565055,178.08091320686302,84.31612021106632,178.00205366790016,4.369436367598331,170.38184570901961,161.48208811901142,20.09801772484072,178.32163323018713,38.88080272705888,159.07428793188623,2,1,0,2,0,1,1,2,0,0,0,1,0.3984447862674319,0.004808543241827228,2.3170465018147907e-05,0.004360941861629185,2.089609273845163,0.7720364148990813,0.719549536216221,0.00014082416680427287,0.36154901519645954,4.5679179191284,1.109457547578947,1.1797523459257069,1.0712073429596845e-09,30.21615615306535,1.2386129070332965e-05,0.002735658156536084,0.9359955518790127
7964c847,1000000.0,26.3,0.03168420259761876,0.09968360335471645,0.12762285116436262,0.0339406184511703,1000000.6174138779,0.32692056569992733,3.816620174585376,0.036056537397704966,0.0,0.060375818024169296,0.034676789768686996,0.04895323174343138,0.09158407236833276,0.15851350595238525,0.08152388006167886,0.18970892370913178,0.1116357497222772,0.0017147182978250394,0.0036078912094550564,0.0964992458462308,1000000.0,0.5140443390304444,0.10336953878845245,0.04685493542150051,0.10453201540050522,0.17553361487792163,0.09605283528668733,3.424931213924092,0.2956361253745965,0.005880549666168918,0.026034815380097998,0.004141172351438048,0.0,0.0005457447893765638,0.010936560375446618,0.00012621994416186003,0.0011994915294405398,0.001220941797310561,0.0008433111224213121,1.984954784222683e-05,0.0016408222547984748,0.00017884176502675785,0.0010283100562889602,0.0008405134995226264,0.0,0.13193663222688576,0.09190343864274243,0.0,0.10154636913360429,0.0,0.0,0.0,0.0,0.0,0.0,0.0,0.0,0.16043149091406209,5.317177549676346,0.5626397848694654,2.6900402331763664,1.797245130879612,0.979140738310951,0.16797520916335792,1.2278203071828075,0.3036433244661809,1.2743337740415004,5.188655191412233,0,0,1,0,1,2,1,2,0,2,2,1,0.38232746923026806,0.0023873867380558313,3.0262202030431358e-05,0.0044519516124683165,2.298676611633265,0.8530951150411109,0.5808987426857419,0.00017690947962293717,0.44919266848457423,4.623306119681239,1.0065491732266645,1.033433876282248,1.868484024937558e-09,30.2751277059925,2.0412779470633913e-05,0.0010003817357129188,0.9383738881338546
81f87e6b,1000000.0,26.3,0.006564193712172021,0.06514956661828938,0.01894769585796795,-0.0031332520599285907,16.096909685635787,10.1932951678261,14.418615653828656,7.1481235505724525,0.0003835535610986381,0.021479572171126594,-0.002170544595709169,-0.0009262463576813449,0.02476758479303644,0.17160736141951305,-0.00035468760547509526,0.0007362013637543717,0.05646157381562457,-0.004835460443986248,-0.0039077116934617085,-0.0006565840423378161,6.728491165755235,1.632618115998756,7.735800403881794,7.172378680928567,2.613503351135832,0.4074131357617008,7.049670101477997,6.679799142573204,0.6891464097774537,0.04681758349423749,0.0307362666100476,7.070569700468168,0.006026282415596015,0.0662200467535197,0.01578727636590272,0.0049272980005305115,0.01282293982276479,0.0030315065025291873,0.003166833626921583,0.0009178280667127589,0.0025126612419116203,0.007363971993844363,0.013994472180574119,0.018066920601718307,0.0,0.13827308490751486,0.05829686873802324,0.0,0.0,0.0,0.0,0.0,0.0,0.0,0.0,0.0,53.77172935883324,153.80401408989437,6.502469382187772,19.858426985835536,2.8137476837318838,5.645255069265972,5.500228896235334,1.4738826229661333,6.597363912297645,166.51732224852387,0.8937746359958317,9.342589460821909,0,0,2,2,1,0,2,1,1,0,0,2,0.3335766813010004,0.00344634391174188,2.1103910069773733e-05,0.005786510553717501,1.370323074818516,0.8835443042438146,0.31665551869131847,0.0001151201345709081,0.17822442238400832,4.4676442738521365,1.4809103405222568,0.7563422984953143,8.750226211187641e-10,30.661208546562587,2.2422074429786966e-05,0.0010903638570259051,0.9203889774361788
07f29370,1000000.0,26.3,0.022630498259255945,0.0743374899828113,0.07722049653972506,0.00479504679268453,7.732173619623737,0.711737480840456,0.2568385181693832,3.555601296756075,-0.00016248516423271011,0.04687524398001816,0.021178735961982383,0.04815587887287634,0.08947134953864874,0.08538524153690881,0.06112601857168194,0.09343040226431275,0.07710506878318048,-6.651836857894314e-05,-0.00027849199384060987,0.014730150740473142,7.082247695494715,0.0004055053581132196,0.649520418770908,0.062216444118692454,3.817676450411318e-05,0.6494828599572594,0.10700512436108534,0.04990744362103184,0.09992595018726601,0.00011319103409885046,0.001129991519017628,3.5543581142029588,0.016233183405132516,0.0015164178606193474,0.014506215073828108,0.006188762417475782,0.005915403632743541,0.0023207808910012313,0.0030199761978810503,0.0027582419627440787,0.00024048018289727296,0.010214775934010604,0.031223003342903954,0.03784467503175894,0.0,0.0,0.0007373382631592663,0.0,0.0,0.0,0.0,0.0,0.0,0.0,0.0,0.0,2.6524005328127673,68.71213951070274,125.77954450214027,19.743831259348674,2.764472083725412,3.7590820635292372,5.269791196746528,0.21718225553636858,1.9003440330696832,9.62858062925437,4.6921114473452326,41.12705020635072,0,0,0,2,0,2,0,0,0,2,2,0,0.44415379293021173,0.002573763650491774,2.3626548912922816e-05,0.0073979065896528804,2.279006983658946,0.9472153184572458,0.45326069620150505,9.477883686080603e-05,0.22129443507491653,4.268240902051466,1.3993825926182475,0.7296913520165816,1.1504166120427068e-09,30.395600252878694,1.3875332901344602e-05,0.0007421740674328566,0.9710952138924692
bc54e9c4,1000000.0,26.3,0.029306228852451724,0.09855416426426238,0.10750775073454483,-0.002557976889079934,5.164907186208247,1.2699607530189232,0.8131048111811998,7.166660606447953,0.0025779009850824355,0.04967021103356015,0.03567057453871259,0.035417282909417896,0.0799699743998326,0.1802752354835366,0.08377868950052447,0.11877445382975221,0.11997010887335781,-0.006458496528737801,-0.0011565476989582645,-5.888643954373598e-05,5.122190060842624,0.012560907981969535,0.03015621738365416,0.600493532843182,0.055648209658346326,0.6138190105173948,0.14466087805739875,0.10406395153994398,0.564379981583857,0.1573992851403315,0.0029557922463779958,7.006305529061244,0.002908805722107206,0.0024004944581745894,0.0004120654525838761,0.005267690758801407,0.00408868203473421,0.0011257779586594126,0.0014161531162110129,0.002349263078251915,0.0008182802168989395,0.017856202778247045,0.016750733907703357,0.00506818091626373,0.0,0.0,0.0,0.0,0.0,0.0,0.0,0.0,0.0,0.07365608633923718,0.0,0.0,3.6462398918582615,5.977521556676333,12.580280629605026,24.915170822356835,4.9930005886304425,7.597386514555786,1.5082374076487455,4.976362294457562,3.0392171781415844,103.96640850785951,18.275901806238156,23.41860705776976,0,0,1,1,2,0,1,2,1,2,1,0,0.4920920940430134,0.0016073607769534104,1.3525147971776827e-05,0.004305650725617818,1.564495248859893,0.9973548318861002,0.4275470900642299,0.00010504823657563938,0.6635799094402826,4.56965393543884,1.1937330296709654,1.0904335589432326,6.852731304857979e-10,30.262531586054354,1.2661081176441594e-05,0.00048448896178983586,0.9984430111069224
328f3566,12.54822309457817,26.3,0.03190006008618447,0.07302760784907336,0.07719980322117174,0.0006302185047469783,3.3995562586585044,1.3320508038377967,1.0402464998314784,6.525528432133239,0.00634854734146081,0.05318482567928763,0.03616680723780497,0.030625964675822192,0.08547301649297542,0.10298384237842247,0.04688949778109427,0.0789461448805538,0.10576376700186718,0.00025975069311820416,0.00033735286199881523,0.0012935519591239155,3.0708699462655957,0.1928561019220243,0.13583021047088426,0.9458984065666278,0.12488223187620803,0.261270165394961,0.5955348424160989,0.28665717980840055,0.15805447760697902,0.00013539436287316394,0.00022773423026851283,6.525165303540097,0.0021848430574060622,0.0026789600758951137,0.0074692968812159945,0.003366222812544509,0.00033312245437940583,0.0036911839461479918,0.0003129813016148272,3.4632154049202366e-05,0.006572469037779318,0.0006734372445811023,0.00034687644908452334,0.011430370114430183,0.0,0.11545356446756298,0.09285172571361058,0.0,0.11523465791320378,0.0,0.0,0.0,0.0,0.0,0.0,0.10294142670867856,2.4882246053701405,39.022156221502364,176.24083523643114,0.2129516096127606,176.2513382315203,0.11929610887646551,2.3268987815060544,2.5554108666255453,9.180438440520982,0.4286884804708743,6.929779322370422,175.9560324992216,1,2,0,1,2,0,0,2,1,2,2,2,0.33134747050641944,0.004431787967857434,2.791203177248789e-05,0.0057451933783849414,4.730919567954954,0.7047427052479469,0.5434567375425842,0.00011167339794407757,0.42028388633059593,4.585292810449859,1.1820497036822237,0.861032954468314,2.0557073401430103e-09,30.320981161787646,2.5967012663555785e-05,0.0015587546517873436,0.8651479257157926
ecbe5443,1000000.0,26.3,-0.0032360261644552597,0.023764026781511436,0.08897692426197724,0.011871528578365423,2000010.395232128,16.103846401827305,8.667657051424204,1000056.0641701262,0.0,0.0,-0.009708078493365779,-0.022719612174548945,0.01949156670262558,0.07452012581645767,0.013266846923375668,0.07450822162444459,0.1791557042381115,0.13468764624354193,-0.09907306050844567,0.0,1000000.0,1000000.0,10.395232128043626,12.070374977926978,3.0575485137561285,0.9759229101442003,3.318773446024498,0.3982269865328114,4.950656618866895,36.29570743890978,19.768462687302797,1000000.0,0.0,0.0,0.014543883637267023,0.0009524195952819604,0.011641758834484735,0.000895492540074792,0.004578325344184644,0.00765499446149059,0.003219810724967338,0.012697191567086916,0.03103950317897969,0.0,0.0,0.0,0.031955350828712856,0.0,0.0,0.0,0.0,0.0,0.0,0.014022118985100085,0.13655659952492624,0.0,0.0,0.0,175.35187013870382,16.343157818249168,12.50008414853823,2.1790518765855333,8.022931289771543,36.58944015124986,6.463699095172513,36.938630298781426,43.63052594848396,0.0,0,0,2,1,2,0,2,1,1,1,2,0,0.4131567921787375,0.003249806785416222,2.4692824515038273e-05,0.007212705542531372,1.8078008253797297,0.9731613822710955,0.4086413639235773,0.00010628165836901879,0.7338332149772574,4.336433935074096,1.1508619327176774,1.1764257336806603,4.510122906002506e-10,30.467494402618087,1.608175095993503e-05,0.0009571873382959725,0.9840878874892662
3f24c98c,32.60136290123068,26.3,0.06437190453592541,0.11286386357178733,0.12323959449065573,0.02302713337420556,26.421418435973088,1.2560715040933363,3.8119155924354406,0.3366557037139417,0.055187094945048115,0.056983257269459,0.08094536139326915,0.07482019134681175,0.0868736049811197,0.17689779438743053,0.07592928674259275,0.1288254500791197,0.16496404665025477,-0.0004253334577746646,3.195542896699035e-05,0.06947477815142436,15.721561005142823,0.2528065756019067,10.447050855228358,0.7236995483691404,0.003995389701641436,0.5283765660225545,0.01828023089918572,0.29062916170278297,3.503006199833472,0.00036307754609472283,1.9333938439389524e-05,0.3362732922294076,0.0002529710757343501,0.0028656614396539086,0.0005678103608963523,0.0015748046301384943,0.0015513004467224713,0.0009611782045826901,0.00045941454289525957,0.0002561070517196804,0.005134240149740745,0.0011226956353429186,0.004158321723780015,0.003342440571654113,0.0,0.043246916642728055,0.0,0.0,0.0,0.0,0.0,0.0,0.0,0.0,0.0,0.0,3.408988768706576,0.07095296373060167,11.335833752391824,0.673214360907797,1.1418044725993444,3.502063793231329,0.21834831718706413,1.8248894232124029,0.8368289373069409,1.090602558911303,0.05153714457415143,0.42908417081893796,0,0,0,0,0,2,0,0,0,0,0,1,0.6532245712726884,0.0068216391444664865,2.381924457025182e-05,0.004646138977779546,2.6716320267301064,0.7237820817527072,0.34948331723267,0.00014478119136961,0.5179293172042357,4.493794670625769,1.0469694130251739,1.015908405850411,6.916136626800258e-10,30.460975104052817,1.782314419434412e-05,0.0004161617097557743,0.8202806877691503
655a3029,1000000.0,26.3,0.016799884123310654,0.06410153776876187,0.09948952219320935,-0.0031821360077602355,8.715094605488222,1.4362233601847516,0.41195597226705066,7.172624345702922,0.0004967529891178591,0.018197009271875276,0.03170589010893883,0.04884932095010194,0.05208512020203154,0.09137017215415215,0.06789026551976116,0.13067869910854807,0.09989960195131882,-0.008139597557428262,-0.0010528291240711279,-0.0003539813417813166,6.639541268471683,1.9843036441720778,0.09124969284446183,0.05900993659362532,0.8792543246075455,0.49795909898358076,0.013436098221293902,0.33526777026562904,0.06325210378012776,0.13251511315789752,0.002219111488640087,7.0378901210563845,0.0012079465899939256,0.019500352852053485,0.0063953544679174875,0.005800079405578917,0.001519005899439426,0.002798534917015224,0.0037034652611431214,0.00011633580883233614,0.0026748573405466674,0.0030027261135973137,0.0014876692022525754,0.009001707999392589,0.0,0.09104389379675354,0.08233911060902473,0.01024710098729426,0.008169974917694695,0.0,0.0,0.0,0.0,0.0,0.0,0.0,0.7340561755033809,2.6203107621021835,99.56249310469717,20.828700820776906,179.39335814224026,0.05189296881586925,7.220277316277112,0.36469517978251065,8.710620553469104,31.140040489894783,2.8413943745485657,14.36187176250474,2,0,0,1,2,1,1,2,0,2,1,1,0.29044241914026264,0.0020217697339976995,1.156621267746292e-05,0.004258724512576864,2.4528552841628333,0.9390321579107372,0.4296168262247764,0.00017838577079034467,0.7012890572616917,4.38276187075896,1.271109818634701,1.1208118179072442,9.626622760163045e-10,30.534960606605942,2.0477669873647323e-05,0.0004346242839915317,0.9651820070482772
2c24f1f1,3.3868605288199443,26.3,0.03588452348637398,0.10304708545852782,0.09099874503553003,0.01919131388659693,2.0426454346007445,0.27937367050306916,0.2194712302113803,0.7229866706507965,0.031633758778713716,0.03927784998235297,0.03674196169805525,0.05026292164694659,0.10211730307985566,0.15676103164878125,0.07259252502784419,0.12148260458514613,0.07892110549359975,-0.0003764211635113372,-0.0001947157323328379,0.058145078555634964,1.7383538216577876,0.2135752302099065,0.09071638273305055,0.02638753818343976,0.1011861926205666,0.15179993969906277,0.0009629038469685444,0.1451262652427396,0.07338206112167214,0.00029196980647390805,0.00015575806236456635,0.722538942781958,0.00023316525894997588,0.0029516034663775786,0.006698881458812498,0.002195329980714318,0.0029059173090270718,0.0014699307885563118,0.0014551096294485857,0.005113354072040049,0.0007171838619251542,0.0029298501319095387,0.00894033721560544,0.009819797602682666,0.0,0.06974320766659642,0.030139543745381196,0.0,0.0,0.0,0.0,0.0,0.0,0.0,0.0,0.0,4.033056634584905,174.915190638319,11.103792709112582,1.6323603516828582,3.2627838893020185,2.3564693875291147,6.910129422002686,18.534494850318143,14.513091154556815,10.416533504937071,8.276139415139898,19.82495511826731,1,0,2,0,0,1,1,2,0,2,0,0,0.5027296967113964,0.0015516451561868529,1.5587228608342412e-05,0.006644539170077191,1.5407146795546014,0.7902696480184509,0.5637080798661357,0.0002643860046098214,0.28552925339596796,4.320611502616127,1.1224032705624536,0.9286151909340798,9.882562189002123e-10,30.313074247086213,1.6794139763597975e-05,0.0009290354890492764,0.9084399712156321
f86c249b,1000000.0,26.3,0.020654946075773752,0.06198010086951885,0.07859102708839887,-0.003845334318493133,16.500576740121552,7.057179360065352,0.8131416154772912,7.350651717507416,-0.0030395045924458434,0.06512692869710543,-0.00012258587733833475,0.0005588514498985261,0.08341481949731913,0.1019666316613389,0.04273615229646292,0.10291890822291866,0.090118020745815,-0.009017613137559053,-0.0016383662972889604,-0.0008800235206313837,8.64405546803679,0.7102570069269458,7.146264265157818,6.755785035841489,0.022414115130962232,0.27898020909290083,0.8125543786086215,0.0003631560925164642,0.00022408077615336698,0.25070097107855654,0.00537380022936448,7.094576946199496,0.004508958457379466,0.00491129058551768,0.010276556581375237,0.000822547993452178,0.0019292938201546225,0.004022950316994518,0.00022256054468025425,0.001701413424801373,0.012703228450727973,0.010978762262553014,0.0023047735636727426,0.01782430925699811,0.0,0.0,0.10905506969149358,0.0011219425248411396,0.0,0.0,0.0,0.0,0.0,0.08794574446038361,0.0,0.0,1.7682491853848847,17.67109660621605,176.48469973836407,6.853144002313286,1.527819768598875,6.354392075164954,0.6054604742008927,8.656518290477358,0.8954324080161554,59.029148833905936,8.236286588698574,15.242451791184767,1,0,2,1,0,2,2,2,2,0,2,2,0.2993154076743192,0.004218327909704353,3.0718045050798385e-05,0.004393676564946068,2.2584592528298537,0.9521111371614923,0.3396251580407853,0.00014869013071562765,0.6438822748665336,4.461212507006671,1.0680551576632311,1.3325507419782645,6.433154787168559e-10,30.469865021183207,1.544283931565722e-05,0.000425776492406036,0.96834143725561
f6d2d86b,11.367773692386802,26.3,0.026484323938278417,0.08630998976561088,0.08343379217691076,-0.0003585485750457326,1.4478892825418626,2.062779823976088,0.5366988000571098,7.055200368530111,0.02050925582463637,0.024492292063563598,0.034451423926635284,0.020413522615594742,0.10318518956803775,0.13533125711320015,0.04938485311926026,0.10182384909599328,0.09909267431547875,-0.00024473878853924555,-0.00031759762285492327,-0.000513309313743029,0.004686662500134041,1.2956268254551842,0.14757579458654427,1.9429360893786662,0.11888646510574247,0.0009572694916792356,0.4813327324090209,0.0018193110748267243,0.05354675657326216,0.00012455380785101036,0.00020199127118133238,7.054873823451079,6.958322813814099e-05,0.00041802050672204834,0.003937273928573636,0.0023702109575089066,0.001809562659746419,0.00405590915472257,0.0018411399705875223,0.002659309267843763,0.002059598114277715,0.002181664185821295,0.0005047485464429115,0.0005303402468174857,0.0,0.13307834156818962,0.13922545328656882,0.0,0.0,0.0,0.0,0.0,0.0,0.0,0.0,0.0,9.053379399208225,179.37644638743447,1.4677728287775467,12.462472557975412,7.543827187863469,2.4695856182314655,14.737974825076083,1.6138523081599978,6.680976523656282,1.0231537968303495,8.998038351172866,6.219136165918067,0,1,0,0,1,0,2,1,0,2,1,2,0.353132759921126,0.0035173684296482856,3.8992473453536943e-05,0.0063734966857227964,2.8226262810731786,0.6269469523383566,0.4671321916229976,6.324309959433162e-05,0.4301996558169445,4.500041937975687,1.042453242449294,0.9036216722893496,8.014591018623136e-10,30.53313013391321,2.1920085397422817e-05,0.0005845568483286748,0.8011653268650164
fd9f6426,9.354574895821619,27.8,0.04299496680301094,0.08924680805367607,0.08494685681063559,0.00030019796559034264,3.016689992239553,0.02537477125295508,0.02680615454219836,5.973048353757392,0.032997729496612026,0.04930652937499736,0.04668064153742344,0.05515631467100768,0.08808410160492765,0.1245000078850929,0.07118256242538337,0.0975125373951588,0.08614547061136463,-0.0011624429556695197,-0.00032964906460249187,0.0023926859170430395,2.165987287527103,0.008999387323035336,0.8417033173894152,0.001556919848225994,0.0010863127625572052,0.022731538642171884,0.0001700051033576186,0.01835201935517219,0.008284130083668552,0.002705650892837639,0.00021748690447885048,5.970125215960075,0.00030109479565572237,0.0012397374161549491,0.002936693434508578,0.0005779571522509718,0.0017422302653617582,0.0026786146456264674,0.00022979812170428177,0.002581481734725829,0.0017828190586656684,0.0017617157734042255,0.00038716003442351276,0.01372618633559299,0.0,0.0,0.0,0.0,0.0,0.0,0.0,0.0,0.0,0.0,0.0,0.0,1.2602284943833935,5.6664929247715765,14.662689599611676,3.5744744641971558,4.145721006615091,9.481140625392126,9.89571179015151,10.743987249972504,4.891988489597386,0.6269799700820349,19.789746123906916,12.461903141459308,0,0,2,2,1,2,0,1,2,2,2,1,0.5357160309585249,0.002306698580457994,2.7223781372739603e-05,0.007741380600545234,1.4665171776890276,0.8114706855032159,0.533919054233591,8.705965517025771e-05,0.4715803184702465,4.085911151626049,0.9673304732460652,0.8563772468146187,6.403857791294568e-10,30.15001314113419,4.314940651814653e-05,0.000866516167767382,0.9120766868892227
e89e9188,1000000.0,27.8,0.02801914375131327,0.05595613844812846,-0.0009800948076470813,0.15900767459847945,1.0898496812084137,3.6268058474135225,21.33510271334996,1000408.1765041923,0.018094346811622225,0.027205042097917048,0.038758042344400535,0.015251270103268984,0.07749447391987972,0.07512267132123666,0.0010654647011790544,-0.0023124548807682502,-0.0016932942433520485,0.026076510480175757,0.45094651331526264,0.0,0.04116841659237941,0.9025779601844781,0.1461033044315563,2.5820206522731137,0.08869776157247297,0.9560874335679361,6.625982464667846,7.410976979984534,7.298143268697582,1.4301823888698548,406.7463218033813,1000000.0,0.001731643456648884,0.011423909356369822,0.002141717628345417,0.003160646445721491,0.004960764475074208,0.0019352036994402804,0.008923427024136196,0.00840076872104706,0.0006688660497051382,0.013590699848095895,0.0019710163688035805,0.0,0.0,0.0,0.0,0.0,0.0,0.0,0.06963351672229888,0.1856450102715087,0.10780219087459829,0.07002888410206157,0.04080217609114779,0.0,1.003335926118371,3.2910310848518716,6.930330243401363,28.573256951678566,3.859765842275925,13.1177315603124,164.0746299440666,3.3910728494412736,155.7869822429969,2.803561732628999,19.80685058069486,0.0,2,2,0,0,0,2,2,2,0,2,0,0,0.4323960920413426,0.0031915635936149798,2.2162923183026077e-05,0.004920470115986711,2.8295203635166537,0.9174601021622634,0.9290201396504146,0.00015846946571036272,0.4504527080176662,4.365335089784366,1.2365307215360861,0.8181097798765334,6.627885323832848e-10,30.393066497275438,2.6374648893922304e-05,0.001917111115564386,0.9940484275642434
87bb104a,2.967139679931966,27.8,0.030478187662189515,0.07099864052352219,0.08778186799038952,0.027287828315898863,0.39723410471606624,1.625019458811582,0.7232377577897818,0.1483804642520336,0.019035885439457743,0.04613396599150294,0.026264711555607858,0.02621536772936442,0.07740466468615144,0.10937588915505068,0.06176969657098941,0.08460117083100507,0.11697473656917412,0.00011471724653086227,0.0003915482094986498,0.08135721949166708,0.009456878198459804,0.0030509256902140113,0.3847263008273924,1.3717234283318742,0.09002187910622557,0.16327415137348242,0.09426246550756313,0.17107289521384186,0.4579023970683768,0.00010117520312873588,0.0003828152546423533,0.14789647379426252,0.005400190570381926,0.003514158812438158,0.010634575793845566,0.01882564130930848,0.0024229136856201454,0.0016602201471251567,0.0036381981991256544,0.004714102368784559,0.005123801944450222,0.00865188475567553,0.00872898928394097,0.001821772037365543,0.0,0.0,0.1713933194478851,0.0,0.0,0.0,0.0,0.0,0.0,0.0,0.0,0.05991006545086631,2.0881098388925543,9.72633726385172,3.0598296665646796,157.240448756746,4.107765110159658,7.793534495739592,17.513866621474257,3.2477723267839926,8.790680168013447,5.326695297207465,19.451031129785147,161.19492157010387,0,0,1,2,0,2,1,2,2,0,0,0,0.4180638762914576,0.0018607265551888032,1.7030927526567858e-05,0.006963874771204063,2.526852423026631,0.9987312188242968,0.42997452514002654,0.00023324260910672425,0.1547310076040718,4.483130600541595,1.2871116942267584,0.9537986243960962,1.3811324917776975e-09,30.311980097119825,1.8179569855037327e-05,0.0011577501922690504,0.9992337649553124
f45c5608,15.485730429804494,27.8,0.02869880217232554,0.06360108364864923,0.12296767419555654,0.004719624875432778,1.2838401230937733,5.624424571650333,4.518693684997577,3.5398795409066124,0.020116992149720184,0.048659018075697204,0.017320396291559237,0.0038899656645343,0.08755871324524972,0.09935457203616369,0.0815713168354902,0.11350246214419084,0.1738292436069886,-0.0003954376330419598,-0.0003271253630394004,0.014881437622379694,0.0005957542376708228,0.004127679733492293,1.2791166891226102,5.295194101612273,0.002129787891853703,0.3271006821462055,0.09697286253529655,0.043689578851919215,4.378031243610361,0.0003132024269230345,0.00022053212491848342,3.539345806354771,0.0011199047547249372,0.0002723423429899621,0.004874651537879282,0.008347276575978023,0.002966779289822561,0.002582675647283688,0.0005227626389582042,0.001971722252269486,0.0024941315475000897,0.0006786631501556882,0.00255149341193827,0.0016611201342111761,0.0,0.0,0.14275840459491776,0.0,0.0,0.0,0.0,0.0,0.0,0.0,0.0,0.0,0.09744975514352631,1.837148030730378,15.334792737175038,11.20179755971593,1.805987388528688,1.001136039801898,4.602021395369378,0.672870407642401,4.04160935207605,1.2643700401967444,1.5171776246138033,4.914275207684464,2,0,1,0,2,2,1,1,2,1,1,0,0.386395901915238,0.004193696365843339,1.77178110733049e-05,0.004479783725095424,1.9349973526258641,0.7950694950648186,0.29862637697938044,6.896639572809223e-05,0.33693184415423894,4.746522988650903,1.0705643293062788,1.2254273695027438,1.0788817009306012e-09,30.463575831666848,2.3638506103909435e-05,0.0007742757775142514,0.856237286648469
9400476f,45.225609881365195,27.8,0.06958341070698484,0.11111878286041887,0.08501056081015973,0.0918479155804693,20.118546811868242,0.6230039728814266,0.1492801149912381,23.837056012232246,0.0443624042705493,0.08660988869091524,0.07777793915949,0.060714854168992166,0.11368522430100389,0.15895627011126054,0.0752342151242416,0.08700835580799143,0.09278911149824616,0.07065119998107473,0.08174476932770047,0.12314777743263272,7.555481542006679,3.453436583433101,9.109628686428463,0.07224174575582173,0.3689601182715878,0.18180210885401704,0.012882239177045571,0.1308531342335329,0.005544741580659644,9.983184122839546,13.364414625020213,0.48945726437248505,0.0005772798238117376,0.0010334111400752436,0.0028736569408676143,0.0011097423193475538,0.0004323694894804286,0.0008924437816426074,0.0008804677021389058,0.0025970540707814893,0.0022014142932366633,7.285545701397542e-05,1.1928675323518865e-05,0.00013980473569303326,0.0,0.0,0.0,0.0,0.0,0.0,0.0,0.0,0.0,0.0,0.0,0.0,5.619439120549131,0.9573139561191324,3.889289738766625,3.047786426756568,3.327077926370737,1.5895197997466912,1.8370663421266749,3.9144792049947728,2.973233717333466,0.2889534516616235,0.17029953251707158,0.25576920786343293,2,0,2,0,2,0,2,1,2,0,0,0,0.6027604159313055,0.004085523958391463,2.570809222832416e-05,0.0018940878310208136,3.1168739949416038,0.5702512243078478,0.7097546306381723,7.50888708768621e-05,0.6836190332791028,4.148675613930709,0.9588177946233437,0.8680536444610413,7.14249529228426e-10,30.73302186143142,2.1073528676336707e-05,0.0011297388987000715,0.8751964324033743
3c1fb28f,46.20119279954662,27.8,0.05573404189139788,0.13285514239488605,0.09514059729904632,0.0716595061393591,14.001700303649766,2.875265748878216,2.0378394186785225,26.858220873903537,0.050341088693541584,0.07189610468310231,0.044964932297549706,0.07692847880757622,0.13087281802454034,0.19076413035254158,0.09560046090008274,0.06478727247615182,0.1250340585209044,0.014422889459854414,0.11490098030689129,0.08565464865133163,11.699957169709267,1.4940906866941428,0.8076524472463564,0.8792502702261965,1.07603465801386,0.9199808206381597,0.5618018241508836,0.7062987316880593,0.7697388628395795,0.41603980412421515,26.40447613749754,0.03770493228178424,0.0012658292868350483,0.0019322448615814638,0.0015727294138506895,0.0008290879566202019,0.0032261501421718304,0.0035535587951706906,0.00016674418993832085,0.0009018081558894372,0.0011454365016888377,0.0005686667355624992,0.0023635837827021217,0.0011100440870897253,0.0,0.14207544459771343,0.1651922633358282,0.0,0.0,0.0,0.0,0.0,0.0,0.0,0.0,0.0,6.013498030198705,0.9790880971380773,10.503316956971414,15.058846222515285,13.861440479296755,6.014427360597404,1.365173282042818,8.299830934793217,7.055098283128535,6.139801234487573,10.530863819600665,15.009176850599768,1,1,2,2,0,1,1,0,2,2,2,1,0.6613676349623191,0.002902247731544404,1.2529794787202297e-05,0.006629383787994698,5.1341585825767035,0.8180849964850262,0.5305829288129885,0.0001302370494135607,0.3088530389045761,4.40806803771538,1.0531617427081652,0.740269027017338,1.2088991332261743e-09,30.540927798907536,1.1032939421971424e-05,0.0012235881773101907,0.9145529335521448
0f4801bb,102.32383091223765,27.8,0.06832485508025465,0.11875626414775746,0.16589280781118246,0.1095203187311673,26.82857748351691,4.422753338106311,12.04074901268894,58.36965529179497,0.05144162109244404,0.0661776578706561,0.08735528627766383,0.09911380797446064,0.12900454862202815,0.12815043584678362,0.09873420041290916,0.2102528850705936,0.18869133795004464,0.10415251300380006,0.1353904325718136,0.08901801061788822,12.561221820264677,0.7964624792732453,13.470893183978987,3.4334539495668257,0.9812636251520144,0.008035763387471301,0.7181174296157654,5.258842711386745,6.063788871686429,21.695494952621214,36.66116469620577,0.012995642967980987,0.0006099816631209064,0.006261171575250574,0.0021730138353524184,0.0005616170308503671,0.0011618767504944878,0.0026610310085597973,0.00537173663583093,0.0003809975993814751,0.01195435768636802,0.001738564848321616,0.005121741907071192,0.0006968614391014887,0.0,0.0,0.0371114379062084,0.0,0.0,0.0,0.0,0.0,0.0,0.0,0.0,0.0,1.3770483031551513,2.9730909038385667,11.244013589000408,2.829018637174793,0.5418832777795404,5.120238941766131,1.1984134140247402,29.29395404646835,25.6613285368283,1.7530542839378256,8.024047748598514,30.521773382081705,2,0,1,2,2,0,0,1,1,0,0,2,1.0854738433828588,0.0020616660646629033,4.032443324925078e-05,0.006999120026219024,4.768455589967217,0.8005795834307994,0.4315044629416784,8.678300082441231e-05,0.3227203014624262,4.331471925688803,0.9592100161942109,0.8724229217178667,1.5836919086890422e-09,30.51474166095238,2.4914799753837505e-05,0.00035952309551919395,0.8865872327358039
ab263eec,11.277255438746472,27.8,0.0392312569430013,0.09495136928257937,0.0875774845062633,0.013252118964873582,7.4866522210837445,0.2695285749591753,0.04669300504207358,3.0639543880350253,0.04128651023031047,0.05959031469479888,0.016816945903894556,0.06647468915377679,0.08483084304495313,0.13354857564900824,0.07202934733966593,0.10853132126243195,0.08217178491669203,7.651879295421673e-06,0.014299212385961333,0.02544949262936399,5.774890165650223,0.5013900839533222,1.2103719714801986,0.2564553733932708,0.01306650925845279,6.692307451761101e-06,0.00017990109806716097,0.010388197980382633,0.03612490596362379,5.4605553452450586e-05,0.40896690929701507,2.6549328731845576,0.0006263154862705664,0.0027153294237904015,0.007284340888464821,0.0033816719914286446,0.002406079988012733,0.0024556725583663435,0.0003358010464600686,3.253645963531801e-05,0.006721852075797324,0.0073816292875588906,0.005653280406548528,0.00591948139531995,0.0,0.16380502700667302,0.0003178570349514395,0.0,0.0,0.0,0.0,0.0,0.0,0.0,0.0,0.0,4.180644581283025,16.468828045805196,1.5025880482804037,0.9056831310921482,8.521727046753801,20.080463446327546,10.326310769217596,5.11354765191318,17.50676508515794,10.320509703897242,18.456816940339184,16.00362070084731,2,1,0,2,0,0,1,1,1,1,1,1,0.4622678465242421,0.0026975264289652383,1.7929511907819496e-05,0.00887817460693077,2.726980710545978,0.7266722821257439,0.7294577448326114,9.656076268276617e-05,0.45727526805203067,4.438831253806716,0.939345448833411,1.1166172711718698,8.455477739699137e-10,30.355636636939597,1.9016739966645286e-05,0.0012580207735261712,0.9259803570320597
8aa778f1,32.471256443377904,27.8,0.06735108555396331,0.1121501669721584,0.11395768305306182,0.07811952694097658,17.045576541437658,0.8738178160573684,4.509021615174162,9.63987256559086,0.04105964359654996,0.08635940400561293,0.07463420905972704,0.0718927315912344,0.09997258296020795,0.1645851863650329,0.0733262468226046,0.09392636364846806,0.1746204386881128,0.03910291145258648,0.05053979825670066,0.14471587111364262,5.6530227418646195,3.5001352112505093,7.8924185883225295,0.5327975472211574,0.06992918392692082,0.2710910849092902,0.002915994526011339,0.045246684613631925,4.460858936034518,3.058075860780426,5.108558890734177,1.4732378140762559,0.0015491254634672383,0.00033411213760125636,0.0030260230656152833,0.0011117398145422711,0.0004557664933353086,0.0007118580475140387,0.0031035906241778963,0.0024412901115148634,0.00115718225641516,0.000701885167786132,0.004058950378060141,0.0027150271029269812,0.0,0.09057031080434509,0.01966948655794824,0.0,0.0,0.0,0.0,0.0,0.0,0.0,0.0,0.0,1.2216081359128972,178.84824368360927,26.086570048965473,8.55424046079779,4.239203386395637,6.0870732613206,4.1953750452841545,3.515159581791667,10.941223977531513,5.7022284545717214,6.634770745989059,9.974078345026664,2,1,2,0,2,2,1,0,1,1,0,0,0.5694171886706179,0.0021358886094146852,2.0539271877581728e-05,0.007072929967383953,3.8531883350331237,0.8472273218850364,0.7641704587564077,0.00012483095778408334,0.4919772134458894,4.539616123223108,0.9569088902087732,0.7702680420283109,1.3850225806948215e-09,30.63249093425663,1.621349068188717e-05,0.0009919930483821256,0.9638952723597175
f31135f9,57.70098775012275,27.8,0.08801286495206938,0.11545325583578825,0.14244726771973185,0.03340550149144161,47.33749846442713,1.2501019099494437,7.404722477884395,0.5831271298031863,0.05568844705737372,0.10234927398971579,0.1060008738091186,0.059301894158578214,0.0880306629488013,0.1990272103999852,0.10410495118243045,0.1359292368379546,0.18730761513881053,0.002813151173593273,0.015583847934445871,0.08181950536628567,16.17147241135007,6.805026231434297,24.360999821642757,0.04430369206137038,0.0011757815033040418,1.2046224363847693,1.030490139772428,0.47908854886136687,5.8951437892506,0.015836541326089394,0.4857235978656694,0.0815669906114275,0.00043729143065339047,0.0015956807761112622,0.005055820068293523,0.0007557643506002805,0.0016534109745373255,0.0005656714799180938,0.0014156590758688872,0.006615386371093088,0.0001836493199914237,0.002983668063136575,0.0033113407863977714,0.0003395707183577524,0.0,0.032494047159844046,0.10719142641159263,0.0,0.0,0.0,0.0,0.0,0.0,0.0,0.0,0.0,0.4180267167966258,170.79144041324886,7.7369754204011505,1.8944775669361609,9.066250504052702,4.875129891057019,3.646883894244388,3.266900538873835,14.369992138606518,10.549272800950318,5.599702323441684,5.816044817967412,2,0,0,1,2,2,1,1,1,2,2,2,0.7067923659802334,0.0016066559807998303,1.189970532106346e-05,0.005305157705254286,2.7448775746062344,0.7896393903320155,0.4460224291537735,6.878100479262275e-05,0.191502007275929,4.534933507494097,1.3559572743434036,1.1113137875238785,1.202315891943256e-09,30.67227588347745,1.5385912361085813e-05,0.00043612655457516493,0.8834203382114834
8d8590a3,12.206228922211688,27.8,0.054170298954080424,0.12291332127246368,0.09949327782559926,0.016431128509852483,7.903337801584766,1.9516704631589405,0.4886159632371392,1.5377209689171378,0.039907314808574366,0.07431703870329202,0.04828654335037488,0.0666415284806016,0.09106589798481436,0.21103253735197505,0.06628725651255062,0.11808327880978624,0.11410929815446093,0.0006438536542431885,0.005729783985187368,0.04291974789012689,5.054072450407247,1.7855186390915536,1.0637467120859652,0.26346352416245944,0.0017362290682590626,1.6864707099282221,0.027529857675517924,0.09467415171161483,0.3664119538500064,0.0008309994626837136,0.06571975978901293,1.471170209665441,6.81415059827959e-05,0.0013672708872684855,0.005466534969990846,0.0009819333973406837,0.0002469166717859885,0.003599162008122266,0.0011892314846167627,0.00025477593066314496,0.002509116819004815,0.0013800023619903671,0.007675334207293852,0.0005378998443249751,0.0,0.15425667308257748,0.011193125697812115,0.0,0.0,0.0,0.0,0.0,0.0,0.0,0.0,0.0,9.911902886470246,18.43549257659173,167.113024667343,14.700775897424144,12.681273127174052,2.456323069650238,7.083650111378097,6.80062116786008,27.51907807576573,2.3139337074396336,5.735925297170825,5.176007848997774,2,0,2,1,1,1,1,1,2,2,1,0,0.49685638897516793,0.002099169415949522,2.1471277451437806e-05,0.007374605071936899,2.085405269566744,0.6719071531815562,0.5187543451468251,0.00015859272249662176,0.1612721058849404,4.450721446321753,1.1393539078087882,0.7781048053449292,1.4287188625125364e-09,30.104285935949363,1.3359127138922795e-05,0.0007021973003297058,0.8420548676457009
f615e28a,16.485456038774394,27.8,0.01803538638397797,0.07589004130478237,0.10500861532114258,0.0017955578463481501,3.5647577159763433,2.8612935661526167,4.491734515478851,5.127349009655184,0.011087220936870331,0.026603773382576506,0.016415164832487075,0.015492149916360458,0.0682265463392142,0.14395142765877245,0.02653583103187526,0.14749472744632564,0.14099528748522688,-0.0004000998548558768,0.0008529409913008108,0.004933832402599516,1.0229852471305199,1.1240270359880082,1.4177454328578152,2.5501734185427622,0.2804680850430508,0.030652062566803702,1.980645307324506,0.8859995993590581,1.6250896087952869,0.0004029657273784869,0.001522802199679958,5.125423241728125,0.0012257250455288222,0.00037014304446772987,0.018585360212799457,0.0010356390131544832,0.0018107179765524182,0.0026696691052100745,0.0002732505539567282,0.0005691574921824676,0.00019461783804455368,0.009099776902050933,0.008233196851620793,0.013052171102616599,0.0,0.16676656125267497,0.14694919730273936,0.0,0.0,0.0,0.0,0.0,0.0,0.0,0.0,0.0,4.4126878936062965,171.3784602811525,165.66698607286702,12.726865512725636,5.940999429443191,9.348139312892156,7.805208022531239,17.850053162876485,7.1954569230750565,5.457554012254236,1.2281272408846389,4.887266899193396,2,2,2,1,1,0,0,2,2,0,1,1,0.3318099240293902,0.002891432082438804,1.3893922597122508e-05,0.011721551041119764,2.8485326487052727,0.5985849694587326,0.43192318177595573,0.00017560668731258299,0.5502679521996542,4.472522657576928,0.9847557762504356,0.7998893995999622,7.145503369673776e-10,30.282879332760306,2.5733595501146217e-05,0.00135844059146576,0.7719222343446317
8e1b9ba9,10.743871051540305,27.8,0.042534703717252154,0.09947718678165078,0.10097068792201531,0.06765885860667857,2.955072538391793,0.26560958331748735,0.3118196968928189,6.943979151438362,0.025656673535217632,0.04533779376167778,0.056609643854861065,0.06125929331111439,0.08133203764065738,0.1558402293931805,0.07633607783173631,0.12164852337916404,0.10492746255514564,0.0001262428498782426,-0.0014556327976094877,0.20430596576776697,0.41842358595536977,0.008605686255295564,2.5280432661811276,0.08483668488291252,0.0407536478527779,0.14001925058179693,0.0218781113660703,0.14784291259827467,0.14209867292847395,3.5562163884854705e-05,0.00428520033154298,6.939658388942934,0.002961551217389278,0.000980114071094667,0.0012006829443960633,0.00418818041015954,0.005678778175000641,0.0012721293820734702,0.0011920260985755575,0.0026498884063093538,0.014471327008724657,0.0019203253875564178,0.006889604385603944,0.0060833417067811145,0.0,0.0,0.005687363636679323,0.0,0.0,0.0,0.0,0.0,0.0,0.0,0.0,0.0,2.7977095441004303,1.955606241497977,22.115958620859267,4.783219794035994,9.668819644209023,7.244159292429231,0.8847959522873305,4.580203352803125,14.215942241887221,8.84629412592782,13.599992723405188,7.946454408766999,2,0,2,2,2,0,0,2,1,0,1,0,0.4474778290638334,0.0011966844388122345,2.7186998341698648e-05,0.009460691504720434,1.9517041524136427,0.5465484076720724,0.4824220026937367,0.00017004116387433184,0.4272844221350709,4.412253939641479,1.0231312903443257,0.8603653235633474,1.0475104137864534e-09,30.219736801937707,2.1421009284118996e-05,0.0010049580967545033,0.7652551907673057
03b7fc38,1000000.0,27.8,0.01784021260984983,0.07721455273160578,0.09820025846574887,0.04268472956373365,8.614209695873688,5.468253396266079,0.24480918208194336,0.5639207379780239,0.006504953009560961,0.0448950292344274,0.002120655585561135,0.0033405370309386707,0.09213671058751519,0.13616641057636347,0.07584203336896539,0.11079591341946103,0.10796282860882016,-0.00015204550059551834,0.003666516802288459,0.124539717389508,2.8166498771003643,0.0129266008026487,5.784633217970675,5.461571999988353,0.00468651881040585,0.0019948774673212563,0.017550865620618063,0.022712598733135254,0.20454571772819002,4.623566853424856e-05,0.026886692988295158,0.5369878093211945,0.0004879392913463951,0.0007115644237719564,0.00770627718629399,0.0009639358945509788,0.0010264824923692122,0.0005012648368908257,0.0005093724878338518,0.0003742909423187801,0.0016937570360401298,1.7766549418880406e-07,4.5446319856083634e-05,0.0006653605041401698,0.0,0.0,0.04729897005290332,0.0,0.0,0.0,0.0,0.0,0.0,0.0,0.0,0.0,0.2137237643995652,1.9129798229613881,178.82732994384105,1.0289394510587109,0.7703208797011752,4.359780750454323,0.6196916926066955,0.4431112085891856,7.112150292801904,0.028658728838474732,1.2106842758593266,1.6756274876498756,1,0,2,2,2,0,2,2,1,1,1,0,0.3448525659065235,0.002976556143938461,2.6618743091665005e-05,0.004675213125303462,1.9462415994751745,0.5081881479252994,0.43115586627930774,0.0001137539957012829,0.2748333409164003,4.348211609810062,0.7350090489741785,0.9748821732137831,1.0515617565884127e-09,30.135736101858306,1.3076105325865484e-05,0.00041801650251807685,0.7201925974663698
484f9819,6.87927078308606,27.8,0.03416345141431406,0.08133986332853314,0.10083823016148484,0.06180404846899071,0.8053068282441207,1.2011394460067568,0.3713455864263232,4.257943665758282,0.01631057887126458,0.04390693638302099,0.04227283898865661,0.031639198985569744,0.06754806441802652,0.14483232658200318,0.07336052366495559,0.12963361390651504,0.09952055291298391,0.0017022194194617245,0.003685569111197322,0.18002435687631307,0.16267474921288155,0.1773953157213283,0.4652367633099109,0.8663450807633774,0.2987465293517408,0.03604783589163864,0.0030229947523022624,0.3097338853216277,0.05858870635239322,0.0057953214687473074,0.027168008603698897,4.224980335685836,0.0016721204496503894,0.004097648244426287,0.0011843006819152303,0.004566224608770637,0.004394819370407739,0.004402394553333066,0.0002598302263868929,0.005543694568705972,0.0014053656545449785,0.00046857738111131587,0.0010813218185450318,0.0020614886576283335,0.0,0.15164900243301,0.08124390798115716,0.0,0.0,0.0,0.0,0.0,0.0,0.0,0.0,0.0,9.246328340451212,1.0548921566974505,2.4935099839154784,26.12991421824436,0.6731189960751343,6.811478281040042,2.5954464373223898,3.259430867046283,14.39171340264282,0.3906470695907098,5.614422991713391,6.461654099083373,2,0,2,2,1,0,1,1,1,2,2,0,0.4123226671389523,0.001965042179292672,1.7811613656425743e-05,0.0038278327793485056,2.8738971585599855,0.8867376776092606,0.6503309614561079,0.0001241645253831277,0.6645817643906926,4.2187521151102985,1.1286800334063447,0.8111344349841679,1.5890038701846832e-09,30.497639302313413,3.077688520357558e-05,0.001089271680250595,0.9603306395302362
dc51ff4c,163.0711023811275,27.8,0.024078774468274434,0.08340065598727292,0.09451002546218894,0.1913270474127177,5.9866959011987095,0.38606516842708316,1.7292221442370619,153.6519320118797,0.003143126916742763,0.050586961804353486,0.01850623468372705,0.046570518322009306,0.09884044512039093,0.10479100451941852,0.046013711293674035,0.10581067425197929,0.13170569084091344,0.011808801142869146,0.25140690852540826,0.3107654325698757,4.732209195681579,0.19262844400637172,1.0618582615107583,0.09907441654141382,0.055758608686709676,0.23123214319895968,0.6384968822461684,0.0018834741135891496,1.0888417878773042,0.36538447747624647,126.47471691633666,26.811830618066796,0.01085992605229563,0.00011196453076346875,0.012982844399937493,7.295348664515143e-05,0.0020274606254924955,0.00158823769580165,0.0005805472314624428,0.002713346123283372,0.0018998583202001818,0.011617732156625664,0.0009506142808741252,0.003590806756079536,0.0,0.16848288506533743,0.08972894519136637,0.0,0.0,0.0,0.0,0.0,0.0,0.08635393691212813,0.06384870406316065,0.0604851412195584,0.06212452795358439,1.3533049551643082,179.41318106518264,5.8934138137253935,2.5636785762689063,0.8795683840450256,0.4621717451131806,6.697892863418642,1.41478499993615,25.522660583263463,78.74512651328767,113.70769560141596,0,0,0,1,0,1,2,2,2,2,0,1,0.3264739409531205,0.004210297898719094,2.146442849729228e-05,0.0066328735623818824,2.798386968390571,0.6515289369219496,0.7478344973467853,7.777746950195279e-05,0.29622388831141766,4.453173474786363,1.0317789728577478,1.0392786670419534,1.2792148962387275e-09,30.388612470447477,1.608654851828728e-05,0.001617653941309476,0.9120528357690887
492ae87d,1000000.0,29.4,0.03347248131770711,0.09601695204384385,0.07812894488046786,0.048175377649653815,0.6723460635514622,0.7618685081232613,0.22213148524946943,1.4642726311354346,0.025944185582105792,0.043420615690598074,0.031052642680417457,0.03562671803031797,0.09695836913825925,0.1554657689629543,0.06142617929119853,0.08926065389755591,0.08370000145264912,-0.00031231969989960846,0.00028389022990317004,0.14455456241895787,0.4612674272995284,0.03410314064230397,0.1769754956096298,0.5871727033298354,0.035744399670614636,0.1389514051228113,0.10095218269031295,0.09809924706224388,0.023080055496912603,0.00019551728601419614,0.00016629749280528455,1.463910816356615,0.003766206852299781,0.008459795647379064,0.017332937550723827,0.004811381625446899,0.0021629188053163655,0.0030466814423656847,0.0009139904970417623,0.00037634995812692697,0.002916220219554973,0.0006558171417652557,0.002260567967643323,0.0006263147249234552,0.0,0.0003979742179829565,0.1575456666778812,0.0,0.0,0.003579021637733356,0.0,0.0,0.0,0.0,0.0,0.0,1.446985449223627,0.42545105796387916,1.318541986381379,68.90275879199942,9.220290626902372,163.9313309264545,2.340472689682971,9.126227387584224,13.147084900952526,0.5340339742297225,0.09315931312506848,11.813831029711395,0,0,1,0,2,0,1,1,1,1,2,0,0.45584214088704983,0.0019903010155049973,2.3654661118968728e-05,0.0032674936502160488,3.2143836853385888,0.9467143801527421,0.5539536927658602,0.0001839723517908823,0.22136699321456074,4.541280209101555,1.3949174933085313,0.7888539239124717,1.621013036686355e-09,30.399356809048637,1.752395529659815e-05,0.001325165293864832,0.9761767506691719
52208f41,4.011670358216931,29.4,0.033933811252357594,0.11145751165523148,0.10828536236098436,0.028707036304279218,0.987556728787023,0.5776877093775337,1.8289776543299914,0.5177840258455185,0.027520761052324635,0.04461904972744401,0.02966162297730414,0.058822584124392806,0.10790534007344844,0.16764461076785314,0.08402732284865139,0.09915739432922817,0.14167136990507356,0.00618561343059943,0.0018067584610281422,0.07812873702121009,0.7332704337568707,0.06585742164349205,0.1884288733866603,0.036369975240170785,0.21423607391755273,0.3270816602198101,0.15064075257727869,0.010036851042557991,1.6683000507101549,0.0765480030697362,0.15769171075279478,0.2835443120229875,0.0024768257072999983,0.014436485818875971,0.004195920292130877,0.00040174364535515666,0.0013126657144650407,0.0018178713775630002,0.0038778206356155417,0.0058799406284984704,0.0023161990276942303,0.004937210154745002,0.003930047195523819,0.0010138937302513293,0.0,0.04958606201742375,0.134457595483399,0.0,0.0,0.0,0.0,0.0,0.0,0.0,0.15114751320884218,0.1439796322187641,1.1864843686590172,176.33741981253968,7.333599435235135,11.6224988734123,0.24088119742533934,25.906367484101803,10.233857146186844,19.51761549968908,7.9717145859368905,6.961575734690805,150.78613123369274,7.7025659777637445,1,1,1,0,1,2,0,0,0,2,2,1,0.48681567828558225,0.0024427110056897653,1.6984883519100016e-05,0.0079725772733832,2.1182405577696906,0.7503738857965842,0.5752325552974238,0.00022342033717033923,0.23619747910765135,4.349462976907039,1.3191646364080707,0.8242507917834389,2.0446119476499235e-09,30.377777988913994,2.1410085620653677e-05,0.0005732842367540845,0.8939094300832519
0e340655,62.24507873230596,29.4,0.07282450226174189,0.11246141057659446,0.15147334272775195,0.0888380957579629,30.608241860938385,1.947395376541612,10.256468699942861,18.78553425461413,0.061032840321721536,0.10432146119017709,0.05311920527332705,0.08614213799372387,0.10597884304281245,0.14526325069324703,0.11100658476995488,0.13879968041452673,0.2046137629987742,0.01902955990253548,0.08843605800824851,0.15904866936310474,21.361967921301723,7.266485506546985,1.979788433089677,1.7365985302385956,0.17195575995470092,0.038841086348315665,1.5145488159618443,0.5684648917068942,8.173454992274122,0.7242488116488263,15.641883772827407,2.4194016701378978,0.0006192404406531897,0.00028177000140379823,0.00509176542763597,0.00037282140242570665,0.0022965935772193205,0.004526829255388785,0.0024495868604919972,0.0005026471815223743,0.0028851587211324217,0.0007151786168907966,0.0033257707100750517,0.0013553427487452523,0.0,0.0,0.15078787290380236,0.0,0.0,0.0,0.0,0.0,0.0,0.0,0.0,0.0,0.7407288292203204,7.315022868688074,13.534969227918417,0.5855129750464907,3.9173504111987123,5.573599298244399,9.748637515719334,1.7366749936623394,1.7812494934865934,10.660952883361231,4.153811604661501,4.10029196970366,0,0,2,2,0,0,2,0,1,2,2,1,0.9063044398243039,0.0023023614893381604,2.5745305401878434e-05,0.007334711181753595,4.322356502287597,0.8524946116471421,0.71738100844513,0.0001434402903059306,0.3734911654408671,4.216345879698033,0.9254091023341157,0.9489996851532878,9.995207937544494e-10,30.089930202321167,2.9964760873239874e-05,0.0007818341876419657,0.9582404377939613
e357704f,77.83892964558913,29.4,0.057743872561044164,0.0980016368699429,0.21788229891910224,0.06990632237727554,17.202010489619685,0.11144964210564942,48.66565933872234,10.320879565877735,0.050736969292866654,0.057141124594813915,0.06535352379545194,0.05846356973976041,0.08591960298172562,0.14962173788834263,0.11914665593454536,0.17875380100001947,0.35574643982274184,0.05446528336105217,0.04612130418170229,0.10913237958907215,12.00625128283624,0.3467613660414127,4.848997840742031,0.030943287806858705,0.007585244247581282,0.07292111005120944,2.2048761129256595,2.607135649388553,43.85364757640813,5.932936649485194,4.254349967371241,0.13359294902129912,0.0023541359240482097,0.00488506838052257,0.003595483171204594,0.0018547129013426953,0.002698177880181803,0.0019257042715878957,0.0011877824462574044,0.002460034791175906,0.0017226455956168393,0.001570441270232936,0.0007540086367036798,0.00016064862712777408,0.0,0.1302976725092328,0.10144793738558071,0.0,0.0,0.0,0.0,0.0,0.0,0.0,0.0,0.0,1.8904089793879044,1.4782492128738234,90.14274728527391,12.177297257915207,5.839072855793988,5.591172399762446,7.227416637172636,9.27048000622659,2.273521289909303,0.38424605893357855,13.60849050120456,15.024967590796686,0,2,0,2,0,1,0,2,0,1,1,1,0.6108359455676178,0.003252858073210315,1.8513074533926293e-05,0.008362069403938062,3.132228896005621,0.770459355168912,0.7952766760858916,0.00020290920480350259,0.5541307910042379,4.382505867626059,1.2514559024499199,1.1041098148853639,1.7640922482220166e-09,30.396690371731335,1.9351841137563127e-05,0.00024036389764281243,0.9529281485491833
f5e66ae3,1000000.0,29.4,0.041086630547632556,0.07190245643300884,0.027053461754388036,0.13694247300085227,1.0480120628838225,1.4166297533462993,13.50478143316073,2000057.154731041,0.02432476931862205,0.05326311777541775,0.04567200454885787,0.05556770460570011,0.09676220942327644,0.06337745527004995,0.07990865561810631,0.001330599744487763,-7.887009942997338e-05,0.0,0.0,0.4108274190025568,0.2472055447216017,0.07949457465623996,0.7213119435059808,0.0031847804100893695,0.033938802927203256,1.3795061700090065,0.0673563352073,6.428330809657451,7.009094288295978,1000000.0,1000000.0,57.15473104097155,0.0027294112703495775,0.005115620104313245,0.0002810513339605884,0.000951371670586087,0.005485468219782801,0.001631539495723164,0.0051789645273926715,0.008553389789464032,0.01753765979178848,0.0,0.0,0.013690533924310216,0.0,0.0,0.0,0.0,0.0,0.0,0.0,0.0,0.0,0.0,0.0,0.03851826972458589,1.7248169999800433,30.21298818051014,33.96740578740311,2.3876017857876994,7.528568612693328,8.960130837727863,4.375567230108023,31.11804731571368,40.25848748716388,0.0,0.0,174.95788495640622,2,0,1,0,2,2,0,2,1,0,0,2,0.44356221809983554,0.0012811876140581236,2.227061445697514e-05,0.007529199463120461,3.8908294428341526,0.6389427688864056,0.7016456582464524,0.00021346606921951122,0.47419373200429243,4.351354470407437,1.1413632541612533,0.6751916862972511,1.1267884457786871e-09,30.132855992659742,3.2763186836645484e-05,0.0016515438960976923,0.8922068429099204
b3670daf,1000000.0,29.4,0.01443578788557962,0.006593572347137033,-0.0035123985725290124,0.09625263008046447,14.932561566172913,1000010.9434308988,22.49971110573489,21.38327387616771,-2.9347559643465317e-05,-0.0007038596863365784,0.0440405709027189,0.0,-0.0001977214676077992,0.019978438509018898,-0.0021196569933511476,-0.0011809627025605141,-0.007236576021675376,0.00013677587957594155,0.0016243750990519099,0.2869967392627656,7.014759580445296,7.252648616604951,0.6651533691226643,1000000.0,7.164877735125413,3.778553163804096,7.437770351793267,7.215473751641825,7.846467002299795,0.06241176146149868,0.05050070722272768,21.270361407483485,0.001090216965413867,0.01205035861761595,0.006697291702692634,0.0,0.02120208826522232,0.005238266460629155,0.010990808921151509,0.005752598244207617,0.011378102358841194,0.08031034248346738,0.02251258460074923,0.005596960477827024,0.0,0.10258867651441458,0.11885532459308748,0.0,0.14228725435233996,0.16306052683443226,0.1372260465144396,0.10102054556193094,0.008012653058677998,0.05592459506921931,0.044716701832481984,0.05919489063928756,5.9006566091370365,4.635854258648809,8.031316648212993,0.0,11.552575822973942,177.18166325052252,41.37487807315406,94.04931083502436,19.115498769927523,52.61757654542311,120.34554408742918,28.59283464850289,1,1,0,0,2,0,1,0,0,1,1,1,0.2735718794240693,0.0008614093331461897,1.4810956541392666e-05,0.0062329075665030105,2.2888575934234194,0.7770188021900843,0.4087801822841549,0.00038958336638406554,0.4316052568863029,4.220240176184354,1.141429972822833,0.892373310121134,1.288526670367702e-09,30.37573927208101,2.898790711869738e-05,0.002411067627349754,0.8681282188585324
1728bcef,1000000.0,29.4,-0.0006998937391913961,0.07259416536539087,0.07584965906852015,-0.0006680164650007927,21.800838601681505,2.7713941338208805,5.677962149171093,7.167998585746512,-0.0007404659640529571,0.0012217669571035112,-0.0025809822106247424,0.02894694420452344,0.038696775299132305,0.1501387765925169,0.0037934397975332972,0.12660511834431473,0.0971504190637124,-0.0003013145170599446,-0.00015662571428655024,-0.001546109163655883,7.379019051484837,6.4798381092654465,7.941981440931222,1.0854240661431047,1.6082989662623877,0.07767110141538845,5.40310446846554,0.24134965581130519,0.033508024894248034,0.00018245174157181267,0.000635747454263506,7.167180386550676,0.0017103983179522922,0.011861877866184074,0.005251492445691194,0.0005888521322422536,0.0015560029325241633,0.0012833872486532718,0.004839601312158597,0.001933323879854192,0.0028770842206860517,0.0009332015804087441,0.024221565298550834,0.03148860507156946,0.0,0.09341717269151316,0.13180019715230815,0.0,0.0,0.0,0.0,0.0,0.0,0.0,0.0,0.0,5.271597231925902,176.94698091221167,70.03596789971661,0.10615505929774015,9.806965758357103,22.63027678327793,9.202959276567473,2.5862860302896924,7.205393777849867,1.2047641263482274,5.3136195403612865,14.221599165368739,1,1,0,0,2,0,0,2,1,1,2,1,0.21193596835612366,0.001684909074246034,2.0214697746585295e-05,0.009306820782884093,1.9430262165548766,0.8919265970276558,0.6798727667911526,0.00012147848994066164,0.44166795599070435,4.435436743318992,1.1267430385206882,0.7747801213333663,1.4919665397100096e-09,30.3335990121168,2.158398303546898e-05,0.0009273148871912081,0.9653347732463196
baab5974,19.643324656842797,29.4,0.04417748013253598,0.09141555675859207,0.15895736517760659,0.04548736123433819,4.037736129596157,0.05366673614472455,14.1576448115345,0.8828260904497115,0.02685735156937213,0.08331387008905691,0.02236121873917889,0.05873308817637067,0.09010468777368713,0.1254088943257184,0.09692908097261878,0.1472819845872272,0.2326610299729738,0.014839323045482787,0.012389095423706729,0.10923366523382506,0.6111556444941819,2.900249001521041,0.5263314835809336,0.0349758464165094,0.00032074266305572323,0.01837014706515943,0.6257254725473083,0.8774014023051069,12.654517936682085,0.44042799528832766,0.3070301791819726,0.13536791597941125,0.00032750913384743007,0.0017022358136836854,0.006544247898747197,0.0008258169928375301,0.0031749715190188574,0.0019446588807563823,0.001206622657782472,0.0029512938780353513,0.004583287161232512,0.004120484429618739,0.007127997373081377,0.0020332567425889155,0.0,0.0016526296854814308,0.0,0.0,0.0,0.0,0.0,0.0,0.0,0.0,0.0,0.0,11.911208202344959,3.744452055901491,2.1194992310724365,7.463333217283115,13.562149546047474,18.91584476186639,3.6913582049078717,10.774172347690502,21.744194225230732,0.27731471824868675,30.774700058806747,12.800417077406415,2,1,2,0,2,1,0,1,0,1,2,0,0.4406265978512256,0.0009646016383970676,1.9373179496998525e-05,0.009269562476315066,3.1644902981850396,0.6342337584380453,0.6396189287278826,0.00015946157385958486,0.48580815592146054,4.229802237902644,1.0218747047876127,0.9446339426631789,1.2773008211089767e-09,30.347511749524603,3.4277695305323805e-05,0.000972715466446175,0.868120808137854
aeeca53f,1000000.0,29.4,0.012773753631139055,0.08213713779884596,0.09573169200012481,0.033888368902720574,13.488361283301328,6.9277513082837805,5.64787801542727,15.909697820280234,-0.0009322021382673144,0.03657971600405089,0.0026737470276335853,0.001328265838384033,0.11463489350829772,0.13044825404985613,0.012638133629677435,0.1282529934487142,0.1463039489219828,0.08051714153935406,-0.0007837980604577142,0.02193176322926538,7.479415521079375,0.383267499009433,5.625678263212521,6.449650124674641,0.4754859061124135,0.002615277496726064,3.3907930880749744,0.2774852425687822,1.979599684783513,12.966043878298423,0.0012309505399392348,2.9424229914418714,0.0005290827249224107,0.004794807192001803,0.001931881833213083,0.0296055030119675,0.0005934426334498581,0.0015777109868401647,0.010780315819956737,0.0005823481077984688,0.0033374740999952916,0.004869800989142137,0.001507229506308107,0.0849639787305213,0.0,0.12640590285520392,0.1379494988528236,0.0009548803218553724,0.07710519421025959,0.0,0.0,0.0,0.0,0.0,0.0,0.0,0.7924209904600349,5.406308650585649,19.40127810483601,1.6116842619531333,3.6014942890185693,21.5214631328926,17.72519207759697,22.87612569215961,32.32581433880159,47.187102292117345,3.6276459140465516,1.9331958110817349,1,1,1,2,0,2,1,1,2,2,0,0,0.27577648406783245,0.0016134089509925278,3.1267560814331135e-05,0.012622698420055823,2.0944180296644594,0.9958903589877925,0.7079447692625249,0.00011167681657456778,0.6432175905280249,4.5672007332895035,1.1347136309413486,0.9966634280585599,9.037780943132129e-10,30.586915807036682,2.7661572740487153e-05,0.0010246333011659958,0.9987289633690053
f18ce242,1000000.0,29.4,0.06770825274627372,0.10508176458257863,0.10984573904193923,0.23989669383393655,26.86153188193516,0.29131966126339837,3.0084455827163725,351.8427890763763,0.04062747855227257,0.061661072067777656,0.10083620761877095,0.055231746256466166,0.10589711846814032,0.15411642902312947,0.06527931096072377,0.10526571096216332,0.1589921952029306,-0.000633917431614866,0.4018908925295305,0.3184331064038941,5.424463691166851,0.4609246232840962,20.97614356748421,0.0018120950407930468,0.1702597233810044,0.11924784284160095,0.03896578756720772,0.0010047372880821936,2.968475057861083,0.04046262605220444,323.09906004262507,28.703266407699026,0.0002782685193179562,0.0029970289956134607,0.001962049392455888,0.0005156775328414386,0.0005495804874126221,0.00210723679637963,0.0009774794748430705,0.0027911505144311895,0.003560351356827523,0.009349211601788495,0.004855064964422387,0.0044900666069212225,0.0,0.0,0.0371476377574796,0.0,0.0,0.0,0.0,0.0,0.0,0.03957151567441904,0.066457474604111,0.027689845716563178,2.5817855593419936,0.5966962426919209,178.95001520056735,4.103443783065037,0.8186115575756931,2.1676568190754146,0.7720555577861201,8.283146498977876,14.06536365202053,67.60368048724236,5.415432884227141,98.9446522634808,1,1,2,1,1,0,1,1,0,1,0,0,0.6174855082829668,0.0010917515566048728,3.1415854684981856e-05,0.003950688029593227,2.153092270374273,0.6915467684971153,0.5740009966155903,0.00010969085114548707,0.39778135667425296,4.22510636947493,0.9504707683450533,0.8833693632622361,1.7440683260840488e-09,30.259397520656652,3.149057094609778e-05,0.001627037067450017,0.8685418306894089
a4e92804,25.71748015085326,29.4,0.005495658378629653,0.11411427669580088,0.06681126975105854,0.015519766628743006,15.95025599086831,3.263139379791957,2.2359116440611793,3.7307647050193578,-0.0006160482978281604,0.01602681580953002,0.001076207624187101,0.0326489952582589,0.14971473172886765,0.15997910310027605,0.02618121353072516,0.0820308474390515,0.09222174828339899,0.0009095639564492522,0.021699567370398697,0.023950168559381074,7.314364745874545,2.1857492343866665,6.450142010607098,0.7905259934081849,2.2758992447610322,0.19671414162273992,2.0121584405008144,0.21995352283560565,0.0037996807247591058,0.0025562812358131694,0.9515573107762108,2.776651113007334,0.000997737004026845,0.006504538356569169,0.005027400617569559,0.004197260160233141,0.007682945424386747,0.003125539956812599,0.014781743294918874,0.006062620283109963,0.012776927879263744,0.030027788031587264,0.09906998865078784,0.06325426596576983,0.0,0.0,0.07788989770294735,0.0,0.0,0.0,0.0,0.0,0.0,0.0,0.0,0.0,3.619960241808034,20.676178167878078,170.47978683625348,23.975517724334505,20.356127756176015,29.610826176762004,32.60691578231984,2.3109235451979826,18.91030546862261,162.4101520769845,46.318174137783295,98.09071447956948,0,0,1,0,2,1,1,1,0,0,1,1,0.5179391796075639,0.001677365734835078,1.1584478016106822e-05,0.013945848920834515,2.4847761030585,0.9930568791152319,0.42096606175859425,0.0001222348086780115,0.31468468428794083,4.348563398568996,1.200590483612319,0.8017563193028262,6.867486347635174e-10,29.95404866895869,3.8372914287037644e-05,0.0009306530352933748,0.9959376007642307
66e6cad3,17.74054637082893,29.4,0.009015356823461355,0.059015848752275814,0.09770558780332905,0.006979067267415734,10.975666269770631,3.088867287402986,0.2534496286358003,3.0960285905336633,0.0005982771115729292,0.012158927204412976,0.014288866154398162,0.025655366650670502,0.09528226368169188,0.05610991592446507,0.07056471624973834,0.1256015726070686,0.09695047455318019,-0.0005169808264385702,0.0013333627878269459,0.020120819840858825,6.537459443714237,2.7977912049419906,1.6404156211144039,1.386831396181491,0.021689563007107955,1.680346328214387,0.0010462277898119078,0.2205743600282002,0.031829040817788194,0.0005429073422177455,0.003581344562693224,3.091904338628752,0.005761057579862786,0.002713642359705901,0.024620625882896506,0.0032441615976778163,0.006576436316733526,0.00894741402656369,0.0009355791088331957,0.001440807917817921,0.011269942407275644,0.002892921085603846,0.005062797129051694,0.08314667311777398,0.0,0.03798292742653065,0.024915658155617068,0.0,0.0,0.0,0.0,0.0,0.0,0.0,0.0,0.0,0.15340299421401335,0.5878318427619195,176.1379517120192,18.167309305287375,4.113461588572991,9.57474426281589,5.029217800695993,13.47051977127631,8.790231516281304,16.86868485795222,4.958280886005699,61.30295149457133,1,0,1,1,1,0,0,2,1,0,1,1,0.37188795833170485,0.0016650270140750364,1.136138273511634e-05,0.015437181340606222,1.9968831866694612,0.948613431894319,0.47240488602244357,0.00012270665466916384,0.3894230584922104,4.486628394225587,0.9864084586595129,0.8797552801555897,7.883844881494275e-10,29.979513939334954,1.8619509009091518e-05,0.0009449640124437915,0.9728414572547656
0aaff2e1,1000000.0,29.4,-5.4709227303877476e-05,0.05471264606211056,0.0011303483901250009,0.05990207042483083,21.223621511309478,2.2603893942102156,19.4959304888313,4.2830340465260175,-0.0006189907648984278,-0.00013898233501366607,0.0005938454180004615,0.0453748587863284,0.06265243403704343,0.05611064536295984,0.0015030550504954799,0.00041271308633263276,0.0014752770335468904,-0.0003447189007501876,-0.0005521593401829872,0.18060308951542567,7.315955039551838,7.157806487457103,6.749859984300537,0.1325628540446463,0.44758016528539557,1.6802463748801737,6.318221711149273,6.819133900339079,6.358574877342948,0.000238060658272332,0.0008961230073761708,4.281899862860369,0.0081718436277917,0.003243019717456423,0.011451179521775615,0.0014708569348950151,0.0027487003684470847,0.003431815568534528,0.018181572872835065,0.0032187643963290753,0.0025370404170600414,0.0006312029812165607,0.01692226738571245,0.004228020127709516,0.0,0.1283696442747836,0.08892277194963111,0.0,0.0,0.0,0.0,0.0,0.0,0.0,0.0,0.0,7.836754522303625,176.11486788586637,177.16104654833794,3.1986483352274075,2.7660107659733946,9.132239184753164,11.313513968529842,4.882194551379741,6.497487525039825,5.351152234751704,42.073519464731774,0.8963850362928099,2,0,0,0,0,1,2,0,2,1,0,0,0.2709182982807064,0.002095178222997789,2.0074786754600417e-05,0.010559697151639742,2.313989207070521,0.8608836395066487,0.36605123050232424,0.00018691591773563763,0.014330638298609514,4.414399993816598,1.1090876486388515,0.6156502568490227,1.3146083991337212e-09,30.363872113329347,3.29746339799277e-05,0.0010358835499851167,0.9117707493251946
518a9c43,9.735721393662606,29.4,0.0518506521487866,0.09811101575721977,0.09240281515792849,0.008664126732045961,6.374197556824841,0.13136914855379142,0.09848804171785391,2.7962368082369937,0.033568294875870826,0.06158232670249085,0.06040133486799811,0.05021760095840705,0.10032272243118241,0.14379272388206987,0.06674780041154581,0.11320958780740545,0.09725105725483423,-0.00031733187725175996,0.0024965393262963652,0.023813172747093277,2.3588077238211502,0.5193290234809769,3.496060809522714,0.026997617811485113,0.07464904632622736,0.02972248441607894,0.022962854569354114,0.041088182558294835,0.034437004590204955,0.00021815831158314387,0.012482016681044669,2.783536633244366,0.00023911167058502584,0.0028732609432887742,0.00042448322674520987,0.002001768948588113,0.0034061339882800624,0.0010783218858597646,0.0004932936561086194,0.00020303500279250547,0.0036952161555068586,0.004093808855197293,0.004074244169910968,0.00011219968107425331,0.0,0.06344590130263345,0.09447208243329083,0.0,0.0,0.0,0.0,0.0,0.0,0.0,0.0,0.0,3.4302524401812824,171.64732738202534,4.684527803196158,2.690555975692006,1.4652242971532905,12.509855187755248,2.019863969438114,15.622983026870923,9.538273924566536,1.3541443229402632,1.4856016854825118,10.732748903503202,1,2,1,0,0,1,1,2,0,1,2,0,0.4763607024440357,0.0020648342226580693,2.1680060846063254e-05,0.005498756142715546,3.191051092850768,0.8554208446350519,0.464456306805749,0.00014797492703149146,0.3033592721859487,4.4442042600492115,1.1126308363285278,1.1117676676023132,1.022170240340468e-09,30.463283266038825,2.5921674122959638e-05,0.0008217516892704341,0.9225250995462697
bad722c2,15.070830544208393,29.4,0.049675740354547616,0.11410212750369349,0.10488323237903684,0.011302474300257376,7.654987309581605,1.4062505417757747,3.4862680983052656,2.063194215189982,0.03793523951748013,0.05085708178455345,0.0602348997616093,0.0565424016155072,0.13526155484986463,0.15050242604570863,0.07159293249892015,0.08092998319144759,0.16212678144674275,-0.0003022912454551592,0.0006485625467376468,0.03356115159948964,4.106839348685021,0.18785025093651952,3.3602977099600646,0.009338906962804688,1.315808699305944,0.08110293550702607,4.103613903838503e-07,0.24272249278712274,3.2435451951567527,0.00018402445137099868,0.0008433593341072573,2.062166831404504,0.0005689906296596057,0.0018412257053935254,0.007513410300721941,0.00020211885320374956,0.0008481778554875278,0.0011685187058075742,0.0006013692126452597,0.0009914538953395356,0.005695893963713165,0.001124480863926146,0.0014465752816956601,0.005403056220644004,0.0,0.15956972459710628,0.0,0.0,0.0,0.0,0.0,0.0,0.0,0.0,0.0,0.0,1.5676711734995143,1.6675411895851193,6.78492240340532,3.783071092721322,0.42229610674675544,5.220826729861686,5.20123587550811,2.405061152523925,8.971265671030856,0.22160357961109936,6.617300619380911,19.999529968216027,1,2,0,0,0,1,0,2,2,2,2,0,0.5091847625957858,0.0023088094929371024,2.8443014591798566e-05,0.00424907544660937,2.5248158922990838,0.9227999279652587,0.538172667019356,0.0002178139641358537,0.4245417993910242,4.367556164022283,1.0281944929581759,0.8040450883874338,8.388102771020756e-10,30.49397049579974,2.1693693038322843e-05,0.0006701628981605675,0.9642930793595799
812fb4e2,83.51714372706235,29.4,0.004027189922468039,0.09388697490205807,0.05833329707598147,0.15186335591074537,16.18116881133081,2.6866371750347566,7.649786580551694,54.445465329185375,5.949326292683008e-05,-6.700641233054342e-05,0.012089082916807832,0.09219957802211859,0.07594501690082618,0.11351632978322945,-0.0021684885986531827,0.0786096575729716,0.09855872225362598,0.012944943303137698,0.07178173902824032,0.3708633854008581,6.951997910129979,7.149802066562175,2.0793688346386583,2.4612553980221876,0.11332346260684256,0.11205831440572671,7.307689831488692,0.2944716159865904,0.04762513307641149,0.40131275979378217,10.367316407197578,43.676836162194014,0.002992621152804199,0.016004837120123013,0.06048044300948217,0.011136842175646325,0.008212596256912385,0.004713255128488947,0.01555763030652053,4.26319334791668e-06,0.007674056649965531,0.011821047888760969,0.0074530958733836986,0.0006185730230715982,0.0,0.13536961706905615,0.06104041699144246,0.003430748782638553,0.0,0.0,0.0,0.0,0.0,0.06602990837769486,0.06202474272267931,0.05312547990351228,3.2861825300175616,178.95169505872136,164.37189072041411,140.66860804109996,10.099741384950942,9.150939489558903,77.48320173700155,0.9198871986160414,5.890301481619253,83.91035829793931,14.198785301542543,141.61949863812222,1,2,0,0,0,2,2,2,2,0,2,1,0.3097417605869088,0.0011979478882483772,2.8336320892328583e-05,0.006752305431949974,1.7376335075828084,0.9661573623401349,0.5326389215540905,0.00017878100380706673,0.21686274198432554,4.413673803928104,1.4377541262378772,0.9758549836397196,1.3888042392136896e-09,30.115945320631013,1.7115630094827166e-05,0.0016069432483958568,0.9841300044736759
1b3a6333,48.72258263272661,31.0,0.06553789458035987,0.12651312801550635,0.1439663424418748,0.0893266366336971,21.892485027841996,2.2962800838141613,6.261989272854704,17.94919320372052,0.05152526217286156,0.07042744036209374,0.0746609812061243,0.07906361766111629,0.12272246528050731,0.17775330110489543,0.09908460197679766,0.16466864298583517,0.16814578236299157,0.045026384118971474,0.07893429391388422,0.1440192318682356,12.62792890338702,1.3570311695438022,7.907524954911174,1.0522047292014738,0.6946590593374917,0.5494162952751961,0.7367546272171904,1.7194031218072563,3.8058315238302574,4.054751421114083,12.461247657569217,1.4331941250372169,0.0004701089039437282,0.002184052890126152,0.0009335967423391182,0.0006613047895222634,0.0019952458621123716,0.0018542172924175945,0.00011899540345818721,0.007750821717128247,0.0029372305865378754,0.0009420486978828948,0.0014649922527685028,0.001359862927317037,0.0,0.16165499543181108,0.024631636106201126,0.0,0.0,0.0,0.0,0.0,0.0,0.0,0.0,0.0,1.3720737216633208,4.976579727033093,11.991821406431573,0.8794589640654824,4.918910961625348,8.088734423583753,10.721382096203897,9.104125295162977,2.9088856831351833,4.060696539752497,5.85349544214363,10.12522294801356,0,1,1,1,2,2,1,2,0,2,1,1,0.7576830277880977,0.0029385455409835374,2.1156532679322152e-05,0.007160714783026475,3.0522005373910517,0.7390428221427238,0.5119373881403082,0.0001321672292499383,0.23255396368599748,4.525050552879962,0.9553632929856202,0.8365866383537994,1.1812325691779683e-09,30.045705065710994,1.628471454145426e-05,0.000561662333361716,0.8725853644526296
1146a5e5,8.053953562835462,31.0,0.039930567465721975,0.09678655673723646,0.10492389361682358,0.047953816547090404,4.810102636381858,0.04883309461265976,1.5486395277534741,1.4526174710466742,0.03658591572892854,0.03690992606885077,0.04629586059938661,0.05808645261191644,0.09489766103296772,0.13737555656682524,0.0923595003542605,0.09133934400396909,0.13107283649224116,-0.00014748490429062364,-0.00034443633216314063,0.14435337087772496,3.5153125589562864,0.3733102931718421,0.92147978425373,0.025709010170970152,0.018908811624306538,0.004215272817383063,0.4203181133770669,0.07205396354081298,1.0562674508355943,4.79562821549309e-05,0.00024093175362120852,1.452328583010898,0.0001413102056635274,0.0033927981164981478,0.00802083101071604,0.0006515594005413146,0.0007623932124705018,0.0012067240504561251,0.0005846805822834083,0.00035628225420352105,0.008242141990161987,0.0021101393716297687,0.0019128459930725858,0.0010315512560809196,0.0,0.13203896263543285,0.1267406257299323,0.0,0.0,0.0,0.0,0.0,0.0,0.0,0.0,0.0,4.888122491036466,41.876228624521,174.24918592748426,6.240756277472846,1.3404532709248327,0.717904670348597,9.43273855763522,4.849555668836874,11.378049896581768,0.33694921553351664,13.414124429706423,4.964420220915751,2,2,2,0,2,2,0,1,0,1,2,0,0.45191913922094046,0.0031040924533507343,2.5198380018480945e-05,0.007061812942796475,2.5299830544745783,0.8453174536537796,0.4742572909684625,0.00014823324762341963,0.21173892034109998,4.172185000114093,0.9829272830013296,0.9369324905126593,9.450553095259528e-10,30.421524564795376,3.42285237870406e-05,0.00020748297766931816,0.9186293533149449
19181f87,10.629161967738462,31.0,0.03392083207191699,0.10163155732535513,0.07375691228196926,-9.045775250671039e-05,0.41326000444307553,1.1277959843861542,1.8436286833875914,6.949628561511383,0.02496517730206339,0.04779343443950527,0.02900388447418233,0.034402451704428745,0.10905695725971726,0.1614352630119194,0.028133056248280337,0.10437367244800981,0.08876400814961763,-6.307010921856543e-05,-0.000316350455861852,0.00010804730756028624,0.32394724029554206,0.0005693561212089085,0.08874340802632459,0.6671141836485134,0.24172988685812438,0.2189519138795166,1.8427322798933967,0.00015831856649420326,0.0007380849277006294,7.955679073897834e-06,0.00021353487111799561,6.949407070961191,0.003969888285193636,0.00502206627605915,0.0064203195982790034,0.003015794029634306,0.0012473403904966931,0.004244947281055354,0.0005588746945732769,0.0023655815332382017,0.008521301983691859,1.311569399270289e-06,0.003657820289460994,0.005931172401484781,0.0,0.0,0.012132229230649324,0.0,0.0,0.0,0.0,0.0,0.0,0.0,0.0,0.0,21.854426806724774,10.128068413919697,139.2516020697211,17.937636692849527,10.894095179773439,0.3345241013700492,3.3453900950979443,2.98825354663697,10.835755454746359,5.163817779041675,8.440329559836181,23.879674590061303,1,2,1,0,2,0,2,0,1,0,0,1,0.508046944274035,0.002134381592052579,1.1349398440046992e-05,0.005232620394234053,1.175949749880557,0.7169719721659586,0.4022904469343147,0.0004482057731473705,0.35847184450270286,4.4241112005416445,1.2339627399501896,0.6872622246798294,9.363606706087852e-10,30.380214920274778,3.714024509059423e-05,0.0009681423773544979,0.8307912149335593
613c8724,22.044049265636335,31.0,0.040391195236678064,0.08435318257498041,0.03643339024112843,-0.0005995550235739528,5.3316444084483425,0.26519895465600624,8.923296050352052,6.874663574717395,0.04038023330457363,0.04985040375028105,0.03094294865517951,0.04253456778042171,0.08349918819541416,0.12702579174910536,0.07917675746494113,0.027988048512114012,0.0021353647463301637,-0.00026924954039178237,-0.0018175748139044323,0.0002881592835743566,5.2958253119005105,0.014583505982746346,0.02123559056508548,0.2316480650417202,0.021783311266306914,0.011767578347979134,0.05602917896525092,2.667201100540511,6.20006577084629,0.0001777159979728631,0.006677702868733658,6.867808155850689,4.254733424924242e-05,0.006842048233350384,0.0011981653927659668,0.005444444098587721,0.000520569047163623,0.0028803502948345464,0.00625659826776984,0.005603291061851247,0.0027348975152369642,0.005720609055904012,0.008399194035989066,0.01598169717291359,0.0,0.0,0.0,0.0,0.0,0.0,0.0,0.0,0.0,0.0,0.0,0.0,7.810735184120393,6.329532266932786,0.2838420339019612,7.385452764575308,9.674289263233662,0.3988541674413852,17.17832212858045,12.048920368516596,153.26695712535312,20.72074545503065,0.799272600566736,164.1084118702704,0,1,2,0,1,1,2,0,2,0,2,0,0.708703475001318,0.0019991374590957707,1.4016598243916803e-05,0.008005916409948443,3.433285749818085,0.9599734237657749,0.5505327453499684,0.00012218094979394098,0.28775084061449074,4.3945902632763,1.1813182678731193,0.6401993747341395,7.382847974811068e-10,30.109422653539678,1.3866276342897046e-05,0.000726789842761576,0.9819543113924276
48f33893,21.801903488842523,31.0,0.04842836019740241,0.10270692048553863,0.1339229556869986,0.039467856013973346,3.9450337556841553,0.5671521457251036,4.525507906901175,12.469015810208248,0.03376730201094475,0.06603576552480028,0.0454820130564622,0.04419720523347792,0.09325725549603892,0.17066630072709904,0.07912232354693734,0.1844219148972288,0.13822462861682971,0.001132849057263739,0.07417938213206389,0.043091336852592414,2.4279951382616565,0.7844958815493879,0.7325427358731108,0.17030300848374577,0.00931221903871307,0.38753691820264474,0.055188828880284674,3.016349239263398,1.453969838757492,0.0025671788576857204,11.005161485269035,1.4612871460815284,0.00027242131144656506,0.00032877144309052656,0.004089041252827553,0.0017901563208845472,0.002077863489977873,0.002487655575853656,0.000637713301169482,0.000866463571707224,0.004279055849809825,0.000696336555866919,0.0001352017667865731,0.004823273066911025,0.0,0.0,0.03285073275679017,0.0,0.0,0.0,0.0,0.0,0.0,0.0,0.0,0.0,6.677759099886971,2.6435631999936198,178.350057899201,4.870352344855343,7.548334488976517,3.021659076948589,0.6116014907315986,1.391067359750659,26.972898357861666,0.29976848790405736,3.966372072943436,3.89904383598388,1,1,1,2,2,1,0,1,2,0,0,2,0.4829390053236225,0.0010090989164887813,1.316171351554049e-05,0.004486146323973482,3.089199730340536,0.9278826607635197,0.5244240030581523,0.00024232686566365118,0.31113450904019857,4.374841252810115,0.8976246053531178,1.0855633749633313,1.1653068214965115e-09,30.506100058266483,3.2269611530389016e-05,0.000638144430586316,0.9656502820955116
9ce98784,603.2978397935321,31.0,0.05055280726301866,0.09461372091111835,0.10813045716052615,0.3599127731493877,11.010725543187853,0.8820479402065066,3.0667237855258005,585.3028195525517,0.04264780134255573,0.04548968819256621,0.06352093225393403,0.03625405075730853,0.10654034336190943,0.14104676861413704,0.051002219265924166,0.17716449460482522,0.09622465761082906,0.11755003873813866,0.4873075353716609,0.47488074533836355,6.533452104396708,0.1673642622870115,4.309909176504133,0.6238752363161861,0.2131916074452423,0.04498109644507821,0.4623446905637339,2.5427266046219916,0.06165249034007462,27.72478107378134,475.0110715419253,82.56696693684505,0.0003108284477191873,0.006882484326425369,0.0075528369328882895,0.004475808976040092,0.0043664300201967385,0.004162889014229758,0.0048354796781982096,0.00937930732829254,0.004635996376004412,0.0016668193016937346,0.010332353872318458,0.013543538322489616,0.0,0.1599927898920522,0.08648287020585196,0.07569904030348922,0.02937741078146566,0.02898550465160455,0.04852670650179151,0.0448990436775379,0.03603822712233301,0.08875508081896058,0.07369672438364926,0.03934997139967043,0.17595713975693406,2.2039240807420195,175.25219401198487,141.73147150504244,175.60372655202505,30.60420795339766,170.0722559036944,6.838326667367315,32.51702159347608,175.43572681879945,15.746004663093338,82.67110839572635,2,2,0,0,0,1,1,1,0,0,1,1,0.5028342501787509,0.002237454639124406,1.8001708753427105e-05,0.0062503568008119735,4.264399466590606,0.7580917660866948,0.5979548281246739,9.387599753005902e-05,0.36649424561704047,4.305788437144157,1.1773553905613519,1.079060173844976,1.1258293120856843e-09,30.251454914787132,1.4056294924638743e-05,0.0020955975375262464,0.9026821670354561
981be8f4,10.892253863670136,31.0,0.05173596542125109,0.09366313951522139,0.11706835332984282,0.01676406495440987,7.323189152005581,0.010492616561732263,2.1044243978160457,1.1556125739508727,0.03838131067011284,0.060782735798979616,0.05604384979466081,0.054349982605177045,0.0934785444627833,0.1331608914777038,0.07998975157163528,0.12811884323877012,0.14309646517912306,-5.401820021851747e-05,0.0015459315394964201,0.04880028152395171,4.31250686432474,0.5381466091253975,2.472535678555443,4.5609470191368726e-05,0.010406678157218182,4.0328934322711644e-05,0.06865865004106068,0.27446172118405665,1.7613040265909286,8.399349683782173e-06,0.004813494175924035,1.1507906804252648,0.002024392990890996,0.001986447729438196,0.006229743724130092,0.002705975711036618,0.0004023056449018528,0.0028403186677113646,0.002897221250607802,0.0036132284155559373,0.009047633321386334,0.00160106769815848,0.005803923354463815,0.0057355647034542994,0.0,0.13188293681876562,0.0700897924255908,0.0,0.0,0.0,0.0,0.0,0.0,0.0,0.0,0.0,3.9845372950805342,7.970910053343145,161.95021542986225,3.294877478804247,5.865987466989909,5.199932586207728,3.7258375918299778,7.7618071330066565,8.996912239917018,4.38327577794405,12.555201735139242,11.600081703489362,1,0,2,1,1,0,0,2,2,1,2,0,0.5294024786871582,0.0019891756716465822,1.5567935957908885e-05,0.005948664726418361,3.1503270714853926,0.8718771784821104,0.5336605501849216,0.00017088330060138472,0.2723009882518348,4.398362876619156,1.2678066439155613,0.891687473468575,1.1315216978674158e-09,30.225793168567325,1.2996295464913414e-05,0.0004761255715424366,0.9401979078495735
2c01b079,8.564663875021171,31.0,0.024081388302110845,0.07491010425274316,0.06828818188657673,0.003078861125286174,1.5718974828155876,0.6944959541689507,2.00114614965464,4.135909759655318,0.021910196952824486,0.027486554172751452,0.022847413780756602,0.04431708368746845,0.08266149881743866,0.09775173025332237,0.0506194502696063,0.11401142902254915,0.04023366636757476,-0.0003411606120839882,-0.0007574835937187169,0.010335227581661227,0.05106688899807721,1.0136469419966454,0.507183651820865,0.16625138964342467,0.028410860123226828,0.4998337044022992,0.4293621989000713,0.04840062349695573,1.523383327257613,0.0002914744488288189,0.0017202834476106915,4.133898001758879,0.00684225180021752,0.00122107967168214,0.03193839350792212,0.0030067613969335973,0.002026772718542439,0.0013349029934984664,0.006752319481195995,0.003381494899564868,0.008006499792169922,0.007661156724266639,0.02393158285832024,0.033908914551691254,0.0,0.13630582232707966,0.0264512653646899,0.0,0.0,0.14130850651484297,0.0,0.0,0.0,0.0,0.0,0.17388261857819182,1.6415079736740528,28.71534565369705,156.52043784889474,7.012949942209973,14.64323139494057,4.328863150097281,13.51397713240585,16.70841658412999,21.345851425062808,2.4723014109953416,29.960333355435935,12.397694967020762,0,2,1,2,2,2,2,2,0,0,2,0,0.42596480603719783,0.001456373909842327,1.6124009999081997e-05,0.011268265139010705,4.69010526671333,0.9894915855308253,0.5643583498426954,0.00020233989658448412,0.6127950390349355,4.342937164539842,1.157969484399595,0.8857904851498735,1.1403237461663922e-09,30.567812678202976,1.9697385091366243e-05,0.0009032705852611395,0.9953656611451276
afaf2ca9,11.866360843660999,31.0,0.04413520077295582,0.08557335589683085,0.1320690569330741,0.015670972712938627,5.157806849582682,0.25449339966782564,4.848294528812863,1.2285120382266626,0.036307629880453114,0.043543554183699075,0.052554418254715254,0.042314817440993226,0.08702611985328812,0.1273791303962112,0.09374061070799644,0.13245678978242517,0.17000977030880068,-0.0013831480533238799,0.0009639018209225596,0.047432164371217195,3.3990353942202236,0.031540067107550876,1.7272313882549077,0.24042697576521832,0.003552179305219579,0.010514244597387729,0.4781188300015813,0.38110009176777115,3.9890756070435103,0.003895939050664526,0.002801335822578792,1.2218147633534193,0.0010236903213224342,0.002098343019386587,0.00017391678555160974,0.00016376276290163815,0.005171621772145272,0.0018692439699345004,0.0037386501480658457,0.0027599025061194027,0.001896148146337838,0.008351166136369789,0.03071029765116482,0.004560383178019846,0.0,0.0,0.0,0.0,0.0,0.0,0.0,0.0,0.0,0.0,0.0,0.0,0.523965331446183,5.5876560994516575,20.131502174677134,5.066700811516765,22.42065182038811,17.48989534318511,7.052374472619301,18.972147347252303,3.0996113206773757,2.9458362889240304,7.040447309474896,27.9931249302226,2,2,2,2,2,1,0,2,1,2,0,0,0.5323980702320847,0.0017008436405826087,2.6199024828232824e-05,0.009643797675660787,3.1946438090099973,0.6156232983783465,0.5886913676424552,0.0003333570720183448,0.17456871385410003,4.410051169186047,1.2346586733984277,0.9175515117029043,1.1226994752153446e-09,30.10290392980772,2.001158835414382e-05,0.0006718073139162976,0.8418436754091294
c1c81489,60.60926994004028,31.0,0.07278139590506806,0.10210131582895282,0.15252229613034055,0.07788001291649994,33.2366922885529,0.4209185725461358,10.123462532615873,15.896194672764823,0.034849057204784345,0.07045508537933122,0.11304004513108862,0.06732549326438882,0.10363242549396877,0.13534602872850088,0.08354547168431663,0.1717726970238263,0.20224871968287872,0.024509066573893828,0.08408303314942096,0.12504793902618505,2.8215741411499042,1.1982408172018757,29.21687733020112,0.2932382669782721,0.12672409896095724,0.0009562066069064722,0.13917162185732998,2.144096375597962,7.840194535160582,1.2013887375000707,14.1399153735311,0.5548905617336517,0.0002194846941981248,0.0031573548408371154,8.793379827913236e-05,0.0034809508159315884,0.0013673262382041388,0.0003850848604779114,0.00019798187379386998,6.787176610029827e-05,0.002936737451788271,0.00022102703802559425,0.0015640709232307409,0.0005688468928260971,0.0,0.0,0.05316571176565739,0.0,0.0,0.0,0.0,0.0,0.0,0.0,0.0,0.0,5.24429987088398,0.8001042025830883,179.13733553624476,18.5948816334149,9.156492224443467,2.945318109470325,0.5520504187608247,1.7379950788518563,17.363126614887197,1.0503261436597753,1.335449282554062,7.801903041145653,2,2,2,2,0,1,2,2,2,2,2,0,0.5504674339497859,0.0020853642426089734,2.1012089606461924e-05,0.006375597158480428,1.7089029405893337,0.7105127560224931,0.44073118156563085,0.00010265686981373399,0.30503097904015414,4.52234912245028,1.1213445116884535,1.0850850276141455,1.7217575422194876e-09,30.644754865797662,1.8691232104005433e-05,0.0005535062136471073,0.8380547379907212
aaf1f36a,6.759207462928441,31.0,0.04144992728650244,0.09295070253628875,0.09974160585851273,0.00474197731399043,1.6494158514278192,0.22442184411627497,1.0792670481706048,3.5530224236061128,0.02546033502446546,0.04997106570628795,0.04891838112875389,0.05453235834298961,0.105554260519723,0.11876548874615364,0.06151829911915779,0.10834377023086464,0.1293627482255158,-0.0006993373591672139,0.00018090091124756062,0.014744368389890943,0.3903634505353135,0.08647004068995892,1.1725823602025467,0.00018801350935587218,0.1632654938831469,0.06096833672377218,0.09915337086075823,0.009581413279743576,0.9705322640301031,0.0009788397937089443,0.0001303709264162351,3.5519132128859874,0.0017422951940136164,0.015561969123781653,0.0031584525522327725,4.391318400059785e-05,0.0030824216659017657,0.007726001624542563,0.004679118348986704,0.0006895446970410072,0.006642075990967597,0.0008332525757529657,0.00805733498346938,0.016276222500747943,0.0,0.07028314695667177,0.030646053228802858,0.0,0.0,0.0,0.0,0.0,0.0,0.0,0.0,0.0,10.677545923931199,7.678689289446782,2.409306170025429,13.401395901078514,3.0785725486631375,24.078263539687967,2.2014064528562822,13.311031774994868,40.55464170484964,11.479109361740809,8.613340462703452,23.375680001751842,2,1,0,0,1,1,2,0,0,1,1,1,0.5187157085175369,0.001929615015535145,2.203552559743738e-05,0.008615923818916195,2.8621012426594357,0.7348444102953208,0.5484653170104377,0.00023555221374542938,0.3826320886578228,4.330579325027059,1.2303181770401306,0.7759497831466641,9.520899083456723e-10,30.220663011715775,1.9186686568657814e-05,0.0007524995394602721,0.8802182083280862
7b00cd6c,120.15864878014183,31.0,0.06223488116628587,0.1328873239252182,0.22175727342671778,0.09980143311347245,23.968377791343062,3.0960282763336116,45.58785772733806,46.08182134659441,0.05738259955383085,0.06117422244664073,0.06814782149838607,0.0676641402374946,0.09881656832768687,0.2321812632104731,0.10181871212613036,0.22735604769875933,0.33609706045526366,0.11064203602467658,0.10381184619452148,0.08495041712121926,17.738761238874037,0.49720674467585735,5.732409807793169,0.30855530788749125,0.05547411252966507,2.7319988559164554,0.89062989633328,7.084416759917891,37.61281107108689,24.48333371879271,21.553918917725344,0.04456871007635279,0.0011142215323493316,0.0031931637887380867,0.0013575654280583945,0.001755483233426614,0.001134267216651017,0.004785020741589886,0.0016984375333953979,0.003587905026147772,0.00061451052776049,0.0036670725453649077,0.010958882031301707,0.007974640560232074,0.0,0.06700187424638819,0.12662766076526025,0.0,0.0,0.0,0.0,0.0,0.0,0.0,0.0,0.0,0.6495460317804328,177.6895566039885,0.6500673798106449,6.386087248264153,1.82491944082828,19.55488286591523,1.0317966403428522,5.18716473046356,0.7901251325940579,0.8698090664025072,28.053225447001694,14.840748939784374,2,1,2,2,2,1,0,1,0,2,1,2,0.9414256747876926,0.0034232035400801122,1.590856562022477e-05,0.009563325584955665,2.890419192363514,0.8431893809031988,0.36620311704350683,0.00015833006673423572,0.39624618107072046,4.23965312877615,1.261352958335193,1.0547269602723244,1.4719349184761911e-09,30.423674961214616,1.9026892609088155e-05,0.0009267213463025411,0.9005772980902651
d90a36f8,10.620672814604031,31.0,0.0452198214136492,0.08364415696599337,0.1345675721247586,0.02363760181317495,4.532560764632031,0.19223395061827803,5.076573900316595,0.5120780558623258,0.030576545413612616,0.047337240340064896,0.0577456784872701,0.050012088744220216,0.07388136138676545,0.12703902076699447,0.07512897037073918,0.16645844961781417,0.1621152963857224,0.0034006112570529445,0.002617713968381924,0.06489448021408997,1.4392148300198693,0.15642805663189482,2.9369178779802665,0.029853133952367245,0.15066926857286808,0.011711548093042702,0.012148403121367089,1.8219427266172963,3.2424827705779316,0.023128408692922348,0.01408286258711698,0.4748667845822865,0.0009467948875934269,0.0018210955519228549,0.004417166213869363,0.0012725268133946498,0.0027922414001198322,0.000522992080539898,0.0014884702805343746,0.000749270213737642,0.00019431254380719663,0.0003079768366890336,0.019442472748940634,0.007084072717660363,0.0,0.1564216408616517,0.16488337909135506,0.0,0.0,0.0,0.0,0.0,0.0,0.0,0.0,0.0,0.39617741195329037,2.735796275251806,20.364423159114132,9.5001542909858,6.1092722947935085,14.33996566505464,10.357130614163369,1.9823741877905363,13.966307815545072,4.897118527274391,11.995274169254724,16.697551023550993,1,2,2,2,2,1,1,1,0,1,2,1,0.501292826179699,0.0010346015469437971,1.728916803070049e-05,0.00859868252146621,3.3441779345512295,0.8690420451736945,0.5496024460316301,0.00010616454065894373,0.2659891657630209,4.340445882746452,1.0344991233178538,0.7945167259241442,1.2117217250169934e-09,30.231528252767824,1.2058482647999623e-05,0.0005567217717425586,0.9409618972289286
c8607386,6.371206345137183,31.0,0.038777814078757945,0.10099620563387102,0.12813638572285527,0.020263394948276378,0.9736342096866013,0.18688356431960884,4.188042835431642,0.844979598578414,0.027440986195585253,0.05075920381395428,0.03813325222673431,0.06292218528993056,0.09530619902192887,0.14476023258975362,0.07477452548544629,0.14654810123922016,0.16308653044389937,8.085583496065258e-06,0.004573945299027011,0.05620815396230606,0.7179944780201282,0.026742986747836314,0.2288967449186369,0.129486535864609,0.021825135011044185,0.03557189344395564,0.009828849409620496,0.8480339177310223,3.330180068291,4.098454434600084e-07,0.04189738932149434,0.8030817994114762,0.0012605262098867923,0.0007801493913610744,0.008705522200589788,0.0008744020914008265,0.0015173667178043874,0.0006261766733873588,0.0001567364234854431,0.0028864260348948306,0.003977159891981887,0.0005282917021081465,0.007445678243904349,0.0038818943548180095,0.0,0.0,0.1132066983536727,0.0,0.0,0.0,0.0,0.0,0.0,0.0,0.0,0.0,5.282492014759384,6.5244406474794285,178.82779865284874,4.884557806820742,2.8673132637601997,8.105281950319352,3.2217654771233994,5.74263116604331,11.94274877062723,1.67936081639247,27.565554003764575,25.378308926505152,2,1,1,0,0,2,1,0,0,0,2,0,0.4694087894149884,0.0022385577215996116,2.7490033549752927e-05,0.007200381441264305,2.5111352671391654,0.7626661615687274,0.8138491650834357,0.00012174202660684986,0.5107427339208334,4.314840321258016,1.0367962801827233,1.0466629259486575,1.0545000773520143e-09,30.299291461736942,3.425788629667953e-05,0.0001349709899310465,0.9557387229055573
51295522,19.630735170814994,31.0,0.035024427366082085,0.09427794939867129,0.1503576370617085,0.054301879736916935,3.059380236276689,0.17522681310780253,14.057613539821853,1.830885183097581,0.031437136914533634,0.02995553114785171,0.043680614035860904,0.060926570149607354,0.09949308672465076,0.12241419132175572,0.10346067628808064,0.1128495514238048,0.23476268347324003,0.010466277770789508,0.018897380270161218,0.13354198116980007,1.6805834303271232,0.78286146789769,0.5959353380518757,0.07701307198358959,0.0637345294619882,0.03447921166222473,0.9900430548704726,0.038009816063661904,13.029560668887719,0.2190869756853205,0.7142370902234673,0.8975611171887932,0.0007165349364585612,0.0022895293275808338,0.009159008074977213,0.0010022533415420564,0.0021604801329875413,0.0010947558214802044,0.0005683014691105128,0.002409975036070116,0.00022754331170161653,0.0010173173916447828,0.003889482396201076,0.0011823318438923482,0.0,0.11054597613497016,0.08495161685064492,0.0,0.0,0.0,0.0,0.0,0.0,0.0,0.0,0.0,2.3388646235001187,9.762165016349494,16.880430583004514,0.5033341898484566,11.159361107269131,8.60574176863076,3.9144156377249795,7.689697848216581,10.962909448180993,2.6161958944850925,7.762490780418412,2.774152823560979,1,1,0,0,0,1,0,1,0,2,0,2,0.43577807811596114,0.0018294160877278995,1.4967138293268383e-05,0.012691655748767738,2.5059737753512974,0.7931132097524847,0.5007074458447073,0.0001442287501073188,0.5002218789766832,4.200552295685251,0.9250249399576962,0.868548053069255,2.2688415408138424e-09,30.152409466337865,2.0616897002336443e-05,0.000781655740737691,0.8966528953317433
05beaacd,5.758392087426056,31.0,0.03821894737182633,0.10482777186447619,0.07690816731846799,0.02109771350011616,3.108303267791213,0.4489612182913852,0.4681225239326748,1.5345156165639409,0.03512528765001462,0.047852380783523295,0.03167917368194109,0.047723557999037075,0.10531783747580344,0.16144192011858804,0.07714418029458048,0.07744416100721138,0.07613616065361208,-0.0002048812891237627,0.014252782772070241,0.04924523901740201,2.9268244672404906,0.0006826335875275585,0.18079616696319498,0.07139922576199288,0.1585236914282085,0.21903830110118383,0.0299861582293935,0.3223552468593239,0.11578111884395742,8.538056919451097e-05,0.4063050126151826,1.1281252233795638,0.003494953548743467,0.000852679429453068,0.002756567819815076,0.0028413648508257387,0.0033680030546774844,0.0002199535642380126,0.0026559692144090723,0.002066713182784149,0.00446886806233192,0.0011949409728021303,0.0046237559989725785,0.0035109979770701063,0.0,0.0,0.17157567581665603,0.0,0.0,0.0,0.0,0.0,0.0,0.0,0.0,0.0,0.2988268718170152,5.735726486729474,14.352063167240923,3.058298831327636,0.03361754823758972,13.072201481571255,6.972284473013283,0.06935246026843005,22.49155969110124,0.3839838230133122,16.446659438673503,12.331387145029174,0,1,1,2,1,2,1,2,2,1,1,0,0.49655515572765646,0.002347991373161291,2.3967403708270328e-05,0.004996163907462793,3.540526223558982,0.8551677435732596,0.5366100741609368,0.00017947384871052277,0.31059882832657243,4.53907458587973,1.1712908828374646,0.8026971378486681,1.167724013740077e-09,30.28625262159781,3.698913773081808e-05,0.000580032710745796,0.9328325304278925
d4099dc7,6.740006151465077,32.5,0.033791332136579304,0.07992967872978146,0.10673117690531404,0.005160134964832403,1.3145682442074123,0.41913855745631157,1.4272975475953145,3.3275224230045546,0.028546970235388106,0.0379515882094329,0.03487543796491691,0.053033592906837276,0.09165239120338611,0.09510305207912097,0.06582410479339296,0.11900041070447276,0.1353690152180764,9.274334859541488e-05,-0.002043766883838258,0.01743142842974005,0.9440430909786137,0.22119398049119657,0.14933117273760194,0.0023326299849235343,0.0031747192427589903,0.4136312082286291,0.032538395252459815,0.10722379606405287,1.2875353562788017,1.7234316458576603e-05,0.008357963547469534,3.3191472251406267,0.00028954493829634343,0.012806349156412062,0.001409148902417202,0.00412144308245746,0.0009470529280370783,0.0034387869175424722,0.0010079481232069835,0.0011370195540652405,0.0027475281586591812,0.00017792987718569524,0.001999349024470027,0.06952078895689916,0.0,0.025720467285753754,0.1349436850459891,0.0,0.0,0.0,0.0,0.0,0.0,0.0,0.0,0.0,3.7091468546855477,6.85932065281692,5.926062548233755,16.011895927181218,0.8630884906602798,13.209650963257571,4.801460910905941,33.04228293723491,0.5492481184118585,4.521988955481581,11.044660550138063,3.3910963248974135,2,1,0,1,2,1,1,1,2,0,2,0,0.43194407355155523,0.002196380197247645,1.9319342441240124e-05,0.006599811316148252,2.965614031407908,0.9628201507307181,0.6390633013077768,0.000180422828277811,0.5898159670999243,4.404715660702505,1.2725464130618769,0.8828505022908238,1.1561177350301632e-09,30.364833117147672,4.34647458144953e-05,0.00038495189002912453,0.9865165216167402
541103cd,7.849156607780036,32.5,0.03269590148443976,0.09985354588318306,0.12149192446306806,0.007454629408599839,1.0163888408503343,1.3514055180811544,2.2364064898878824,2.962981762777874,0.02685169061179929,0.04344108494945709,0.02779492889206291,0.04848287597865828,0.13362379999028606,0.11745396168060482,0.09619919016764657,0.13413424101902532,0.1341423422025323,-0.00018713775719618206,0.0009342080529428137,0.021616817930052885,0.6101615525872611,0.13414566706650613,0.2720816211965672,0.05563458401015405,1.2235229483088594,0.07224798576214098,0.5901815185796669,0.42706043507183944,1.2191645362363759,0.00010766843128012919,0.001754911652579368,2.9611191826940146,0.0004039813148061139,0.003738066789234858,0.0021104876628888613,0.0015263549583192123,0.003767487284663461,0.0037071880123381307,0.00018809151300555604,0.006853924041106513,0.004658819548007451,0.006134113704790188,0.0030695732949324595,0.01153453617334693,0.0,0.10085208920652677,0.14363830895810412,0.0,0.0,0.0,0.0,0.0,0.0,0.0,0.0,0.0,3.203728133233547,162.01111026015647,0.2978218378092569,2.7268516023126965,17.226178883553363,13.955584332533295,1.4720838610677696,5.051719563795266,13.485380027641153,2.8211012555892063,20.71605539275624,10.67233804895288,1,2,2,0,2,2,2,1,1,2,2,0,0.44142981564590383,0.002370608990950119,1.5427564282351758e-05,0.009451515700502141,2.092079008315325,0.9540090468561447,0.2581329602042476,0.00021269997468865894,0.3580779082469938,4.44290828969578,0.9948751265497703,0.8985415541429531,9.60201022465563e-10,30.506015136375968,2.4617634067213944e-05,0.00046877419074217133,0.9658550144377626
7da0de8e,37.40403004213427,32.5,0.01905506160122318,0.08776476905754822,0.1976578990819756,0.022046643342591207,5.405509451810214,0.043390372081978115,29.802486929425115,0.830715728260322,0.02187761443287023,0.031232271870412307,0.004055298500387012,0.05274189755197475,0.08222248723431859,0.12832992238635138,0.11729177797396137,0.18682901808171826,0.2888529011902471,0.002495928541775856,0.005907712157177284,0.05773628932882048,0.04937957946547641,0.6010336391586745,4.7550962331860624,0.0036596600272388296,0.032228716455019145,0.0075019955997201425,2.036199756139052,3.1991606441478164,24.567126529138246,0.012486473228070165,0.06993324246586723,0.7482960125663847,0.00018145254889968745,0.0006830767386392957,0.011004418405434733,0.006403302270720907,8.425636222258645e-05,0.0017395126366110821,0.0011973537331889533,0.0026417418257491695,0.0006732139893373308,0.005211013026990584,0.011450615780239145,0.007123453036839855,0.0,0.024058602334020462,0.05974355168153529,0.0,0.0,0.0,0.0,0.0,0.0,0.0,0.0,0.00914195784252179,5.700012599700537,2.525685043207244,177.53273817726455,4.939930913312527,4.002506661888035,5.553569975641431,11.468159452992918,3.170183463794658,10.72714297398568,0.8451793315409564,1.9776702980411536,127.58451104021712,2,2,2,0,2,2,1,2,2,1,2,1,0.5016927322967346,0.0026769282189425714,4.307033680593083e-05,0.011418552997559141,3.003736819245754,0.8452430424230599,0.6564318936147752,0.00016579060269763239,0.4070423163174593,4.625558972524186,1.1608744767422672,1.0411197274190953,1.1031256199792976e-09,30.317782728179978,4.071256556751264e-05,0.0003959166207315754,0.9467648019459907
f3cbdc35,20.774114809105892,32.5,0.03911482798787395,0.11707556994733785,0.10620843299197558,0.018047339288984523,11.992493115700341,0.9943838354944519,1.0821221157479266,6.039153017603439,0.04994208359078466,0.044509783442320615,0.022892616930516578,0.06167839752408339,0.10349328441737558,0.1860550279005546,0.09130476817862007,0.1423259185830718,0.08499461221423486,0.012539837630450664,0.030395376799707236,0.011206803436795669,11.395254276641946,0.11409129725231999,0.4831475418060752,0.09520220865920309,0.12427534905159753,0.7749062777836512,0.3786978350195602,0.6887832659388095,0.014641014789557113,0.314500480347187,1.8478842413010754,3.8767682959551766,0.0013424842137117199,2.8245488277137132e-05,0.004056177480537878,0.003580885869432993,0.004332201924762256,0.004846511929093411,0.0023256698777910376,0.00142759205858522,0.0179800826559317,0.0023291094980728583,0.01124187300736148,0.012307100261675977,0.0,0.09669232618523972,0.0076394949258849825,0.0,0.0,0.0,0.0,0.0,0.0,0.0,0.0,0.0,1.7077793670816521,124.18397207755324,169.95779882269332,26.539620228234114,10.025104084825529,25.238571331633214,7.531115397027523,47.4420225238563,35.44128027614118,14.786262095893388,4.904387413357338,8.332441765092668,0,0,1,1,2,0,1,1,2,2,0,2,0.7508201350361511,0.0013273251709975272,2.5503152479236126e-05,0.006372889100063745,4.4478929612173825,0.7215560371416221,0.6165099419354161,0.0001965571073263082,0.22184030441691382,4.323612219227209,1.3110535739172644,0.7524027675545303,1.2844395137682712e-09,30.231181853612092,2.294171557938945e-05,0.0002290463783312935,0.8931578575215142
29929310,15.562101090119263,32.5,0.04074895027112219,0.08500801674766724,0.0988427787265465,0.06161215983018283,1.42956366232468,0.1882167333691736,0.5332419529790251,13.335758297277406,0.029086459074649542,0.0554092112250473,0.037751180513669734,0.057132124239582825,0.08926512588696324,0.10862680011645569,0.06521638690817316,0.1150282810259551,0.1162836682455112,0.07393311717322243,0.033540476265655,0.07736288605167106,1.0655179502836292,0.1469660253282462,0.21707968671280434,0.014635186032789939,1.2909086317122933e-05,0.17356863825006655,0.03975827551180511,0.0585487959530321,0.43493488151418785,10.932220119120943,2.24992726438408,0.15361091377238195,0.001242985688847789,0.0020151601124889272,0.008378419207546815,0.0014463244990104251,0.0012364573140718179,0.0004303576792304975,0.0037111011406710396,0.006527037725323393,0.00712053610949112,0.0029136269613866585,0.00041003676408743993,0.00854764319435799,0.0,0.0,0.11828147349446334,0.0,0.0,0.0,0.0,0.0,0.0,0.0,0.0,0.0,0.0073190403568747205,3.306166567147253,2.6334805153265193,14.186630475904476,8.500751381561761,30.394592020377356,7.201317147849294,8.212646202912792,5.452472222142011,14.522686255131585,11.367785026593554,35.98642263485858,2,0,2,1,2,1,0,2,1,0,0,0,0.6737704314162302,0.0022293329188898345,2.3050718562013085e-05,0.011726651923172977,3.774431305234857,0.7464888378268826,0.7840857913362423,0.0001710310961175663,0.5539699660635731,4.253751373410151,1.0865811386982536,0.7543243428136386,9.944949542150778e-10,30.24717800690636,4.352677711507765e-05,0.0007958288183697708,0.9451849294528282
22054821,8.351924760209302,32.5,0.03053879756526999,0.08356833297354938,0.0921631893424417,0.0012846473191631597,1.385415572658219,0.48906900134681514,0.5206786264361094,5.705668584841473,0.0267261406302388,0.030210151114242446,0.03468010095132873,0.05150791371470603,0.061911610773773336,0.13728547443216876,0.08240619398709254,0.12344340959893231,0.07063996444130026,0.0008757098758968441,-0.00023733889776750774,0.003215570979360143,0.5883233651473936,0.733294816234361,0.0637973912764643,0.012339386660085093,0.47270896016781605,0.004020654518913994,0.11389172243996895,0.1790675170180373,0.22771938697810318,0.001536709530632464,0.00014991140621269425,5.703981963904628,0.001553985496640499,3.999274721454369e-05,0.009023308114138135,0.0020238928012294576,0.0005563259775370291,0.0006710965349090493,0.0008387052887566894,0.0017898008700601346,0.009981557450777348,0.001724516496277192,0.006103433576742134,0.003913049401275213,0.0,0.08057895093817241,0.05232177518496037,0.0,0.0,0.0,0.0,0.0,0.0,0.0,0.0,0.03267644502251857,1.379039844384367,14.05887858163573,172.68760700833786,0.020179668862917454,2.3469232763594507,4.02542498323374,2.2688333485132217,8.546828235811724,23.752693862974915,1.595795822307312,0.017661001823883804,153.2015633899422,2,1,2,2,1,2,2,1,2,1,1,0,0.38033856834095003,0.0016925885465518685,2.9507940656422435e-05,0.007020224845064235,5.490098012565387,0.9740063003219053,0.46220769981901855,0.00019639057100307125,0.5116563249229726,4.366795177522872,1.0622156585794722,0.7835736194527114,1.7979233458549611e-09,30.23799279613441,3.1167026856107787e-05,0.0001586877540576868,0.9859745676899219
42b80c55,21.412042468083374,32.5,0.058299170150614775,0.09466008262501013,0.11843198835598924,0.01991458295529028,13.360965081687354,0.05078156505250277,3.3986805562020077,4.01110568318639,0.03829374798934411,0.0603305762615765,0.07627318620092371,0.057261061971317244,0.09652559945088185,0.1301935864528313,0.08837487286318461,0.10616701739746705,0.16075407480731607,0.0057760385965966955,0.026716388307864325,0.027251321961409825,4.271737229284154,0.4806537608531957,8.608574091550004,0.015949304687373773,0.03176419722932071,0.003068063135808281,0.27446173854425004,0.0026563624216434725,3.121562455236114,0.06672714505728333,1.4275507764524071,2.516827761676699,0.0014518102930647229,0.0037107752705999243,0.0021966243820703583,0.0009786358741499049,8.785973927371958e-05,0.0010031721113415936,0.003499222766899306,0.0075055572753271,0.0003232682485270824,0.0013788830747778096,0.004468558965459954,0.00772688022397792,0.0,0.10117215779839869,0.10223942849449244,0.0,0.0,0.0,0.0,0.0,0.0,0.0,0.0,0.0,4.749380367683275,41.82241715550525,3.9864320406013607,3.399029125731652,0.48043879444769605,8.05830310917341,13.960964977424585,3.175733973723595,8.217144079870652,0.15320462404990265,1.1523804052266007,6.551758202199302,2,0,2,0,0,1,0,2,1,2,2,2,0.534208419329019,0.002317710134508562,2.471263607904709e-05,0.0062098920918480125,2.8886971240863644,0.6856096976464596,0.5821184731595832,0.00021742440532413767,0.3653482764696359,4.358167031182876,1.1298963326459528,0.7920679524791198,1.805247550786557e-09,30.30690539479694,3.921770881875467e-05,0.00030937401857008027,0.8685638885813664
43b37e22,9.625282832840426,32.5,0.02810103078168746,0.0766336853462588,0.12690031210918143,0.0037710800564003505,1.1267580913008093,0.41881818797560805,3.816468610651655,3.8982130883321187,0.0209842180237031,0.02660630820594082,0.036712566115418455,0.05297944622298595,0.07790621387044476,0.0990153959453457,0.08728525953631801,0.13156632618143438,0.16184935060979191,-0.00018414630505270347,0.0005118590949196433,0.010985527379334111,0.014843389763292102,1.0523558256403889,0.05955887589712833,0.00253573665960777,0.08264607850099209,0.3336363728150082,0.2399537889532573,0.35777809081474005,3.2187367308836574,7.077195488199816e-05,0.0005581064974212688,3.8975842098798155,0.0011091370362113003,0.003604846898576648,0.00034490120493789337,0.00033201506302446787,0.0004493816945338522,0.0034429346628287853,0.00035953527744597664,0.0011490122159672298,0.007692055566705394,0.0017182059110803672,0.0058401225430084955,0.012954027798194392,0.0,0.09531696445353842,0.0,0.0,0.0,0.0,0.0,0.0,0.0,0.0,0.0,0.0,5.752243237244691,5.294072761285555,14.172727520927166,0.45559134175547883,1.0172497784352739,8.595991469363877,5.711946118026786,2.127460070339146,7.179186735330857,0.3585570981488185,36.15627973945157,15.218421513046032,0,0,1,0,2,2,2,0,1,0,1,0,0.3927473181261173,0.0028655089923365737,2.066968765651421e-05,0.009407690919910968,2.1997662159326965,0.8885076755608463,0.36326937157429084,0.00026539208408259737,0.47298095839925036,4.228767392312813,1.0378445879306557,0.7522600992134386,1.4768100403530152e-09,30.40753633007759,2.5540734060098072e-05,0.00022894030359703495,0.9289730952580572
6f843100,16.982008255665484,32.5,0.04639485058116494,0.0988380051657221,0.13807084184542054,0.03766567264088987,4.165151513506401,0.0666665813270183,6.835934648552547,5.614032716516905,0.035165183809062875,0.05909681786698914,0.04492255006744278,0.055445099471441404,0.09474344657973229,0.14632546944599262,0.06739686970397299,0.16814000024747575,0.17867565558481285,4.415096565254584e-05,0.05031031254128278,0.06264255441573428,2.9421711183134374,0.41937424293316933,0.8036061522597939,0.0026534944041404457,0.017862875648702654,0.04615021127417521,0.017230241878358178,1.9210444938895803,4.897659912784609,4.405997456116552e-05,5.062305207740105,0.551683448802239,4.874444835647873e-05,0.00016416269344638064,0.00942028675115351,0.0038546242943142657,0.0007441688599042111,0.0014461067642066827,0.0002603080012389249,0.0002105219618726735,0.007988881063776206,0.006337299032321337,0.0070789644013306025,0.0015685269293891227,0.0,0.10836198290958199,0.16564129533792832,0.0,0.0,0.0,0.0,0.0,0.0,0.0,0.0,0.0,2.8698938690514617,159.0421721425328,5.162596108844915,2.804758696684405,4.519806626426244,11.615319488665735,1.8004782830691828,3.855540697222688,14.37259601970113,2.3590871811982757,18.65261254553978,16.303401520340763,2,2,2,2,0,2,1,1,0,0,0,0,0.5022069718399318,0.0017835322234843517,2.309773676941947e-05,0.008308262747332571,2.9835676410665846,0.7456982697015339,0.7886521799976739,0.00018362083328035922,0.23217903943212068,4.1280651803359305,1.0433187782505646,0.9054894692211146,1.002942125419638e-09,30.30218264821553,2.4698675784434844e-05,0.0007125840856260572,0.9461750184605999
84720ca3,54.33094683832614,32.5,0.055204111331271614,0.0996559388047805,0.08611296521117413,0.06863182265317137,18.331798913589097,2.6290619612967387,1.602612879187878,30.90209525390686,0.0552356230400166,0.07990548403186848,0.03047122692192975,0.09265942780927183,0.07625012468720038,0.1300582639178693,0.10136540964771282,0.10163185810742215,0.05534162787838746,0.08903710021324933,0.08104357087063627,0.035814796875628566,15.764846389583868,2.3759123588708753,0.19104016513435484,2.5175439982168943,0.10818515663597658,0.0033328064438680337,0.8641074263297535,0.0021832051280333198,0.7363222477300913,15.855214071793682,13.136135751109126,1.9107454310040517,0.0037404654674144666,0.0027578805974318153,0.009927829040371419,6.86359703670242e-05,0.002708108446288687,0.003091858175649014,0.00031542122915451164,0.0013144669069458438,0.010175835577085502,0.0019086710762882763,0.0038719738430684535,0.00426603233676365,0.0,0.0,0.15940461529264177,0.0,0.0,0.0,0.0,0.0,0.0,0.0,0.0,0.0,6.914390654542714,3.744229764684892,27.595403956753835,8.390043029509993,8.492092063324058,28.947929786203773,8.853126236328748,25.877847886390235,25.891445213809128,11.217585012673354,5.040421693004607,14.56976545871281,0,1,2,0,1,0,0,0,1,0,2,0,1.0292679618432026,0.002680871517695336,2.793499337497243e-05,0.0058118485656140995,2.066934032232651,0.5809957841089533,0.5997270548700923,0.0002858021777738165,0.37490930364951025,4.45861062453269,1.2825200644846162,0.7070057258622482,1.6754764049804505e-09,30.50456244208936,2.206377463881747e-05,0.0008569622938911441,0.832223975777956
31fbf121,20.427256579446112,32.5,0.02260113355048357,0.052778509609813,0.07091288411033565,-0.000237760686658298,2.8352975765698885,7.310920064364999,2.978686425066036,7.047229539911555,0.009097384570109137,0.036519813057833674,0.022186203023507906,0.0016619483364125327,0.05171879757847254,0.10495478291455392,0.04498369122808508,0.13314006848416896,0.03461489261875291,-0.00039039048494960316,0.00011558189809543003,-0.0004384734731207209,1.9647474095152968,0.2597220324770036,0.6108281345775881,6.194045022681218,0.8882757194674611,0.22859932221632034,0.6909391027964261,0.3994834252643076,1.888263897005302,0.00030484598288884745,5.516313337649971e-05,7.0468695307952895,0.0016021106254707326,0.00225270200398363,0.004038755800541497,0.009214898937841314,0.002605317643719325,0.0006346339378082665,0.0005042697267381613,0.0010598715156098682,0.0026166328740046003,0.0001911057573042509,0.005333365076742353,0.0038341281893606366,0.0,0.0,0.0672289584875559,0.0,0.0,0.0,0.0,0.0,0.0,0.0,0.0,0.0,1.6355912650822477,3.063983319045223,164.50951062520488,9.912971684222917,2.70246277472305,14.07332420185463,3.6101662894218465,2.9519430597633973,4.945951456277204,7.438775132798611,0.05529784487128111,0.6580325767360158,2,1,0,2,2,0,2,1,2,1,2,0,0.323843674418968,0.002711798573153167,1.5122725642257813e-05,0.005186374208828558,2.8447175992694955,0.8530044519841282,0.46329634728262425,0.00022909744511476714,0.3061942081590381,4.567114894995046,1.0400391099523125,0.7855017080088497,7.985215294264476e-10,30.40474014399028,4.3398536365320234e-05,0.0010824840233266983,0.921060622811961
763e4f79,25.958528310105283,32.5,0.06947873355489591,0.10958303960249904,0.10115952602119165,0.037331859312467075,21.889231830989914,1.6191968974909532,1.1235216754607051,0.7684513575428926,0.04613355362986918,0.08079941809235196,0.08150322894246657,0.08283763877816748,0.10806817625134035,0.13784330377798934,0.07439418648679598,0.0972428008979776,0.13184159067880133,0.007535639675224799,0.017701632082179976,0.08675830617999644,8.689166140987721,2.5079705443101545,10.69209514569204,1.3958752298913935,0.2180270474747733,0.005294620124786241,0.007618528084044383,0.019991326368765598,1.095911821007895,0.11357272444553394,0.6266961614297474,0.028182471667611387,9.040250526504189e-05,0.0010262846941498014,0.0017879192585617105,0.001558619579374705,0.0024154444347457065,0.0015094140285628382,0.0019478468795706672,0.006176578220080778,5.792908607074403e-05,0.0009969031496141001,0.0007776143136012778,0.001980956711392731,0.0,0.0,0.0,0.0,0.0,0.0,0.0,0.0,0.0,0.0,0.0,0.0,5.169851041079139,19.097703724042326,0.5271816582261097,1.367684109144487,12.883944949535165,2.877499609377294,2.7054455563807323,2.802379936396292,7.043797674000691,1.0541834548435813,3.951542551332281,4.610834621255438,2,0,1,2,1,2,2,0,0,1,2,1,0.7506987415692115,0.0019503103168952303,1.7197541235692845e-05,0.004126981067008528,1.5243367903318525,0.7763446946010865,0.6408705208326527,0.0001503844603509121,0.41746422621462403,4.2635481635427475,0.9728026980526965,0.7226507078389759,7.935636031939777e-10,30.51577896024519,2.348558492850668e-05,0.00022785527045259332,0.9196146996069909
9c84cf96,13.726041589339497,32.5,0.04076813743843186,0.09033657781086751,0.11896817117807079,0.01403693096564814,6.144708227626086,0.34849956088035683,5.332712751817647,1.4226659290828017,0.04168377995229355,0.0436286233698468,0.03699200899315523,0.049417032170712784,0.1074663977756589,0.11412630348623083,0.06939861131838995,0.10501348467221641,0.18249241754360598,-0.0005172119080571741,-0.001205593899880555,0.043833598704882154,5.991428122367923,0.08413168444318682,0.06914842081497578,0.0389409370912257,0.20420944232379495,0.10534918146533617,0.004726960015973748,0.0007005119389470792,5.327285279862727,0.0008017250970164425,0.0030141116490112925,1.418850092336774,0.0005166092861994086,0.004188329908540866,0.0043813224935289885,0.001894911797360072,0.004211160709065517,0.00694195067709115,0.0006960160024249078,0.0041425662829404075,0.0015841841726443287,0.016331221061027777,0.010353663417017205,0.0072393829259966656,0.0,0.053990630496809106,0.0,0.0,0.0,0.0,0.0,0.0,0.0,0.0,0.0,0.0,2.437508881049796,179.32241482898323,1.0833875470130692,0.6369805995337606,9.091330074385535,29.19737329163244,2.1355913557203543,30.92650080412452,0.8542641077639741,10.259469763468452,5.065671624060089,36.570643138750576,0,1,2,1,2,1,1,0,0,2,0,1,0.5971032598810648,0.0020141124738699734,1.582310480703724e-05,0.009662150477419069,1.8938268331264898,0.8731290261708414,0.5628116964435852,0.00016821663720178377,0.2621376249708433,4.459384386821447,0.9409323591389958,0.829705097999993,6.219623682702402e-10,30.51648537115728,4.1001847792171734e-05,0.0003769823417895856,0.9444772130114355
9490bfdb,9.073300114467862,32.5,0.034778130399279995,0.0767655704842851,0.08222165925304536,-7.974409327458848e-05,0.7573363013055185,1.3306501127498438,0.1299739793733757,6.618925970321642,0.022141138621115945,0.039205205238134845,0.042988047338589186,0.05276271710755588,0.0433451860040889,0.13418880834121055,0.0699267051929633,0.10105700412311973,0.07568126844305308,-0.0002964878035864862,-0.0007871677899607282,0.000844423313723449,0.06342661019606036,0.14644532520088524,0.547464365908573,0.00352124991602678,1.326971279234061,0.00015758359975579845,0.0027307947353927813,0.0035023847971566904,0.12374079984082624,0.00021287988348553022,0.002145652268110352,6.616567438170046,0.003202037673536686,0.0023304230870832216,0.0045932803692453564,0.002278731396823573,0.007098391254243432,0.004947278645871597,3.276143189394928e-05,0.0032826476977036298,0.011982594848325725,0.0060885013044634055,0.030106245348881323,0.02298688291482609,0.0,0.0,0.10123759153018692,0.0,0.0,0.0,0.0,0.0,0.0,0.0,0.0,0.0,0.7035524394987718,5.909180783451308,169.9299894453863,20.95564332167177,14.01313156315298,16.408168805538974,18.315968835369894,12.565739858049195,5.531602421373245,12.325611906605149,26.584301720694846,176.38875522126247,2,2,1,2,2,1,2,2,2,0,2,1,0.4455152739568876,0.0015377750984142602,3.1386710320405225e-05,0.009202326651809261,5.854238143623642,0.6654927333556961,0.47228402593513485,0.00021984313606978627,0.3622153714724965,4.511832813414267,1.1928477854382138,0.6897136432003562,9.51367625558833e-10,30.37066968000704,3.2068211836213195e-05,0.0005687217629263873,0.8234279435484321
7418b606,26.26534239472276,32.5,0.0545628729583394,0.10214713744814974,0.13748018023179992,0.01658398636771703,14.873491688959845,0.4042409809882995,9.157147819857936,1.1201602009971479,0.04918475489922252,0.052225932061902555,0.062277931913893136,0.06204554826476611,0.08083627543064291,0.16355958864904022,0.08662908295835246,0.11645651069967691,0.2093549470373704,0.0007799694971856155,-0.00046592017573465603,0.04943790978170012,10.827970044031877,0.08689455788070719,3.95862708704726,0.10476813099797752,0.04595306668352218,0.25351978330679986,0.2202982838728873,0.07433760784915691,8.862511928135891,0.001217265109358551,0.0004859644401022812,1.118456971447687,0.0004192273432900864,0.002355168443334547,0.0001072575362879306,0.0016413895352170068,0.008566798114618966,0.004729251862083117,0.0010541988060537464,0.000952737777199665,0.009474536624863365,0.0007485160509882738,0.007197306425952393,0.008927979048546912,0.0,0.03266088981187034,0.07334074750763026,0.0,0.0,0.0,0.0,0.0,0.0,0.0,0.0,0.0,4.093007155276555,171.49370106018867,172.51424743936164,9.30414517326082,6.049250574145093,13.976622985487143,6.945912888699868,6.278155817417432,6.719335604879018,3.7039234344860965,5.1275498275691245,6.040793247082874,2,2,0,2,1,0,1,2,1,1,0,1,0.5345665396987079,0.0025378745243050905,3.489046334717289e-05,0.006244148523002922,3.0511142690991764,0.802858010881672,0.6321884619837953,0.00025533640667215986,0.3476569012583021,4.4423840578226095,1.2744135872269964,1.0519133787917203,1.230474978555743e-09,30.58973364991146,2.2930789883380287e-05,0.0003907818315467042,0.9274256829286155
7eb59cd7,1000000.0,32.5,0.0001767757978758108,0.05218859786569451,0.07420985512904867,1.4295517875369864e-05,21.274672772331286,12.3561880567216,1.4063754389491232,7.423040373663618,-0.0036086983146841477,0.0032798446820214897,0.0008591810262900904,-0.017309324793429805,0.03802752899495973,0.1358475893955536,0.078711851439935,0.10082858270738423,0.04308913123982675,0.007824712735046922,-0.005959928561825772,-0.00182189761959504,8.977902446254134,5.727407615240786,6.569362710836366,10.703566880705019,1.651050672221153,0.0015705037954271129,0.04933326122750501,0.0041111016600015905,1.3529310760616167,0.1552980453773062,0.07118080922878342,7.196561519057528,0.00789208529554065,0.00210815243609419,0.01603433420060051,0.003117446446752506,0.004147231295221737,0.00493491092282029,0.001861745985493918,0.0037089249446075655,0.008363117574554204,0.05924277658910103,0.011803063358730166,0.02104891771064388,0.0,0.05621997778977215,0.1077650753759982,0.0,0.0,0.0,0.0,0.0,0.0,0.029336080027309152,0.0,0.0,1.771803703631625,170.96477310583907,19.36622478927433,177.09399797538413,1.411327302620677,12.327033000322146,1.778734041644876,0.6391983963489557,5.117499513410156,77.59829723612255,22.69173054482854,6.851417655553022,1,2,0,2,0,0,0,0,1,2,2,0,0.357016317934925,0.0028328232215073207,2.096900086332892e-05,0.006242714285093159,3.326122984520533,0.8749726383668387,0.4292201839171463,0.00013296933268238547,0.40378882796123444,4.2813276368567985,1.3805957067013215,1.0088937909675906,6.99406765162379e-10,30.207975731662323,1.7789492472013953e-05,0.00018916325990076262,0.928593983503308
3e5e0b2a,9.700315043828544,34.0,0.029274221623487157,0.10012018675388408,0.10560655197909725,0.0007296338992021832,0.35706692068065693,0.22785626843275988,2.869440642701058,5.92690390220173,0.01977914176432244,0.03989581709753735,0.02814770600860168,0.060881423055564446,0.10496550977054338,0.13451362743554443,0.06148341759907488,0.09884013807283905,0.15649610026537786,-0.00019568951408789696,-0.0001311051119609076,0.0025156963236553542,0.00020016335566346399,0.12252131983230877,0.2343454374926847,0.07598177857134927,0.15158612624379855,0.0002883636176120527,0.09984322353436026,0.01141637518657883,2.758181043980119,7.668325292449359e-05,4.0204027875598636e-05,5.926787014920929,0.003967343786953281,0.0016514026166329708,0.005508687773695357,0.00011923616074698045,0.0036318148645530252,0.00034208463760915676,0.004959156170000472,0.0006014665267907464,0.00537889409357491,0.0003073777424915312,0.0024139028793707523,0.005789396186075095,0.0,0.0,0.12239015607509782,0.0,0.0,0.0,0.0,0.0,0.0,0.0,0.0,0.0,1.678709169209641,25.346523603306903,15.045065207841352,24.599145143173654,6.55101392527283,15.937788046794386,7.347940516384313,4.29400969003927,8.802477277637113,1.0040385536273486,9.306835331057787,4.013980654509468,2,2,1,1,0,2,2,1,2,1,2,1,0.3671415394933804,0.0016366069860952717,3.034451537432645e-05,0.0069096065683684005,3.583755350124606,0.7789049216098105,0.4834781277613053,0.00012332511982110088,0.5019431154263371,4.3265662793603195,1.1248894622752912,0.8284133521173049,1.2429158725860794e-09,30.184137823154394,3.005877978801425e-05,0.0004861723284649551,0.8857512083543622
279b2015,1000000.0,34.0,0.026720056190356917,0.09035724886617158,0.09959626744014034,0.0035600799790295036,0.9786586937070216,0.4343590078070217,0.9515490463021111,3.772270384657695,0.022330293386933122,0.03231020117773228,0.025519674006405358,0.06665817912924057,0.072964067970022,0.1314494994992522,0.06974857711825504,0.1002573614474506,0.1287828637547154,-0.00017707042451922073,-0.0015620379586775291,0.01241934832028526,0.07459292929185571,0.5021675253651596,0.4018982390500064,0.26416982474430234,0.16900959577271069,0.0011795872900086859,0.003343447978773413,0.005842844858074391,0.9423627534652633,0.002645667263892789,0.004879934017658056,3.764744783376144,0.004471005387857439,0.0032779214237898978,0.00113041748844117,0.0012659409095130084,0.003284562807948522,8.801466956813377e-05,0.0005504343599074062,0.004329280639621232,0.010754066890071827,0.05082282354822443,9.406890630226316e-05,0.033423072208397936,0.0,0.0,0.13966248831373435,0.0,0.0,0.0,0.0,0.0,0.0,0.0,0.0,0.0,31.991761911871176,3.8533355591738454,154.10304525997776,9.480992220938532,29.879310969707117,22.08959277677952,14.604916003466,6.115901341344998,6.93127414397004,6.565227427192262,174.86572751169794,36.72139179804086,1,1,2,1,2,2,1,1,2,1,2,1,0.9383141762751225,0.0015507588513945206,1.7404042707563676e-05,0.008101730910884494,2.373999467867522,0.9096898151993574,0.3171636133846091,0.0001902685775983644,0.30564486962050263,4.425991752933232,1.402669211833071,0.9271517000834039,9.052712575645965e-10,30.376068107338575,2.5190893885717986e-05,8.870141849813228e-05,0.9383012033748226
c79101c4,7.174908959933104,34.0,0.03357264958555336,0.1153625102624188,0.12152656832640073,0.0062427496561539425,0.242499897637399,0.9557434915573949,2.492942597348998,3.224753865487413,0.018205018404113236,0.051265089963834734,0.031247840388712096,0.0555383373467669,0.10179209782542682,0.1887570956150627,0.0746592608928147,0.15444763609950132,0.13547280798688616,-4.328812835757223e-05,0.00029682765414023167,0.018474709442679167,0.03629335513261776,0.10360208680619075,0.10260445569859046,0.0030546590204824607,0.09606953723126568,0.8566192953056467,0.009129261930280368,1.1904057632196678,1.29340757219905,5.347896069279687e-05,0.00022017373595485172,3.2244802127907652,0.004414827858125274,0.006803135288357392,0.0007585292879462237,0.002458396644400486,0.00048551672049697715,0.0029026260737414506,0.001110575829567612,0.0019330132143854926,0.0028050754389517445,0.0070520377607747944,0.00663026571338327,0.01010656315351682,0.0,0.06841968317680987,0.08694823997774109,0.0,0.0,0.0,0.0,0.0,0.0,0.0,0.0,0.0,1.092179088296976,175.9130791198314,168.39044333781894,0.7394152394972158,13.385540907576784,0.2784575363326659,4.654872342091457,16.844483255904237,28.663157505524588,8.16584575864586,10.317950259318309,3.783278398358562,1,0,0,2,0,1,2,2,0,1,0,0,0.3415162784689021,0.0019228738252823005,1.7325176098522294e-05,0.01045929646983935,4.722627088729483,0.9193672259091122,0.3761614450753847,0.00026213724344080903,0.37987573062432567,4.37995639022631,1.0218167066646557,1.0271252531492376,9.020319694410233e-10,30.465005633240075,4.217821709690489e-05,0.0006704154503494237,0.9496605505870701
190dab85,4.898773277323648,34.0,0.03809293067554525,0.09476278870960801,0.10987189266394674,0.008891462122384654,0.5655757921672,0.20703219823901994,1.4446880027553246,2.4938924510102383,0.021220929214610055,0.062473290545333265,0.03058457226669242,0.044822682818839374,0.0923921961083117,0.14707348720167296,0.06726206191693852,0.15570639884016071,0.10664721723474095,-0.0003087839940712521,-0.0006030965801434211,0.027586266941368634,0.022030508488622414,0.514535418940229,0.029009864738348504,0.14970113780337058,0.0056271454244933815,0.05170391501115598,0.01835930863267298,1.2503444716917662,0.17598422243088535,0.00019077183517462215,0.002201335599441693,2.491500343575622,0.0002830021540081917,0.0030795462803823353,0.011568058224365591,0.005765878262138904,0.005101262916597054,0.003980096349356572,0.0024812898665192576,0.006018587531527679,0.00014359591903861149,0.0002769931144127629,0.03839120510586133,0.001653487915167715,0.0,0.0,0.0,0.0,0.0,0.0,0.0,0.0,0.0,0.0,0.0,0.0,4.1865266187305155,5.675317123562954,21.310609261077467,4.071075830983684,10.633866053230568,5.947765493834027,10.667358109694582,18.01755410059636,18.138881704078205,11.747660534550143,43.55942039195315,8.26764717097147,2,2,1,2,1,0,2,2,1,0,1,0,0.4884847291426002,0.002156789073257251,1.6592304578836388e-05,0.009342965605716742,2.6583430227764535,0.906967811380988,0.4292659367258351,0.0001495431775063591,0.4218293429350776,4.1921935615625,1.0154125491952046,0.7924435242570453,6.045651635285774e-10,30.388325878086828,3.101940828388339e-05,0.0004957767093528802,0.9468604343805102
1bf938bc,15.934829325070877,34.0,0.023141591851165762,0.0772241952220977,0.07961138133545993,4.857814475633135e-06,4.478464296460236,0.5116045339841951,3.6604479055730623,6.97625336693984,0.0048045842275271766,0.04080117861882149,0.023819012707148614,0.04208372969943144,0.07190388128318675,0.11768497468367489,0.061588561531113105,0.1511983626486865,0.026047219826580176,0.0009394214692058881,-0.0010295067017627674,0.0001046586759837787,3.694822472079716,0.21148177987214695,0.5721600445083728,0.24986729953975703,0.19150424289848914,0.070232991545949,0.09776891153598866,1.0425825745953325,2.520096419441741,0.001767568105972778,0.0024299063037623524,6.972055892530105,0.003302084056359315,0.0025230232267264624,0.006364683796161964,0.00022127746558075947,1.0039640149280687e-06,0.007979566829107228,0.0037913281974619535,0.004513424664244329,0.0030176125847536607,0.0015945884619171925,0.017610741205680396,0.024937499316640147,0.0,0.11708738374160167,0.17902014259549803,0.0,0.0,0.0,0.0,0.0,0.0,0.0,0.0,0.023539257768627742,4.9395001046832565,32.25759152879189,2.00583368175171,2.6904271833787403,8.694050014525883,9.366394310235798,11.608359531316133,10.80692662018959,25.489626280052562,6.878057507519443,11.73829413621358,139.75144997919145,0,0,0,1,0,2,0,2,2,0,2,1,0.3566430903795667,0.0021399112581715215,3.475958430294755e-05,0.007418887689058111,2.144158594295755,0.9856439202865397,0.19398901777670946,0.00012540161748823445,0.6425129464329078,4.312424662558339,1.187188031648906,0.7324975086311682,1.1344157607473724e-09,30.41781137119115,3.753762113994884e-05,0.0003040324191658242,0.9884094431875003
56295751,9.110380195846242,34.0,0.04356145208271236,0.10091141312070344,0.10172156958995372,0.04293038391721829,6.192349103816123,1.440810973868257,0.5364677421386622,0.698924283718283,0.041262118879250215,0.048824600333920415,0.04059763703496645,0.037760930788311,0.12896020791912258,0.1360131006546767,0.07445352749160455,0.11276498363035639,0.11794619764790022,-0.000376140816383723,0.00031213253728739596,0.1288551600307512,5.761726764479402,0.006424580415592312,0.424197758921129,0.45996722065702134,0.979067910643962,0.0017758425672736364,0.007942803168158893,0.03729805593522123,0.49122688303528206,0.00028761308394937603,0.0002899105928220919,0.6983467600415115,0.0014221597345915433,0.0004663689472317169,0.0012467138984293851,0.0010311255631090211,0.0012730708714338158,0.001997848327215763,0.001096282692571833,0.0010107955586453608,0.0053524415019114945,0.0021562134518059266,0.009749725696405857,0.002154560529818453,0.0,0.0012296716190058792,0.16765162622587754,0.0,0.0,0.0,0.0,0.0,0.0,0.0,0.0,0.0,0.9432176001531827,159.12828666446836,13.578962296473057,2.9391463752375695,3.718301061907463,8.01170086307001,0.11964949575629039,6.2899640028967685,12.600572397775938,0.38361694336316055,6.351662280879392,3.010041598120905,0,0,1,0,1,1,0,0,1,2,0,0,0.501578067073141,0.002583222391970117,2.190558212370837e-05,0.0052975237425224525,2.618516132961267,0.9989612197136539,0.5501851450548716,0.00028613434526317917,0.5546611433988613,4.30516707841041,1.1628020404861645,0.8220044229536528,1.0822364375920405e-09,30.846710280946734,3.6998804611362625e-05,0.00044661593047383105,0.9994777226816719
9aff4cee,13.10692661922375,34.0,0.03843909504874574,0.08598826802743624,0.06441966420699845,0.0003824332675843498,3.567238413149986,0.6599218569712204,1.4281163386754419,7.0687492051675385,0.03324851539947679,0.03545689062423731,0.04661187912252312,0.03979931174529953,0.06966224600974881,0.14850324632726036,0.04953477825893892,0.09171157965133035,0.052012634710726056,0.0013174213707441867,0.00043370103501316396,-0.0006038226030043013,2.249775255673993,0.3134646199143012,1.003998537561691,0.3529790262984022,0.24375678347293797,0.06318604719988014,0.47486260284320353,0.06789357254016848,0.8853601632920698,0.00349491923997914,0.000611711526375613,7.064642574401184,0.00695978069280445,0.0025945771002078076,0.003371348375932333,0.0029861821624713046,0.006099049672041638,0.005947999143654606,0.002847683538537935,0.008963634099015922,0.004382687411917219,0.004870431581713939,0.01534660714401179,0.007871833298448656,0.0,0.0,0.17079435012223315,0.0,0.0,0.0,0.0,0.0,0.0,0.0,0.0,0.0,26.477395475261755,18.084783175650145,3.3459476723531982,7.657571878615822,0.9192015872253078,4.50624616704604,0.7838460747297619,11.45488981224856,2.428474082744121,0.1484265026616714,1.917060810071959,0.9969938765150825,2,0,1,0,1,1,0,0,2,2,1,2,0.7113003158521035,0.0018535433052037221,2.73129386287885e-05,0.009875049681479314,2.9574102761414136,0.8942035393612779,0.34819683629118925,6.879777255533249e-05,0.555805416158006,4.488661441342039,1.0987931121586014,0.6567039422838581,6.734371928003416e-10,30.250291632608477,4.029419770992927e-05,0.0003248562276152346,0.9310067125628572
6155750c,1000000.0,34.0,-0.0008131295829077569,0.0026038815955423283,-0.0005368191538928357,-0.003085686949355515,22.145578393300315,17.732743726269707,20.853031416620695,7.8764682072285375,-0.0023358250625419253,0.0006464905341785374,-0.0007500542203598828,0.004840008755102537,0.0030341307450862543,-6.249471356180634e-05,0.0008864633435293353,-0.0012254393566791721,-0.00127148144852867,-0.0005440695787544831,-0.00084351938118049,-0.007869471888131573,8.242671959542164,6.6735164769004385,7.229389956857713,4.930625291360488,5.797377507604556,7.004740927304663,6.590090183748218,7.120114870273121,7.142826362599354,0.000593792757474996,0.0016908408313193492,7.874183573639743,0.0015420164841140182,0.005145313565602407,0.014833714607513574,0.006180901808580195,0.018486848488789755,0.007653734152349816,0.00012549654524029834,0.03688153014141141,0.015284283456734762,0.0013301670657607982,0.016364319065122007,0.005267771718009115,0.0,0.0,0.0,0.0,0.0,0.0,0.0,0.0,0.0,0.0,0.0,0.0,24.495651490533007,40.551478010497384,46.73001537591764,8.961045194795297,2.9757669374409614,20.303351990241648,44.38372203260345,165.05063286960842,172.75649904525193,4.779473418663281,41.332676605185384,90.20732914885687,2,1,2,0,1,1,1,2,1,0,1,2,0.44963651833475743,0.0015856152774918013,2.470256806580747e-05,0.007613375748040159,3.178452946968352,0.8796135949238768,0.4437205785471587,0.00019581800223066596,0.506013068978079,4.211888425913649,1.1309399394183857,0.5016399684783797,1.0006920870686857e-09,30.442469223584883,2.128503441729403e-05,0.0006477238122336868,0.9329871481756121
8fad9cad,9.637226155375288,34.0,0.026144899857949003,0.08790085087599249,0.07992701397210393,0.0014124778244873134,0.8812758254063615,0.7073022440017204,2.0543968444745224,5.7543937304191095,0.018114413970712555,0.03005284087988783,0.030267444723246623,0.03540842667443854,0.10063164764148907,0.12766247831204983,0.074577333524826,0.12866378058434214,0.036539927807143685,-0.0005126080577680333,0.001733854494975813,0.003016187036254161,0.04026695112487942,0.7271711388716846,0.11383773540979741,0.6010367454795283,0.09668858384376042,0.009576914678431546,0.008652887417788257,0.28689336063698656,1.7588505964197476,0.0005520616203218831,0.006038132860541243,5.747803535938246,0.003381418584564797,0.004511621482497565,0.003392218417011416,0.002139325801693543,0.0010372772413105075,0.004095058818281544,0.0026854869132789893,0.002679818389602947,0.005733762186438859,0.005150493038967474,0.005062612077335318,0.002964410572777633,0.0,0.0623632561194946,0.0772102362784327,0.0,0.0,0.0,0.0,0.0,0.0,0.0,0.0,0.0,1.1215244134733182,171.0449656410105,177.34910937577024,1.9642686477538367,3.993991877337944,9.283474893611325,17.74148065933314,0.16550966450504787,10.102803680102221,1.1407648167130016,7.052603381519719,18.39438391449917,1,0,0,0,1,0,1,0,1,0,2,1,0.3937885465673588,0.0026638052508592782,2.1148612778795006e-05,0.007444407974298133,2.8606483765592805,0.9705215321542395,0.5720114806982062,0.00021701945953339082,0.4222203793131918,4.578130813786554,1.249987574041919,0.8459915303374723,1.3930370064639041e-09,30.39907518723242,2.306344606941116e-05,0.00012024016025679013,0.9873263530473376
863c46a9,1000000.0,34.0,0.0013186646391898833,0.04303127559302775,0.022908246931197602,0.004948636410187799,18.93641788939075,4.353673714324708,8.577867764120866,3.4182478227564426,0.00019482859650226986,0.0008189720289817317,0.0029421932920856483,0.023449355952096643,0.06255288128908632,0.04309158953790031,0.01770695036060317,0.04011062241477154,0.010907168018218094,0.00033575747104348195,-0.001890909595863442,0.016401061355383356,6.8361230373029525,6.5735986984539,5.526696153633897,1.6095653167234032,0.4509549134027091,2.293153484198596,2.832784175527011,1.8823889621683239,3.86269462642553,0.000345091891969723,0.00725845002394622,3.410644280840527,0.0037374974005311406,0.01810124570449466,0.0014624909370096872,0.010320733977028249,0.0066655432537978294,0.006492581864290696,0.00511344335335854,0.0005137301519744747,0.059479745992682125,0.01093735494745845,0.010362037661065,0.07932984018238604,0.0,0.0,0.14135986226915123,0.0,0.0,0.0,0.0,0.0,0.0,0.0,0.0,0.0,13.842948690889603,3.5568315096270635,32.89106122045257,8.89374507646897,12.37937769444744,9.498320657573466,20.69465314078563,19.796121542659563,149.70782943333526,8.367105377438396,19.077310147963882,20.554207765847195,2,0,0,0,2,1,1,1,0,2,0,0,0.44812957202235315,0.002870502089567841,2.5009068999041375e-05,0.012042983943329885,2.816194411591084,0.7192231226956625,0.45844965992669773,0.0001149392515116393,0.5766837738225242,4.474534909196199,1.2546854393368396,0.6487442314764822,1.4718317252135737e-09,30.400970377576503,4.277194297768844e-05,0.00038005535858251895,0.8478993416451235
d498e781,5.191460950273834,34.0,0.0243051217446099,0.08401600022004939,0.0991128009887818,0.008813480210748527,1.332198400523371,0.24375080371182337,0.9090728225181157,2.544482083748918,0.02012506928004098,0.02912417820550521,0.023666117748283515,0.04411172097388971,0.09024062885571364,0.1176956508305448,0.08434641484497052,0.09039675997269929,0.12259522814867557,-0.0014994028188270486,0.0009117246143139559,0.027028118836758673,0.0006509836144748044,0.752126924184286,0.5794204927246102,0.17322303094018845,0.0004462397175708548,0.07008153305406406,0.1584678201461656,0.08337872700613395,0.6672262753658162,0.005077909108058391,0.00441405907040671,2.534990115570453,0.0033766141153729968,0.003256017739259784,0.000603191034776053,0.0001108053809284863,0.002038868043233276,0.002630686895700982,0.002769840349646702,0.0034044020522064396,0.018978150865797565,0.024114134482609836,0.052455462305796584,0.03621261043619175,0.0,0.013811279589671606,0.17326221530621472,0.0,0.0,0.0,0.0,0.0,0.0,0.0,0.0,0.0,7.595466508454229,31.27849971472094,9.24128173586982,1.246007282864549,15.324593237201883,23.693454278282097,25.291862681920687,0.28580791464632105,80.37378968650701,10.431113464328542,161.77375342508148,9.16413637515489,1,0,1,1,1,1,0,1,1,0,1,0,0.5047722990291479,0.0015735635233849945,1.603240570151981e-05,0.011503128800626223,4.065073191915132,0.553665364432889,0.5189350181012972,0.00022739141475979546,0.6877025115687698,4.273200593334794,1.1991882554374256,0.8129928952310101,6.711028434701493e-10,30.34781427448165,3.8066233023569405e-05,0.0002516517096661318,0.7852321431183336
10fdd611,2.922438301036375,34.0,0.03779805572909285,0.10319393925804758,0.08553962007201303,0.015461832361785346,0.6515305524187429,0.48319708432707764,0.4025447389794896,1.2795702608562904,0.025340112409748775,0.05065961938724137,0.037394435390288416,0.05382417831645199,0.08219046157329823,0.17356717788439252,0.07365644346678026,0.0792822399118001,0.10368017683745875,-0.00019228358693360192,0.00022509220906714015,0.0463526884632225,0.3736685348941446,0.02523702021325351,0.25262499731134475,0.0002425959178377106,0.032567731549259286,0.45038675685998064,0.0041245822108816515,0.2789594489737495,0.11946070779485846,7.56661254487658e-05,0.0001383090966763135,1.2793562856341654,0.0024418956292776126,0.0034945052925566423,0.005409943077027375,0.0014817442939264638,0.007125668536649851,0.0008088274921171333,0.00015268800144229507,0.0016419160834977814,0.0022098684881394263,0.001311552454407264,0.006080796947017986,0.0034157994631568963,0.0,0.0,0.16843176947017918,0.0,0.0,0.0,0.0,0.0,0.0,0.0,0.0,0.0,0.8089003693460639,4.927285488458217,166.2081757123568,7.45774647910062,4.132251265468555,11.192072114619993,3.130533345341658,9.827919348380206,13.179114689200095,2.551610719898851,1.9851157335284566,6.00923746627476,1,1,1,0,0,1,1,2,1,2,1,1,0.4112732758955062,0.001145096371336342,1.8718657236732403e-05,0.005316226221072286,3.020497692421776,0.9985931129121147,0.6897807422921424,0.0001647263559192529,0.5319345735873107,4.378003312839121,1.0958337490298729,0.7240193807045083,1.4344250437433364e-09,30.374246826357464,2.9750584494621473e-05,0.0004940972775230221,0.9994945784576883
1bfc222d,14.00407229136105,34.0,0.051520474325305786,0.09696703542035112,0.08771811904817062,0.03848826181382867,10.542948122318414,0.6233545711007489,0.6156488220713637,1.8038899055354678,0.03276414892169157,0.045978285296288834,0.07581898875793693,0.0387017139061895,0.0911754085450335,0.16102398380983038,0.04966820384870138,0.1090541891773765,0.10443196411843399,0.006491160713655662,0.028447206198887735,0.0805264185289426,2.089421094988891,0.12523028989346127,8.328296737436062,0.4088272332023394,0.001988549157966497,0.21253878874044307,0.4691661983001493,0.01315378029974545,0.13332884347146898,0.08477948583300109,1.6189848544350447,0.10012556526742201,0.00016228323157266886,0.006141082725274087,0.0021756458587176954,0.0009891289178889208,0.004076613280691729,0.0019959955188711214,0.0060919067199491726,0.018511397256077873,0.024134918062128405,0.0225643748415009,0.022310835730008628,0.0010087523196072032,0.0,0.12128845692703889,0.0,0.0,0.0,0.0,0.0,0.0,0.0,0.0,0.0,0.0,0.3760152459144425,8.778402879871555,50.671311037786175,24.639846415770013,13.369968159835421,5.0236410917413945,39.06318637174811,37.398667043772996,20.96250208443584,28.107090816227423,8.528936629943455,47.42270087104268,0,2,0,2,0,1,0,2,1,2,2,2,0.672269034265874,0.001470250976504529,1.959823341082391e-05,0.010198534408466308,5.0562822637568905,0.8931444206666843,0.33171209910119503,0.00021053834736066594,0.3900444242694747,4.4638156824965245,1.2632387432213323,0.9555793269894468,1.196750396385995e-09,30.441472580622715,2.644709384897637e-05,0.0009028757075526525,0.9285565379781027
41ee1deb,23.672133208784526,34.0,0.005081651856075978,0.08120177873493704,0.06193025779532876,0.016391834432811843,15.521491223344608,4.660522056026253,1.4257611228661693,1.6507210309403422,-0.00021850727999968392,2.0670432853671868e-05,0.015442792415373947,0.033076959243208824,0.15093316517994215,0.059595211781660135,0.061443799641049006,0.05727865402493469,0.06706831972000256,-0.0009745270026208633,0.00800955031319852,0.04214047998785787,7.110524487167854,6.988085269251737,1.422881466925016,0.7594242667293521,2.36873752871065,1.5323602605862512,0.10062718239146225,1.0043951873691992,0.3207387531055079,0.001965534272137176,0.12855599643894572,1.5201995002292592,0.010908839006373527,3.674585565295363e-05,0.005909843180456099,0.000537546531823672,0.004346463915854854,0.005396619037129593,0.005021323732456511,0.007570599104567704,0.01864613735346143,0.008131944076465843,0.015817838020055448,0.029953106481442438,0.0,0.0,0.0,0.0,0.0,0.0,0.0,0.0,0.0,0.0,0.0,0.0027232317789672284,20.064470988621522,0.5211924841689625,20.028443389603066,6.1875732836826485,35.204603767916005,0.8334667549467687,29.52120655255452,137.55152138405282,8.729792497338114,26.070434283613203,154.81826636400277,89.77368605724368,2,2,1,0,1,1,2,0,1,2,2,1,0.6679167393891784,0.002422686024263601,2.4598407845815338e-05,0.015732876608710877,3.7010132998534737,0.9916665647390872,0.6806307963435791,0.00021166667667188476,0.7367217561434412,4.535198953508591,1.264949002082812,0.7546609438684752,9.683354482999904e-10,30.288784522244963,3.571861123008575e-05,0.0007655964045575387,0.9972704943373656
8c804ea0,7.284667870250238,34.0,0.043363466694154494,0.10294761556901848,0.09435473890409689,0.05004933167341145,3.655774671781677,0.421591406424433,1.6193963663387798,1.430339005183335,0.034813054945869434,0.05133215999698427,0.04394518513960978,0.05256880811207642,0.08482735641776301,0.171446682177216,0.10587499199120794,0.11367386315927139,0.06351536156181133,0.019832747604191996,0.012646294939058554,0.11766895247698379,2.8079999197328123,0.20003067075036698,0.6477440812984979,0.004532007645723487,0.01308069013174151,0.403978708646968,1.1457756697134507,0.04524402918088947,0.42837666744443964,0.7866779779744595,0.31987343878190655,0.32378758842696903,0.00015176201466689677,0.006921080916871832,0.0002756583867678827,0.0017956555450053574,0.00017253909016749544,0.0017741726057965675,0.001551306931092203,0.0011072431521077742,0.002097926008344634,0.001490943088410595,0.003985901477784256,0.004661760284485794,0.0,0.1636479307200258,0.11097434862466343,0.0,0.0,0.0,0.0,0.0,0.0,0.0,0.0,0.0,4.715875810801044,10.782518509173208,1.4930695883090077,3.898969447173744,2.6888171009982726,26.65613408241139,4.542431181063711,15.123793367227975,6.603899989595867,7.434923489640105,9.173623749595334,11.179312223479641,2,1,2,1,0,2,2,1,0,1,1,0,0.4958376267287431,0.0018465326228116305,1.967701009458155e-05,0.008200705993456762,4.243124093982389,0.8873665791223627,0.3963108052743011,0.0002533822958392841,0.2998604632392313,4.368458539395705,1.0469318118880475,0.776774197361911,1.518958825524186e-09,30.527020643780777,1.8961226241247362e-05,0.0004920534749114018,0.931964789770651
198f1cd8,17.300119697775283,34.0,0.019230901762436397,0.0739469234804455,0.09570212504792912,0.04624806822461237,5.117293322022786,1.7595018749264275,2.0294218919935627,8.114115288649957,0.02057350500438573,0.004400975766510709,0.03271822451641276,0.026609191007927586,0.06217334938329472,0.13305823005011422,0.10602666579381247,0.12434011900615764,0.056739590343817224,0.05733557927241987,0.019875396457397967,0.06153322894401928,0.005729491800220896,5.069241549965598,0.04232228025696736,1.2956883409844673,0.4637560764686182,5.74574733421419e-05,1.1559388886929605,0.1957872864689191,0.6776957168316828,6.574740406801939,0.9477101456683359,0.5916647361796831,0.0015000594605961478,0.0005968932956328364,0.003608709484434395,0.0008641749112035233,0.0025750476667174764,0.0016448389473115604,0.0016216054262862358,0.0012158166604838002,0.0012165732516843393,0.001762326318469709,0.002646329458767676,0.0006834260306837424,0.0,0.16472763106449143,0.041644091401556844,0.0,0.0,0.0,0.0,0.0,0.0,0.0,0.1576403739312364,0.0,0.7459768414491422,179.49557915214956,15.51858897532041,15.19878084119502,4.604282320211682,1.8825058340717775,1.4483634876655938,4.619183875556643,7.327099480941088,4.445043598686794,19.11777337704766,13.649268404813759,2,1,2,0,2,1,1,0,1,1,1,0,0.6008676588579087,0.0026171645092928574,2.147650646890945e-05,0.01116425141233244,2.437581139142002,0.9523390778697276,0.41106835103002015,0.00016821878768380995,0.38658330890663567,4.228066149474715,1.222014148302575,0.8555692875474153,2.644108133221417e-09,30.18020067809228,3.362030937766e-05,7.758148318101964e-05,0.9718898677032859
1898dc0b,20.97424430438083,35.5,0.051529525694135075,0.09048932059958087,0.0978612311520019,0.032632881844581456,16.976723781170794,0.431615984014292,1.1621734565135797,1.770901273430535,0.05424877473737477,0.046759654406986914,0.05358014793804355,0.06808393582871451,0.08908069282572995,0.11430333314429814,0.09903290810189493,0.12420755982884182,0.07034322552526896,0.01178756716239731,0.022196158270523136,0.06391492010082392,14.89657273071855,0.0006825361383840736,2.0794685143138607,0.32813634283211335,6.790204110070387e-05,0.10341173914107796,0.734023238731316,0.193281045306021,0.2348691724762427,0.27793445073448675,0.985371986236873,0.507594836459175,0.0005888136711723192,0.005479093098664479,0.004328532695402166,0.006602889741972521,0.0020292751386265686,0.005134098260555358,0.0061188506561751475,0.0037625937170918116,0.012014536492583282,0.006400899814245592,0.005753459537367722,0.00717310524980818,0.0,0.0,0.1652811434577397,0.0,0.0,0.0,0.0,0.0,0.0,0.0,0.0,0.0,6.399020036110357,19.575418722395845,14.719801544249924,17.536880032210288,11.664499560717482,0.4181591260495737,7.942920981186065,1.3259050354084552,176.55173181623653,3.6917802285017705,6.204850002917116,0.30184700358123073,2,1,0,2,0,2,2,1,2,2,0,0,0.8848850924625666,0.0018459949343061395,2.3473426476898685e-05,0.008663696315138848,2.6026598086821546,0.8752678035927605,0.4553770121796198,0.0003941114405162193,0.43551001347320484,4.442983415581034,1.1104316838085293,0.8295378547188994,8.841596324114149e-10,30.510980731988482,2.4605012592054243e-05,0.00020943301890811395,0.9320224408140727
cd8f29c3,1000000.0,35.5,0.01937373171112381,0.07130545140677601,0.08286671206948798,-0.0003390629971217697,6.287729042386413,7.238020533991029,1.0339506513221695,7.034986719593615,0.004124827997135468,0.01868335756544181,0.035313009570794154,-5.792604036731938e-05,0.0713446604647702,0.14262961979592514,0.09338621619379427,0.06896241616664066,0.08625150384802902,-0.0011729910255617632,0.0004468911113970287,-0.0002910890772005746,4.141032789850663,2.008046344189495,0.13864990834625465,7.0106943668657955,0.20394182496044327,0.023384342164790253,0.4629218976403376,0.5632136569922246,0.007815096689607203,0.0028157089306273865,0.0004095227077082503,7.031761487955279,0.0053212087653875225,0.007443558329267523,0.004978529331623542,0.0010929098483385665,8.33154555781486e-05,0.0008138312445401822,0.0003958587754959073,0.001538946452602066,0.0027756581231150037,0.007993312112667255,0.00317795167000812,0.026084192395014097,0.0,0.17784771920983194,0.11627496441327877,0.0,0.0,0.0,0.0,0.0,0.0,0.0,0.0,0.0,0.19568124256004618,96.61688598776173,174.51672176347725,3.0876390573189423,0.12235370355871797,5.813103633249888,13.206832515253312,5.686057239208156,28.649232406253873,9.07677751643576,4.8817639362985155,2.8085959296755836,1,0,1,1,0,0,1,2,0,2,1,0,0.3187286551343031,0.00202418132295548,2.5069939339546667e-05,0.005558040231994147,1.4473963705763035,0.9913305724447815,0.6872456386078153,0.0003103140934475704,0.8088810316836887,4.2810143219715115,1.2281141049798787,0.8395632522860658,1.0023657364523687e-09,30.467540305661622,2.3869746877975554e-05,0.0005831654315877935,0.997219874157471
9015c2d6,17.642352089907327,35.5,0.059315916214425446,0.10938397893906153,0.10675470458685836,0.05054662617136401,13.861239799301408,0.5537941608191728,1.274968755391817,1.622965148379376,0.04146826832079856,0.06352609862066798,0.0729533817018098,0.05515885088838103,0.11345653634283179,0.15953654958597172,0.07350013031725848,0.15613443238725871,0.09062955105605787,0.00018716776368725142,0.005065317837225468,0.14638739291317932,5.873465316907584,0.5884201410686032,7.399354341325221,0.0015648973585845004,0.3620443083467328,0.19018495511385547,0.0035221066274915957,1.2710157017955335,0.0004309469687919068,8.720706795747987e-05,0.05132277474173414,1.5715551665696845,0.00014528401600560513,0.003961742700705608,0.0048922265382016165,0.00021032055277915465,0.0006844493476759628,0.00089401193397462,0.0008626310929168992,0.001305086423491379,0.002065358485582344,0.004140473937861015,0.0028080522618275684,0.0027048807193823807,0.0,0.0,0.15089331272055323,0.0,0.0,0.0,0.0,0.0,0.0,0.0,0.0,0.0,8.560041926999324,9.57493900722393,13.505882290533446,7.2715385827524175,2.851831273352416,2.3462311111570253,2.8519580061759746,6.7467490408888136,17.373728552117274,0.599693303409029,11.467626614011305,12.622107069203619,1,1,1,2,2,1,2,0,2,1,2,0,0.517188744177579,0.0013238002259794222,3.0320668821830656e-05,0.004764933380577783,3.4732848323709313,0.9752554702870571,0.48225822185754696,0.00019474933116741278,0.2864435944580631,4.386837230715678,1.1320087314838747,0.7982256350927227,1.057369017197537e-09,30.413337980161593,3.8199741430670655e-05,0.0006360931289049178,0.9871404973649364
1b5a6c74,1000000.0,35.5,0.0077592995623713005,0.09698371540746505,0.12233166953106035,0.0006356712702286809,10.181018815997193,0.5985082496687149,2.792732071648374,5.8431868010309005,0.009556567558130575,0.01129034981793401,0.0024309813110493183,0.05389973831660707,0.06893225480959998,0.1681191530961881,0.09349493728839685,0.1253771435164286,0.14812292778835562,-0.003049974760180969,0.0009985547390013113,0.0039584338318657,1.5474871960587615,2.945881029244402,5.68765059069403,0.00017964344848806147,0.262095522623548,0.3362330835966787,0.46755386929639164,0.21607411311630303,2.109104089235679,0.019143618110529913,0.0019955088832807923,5.82204767403709,0.0015346409541084818,0.01599980434971649,0.011192834408139285,0.005117802739291644,0.003855497168729709,0.00026680175397720673,0.0005533733796355974,0.004435322240685529,0.003153841775449035,0.023214780529826104,0.0011339090425774492,0.01774990112314171,0.012781259073180062,0.047710803924185766,0.09841628870499614,0.0,0.0,0.0,0.0,0.0,0.0,0.0,0.0,0.09842813519975761,169.79794246820444,176.33729501192866,178.34540781024037,11.579309340564464,10.41262693710988,5.28209339064776,0.9438402097146582,7.655734015728071,3.790143384812062,162.8047273749369,4.8297898555005245,141.51911606324762,2,0,1,0,0,2,2,0,1,2,1,1,0.3550532767016068,0.0025531622830853935,2.6492183483909205e-05,0.010757991689379597,3.160972530765269,0.7367183579801002,0.6384540354700106,0.00027557454902934873,0.39930603555173755,4.483940276992581,1.1330174116169478,1.0180271247791346,8.007595422388846e-10,30.691980062192886,4.062792907262775e-05,0.0001109139012300387,0.904747739389329
68ed1491,13.289202836184776,35.5,0.0350033856882544,0.1045983233379681,0.12602346907903703,0.0014402598756893762,0.294576876079953,0.4015154275617032,6.465451945783096,5.667787926033565,0.01869276529743744,0.04665411155857542,0.039663280208750346,0.06475552103311667,0.08812544573219207,0.16091400324859562,0.05463601286633366,0.13833351678691658,0.1851008775838608,-3.370681657796566e-06,0.0010781219044287461,0.003246028404297179,0.018407157368927337,0.032440459807655204,0.24372925890337044,0.18964120565982504,0.0010272947598253283,0.21084692714205286,0.280679893036016,0.5534226287830635,5.631349423964017,1.8849335475426426e-07,0.0023250330884907835,5.66546270445172,0.002430963570280332,0.007949408791273427,0.00032727933640765866,0.0009169559209343923,0.0033194657464772014,0.0026880501005016122,0.00272310865516089,3.1090182980733974e-06,0.004176578314546732,0.0004071490698477056,0.0005825863649717676,0.015052773267668301,0.0,0.03144495154327242,0.047141647576721436,0.0,0.0,0.0,0.0,0.0,0.0,0.0,0.0,0.0,1.245751405690015,178.0499901549265,177.78548384373758,9.169035593587669,1.9602486995706616,17.052634346715937,1.6578493701310262,3.127010684300778,13.723745966300779,6.065996457283662,5.728902233470763,6.402025396297246,0,1,2,1,0,0,0,1,0,0,2,1,0.37785311925173276,0.0030026986069700036,1.445812836462971e-05,0.0060353980535917465,3.143002990714638,0.99897473089331,0.5836501419401586,0.00033598180971998866,0.3556185167664021,4.258876951543433,1.0868623266532371,0.9104049192924837,1.26595031700801e-09,30.261412768704442,1.9988244275996663e-05,0.0006096214490730005,0.9995147643387625
629c9979,22.229703977038902,35.5,0.05123026773516933,0.11508644275357148,0.14459099511954912,0.0227848307381103,9.46375288475901,1.368747503512679,9.625752396314255,1.2761987747495687,0.04040051018095777,0.05007988109795235,0.06321041192659789,0.06342838262536121,0.13230747899959905,0.14952346663575417,0.09236320309141535,0.13228160864029662,0.20912817362693545,0.0007617140086226974,0.013645551436763518,0.05394722676894469,5.3063169966172765,0.019839065044686077,4.137596823097049,0.14495177597715442,1.1517573034728443,0.07203842406268038,0.4204691080046488,0.3764474776145175,8.828835810695088,0.0011667479357630548,0.3724294628300639,0.9026025639837417,0.00011712577516761753,0.004957355264515086,0.002689230138685427,0.0005552804212498832,0.00017018384337405914,0.002694423936727006,0.0011766090867890533,0.00023735695029569704,0.0015758390160376583,0.0025162420191502206,0.005226356603418997,0.005609256868103585,0.0,0.0025441784515142563,0.0,0.0,0.0,0.0,0.0,0.0,0.0,0.0,0.0,0.0,0.6882482123439602,146.32627362193122,5.240543189678546,15.291875852324605,12.071581446584155,8.523202110078294,1.7189976733610353,9.410528990040115,4.415076403810434,10.591707442162962,24.304685879658393,18.478643465238,0,0,1,1,1,1,1,1,0,0,1,0,0.5128823596753953,0.0018959446962811847,2.2461847336329893e-05,0.007591852875271617,3.927812326117752,0.7917434889769954,0.5464778669062882,0.00022533009872862373,0.4162389093359019,4.232988847347062,0.9483570331045165,0.9313870738051138,7.953230252625771e-10,30.611374640595365,3.674131359460405e-05,0.0002039502845421266,0.9054964151035022
be8904fc,20.880434859450247,35.5,0.05005434384163837,0.0808028519722247,0.050788832682353326,-0.00018976250495025102,9.815289108658959,0.4546323614508361,2.840198648499068,7.049967437580762,0.04580690637921117,0.054977055676298396,0.04937906946940554,0.05994469295293714,0.06738202555627106,0.1150818374074659,0.05760273983330307,0.05446727937887107,0.040296478834885865,-7.248793910045612e-05,-3.164712707982205e-05,-0.00046515244867047494,8.474126893405442,0.13174673746331997,1.209415477790196,0.05617459808455908,0.30328471263612045,0.09517305073015656,0.19109091592931074,1.1295275995524754,1.5195801330172813,1.3247178111897622e-05,4.616840668890542e-06,7.049949573561982,2.978960621984484e-05,0.005583115821072196,0.0025595513240330814,0.002124633036787489,0.0007597096824698848,0.0017460889526911938,0.0020989299468497776,0.011563624830602127,0.010921870128641688,0.0016547433280828647,0.0016167125174494472,0.015388397959932491,0.0,0.0,0.0,0.0,0.0,0.0,0.0,0.0,0.0,0.0,0.0,0.0,9.440518958360096,7.905780363315518,15.279188697191778,8.849457118624818,4.039520344196628,9.948790103540865,24.300199526234973,1.0437957452116124,8.44887107779805,0.966667946950725,0.6393600459709371,9.877063562486901,1,1,1,2,1,1,0,1,0,1,1,1,0.5457448767018621,0.001732364462691678,1.6011857077300048e-05,0.005582149154854208,2.066385931853568,0.7934552300998915,0.3142846104318727,0.0001761363996739789,0.35051751891440064,4.397451703831459,1.1942124745407068,0.6823179607807,8.177168366123977e-10,30.41542507001039,2.2937333066933897e-05,0.0006471974929367692,0.8583376441836447
f6b2b3aa,20.05065100449525,35.5,0.03194023661226063,0.10020143882327602,0.14410808594054983,0.04537479660183264,1.1182535368116653,2.0442195133872234,15.117831896497744,1.1129316233141426,0.023965774877032518,0.031355077464572355,0.04049985749517701,0.02503527447018509,0.11378462426314641,0.16178441773649654,0.080650397124886,0.10615264689856094,0.24552121379820252,-0.0021532568283173423,0.00042143816326493076,0.13785620847055036,0.20872417438241123,0.5694444436063721,0.34008491882288194,1.4477774660982863,0.37200085464786237,0.2244411926410746,0.07989572889438291,0.002591077161466552,15.035345090441895,0.009552761190503842,0.0003702516252045073,1.1030086104984345,0.0032696325164211924,0.00027266906439092024,0.004943264228383294,0.006975032692784231,0.003797343588879112,0.0005611523980126742,0.0028557040289460584,0.004745796799001608,0.004197630407221419,0.01672516825366258,0.0038770316341591067,0.0009266441408847109,0.0,0.0012557243777896762,0.09016366315840173,0.0,0.0,0.0,0.0,0.0,0.0,0.0,0.0,0.0,8.378966116972457,172.66270760178014,115.93756003655685,5.079250264003692,8.291427833134037,1.066131261432626,0.9921905131492872,8.165784005925246,8.215780545359106,25.94661033217904,1.0009153206871197,2.201912592980985,0,1,1,1,1,2,1,1,2,0,0,0,0.3709815741167932,0.001786096964817742,1.4651736937985003e-05,0.007168492285562663,1.913955712085475,0.8994881986269904,0.6134927097528233,0.0002779384728166556,0.6640455373661237,4.140150181197892,1.2361290585464106,0.9277645145873771,1.0212489106151884e-09,30.26921969414963,3.730075585799998e-05,0.0003625946789228322,0.9610901067424803
eb3b7235,5.923847403261601,35.5,0.02323388899509347,0.09372971367085987,0.07907670916274784,0.00389039401389195,1.656593313570805,0.03031136906505726,0.1828167057567867,3.913917822851854,0.013794577702560361,0.03471419317736956,0.021192896105350495,0.05825616346214751,0.08782197031348933,0.1351110072369428,0.06954606105961415,0.08960157831398369,0.0780824881146457,0.00028257531500546455,0.0005180406282227649,0.01087056609844762,0.47066113277111793,0.5238026692545356,0.6621295115451515,0.02800624089489877,0.0015716206899166639,0.0007335074802418233,0.004123936230498147,0.09356157525442184,0.08513119427186674,0.00019211284000096167,0.0005907622841355984,3.913134947727717,0.0037631576277660514,0.0027071379156739447,0.0019982867221010584,0.0018397844753605791,0.003711049328276657,0.0023212769159396433,0.0030688355132793632,0.003011071478043203,0.00033995184954411194,0.005693436809176567,0.007350516931258961,0.06993149437731415,0.0,0.16978997395052223,0.015092709467071523,0.0,0.0,0.0,0.0,0.0,0.0,0.0,0.0,0.0,1.354336514978951,4.3523060156240065,169.93792965613105,34.460379292241704,4.974909089701999,5.216502454146586,0.26010270744820324,6.233611826080485,16.49233981334432,1.515546083537156,13.587165829534124,6.406449365990597,1,1,1,2,0,2,1,0,0,1,2,0,0.33860580543867,0.0016585842771906212,2.06370563652947e-05,0.009191496102612553,3.5484984549307805,0.9489959210024798,0.20445212544323899,0.0002966876113223621,0.41078745030961933,4.225188759517435,0.9880504378838766,0.8068431373822033,8.444428155337942e-10,30.53421882040679,2.0741545744592712e-05,0.0007556094362557407,0.9594033681472534
9fcb5aee,6.03953216671801,35.5,0.036930266536265875,0.10985306074836354,0.09887138034247396,0.003883726631600269,0.8342307427290525,0.48404394267416206,0.6757638469824961,3.818636447864603,0.021902698898160034,0.06196616217788467,0.02692193853275291,0.060752850344586946,0.1053628263891363,0.16344350551136738,0.05920088499938359,0.12497961969146072,0.11243363633657756,-0.00019478784884528354,1.6771609989738665e-05,0.011829196133656352,0.05064032901906837,0.5331286345070865,0.2504617792028977,0.0730880428340439,0.15941187978897614,0.251544020051142,0.1499457302318343,0.20816718030574827,0.3176509364449136,7.607124375699359e-05,0.00013898973076593865,3.81842138689008,0.00039667115714547873,0.0011005710845508581,0.005788806355866502,0.0015568237076135781,0.0015007126651714949,0.0008474625124095666,0.0017398661248944768,0.0005570033056814855,0.004202048299627564,0.0004320088441774465,0.011765507084806963,0.003163183185188492,0.0,0.05242015457261069,0.07624017510817467,0.0,0.0,0.0,0.0,0.0,0.0,0.0,0.0,0.0,1.316980138802885,175.76395993193827,2.503006638869444,1.2759334175458794,1.4175845238713978,0.5633500624695768,7.646562635265392,2.351933125778643,0.38696152831281017,2.6529914224899716,0.8755981064680061,13.53068567015872,1,0,2,2,2,0,0,0,0,2,1,1,0.3679640365541283,0.0013985336578048635,1.8269206779819613e-05,0.005527934452157398,2.949062420229983,0.9989906821302,0.5259060089516694,0.00014779914723814005,0.47600845655035917,4.272111977547297,1.012793103109993,0.8375284786430841,1.0675080845343594e-09,30.315912563581186,2.4272542325051533e-05,0.0002616180102859651,0.999468897861975
b99312eb,18.099622501294125,35.5,0.03396330952893919,0.0896706484043195,0.14494467385896967,0.02581244936591615,0.669473073948338,0.5793735964537984,14.186108580826106,2.0518834151043857,0.026232108288533246,0.04123203997893599,0.03442578031934833,0.03614833135445474,0.09493889628025803,0.13792471757824573,0.07613446496244179,0.11826601490036942,0.2404335417140978,0.02306162285293151,0.0020908262109650367,0.052284899033851896,0.5062588996962957,0.08240947276055793,0.08080470149148442,0.5546432272762971,0.019194738608505468,0.005535630568995701,0.020067083098531523,0.09712131530019819,14.068920182427377,1.0636940791543317,0.008750185738516056,0.979439150211538,0.0037638090898108882,0.011050334192252154,0.0028041166705224836,0.0031106886937677476,0.001342330712803659,0.006559179236141343,0.0036485155109749296,0.0030442082874848073,0.0013935953880657628,0.004145109482981231,0.0026603100569733275,0.0014522290797725564,0.0,0.0,0.07277530952325642,0.0,0.0,0.0,0.0,0.0,0.0,0.0,0.0,0.0,2.514700586924906,10.434033700106118,176.13716164306655,11.864044846543944,0.5642395306639153,5.235758261929354,0.9857976379575808,5.937152167999529,19.65713653484787,11.523235518282847,14.192637422719857,15.842829292239664,2,0,2,2,2,2,1,1,0,2,2,0,0.5348021141327879,0.0026698179801084615,2.3651885215526837e-05,0.00976163651559879,3.3482538578706627,0.9505846194299735,0.670483785832735,0.00029908918571736,0.6736853803295505,4.123252249080245,1.0635177870455448,0.7846309603287006,1.1096955488482987e-09,30.492051676351668,3.137257135040789e-05,0.0003706966369098239,0.983649782494347
b4d097dc,14.448628437597938,35.5,0.020981092771738725,0.06079459996753848,0.07142704328324778,0.0005284661232783464,2.1766906093481806,2.1532239788835543,3.5296414327907013,6.2933497246137735,0.01939263973143367,0.0270417445210754,0.016508894062707107,0.0516528574584055,0.08427797532705253,0.0464529671171574,0.04171974927981495,0.043350260478917754,0.12921112009101063,0.00022364909939886915,-0.00022981331128106344,0.0015915625817172336,0.003255887856296669,0.9172120066258602,1.2562227148660239,0.01104484905028198,0.016413158363465154,2.125765971469807,0.8707931782222068,1.695764234782348,0.9630840197861463,0.00010634021180142826,0.00012508980190754194,6.293118294600064,0.002405738876058352,0.006152003987628958,0.0023764593163877407,0.001442744035209617,0.0007237600138886204,0.0004045286697943965,0.0022761610394475993,0.0022585507837260023,0.004538798132198856,0.0025104526439623893,0.004411517406018933,0.01158832830736904,0.0,0.0,0.0,0.0,0.0,0.0,0.0,0.0,0.0,0.0,0.0,0.0,0.2540322799151399,11.199426526067718,1.7190837167544746,2.2035463933605404,5.432069444100481,0.5227070117893162,14.435995922259053,30.565159459295494,2.727608801303645,3.715148177137761,5.715088701568879,29.761372015582253,2,0,1,2,1,1,1,0,0,2,1,2,0.37812325888996584,0.0029871726258785493,2.8325269043537368e-05,0.011009690708450634,2.267444691874495,0.9868971657877655,0.6227409378750725,0.0001644015814025827,0.4641946537832344,4.215418546754573,0.8422559436094149,0.5652886074953417,9.190282733744499e-10,30.59214363861992,2.5550390598484164e-05,0.0003516552398832539,0.9949945629601266
77b0ed90,1.0535461459797237,35.5,0.03492135556081304,0.08970015088032679,0.10071397352092998,0.028699135928178493,0.052709957224729764,0.1070665403420601,0.8195381993406325,0.03702863179790942,0.02172982701450648,0.049077771618972324,0.033956468048960325,0.05453551982472886,0.07666796433988057,0.13789696847637095,0.07850663962787048,0.09879622038511368,0.12483906054980574,-0.0008133874920718357,0.0008645387224021303,0.08604625655420518,0.042278629671857894,0.007076089114234926,0.0033552384386369397,0.00019677058283558185,0.10144176168249103,0.005428008076733494,0.04654724908276286,0.01174775662699085,0.7612431936308788,0.001341017747211439,0.0015204540096703926,0.034167160041027586,0.0018973567900598628,0.0035943146465906807,0.002759879716535964,0.002272698117853064,0.005427282781868002,0.002019112684854433,0.004816117800774998,0.011343687189218061,0.0014408828097910312,0.004221293959631112,0.005059605182717083,0.0013065890073975387,0.0,0.0,0.0,0.0,0.0,0.0,0.0,0.0,0.0,0.0,0.0,0.0,15.442422487230958,20.709717307916215,20.18469394617035,9.367041772477108,1.1891197156175761,9.310822560005064,2.120885858058941,20.98153159182714,22.732371732849312,6.8602703832319305,3.484825279285702,18.747767551420367,0,2,2,0,2,0,1,1,1,2,2,0,0.45059439616655483,0.0024240523135991543,1.854952645039134e-05,0.006974041274082111,4.750193870828856,0.817178860533757,0.5435964545056976,0.00024559770057724326,0.6091021202310454,4.472916131887531,1.0292225048033186,0.6399369113893224,7.687148183672409e-10,30.22771113230124,3.613760189532769e-05,0.00018345547601601899,0.9165054241108478
54201e15,1000000.0,35.5,0.007164637298359322,0.07583852413909377,0.027739397116836137,-0.001197962818749136,12.973106229752508,6.318741809286073,10.429415460981119,1000007.1995225287,0.00025905436784851157,0.004997227747890492,0.016237629779338965,0.0015878478066779522,0.08825775519710143,0.13766996941350193,-0.0001934895711733778,0.027900023669171502,0.05551165725251028,0.0,-0.0018006906835374289,-0.0017931977727099794,6.795167034200522,4.830526687594032,1.347412507957954,6.313013265574459,0.0008162920118482984,0.004912251699766335,7.027061039964602,2.6733774706384286,0.7289769503780891,1000000.0,0.006514447285975839,7.193008081408803,0.001617182551700176,0.0051433378083448255,0.006890106919654781,0.0012015635756110505,0.00024600239408545345,0.00582226962400555,0.0009180780726350511,0.0032401988317336023,0.0024153538848880715,0.0,0.005428941924431894,0.00287494312437608,0.0,0.0,0.049733899863017086,0.0,0.0,0.0,0.0,0.0,0.0,0.0,0.0,0.0,6.93843536644484,8.354983518014699,178.65167798764224,6.929459366372707,2.310237943809726,6.474441057926817,6.9862867164705875,3.8303301747708933,2.1226454343054706,0.0,23.956257674028883,7.369611207664018,2,0,2,0,0,2,0,0,2,0,2,1,0.2816368221569453,0.0017698459472698113,1.860676396626888e-05,0.006829909826265477,3.6417476934298256,0.7936115330834443,0.4349576584659789,0.00012206537794140962,0.45815963298045337,4.541459991369876,1.0931466583073077,0.9796810360100793,6.085475266952708e-10,30.44307736499436,3.1278972390145917e-05,0.0009170224408993375,0.8833382816220059
df121553,8.011227428009184,35.5,0.03522521774299814,0.07803391672688038,0.08489988970961575,0.0004500972008249541,0.5208286806722706,0.46590462258397564,0.2343168319112028,6.582237938006528,0.025139732662659193,0.04660931074124777,0.03392660982508745,0.05141199591096716,0.0645440199343469,0.1181457343353271,0.07995642517782367,0.08487821245066053,0.089865031500363,0.00019525276220379314,0.0001970405133122238,0.0009579983269588454,0.3466427657851116,0.001066464823350329,0.17311945006380874,0.013232264609242598,0.38652501249677335,0.0661473454779597,0.0681062373788075,0.16615949085652587,5.110367586944666e-05,9.292115380414061e-05,8.422461713343984e-05,6.58206079223559,0.0001572942519237554,0.0005723196514323286,0.015955888394376855,0.0015209717505772465,0.004307922100390552,0.0026710967473392135,0.0005415562670225743,0.0031253743728368176,0.006962864461600929,0.0040833652185077235,0.002564115707363956,0.00023419080705259707,0.0,0.0,0.16974657944852511,0.0,0.0,0.0,0.0,0.0,0.0,0.0,0.0,0.0,13.810454382879898,4.480942052193866,1.4991140909228735,1.3879967964093225,3.31895272577439,6.679173050014795,6.1937794726454145,16.479306447710567,0.6456780249578852,4.900419156781291,18.025459527316322,8.645097872216708,2,0,2,1,0,0,1,0,0,0,1,2,0.4426907594920266,0.0015286249857093368,1.3183055303956275e-05,0.005228756322074749,2.6587407730101917,0.5949863642668003,0.7837972881405275,0.00019987744538102318,0.41542022903210973,4.245535157269122,1.2280057698332252,0.7502156892545558,8.324414381264147e-10,30.246633441873072,4.2106813911551966e-05,0.00019049137692749528,0.9123565738856036
c5fc6274,14.457618226860953,35.5,0.04242842764301242,0.0811247485141198,0.07963721322442593,0.059580721505961866,8.347645953853155,0.4270261768407586,1.4232167883989488,3.8530984452754478,0.04409710831167769,0.039527232376113344,0.043660942241246226,0.05263709088609506,0.09511081571869695,0.09562633893756739,0.09230743953877107,0.0965762374936552,0.05002796264085154,0.0018959154557067683,0.03595675642240606,0.14088949263977277,7.392490809821982,0.27663438370663135,0.6785207603245413,0.004159310333914121,0.02044317082296486,0.40242369568387965,0.41821381236077343,0.024218576726984294,0.980784399311191,0.007189010028616748,2.5857774555173045,1.2601319797295263,0.00028586869014244606,0.0029027040755305713,1.3649706307364284e-05,0.0013217233251628436,0.006348304827796178,0.001177223133427523,0.0012445565872146714,0.0016085484769282755,0.0011051424853315613,0.00013855771772997873,0.000889200104418945,0.0032691228904063218,0.0,0.14160565100375916,0.16951892087544665,0.0,0.0,0.0,0.0,0.0,0.0,0.0,0.0,0.0,7.801751618556866,26.425448184363777,9.583246284628546,9.606229058436503,1.1888534907631858,3.5634500033929593,6.586275212277167,12.511602731353317,23.478976112811836,6.143558957097788,9.1354554702791,4.891995701319913,0,2,2,1,1,0,0,2,0,2,0,1,0.5651661440989421,0.001999809096364985,2.332791822714682e-05,0.0072806378739141385,6.0720846239352975,0.830900602138629,0.531733731527385,0.00029029296939329143,0.6616258827917194,4.308844169035966,1.10989283141687,0.6875502822386393,1.3076242059167412e-09,30.326179203873163,2.4080376735399458e-05,0.00027012536450957136,0.920763282589337
cccc920c,12.98701404243783,37.0,0.048844237414820725,0.09919538469692636,0.11366188101337393,0.01659755090775601,5.25779056244752,0.29154355596305603,5.923041000283304,1.1020233197733096,0.03332091293688693,0.055138179933400366,0.05807361937417488,0.04599721885671975,0.09387777665120338,0.15771115858285598,0.08311675121138071,0.07473252269979061,0.18313636912895043,0.0001676839367642188,-0.00014103443475620587,0.049766003221260006,2.27419694804715,0.13731608656618086,2.8462775278341894,0.11452655303120965,0.012544309973785455,0.16447269295806094,0.12936335921849432,0.39211204336340744,5.401565597701402,5.9055180510998066e-05,4.160492431930955e-05,1.1019226596684792,0.0007335627676996837,0.0036973094593513375,0.0012814225665625425,0.001816272731797517,0.0008823633045326584,0.004571451878065874,0.0014800852678895416,0.004270567469128091,0.002540137895968545,0.0016790995245979327,0.0013503705955420467,0.00517957126527432,0.0,0.0,0.0,0.0,0.0,0.0,0.0,0.0,0.0,0.0,0.0,0.0,2.8666070421230416,0.3855968637126403,29.474542279058777,2.5487535384693754,4.004971161247491,6.991380176009658,8.89377195325622,15.262121615654324,33.20706915474921,9.649173587076206,13.02012292106769,24.936900773901538,0,1,2,0,1,2,2,1,2,2,2,0,0.5250352959983083,0.0022935138035471278,1.3885106303385636e-05,0.008778706530367351,1.6758107010857834,0.8243406244248537,0.5338598682666095,0.0002617387387740462,0.5836277361790501,4.393341612451442,0.9406776051033433,0.7578181736809076,8.706474922947963e-10,30.27918941534089,1.875113545542238e-05,0.00043565274841880216,0.9180647295423695
1e70761d,1000000.0,37.0,0.010293574784798538,0.0522037790136529,-0.006333314531642184,-0.00017268384232185625,7.956676526401321,2.7312737328512826,22.428007080620986,7.021129501161199,0.01057091687740646,0.014449348202682238,0.005860459274306916,0.03175660183160199,0.06267827952179554,0.06217645568756116,-0.0020320229541201623,-0.019021536582619347,0.002053615941812959,-0.00015577943290854244,-0.00016531874646126633,-0.00019695334759576007,1.597906509829094,2.411893445116683,3.9468765714555434,0.8573516307177511,0.4467097954643925,1.4272123066691391,7.287829458913163,9.000439062801226,6.139738558906599,4.8994264458336054e-05,6.10937406760064e-05,7.021019413156065,0.0022676824275028222,0.011156468074972812,0.010095519514947061,0.004513238540373503,0.0013127960793754409,0.007085152839417486,0.0004348278063444843,0.0038705457922093528,0.004177457964460429,0.0006780862951880853,0.0025363684300506286,0.0004588358312646529,0.0,0.0,0.0,0.0,0.0,0.0,0.0,0.0,0.0,0.0,0.0,0.0,10.642727118879023,1.0118272391086007,14.37582348263272,1.7093800951502414,13.34449942766132,17.609467858855414,2.2097433553080963,1.3100601611500036,30.122792484274335,0.35054944237307367,2.4481950274550925,4.559520890926685,0,0,1,2,0,0,2,0,1,1,1,0,0.3181252095872517,0.0020585150210321096,2.3948628163513317e-05,0.004709092221734064,3.8075243278744426,0.6609341788440136,0.5513994170526916,0.000130437287766611,0.5232906841360214,4.486078563577518,0.8814895501647761,0.5033622432210675,6.855816089162354e-10,30.29633993439812,4.084397962548802e-05,6.680837903616811e-05,0.8478397350302114
742a005d,10.93836638145305,37.0,0.023781688711564924,0.08840229064798504,0.07056124090053742,-0.0004888768332973948,2.2310593321752963,0.4671799340454159,0.8989165085604528,7.123187748992,0.02120537210709432,0.016900581069381727,0.03323911295821873,0.03923527895568925,0.08071253730555318,0.14525905568271266,0.056558563295721107,0.09801883385228853,0.05710632555360263,-0.00019245914699550162,-0.00012739383482484354,-0.0011467775180718392,0.021523432788265413,2.065353637896249,0.1441822614907818,0.38116119857584124,0.04721926490665971,0.03879947056291494,0.22065964287460438,0.015510535153521592,0.6627463305323268,7.42284876575874e-05,3.2714498161340946e-05,7.123080806006181,0.0029783901291845364,0.008759991520627683,0.008354132341483338,3.555743033066178e-05,0.0020419227137336597,0.0025612226858221865,0.0003970341702275673,0.0008573771008168003,0.001966203668976954,0.0003839806415891391,0.000506082857427422,0.008702139237644856,0.0,0.0,0.1440241519711403,0.0,0.0,0.0,0.0,0.0,0.0,0.0,0.0,0.0,1.2917998450275325,169.85164998775736,162.4036946791101,12.730108456668997,2.701744548796005,5.738851397343993,4.310965990229514,4.707465877947546,17.68293786398209,0.8576812483585174,3.4545224918388504,16.71532317484208,0,2,1,1,1,0,2,0,1,1,0,1,0.3164065579966039,0.001534648635187057,2.7151750350509802e-05,0.006497220353292839,2.3481979917237807,0.6224039906040264,0.6115008205782942,0.00018260318250805992,0.6058093662623487,4.3163138745701355,1.0309854609736424,0.7515851623080558,1.2187836112734437e-09,30.268501660772674,2.3336838621701526e-05,0.0005668630762342985,0.8532431101146958
732dbba4,1000000.0,37.0,0.0019330362789180475,0.02846322939138109,-0.0014656109474641486,-0.0008871067125549261,18.35262183012739,6.720568006341821,1000014.4401039454,7.230293185659193,0.0007712286085190575,0.0020531747352522905,0.002974705492982794,0.025277717761741363,0.025546400307771527,0.034565570104630385,0.0,-0.0037603666251397596,-0.0006364662172526857,-0.00022231846859812511,-0.0003079905528311438,-0.0021310111162355094,6.396060954954489,6.09320993469111,5.8633509404817925,1.4237927393900085,2.550739951565643,2.7460353153861705,1000000.0,7.368976301547044,7.071127643931446,0.00010189974214325403,0.00019060518832858102,7.230000680728722,0.007345359282742447,0.008075348304983448,0.00229167815584019,0.005789172642979529,0.001620612691779817,0.004859143363819239,0.0,0.011996752710322852,0.0007092455077244964,0.0017460639116661674,0.0009427762524130124,0.01527432631375184,0.0,0.04703121362030229,0.0,0.0,0.0,0.0,0.0,0.0,0.0,0.0,0.0,0.0,17.003372727105862,172.23319652223375,21.29953637058711,14.689978678337337,9.92736098668259,18.936718319218176,0.0,15.266195156892781,2.5188503813199388,0.5818831590441373,11.28229611339939,1.1400865672584,0,1,2,2,0,0,0,1,0,2,0,1,0.31444070022627635,0.0015795435806852647,2.225225263831198e-05,0.00671257798254769,4.178166175531431,0.8939089189084847,0.41434718203469356,0.00039903599687905983,0.44225062697552836,4.4175325716078815,0.9866251775336391,0.5319014357310924,1.3624933472642256e-09,30.50206218458607,3.0421534915124157e-05,0.00019707266153633354,0.9378260246795648
eeb4e5ad,33.63916832405171,37.0,0.0019092848515744577,0.07813547243175083,0.07656162305307114,-0.00035884251831411543,18.30609729297371,6.2783138606281765,1.5330325356482057,7.073707730293332,0.00032892518427279953,0.004111138970661123,0.001287790399789451,0.0026632207935537878,0.07205690419378868,0.15968629230791,0.03706427185227246,0.08477863003977787,0.10784196726716311,-0.00022526488941451562,-0.00016431283134526973,-0.0006869498341825609,6.74769855880576,5.23687470712455,6.321524027043399,5.895227361319309,0.1907060329296212,0.19238046637924622,1.163282891843719,0.16791981033023864,0.20182983347424802,0.00010275380023449249,7.630244218508037e-05,7.0735286740509125,0.0005220245180573563,0.007576959944944698,0.016290439458439897,0.005183108369242989,0.0010356581213024994,0.0015576697705814674,0.0033329460293749684,0.00407988350890463,0.00034068858777506475,0.001124837512098789,0.004722820036342933,0.004991139213786012,0.0,0.0707203522803539,0.12120107415001055,0.04914275502466617,0.0025359013008525986,0.0,0.0,0.0,0.0,0.0,0.0,0.0,4.06270755405371,10.994291252294605,4.828345723877921,177.29572674680995,3.128175320878516,0.35540482257655026,3.038739529858817,9.761502635283321,1.3224535404251172,0.2709044506832678,2.1049315925720298,14.13806602059313,1,1,1,0,1,0,0,2,1,0,0,1,0.23631426345994194,0.0031820179122481564,1.4904140972666156e-05,0.005375626547921326,3.5878325036316743,0.8310256539929861,0.3892337318028982,0.00032805764116182625,0.5036688701068951,4.270189957391896,1.073566118623763,0.87380874934781,1.065293872241974e-09,30.285585153463934,2.9359911970292867e-05,0.00037088537993436473,0.89675724589507
fc7e1f01,8.748005743024311,37.0,0.027334155761418066,0.09611493745156707,0.07155157620188952,0.0005043343343491121,1.1739811726137017,0.19034792356811345,0.771874085424048,6.408823950591203,0.01821670236985052,0.02692965027646532,0.03685611463793837,0.05272268332357826,0.08024878405165034,0.15537334497947264,0.07217915566032294,0.08302594994409603,0.059449623001249584,-0.00017061268464952414,0.0003447522740269598,0.0013388634136699009,0.03583750831531263,1.0735479495898415,0.06459571470854766,0.0037277357013294887,0.052391848503932144,0.1342283393628518,0.00033170318483184366,0.20027102473782538,0.5712713575013908,6.24100031536959e-05,0.0002523003947072831,6.408509240193342,0.007874727748906194,0.011051712665416881,0.014480256490140828,0.0036165511895275026,0.0011596290382993829,0.001399732341112591,0.002135998872966885,0.00046812782233979526,0.011291550331934044,0.0020475904930087867,0.0038199651587106313,0.005281714992487805,0.0,0.1460736379514082,0.0,0.0,0.0,0.0,0.0,0.0,0.0,0.0,0.0,0.0,2.3054908384052335,8.656093645234812,4.093764030160967,1.1265227842473666,10.462668702067377,7.135797214733086,3.427714576695239,4.197041590233249,26.282655519553572,0.340451906931389,8.227126562518183,23.217171006707037,2,0,2,0,2,1,2,1,2,0,0,0,0.353092160097188,0.001788492098124782,2.150646706778042e-05,0.005772204111725885,5.0502358885678404,0.9901507923973498,0.37030443433979404,0.00023373899060990917,0.3471444433022596,4.329982706512643,1.1166324374182475,0.6996687930489551,1.3103404881869286e-09,30.36727504337363,2.7232418850704696e-05,0.00012728796269896462,0.9937609672039104
a731641e,11.191540560511921,37.0,0.0387985031900847,0.09272472758459838,0.09308051320826467,0.0005336049207111021,3.8208235074840933,0.503775531752419,0.25459011410410126,6.2369499707012315,0.03563804994414352,0.03744129752218509,0.0433161621039255,0.062032548394228566,0.06654846481461868,0.14959316954494786,0.07926185785404374,0.09433391674234973,0.10564576502840056,-0.0004999308055741276,0.00032234627362887416,0.0017783992940785598,3.1272724841642425,0.2172140569564283,0.4763369663634226,0.10441860356853776,0.3266825055066882,0.07267442267719301,0.057261872386656615,0.04158982423913581,0.15573841747830885,0.0005491068161140698,0.00020843548135143262,6.236192428403766,0.0004929545869186773,0.0005846564998899075,0.005206819493949497,0.0002575419854662273,0.00033333855702832676,0.0039008855966892095,0.0026534704699549584,0.0026101441671539357,0.0073823378330857845,0.007017492101176711,0.0007881884968651832,0.006507793572920743,0.0,0.0,0.0,0.0,0.0,0.0,0.0,0.0,0.0,0.0,0.0,0.0,6.544736505256261,2.6307447056423583,14.242016962984664,5.599815085476125,11.188433676398798,13.91915101168333,29.77740039118748,19.57496832639151,25.118208243152406,4.3199336313373236,5.076436194135469,7.001157989379899,2,0,0,2,2,2,2,0,2,2,1,1,0.5521811986481964,0.0012456618690810965,1.7602761547730674e-05,0.007699625801810157,4.423621730958548,0.8011916296536175,0.7264261277185732,0.00013781824453565074,0.620834934248137,4.297430915905003,1.0182939724527351,0.7419301028330285,6.94428791330103e-10,30.55761659036907,2.8976706741847325e-05,6.954221733897234e-08,0.9455385816696082
acdaad65,13.433919849536029,37.0,0.031476097953015904,0.07343382159391149,0.045498968135158226,-0.0006336671590952847,0.23997729304763113,1.0491822845816519,4.7328200970500545,7.145504232568097,0.022955964190319207,0.04070500310610985,0.030767326562618658,0.05260844154041657,0.09470307252884841,0.07298995071246948,0.03475164483143183,0.08410463803543924,0.0176406215386036,-0.0003974520671191108,-0.00015369931728419103,-0.0013498500928825522,0.11792035498866181,0.09722431688277328,0.024832621176196033,0.004330982445637693,0.017627642182534067,1.02722365995348,1.3242870447997908,0.18001313751666398,3.2285199147336,0.00034510496768887613,0.00018751562678381742,7.144971611973625,0.002777088517536045,0.00468332940857759,0.00019405915819287732,0.004427107075068137,0.00585056143622533,0.0024450901064457754,0.002443106092425209,0.0006342897091284015,0.002060390435761031,0.005400803308246646,0.011843507357052833,0.005374722274173426,0.0,0.0,0.0,0.0,0.0,0.0,0.0,0.0,0.0,0.0,0.0,0.0,2.2787444221188817,16.58736299220686,11.632466878807877,1.2136959189730314,17.639354621486397,2.7496149095542206,4.061794069878181,18.35730863121192,18.65781522941703,2.1997070718323988,4.441767096336532,14.355628350697971,2,0,1,1,2,1,2,1,2,0,2,2,0.44676559555650436,0.0028733442910288225,1.6848192945473924e-05,0.008013096884253317,4.764203523551538,0.9953986573826381,0.6897991869515503,0.00026586263320122557,0.6267454310778215,4.341015523348812,0.8938778856081174,0.5564962254900832,5.982712496361307e-10,30.230882025037776,2.3218689550860107e-05,0.0006727445514950994,0.9985036798602848
ed8f6afc,1000000.0,37.0,0.0038237978201745015,0.047483364415754147,0.001737663171805531,-0.00032355487200419535,14.900290518236128,3.294228112703351,20.094177453880256,7.059852979250927,0.008109267296535256,0.0025896271973114126,0.000772498966676836,0.04531003383445328,0.060778325370628515,0.03636173404218063,-0.0027084828786860873,0.008877503484088363,-0.0009560310899856834,-0.00027631290055187246,-0.0001368251330134209,-0.0005575265824472926,2.545477263919401,5.760163983775604,6.594649270541124,0.13452651817582045,0.5124923666709142,2.6472092278566164,7.385446385372182,5.601378782039496,7.107352286468577,0.00015670668305299337,8.169874322449229e-05,7.059614573824649,0.00115943835515115,0.007419714499033009,0.001874658871572528,0.0033510701516255887,0.0016665817551716113,0.0007889993755900247,0.0034461489918563514,0.005829820888991012,0.017981000255426413,0.002002259980675705,0.006652556589478338,0.0003595036235812081,0.0,0.0,0.0,0.0,0.0,0.0,0.0,0.0,0.0,0.0,0.0,0.0,1.3128176935440894,11.156310361212384,59.807604104023575,12.767745344474388,1.8928808410009101,25.791882689982156,25.747971093552035,12.7147857543426,20.94427743975798,1.4333307384799905,10.867397402876684,5.806977858579003,0,2,1,0,0,0,2,1,0,0,2,2,0.3745788994300397,0.0023033223353880867,1.7729326063346952e-05,0.005599765170888492,3.631416053297499,0.7092242758060235,0.4499039349560414,0.0003667594078146814,0.7049328870503382,4.076225407652493,1.0223126612229334,0.5304038739780468,1.342670675136271e-09,30.47256851924636,2.8633628126740852e-05,0.0006906396176190819,0.8400004279170905
b1364d2a,19.235227528913658,37.0,0.04681320957429185,0.09611281013376514,0.06978855419178391,0.0011744611590866945,10.447843133947517,0.6680040654816148,1.5418564262190018,5.886342767452106,0.047041546749677615,0.044720748048398325,0.048677333924799615,0.07217353301605758,0.07632892125640589,0.13983597612883195,0.0639012613492124,0.10457742970502934,0.04088697152111,0.0006028293932813843,0.0003055638246704853,0.002614990259308214,9.301075049914838,0.039372814238627186,1.1073952697940528,0.5498462924794217,0.10689456627499765,0.011263206727195484,0.05780822283495456,0.0003047517122907241,1.4837434516717565,0.0007440759395320619,0.0004456493937874136,5.8851530421187865,0.0015330274696767933,0.00024059762631920435,0.00246746899896977,0.0019365877106751431,0.0030501882590684166,0.0008447687588893464,0.0009305063291646836,0.004926917414612424,0.01776429013683946,0.004155644922759678,0.01609070824708793,0.00832198088744005,0.0,0.024505348393922752,0.0,0.0,0.0,0.0,0.0,0.0,0.0,0.0,0.0,0.0,3.8114988027383054,12.761935072297458,13.400506641513392,15.848942711379859,7.3037237578149155,17.20402222675142,1.54853289927622,1.4541206130916746,36.94188898018018,11.510407709512512,14.897283594336663,0.07894171538847079,2,2,1,2,0,2,2,1,1,1,2,1,0.6488280937291212,0.0015955301724144932,1.8403705626707153e-05,0.007271866108522123,3.0867138798489413,0.9036615909597965,0.3970298732825539,0.0002498950061723935,0.6890877684899279,4.264793701290139,1.1251062160287284,0.6391813604675308,1.0061141049104392e-09,30.568773633860275,2.5050538151302477e-05,0.0007145998928593821,0.9418711143059431
3537d7fd,1000000.0,37.0,0.026275727350939127,0.078017554216446,0.0902708235651312,0.0009043588946715727,1.5646474726987485,0.37517386726451457,1.1547560079471069,5.91362702850049,0.022266367808703492,0.022811605354798502,0.033749208889315395,0.052239975842271635,0.08345924168575747,0.09835344512130888,0.06602246321948332,0.14192508845773869,0.06286491901817162,-0.0001962137681892835,0.00032033304061093677,0.002588957411593065,0.07070173429555529,1.4763065312133195,0.017639207189873617,0.0065388175901777154,0.022078978268169746,0.3465560714061671,0.03034206038985097,0.6745404120620297,0.44987353549522613,7.811157211564495e-05,0.00024276122549681475,5.913306155702878,0.0005288763697831068,0.00527375626555207,0.0021320678883167917,0.0002727953311838086,0.00010960266764475677,0.0006419442583405763,0.0010646106825593464,0.004125156990261308,0.00615247494783046,0.0010544602702658825,0.006126557898422134,0.002644322457615298,0.0,0.1360826057788379,0.01571120248110233,0.0,0.0,0.0,0.0,0.0,0.0,0.0,0.0,0.0,0.7613322332971089,179.62162173441445,146.99067861242662,2.8785600123056887,0.19992482400738779,1.5298157078618553,0.24109068211100057,5.013472642288801,6.591933590490803,1.6546766230128704,0.7121817764086356,7.86444795103568,0,0,1,0,1,0,2,2,2,1,0,2,0.3174859709237723,0.0028457743019705537,1.3260011316800389e-05,0.006398012954574127,3.5698937436537834,0.9969288778801282,0.18561039717490424,0.00036311456598850996,0.3885033893557836,4.585938572868384,0.9448446602253522,0.797545699629448,1.4233939115841353e-09,30.635098876279866,2.1246918795623357e-05,0.00021421579871634347,0.9974803490368528
76b14828,1000000.0,37.0,0.026257730080745275,0.09644360371221826,0.10215292528833486,0.0017415331661098912,1.0049896663212388,0.3678301403575614,0.37909871048892296,5.1916278722267375,0.015370116110634453,0.04057947592095,0.022823598210651375,0.06548201371490656,0.1026025246364203,0.12124627278532789,0.0783384442606665,0.11941010677603549,0.1087102248283026,0.00010560944151301629,0.0004902067338962301,0.004628783322920427,0.25908245135280644,0.23047061731707194,0.5154365976513603,0.21664302740923994,0.10905910356592648,0.04212800938239496,0.044287697824506714,0.11308106115557923,0.221729951508837,2.3398672118824262e-05,0.00048661663132876275,5.19111785692329,5.739558383071404e-05,0.0007537828864762112,0.0060799635479653995,0.00013772513557713264,0.0036475119075006055,0.0016198137279445923,0.001423271981604825,0.0008584869706864853,0.0026395242993164387,0.0010449707390361924,0.0024518049299126826,0.002551253161558448,0.0,0.1295322093823757,0.033456085468643045,0.0,0.0,0.0,0.0,0.0,0.0,0.0,0.0,0.0,4.093203557484519,6.803659345694486,170.83550210142405,0.3827467052803395,2.523853862796124,7.746051361250219,5.457588635065301,2.990648150073607,0.14699802762864142,1.0177162684605978,3.9811817524863806,3.372017078150401,2,1,0,0,1,2,1,2,0,1,1,0,0.36188866003806114,0.002436349920968492,1.557618392624515e-05,0.005318857514061936,3.736777941672945,0.8546583936336757,0.634245579647059,0.0005052270969997769,0.4892203847825525,4.367247687569217,0.9107288864752859,0.8620320209132545,1.102258335453359e-09,30.129777053857538,3.694975030916467e-05,0.0005607775242912471,0.946777240452355
80551071,3.7905960094099465,37.0,0.040572043509849796,0.10164710319875143,0.07328628657000374,0.017842123881412278,1.6995319621377616,0.15847510275268567,0.7892941424011419,0.998314080211266,0.02984198934123514,0.048890983868539246,0.04298315731977499,0.05357383832264265,0.0991736780672071,0.15219379320640455,0.07831548763562586,0.07889964664717385,0.06264372542721151,-7.692227763912861e-05,0.0016062017689549445,0.05199709215292102,1.248017721256685,0.005659135699974891,0.4458551051811018,0.0006706461516463585,0.059764217390531754,0.09804023921050754,0.043985182384724195,0.2877373921501506,0.4575715678662672,2.3010504326157806e-05,0.005201977893830482,0.9930890918131093,0.005444205589097069,0.0014918516583895432,0.009521111025874896,0.001819447333731009,0.0020389169071911013,0.0006754482182333718,0.000861595451609169,0.0025721280497021954,0.017814527796732857,0.00334311691865173,0.0064968953079526815,0.00499210162669803,0.0,0.0,0.0,0.0,0.0,0.0,0.0,0.0,0.0,0.0,0.0,0.0,13.841110043996,16.465836421902043,13.338408084184271,12.368059162417051,1.167535512919631,13.83657187819466,0.5714750056186761,9.646700689733168,11.702136717601077,5.3673074957347975,4.68218117122078,17.17289183331848,1,0,2,0,2,2,0,1,1,1,1,1,0.5678223689862792,0.002581383301003307,2.3404461365648795e-05,0.008012578929698522,2.8383037359142906,0.7340138111840558,0.43580328284024633,0.00028966585463699256,0.26095945179266256,4.215878786460969,1.1473571883303029,0.7144372809404478,8.872341459860243e-10,30.477825208090938,1.640026618128452e-05,0.00035765909510014724,0.8498878851319259
46a2b285,13.275957769341419,37.0,0.04092047250780442,0.08785066020057475,0.14871095335306758,0.0376132287355874,4.661192365837101,0.06810511069006948,8.056430454719655,0.16360079680148407,0.03873187114346568,0.04500421109704581,0.03902533528290179,0.05222643714214712,0.09207554697147916,0.11924999648809798,0.08676054183094686,0.17632323761468,0.1830490806135758,0.00010166488912518695,0.002833904491910938,0.10990411682572608,4.477658051589429,0.011784985432037222,0.17174932881563573,0.006654655365847526,0.004481562600984229,0.056968892723237734,0.22416840032062377,2.4407998895354264,5.391462164863604,9.156226480831685e-05,0.016095214944814872,0.14741401959186087,0.0011361557379632279,0.0024286797835789587,0.003624193103859585,0.0050267872009678695,0.0017863393416672458,0.00021811656540188587,0.0007137005771282634,0.0037558817492919483,0.0011879178704354877,0.008419665399922003,0.005760694946696166,0.00584424869598715,0.0,0.0,0.011507653707195198,0.0,0.0,0.0,0.0,0.0,0.0,0.0,0.0,0.0,15.820562602832002,6.026371935537427,115.0342153216003,28.162872777485614,1.589770249090707,3.0143153411366463,6.387847566581132,13.757457147538592,23.90056759497047,1.2539580753272463,14.629471647897583,23.46644411292155,2,1,0,0,2,0,2,2,2,0,2,0,0.5152930655094393,0.0010113006286103794,2.6633962210335895e-05,0.007242586489777416,2.922934263792754,0.9690719354237671,0.7270997079951111,0.0002559976569227332,0.47745446096689137,4.305231111603812,1.095613866472612,0.8045166733451058,1.1092871613228413e-09,30.436468242793808,1.2603261194752814e-05,0.00013900399713747083,0.9914870121752005
976ff1ac,38.766135107205855,37.0,9.574727054018741e-05,0.04819162612908837,0.11446157664108832,-0.0004237202436928636,21.094731676418245,4.027870018701157,6.023305648728488,6.829636177763896,-0.00017881110124322498,2.9597453942498084e-05,0.00043645545892128913,0.0539717155196368,0.02191096071896653,0.0686922021486618,0.03505030303428149,0.1357857094833217,0.17254871740566177,-0.0002574814556019219,-0.0013826112815240913,0.0003689320060474224,7.09025973580923,7.132422902586479,6.872049038022535,9.8266849747018e-05,2.8494550844289583,1.178316667422452,1.3029027156303328,0.47477602183605405,4.245626911262101,0.00013303428606571398,0.00397026444045985,6.82553287903737,0.0011029902044863038,0.0004073905197352957,0.016713574095630335,0.0030930130885615283,0.0015305677047410644,0.00022649364350958712,0.0011854582558270764,0.0012818878983465434,0.004371105401168189,0.000663992551121653,0.012125861984389804,0.0007697418326807685,0.0,0.14964235321274993,0.1307132772131019,0.0,0.0,0.0,0.0,0.0,0.0,0.0,0.0,0.0,15.485572333109708,176.12833788887966,165.10391493864296,9.595090461531052,11.723950498924863,15.86240694598128,4.27813144238316,3.8833779917752773,10.186034233469938,0.48541178117942385,18.0620727112521,0.36962458473443566,1,0,2,0,0,1,0,0,0,1,2,1,0.24739404412187038,0.004322633517437691,2.6860961603569253e-05,0.009200941013548986,3.4035846146784676,0.8416278510086939,0.5059958510671501,0.00016425289306696197,0.592922971513386,4.30585539209642,1.1125087654730437,0.7694064236775291,1.1397430937501426e-09,30.14051854572715,3.80333715667648e-05,0.000694264634277962,0.9217129017377765
2a1856c0,8.035336091329516,37.0,0.030689233360008117,0.09892028583321388,0.09409837286682965,-0.00023874339419635704,0.27484772784773376,0.1260667798484939,0.3925136105537874,7.028346684804728,0.01904081079096883,0.0414200781349265,0.03160681115412902,0.059057514585049604,0.08706136446781343,0.15064197844677865,0.08676925763173822,0.09248844973962125,0.10303741122912946,-0.0013895724019457332,0.0008822976582097523,-0.0002089554388530903,0.009322807125607156,0.25532805682280596,0.01019686389932062,0.04016545272577186,0.003422903136839432,0.08247842398588262,0.22442571373462655,0.059377361217628925,0.10871053560153195,0.003865210520458843,0.002011930493761729,7.022469543790507,0.001502811043819629,0.012370345544859378,0.004653098565810088,0.0022140855993495433,0.0011728097357400508,0.0063293288659079195,1.7180164131712122e-05,0.0004275256226710945,0.007880751730114783,0.0018405433872568811,0.021331483267623536,0.012962715224481683,0.0,0.17790860382233892,0.0,0.0,0.0,0.0,0.0,0.0,0.0,0.0,0.0,0.0,4.453590268595762,18.81641276484407,9.657679764927815,51.764315934792606,21.292636732297613,0.5777606949802409,23.238694825635353,40.178429369350816,12.900179304753332,17.409577771571904,160.12678409335632,52.95654028601727,0,1,2,2,2,0,1,0,1,1,0,1,0.47025459592351326,0.0013582942071320345,1.5445569153293714e-05,0.00850319676887605,4.427783930215602,0.9615362766542528,0.35939758084330536,0.0003571721739354681,0.40454027554395067,4.490201197249041,1.1988951566087862,0.7832690548433835,7.494999547243319e-10,30.42214994179077,2.6290575955586908e-05,0.000491798879314643,0.9753241060168562
077009e9,15.678783151408156,38.5,0.045194236599096445,0.08982557584669365,0.06224483342798925,-0.0002233158582312805,2.7709134241062316,3.3581090864955767,2.05005411032466,7.032698341797518,0.016588691854894345,0.06739996542923331,0.051594052513161695,0.012193424015759425,0.0882652511735025,0.16901805235081901,0.04327182626076756,0.09865290219656961,0.04480977182663056,-0.0002605359137838235,-0.00010480383543283872,-0.0003046078254771792,0.13844417353248284,0.9028990460117273,1.7295702045620216,3.0033725479071474,0.0008135758270667639,0.3539229627613625,0.7826754906328575,0.012298120264948451,1.255080499426854,0.00013612326512397156,2.2010733292661294e-05,7.0325402077991015,0.0019260077305810579,0.0013296348845862427,0.0029382827515787554,0.004711197262534234,0.0028323508505049104,0.0015588642385555385,0.0010568721087792245,0.0019809326490307635,0.007184096627381519,0.0006044339348744003,0.0002074739737755384,0.0036465537511085385,0.0,0.0,0.168650396644145,0.0,0.0,0.0,0.0,0.0,0.0,0.0,0.0,0.0,1.278188473708065,14.294759641039896,8.92921741240917,10.083063969595694,6.418970969784732,2.903340211151857,0.8850816015176788,10.362684849539535,11.99845554584024,0.9277949418188495,7.617602174363788,5.633031598175545,1,0,1,0,1,0,2,1,0,2,1,0,0.3153061050145047,0.0020345438953071554,1.8792060141871537e-05,0.004900480054843356,4.342959388507746,0.866082374325705,0.46343249581873974,0.00022081604549699726,0.22944420372175206,4.449226102103591,1.0966096290254546,0.7786249579458372,9.957077640301056e-10,30.524297309041543,2.949487807718196e-05,0.0006591327000178037,0.9280978105764814
11314768,14.174121772106837,38.5,0.051141544790045367,0.11426034058864587,0.0894554272874032,0.033257972727061075,11.16620503396348,0.782395188514861,0.298910399809128,1.5574712774311597,0.04476411819383789,0.0484978592817342,0.060162656894563994,0.0616652200713418,0.11328198491981831,0.1678338167747775,0.06883659474050037,0.12330956125144657,0.07622012587026267,2.0170498962146602e-05,0.0258187419841835,0.07393500569803758,7.8056709967033715,0.003208809265489986,3.357325227994619,0.09485446509158801,0.35680968499241983,0.33073103843085316,0.007447897319058072,0.17666709737313735,0.11479540511693251,8.989747461235981e-07,1.3332150646398966,0.22425531381651692,0.0021924864412756484,0.0014497973359888497,0.0036745181080392033,0.0004941288133448597,0.0008246658136191677,0.004213295405311057,9.810280884636367e-05,0.005892769151556995,0.021274535547662034,0.0002920217275472559,0.0004351416055154338,0.0008875041328308218,0.0,0.0,0.014938992032939802,0.0,0.0,0.0,0.0,0.0,0.0,0.0,0.0,0.0,5.333265002166249,0.23330095734191028,27.300855681273394,45.74920158875006,17.25723125538297,6.388290473821404,8.517740840485594,14.144714331047783,8.722439999478247,0.32843777320818923,5.547139911076352,18.24248160667682,1,0,2,2,1,1,0,1,1,1,0,0,0.5674794121925083,0.0013592895104196736,2.6189139640901462e-05,0.0044063797656235726,4.948891943606326,0.9338512236431196,0.7069656343377839,0.00023521316020511606,0.5581393396561987,4.246370894372565,1.1930593893966353,0.7454319518402523,1.2301199284497316e-09,30.616623317425685,2.0897129786647643e-05,0.0003147627677035176,0.980545438717496
2e81fd14,16.37179849279098,38.5,0.043722686665618765,0.08703008925195482,0.09815969769976651,-0.0004118430849080965,6.907611284660424,0.23339200404403326,1.7063863880450933,6.977724752460472,0.043136873774454056,0.05306374922232196,0.034967437000080294,0.05965577363888982,0.07259762858323107,0.12883686553374357,0.07414093401672338,0.08176958117671289,0.13856857790586324,0.00012427119416604906,-0.0014125879597870488,5.2787510896710125e-05,6.817424240635504,0.07426938071302333,0.015917663311897222,0.05066422211669544,0.1766254596559048,0.006102322271433039,0.006312148804201636,0.225395131168328,1.4746791080725636,0.0001664247146341206,0.00434767558545537,6.9732106521603825,0.004100787171646396,0.005096728776737697,0.001639889284808526,0.0014190416842692877,0.0026430562636683536,0.0013606974064081891,0.00389765377576447,0.012959488794089253,0.00021124701538524637,0.011642081224386336,0.018890899851110737,0.0032816515319686584,0.0,0.0,0.0,0.0,0.0,0.0,0.0,0.0,0.0,0.0,0.0,0.0,18.749103497421114,12.127031368180933,24.10596975633094,6.748645236855483,1.587798954593686,3.762637806931101,6.414495746920954,6.371788167598643,40.307138817423564,10.048699303002566,163.31550075701077,6.084703871979569,0,2,0,1,0,2,1,0,1,1,2,2,0.6388645929650363,0.0016856793876606248,2.1371716054495472e-05,0.013861598533403536,5.094499683112449,0.8237528445636318,0.44577441163032033,0.0003504518739401097,0.37981199308905056,4.264259826850462,0.985423714587702,0.720330669060889,6.653155252690814e-10,30.246546688691364,4.447894634586648e-05,0.00042526600360912563,0.9022747391386334
e8d24b33,5.765950254158775,38.5,0.03335370574537104,0.08630221057735554,0.1006218535043991,0.004716231365457024,1.3685202831118528,0.13177346104520343,0.37454377678525197,3.6730496597709403,0.02960320921668366,0.041057914060559246,0.02939999395887022,0.05675295103345178,0.07656001699129089,0.12559366370732397,0.08348042667399683,0.12622798928365223,0.09215714455554823,0.00020130766432950633,0.0005310897645063505,0.013416296667535214,1.1887622689949866,0.08711772893100732,0.0926402851858589,0.011093220952419863,0.10314282351125349,0.01753741658153008,0.1376610546980483,0.23343411063024563,0.0034486114569580464,8.931789413893292e-05,0.0005685186892663285,3.672391823187535,0.0010058175660563817,0.006322709917996137,0.010023178271300066,0.00017954850308814154,0.0018969083209576909,0.0005532333837424521,0.0009842942616347054,0.0021173224644656045,0.0018992581025812673,0.002875472605213024,0.00209905058050228,0.020284755507588854,0.0,0.0,0.030063005864295812,0.0,0.0,0.0,0.0,0.0,0.0,0.0,0.0,0.0,2.148472820058037,9.003964801826184,11.357165722548057,3.1639251744925447,9.364526888485416,12.063671831928918,5.090843309757483,1.349837942193494,1.0748271589106344,0.31850214725895704,8.5877286104417,22.332294477999753,1,0,1,0,1,0,0,2,2,1,0,2,0.4012800282764826,0.0014575955257913852,1.8847208211020027e-05,0.007141431164912525,2.8751987516300006,0.9882585820030729,0.3593894907400747,0.0002614885925004432,0.4279816974242723,4.341374978834154,0.9670196367454131,0.7270134593886115,7.986281452720958e-10,30.337234761681902,2.383093820660977e-05,0.0001233477866416656,0.9924423852884809
c8927e7c,19.68723436053227,38.5,0.021463155225250777,0.07890634882177187,0.017745647943962255,-0.00018935246047026194,2.5257522431520103,0.3698181659918041,9.485818613818788,7.019178320696606,0.02278816948583657,0.016376270478246704,0.025225025711669066,0.04627944831789899,0.08741445585827345,0.1030251422891432,0.020534679172711085,0.019892485999721658,0.012809778659454022,-0.00018324283406791618,-0.00020853795915428398,-0.0001762765881885857,0.10545979638528301,2.1372528915870053,0.28303955517972246,0.10678255481554784,0.0024837062773827336,0.26055190489887353,2.543303785624682,3.2672513304962894,3.675263497697817,6.880037186062846e-05,8.768764025508879e-05,7.019021832684491,0.011840444938067263,0.01097095040525253,0.004764115871569214,0.0021044200032959565,0.004166527922554839,0.0014296052177284087,0.0035470258338241275,0.00645469773888545,0.00034244233806837764,0.0012823803593882527,0.0008434924057875025,0.014538258262101264,0.0,0.0,0.0,0.0,0.0,0.0,0.0,0.0,0.0,0.0,0.0,0.0,5.262149183078168,29.163915351825487,19.76125965782155,13.268887981948117,14.439288130937731,14.531128936288132,3.968253175893526,25.6501935738617,0.8717895090150675,3.2929869870441544,0.32035291370700886,2.764401812998998,1,0,1,2,0,0,0,0,0,2,1,0,0.44836610375865776,0.0016689783117290735,2.0235891118973668e-05,0.0045423901391197586,4.914115506246007,0.9987836669917939,0.6391741837938156,0.00041306669817885654,0.5411352726107739,4.309497470267439,1.0848353474022785,0.5784518308761224,1.0742666244547906e-09,30.338436567417414,2.320279516995175e-05,0.00013574292718276977,0.9994971982311561
f7a5a277,18.656573368676195,38.5,0.01874050291670604,0.07095378398752548,0.10295706335764877,-0.0005085285736885003,4.349754962430572,5.821474681912115,1.0351347333747585,7.04904489967871,0.006135301296490747,0.025118759448747665,0.024967448004879704,0.0026350814422707,0.08530382771303414,0.12492244280727158,0.07704149649624298,0.10178341375714545,0.1300462798195579,-0.0003810655229981089,-0.0006998489894681856,-0.00044467120859920654,2.947943899745385,1.0996009068588983,0.3022101558262887,5.790330823341074,0.010502251222523,0.020641607348517964,0.028879322077793947,0.0019220873032523747,1.0043333239937122,0.0002942188450619382,0.0009967837879075393,7.04775389704574,0.003003841308887273,0.006305421733444283,0.019402711630419105,0.0044416868403596085,0.002363213543423927,0.0006465245948255198,0.0006486220596889781,0.005909868330297774,0.004576572525614666,0.0019485839541302026,0.0041480804944285,0.015336782792925586,0.0,0.0,0.0,0.0,0.0,0.0,0.0,0.0,0.0,0.0,0.0,0.0,5.445554669037251,13.808625168793938,23.388911659145784,20.166340527658694,0.48046665778805564,4.47734649081602,6.1985474509989436,6.813461646117643,4.224839387695314,2.963142609217227,4.781332014940113,5.186658157993626,1,0,0,2,0,2,0,2,0,1,0,1,0.3066275839785098,0.002186514714170108,2.2963289017877576e-05,0.005945740989771243,3.19745056192459,0.7144663320530518,0.4930808591362056,0.00015259304762115671,0.5558596118989327,4.409033060441525,1.0624737559664297,0.7486700170330376,6.814002992207593e-10,30.455476932284874,1.6014642697917966e-05,0.0006441026162551297,0.8552082102707315
4fd1d1e5,30.390523054620868,38.5,0.0014899858899377362,0.06059874848172006,0.0874464170071867,0.005278116802077918,18.767726142172165,6.909109214477205,0.6738247941269208,3.6297509656161,-0.0002450548075747824,0.00314639857317759,0.001568613904210401,0.003527475223331426,0.04053586185866512,0.13773290836316363,0.05385401212163292,0.09546569348820629,0.1130195454117209,-0.00012395456826665247,0.0005265784055900051,0.015431726568910403,7.123901361513505,5.474335402970324,6.169489377688336,5.41030435955876,1.4937457332463329,0.0050591216721124115,0.30719392591399813,0.03233402715103036,0.3342968410618923,0.00023408077495542525,0.0006551252558252786,3.628861759585319,0.00017531859005689792,0.008595263937518539,0.00284769355558415,0.00038305380292215103,0.0020524154725118024,0.005691726504184312,0.006950537082084385,0.010001235878870864,0.00240525658439676,0.014260129907089936,0.010027742585340674,0.05367125261100218,0.0,0.0,0.0,0.0,0.0,0.0,0.0,0.0,0.0,0.0,0.0,0.13582478727556616,23.140564435825386,32.9690286315359,18.052288058677465,6.787792485790711,7.064410959098256,2.068084058777867,18.795270594900497,14.354974253991186,1.3227988990204738,6.545598475389894,21.45054233926164,178.58776489540082,1,2,2,0,0,0,1,2,1,1,1,2,0.34660383527360916,0.002243986227011137,2.555521737470832e-05,0.013878899773350564,2.9924332973966843,0.9988131793181704,0.21750871603265876,0.0003474814189533785,0.5230806945263817,4.347289019541113,0.9977731041683131,0.7197204208335426,6.332354259968961e-10,30.34633022352618,3.4523431293414687e-05,0.00043094425258983815,0.9990495722892329
b412a269,10.099568434314568,38.5,0.035384799455649124,0.07818924729637998,0.09345338171966762,6.555604823292127e-05,1.5029644820596901,0.7474530032688106,0.6341279933644919,6.910185660252461,0.03022298615902258,0.04862807560408374,0.027303336603841044,0.061252406030208,0.08839789828451197,0.08491743757441995,0.06839918713358425,0.09209710568271906,0.11986385234269958,-0.00018762096865062165,0.00017186196276213218,0.00021242715058725328,1.345516136470826,0.003959164988601549,0.15348918060026276,0.08465632655912028,0.0006283179527701508,0.6621683587569202,0.009995390795381613,0.06355722261363898,0.5605753799554712,7.043192563746676e-05,0.002357699220306352,6.907757529106517,0.006672073903224178,0.004168508466482106,0.011999265059982256,0.0016144784966571277,0.000296796452811826,0.00042192161464432547,0.0017641830365512866,0.0006677774044909436,0.012824130800953088,0.00016932183164511958,0.04794398973612279,0.026698470770574342,0.0,0.0,0.0,0.0,0.0,0.0,0.0,0.0,0.0,0.0,0.0,0.0,10.799878102704461,18.070886511689395,7.864493873346716,4.193658074490815,1.5506138934656508,18.508586345310356,1.550814018991293,11.898492521100799,25.56120341118953,15.893423332611855,19.427107481234398,8.210263739468019,0,0,0,1,0,1,2,0,2,1,1,0,0.43609461910512337,0.0021320698507928454,2.1894686321896427e-05,0.008768937771089955,3.3901471830572105,0.8500323966649554,0.4205869663866921,0.00035899342417424027,0.38727621396103956,4.259942813942977,1.225057880089423,0.7184793789187006,9.233636828418814e-10,30.326397773324004,1.875746808689483e-05,0.00020624253506545316,0.9130647573112859
7e14a097,12.634759315237659,38.5,0.050885791122772694,0.09232745284898979,0.1014667664703317,0.004706966057687225,7.418539643017095,0.024863047717509006,1.1483704970721422,3.60149898063057,0.03813425894572678,0.056395461530640685,0.05812765289195064,0.050571423383221396,0.09070840532604807,0.13570252983769987,0.06639618482034848,0.10569908775377872,0.1323050268368679,-1.2031559042468338e-05,-5.97621423039212e-05,0.014192691874408064,4.197987796823647,0.22774041323879843,2.9928114329546482,0.022410875620971424,0.0010864796970920078,0.0013656923994455749,0.026427562368155164,0.0017151101767676146,1.1202278245272195,7.068491316999931e-07,1.637756985710611e-05,3.601481896211581,0.003237569947303969,0.0024269675641879858,0.0012075832962434936,0.0008738728894831068,0.003937525191265514,0.0021712891458844042,0.00404840098594642,0.006438741690500835,0.004664503323452831,0.0006460126203993153,0.0030388390137678985,0.0095642717646081,0.0,0.04285142687639263,0.1342042241109572,0.0,0.0,0.0,0.0,0.0,0.0,0.0,0.0,0.0,7.02294835684223,176.75353567650168,9.126457239990625,17.303849981166067,22.78644903629195,11.454298551873375,5.351103601698277,0.26018060110678276,17.199659789970607,13.052296659958849,14.643573022020991,10.603095080886911,0,0,2,0,0,0,2,1,2,1,1,1,0.5006017319650601,0.002057707547770685,1.1319770398037937e-05,0.0065701641086685116,3.610365792309987,0.9540630135079573,0.4352955417751367,0.00014540147896465738,0.6306065657798907,4.389504207276951,1.1294128662834506,0.8407683939702073,9.426305658196855e-10,30.367703115045227,3.0252383615808076e-05,0.0003949080249972214,0.9740156493763507
d858597e,18.776948546352486,38.5,0.05390759237706496,0.09730403812927775,0.09886239652255913,0.03206181037379296,12.191237602201069,0.06422542768873377,0.383657535271288,5.705739157571235,0.04602670730851495,0.05592744978704891,0.059768620035631013,0.05923913235383508,0.09076990881547892,0.14190307321851928,0.08605542314633782,0.1037198236907502,0.10681194273058933,-0.00012468093426753427,0.047677750258187546,0.04863236179745886,8.618535265174422,0.16637067392992103,3.4063316630967253,0.043227343726096885,0.0011760221610417588,0.019822061801595115,0.20381036426151602,1.2699090603454669e-05,0.1798344719191685,3.151285138103735e-05,4.546345377745378,1.159362266974476,0.0022340273527058693,0.004957973028611847,0.004597649338201498,0.0027427939155281644,0.00141230769633054,0.003477651535968162,0.003115787194522793,0.0031170488138538245,0.019799910279861842,0.0006497542930885116,0.0031045742336399565,0.0004317711237906692,0.0,0.0,0.1605602367276748,0.0,0.0,0.0,0.0,0.0,0.0,0.0,0.0,0.0,3.9259006401412044,17.83516653013463,12.795023668778693,10.708048783593279,4.857005022542679,15.082438145067304,0.1408079147529896,22.447475403400123,22.933858592328185,21.910971994011128,19.781473109623562,25.36712493813081,2,0,0,1,0,1,2,0,1,0,2,0,0.5919953204159122,0.0017367509777164551,1.6771386538398897e-05,0.007593203026607909,3.673002109364265,0.8028261132761857,0.5411922627767153,0.000215712581807883,0.32155986382087204,4.459673058747739,1.0254812379181308,0.7685319959798105,9.173437099140263e-10,30.46120077225435,2.0054058025382643e-05,0.00028242048900530453,0.9094809759664488
1cfe19b2,16.08977444227782,38.5,0.04013145969278277,0.13611939024224,0.07977859730975996,0.007659032656731574,4.995812450678308,4.335403231638891,3.3116723238380312,2.8485826381213233,0.03974736837544432,0.04566183667852966,0.03498517402437433,0.05446753094658546,0.09653938576400611,0.25735125401612846,0.09511768916659707,0.1198275290081731,0.024390573754509683,-0.0004943015671331401,0.0004583560053499194,0.02301304353197794,4.973587066126048,0.005999539490277406,0.01622584506198248,0.00012213777142282113,0.03190273799533667,4.303378355872131,0.5394567116631891,0.11920937313046578,2.6530062390443763,0.0005151186175473145,0.00048399252388405125,2.847583526979892,0.000379067846345844,0.0014669268667778727,0.0026669392809255277,0.0005634910892016141,0.003939228379346379,0.0035077949020284015,0.005385360777517056,0.0007341832287363053,0.01568228880459939,0.005143008750406521,0.007988245652418352,0.006094287858834497,0.0,0.0,0.0,0.0,0.0,0.0,0.0,0.0,0.0,0.0,0.0,0.0,1.2045250515400419,5.099023522395984,11.562593161064932,3.259250927302704,2.5807154228379714,6.880927452660876,31.789540007125346,9.621513566601713,42.93527690271373,7.308760647099212,6.636101120334502,9.423674736858942,1,0,0,1,2,1,1,0,1,1,1,1,0.5932746162703475,0.001364295109091735,1.9489541827830635e-05,0.007000626110288782,3.721998038529485,0.9984725417981907,0.3929238869369398,0.0002067448679414412,0.362476252197985,4.236919145809558,1.2122277878004113,0.7980319741122296,8.142425204526707e-10,30.304284517331673,1.6888396007699087e-05,0.00020161108920306386,0.9990334242232856
c199ffa6,8.887358382312598,38.5,0.03131987055655506,0.07739773520656092,0.0801245589181662,6.801155335146728e-06,0.2744977794864274,0.7110927918979952,0.9108920780115299,6.7738276380336355,0.02299438491286809,0.04251562454050719,0.0284496022162899,0.05492568758288295,0.09367438730680534,0.08359313072999446,0.0732161648241937,0.11449368350423876,0.052663828426066116,-0.0001601133449397405,-0.00031517202614278413,0.0004956888370879648,0.12089618360139051,0.054888070023883746,0.09871352586115316,0.0008975664949808223,0.01142993062812138,0.698765294774893,0.002552606430240937,0.05307475994947168,0.8552647116318173,5.690804995483631e-05,0.00019870029095053063,6.77357202969273,0.0001396502068986115,0.00102002779856365,0.004328614102194838,0.0011092993819766801,0.00015259832308875106,0.0022692195549210725,0.002258355540107696,0.0026642972631854846,0.013235515148124767,0.0023739173320172025,0.00018297219634433402,0.005428054196427565,0.0,0.003730834935729039,0.0,0.0,0.0,0.0,0.0,0.0,0.0,0.0,0.0,0.0,1.81837143444158,178.8044816167528,2.3057589683008426,1.4343978785052591,14.588163730594879,1.0697549949288752,19.53098720671126,14.240474195114022,16.80525954213304,1.8379625467246543,7.031766484859162,31.402073340409636,1,1,0,1,2,1,1,1,0,0,2,1,0.34869359627632524,0.001384516506638708,3.150185756808806e-05,0.008850244420920682,3.82610904379148,0.9202884340935441,0.43881848884765307,0.00015080250584811978,0.3653317615350226,4.413623485437639,0.8510631950051659,0.7569179669443133,7.748541627677589e-10,30.520168724810876,1.8412834607692208e-05,0.00019704667828129407,0.9552234611394104
33f8feaa,13.682662488562206,38.5,0.05023644830207674,0.0973530115381242,0.12018052139166886,0.03609155434226141,7.9821177198295565,0.09409988671664495,5.147553799920989,0.1329828686665929,0.042657600575236876,0.06916108203010794,0.03889066230088542,0.0537227580362644,0.10142364781093884,0.13691262876716936,0.07370161494438965,0.10598229064399893,0.180857658586618,0.0006772605287580349,-0.0012598517432727318,0.10885725424129893,6.539082147615801,1.1467737679123222,0.29626180430143373,0.0003903183735538577,0.09044217571408766,0.003267392629003428,0.0043085627265301045,0.0022101128860944562,5.141035124308365,0.0009195743839259548,0.0032125814044419903,0.12885071287822494,6.290896591156598e-05,0.007929149139361593,0.00031784572844028875,0.0016310847114686965,0.0008587576057310911,0.00034430617679065336,0.000902807265765931,0.0002667062757543948,0.001828026292100897,0.0014868544981701459,0.006174833956254016,0.003029290650069343,0.0,0.07866225836119681,0.1432338471821373,0.0,0.0,0.0,0.0,0.0,0.0,0.0,0.0,0.0,27.738340229958578,169.65680218582466,8.638809424855829,11.083030722550053,7.889674680653286,13.991777204445992,2.457097725412675,0.624570180952598,1.4097314409821766,4.901950968947927,2.0102998790595628,4.533132060798585,0,0,2,2,0,2,1,2,1,2,1,0,0.478548101916818,0.0015549183199244849,2.4609836835204808e-05,0.006284198565036729,8.598031521691595,0.7591189837039675,0.35616454386292673,0.0003482400850218796,0.3358937775121985,4.32192785532816,1.208834475568307,0.8024854683459415,1.2966771880416607e-09,30.453901192944503,1.4881368423892013e-05,0.0004848607620453308,0.8448766445438958
49c50d91,27.685062086783798,38.5,0.021071205997186603,0.037495592664868495,0.006308988688650172,0.00473412767172765,2.268679909526701,5.740550517811792,15.830781664050154,3.5794235837657484,0.020758120600508766,0.020250880145069053,0.022204617245981984,0.05515903936174827,0.016385768013178717,0.040941970619678504,0.004881605896512199,0.014708334268219402,-0.0006629740987810841,-0.000168463139896563,-9.97905569943925e-05,0.014470636712073907,0.009340491488636714,1.6694254994635591,0.5899139185745054,0.0015713148696511635,3.335455536151982,2.40352366679016,5.069836107702675,3.684432179379007,7.076513376968472,5.771810523119319e-05,3.0766224164359285e-05,3.579335099436353,0.00656605484702674,0.008145678533954478,0.00010953394097996082,0.0024179547016286093,0.018620199620602386,0.0083937141990568,0.006237249095693873,0.03205203393919648,0.04912228362124476,0.000979002667808056,0.003293920708495743,0.05521699986977311,0.0,0.034222698988686365,0.04816380683077469,0.0,0.0,0.0,0.0,0.0,0.0,0.0,0.0,0.0,1.537706862827449,161.76389077211468,162.67372359892778,1.5824506359760206,5.8775463708297995,42.659433966736394,79.7914613452462,8.356345265123279,2.394869403635596,0.9649753221273589,9.16713672664498,37.72562248689421,2,0,2,1,1,1,2,0,2,2,2,2,0.49235209979398625,0.0012900474567170926,1.3088975343083275e-05,0.006163142890637339,5.8863242024880575,0.8597182034182118,0.6095627210588803,0.0003674779542303305,0.4760789020915862,4.495025630351928,1.1880504546341464,0.6118257079882156,1.4618632350632127e-09,30.311270920281533,2.845503876606557e-05,0.0002575215424058801,0.9451678007855291
06462be4,8.837388436493274,38.5,0.02690597950809288,0.08631848285088224,0.08084384345750333,-0.0004018938917472262,1.1622714139672083,0.14194182000666417,0.28487003242917946,7.048534986802637,0.019006600842183287,0.0254428357227019,0.03626850195939344,0.05670441389726409,0.09033246548710949,0.11191856916827311,0.06688307349751856,0.10632719727655728,0.06932125959843416,-0.0006900764286075255,-7.395650569368976e-05,-0.00044164874094046333,0.010080409624258354,1.0678076409222008,0.08438336342074906,0.010729552556846218,0.0005446549193727732,0.13066761253044518,0.021700340421234,0.0029653072177985612,0.2602043847901469,0.0009572763711319183,0.00021575880879569793,7.047361951622709,0.0016912660076913353,0.011907192491589832,0.012246048755601258,0.0073597027209788765,0.000838461328814284,6.430512713033118e-05,0.0004672076471359159,0.0012145732505765591,0.013197400381034742,0.002205768911850016,0.014311522606866692,0.01292356520167277,0.0,0.0,0.03841689062014479,0.0,0.0,0.0,0.0,0.0,0.0,0.0,0.0,0.0,0.7526009205334537,10.885592194801099,20.211734634144918,5.706963857180341,3.9876085973110245,11.344856725063227,9.561849594967992,33.24283011643708,37.068286228241334,5.350631603222408,17.223840756057964,17.593539002646423,1,2,2,2,1,1,0,0,1,2,1,1,0.3771520703179846,0.001291272936070236,1.5075386339786116e-05,0.0077321340004042356,2.4881742384890027,0.6611388114408419,0.5074690240778987,0.00018633883159514607,0.5008711790829584,4.2120089145396165,1.153022922858728,0.7027095490262127,9.498588071165073e-10,30.4610975274766,2.7766339549302488e-05,0.0003290690476635064,0.8330496211944269
3177d404,1000000.0,38.5,-0.00039395525603769027,0.07430954851005724,0.0954656727973668,-0.00034717898542533645,21.55741189380511,2.6384627979676227,1.1504178047082414,6.8009850198896755,-0.00014428890006594843,-0.0001610980444764533,-0.0008764788235706692,0.01652455763723964,0.09797132679215173,0.10843276110078033,0.06536125806685074,0.14850655444566832,0.07252920587958134,-0.001244081551174049,-0.0002450873485025974,0.0004476319434006371,7.072829059547144,7.056965967724798,7.427616866533166,2.416177198290142,0.045969648660674906,0.17631595101680578,0.037964601840621184,0.9275084766670229,0.1849447262005974,0.0030995816730472934,0.00012110660196408116,6.7977643316146645,0.00769489740008052,0.0037448750105611335,0.05651414976409256,0.015034337914274163,0.0029118520524317884,0.00537360054835502,0.001889591506391892,0.0006375380667209944,5.237550920370081e-05,0.002025798880451212,0.0009853857985651624,0.016165224338425176,0.0,0.022835160412931536,0.1561199111558026,0.0,0.0,0.0,0.0,0.0,0.0,0.0,0.0,0.0,4.870159191234746,138.90043567480126,178.3408306020536,37.55015031408929,0.7885995501822367,14.019212689377675,1.7143283430663898,12.242302565126227,22.40524979302648,2.3207652923111497,2.853208910214362,3.457643477904288,1,2,1,0,1,2,2,0,0,0,2,2,0.29220830751462806,0.002063532382145002,2.560111359286383e-05,0.0070941655827719075,1.853697688115367,0.9131090033075475,0.4876935144151304,0.0003445671488045198,0.4430908775225086,4.108107682365204,1.200926125594485,0.696873092368453,1.2189150818707305e-09,30.343375800270323,2.0903006365355755e-05,0.00013559091526608828,0.9554364095040816
9088b6c5,1000000.0,40.0,0.0021307434711614072,0.03385467600421643,0.0904590231952513,-0.000667415206417462,17.722220345972467,7.9377211712719316,0.4558948212585455,6.961105524274301,0.00032797480057322493,0.003652107736701253,0.0024121478762097444,0.006702112606857247,0.07084122064211451,0.024020694763677547,0.05497579871787521,0.1101694683934127,0.10623180247446602,-0.0011437346591817955,-0.0009307163399928757,7.220537992228516e-05,6.746466123879102,5.367191955915766,5.608562266177598,4.359443677479344,0.2154778161419466,3.362799677650641,0.2695435994011811,0.01884130773812606,0.16750991411923835,0.0026178606818689637,0.0017383115755341754,6.956749352016898,0.005387337538291432,0.009157462712324805,0.012118037704711728,0.0011824416964374015,0.0020873318494361148,0.015102839860372448,0.0014710359624669198,0.0037794126844117454,0.009872583314198505,0.0012659939342540025,0.002417801578853609,0.017204024182719376,0.0,0.08277675149736778,0.0,0.023274997959908426,0.0,0.0,0.0,0.0,0.0,0.0,0.0,0.0,7.47032550363876,173.27387989055123,34.201034988508475,2.099893423129004,2.3221305192933634,3.9732451976956074,5.4566886937869095,17.528214687483477,34.45529949870726,4.209563656495789,9.90215607288819,14.764728746212716,2,0,1,0,0,0,2,1,0,2,2,2,0.29532594677623203,0.001355644721913265,1.6999440784988707e-05,0.009964308287962832,2.015848002395485,0.9900698055193518,0.46035919853507773,0.00022045779501602528,0.3721032912376135,4.298849651849174,0.8634237822854289,0.6688161276767819,6.105291970441438e-10,30.4317192095717,1.854615533356649e-05,1.7887941343934415e-06,0.994595225971907
f442714b,1000000.0,40.0,0.02926246297762025,0.08997132223453123,0.08447525700320287,0.00033411509624982377,1.9167597137584216,0.49881098045169747,0.06435891542099859,6.647657410461907,0.028777578076483925,0.03351448896787523,0.025495321888501597,0.03889523812594776,0.08209607841062766,0.14892265016701828,0.06417500785089457,0.0990548846872181,0.09019587847149597,-0.0001471759088036187,0.00036664438524442036,0.0007828768123086697,0.9950695540453315,0.5687818375034116,0.35290832220967855,0.39870629426705184,0.033373917537996026,0.06673076864664959,0.0537714580211055,0.01044892508039126,0.00013853231950182338,5.667445403008481e-05,0.00031104262738945916,6.647289693380487,0.0011585908023849035,0.009870242539172857,0.0037227364025932447,0.005115667037562141,3.6513126394203976e-05,0.00031341325316929067,0.0014010935738518887,0.00025844844742436285,0.006431199628935002,0.003654169914733391,0.0064951071528452356,0.024470084863136475,0.0,0.14397346100683475,0.08897240550529843,0.0,0.0,0.0,0.0,0.0,0.0,0.0,0.0,0.0,1.209887255270514,3.542703385089782,8.503277308369512,10.459131998637178,10.932092116619039,5.444418823151915,12.356863392880888,3.784942185633354,6.220990523194638,0.8441424636293764,2.1860047702507033,0.32693975391426555,0,0,2,0,2,0,2,0,1,2,0,2,0.34080906986243803,0.0020184476102909675,1.3399740719290395e-05,0.005920889567520935,4.902364940636786,0.8329267708162035,0.5377932978546589,0.00016288706369043507,0.47227159815544073,4.31121963995905,1.1496973143612734,0.7057610694572545,1.0637113429377882e-09,30.305211768578523,2.0603044941784814e-05,0.0003230752592666482,0.9227238543923992
442b39df,12.161479509893473,40.0,0.03586512649844337,0.0869222595635515,0.05510146528600459,-5.505496703186993e-05,0.9856972581102716,0.23650915423410881,3.537716492738532,7.071011914610609,0.028719016526470385,0.046377728506155125,0.0324986344627046,0.06188695989981757,0.08712629602577673,0.11175352276506019,0.06004527485427894,0.08838107915271265,0.016878041851022176,-3.093239508025925e-05,0.0005235328321601253,-0.0006577653381754758,0.9819847380249664,0.001902744785825318,0.0018097752994799105,0.1005964181128635,0.003237648387454844,0.13267508773379047,0.13021801613055062,0.11038126133692758,3.2971172152710535,1.0341264546029703e-05,0.0005957441497379286,7.070405829196325,0.0011388696195105553,0.0013484892359709524,0.012624110947210505,0.004856963255518217,0.0018651149723561012,0.0011166254414962237,0.0015367450156094395,0.0073412485904191275,0.0017680160708334809,0.0029030395132046017,0.00689716587003131,0.0059768126933310494,0.0,0.0,0.0,0.0,0.0,0.0,0.0,0.0,0.0,0.0,0.0,0.0,0.6705711677699989,16.261773553105762,0.29033319191118934,8.995813124178907,18.267549695606768,16.19936676140868,10.918382492784453,30.077371593060327,24.64899392709165,7.541574571543807,58.525655373460225,36.25650597724757,1,1,0,0,1,0,1,0,1,1,2,1,0.5075086168074637,0.0008167487963422893,1.5189250821798898e-05,0.007880579361793816,2.7266356632555273,0.8969056813553927,0.44009295718712954,0.0002610096018076264,0.4414891009915047,4.287437827144017,0.9839706023552102,0.6240188407047426,6.381224276916135e-10,30.458035476644127,2.302935212857074e-05,0.000593889657196362,0.9422327556211715
e43cd7c7,1000000.0,40.0,0.014371892571225833,0.09234584938809472,0.05434324356761744,-0.0007649040828389817,10.4243124691797,0.004026526678980702,4.093815788506844,6.778424482210767,0.0015755847210307467,0.005595703057611301,0.03594438993503545,0.05532182931397641,0.09036337090231043,0.13135234794799733,0.011616488762518341,0.08983692731390741,0.061576314626426584,-0.0019831904311415744,-0.0008362541338704825,0.0005247323164951117,5.828058827933469,4.559263590493372,0.03699005075285824,0.0021482043826489814,0.0005838240712131627,0.0012944982251185586,3.5092408727367443,0.0905158898969169,0.49405902587318257,0.00787198541852088,0.001402448124620698,6.769150048667625,0.003862005649601827,0.0005950824787624814,0.008212800351636889,0.0024853757363482044,0.0017937132470165554,0.0007036539323365237,0.006636454320686395,0.0062511432897040635,0.012348589796431646,0.0024283422695069706,0.0019509412573821628,0.02041714410411799,0.0,0.0,0.0,0.0,0.0,0.0,0.0,0.0,0.0,0.0,0.0,0.0,8.537201604709852,3.5751313001374245,43.8796740423429,1.6473862743009693,5.045310188393719,0.2851800317500071,10.816562362040559,1.950213112971472,10.54366434698516,1.6563737541547543,23.195270780994854,30.017262959398256,1,0,0,0,2,0,2,1,1,1,2,0,0.3918320900324182,0.0018071014442292168,1.9319103803401397e-05,0.006122221391697261,4.140289323468168,0.8858251762118969,0.3159614829628175,0.00018691034011461674,0.3665596410912303,4.208079252415133,1.1380064614842935,0.5852635412776013,8.438424101917057e-10,30.281432778633786,1.9091694792566024e-05,0.00019030226786454632,0.921868426704708
1816c835,8.53613264148117,40.0,0.034927541205935296,0.1053380047699118,0.09364055728221794,4.9450198460614624e-05,1.0109852128387955,0.3713624414275386,0.2325013266864171,6.6671869323872395,0.026627204289860495,0.03956474060497309,0.0385906787229723,0.05104358977077055,0.10599591085327642,0.15897451368568843,0.07879082887662854,0.12092596707382236,0.08120487589620293,-0.00037273774099259925,-0.00023768722103325603,0.0007587755574076992,0.5713961046352546,0.1337259289020099,0.30586317930153095,0.01696214366181594,0.1723260600335496,0.18207423773217302,0.05044257307520682,0.13613956195879492,0.045919191652415356,0.0002852755183209836,0.00011312414020948975,6.666788532728709,0.0023481961052752793,0.0023631343774155144,6.95777876284112e-05,0.0021864854904546462,0.004620430470400985,0.003500186343856425,0.003327944720477193,0.005566040821400713,0.010642795109817717,0.002721887433464431,0.0003656639501864163,0.0030066784469292666,0.0,0.0,0.1682797604769245,0.0,0.0,0.0,0.0,0.0,0.0,0.0,0.0,0.0,6.487558192596226,5.528644956084433,38.41275463592393,17.891649651306093,6.980809205164424,2.0384067665712027,17.149916073759517,4.584705750851204,28.510852280066175,21.96445481935166,12.633886571591514,10.673726643021668,1,0,2,1,1,1,0,2,2,1,0,1,0.46490490142315843,0.0016148553627045091,2.1164767512325473e-05,0.00709072381770981,3.0338931770970112,0.9989324821274633,0.4506624627357425,0.00022960696101556485,0.4167781708661315,4.237026071856989,1.0935036549414736,0.6807669989773806,8.191893255692445e-10,30.609738487945886,2.0022484058692068e-05,0.00020926343632404474,0.9993685061146416
977b5398,7.9373127245097175,40.0,0.0306053425754144,0.08540185442374537,0.08052012117252301,0.0002465038325930945,0.9967806161215313,0.25379253295658044,0.2058852423761861,6.285619420140964,0.016662321738672166,0.0342116430263576,0.040942062961213437,0.055785791962414316,0.09537552932161518,0.10504424198720666,0.072053500567171,0.08312859610041387,0.08637826684998416,-0.00024437319961795095,-0.0009530630761482619,0.0019369477735454964,0.13236051893251874,0.4523157149842281,0.4121043822047844,0.004280201856607342,0.022341317604055846,0.22717101349591726,0.00020293149233744406,0.19830952622898854,0.007372784654860137,0.00012009668057477176,0.0018315859869786916,6.283667737473411,0.002880796792261987,0.0057644636631330876,0.0030531671325181925,6.240897218714794e-05,0.0017721382479472803,0.0016372630684219711,0.001531649170466659,0.003596893847147928,0.010641252096127344,0.0008125018103007371,0.0038636165369141462,0.011257593403418437,0.0,0.069441888010822,0.13143884380349213,0.0,0.0,0.0,0.0,0.0,0.0,0.0,0.0,0.0,11.164804399975852,165.10985617707024,167.93458266861964,2.7424717271822137,7.949880645148086,2.115484225471749,0.7889520815776107,1.5304346866470189,3.111604173626726,3.8168331322808076,14.615058121410444,8.906443100711815,2,1,1,2,2,0,1,0,1,0,1,1,0.4092801434168064,0.0011629099688366628,2.0408969289965347e-05,0.009259828089466349,4.303616871548531,0.893884458411332,0.4205550177935488,0.00021548929823643194,0.5591809766683375,4.2679886285893485,0.9834725388803252,0.6535148988961964,1.0702276453619623e-09,30.42500786888418,2.3483786073549635e-05,0.000251859988764455,0.938469826390547
303afdb6,9.312129565769007,40.0,0.03101730442895177,0.08614911440848066,0.07236594627243181,-0.0008106411206957202,0.14084401753908196,0.15251663763918985,1.7273516842229257,7.078205266001677,0.01828392839286265,0.040544856823010664,0.03422312807098199,0.0514479291057362,0.09447792780162649,0.1125214863180793,0.07454782697316922,0.10538283274475281,0.0371671790993734,-0.0013551091125883188,-0.0003877017318692341,-0.0006891125176296073,0.03298129728556171,0.10199064802339136,0.0058720722301288985,0.012891419877139832,0.0161436059780273,0.12348161178402271,0.008490475907552145,0.0011740639461049675,1.7176871443692687,0.003718645386783236,0.0007433164890273172,7.073743304125867,0.002505689633184369,0.0031965312111074864,0.010741774027196206,0.0005472128807410288,0.0035151686457893854,0.0035921809310912895,0.00391347784989874,0.0033798976005444516,0.007290882322551363,0.006782622851333772,0.021040228687885267,0.002699458587958663,0.0,0.0,0.0,0.0,0.0,0.0,0.0,0.0,0.0,0.0,0.0,0.0,8.782670163763092,11.473577402617023,0.466410396445493,20.516258231286542,7.181271714486885,4.47219285321541,7.648919746556361,4.851395604091515,20.102532326336217,6.438463513605663,2.0900376489285417,149.51869291691034,0,0,1,2,2,2,0,1,0,2,1,2,0.3576658924183182,0.0013210220546525384,2.029301736263868e-05,0.010006083637072989,2.648202318628942,0.6156656050463101,0.2742331920719094,0.00019425071685086163,0.435336787792585,4.187973467871311,1.0763266076059603,0.6752143360684957,6.82730552465476e-10,30.452733473260988,3.2625033520964684e-05,0.0004410177501835809,0.7210354296782793
5f1cb0d5,2.3971096118960586,40.0,0.03242051724825148,0.09226444732113459,0.10573322962575031,0.028067669793568357,0.4913229764643006,0.017730181544135186,1.7691192104641271,0.037204212079231774,0.022718326394773693,0.03769695512728202,0.03684627022269871,0.05283221757384978,0.0857549429795452,0.1382061814100088,0.0719987321711554,0.10201016121264198,0.14319079549345354,-0.0005538478502559526,-0.0021685864220568644,0.0869254436530179,0.10029548314707698,0.31579973670099437,0.07522775661622928,0.003187006337010288,0.008312534395568078,0.006230640811556818,0.00015967874072545755,0.0014912936230887706,1.7674682381003128,0.0006239757465998835,0.009709131604882805,0.026871104727749087,0.0028408380912152407,0.008498874986238362,0.0013426286288205037,0.001663943719262176,0.000755674591448263,0.004125436350426545,0.0021485660333286044,0.0021593556629777404,0.0024739066536560088,0.0032374162743773606,0.017424048468252712,0.0037869424809186683,0.0,0.10963336776634033,0.011176974028855178,0.0,0.0,0.0,0.0,0.0,0.0,0.0,0.0,0.0,23.98904441568537,153.6684472624383,157.13258941390967,19.34837408955191,27.940694381346795,6.111872501630735,11.325818348531758,11.132445323052826,45.382038979398274,0.11451701635252455,6.560579168446886,34.36364594078652,1,0,1,2,2,2,0,0,2,1,2,0,0.43018518529890093,0.002039836179701354,2.1732038596682658e-05,0.009170600738300307,3.839131061196707,0.8059064464770551,0.5891301217187488,0.00011992713098872893,0.3723812887353869,4.313643285986385,1.1751215083174995,0.840127704446359,9.564473158172076e-10,30.466145987516082,1.745767606173744e-05,0.0003351849652481104,0.9201938922766802
94d0b53d,23.792386489831994,40.0,0.008810649368532897,0.06873764027354691,0.10377817089464918,0.00038933654935759007,11.432576055325836,0.9996304258611075,4.159956324730761,6.675517902502491,0.0011422498874969205,0.0061809313537937866,0.019108766864307986,0.04392323789938686,0.08156138568902453,0.08072829723222935,0.0397726948741856,0.11047120941984326,0.16109060838991862,0.0008137954019458005,-0.00042390489028695387,0.0007781191364139234,6.128779583396413,4.367037271749098,0.9367592001803268,0.17982747213991726,0.03850697368419824,0.781295980036992,0.9879770695214787,0.020729184028848796,3.1512500711804337,0.0013766518053874837,0.0008499024925797622,6.673291348204524,0.0012955735219254121,0.016274685794854495,0.0072963871202657155,0.00843839099741641,0.00823667813041953,0.0032583422832703716,0.002685332096556208,0.008724803053578385,0.0025491380786949744,0.007219826378191508,0.022147500548851406,0.005437177487367561,0.0,0.0,0.043346990939495525,0.0,0.0,0.0,0.0,0.0,0.0,0.0,0.0,0.0,18.841940360296945,0.27612696381062407,163.08541706273866,7.87225572097594,21.513170659350134,6.075546982134736,28.72386523338503,1.1683049084588844,32.63791155569851,14.849103740839952,9.63202725831637,159.65502573216182,0,1,0,1,1,0,1,0,0,1,1,1,0.3476727814903339,0.0010566302653810945,1.6763164380606754e-05,0.00876317993197505,3.8217472794155647,0.9494719896657132,0.3526153114873445,0.00021606753886821453,0.270071883562077,4.203595392000258,1.138382585152025,0.6564439814781742,1.0817012425263734e-09,30.40651613593258,2.175074663195458e-05,0.00033116387342187865,0.9672536782374248
104dab95,7.988524877023478,40.0,0.03521463481267644,0.08948985669364429,0.08468910474004947,5.246615055441359e-05,0.48316695343532123,0.20102688878601288,0.19270400386444805,6.912339514378589,0.017573052902103058,0.05930520994824285,0.028765641587683414,0.04408184264736656,0.08447083681438118,0.13991689061918514,0.06265089258035828,0.09232683611554453,0.09908958552424557,-0.00014548357284892941,0.0001226895374671145,0.00018019248704505568,0.06836616799747905,0.3220990722971714,0.09270171314067079,0.17427494884504635,0.015199945614964022,0.011551994326002513,0.0781103217159093,0.061086754925472726,0.05350692722306603,4.248951400977856e-05,3.84724426807618e-05,6.912258552421898,0.0008290796785714008,0.0012866830526678764,0.01362948633935919,0.004934162404150693,0.00015368936807138916,7.667707411244213e-05,0.0009506295436797196,0.000868556890551903,2.5739323639785427e-05,0.0003982136009719765,0.002892576269171275,0.005829671382056863,0.0,0.0,0.006779863284756464,0.0,0.0,0.0,0.0,0.0,0.0,0.0,0.0,0.0,0.3879540835891393,3.434501415485056,167.07648891173383,21.593840405516495,5.783243659907426,3.6457468615781656,0.42693322658328386,6.694801890128918,12.184670343248992,0.17982258712011465,13.451185842105067,11.460443299003614,2,1,1,0,1,0,0,0,2,1,2,1,0.37508666805624086,0.0020475370396196685,2.658014148512986e-05,0.005479369203632099,2.91974959155197,0.7732564745441979,0.18069089510380384,0.00018036641645213962,0.27549912456704595,4.239238702088396,1.0306410251459313,0.716919692540561,1.1937168773110375e-09,30.304103672259316,2.2504319159614563e-05,0.0004111818272844299,0.8142088960282885
dadb75f6,10.499493269482599,40.0,0.031064187528921396,0.09705088386328518,0.0998489847845609,-0.0009120500812481225,0.2914398427305108,0.1523778969010977,2.7178162461266524,7.02437191224695,0.01991811483550287,0.04814025212462461,0.025134195626636702,0.04952024421632279,0.08798822749521343,0.15364417987831933,0.05623215030561296,0.09113149439217602,0.15218330965589377,-0.0027713078658224218,0.00011827256455301528,-8.311494247496075e-05,1.962146376690493e-05,0.0015823488582517907,0.2898378724084921,0.03727507174715554,0.0012590048112121536,0.11384382034273001,0.23034137196175172,0.07448988809098965,2.412984986073911,0.015366207270294967,9.823221777789087e-05,7.008907472758877,0.003934246413312993,0.002119982734822747,0.015959979521328466,0.00024112140358789234,0.0034821743511569423,0.0008577434119760993,0.0009719203277152879,0.0034956387631956683,0.0016071547813509852,0.002431603577172015,0.008381850554978688,0.006532912217224619,0.0,0.0,0.0,0.0,0.0,0.0,0.0,0.0,0.0,0.0,0.0,0.0,5.929107743170509,16.398754612246847,10.479174412815059,23.547518508618083,12.542013002511787,12.377200656732452,5.658778526701147,10.053938509213504,31.17555836035558,6.257259786647732,17.52262271251876,4.182988542356748,1,1,2,2,2,2,1,2,1,1,2,0,0.40263536455154797,0.0013173662680758156,2.099617726903001e-05,0.006064825214208744,3.855498244026343,0.8555168977658177,0.29263155999468216,0.00016579838904910425,0.441528093741172,4.37062955533412,1.0797633211682778,0.8214034110377485,6.473864039200402e-10,30.496374012947015,2.5859900122588056e-05,0.0009686202310217203,0.8977679502094782
ee1246dc,4.8624946872347525,40.0,0.026937952682780097,0.08383931843516497,0.09554236393341768,0.055224447566471775,0.7459716865781709,0.39649571912303905,0.5723842614728754,2.964399708142795,0.016926244424430227,0.04089085934717607,0.022996754276733995,0.055770901105839675,0.06440104770489491,0.13134600649476033,0.08138225603442051,0.0902456594033392,0.11499917636249332,0.0003544134395755808,-0.0006877181177319832,0.16600664737757176,0.11165520684681245,0.10548572837562031,0.5288307513557382,0.004206358372498344,0.39097522755005437,0.0013141332004863366,0.09333160391858318,0.08526629290576106,0.39378636464853106,0.0002704407038902185,0.001190760428119175,2.962938507010785,0.0010863424911636763,0.00097417566501061,0.012645483076202753,0.0024832596576131213,0.003097654487541279,0.0035322965235760556,0.001201585759406265,0.0029820322555722187,0.008003492215019465,0.004384396376541574,0.01564761992142995,0.005190595833900482,0.0,0.013683797125138892,0.06283183952330319,0.0,0.0,0.0,0.0,0.0,0.0,0.0,0.0,0.0,5.2375386400958535,174.41921641560438,12.369949086937998,20.372326345642794,24.39002768749842,19.217398114647928,1.7925410396562018,14.223099376985061,21.804350869721603,6.154819092389213,4.006715982402023,30.461634219202725,1,1,1,0,2,1,0,0,2,0,0,0,0.39777861435776785,0.0019178148266731265,2.5009618916170884e-05,0.007969044592892341,4.8219338695880944,0.8723027229793164,0.40164373264316905,0.0001280466510339657,0.3398164095328933,4.4870374374117405,1.2255729485007356,0.8722938146470882,1.1900908368136517e-09,30.340388135652844,2.1688923191649296e-05,0.00039282771484247265,0.9235513695970082
a1e2a607,8.555608923131114,40.0,0.0368862118409908,0.0898610894849811,0.07595977249564904,-0.0004703670556504931,0.6927448540653545,0.3214859948434061,0.39092063122999804,6.932908017946723,0.019599820397477714,0.04666900989886808,0.04438980522662661,0.049556584368023855,0.07083311674503545,0.14919356734188402,0.06111731475845548,0.09769052769980859,0.06907147502868304,-0.00045741246898011985,-0.0010975078460987602,0.0001438191481274009,0.001152672340840429,0.10989986773678168,0.5816923139877324,0.03671349936727763,0.2156617703366596,0.06911072513946892,0.107174128219496,0.017322011039175744,0.2664244919713263,0.0005049105909086684,0.00249210071285532,6.929911006642959,0.003869935621841787,0.006445512705038143,0.0029300233606669585,0.0038920980113896415,0.0003038206124105049,0.003880276671808429,0.00047350250806146084,0.0007891394849719039,0.0035042192665727862,0.009298293249392072,0.009113384023437211,0.03474415875465959,0.0,0.10896852225501438,0.0,0.0,0.0,0.0,0.0,0.0,0.0,0.0,0.0,0.0,3.5321697740737905,179.70084379242098,8.037148492271742,7.22057548875494,4.705098830696536,0.15845422916861798,1.3119728076156876,28.94945665311961,7.92132718592983,20.38801993985839,3.517152561081171,25.713740716154707,0,1,0,0,1,1,2,0,1,0,2,1,0.38982280317132495,0.0018853935970774341,2.5441056130293273e-05,0.009597493727441295,2.238095413187824,0.8298738400621803,0.5331677915276678,0.0002318824475447804,0.4712852278844744,4.275769678155062,0.9357409884669898,0.7998740200949103,5.966791500308197e-10,30.299722990543582,2.700177572272896e-05,0.0007508096828990634,0.9205263122581577
39158ab7,23.031099783562972,40.0,0.018863640340800694,0.0812198238117172,0.054006587508503755,0.0014814359564075308,7.827719678617724,1.2876311224499197,7.56634677625578,5.9168158400455,0.0015400741813216363,0.018256566782099234,0.036794280058981214,0.030498289053118167,0.10497152070289134,0.10818966167914208,0.01266080119509327,0.13659060329384695,0.012768358036571031,-0.0007758562737966824,0.0011409582992930748,0.0040792058437262,5.880279040580973,1.88515602612982,0.062284611906930826,0.9561686595030704,0.15169542401103536,0.1797670389358138,3.388108229586141,0.49897693188030484,3.679261614789334,0.0012051544011033959,0.0026130459830149035,5.912997639661382,0.0019637221715272783,0.003992374512387791,0.0010101123504202866,0.0028458687371911806,0.002323663526590741,0.00664508602495803,0.006157090005044926,0.0027025148760305433,0.006526735617002236,0.0011173566682358064,0.0030780353414819953,0.0006322692908131503,0.0,0.0,0.0,0.0,0.0,0.0,0.0,0.0,0.0,0.0,0.0,0.0,5.0466393531093505,20.389957178959776,26.51069628066473,7.412635026159393,5.385951219762071,1.9517290260521758,0.37204965950187235,4.65338213284886,15.889741677379474,5.392089321919453,14.408124478269473,38.164436108600604,0,0,0,0,2,1,0,0,1,1,2,1,0.3325613861567372,0.002469320244437384,2.283818142510442e-05,0.007286448692021247,3.8219573689898394,0.799268332262525,0.5298034916279826,0.00026945433328356283,0.6743970101222247,4.264390686198066,1.1512595987409788,0.6611744539191488,6.748133058064748e-10,30.413092333537165,2.4724608372824922e-05,0.0005394401240508072,0.9055636903609845
87d19c1b,7.067011142873948,40.0,0.042708556585752684,0.1059367776484077,0.08446828614287451,0.04599147747003867,5.28616982016207,0.3524320603404662,0.14165695557718944,1.0911395429829251,0.03973762262949032,0.04995025993483745,0.03843778719293029,0.05505546185121276,0.10866991175347031,0.15408495934054003,0.05956842793322486,0.10331254389504485,0.09052388660035382,4.8105496159267854e-05,0.0003143383606223238,0.13761198855333442,4.968703772339457,0.01572253303028738,0.3017435147923249,0.0012470041305465156,0.23230280997138908,0.1188822462385306,0.14118512412265205,0.0001254669364814834,0.00034636451805589977,7.960816004894165e-06,0.0003072713689070057,1.0908243107980133,0.00024064956909815652,0.005024303546955411,0.004050879674765863,0.0011920475101228926,0.0001547389725765824,0.0016127980319879309,0.0002715150628466846,0.0038986846454442357,0.004632279489553559,0.0018255241667629323,0.010471588178950966,0.003380457490310535,0.0,0.0,0.17169921149503123,0.0,0.0,0.0,0.0,0.0,0.0,0.0,0.0,0.0,8.837445880588167,18.42660026572992,1.4181439494314514,14.883358943709881,2.4665864039501337,42.89515673595186,1.978658814947041,21.071066575283663,4.429889246820727,29.361722243991153,27.580750173052948,32.72005570017833,0,0,2,0,1,0,0,2,2,0,1,0,0.6055015707656923,0.001569348124902268,2.1873511910581533e-05,0.0070112422841254905,4.4318166223767355,0.9977316169985901,0.5553907525598205,0.00027312373685233057,0.44451960334322604,4.313425303071229,0.9998281810867812,0.6702748092388999,6.716296662304176e-10,30.40529354131113,3.87756366115237e-05,0.00046697745565703964,0.9989359168655811
0dfe02fa,19.411192283178963,40.0,0.015070333238023882,0.07053901439925132,0.05956125297134335,-0.00032856127223985517,8.493264816442714,0.9639207295026186,2.727466441512677,7.027905339769164,0.0008516197501363249,0.02138628630749348,0.02297309365644184,0.045794884568951914,0.05640888892389889,0.10941326970490317,0.04907472005510358,0.09970978250543072,0.029899256353495742,-0.00025290211916880053,-0.0004769932736097604,-0.00025578842394100455,6.34592807210937,1.5007539685117703,0.6465827758215752,0.12024439529260086,0.6809093523773584,0.1627669818326594,0.49486581030125576,0.007775621659588835,2.2248250095518323,0.00013824387748643553,0.00045587679775223935,7.027311219093925,0.004816187773553256,0.002918736597718928,0.001689202284340702,0.0012939277822659639,0.0008386568171876879,0.0010844730407825035,0.0018782438540528102,0.0034544426772192024,0.008498512622765282,0.0032132403779199558,0.0009119383829667463,0.0021172793506234384,0.0,0.0,0.17855648300356458,0.0,0.0,0.0,0.0,0.0,0.0,0.0,0.0,0.0,9.222756370479393,4.717883462279701,5.381699720264662,16.605018124346422,3.1077484270385853,5.118892167530816,13.699452913509269,9.48664417497327,17.193237400886307,13.169749918870473,14.893080708305884,2.899332360402125,0,0,2,0,1,0,1,2,0,2,2,2,0.26678150586547306,0.0015183581237276436,1.848578848473431e-05,0.007885752394222819,5.063657167581927,0.7440114067894305,0.40708079550457266,0.00023601379671979813,0.5343576786637851,4.3689676081705455,1.000305992354707,0.653900522615973,7.741694903248148e-10,30.37022202616416,3.237653765088995e-05,0.00010277283295378357,0.8481787388741351
83f544af,7.770506596701843,41.5,0.050566384816630595,0.09793661316572398,0.09480822832065015,0.030277990255131337,7.163431795797347,0.19906832070280128,0.19218575275330593,0.004206189886244283,0.03531288474367719,0.053982785797360835,0.06240348390885376,0.048071238792122675,0.09033585724710748,0.1554027434579418,0.07510739462813382,0.1025072620695066,0.10681002826431,-0.0002706005832857532,-6.602798776734334e-05,0.09117059933644711,2.999381828300016,0.09981256087261699,4.064237406624714,0.06393184838124684,0.0005487541433707002,0.13458771817818374,0.012003129454098671,0.0007761619228737061,0.17940646137633356,0.00015086482587051112,0.00011659416639233436,0.003938730893981437,0.0005440512637801091,0.002268593286195682,0.001689586787175594,0.00025119557020604054,0.0009153641340531926,0.0005352204899817351,0.002238036297624384,0.0007975391271271182,0.0021003134695762936,0.002101303053186616,0.010386278258121408,0.0031254715708462885,0.0,0.0,0.145439683325391,0.0,0.0,0.0,0.0,0.0,0.0,0.0,0.0,0.0,5.29252017894368,8.53408952999399,20.739057971845526,10.830952759681393,5.802705048568846,0.4505848005231524,6.967943649630169,2.959835239345459,10.947471909521399,0.10976391717195327,11.740851488557277,11.063549540117064,1,0,2,0,1,0,1,1,2,1,0,0,0.435670109308177,0.0009294898884347101,3.4237833406369684e-05,0.005892971855213027,4.379155648008069,0.816648602080275,0.5717059596419177,0.0001329176620965295,0.4641387449151692,4.129898150490469,1.019468513502453,0.8106976853264132,7.973525820481536e-10,30.34126016885337,3.9244907795031325e-05,0.00037805968711180596,0.9214145183836944
4ddfd648,10.24757979901121,41.5,0.04085050971056255,0.08355659899465946,0.10445735932819945,-0.0003110824471441614,0.9769699657402948,0.5806328725482793,1.1802299485689693,7.205318518389648,0.019324345688205093,0.06009985929530511,0.04312732414817746,0.04484623488041289,0.06376812014122925,0.1420554419623363,0.06745185934084917,0.11364912961502933,0.13227108902871984,-0.00020855321872649435,3.824602802549548e-05,-0.0007629401507314853,0.004184049965817611,0.5138983404942572,0.45888757528022006,0.14892262687196348,0.41117252260536563,0.020537723070950236,0.016790443189180698,0.04502125503236766,1.118418250347421,9.423766523646814e-05,0.0001499510041632424,7.205074329720248,0.0003023168496963679,0.0031667112768289456,0.0048402987065667286,0.0023668100720580245,0.012618011404884331,0.0016832970188068535,0.0028574953245000525,0.0021977188655980407,0.0005558013872426623,0.0026923549457874537,0.012125406667150939,0.018956840298830723,0.0,0.14773909177053512,0.0,0.0,0.0,0.0,0.0,0.0,0.0,0.0,0.0,0.12304728027307986,20.176322962409202,0.25099230479268325,13.479300657298932,54.19912912448146,31.560840317844633,2.094724231142327,0.14388256094665017,20.147820336728937,10.885532207350852,0.32477701653711905,50.381987695464446,164.33880178461484,2,2,1,0,0,0,2,0,0,2,1,2,0.4339214904647849,0.001767559314031593,1.5998442441124097e-05,0.008939565017206899,4.9821117056940585,0.7499602160465006,0.5495803256269344,0.0002822093690584857,0.5681130758403377,4.467021562938259,1.1931181640843083,0.845364328309442,9.031769650955512e-10,30.53086786461355,1.3277260380790254e-05,0.0012536531309610324,0.8873222038987905
67533036,6.4187060278804395,41.5,0.02802981702649343,0.07863315770906751,0.10892588443295355,0.0058297999482225145,0.7017069562880965,1.2371365428018728,0.9727033072451865,3.2993416502585755,0.01825983287636365,0.03463184291888807,0.031197775284228575,0.028158966599394743,0.07820237623435224,0.12953813029345554,0.08238312971021225,0.14553688830791137,0.09885763528073703,0.00023164596632860806,-0.00035316222288089263,0.01761091610121983,0.033971349190504256,0.5382159835220153,0.129519623575577,1.1542801664827236,0.078443814924392,0.004412561394757209,0.11341084631001681,0.808386054052384,0.05090640688278567,0.00011062284065565415,0.00038896004712652815,3.2988420673707934,0.002385228506255194,0.0017990914049306203,0.0026638908729376518,0.007881607187930491,0.001472040218989093,0.002993579887904987,0.0023402305139705116,0.0025086692036393314,0.006175302023978542,0.001817452399108414,0.011811559413819228,0.009424406898366338,0.0,0.1795596355912454,0.11299908329237536,0.0,0.0,0.0,0.0,0.0,0.0,0.0,0.0,0.0,9.997560748319486,7.354714179882767,170.72932895402863,1.0565776519008467,2.4406417027526968,2.0929898323435565,2.61226571147507,0.3227234320817304,12.722449997104297,12.59335556435806,16.331814601288322,30.962095706098243,1,0,1,0,0,1,2,1,0,0,2,0,0.43935498762299885,0.0016371181456574495,3.737365514487773e-05,0.008561985986727302,4.6909681979138185,0.9532238305126935,0.4242522011494543,0.00012663845436815423,0.49263305618882247,4.346841070691352,1.1260315251369726,0.8423303158078971,9.614810367321049e-10,30.60398358448148,2.1113251923403375e-05,0.00015340554621738319,0.9730262981589083
9babb91c,11.339532652641186,41.5,0.031222656484438907,0.08476350615995026,0.11666191300822397,0.0005049197638188617,1.0339565111928715,0.2596572008600991,3.255561949768391,6.420830987082367,0.019453967334783048,0.031929528187781074,0.0422844739307526,0.056032773667523524,0.09403581707641527,0.104221927735912,0.06888016850069233,0.12035653024393524,0.16074904028004436,-0.00013759368066850077,0.0001935826129883883,0.0014587703591366975,0.002511919991647785,0.6033594327415601,0.4280851584596636,0.005719491351344579,0.013446057269601545,0.24049165223915295,0.007218584161844218,0.12720824504618033,3.121135120560367,3.78968038071812e-05,9.715747316780792e-05,6.420695932805392,0.00022328578858375387,0.001599604249218942,0.0030428631474182536,0.001488644252783534,0.0012114899216957766,0.002048269557625788,0.001929594382310172,0.0006195109650963711,0.003966527819827586,0.0001810024512830697,0.004712644381340872,0.006566362482580122,0.0,0.07537122232604686,0.04310970990220457,0.0,0.0,0.0,0.0,0.0,0.0,0.0,0.0,0.06366949704591572,3.7540536738126495,4.649112298489048,36.97595168620008,2.485383430687159,6.7748336091375405,10.119995501375055,10.93917679959674,0.2615571958224124,6.952047844263873,0.749808485319878,10.855978365770344,166.04165828033953,1,2,1,2,0,2,2,1,0,0,1,1,0.3580799007754503,0.002597346764983408,1.92419582345552e-05,0.007241656916099352,4.393337259843114,0.7914288136850832,0.5151956646996759,0.000142641075077365,0.31291636595895,4.486775595120021,1.1797353582719097,0.8624147949980909,1.483214495892984e-09,30.394106378212758,3.360926785519879e-05,0.00030387945600414125,0.8988322650893268
84b26401,7.360953398742903,41.5,0.031749678275429925,0.09900705585324825,0.10093604862282025,-0.00024851835808931957,0.12020020126991335,0.08577760309274118,0.36328400400418204,6.580702168493583,0.017533556059366955,0.04786835647350307,0.02984712229341973,0.05388373054351017,0.09304103165931604,0.15009640535691854,0.0814888754688848,0.12733560396368823,0.09398366643588774,-0.0016206979832350343,-5.7679546141588863e-05,0.0009328224551086645,0.0707127488415595,0.0007389548488573141,0.048748497579496536,0.00019558098340892213,0.008296166932160365,0.07728585517717189,0.09537570814995257,0.2570557323787062,0.010852563475523274,0.005326763568452723,0.00012693660367577093,6.575248468321455,0.0025970945803471313,0.0041272749222130275,0.010269759669839479,0.005033035652881562,0.0015974400253255605,0.003387214032549946,5.886886488327614e-06,0.000877452741245348,0.00015012163946285205,0.008569694436122523,0.010967348977285785,0.04107026632917991,0.0,0.0,0.00035388761288627135,0.0,0.0,0.0,0.0,0.0,0.0,0.0,0.0,0.0,6.767671597505531,6.949700076246155,145.05433235710177,2.524870461756989,4.932154571321618,11.89564836215928,18.087782651437248,0.47058899456940545,32.384272369541456,13.491207084851709,4.601523367844849,130.1086370236906,1,0,0,1,0,2,2,2,1,2,0,1,0.4367623249851481,0.0025588470740863516,2.0020592591271177e-05,0.009254886986515257,2.2575142607137875,0.7677099184571402,0.5060634442365749,0.00011593648347702951,0.331648879451059,4.3784348801742805,1.0877628447429253,0.7454468169466302,8.154704896091825e-10,30.456433192060864,3.0423820845919573e-05,0.00021086532038137783,0.885212830840291
05a62fd7,21.267620368647876,41.5,0.035090360786200314,0.08723935831574477,0.13630979581126698,0.0001814363769595955,2.0988576140702606,0.8357076313011685,11.179774967563905,6.409593226817029,0.03215408143907474,0.04071811060246877,0.032398890317057415,0.03231775408957071,0.0951252144202959,0.1342751064373677,0.07587412329492046,0.10916380273877554,0.22389146140010494,-0.0004339153926402463,-0.0003819986814785625,0.0013602232049975953,1.8959447658971935,0.16850862932675365,0.03440421884631326,0.8150318382563521,0.020506066550013247,0.0001697264948032336,0.017820624224711836,0.013364519451350929,11.148589823887843,0.0004088272469080763,0.00029949846750969305,6.408884901102612,0.0011537731857052258,0.006991800698063733,0.007987781927611572,0.006026715782130678,0.00042817351972838794,0.001084412305863684,0.0018659565221974318,0.003647092140499346,0.003032990263677666,0.0056799745569674955,0.002766312022706888,0.03269591133048538,0.0,0.07164335448618639,0.032097121465624254,0.0,0.0,0.0,0.0,0.0,0.0,0.0,0.0,0.0,17.003436037712287,171.81763192736236,166.73349376048785,9.960317736182498,22.56637364238032,10.108980816433604,22.04357141728613,11.952305152946295,20.51311643251996,3.6163686261155834,9.752066350060403,142.57884769183352,2,1,2,1,1,2,2,1,1,0,2,2,0.45619109881242237,0.0012882649362643908,2.6815777145417107e-05,0.008071551349696508,4.734195083922622,0.9386772530915756,0.6013927976919282,0.0001816441080916858,0.4231473192657235,4.397714068608264,1.259873952954535,0.88635844438069,1.1852523220647555e-09,30.46880279343994,2.4531243824140155e-05,0.000675497515531124,0.9754961721372178
cc0b217e,1000000.0,41.5,0.050419234984010665,0.10849555116765906,0.0844191756845093,0.015420627119585388,11.718224373155826,1.3786715972478853,0.05642473177361964,1.5463457186483178,0.04895676876260641,0.05503846467680227,0.04726247151262332,0.07138012812723574,0.12660904939619785,0.12749747597954358,0.06442084732355724,0.10087738347080002,0.08795929625917065,0.002446386021431492,0.001859846167154024,0.041955649170170646,10.660031743883234,0.13384440108664883,0.9243482281859432,0.5023706714847708,0.8661481741168539,0.010152751646260824,0.050275537679253926,0.004028958448264686,0.002120235646101025,0.011969630566352774,0.006924395597719748,1.5274516924842452,0.0005418691141288486,0.003635031995131573,0.01779299170382956,0.0002384570105961794,0.0003932592438418514,0.0066721559137028,0.0027720802744392896,0.008067986240502105,0.004408361670661458,0.00014640574429964606,0.002517948920196816,0.0009831475897508438,0.0,0.0,0.008671247776897494,0.0,0.0,0.0,0.0,0.0,0.0,0.0,0.0,0.0,3.4188891502172907,2.5905818350350467,8.058490535627074,0.29875590638975064,8.794102938258884,21.315423790604232,21.94693341561756,8.555506809705916,1.4386109119057315,0.3666707494551039,7.9148268179575485,0.5296269951833156,2,2,0,2,1,2,1,1,1,2,2,0,0.5713507287850994,0.002001245564860013,1.9809795591279763e-05,0.006410602857647087,5.467280174819774,0.7331636233415979,0.5740215335698766,0.00021246161111953415,0.47661785097382287,4.265503356782198,1.1304907022252932,0.705062136784509,1.3651414888805878e-09,30.412534721394092,2.8265423909207617e-05,0.00024315844235538766,0.8862760473299262
340263e4,19.257808674940698,41.5,0.02110781158201501,0.05709555986573864,0.09355136442394428,0.00022529994233344225,9.164924997794643,2.697384452565447,0.564361840115581,6.448097610199194,0.0032442998715638454,0.05531616580066357,0.004762969073817609,0.027231668677688444,0.08177808539694673,0.062276925522580746,0.07439931342314086,0.08925962225573252,0.11699515759295945,-0.00020655597898469743,-0.00036230984296831863,0.0012447656489533428,4.647244541575801,0.14361977599552897,4.374060680223313,1.237890126553702,0.036343437960574876,1.4231508880511703,0.007643489657898031,0.09815370314791637,0.45856464730976665,8.63993363276543e-05,0.0002649819867454581,6.447746228876121,0.00010478933529983693,0.0033104013991594444,0.00580390322898631,0.002678762163005326,0.0004912460053100951,0.002586434417737889,0.0008866389646436578,0.006377770221990358,0.0002895242316455704,0.0010337269557290196,0.0015636950220559937,0.0011146098410717512,0.0,0.0,0.04066721553749072,0.0,0.0,0.0,0.0,0.0,0.0,0.0,0.0,0.0,1.7314574969653806,6.855712652681736,126.6283464319899,9.198787486165514,0.3567576906132853,7.6681214923437055,2.4753421302234675,3.0948718430317332,5.022398721160178,0.11093853104237943,3.0276532546261494,2.979331060919406,2,1,2,0,0,1,0,1,1,1,2,2,0.2753347082269652,0.0018280046334485272,2.277085654555054e-05,0.006505481869857448,3.305172709997776,0.9610619507984449,0.3154367940462247,0.0001326071285577317,0.2817391831230042,4.457103654699187,1.0283635561052868,0.9691205613312928,1.1911867070872772e-09,30.36020170813654,1.9722735883216134e-05,0.0004542356478050143,0.9733129005255929
611009d1,10.478745523286369,41.5,0.03512485933379536,0.08266284627209793,0.10718250700361516,0.0007087469314121386,1.4640934585474055,0.1658240271490418,2.3970958954339774,6.112035521486227,0.02490294778418622,0.059185604472852225,0.021286025744347636,0.05037767173919713,0.08590670626072636,0.11170416081637029,0.06705522556366912,0.102783090695589,0.15170920475158736,-0.00035066867061147645,0.00039313194816016986,0.0020837775166877223,0.31602233966028526,0.33225282612156093,0.8158182927655593,0.024887974907202445,0.007640877727691993,0.13329517451414735,0.020145462646343502,0.0004974449668842188,2.3764529878207497,0.00026747668861960605,0.0003189676182009612,6.111449077179406,0.001204010453486742,0.006813887496953122,0.002459891343056312,0.004554765017049705,0.0025785307940594062,0.00428275403895767,0.0006322973856688701,0.004190123333519788,0.002812482799819409,0.00464108344277128,0.0031404077557763512,0.0025076856023119203,0.0,0.01649499244627387,0.17886119290897867,0.0,0.0,0.0,0.0,0.0,0.0,0.0,0.0,0.0,12.306684486957785,179.81167965240786,20.351315041055905,12.606497858523655,9.820181899488803,8.316565626555237,6.44429803823003,1.852805862745321,1.5390741015859588,3.714732649454489,9.692163211735634,27.105953983149373,2,1,1,0,1,0,2,2,0,2,2,2,0.4305863684480205,0.0031685184595163967,1.8031502218354303e-05,0.0065611895688846835,4.521293368836392,0.7448312880807153,0.458370140571822,0.00024838126843006625,0.4884218836120473,4.29022974081207,1.129330121768173,0.7046800563540547,8.23143357230526e-10,30.3076037921481,1.4455240322533281e-05,0.0004803564706701239,0.8617471694186314
49922f79,12.833236833137462,41.5,0.04384789692763517,0.07667171387761391,0.12578105139376022,0.024053710634365497,2.053674495698282,0.49189603921672165,9.563367106388817,0.27003191198530685,0.020518107804912852,0.05814300412888118,0.052882578849111475,0.04274364061824815,0.07933556493196826,0.10793593608262533,0.0808174943363449,0.0842359482611938,0.212289711583742,-1.338877451287384e-06,0.00015870994200255155,0.07200376083854522,0.004825852988426018,0.26275425797691293,1.786094384732943,0.22339618545068987,0.08515431451258694,0.18334553925344482,0.08286475173484834,0.1776241854845096,9.302878169169459,2.9722728788143584e-08,5.425708495433082e-05,0.26997762517762375,0.0014210975987127938,0.00130001966582893,0.010053627650509905,0.002385631551001984,0.0016004338400828146,0.001141360229134955,0.00014810466545826816,0.001939430027635833,0.004083261978421771,0.0001616710955273452,0.001969617621119457,0.00044323931776422206,0.0,0.0,0.0,0.0,0.02178320288448983,0.0,0.0,0.0,0.0,0.0,0.0,0.0,0.3989665622442932,21.00014551772127,0.5278384050814598,3.460794692343884,174.63126680494923,0.31621749536466026,19.699590308793454,8.30868016522877,7.229269114553745,2.7913249755731013,7.417680757275226,20.885406792130578,2,0,1,0,0,0,0,0,1,0,0,0,0.4171566739090233,0.0013902269110868607,1.9991052859505275e-05,0.00725392674745795,3.4205007314608182,0.9159536802591617,0.3016300352534509,0.00014794374470388993,0.5138312161662241,4.4407062792396825,1.1807667686079906,0.8975996028111292,1.2478865889784921e-09,30.208880418660147,2.045765713060438e-05,0.0005595283833366869,0.9412744116419882
e66ddc5c,11.533850400140812,41.5,0.029751644654398418,0.07567164386690789,0.08026011865683744,-0.0001715317393060866,1.6005464451546365,1.4082326895345592,1.3530503578202036,6.894911033098116,0.022711784748472935,0.025648455995464805,0.04089469321925752,0.02671364839973087,0.07731987214629872,0.12298141105469408,0.06802494574340683,0.1254948811539073,0.0472605290731982,-0.0005446863114955195,-0.00018512265962917552,0.00021521375320643528,0.09982821313479741,1.047730463595677,0.45298776842416216,1.2858966247613952,0.09129543183181861,0.03104063294134527,0.01249493212705548,0.2184187643973086,1.1221366612958394,0.000596047521905152,0.00011319670108438878,6.894201788875126,0.0024117068345080894,0.007625661117991286,0.0009838206152650842,0.0011282247812124577,0.0015219413211584277,0.0007621860816685185,0.005426378610768081,0.0002218859674816112,0.010692676167452743,0.0016374266530027146,0.006682507229179003,0.005850238231120433,0.0,0.0,0.17571093418943903,0.0,0.0,0.0,0.0,0.0,0.0,0.0,0.0,0.0,11.709445259983912,3.938381032017665,29.26606196329597,25.430088321693756,12.286850086641392,14.504654002732114,2.6796884463112516,20.92433207490709,45.598397513579904,3.759739196137033,31.63109928208049,21.48459973063535,2,1,0,0,0,1,0,0,0,2,0,2,0.3946271495426922,0.0018624818746947253,2.263132329631759e-05,0.008843870560154886,3.753113187599875,0.8368647781352362,0.34567090902551395,0.00015425945040024495,0.5094267075660659,4.37259495079149,1.0379305431818406,0.6602638076375104,7.67807269965879e-10,30.502674914103267,2.584222853584228e-05,0.0001270061887643648,0.8932213114804054
35fb9b55,11.233537282721407,41.5,0.029659051360298453,0.08689870007648696,0.12302186838539768,6.466035586182657e-06,0.4162324000604958,0.1819898488027773,3.429775575027855,6.852477273491346,0.020912442765189623,0.04121980643968596,0.02684490487601978,0.055397526390455934,0.09543578569890576,0.10986278814009917,0.07612497133193971,0.13361259774291778,0.15932803608133556,0.00015363574867369113,-0.0004515227277857817,0.00031728508587063856,0.012942113782417629,0.11693176079535977,0.28635852548271834,0.002449594528540484,0.022792867307708173,0.15674738696652865,0.019971268710155424,0.4124547266489291,2.99734957966877,5.331454342074166e-05,0.00041315167390283767,6.852010807274023,0.00010911642493281986,0.005231898648249956,0.014836878378557431,0.0029566149597548483,0.001381598856722197,0.0003509277381797261,0.0011751400592841857,0.0011310757700460374,0.0009896385001791832,0.002471165085479011,0.0023251078445120565,0.023368318648962463,0.0,0.03428489361926924,0.10757934774380297,0.0,0.0,0.0,0.0,0.0,0.0,0.0,0.0,0.0,2.0402972752522617,175.913565168061,178.11350018387702,61.388431029340644,5.476401543867261,17.956198722557765,4.019471574213692,12.352862480155807,31.88605299119658,3.6363647293750905,3.2407586913718447,4.1398278769572645,0,0,1,0,0,1,1,0,2,2,0,2,0.38429145148253935,0.0017016718267771076,2.419607817317939e-05,0.005061555700574772,5.505935254494922,0.8548514089149581,0.4200922101003553,0.00015876895044373188,0.38704451693276215,4.435586435377353,1.2672177596462937,0.8030537360891787,1.3718896414112294e-09,30.43767812071274,1.8213787540508372e-05,0.00042524832648893477,0.9157851921158161
4c09cc75,10.176314299556962,41.5,0.029715138894767328,0.0845479324598517,0.09594311541570599,0.0039651916905135845,0.5190878937453063,2.3882331289755516,0.19331936207503617,6.812844332226551,0.01826503861701156,0.035802478245858034,0.0350778998214324,0.01713871067041995,0.09761761023256309,0.1388874764765721,0.07544539026135615,0.1234109192508626,0.08897303673489924,0.01140812668546735,-0.0006792779992167069,0.001166726385290108,0.03376138738838271,0.46319169581986513,0.02213481053705849,2.337832934644922,0.042256923280621944,0.008143271050007507,0.014422122988321618,0.1784724774648998,0.0004247616218147442,0.26030609755782097,0.01403040744681886,6.5385078272219115,0.003315593104954054,0.006505273790719419,0.007226680404137766,0.0023124107325715425,0.0032984238589604874,0.0006221533146410149,0.00038185398283489987,0.00014635228878833633,0.0008592307864070067,0.003922832455823773,0.005372223275216349,0.039402169431675786,0.0,0.16771828317038537,0.004229117223390238,0.0,0.0,0.0,0.0,0.0,0.0,0.0,0.013078709463460379,0.06010600819031754,3.265266008130995,6.897875728408891,20.006979183990516,17.457972107868564,24.11610077249958,4.8607313806874295,17.741809699090926,1.106810057792772,11.285315596248132,3.366513358683474,159.12068185362892,5.529120346774517,0,0,2,0,2,0,1,2,1,2,1,2,0.42826170796839685,0.002044675062214296,2.096008779904573e-05,0.011638339683134357,4.490070400803728,0.9542065434928492,0.3837376797563387,0.00019700461956888884,0.28664915209700237,4.3414694909060785,1.1754389873268403,0.7961947168281168,1.1965268179544379e-09,30.428922759514137,1.810457641093308e-05,0.0004356823216038961,0.9717408444729504
e776f8a7,11.770069168428448,41.5,0.03759532388667552,0.09358988935090236,0.09189520761500686,-8.841229238002567e-05,3.202060750873679,0.268601748758722,1.1630003157108355,6.753551150974185,0.03545401278014313,0.040811220155068814,0.036520738724814594,0.06051591947616873,0.10340690295404892,0.11684684562248944,0.07842178573345553,0.0738426469329448,0.12342119017862024,-0.00041916327003086156,-0.0003954252042924559,0.0005493515971832405,3.0545607333019253,0.0940967091833104,0.05340330838844333,0.06791167774180216,0.12281937920878173,0.07787069180813809,0.04538934211293961,0.41661221359642103,0.7009987600014749,0.00039792867619465065,0.00033007780242745393,6.752823144495563,0.0002667135609123229,0.0003704972523470391,0.0013277889703666407,0.003951392678786401,0.009018475312579852,0.008182242537152277,0.0012000398428806912,0.011987484628612741,0.01091027340384917,0.006821508800017832,0.0041660074469440055,0.017784365816862255,0.0,0.0,0.0,0.0,0.0,0.0,0.0,0.0,0.0,0.0,0.0,0.0,14.211692224905052,26.70374501809597,14.03987303930285,16.73110952861348,23.308339081522607,0.28866174572298203,0.8933668977272113,36.00087187218601,38.64462370511973,9.79225458412223,8.351483743092082,25.57744112463973,2,0,0,2,1,1,2,0,0,0,0,1,0.5176546163560943,0.0014895229666475511,2.116288454354451e-05,0.007568513090778065,5.4468124676905,0.8683626710617636,0.42451321252275676,0.00016340558813394417,0.4387381304240666,4.391587176233006,1.0907751548297961,0.6332351005376669,9.301134052628716e-10,30.516787014356975,1.8739147128190993e-05,0.0004665457453456466,0.9242020051359969
846fe384,10.795387304552024,41.5,0.03967976358804159,0.08834855453595607,0.11699580504172084,0.017535273281796226,4.656267326415989,0.0445340740533631,4.718007942096901,0.9998203288835856,0.034585131577457746,0.03326555943510857,0.051188599751558435,0.04979825208422592,0.08655981244517649,0.12868759907846578,0.08751156372508752,0.08964667545126166,0.1738291759488133,0.0005882879239466084,0.00014530782206549227,0.05187222409937657,2.7228342642307366,0.44018968998504027,1.4932433722002116,0.03297859786574119,0.005048979378438522,0.006506496809183391,0.24692799987065706,0.0930397005350857,4.378040241691158,0.000740651525335509,6.698773221366298e-05,0.9990126896260365,0.0032371100219383215,0.0013994524959924336,0.004792702231747976,0.0008895714333201647,0.0015792857341703367,0.003037170166054998,0.0006097659334458165,0.008973987785937543,0.004718995162009117,0.006963200586848543,0.004975842230902168,0.002638437651606377,0.0,0.0,0.0,0.0,0.0,0.0,0.0,0.0,0.0,0.0,0.0,0.0,4.398589181858779,1.524461854865328,19.072360556193672,15.601945897354803,1.8689555752967133,2.609363635462013,9.390064442033502,5.994164487616879,16.497444298742174,4.785871137219297,13.596807796779554,19.71718106327516,1,1,0,0,2,0,0,0,1,1,2,2,0.6028427466518193,0.0011363842908658852,2.6239747615553182e-05,0.007085846166041605,3.669106221378958,0.9463565531373541,0.475594801295469,0.0002182193986022151,0.25928109176610314,4.319716658545698,1.1504856734281297,0.7712306998446811,9.543386508472873e-10,30.47890185538575,2.39396660880828e-05,0.0002918060848145819,0.9718215381086687
cd408625,9.456225465408323,41.5,0.03646740503538518,0.10249194922286282,0.12673888860840346,0.0165180995219848,2.5108498791131737,0.43357857751935047,5.12242989766341,1.0909588793779645,0.0337723811624479,0.04615103493654049,0.02947879900716714,0.06896866401809872,0.09832139203313302,0.14018579161735678,0.08861665746792334,0.11387980589173011,0.17772020246555692,-0.00015859964498752242,-0.0002764837961274759,0.049989382007069406,2.4297750937741514,0.0029507689306389542,0.0781240164083834,0.3712400557083374,0.049792102006246494,0.01254641980476654,0.2824202489231335,0.047150177094353395,4.792859471645923,5.187474165574151e-05,0.00016235872409079831,1.090744645912218,0.001053245599335683,0.0007082406918677106,0.011947131858896474,0.0009137692291831248,0.00016791434149981879,0.0024431720914747206,0.0014777048643302712,0.0006332065660205276,0.00024544627287447635,0.0012518174289429026,0.0030776850145326816,9.401475794100435e-05,0.0,0.0,0.018137466535705332,0.0,0.0,0.0,0.0,0.0,0.0,0.0,0.0,0.0,0.2870182456838331,2.420930519445648,8.117494857613009,3.4937448389586523,1.5599736527864225,2.0699456930004803,2.036895404994575,1.0735388099317644,1.3477303676616854,1.1094522979815566,0.22888494523890093,4.687318504197457,2,0,2,0,0,0,1,0,1,1,1,1,0.4256195110556782,0.002392127355624028,3.912030412248254e-05,0.005031940801478018,3.911674581230838,0.7261621687371698,0.39944797183168884,0.00013503781579190786,0.409039670691783,4.4297889311024985,0.9233926913698194,0.8106505169906381,1.0230453134763952e-09,30.452536157986604,2.4761780909240422e-05,0.000290013632826532,0.8355061902487124
7d2dd987,11.116761492631328,42.9,0.033084628210769546,0.09424922137183378,0.11292214155852325,0.00035047485881792447,0.26781048733079227,0.3866837726418736,3.311177027601037,6.801353141725305,0.02240233826228927,0.04627530880067341,0.03057623756934596,0.04099583337268066,0.10006095255670294,0.14169087818611775,0.07458825465097405,0.1014261998676706,0.1627519701569251,0.00015210155650122601,0.0004763363185391042,0.0004229867014134432,0.07906199693480379,0.10956900824171327,0.07917948215427519,0.29675209584306234,0.07110539713540012,0.018826279663411126,0.008709913133862743,0.0026326773528249536,3.299834437114349,5.119814853626648e-05,0.00045963540688256064,6.800842308169886,0.0014715225344227208,0.005690904580106668,0.00022331928757765134,0.0005036671746595167,0.0015970384228712487,0.0020409123550445343,0.0008336690562705399,0.004210237911543045,0.0024179273520009733,0.0022199958459589923,0.0024171946888463143,0.0006829652110632984,0.0,0.10719005065131512,0.050111712900961836,0.0,0.0,0.0,0.0,0.0,0.0,0.0,0.0,0.0,0.7777844308614145,172.26361158205273,10.075766342512575,5.525745188155364,13.094343702648413,5.742720718943592,4.015043396626901,3.4444835976663457,13.77968659635383,4.197118693502833,1.7919547422155975,5.199277216678378,2,1,1,0,2,1,1,2,2,1,2,2,0.36596527069513246,0.0017402056065716548,3.589996399625317e-05,0.005905646480696208,5.116882818669926,0.7921895179484565,0.5371567148798018,0.00014988283819082922,0.47592670313288726,4.350234950733611,1.0990913209620843,0.8518474051528391,1.0392991658606924e-09,30.507234821416176,2.276077659353399e-05,0.0001470801056105405,0.9037625981333637
58121e31,1000000.0,42.9,0.031032812843629964,0.0960275814502292,0.13167938948132638,0.004148436796555328,0.2983055640360975,0.15576666115843218,4.06628554301062,3.9627319665626515,0.017186456934154572,0.04405710775708778,0.03185487383964753,0.06375336428042273,0.09001928762114558,0.1343100924491193,0.07909126145950159,0.16780762699140794,0.14813927999306967,-6.599928044037233e-05,0.00018067368702481007,0.012330635983081545,0.09298005459995999,0.1936353799157997,0.011690129520337766,0.15534086238848704,0.00024042023582434647,0.00018537853412078873,0.05473436725003459,1.9012483247241834,2.110302851036402,1.287888805463239e-05,0.19017099087288017,3.772548096801717,0.003352768617180832,0.010296137801889845,0.013162110965308846,0.0007574951551077532,0.0007020552941147907,0.0011264308578481461,0.0008862385314233194,0.0006415407528471379,0.005086690047613501,0.0020413422097577275,0.005379839041696825,0.026656098296962888,0.0,0.1700269399623223,0.00444165558451647,0.0,0.0,0.0,0.0,0.0,0.0,0.0,0.19007676224239933,0.0,0.9754257186095504,6.314021128946859,4.00745746626959,13.019285814672767,18.239740920490714,1.0108724373865567,9.036312559957699,7.143912578182788,14.558574907376753,1.6998324533351905,11.484182837897768,34.563700990709016,2,0,1,0,2,1,0,1,1,0,1,1,0.38280771801605806,0.0019154694576220454,2.7557532204169566e-05,0.009235898197595937,3.5599264874194336,0.8338836441031945,0.5108665896758934,0.00011985735650055664,0.5067829603326464,4.250974609171451,1.1001745368848768,1.063616838284843,9.589661100283718e-10,30.383504452767998,2.1060094835869638e-05,0.00026544170295415414,0.9186958536706149
22784d95,12.97403014518589,42.9,0.03708848352055251,0.08607757317369759,0.05598763898565604,0.006600206936006446,2.7777945074760386,0.6383254232767752,6.038798730279381,3.099096424500221,0.03313380352843111,0.038261749329217686,0.03986989770400874,0.05132193955255695,0.10963308735063464,0.0972776926179012,0.04920319366395753,0.11466328545539042,0.004096437837620185,0.0002640375543758547,-0.00042293419249915526,0.019959517446142636,2.211262889853975,0.18258508648014518,0.3839465311419184,0.014103673760766926,0.25610698878674615,0.36811476072926214,0.4892354812956198,0.054791490500191734,5.494771758483569,0.00019216711194902362,0.0003710066677668013,3.0985332507205054,0.00603807383481947,0.004530048708445806,0.0023841128738317494,0.0022863710203167914,0.0011260492329206804,0.0044664173121113215,0.0014228491987433632,0.0052127604918266865,0.010344763722639497,0.007261917908339284,0.0036414290322586656,0.004454396318177494,0.0,0.0,0.17478104154745094,0.0,0.0,0.0,0.0,0.0,0.0,0.0,0.0,0.0,1.9874590545341517,43.17697975096439,29.016188758147507,7.680196880722946,9.933906299381595,12.100653029983466,2.4858250868485983,19.900674882609806,32.739858865794346,7.956408535845005,17.022410442790168,27.18357352122124,1,1,2,0,0,0,2,0,0,1,0,0,0.5676001458682753,0.001571705382736945,3.630846976362237e-05,0.0072112610453562735,4.534662410374848,0.9804935190442952,0.5998906020565234,0.0001279237188532331,0.27353529499411966,4.150935470450692,1.1936566262211168,0.6604966517776967,1.0692396050848457e-09,30.63222980794382,2.328320101107377e-05,0.00025123094617088244,0.9921352845886114
09985e9b,3.3773799707723207,42.9,0.031087465119766945,0.0858483784624703,0.06960887473091648,0.014746201311957625,0.6093446284928955,0.1355885028585222,1.1785608781278076,1.3751403036286618,0.02071129554750307,0.049168872898525305,0.02338222691327246,0.054048430238289216,0.07508107312173279,0.12841563202738893,0.07480941168236221,0.08416622974171187,0.049850982768675375,3.5712504254354034e-06,-0.0003795682224229324,0.04461460090787037,0.008313274266908042,0.007824936759180976,0.5932064174668065,5.262344541747702e-05,0.12827453966056654,0.0072613397525381875,0.010048004990888041,0.17891789714293826,0.9895949759939814,1.2855990562112314e-06,0.0003068875990112751,1.3748321304305944,0.0016947532856249866,0.004395389398489296,0.00045410416488030764,0.0036771812441557684,0.002693057864076472,0.0029908565615367356,0.0014024830395788974,0.005411093814700618,0.007980467564850612,0.0011225379267574376,0.0043293796397019454,0.006401831588160206,0.0,0.0,0.1622357301309684,0.0,0.0,0.0,0.0,0.0,0.0,0.0,0.0,0.0,2.9710443128336768,4.2590780318276655,170.17029824882437,8.479870549498928,7.601255303079818,4.613322842695723,1.2162028108611622,27.20068453979862,12.000254955816287,1.3994808666864755,19.21088785206286,13.838546988843103,2,1,2,1,0,1,1,2,2,0,0,0,0.40556050422223194,0.002112021188567652,2.636475678548033e-05,0.007178026255097332,3.6534206529502455,0.7470295099750786,0.4097539739223793,0.00014010973394290702,0.369692908014276,4.358077115032551,1.0151688954459366,0.6360326898956539,1.318631414653117e-09,30.39599133823409,2.644769824953183e-05,7.420322878283737e-05,0.8506441981504895
3767174a,1000000.0,42.9,0.014718008083410755,0.1036256505080081,0.0826596900101119,0.005203976662578232,7.88367476038741,0.4170534203761221,1.5213179119168736,7.678251764565982,0.002071636048004873,0.02563560642135036,0.01644678178087703,0.047262104518685094,0.10594077526354673,0.15767407174179243,0.03420321468116143,0.10859719445771898,0.1051786608914553,0.017089103674909182,-0.00060500187832085,-0.0008721718088536361,5.4268296498818405,1.1282085371817454,1.3286365733238246,0.08194202396770114,0.17116175170339262,0.16394964470502832,1.3639951563747454,0.010679953136542339,0.14664280240558597,0.5840754618725689,0.000758371354515918,7.093417931338896,0.002876886774073733,0.0008937969878251276,0.014350759412456813,0.003878873880712377,0.00011529846764528904,0.0011318661287721202,0.0010117698646553257,0.0006907552501889393,0.0014676637192066323,0.0007301020338674087,0.00512999112790705,0.0018917994979696824,0.0,0.07929152912115542,0.06279013170821914,0.0,0.0,0.0,0.0,0.0,0.0,0.0,0.0,0.0,0.9734321142037512,173.35051852194283,156.52817080044707,16.477837520410198,11.37219695987326,1.0340339832288254,9.568356487739075,11.929584085600121,0.1416488984344179,24.817262054682445,7.185858257865629,1.4473001862042996,2,1,0,0,1,2,0,0,1,0,2,2,0.2821102954355539,0.0015493739986807125,3.430344031445034e-05,0.006854208432023609,5.7208805228499795,0.8919537323227615,0.47753521695836687,0.00011864370842226126,0.5185355787066476,4.339598505369424,1.059404107304987,0.9132471853583682,7.064608308423862e-10,30.43718981520928,2.8266746508287572e-05,0.0004153954491277278,0.9435018766778576
ece75869,14.639836464373946,42.9,0.04127646744189752,0.0923392945908235,0.08156048049779223,0.06866281532247977,5.976537397655878,0.2690809970964173,1.8264160944137928,6.083500437120038,0.04106892281530656,0.04275119084488208,0.04000928866550391,0.04227811209898433,0.09308299763810463,0.14165677403538152,0.07645141821979565,0.1280968897089522,0.04013313356462883,0.00038197324497334545,0.010091346365824174,0.19551512635664176,5.657983630867525,0.09433830370040326,0.22421546308795057,0.24191807928830367,0.008495953133738432,0.01866696467437525,0.02295593345868024,0.27395417246640874,1.529505988488704,0.0002965590951370221,0.20374990900679313,5.879453969018107,0.002029962810321756,0.004004197856639899,0.00041157375837469327,0.0019500386206321302,0.0031708593427165884,0.0011235417344089664,0.0008468473932878462,0.0008906207972631983,0.0010775843914022538,0.0021799026093125024,0.00890876291791686,0.004626551600196122,0.0,0.048079573065380556,0.006353692106557779,0.0,0.0,0.0,0.0,0.0,0.0,0.0,0.0,0.0,1.7213023691392288,54.48322860106421,0.4178735339578803,4.757902924073808,9.241363775414815,3.638738887063716,4.638276608610953,11.327148380893972,13.127249273704242,1.3144930526933614,29.13971397396563,16.717822367839208,0,2,2,1,0,0,0,2,2,1,2,0,0.5176773758886815,0.0018785356605398025,3.6862974683314006e-05,0.009535890956957734,3.893643526141342,0.750868721456384,0.5582423207672071,9.856957168190242e-05,0.37603110685623453,4.369859609832012,1.1879621273807395,0.8242469902861591,1.0483905825061164e-09,30.500440589963738,2.018719592294048e-05,0.00032551112259207246,0.889888520334197
97fb741c,10.245434085680726,42.9,0.03759322004459193,0.10544336229815743,0.07565825120806897,-0.00022992102306352026,1.2072968156937378,0.46762291776841586,1.239677723233751,7.023401289987216,0.027982972398080133,0.04512839717830654,0.03966829055738912,0.06788117642262007,0.10230462316446697,0.14614428730738527,0.07041032767693109,0.11101447111346564,0.0455499548338102,-0.0002540673109912263,-0.00021871579991870243,-0.00021697995828063202,0.8249096229837726,0.010584757788280531,0.37180243492168485,0.31857988717931396,0.1041803231070213,0.04486270748208062,0.0013949808762457223,0.0241597525564691,1.2141229898010362,0.00012937871543693694,0.00010349164368855188,7.023168419628091,0.0007879313297116076,0.006748084401127427,0.004900833706304297,0.00016319724119250555,0.0001379531361254383,0.0030369970054319947,0.0038211019293387825,0.0024530953839039978,0.007076910801999728,0.0005275589145412713,0.0027961476034709157,0.0030778237542272977,0.0,0.0,0.1748906517326089,0.0,0.0,0.0,0.0,0.0,0.0,0.0,0.0,0.0,11.683548716623282,3.53699093957492,16.854477272856847,15.982084016592529,12.931111868635572,12.46243162674206,2.562693237395271,19.23847352489836,20.286250481292893,2.284853152161499,3.6713158920578683,20.16272554890605,1,2,0,0,2,0,0,0,0,0,1,1,0.4243116330045378,0.0024743976898577024,3.141995534910557e-05,0.004875686104256499,3.2228308955011626,0.6817887319749436,0.5368151384140707,8.79764921539338e-05,0.4198765650525035,4.452233966883864,1.1517851561147396,0.6750080563926638,9.20855418610958e-10,30.368380120255374,2.312003674082807e-05,0.00020584536095226243,0.8525556763508898
5c1ef1ca,9.296007960826788,42.9,0.0369794095387275,0.0955126549153729,0.06937170293149932,0.0004647441616222297,0.4730518245388732,0.11574190246742828,1.8093297713300993,6.638580757893554,0.024248622899383756,0.05094199978130048,0.03574760593549827,0.05014097787996465,0.10118370168519851,0.13521328518095552,0.07815874046046457,0.09266826634863817,0.037288101985395214,0.00011667184717364837,0.00047261071741265293,0.0008049499202803878,0.23876388364941337,0.029647527402006095,0.20464041348745368,0.028042341082089264,0.08687144458665012,0.0008281167986888945,0.041955731355926194,0.05751969631410446,1.7098543436600686,4.413249455321406e-05,0.0005289256541272553,6.638007699744874,0.0008408024528733541,0.002039325074952838,0.0023521555391960635,7.624110265387228e-07,0.0019287382159314881,0.002147267268880248,0.0007890754136399749,0.003913862666699197,0.010185846328495155,0.004111916184383108,0.009066635191770447,0.012175822865913203,0.0,0.0,0.17264440436066,0.0,0.0,0.0,0.0,0.0,0.0,0.0,0.0,0.0,10.162229226341411,6.478492347763713,20.26011930957364,3.297704501994933,2.592047889390125,13.380779021729298,5.681747654149471,8.212429459633023,24.807337735008012,6.31057845177475,7.60043843508129,3.6919182312099097,1,1,1,1,1,1,0,1,0,0,2,2,0.3989386196128852,0.0017064042477536751,2.4166617967049584e-05,0.006870440046757018,3.623332264757648,0.678933688795845,0.33685896599714793,0.00013002712939779023,0.5237811605615834,4.314657018039655,1.055842835822867,0.687446156210715,9.249969078579429e-10,30.459055855793935,1.6392090009932076e-05,0.0004089266115478726,0.7870540685079954
aba143cc,12.54558822427641,42.9,0.04232383143007639,0.08945440353545371,0.14051637296669775,0.022956533795248424,3.104730831636536,0.13355887759664262,8.589681007700651,0.35469268165340934,0.03480922645994533,0.053630305530467076,0.03853196229981676,0.05947987894360858,0.07777965549782467,0.13110367616492793,0.08464213167273837,0.13339561656143223,0.20351137066592265,-0.0001431911118670065,0.00019122408751554934,0.06882156841009673,2.806560442633214,0.16351366097889122,0.13465672802443124,0.04745469203852015,0.08447768378516614,0.0016265017729563441,0.16589804162513155,0.406480241875928,8.017302724199592,5.3253060577983344e-05,7.528498081730184e-05,0.35456414361201405,0.0014500927190318467,0.005800258254642804,0.00041165034368473774,0.0025560814114584836,0.0013248793134233335,0.003935840352742706,0.00023009898684897686,0.0029596501706418386,0.007640581473663669,0.0034993815943055165,0.001466859749598748,0.00035682675492310816,0.0,0.0739235275212574,0.0,0.0,0.0,0.0,0.0,0.0,0.0,0.0,0.0,0.0,5.878974975893049,175.99446242952718,0.33982931477667594,24.075993672925915,9.856036643332848,16.39107217473358,10.98335706941044,18.90038123097625,11.184218196963903,7.059905138785611,9.02302002036139,19.98349383638531,2,0,1,2,1,1,0,2,1,1,0,0,0.5134312973648284,0.0020590374989817423,3.23476998488359e-05,0.006687559154570877,4.379151899958739,0.7560979463168342,0.44317634904352543,0.00011501002160253332,0.35135768491734454,4.374808306804679,1.1525609731896465,0.9655226458009771,7.968606706321334e-10,30.43840700385862,2.0052716667087034e-05,0.00012484890134099126,0.8641452503574533
1772c929,11.3393597503901,42.9,0.035999605216792796,0.09598795757475131,0.10500847278562231,0.00013319946991914035,2.0780466932994646,0.17164568892312232,2.1867718941875025,6.543408636952836,0.02989347022731878,0.03737573424611398,0.040729611176945624,0.055053985768901886,0.07959148036248208,0.15331840659287,0.06635087166418499,0.09994800626172035,0.14872654043096156,-0.00018850275238055313,-0.00043906700981020995,0.0010271681719481842,1.2609466471973751,0.39530885149137246,0.42179119461071674,0.001245634798384479,0.06019079205734493,0.1102092620673929,0.026879583192674597,0.006916113359754232,2.1529761976350734,0.00010455570971425011,0.0009023989528374534,6.542401682290284,0.0007878959489678382,0.006891256441198858,0.0009994118578142608,0.002084800776949606,0.0019755134091901686,0.004308395700041257,0.0025392345505712583,0.005517209316069668,0.00020562728014605772,0.005786979730754365,0.02273409938022827,0.004076698971146999,0.0,0.17514896995486312,0.1561346855623344,0.0,0.0,0.0,0.0,0.0,0.0,0.0,0.0,0.0,2.131176053247867,7.909358597245842,6.076392771417357,6.484521569602797,8.599259277638804,2.546811782494441,2.2393964459026785,0.4194220025563403,18.898789074754173,5.9726376215190955,10.708195753142178,18.67849509195269,0,1,2,0,2,0,2,1,1,2,2,2,0.5385481265390254,0.0017511650906830867,2.5286674557649177e-05,0.008303930684731321,3.847729115482739,0.7891483182302538,0.5871073765178119,0.0001566191804391068,0.23332668916512603,4.333691285300125,1.1388947150957585,0.8426871183128549,7.448372017627619e-10,30.366641405619017,2.354568581763118e-05,3.162632367741287e-05,0.9128821852108062
7c9e0a90,6.195471475785956,42.9,0.04039021247677051,0.08960179603161628,0.10138120260574161,0.0033415594545902175,1.4196144441754048,0.24993418622550545,0.35112632167455493,3.9392509450340283,0.02772292534282556,0.048577382705356616,0.04487032938212934,0.0643260547910622,0.08696606709130952,0.1175132662124771,0.07851364363011942,0.12756379125329584,0.09806617293380955,-0.00020759191687125866,-0.00031493949881839005,0.010547209779460302,0.7726845398740103,0.003676544660701734,0.6432533596406927,0.17452365820703808,0.003708049806709985,0.07170247821175739,0.04661868859786096,0.26206960444281624,0.042438028633877765,8.810037637426619e-05,0.00020065396854823344,3.938962190689106,9.846556766736244e-06,0.005470898516743979,0.0036111527848779355,0.0009677358955727812,0.0014114333630024871,0.0010908163375351562,0.0004762952349989728,0.002443962903592432,0.008435995014717725,0.001382594833528274,0.0015100307004415614,0.013430718352358966,0.0,0.0,0.010986808551798781,0.0,0.0,0.0,0.0,0.0,0.0,0.0,0.0,0.0,5.552346721134196,0.45039427961585077,10.785436180711084,5.352237272163611,14.849563976400834,2.6462985904425023,0.773916697902345,5.287285271663342,22.65956982733211,0.6633959062810362,8.046345085935595,8.300417806574062,1,1,0,0,2,0,2,2,1,2,2,0,0.4074119721812176,0.0025089040144044626,3.1439692167303e-05,0.006583611569601941,2.7016418165084857,0.8177448828712441,0.3966899859432117,0.00011715812004183204,0.3581699522507101,4.359658152005445,1.104502327287917,0.862377331124364,1.046598266326517e-09,30.522652332719606,1.7613656035335657e-05,0.000501127211745375,0.8900039937245344
033d17b2,11.0697177283394,42.9,0.02015010602267098,0.061607777388704134,0.08393494725883488,-0.0003097043223835853,2.4802597696279642,2.227018289101891,0.4320965827862384,5.762706658855983,0.016844972092999407,0.018336741234524157,0.02526860474048938,0.025443246993857162,0.0632611262791779,0.09611895889307732,0.05152336674817216,0.11261135159143237,0.08767012343690013,-0.002354234256400142,-0.0016484101009086609,0.003073531390158047,0.11785047444466558,2.049801345800841,0.31260794938245806,1.4075174086356843,0.42743473413747196,0.39206614632873493,0.3931437604183737,0.036030098671952095,0.0029227236959126195,0.011291690144121654,0.005533207140325853,5.745881761571535,0.0031737247278107532,0.004263166784172464,0.0005187125822805512,0.0029302136118315504,0.0010418167945279136,0.006656581270410867,0.004819200174593181,0.0006499853596799979,0.01048835759939453,0.014382359893487386,0.009934556797887469,0.0534893791850642,0.0,0.17503658423200935,0.03271450797423919,0.0,0.0,0.0,0.0,0.0,0.0,0.0,0.0,0.0,1.2371346564986192,5.146930369146357,161.54589705541946,6.074048845967556,15.123700015220862,1.1323244586284058,11.886476694332103,6.323047930691997,15.082171778259816,4.33333008648507,3.692823090447262,170.4015940638774,1,0,1,1,2,1,2,0,1,1,2,2,0.4362370236338785,0.001902213605618173,2.550655632262115e-05,0.012211649591747937,6.429027839340097,0.9158853386515073,0.45708910262201013,0.00020159025299316074,0.2682731738773023,4.403659028273347,1.069082511006948,0.844289289230198,9.406234375423788e-10,30.32192379792517,1.9764190710723458e-05,0.0002451008954057924,0.954287524814382
06d7461d,6.505069356843244,42.9,0.042988629606706054,0.09921858121043849,0.11068868743940129,0.02261629513588108,2.995872067914146,0.12976282890476215,2.8109060800325953,0.3763714769944957,0.034031844003629096,0.054393121501971536,0.04054092331451752,0.05292982663764679,0.08996552518819184,0.15476039180547685,0.06590780687023765,0.10959523026222921,0.156563025185737,-0.0004985709109771826,0.00025886588487190746,0.06808859043374851,2.521514977984119,0.11244174231000675,0.3619153476200205,0.002749100353286579,0.00020357457407151484,0.12681015397740406,0.03161683930476628,0.015591059780462784,2.763698180947366,0.0005051819142464536,0.00018178776975003486,0.3756845073104992,0.000425557097733407,0.0011429098238492164,0.00019218108449846165,0.001766339923099349,0.0018699701164460875,0.0010846719184351935,0.003957977689030634,0.0023885336020253497,0.002839519846218849,0.0028347853007270425,0.006911199392942124,0.002493099102675686,0.0,0.0,0.10923716895476535,0.0,0.0,0.0,0.0,0.0,0.0,0.0,0.0,0.0,5.080894495948107,0.2557137135168217,177.73338769204247,14.729542176040905,12.108390499765795,13.86838980649522,5.946714586452662,1.5102361279747518,9.830408430661176,14.624312061645046,6.942424350671534,15.13185690733994,2,0,2,0,2,0,1,2,0,1,0,0,0.44902409975745694,0.001968993375694784,2.5383341485935087e-05,0.0070540951669245296,3.5468366692791378,0.8179336522550251,0.3953536255258706,0.00020490007959917146,0.5110601985591324,4.324483690502563,1.0711911933016103,0.8088443754797947,9.485932715461908e-10,30.4521825286957,2.0488239492544168e-05,0.0003719419035652832,0.8898747075597022
45455207,1000000.0,42.9,0.036273251901001294,0.10520883899211982,0.11925117531980108,-2.1495703164707067e-05,0.9737665571932979,0.8088999467451549,4.850275495039281,7.204119839493603,0.016874472712151367,0.04804186280091987,0.04390342018993264,0.05775626377094912,0.07557902677965467,0.18229122642575565,0.06523146597905123,0.20556303798201436,0.08695902199833767,0.00013459790202501333,-6.342095058057617e-05,-0.00013566406093855837,0.11559632213582549,0.1711379644321454,0.6870322706253269,0.021526921237427193,0.1195038630332854,0.6678691624744423,0.03955772332134752,4.805687702927394,0.005030068790539538,4.559048676572941e-05,0.18952988193538392,7.014544367071453,0.004556733774659714,0.0073254648229918624,0.004364077829787641,0.0010574484813841607,0.001635978800871758,0.000830760691644933,0.0008737917706162243,0.0011527442769404626,0.005065235075297514,0.00305896981133506,0.007793484975790129,0.008413588837301363,0.0,0.1698543308817965,0.15436982223060933,0.0,0.0,0.0,0.0,0.0,0.0,0.0,0.18946109909337097,0.0,2.481285353413483,8.277186864092222,16.318507236116307,2.494964712937671,5.013553197407924,5.376715288184768,12.997483767827315,1.720717662343114,20.99761349037316,146.80887884748975,12.278204690888348,8.225137063291372,1,0,0,0,1,0,1,0,2,2,1,1,0.40035993052748703,0.0015231883507771803,2.3995435209666248e-05,0.008153733381037831,5.092721398853767,0.9451946425186137,0.3930102364899446,0.0001032960189447184,0.5689894648694106,4.343039962376139,1.199621736582815,0.8544977995939209,7.919229065429042e-10,30.538103014415054,2.6078588347946805e-05,0.00015239299803679852,0.9666944079996403
ebca23d3,6.931341499870071,42.9,0.04025457803210525,0.08092926251300094,0.11593840112413678,0.016628623874273312,1.4397748077745203,0.3192169178188472,2.592439292070671,2.343241029804312,0.029282881262322532,0.05560243499191674,0.03587841784207647,0.04453808752577212,0.07491111040497384,0.12333858960825687,0.059322299362488486,0.15092298338561713,0.13756992062430476,-0.00044275947465478106,0.013440791381370911,0.0368878397161038,1.111570100597219,0.15406126782229398,0.1741434393550075,0.15891125874290932,0.13133510712250648,0.02897055195343141,0.147023929662767,1.0305103476901945,1.4149050147177094,0.00039417360097532674,0.36142229963346717,1.9814245565698694,0.0012014394290939738,0.003512308874590939,0.001904920266375132,0.004568305746744676,0.00217613352663212,0.001660047537303444,0.0018387087768361784,0.0052245187341021515,0.0017270498735017328,0.0014497227949409215,0.010609133725150812,0.007264746291828179,0.0,0.0,0.1389100952005168,0.0,0.0,0.0,0.0,0.0,0.0,0.0,0.0,0.1407079872566181,1.0950350942402893,4.337471026401642,154.1332284565534,5.663107952857109,6.32787824803652,20.69066595247311,3.2301371606811635,6.251289381965253,3.77169280281088,6.223936876692454,21.008964362779313,168.8625015452152,0,0,1,0,2,2,2,0,1,2,2,0,0.5199305673277981,0.0020390179448514538,3.379723140525008e-05,0.009196895286661316,3.488484116708016,0.7859434577410802,0.389969339351977,0.00011056668405772416,0.3122698013835659,4.401121973419875,1.0630939837972053,0.829998806040789,1.0879736469626437e-09,30.436236980923166,2.2108026091143527e-05,0.0002772440954711038,0.8693799491758245
7d1e6379,7.484818488580133,42.9,0.03391269904160162,0.08341959929628025,0.08228485376714707,0.00037961413912623155,0.1569135877888052,0.44519533772276126,0.2826467656552975,6.417584104871725,0.02231972645341623,0.047835595906043894,0.031582774765344754,0.03849245429791764,0.08478231520423057,0.12698402838669257,0.07344397561638225,0.10481654878409598,0.06859403690096301,-1.841988195005507e-05,-0.00018021385688178328,0.001337476156210533,0.07392825390027014,0.0006446920083854359,0.08234064188014965,0.41994115481926464,0.013342320596238369,0.011911862307258263,0.0033176400528743396,0.0004886293405131067,0.27884049626191004,1.5986699144831827e-05,0.00029814331966594504,6.417269974852914,0.0015466290437262035,0.001896644023527085,0.0007253663978279253,0.0005758492147624411,0.0016426232634424828,0.000615768535936252,0.001155967409059811,0.0030135878690087025,0.0038018914518579243,0.003912558631218694,0.015270535394724356,0.0024235443518865426,0.0,0.0,0.07183467851216392,0.0,0.0,0.0,0.0,0.0,0.0,0.0,0.0,0.0,9.074820849928999,13.090154499172407,171.2843800967594,5.059297253033129,9.206703986979038,9.271881172191572,1.1327197642740372,14.134439595197058,0.5114719077169815,9.656613510458541,21.2370065437842,6.227879149615938,1,0,2,2,1,1,0,1,1,0,0,0,0.38291134287622086,0.0022259970139087183,2.4185656920620728e-05,0.00805809868353421,4.566241242656091,0.8496470683187797,0.2076117488362414,0.00012681768930342097,0.34148593079855105,4.419334495117731,1.1222976783309653,0.8087080002647324,9.618474914426881e-10,30.28932713987992,2.3721989408463032e-05,0.00035912623169361436,0.8808413422328901
5e458f25,2.3678469074611304,44.4,0.032428512551892934,0.0846784810275723,0.08969981581649121,0.015181335754235435,0.5932916061991245,0.3172114936469116,0.12312149035745013,1.2643032069122924,0.015359113719058907,0.043152510797849854,0.03877391313877004,0.046199620029848745,0.07127165080003366,0.13656417225283451,0.07917447036218493,0.09404442970766401,0.09588054737962465,-0.0002047391550640959,-0.0009185354554101827,0.04666728187318058,0.26034420046300993,0.18601418700277128,0.14693321873334317,0.108950160630634,0.20560906955205316,0.002652263464224463,0.055956429026352006,0.04418307297161289,0.02298198835948522,0.00011325626085634239,0.001742132253043163,1.262447818398393,0.001296582873070419,0.0009267228940924681,0.003706573735917054,0.002972229148887841,0.003817572686713326,0.004260747312000381,0.000438211816262926,0.004222578682531031,0.0075723112724443275,0.005424022273518295,0.0073971269660578,0.0034675763685726993,0.0,0.14757024150232517,0.0,0.0,0.0,0.0,0.0,0.0,0.0,0.0,0.0,0.0,0.33902473738928973,8.683888146375175,18.462084530504132,7.779157085791515,6.749570353222269,27.572622989107405,13.432979684697926,17.35281191590242,2.747450947266589,9.699915722459235,6.012300457625878,25.788007614261797,0,0,0,0,1,0,1,0,0,0,1,1,0.3707947433752538,0.0018443166433306886,5.112688843053883e-05,0.009556621754899543,2.5208191236555857,0.7205194336549214,0.4330903367331467,0.00017426525101988565,0.36039238581223226,4.308085376169937,1.1228472156484386,0.763250638355389,1.072331643923247e-09,30.512564663198795,2.815644425531327e-05,7.47065721449964e-05,0.8415164572100088
c6f23671,8.717368970712338,44.4,0.030214271920808805,0.10367638704737536,0.10186694842516814,-0.00035212242662053015,0.5651194908731589,0.22513770069377093,0.616610232127976,7.057601857665039,0.024017301817952454,0.037508314039538734,0.029117199904935234,0.05407118221632237,0.09925302216013172,0.15770495676567198,0.07370536972101556,0.11136094418875034,0.12053453136573851,-0.00022410929868433665,-0.0002978096645814978,-0.0005344483165957559,0.21403851688909087,0.21427168507124367,0.13680928891282446,2.8688763673120316e-05,0.06073851742689098,0.16437049450320682,0.004323180414182592,0.02659268557103264,0.5856943661427608,0.00013022759930813186,0.00018359850362992838,7.0572880315621,0.001147856478689931,0.0010201917088984167,6.528144883329598e-05,0.0006670584428768484,0.002058551592756838,0.0017144481764037912,0.0001625600448763102,0.007955476096419835,0.0008411068794975621,0.005456889571409838,0.0024934536277300082,0.012176933055764604,0.0,0.0,0.06441720810362676,0.0,0.0,0.0,0.0,0.0,0.0,0.0,0.0,0.0,12.348044050575622,6.883564520433272,177.6429516717266,4.924015207427009,6.998286534449931,10.270602647545076,10.133859590752639,0.43766531141471243,7.793206985730424,7.733643860455097,10.874951436371537,2.7045568450056727,0,2,1,2,2,2,1,1,2,0,1,1,0.4063636837986781,0.002428589405951391,3.9115315625512346e-05,0.006721651122877085,3.633127722983322,0.5383653099636784,0.6372286874799489,0.0001330360275098499,0.4082045581503307,4.228640563269215,1.0132722993848187,0.8239273898237207,6.288171288084121e-10,30.34213784372256,1.8653575928236118e-05,0.00012369516741541774,0.8324684547219887
c188da7b,9.61505214268914,44.4,0.03640953202642671,0.07960586762004969,0.08714673502182052,0.0002880987381537153,1.6163620980088018,0.6714664297919336,0.4970816297518077,6.555967884905636,0.02526588098869066,0.038192309998178096,0.04577040509241138,0.03642235830251729,0.09063462646718495,0.11176061809044686,0.07825218230536622,0.07804230078606546,0.10514572197402988,6.117845438825379e-05,-0.00018431210388493473,0.000987429863957827,0.3635433162714048,0.35004311454576365,0.9027756671916334,0.5379238469275592,0.0009536011779500708,0.13258898168642433,0.0431599228674606,0.3079078010619843,0.1460139058223628,1.062128770467269e-05,7.780161806765663e-05,6.555879461999863,0.00292786463187946,0.0063891618326692955,0.004001974575170316,0.0011504496957732426,3.7673060825682385e-05,0.0013049586488418088,0.0009144639085542007,0.004707662780724473,0.0008670669703616371,0.0017707854590552157,0.003140018278716655,0.014211196204044752,0.0,0.16462172745170828,0.17011224398428107,0.0,0.0,0.0,0.0,0.0,0.0,0.0,0.0,0.0,1.3924828321275473,10.346508760160745,9.327994486416943,5.601479696154317,2.853754563099061,10.315840895413588,5.303515762988454,2.3375296057564925,12.584577772398614,6.335607592004476,3.0317811218397734,4.224524750384153,2,2,0,1,2,0,1,2,1,1,0,1,0.42110612067424363,0.0020922586606033607,2.66328833709903e-05,0.00808737634619235,2.8088671156958886,0.7902006269632618,0.3459931812665499,0.0001746871439242344,0.389784495114234,4.342019313987573,1.042782975695273,0.6714963370042546,9.84750862735981e-10,30.365202439693423,2.2828575115415326e-05,2.782899393763294e-05,0.8627551801498438
ef0afa2d,2.6928358495069133,44.4,0.03768653621086468,0.07670784143268318,0.1016388367376145,0.025205885386013593,0.33423152443110987,1.2588669101655217,0.8189570349079202,0.18149485070182186,0.02117438424978986,0.05600869011174319,0.035876534271060995,0.02791918086786757,0.08356012849840813,0.11864421493177382,0.07691176620456912,0.10249553223362197,0.12550921177465243,8.092240970486772e-05,-0.0004158457522692965,0.0759525795006052,0.020511572507156142,0.2784828478008243,0.03523710412312947,1.1755762333231858,0.021350864407724077,0.06193981243461181,0.02752054918548451,0.0007927384926697893,0.7906437472297658,3.9709424626885244e-05,0.0003504797071984238,0.18110466156999655,0.0025184594107482594,0.0005671700692894731,0.007425564976213211,0.002062362600350088,0.003927733843855178,0.004940824175021001,0.0014941896874939406,0.0017535983403201864,0.002329912423847928,0.005158735488663894,0.0021504250364961603,0.009454109050798833,0.0,0.1089888899287835,0.0,0.0,0.0,0.0,0.0,0.0,0.0,0.0,0.0,0.0,1.0260271802691496,5.549699960394859,0.6306027065943105,23.98502568267116,1.86653424805249,21.430622318507726,1.4905113454850467,21.943157973626604,20.551179958494963,5.565759731503015,18.372895143403976,15.133295374844096,2,1,1,0,2,1,2,1,1,2,0,1,0.4418753275744565,0.003223644661458272,2.5107236422908322e-05,0.01045949119732216,3.8291078065032775,0.7103395597003944,0.4590446394767158,0.00016288098356525925,0.344867732076925,4.348408945616633,1.1415050954805672,0.7343468939490609,1.162201082463259e-09,30.320454308077778,2.4163054356880595e-05,0.0003749905523703405,0.8432607276244459
cd430d65,7.688528577540897,44.4,0.03352874737781288,0.09507019581103199,0.07289928198099108,0.0005938258635173117,0.2975752669224048,0.12513455573811239,0.6797496093140426,6.402403028329332,0.019128460000361724,0.05109677349404758,0.030361008639029338,0.0512526880744144,0.08304403770346763,0.15091386165521392,0.0719830930276335,0.08638566179208909,0.06032909112325064,-0.0004117887350176741,0.0008416736814566157,0.0013515926441129934,0.007519264142438896,0.08160635742417315,0.2084496453557928,0.01478523616256646,0.025273065684384633,0.08507625389116129,0.00015332768708264886,0.1407369806139188,0.5388593010130411,0.0003438522522977572,0.0015830893491690032,6.400476086727865,0.001835332349296173,0.006550622627588258,0.01461469911877224,0.00039709799647111136,0.00013956510973636227,0.0014481781262568052,0.0031922574378615543,0.0024801907167065532,0.018333990070330246,0.0021707896542145257,0.012894191601474592,0.015476373104192838,0.0,0.04934703994236096,0.1739990843960299,0.0,0.0,0.0,0.0,0.0,0.0,0.0,0.0,0.0,0.2675441710009406,155.7118739422918,22.964478681626588,5.565300006104796,5.463912734935448,25.385627794484183,3.10852753171576,8.3792651996276,4.789311709600875,4.407357918690142,1.7898709717049903,13.661764174993197,1,2,0,2,2,0,0,2,0,1,0,1,0.4085436080796801,0.002222251680576392,3.6273762266981364e-05,0.006606627572653074,4.345217791010394,0.8477991959155595,0.4521991358600745,0.00017219275544549722,0.4311608256243982,4.414023562562088,1.1150800101436291,0.6893187748320593,1.0651285630360908e-09,30.39811854571762,1.9484868682352916e-05,0.0003255239785212831,0.916579048086166
5921c1ef,10.645358124744362,44.4,0.0404270133612393,0.1023503015829275,0.13626095716890438,0.007228474644096444,2.4409551965123937,0.2757871667424102,4.694842063849589,2.9079218030752987,0.033039290901246264,0.052593841093564055,0.035647908088907575,0.06519256961211613,0.09453529242072455,0.14732304271594182,0.08773319302269872,0.16575423489826363,0.1552954435857508,-0.00023314048661672975,-0.00035251733393604,0.022271081752842103,2.1797599826782386,0.22422545805903657,0.036969755775118365,0.20567484972623576,0.016506145149305793,0.053606171866868696,0.2538545253080539,1.7812221010874472,2.659765437454088,0.00011708346008733031,0.00024867177392346997,2.907556047841288,0.0022040790728080815,0.0022545429804827896,0.003116448064185456,0.0023141683075281767,0.0028934619567931143,5.130979010861171e-05,0.0004118868724682968,0.0017906042481370262,0.004844107927601097,0.002893870606568174,0.000367195414899072,0.0017421988692506716,0.0,0.1615893493363504,0.007333462765541341,0.0,0.0,0.0,0.0,0.0,0.0,0.0,0.0,0.0,2.345778672832641,2.0429066207116886,179.09008715010572,13.981837750908541,3.748288882249936,8.056678851966453,1.9815514195959973,8.729220953121613,32.15946875723306,14.361864015428468,7.943772880768956,25.609973455519718,0,0,2,2,1,2,1,2,1,0,1,0,0.41448070555430166,0.002177855187583048,2.0881306959847987e-05,0.008734244313996255,3.503589999369012,0.7395674683797642,0.20808991164590027,0.00011308838141953125,0.4456536815116299,4.327052668846292,1.005508019892935,0.9876170841905778,9.04258614226608e-10,30.42763370454974,1.9086653052183334e-05,7.683964290059906e-05,0.7937400418831726
3b43079a,9.012980530150633,44.4,0.033015640989421995,0.10665520438508935,0.08168616166395669,-0.0006802068986939213,1.1322270308521485,0.40429713566868974,0.14266331000345506,7.082909867752486,0.021697385233687437,0.033811235311396945,0.0435383024231816,0.052394474673210165,0.09955931119203458,0.16801182729002334,0.0696302511584758,0.10027929650240117,0.07514893733099308,1.1668356206351261e-05,-0.0013104872956995464,-0.0007418017565885686,0.040793132917972035,0.4591073831256189,0.6323265148085576,0.005557135194172349,0.0645696298201978,0.3341703706543196,0.0037914820587930612,0.005754649691528321,0.13311717825313368,1.0829995490556869e-05,0.003490500087280202,7.079408537669715,0.0019592677142991058,0.006588911252090776,0.0018846633703853354,0.0029320183952468,0.0008450267937219085,0.004346983133852411,0.0027120794114608433,0.0015642052470135192,0.004905638635284527,0.0032492605954955777,0.007466336645261921,0.003533552526255496,0.0,0.052440838656824106,0.13507413581646216,0.0,0.0,0.0,0.0,0.0,0.0,0.0,0.0,0.0,1.3865768860753886,147.02517299470267,27.459249881165256,19.94695489133633,16.68214986344675,16.26303577594646,18.971586576200238,13.976986969856847,21.67595740924776,5.448549272654098,18.691561031965463,7.003377695670929,0,1,0,1,2,2,1,1,2,0,0,0,0.39260082835890286,0.0023557283621041154,1.8050261856692327e-05,0.00807419909715043,2.9040997813804523,0.8748007793560904,0.4162670897026244,0.0001800962692490043,0.32415851903165327,4.246730625767156,1.1550726160357505,0.6900226849764645,1.3172578282411813e-09,30.510883888539603,2.5074291194007916e-05,0.0005496002194089527,0.9268754678575971
62b53ea7,10.237503137986756,44.4,0.04674657403335039,0.10825201819939612,0.11404176604761089,0.0376805730112082,5.595006720214535,0.4523162225087453,3.755841143896433,0.21510126837977167,0.037246177041730846,0.05118127139530574,0.05181227366301458,0.056561967091515994,0.09634362547555797,0.1718504620311144,0.06371882211439898,0.11171132717579918,0.16669514885263448,0.0002580213159730249,-0.00044401769525154286,0.11322771541290313,3.7990234346684217,0.033669255335282616,1.7623140302108307,0.00949567090663567,0.0301633895233349,0.41265716207877473,0.060579683831242785,0.02904528322470573,3.666216176840485,0.00014164255573235934,0.0004640852771678804,0.21449554054687142,0.002236348980351645,0.0017110438243221186,0.0003797477347968832,0.00037810507676825966,0.0009354713014192201,0.006219560316780112,0.0003303949367244731,0.0003299491447532266,0.004908795920077138,0.0029141991591955813,0.008353553122767372,0.0022743884062733505,0.0,0.0,0.16434934734571632,0.0,0.0,0.0,0.0,0.0,0.0,0.0,0.0,0.0,2.1949366251581894,5.26105201102758,2.735340719176477,21.691372589687095,9.655933505253092,11.064187038445558,5.092564732780068,12.014027879016664,9.053393248419242,0.4570347591519278,5.919591756698153,8.046869599550538,0,1,2,2,2,1,1,1,0,0,1,0,0.5313407091043928,0.0022451918195539183,2.921641678241335e-05,0.007097283327894731,2.398014716137854,0.848754144090438,0.4941190212406492,0.00013572226541839057,0.5086752713617012,4.446643465752268,1.0114755482889402,0.8155603149557689,8.145151375719437e-10,30.385013686247465,4.290002024159415e-05,0.00016195117758948437,0.923438186477051
9088de6c,1000000.0,44.4,0.0299320590348313,0.08397666295721863,0.07329778232303928,3.5978766303398544e-05,1.0321576831395405,0.2430317583180464,3.1358706218381434,6.760824114871587,0.015203100680209497,0.03508257834657189,0.039510498077712515,0.04844586351489304,0.09458726432258317,0.10889686103417968,0.06819689356734197,0.1293539631506706,0.02234249025110528,-0.00022246798200530813,-0.0001775536758327739,0.0005079579567482777,0.27853957922908334,0.47265488065868244,0.28096322325177475,0.05636467487306203,0.016837203110748843,0.16982988033423554,0.011297916246792451,0.3030424271991194,2.8215302783922316,9.913847573861751e-05,6.860012518661506e-05,6.760656376270662,0.0006002223160201502,0.003918538599312396,0.0021108270106959797,0.0031251174951793873,0.0019513451673581939,0.0031634079760659312,0.0016394146119434116,0.0028462588917823046,0.0066341916849318155,0.0003930263395617482,0.002355739710400017,0.01860302931509177,0.0,0.1390542688682488,0.09341718989001975,0.0,0.0,0.0,0.0,0.0,0.0,0.0,0.0,0.0,4.993630705736647,176.85600095703268,168.03203723260154,17.375460950656564,0.5474799019955415,1.3414998717260056,4.280115691895211,1.8496101751768441,30.394460183375976,0.2246735467275359,3.0390570375222032,18.086071917160055,0,1,1,1,2,2,1,0,1,0,1,0,0.3795179778029842,0.003027257555474065,2.567672696811566e-05,0.007114038430660925,3.910675636462539,0.9358857222629591,0.3324179786087456,0.0001614928048970794,0.2655780337616461,4.191449971130707,1.160340160959289,0.7310272437039128,1.4783206714781937e-09,30.384394186789663,1.992639501742039e-05,0.00019668849897585983,0.9571652190704051
63e87d22,7.515277641146514,44.4,0.03408993719067268,0.10057148521687909,0.07939512055544033,0.012999295101697205,0.35853785981158753,0.7010744576294374,4.415294820204252,1.7676556146652835,0.02307136364076952,0.043576496212955895,0.03562195171829261,0.04022155133134775,0.1107453073586408,0.15074759696064868,0.0692669988275421,0.15228220978859403,0.016636153050184854,0.0008934837641919931,3.395482687277232e-05,0.03807044671402685,0.12698683097285138,0.20250858230622573,0.02904244653251045,0.3325760296848524,0.2850406390577605,0.08345778888682456,0.00534074517277486,1.090789991447331,3.319164083584147,0.0019026786607292889,0.0007128398886337358,1.7650400961159205,0.0008964232359430023,0.0005192722958536973,0.00405245073273703,0.001093386744961892,0.002142015976574572,0.0006518749271076376,0.005676274218650452,0.0016116449240001886,0.011834614407642854,0.01749434728647806,0.026655844164044325,0.00881603166840126,0.0,0.17152332535167306,0.0,0.0,0.0,0.0,0.0,0.0,0.0,0.0,0.0,0.0,23.025574355225125,24.121943194345103,8.000510822121322,20.10096811234258,15.99676202336275,5.398785831725816,3.563570462942852,1.0621618748028863,144.60401622042244,32.23985043429556,54.84917872725275,6.387237092223739,1,0,1,0,0,0,1,0,0,1,1,0,0.5204549152748433,0.0017506049515004416,2.6061081377989684e-05,0.011183576772964363,4.405779355824042,0.8664933667582423,0.293465541670824,0.0001821528016784859,0.2416344720345253,4.318184430767001,1.0260229023520298,0.8440302457620448,8.044365817324815e-10,30.423300922215248,1.7286567495083674e-05,0.00028758082190547267,0.9056436166450157
447ada68,9.874722182591876,44.4,0.025746686267263504,0.1034788185412588,0.08208520502041765,0.00020127757622155973,1.0020576306251672,1.4233527540017863,0.29880081720076324,6.918552365439914,0.016345531645575354,0.03782614418147144,0.023068382974743715,0.03289498333080733,0.09737460407481101,0.18016686821815808,0.06983111544771751,0.10813879125685937,0.06828570835667604,-0.00018616320131117158,0.0006173184095354892,0.00017267752044036147,0.15951929832308684,0.20267464927662718,0.6398636830254532,0.7725692919316545,0.03980372142919048,0.6109797406409413,0.0030518978300002704,0.008741077593741597,0.2870078417770214,7.165120492566918e-05,0.0008107591268188047,6.9176699551081695,0.00016602618344724557,0.002329693337763542,0.0001881275593133263,0.002002365910570969,0.004391292198474979,0.0016872429859025617,0.0004360009615413639,0.0022525274794020734,0.00384133551634156,0.0015289636623614011,0.006971017810617945,0.0038109411784260877,0.0,0.0020829230462152785,0.18060652082096051,0.0,0.0,0.0,0.0,0.0,0.0,0.0,0.0,0.0,6.444015553620782,149.29361159021963,5.862776911184969,2.498783919849311,5.326691123191685,0.16987083466720646,0.8870342294055666,11.17110371788706,3.8016781159404274,0.7422768469456148,4.751889147521312,0.9721324236912544,1,2,1,2,1,1,1,0,0,0,0,0,0.3259695375952179,0.0023525043146255965,2.6684867007749178e-05,0.006930441262035156,2.850961168396542,0.6438382929527015,0.3197340802132249,8.342891343371094e-05,0.4243988593697747,4.36894123197283,1.0142524571298512,0.7185364372655543,8.880434104766948e-10,30.45743370691933,1.650176105179356e-05,0.0001996354171120744,0.7576833553546202
8b96e517,12.147917398990216,44.4,0.03591534537860045,0.09699453647400265,0.06559554233862726,0.00016662321688560062,1.9852842511890647,0.4648804340675513,2.3178294832997954,7.012889701409103,0.03217684112670638,0.04242676199281037,0.0331424330162846,0.05904161225999101,0.1134477256797914,0.11849427148222558,0.05085827181198741,0.11109698466883938,0.03483137053505499,-0.00024892991804996304,0.0008541102751929805,-0.00010531070648621562,1.902997116195341,0.053081349448151224,0.02920578554557252,0.03989852406831919,0.3617866759113569,0.06319523408787524,0.4196141285479692,0.02470956451609491,1.8735057902357315,0.0001354224872304039,0.0014696494160299787,7.011284629505842,0.002100798572220232,0.0026849838746045213,0.0019776376709608502,0.0007034974738497858,0.0028254695769488686,0.004864988200725535,0.003964259988530344,0.0004080525480015824,0.005834449923034098,0.0033897314096667398,0.0032620073037197624,0.0071535198777559076,0.0,0.0,0.02919365733327473,0.0,0.0,0.0,0.0,0.0,0.0,0.0,0.0,0.0,3.8799783734051974,0.27023176133916044,16.671718117696546,11.258510018890245,16.3555222105071,6.196810925928778,10.42789354895003,6.378913403039049,7.319718553598462,7.119796592138003,2.4453191688544185,12.969625299143882,0,0,0,1,1,1,0,2,0,1,2,2,0.4798310755750155,0.0017464135197396218,2.4569449803795645e-05,0.007019393627257052,3.6476691118160245,0.7290207191669555,0.35826840796812426,0.0001432162023998359,0.4677621579333594,4.388443954786284,1.1472067841711047,0.6369640574649628,1.002501185692578e-09,30.357497258103557,1.900173570081701e-05,0.00018426222633748877,0.8260682078625609
52be0fb1,36.34109117562749,44.4,0.007449317857647496,0.06987580560893324,0.12116955548219399,-0.0012990185174006792,13.856339994575627,1.053063754817872,13.276874266331443,7.120195356671368,-0.0001878292231776779,0.018347696137260425,0.004188086658859742,0.05832223987992502,0.06135505575342136,0.08995012119345334,0.06139820284598505,0.06957732745461855,0.2325331361459784,-0.0013385800772250786,-0.0015146542935662404,-0.0010438211814107184,7.094845461225742,1.9807401252923413,4.780754408057543,0.028927931919383816,0.4920449108622656,0.5320909120362226,0.10150893514110657,0.5435067602877827,12.631858570902555,0.0036021964806063895,0.004603902374434524,7.111989257816327,0.0036709573692857286,0.0018986956827409854,0.006144619767796759,0.002300123568027491,0.0008351751051406918,0.002339390878896016,0.0012739909783641937,0.0015047902206493458,0.002988474301008249,0.004313146684103712,0.003942983185004958,0.009407577629628544,0.0,0.10740785261699996,0.08571775011698882,0.0,0.0,0.0,0.0,0.0,0.0,0.0,0.0,0.0,1.4752315755784724,177.9138117894481,175.06929381524142,3.131581326279185,7.690627046261478,5.017901728624287,0.8989201881503113,1.7298032053833248,7.090157763196764,1.3154679039909627,6.886922144849946,0.46460089154200906,2,2,1,2,0,0,2,1,1,0,2,1,0.24158325997899097,0.0028995852534685505,2.5974936276349086e-05,0.008218557174596691,2.8935492807225165,0.7252399202118243,0.23490669638890294,0.00012247423234570923,0.289759452349726,4.428444954748467,1.0974174070697986,0.9385626058605882,9.410732573172463e-10,30.331363759740956,2.8408382800601574e-05,0.0005748525242023609,0.7897594121847771
eaf3d652,14.689105542313488,44.4,0.0224495650612442,0.07508844606517916,0.07752128484865681,-0.0005483377772990194,4.479422132442615,2.283987942184679,0.6723701420681458,7.031834549617632,0.005273372847994965,0.03271401441761492,0.029361307918122706,0.01797421539749722,0.08643314820810054,0.12085797458993973,0.05698187754121123,0.11216215648356832,0.06341982052119086,-0.0013026904178696829,-7.64388865556652e-05,-0.00026588402747171027,3.8179573860185014,0.4759822047394294,0.185482541684684,2.2336212833980684,0.005528374755115322,0.04483828403149494,0.20841542225115456,0.03245138448908608,0.43150333532790514,0.0034031784771224463,3.1638901363024954e-05,7.028399732239147,0.006296702084146645,0.0055533006488299504,0.0031756611781451442,0.003590759856276265,0.004662074876952964,0.0009197097961024482,0.0011385890108735954,0.0012631015342012414,0.0033557485969618077,0.0030288326965132945,0.004466888694302249,0.003703072515644058,0.0,0.00048556676877227435,0.12168233773492727,0.0,0.0,0.0,0.0,0.0,0.0,0.0,0.0,0.0,3.135889285601318,2.4872546276986722,176.09564657959268,9.090392177586192,8.96703149625175,12.801568455287013,1.7973062043518173,13.539344174833895,25.079205839338627,1.0323090230568759,8.912369979745764,1.7916560131927466,1,0,0,2,2,1,1,2,2,0,1,0,0.3199564953853634,0.0030900852935803404,2.992679836653357e-05,0.005807712472076711,2.7655601436004775,0.9723669147805992,0.34000426015715235,0.00012014435726669605,0.3442602008553267,4.345000197991132,1.1464229197107274,0.7211801239795013,1.007344602297621e-09,30.537895330615978,2.29496479790524e-05,0.0003027732344773246,0.9817282810504654
81db3f60,1000000.0,44.4,0.00699032967065985,0.052725701630385285,-0.0003724795450828473,0.003227261106082843,12.590302454544112,3.4932046354175537,21.028803576993873,3.8874904732069067,0.01782442131365004,0.002514523887079688,0.0006320438112498206,0.04462270463110549,0.025046365200454734,0.08850803505959563,0.0005149881795853909,-0.00027588251175997107,-0.0013565443030739617,-0.00024306422081329463,-0.0012356939991629186,0.011160541538224742,0.05439374802352877,5.907825237933455,6.628083468587129,0.15612480038270155,2.769144371704721,0.567935463330131,6.84918991104518,7.026621987360955,7.15299167858774,0.00011861068630947849,0.0031528822748123444,3.8842189802457847,0.0009180158376374571,0.019127885723506613,0.013938607366524209,0.0022989315621277434,0.00781470291763492,0.005313947337489578,0.0007371167205812079,0.0028966288382028427,0.0280684791277275,0.0006710107527680988,0.009950022898358082,0.05708073736227859,0.0,0.0,0.0,0.0,0.1782401019210604,0.0,0.0,0.0,0.0,0.0,0.0,0.0,13.956841739162696,121.03075555361616,1.1515589262586883,25.476843248002766,2.725993449418031,8.958702394861783,4.40399806988956,168.39300680598808,172.5761380556025,1.7969085023564852,9.477764449451827,13.457909412310697,0,0,2,0,0,2,0,0,1,1,0,1,0.42032668888099173,0.001934736553221254,2.3536411457285204e-05,0.007484383522044783,3.3074353256523445,0.7754147835879521,0.3730324705162903,0.0001461022072466716,0.4064625814405082,4.372521871571179,1.088875977291075,0.5513746665009297,1.2699759092855047e-09,30.306000962620004,2.9535085050555172e-05,0.0003061631328293255,0.8591550584605224
3fddd0cb,1000000.0,44.4,0.0195606798754878,0.0843975270874223,0.08271885298855763,-0.0002500858387850996,5.91172863214237,0.38423458185135967,0.2577276988884893,7.022689020901192,0.003849768682714766,0.021540580555240732,0.0332916903885079,0.0595375843449613,0.09404601289004247,0.09960898402726316,0.07140817422072568,0.0811944682342594,0.09555391651068781,-0.0002357606329377663,-0.00030876309126425195,-0.0002057337921532805,4.262076713821415,1.6494839329249564,0.00016798539599811838,0.04849252806551178,0.013503910816791424,0.32223814296905645,4.211315732641334e-05,0.237141525412633,0.020544060318529882,0.00011950635131817574,0.00020163475110547696,7.022367879798768,0.0001553966315694464,5.8591267485668335e-05,0.000540823031954405,0.0012454829114913648,0.00034254195477376485,0.0004692995235567462,0.002494883338449317,0.001248883707191821,0.004020462674810906,0.0028879403095880252,0.003311413301199867,0.020262930342629205,0.0,0.16655661535071103,0.0,0.0,0.0,0.0,0.0,0.0,0.0,0.0,0.0,0.0,5.870290163126871,9.38011312518651,3.908950432614153,0.8659477767995583,0.405970968212602,1.772430305501562,11.679950506734476,6.74263270303716,24.029529598961062,0.37568398601283187,1.2998371472071089,13.987728341872938,0,1,2,1,1,1,1,0,2,2,1,1,0.3031520759833911,0.002000538169586307,2.8226430973649448e-05,0.009155730647856651,2.37025659884185,0.8431815563221929,0.20837474559893568,0.0001345401364969502,0.29787141958325336,4.1998602856394704,0.9021761427567141,0.6413611377614409,9.927529108387676e-10,30.40027922872792,2.488667026943207e-05,0.00016541322966450974,0.8758377221542171
21c8cab5,9.888163232235563,45.9,0.02772282789853345,0.08381270174729775,0.10292835053267801,0.00033452911811285773,0.7373957199411592,0.9095239308269725,1.3157179977817524,6.663708543693198,0.018921300495911314,0.036445204387890076,0.027801978811798966,0.03191643438639865,0.0800732657981059,0.13944840505738873,0.07093228662135272,0.10202223906480519,0.13583052591187617,0.00011066357009697082,0.00012328974848981446,0.000769634035751788,0.012093803398442576,0.4297347149476805,0.295567201595036,0.8451671280367169,0.05442007017181432,0.009936732618441227,0.00044035194177900397,0.0014736817308549424,1.3138039641091184,0.000196682085888416,0.0001331201382907387,6.663378741469018,9.384077388672422e-05,0.008267921472459278,0.0005733588795864644,0.0018706455815522304,0.0007860021059013654,0.003154254330559733,0.002348897551680595,0.002654587080072262,0.008038979395982266,0.013122089559029906,0.010135058664130923,0.004442724040348678,0.0,0.1663420046826438,0.1674691532708968,0.0,0.0,0.0,0.0,0.0,0.0,0.0,0.0,0.0,18.788050880356337,178.0747824011153,4.204155026924683,1.7837396763101474,0.5411563625483997,14.15746706195173,1.4938357977029997,1.7246204986932518,22.847487527196183,5.57740997128042,2.3943579357863074,17.266781426864974,0,0,2,2,1,0,2,0,2,1,1,0,0.40635617699114224,0.002388915369581761,4.0564288624250666e-05,0.011235463398947761,5.217832812157856,0.6257767376239435,0.4421208435054158,0.00012925496256384268,0.3202928871763663,4.376282883994592,1.090690122676994,0.7504439295332923,8.482700312082695e-10,30.610714900273084,2.5253225699777993e-05,0.0004261546404191943,0.7911844299606436
ca0c201e,1000000.0,45.9,0.014061753360264629,0.062033999453421085,0.0066991984445024695,-0.0005845165948541879,7.675208995787561,2.4441372465000706,15.32719746196025,7.106689172323599,0.0026943118740266063,0.017775476268290243,0.021715471938477043,0.03464819276828516,0.09708122926010838,0.0543725763318697,0.0161009667799948,0.0012729767323209167,0.0027236518211916916,-0.0004455685393053083,-0.00032678798699289425,-0.000981193258264361,4.977293919683188,1.9484283129724833,0.7494867631318901,0.6506469216882148,0.03691823464962228,1.7565720901622337,3.0041749737433157,6.457245510234287,5.865776977982646,0.0004047588782337391,0.0003063564242262297,7.105978057021139,0.00045071070304194026,0.017835238596611434,0.005825657528926081,0.000449252514960319,0.002680065968547455,0.0042443041859476175,0.008493315414975429,0.0024572305599177193,0.006683760042090001,0.00277420831885551,0.00963201159366483,0.028742365523031603,0.0,0.0,0.15796735472638737,0.0,0.0,0.0,0.0,0.0,0.0,0.0,0.0,0.0,25.8815636003948,3.361922720722098,5.701989058059404,3.538158104529074,15.218985439972167,14.915660217076555,17.7061977707272,24.590054616088192,35.851040823157184,0.39768510384895395,7.658222780074213,11.7375242976151,0,0,2,1,1,0,0,0,2,1,1,2,0.3476476717464041,0.002241211916635201,1.941324390150367e-05,0.009574370935394401,3.580020394947759,0.7874319652749053,0.47543964275784484,0.00024186795476048188,0.28356073012747895,4.557754347337846,0.9804483371054081,0.5755088355587923,7.357327979012159e-10,30.39364651620539,2.1942985402905342e-05,0.0005694624390096206,0.8884476918020657
f11f829a,1000000.0,45.9,0.018851968388088173,0.08621732163878065,0.08286300917391469,-0.0011332435777871093,7.540232591740763,0.2515842615790683,1.2104776329031703,7.117977532314186,0.0005482799287042247,0.02875579140445877,0.02725183383110152,0.054430344558509,0.06937067889628504,0.1348509414615479,0.0505417881696426,0.07964612069977953,0.11840111865232192,-0.0014810974680649304,-0.0008746719254203475,-0.00104396133987605,6.564720499580402,0.8131488149245141,0.162363277235846,9.2496015448595e-05,0.2509742288371045,0.0005175367265152452,0.4325210977361017,0.2707415247342842,0.5072150104327846,0.004396841632424214,0.001588379583349259,7.111992311098413,0.0026639789328931863,0.016302751926737764,0.00012259594901192078,0.0014791153606105209,0.0009922028042170846,0.002350374661527799,0.004502567785686506,0.0018997992600743314,0.003192553605835517,0.003089047200597488,0.007633978589974133,0.008743411278438223,0.0,0.044346831951656,0.006281045271911594,0.0,0.0,0.0,0.0,0.0,0.0,0.0,0.0,0.0,0.38979163893444185,157.84260011937835,17.972478637793113,5.836337435838909,1.7483910152336395,0.43570096522504015,3.131108409073326,15.44658309443397,3.267408313158729,1.4386052783540264,14.16806747891448,15.237888782285474,2,0,0,1,0,2,0,2,1,0,2,2,0.28411438785903365,0.0020424955416932333,4.373875299116256e-05,0.00724932698875482,4.368890398515133,0.6492146677237074,0.5381450613816083,0.0001271925989205295,0.39588364379193924,4.246785780617791,1.1631460632756825,0.8444349652748492,1.0883728807361298e-09,30.45424367700683,2.321853485506147e-05,0.0003999690918971278,0.8379342473871626
3f7d866e,6.936282717567979,45.9,0.02652304431300226,0.08637261424375875,0.09998141927899795,0.005521429515679834,1.5660298562590032,0.30874923044727043,1.2747206695614663,3.559054442629558,0.021943401182435793,0.023395774605965286,0.03422995715060569,0.044624507018676145,0.0881121751938344,0.1263811605187657,0.10030935009940511,0.12787663361164645,0.0717582741259423,0.0005874429965388713,-0.00025121138321862414,0.016228056933719256,0.052726831394038796,1.4446251545105193,0.06867787035444496,0.1560687381677436,0.1384629011387689,0.014217591140757909,0.8038793704464668,0.2690169723591801,0.2018243267558192,0.0007079510647079459,0.0003859753371323226,3.557960516227718,0.002711025448363451,0.0052343508603246505,0.005464838026734708,0.002824675294323947,0.0032332074820776726,6.942913942903814e-05,0.0006103375887171129,0.0028218862499524234,0.00010044443380084192,0.004215746237952353,0.016117103307204235,0.05056481892537497,0.0,0.16757959641338874,0.06282110051281058,0.0,0.1374148986919176,0.0,0.0,0.0,0.0,0.0,0.0,0.13581663449230968,1.497691285514857,24.13585400000207,175.93205679612024,30.185448225804258,2.1030301721182765,17.455658738098936,7.80201657942012,12.277428073531452,0.9263234269331955,24.767757995555613,4.307041415973757,18.879284083695286,2,2,1,1,2,2,1,0,1,1,0,0,0.43022921940706105,0.0013698459293094438,2.6061428214019606e-05,0.01036685715837618,2.6303711593001284,0.7310778333818064,0.5665869222816423,0.00020539262187233278,0.1836264655321238,4.41362143363572,1.1464484523467064,0.9067105361003033,1.0443489798767315e-09,30.518939968918662,1.7582043514765567e-05,0.00022769462495481063,0.8833889574070916
0601ac70,11.250306809014475,45.9,0.027808123888801214,0.08450705858239216,0.1234182933277531,0.0046655730422547155,1.0683674888790204,0.30337830485344564,5.6448757811164825,3.80284107596813,0.019192331782953632,0.02652067114180087,0.03771136874164914,0.04136361753147658,0.08684934992196083,0.12530820829373907,0.09613470664722633,0.09437200374763265,0.17974816958840031,-0.0001447521281464235,0.0020469363695256168,0.012094534885384953,0.006324175441709003,0.9649938977411248,0.09704941569618657,0.2804740365077832,0.004072296780335962,0.018831971565326514,0.587100034038412,0.04126111571694566,5.016514631361125,6.086314912173168e-05,0.008478422771629955,3.794301790047378,0.0010838318623748048,0.005539696695617382,0.0020716295615385407,0.004817378704483676,0.0015083174999688796,0.0023787747429878546,0.00294289262506406,0.003471537580059859,0.0010318778555195437,0.004353939815373482,0.009926014802353028,0.023889860863476536,0.0,0.0,0.0,0.0,0.0,0.0,0.0,0.0,0.0,0.0,0.0,0.0,8.967821879728726,10.431275454092534,2.5510748499740195,0.6262875980957475,9.315794543087128,2.3676717915291947,3.8844396354425834,17.951211208022684,10.423963020244958,6.263207660342432,21.119009453828127,9.09199601118384,0,1,0,2,0,2,1,2,1,0,2,0,0.4052830028688547,0.0016182536532946491,5.441020138274595e-05,0.011720449675540477,3.530996317026481,0.7469218506454921,0.3278477237113335,0.00018257650327204746,0.3371225828761269,4.221898109521215,0.9957185714442994,0.7558048029503983,1.1056038742593636e-09,30.537683500827967,2.5434763476358947e-05,0.00015346688458605715,0.8298601610600733
664c23fb,2.347615719477288,45.9,0.033677433304588895,0.09623640903079077,0.08608899240322777,0.017451131024247387,1.0927054694542544,0.09278128441221468,0.09534516155021303,0.9829812366264807,0.024991411432133716,0.03513383785845505,0.04090705062317791,0.05176170038977342,0.10075108731263917,0.1361964393899597,0.07828030639768481,0.09754940625164088,0.08243726456035766,0.00015008756618931234,-8.409695371904323e-06,0.05221171520192476,0.3272957671443655,0.33148067557069977,0.4339290267391891,0.010123675026258376,0.08061705927646669,0.0020405501094896247,0.0435313551960015,0.01813717828389564,0.03367662807031589,4.579552754091556e-05,4.2136020276470205e-05,0.9828933050786633,0.00033668540751809737,0.01082618992189615,0.00045103527399984866,0.00211878162414889,0.003254322036656031,0.000862798778628431,0.0025614867396203033,0.002518271151370952,0.00803257468101521,0.0008619585208425868,0.006480322084894681,0.0002630708506074337,0.0,0.0005715261300282444,0.15577309529703035,0.0,0.0,0.0,0.0,0.0,0.0,0.0,0.0,0.0,0.8330638900166689,160.17251127702943,11.732854348348726,21.751447114244282,10.355852073944057,1.5802545197682667,1.5758057412547883,6.060168587259922,2.7638754018365477,0.9822327475709615,37.18957411256093,29.343117925511653,2,2,0,2,0,0,2,1,2,0,1,0,0.4124215318566496,0.00195493848104283,3.717001790421007e-05,0.0077440627082129634,2.287712534951548,0.7446196580598446,0.5428416085025186,0.00017736530315335113,0.29707960558180446,4.286343168081694,1.0764275632888693,0.7137832387311731,1.1731241964774791e-09,30.648923516270532,2.1592745182829748e-05,0.00011818273378647252,0.8831964494977116
5c8fecaa,1000000.0,45.9,0.021063455125099436,0.07101210851822204,0.07625645723285747,-0.0002571799702430762,5.14911397432609,0.8477068946060238,0.6933496257778788,7.025711979945439,0.006955659106099277,0.04497623170409663,0.011258474565102403,0.04490303078521954,0.08393280529356159,0.08420048947588497,0.06149272332872637,0.10818615119173515,0.059090497178110886,-0.00021690626686667923,-0.000318188940216945,-0.00023644470364560442,2.710508666325385,0.16461613552220075,2.2739891724785046,0.14711432945533373,0.018718867915126686,0.6818736972355633,0.09963847361897493,0.008928281246879704,0.5847828709120242,9.413034645720617e-05,0.0002302764536081204,7.025387573145373,0.0014633691984883984,0.0026547916450400744,0.008225308602808585,0.0005072553649466642,0.004429888631486089,0.0042028478001849,0.0018425576869574266,0.0007221716341406991,0.006537464545334194,0.00018354630240903893,0.00527143720965689,0.012185163212722457,0.0,0.15254114135371621,0.09681363476012415,0.0,0.0,0.0,0.0,0.0,0.0,0.0,0.0,0.0,4.734004979756788,1.3101534549967868,175.02064924279645,4.015164876601626,10.36627845571176,12.98067015642192,1.5900268140870815,5.228534614021548,19.194948170198426,2.0048404729882314,8.615442534240845,5.607050918098715,0,2,0,1,2,2,0,2,0,2,1,0,0.2976781809639333,0.002937420779189378,4.2546253103659114e-05,0.007796073479559089,2.367850085962505,0.6770330373950675,0.22488943200629585,0.00014598577795565856,0.5434262050083121,4.186874031370311,1.079365607870902,0.7249698904617848,1.3735987435099998e-09,30.245975033623825,2.78873515489859e-05,0.0004299679020142842,0.7496424052288887
6b504316,2.1510153583107905,45.9,0.02793346849965664,0.07790285134086479,0.08834098394288625,0.045791146160168876,0.5356381676465964,0.5797844916046548,0.07877337805628637,0.8956657361850922,0.019872206269536074,0.03212677818535005,0.03180142104408378,0.04103246214613942,0.0909456967661168,0.10173039511033813,0.07931538177502997,0.09732313470130773,0.08838443535232104,0.01461799495601379,0.0002610074575604355,0.12249443606693239,1.0792821668768111e-05,0.5145527413777377,0.021074633447190103,0.2951174564955268,0.00150650049824699,0.28316053461088114,0.05805773511161014,0.019471172600839,0.0012444703438372375,0.4273995891752557,0.0002832486206911536,0.46798289838914525,0.0010195038029336306,0.005609576101843504,0.005550852431715851,0.003119076418319794,0.0034404267428961395,0.0010288040508636116,0.0004149811176006053,0.0019757841744968653,0.0014235734846090916,0.005294913329473794,0.012124307604429561,0.008701257858287568,0.0,0.0,0.013348075257490788,0.0,0.0,0.0,0.0,0.0,0.0,0.0,0.0,0.0,2.178829739789065,2.314768793771509,11.099715985112882,21.63993481294484,16.0551055000912,31.50765653972209,8.540366158747652,5.271856920597624,23.918338821901017,14.970457672804987,28.736155325065653,94.32705070560108,1,2,2,0,2,0,1,0,0,2,2,0,0.47576038652037544,0.0018120468555903053,2.9544069461127067e-05,0.01183232544324968,2.7014508707467955,0.84258904523759,0.20675757498110112,0.00015055538780979195,0.290827529310997,4.230044713082967,1.1111435820924918,0.7129929405796249,1.3194852353146412e-09,30.24957102558382,2.796870050728615e-05,0.00039662108950818916,0.8751142767622276
8a796639,8.728548429110255,45.9,0.03782835136197533,0.0976808491945072,0.08014430430462345,-0.00019821485310079383,0.6253352126560421,0.1937187966144296,0.6383886141466066,7.024651043736882,0.023780139722374947,0.05848519492382819,0.03121971943972285,0.06380857696154307,0.09699772384930554,0.13223624677267298,0.08392819463826488,0.09331865683457986,0.0631860614410256,-0.0006811160020831436,0.00030659599113042865,-0.00022012454834966652,0.19009047563309137,0.27961152032292674,0.15563321670002397,0.15714668854358171,0.03611893988997684,0.0004531681808710488,0.14823377657839143,0.050981100926929986,0.4391737366412853,0.000951767884875534,0.0001880316590539987,7.023511244192952,0.0008818053180592103,0.0036084083957699095,0.006954589824575123,0.002380145575564486,0.002464202707207785,0.002261074635499296,0.0012042363202299788,6.116938525317097e-05,0.0008590590833451527,0.004891816460997319,0.00017162604551455146,0.004033894828961434,0.0,0.0,0.1394502085582322,0.0,0.0,0.0,0.0,0.0,0.0,0.0,0.0,0.0,15.10447651564337,2.070822699941185,179.52759764590755,0.8912262115764403,19.121188265833965,7.124308141528037,5.620354281120904,9.958192903058238,16.691899622958765,6.890571025869977,1.7641116081987323,16.187392544536316,0,1,1,2,2,1,1,0,1,1,0,1,0.3553003054734503,0.0029718529480491545,3.145916884403996e-05,0.007400204853137738,2.937679871523884,0.6543186186276728,0.2606357386177334,0.0001378989191697246,0.33114216380444905,4.341361123852945,1.0740871697654957,0.84182102486049,8.829761804269931e-10,30.475395920904816,2.0641069726714597e-05,0.00021835344544965835,0.7443894772141859
c1510769,1.9832427278763345,45.9,0.03151299609311168,0.08740578743244432,0.07932927238525704,0.04305595212828182,0.5823717256793108,0.32795342656715665,0.25766864167771675,0.7459866823425418,0.02369143513851783,0.03737648150636653,0.033471071634450685,0.05908064064957405,0.09856754541096105,0.10456917623679785,0.06889783962140886,0.0989459155391225,0.07014406199523976,-0.0003223986744385782,-0.0005188546183547188,0.13000910967763876,0.18149769755010411,0.3693118872251186,0.03156214090408821,0.04054530835511917,0.052578909981350085,0.2348292082306874,0.007121670383687152,0.010955564606198325,0.23959140668783124,0.00020842536053751956,0.0006509030622666456,0.7451273539197377,5.4096083121255815e-05,0.005569180246075024,0.0020325275432363696,0.0012033544930308622,0.001125963716439365,0.003529658454041914,0.0005068435669799091,0.004614168351219235,0.006050296461938807,0.000737258420104435,0.010605792393338833,0.007232181710268066,0.0,0.14920162537422377,0.03092961935109355,0.0,0.0,0.0,0.0,0.0,0.0,0.0,0.0,0.0,14.57083771562117,5.626807486000665,151.82110348973396,13.039320240397315,2.162467397360758,9.151974551719478,10.80084840284353,9.705440991568812,1.1644225965694737,2.261168239714932,4.0919810089191255,2.6944087352408883,1,1,1,0,1,0,0,2,0,0,2,0,0.44338798211125385,0.0023468075856300096,4.001673157233191e-05,0.008496192310426656,3.2595426854871343,0.7584747528440413,0.45229433376098793,0.0001270962430295691,0.21181977591683984,4.277036462732109,1.0716608863276622,0.7251424806325555,9.387117645987046e-10,30.437093516380425,2.9096934189388204e-05,4.068943530981355e-05,0.8676700241595275
2a1b3b77,15.071197266055677,45.9,0.015732045587039615,0.08167678550112888,0.06382762928849996,0.0006141291597099431,5.904165581703163,1.1714940245996466,1.4011569443517906,6.3493906062777015,0.022076284169583266,0.01945109293688659,0.005668759654648992,0.028503104972021086,0.08081097301601134,0.13571627851535423,0.070491453994578,0.06304957378189043,0.05794186008903146,-0.00011228906234258587,0.00037414522282688015,0.0015805313186455351,0.05979915921307553,1.7332700941446826,4.111096328345405,1.1239226786780088,0.04616254055136532,0.0014088053702725673,0.0012058439948792815,0.77061972142829,0.6293313789286212,0.00021947984207647015,0.0002800486332560103,6.348891077802369,5.2849331070550635e-05,0.0029693202847316013,0.005131936607056371,0.0030954217613456837,0.0033690997137068037,0.005548277857481047,0.0027031674502957185,0.0009520799299121401,0.005545835916795035,0.013937796634795468,0.00028166953626323566,0.02559000300184626,0.0,0.0,0.0,0.0,0.0,0.0,0.0,0.0,0.0,0.0,0.0,0.0,7.823231887334779,0.18915475527454959,109.81904949668221,5.399930516303115,4.687653142762455,18.979818958118088,12.928212083908635,12.952632320650466,33.14767281915122,17.011632294028466,131.11681150575126,50.97656076931029,2,0,2,0,0,1,1,1,1,1,0,2,0.497819579390031,0.0017807231724006748,3.09387984886847e-05,0.014581221449338095,4.99927855802015,0.754337392173325,0.4799280372415836,0.00013852085975667522,0.16553837975537264,4.293406428285282,1.0953251862928621,0.6683835983222565,7.349344255212963e-10,30.311019930080935,2.6908202492183893e-05,7.67742185409863e-06,0.8721897725675058
41b29d7e,6.79046651077893,45.9,0.024896008323910212,0.0588827013077619,0.08000345134902481,0.03599796838633889,2.6227207436145514,2.8353535437736928,1.0486328836759007,0.12842200422992606,0.008601742055410087,0.04298810296740662,0.023098179948913916,0.02465937056166648,0.08781863772918042,0.0641700956324388,0.0871209655441243,0.09908117676552818,0.05380821173742195,0.000512926559746484,-0.0011592011728303363,0.10864017977210053,1.823000126483999,0.18963328674136334,0.6100873303891893,1.4852934729912812,0.0015648229321471323,1.3484952478502643,0.23496222995255545,0.010343402623113536,0.8033272511002316,0.0005600799955927624,0.0027063276651720265,0.12515559656916125,0.00238275255363813,0.00018610958229732782,0.0018593537035072976,0.0021500548227535677,0.0006222952190705843,0.0015210405711127552,0.0029991362719980945,0.003164668290917283,0.011241008403221708,0.005821742368572801,0.004339694342873937,0.0014821729950316278,0.0,0.14808196456544873,0.15355096305933555,0.0,0.0,0.0,0.0,0.0,0.0,0.0,0.0,0.0,25.069439634925143,36.77592493505966,5.797394017919399,9.524508616642247,1.3208329625263848,3.140713753801685,13.538078654985572,7.507502759641306,1.3063817084277767,4.848766073953227,8.154881896642276,28.89738333551792,0,0,2,0,1,0,0,0,2,2,0,1,0.43655133786404804,0.002092349119170188,2.792035019998865e-05,0.012143044615200348,2.9178823516607566,0.8528178490376718,0.45801238109114434,0.0002446583928621628,0.37326153238786913,4.277326896985613,1.0346874177536836,0.7047551640899554,1.0523271568780371e-09,30.369415093157055,2.1327956779630632e-05,0.00012588388545869684,0.9201832952159349
b1a4d4e3,7.242566689936994,45.9,0.03220074607702288,0.08996521282930799,0.08728854527493772,4.735241493196993e-05,0.1837762682497849,0.14673329834677123,0.28297284310082144,6.440203067076284,0.020042590059662885,0.04296702551443223,0.03359262265697351,0.0614500291776736,0.080619564776311,0.1278260445339394,0.07434309941245201,0.11597991202159974,0.07154262439076137,-0.0009679151864683058,-0.00015629855259482786,0.0012662709838590434,0.000257530470480941,0.04202298534842149,0.14149575243088247,0.08946981627977448,0.048231568261544386,0.00903191380545236,0.007340221977155668,0.06886215533391009,0.2067704657897557,0.0018744709616488574,5.769597832434264e-05,6.438270900136311,0.00090593976342944,0.00803008222697653,0.007705259747478645,0.002296711583699556,0.0006934513076129415,9.84285133416575e-05,0.0011781987671590703,0.0043070872894968425,0.009621318098089523,0.0008668017402537921,0.0029727938438220552,0.0071672528613798145,0.0,0.0,0.14032888383479442,0.0,0.0,0.0,0.0,0.0,0.0,0.0,0.0,0.0,6.00918545407023,1.647823112176439,9.561914894998692,0.8777107999752171,17.98112140721496,11.578370227158521,7.17744483114222,0.7782742111700708,16.821027670377134,1.561651767334711,2.452990578356239,29.934121428776752,0,0,2,2,0,2,0,2,0,0,1,1,0.38705102975083694,0.00264943821247679,2.9727235750774474e-05,0.00850816924929345,2.7312830622191013,0.5520112547525684,0.43571597978422105,0.00015662599968314762,0.4838761989625221,4.316035375057659,1.0347753528094874,0.6671867843904844,7.949785420020372e-10,30.424512188803522,3.747360904828984e-05,0.0002983785602371121,0.7471635382223785
12cbc843,9.39473096639919,45.9,0.03865778823308853,0.08809418760193222,0.13172257642764607,0.024754932687232816,1.9206708891504571,0.16267383260959375,6.793625896867537,0.2320475737791124,0.029326731929319158,0.04351041618370203,0.043136216586244405,0.058096495417356404,0.07467150070814428,0.13151456668029596,0.08099779909269873,0.12149347287213029,0.1926764573181092,5.812431560004884e-05,0.0005832973037944318,0.07362337644230396,1.1219829249613906,0.20241045191582682,0.5962775122732399,0.025850796212578266,0.13571018083178338,0.0011128555652321205,0.08614526009165853,0.14527993775093265,6.562200699024946,6.769127846883097e-06,0.0006869646251384422,0.23135384002612708,0.0004599506408424156,0.0002959176199304101,0.004105998892369152,0.0030288830406679183,0.0003816140636488056,0.002636265311874617,0.002639097284881694,0.0011823096632513287,0.0016356198462681598,0.00011070555060580249,0.0025481632425602536,0.0028643993116651933,0.0,0.17031585380067726,0.13658228498649985,0.0,0.0,0.0,0.0,0.0,0.0,0.0,0.0,0.0,3.3034386641891365,0.9334488546574545,179.42951740502514,0.019336200396382137,11.884001572121175,18.16200043497139,5.168074808362521,2.371471949374059,12.207041758436535,2.833391970728758,11.655078019253963,15.696786295145898,1,1,1,2,2,0,2,0,1,1,2,0,0.42410879424281267,0.002273328547819218,3.148915376765631e-05,0.008138431021671074,4.653567299877439,0.7410092641996223,0.44453144462846816,0.00019350409474814035,0.43229588485320203,4.1802162846777655,1.0549204587060104,0.9205057306245176,1.0712362384197609e-09,30.429259843596725,3.7653603178189525e-05,0.00013267817160900756,0.8560943369858913
15bcdc2b,1000000.0,45.9,0.026444300366634435,0.09903122255743979,0.10127343350225874,0.00019069865693070972,5.083091788342495,0.18923848424907996,1.8043735849726148,6.591079915791967,0.0032205797484996107,0.039539867569798826,0.03657245378160487,0.0582297197283726,0.10547085245576808,0.13339309548817868,0.05612076676855017,0.10768121681107617,0.14001831692714986,-0.00012807946282557432,-0.0005941173329804398,0.0012942927665981433,4.662479028118096,0.30828272091316206,0.11233003931123677,0.027638994238951567,0.16158699824169237,1.2491768436047176e-05,0.23369285551643496,0.0070174906035587545,1.563663238852621,5.008322123525585e-05,0.0007622421423120354,6.59026759042842,0.0007319154877019197,0.00233659245479648,0.003874653251247346,0.000267107404328427,0.0035366571845628714,0.00304721224909242,0.0011799988500761475,0.005190808176375396,0.0023917389949242676,0.004156263182220359,0.0075027549351191,0.0010858459970954088,0.0,0.17369556791840435,0.05728661633069443,0.0,0.0,0.0,0.0,0.0,0.0,0.0,0.0,0.1709918999682364,3.441816220664496,7.640465505564011,171.5073084731859,8.775855085194054,4.078732883211688,11.925210606747862,3.8206893814477008,0.5501098830032027,1.6190477851795861,4.013764383602362,4.338065460502927,161.93652542340268,0,0,2,0,2,2,0,0,2,2,1,0,0.31872446024830464,0.0017578537945042417,4.912182312712461e-05,0.009266367649356677,3.825952490567004,0.6990967542216885,0.401368554947135,0.00012437620697310499,0.2625371534537331,4.286086155663195,1.1195620125171453,0.823704860343525,9.011715793273498e-10,30.482607523577165,2.5759364508235443e-05,0.00025398431257556245,0.8198297183031373
87b9da4a,17.243738586125207,45.9,0.013700478269436267,0.07127592324873218,0.11586244217692467,-8.076909784717823e-05,6.696914502550193,1.0512809753452572,1.9765847784687864,7.0946118115921495,0.005043401213580665,0.013574792963928849,0.022483240630799286,0.039405264077312284,0.0900949145344147,0.08432759113446955,0.07460429932600723,0.16570435385572688,0.10727867334903991,0.0009306848509707056,-0.0003149574122135963,-0.000858034732298644,3.6405352463609417,2.5419107928966183,0.5144684632926332,0.37261140023589323,0.00031173478626104833,0.678357840323103,0.008805291606212257,1.778351839765799,0.18942764709677526,0.0017461486856990027,0.0006833952133028135,7.092182267693148,0.0009942778026880037,0.004417021796845353,0.008485906877584212,0.007764408455879518,0.003103207171886379,0.003623885375358853,0.0015160893083948938,7.765373724911398e-05,0.001992449888827918,0.003714848859142682,0.0220226898967007,0.0169990148263075,0.0,0.0,0.0,0.0,0.0,0.0,0.0,0.0,0.0,0.0,0.0,0.0,11.817372129236173,7.9284797413597365,10.103335602236095,0.5361502499259176,14.872119314897583,7.842878290518794,21.194026696884265,4.797423891107999,1.315545343259671,1.6266131746834724,2.8895737561817416,58.49000967150781,0,1,0,1,1,1,1,0,2,0,0,0,0.3186243320405654,0.0024034539163472106,4.064153566331103e-05,0.010774387900140237,3.5169580635914235,0.6745714253945959,0.431458090172747,0.0001247062413515522,0.302348970173196,4.366093978413666,1.0701422060507626,0.7172688397699377,8.748955174007657e-10,30.3210724012418,2.5326465292274905e-05,0.00017362149518299297,0.8149370708724656
b764bb29,16.092504446117065,47.4,0.023872870200937747,0.06268372198567781,0.06959000229841085,0.0005947650259013889,5.020031285890824,3.5803073124994373,0.7897318685134598,6.310456941989638,0.033076238913512954,0.020766748076917085,0.0177756236123832,0.0201126712993889,0.10589181429831945,0.06204668035932508,0.06622035079750282,0.06658733793218367,0.07596231816554605,-0.0007682744509052024,0.0009796362291886562,0.001572933299420713,2.1920325310601054,1.573456058780537,1.2545426960501815,1.977794308468774,0.17015201935642604,1.4323609846742376,0.02822634496102161,0.6426694481217464,0.11883607543069179,0.0012008207609826447,0.0019419255278480471,6.307314195700807,0.0010577802880373387,0.009693340730213194,0.0041479558850856845,0.010400776861689949,0.0014367908696825062,0.000789924777615315,0.00042438656341463256,0.006759668449258644,0.01051541606918709,0.004508824365093887,0.004748815091168392,0.003884984705884272,0.0,0.0,0.1828096807379341,0.0,0.0,0.0,0.0,0.0,0.0,0.0,0.0,0.0,11.226015296159963,19.642126589970758,16.804215021559248,6.792184597876982,0.36790680185794755,9.351901586220986,13.734495761874909,13.961677286089511,26.85132578573498,0.6839315755544662,32.82112201239864,21.47556056035264,2,0,1,1,0,0,0,2,0,1,1,1,0.4773744918785161,0.002084457908535094,3.508702514846204e-05,0.0099140491316909,2.336270726757889,0.9390585566697967,0.6245824216167318,0.00018156800223395635,0.22034796459734965,4.178550263459255,0.9740429992752291,0.7236858414920287,6.951616947864935e-10,30.33877078046089,2.188962435181285e-05,7.544985806525924e-05,0.9770590526796322
04720a9d,10.070052429413927,47.4,0.024956319279544576,0.10205827348581843,0.0651465511766104,0.056684085650852145,1.5528195409512668,2.5226035814689864,2.1965785609778417,3.4146393485144233,0.024128047452290555,0.026351540717656108,0.02438936966868707,0.022481850811702283,0.09801687778289798,0.18567609186285502,0.06973267896516956,0.03506137702550325,0.09064559753915838,-0.0010069310390002652,-0.00022934554832300562,0.17128853353987972,0.22571011390309986,0.9807774153898368,0.3463320116583303,1.7123912862945632,0.04645097665488081,0.7637613185195423,0.003426073235913623,2.1926973454081233,0.000455142333804792,0.0021071224383376924,0.00022384347879164494,3.4123083825972937,0.0019693829974266348,0.006474046482839069,0.00795953252354962,0.007918517729265514,4.2077197759263565e-05,0.003532123774246932,0.005026589918086556,0.002962237552582689,0.0034342882284320916,0.008905178478468896,0.010892415605387298,0.008437780567615554,0.0,0.0,0.0,0.0,0.0,0.0,0.0,0.0,0.0,0.0,0.0,0.0,2.565478333136622,5.068246252552067,3.177304754608072,20.51600716386299,18.731688471301922,24.472557076712206,11.917936683615878,2.6019387300675874,25.075640790944135,12.039981744830373,137.94158978817606,18.964456302319682,0,1,1,1,0,1,2,1,1,2,2,1,0.4491370123775262,0.0011659342444298685,3.677168961894873e-05,0.009262129964254734,3.112357898612078,0.7484715301912596,0.6115483015716418,0.0001463302850131951,0.21725608692865464,4.202489500504048,1.1446078005601155,0.679474249206291,8.345953853373006e-10,30.387845331209274,3.7888473476424795e-05,7.300709353499114e-05,0.9022321838695516
2599972e,1.530547521753196,47.4,0.02947206214541503,0.08873447254245359,0.10351782915949716,0.03146025925873879,0.3207988425787104,0.06808875650352354,1.0826603486123147,0.002345316929308014,0.02094821432036232,0.037064802626103996,0.03040316948977877,0.05356217889552911,0.09342597716342524,0.11921526156840645,0.08966066314863205,0.142273889772239,0.07861893455762044,-0.00016917209726423853,0.0010516401606019568,0.09349830971287865,0.013875988518856726,0.24408207577703855,0.06284077828281508,0.0007007915328010386,0.01014064454193418,0.05724732042878832,0.31813686615123954,0.6869221530444132,0.07760132941666203,6.778079469303497e-05,0.002212517247204869,6.501888741010985e-05,0.0017865055143034573,0.0001082284117180669,0.0060593176427176255,0.0028934708464189393,0.0008082542983339925,0.0006398344175693683,0.0013942503524306355,0.000226266896049804,0.009310950970521141,0.0032469058667403657,0.0007894253752257128,0.0036462990889143004,0.0,0.009961173873715016,0.02961298765720439,0.0,0.0,0.0,0.0,0.0,0.0,0.0,0.0,0.0,3.6139084042190266,173.8153432571211,108.39107464821305,4.63315192521027,3.5812846449109403,2.963571462222345,14.310579164806253,9.667317461737637,21.11906686641102,10.206140227271367,22.756583402203418,14.432908056165958,2,2,1,2,1,1,2,2,2,2,0,0,0.434900659994793,0.0019514857857518004,3.7154916088840925e-05,0.009060774598419308,3.721203523368387,0.8147376410891854,0.3862810059683701,0.0001417981650232316,0.3978323343533122,4.244021855729085,1.0766645473178176,0.7248067643906145,1.1475618872630164e-09,30.330609038353625,3.049067283238852e-05,0.0002828115471550985,0.8862623433567313
83c2cc91,6.524029051148133,47.4,0.03140630050562,0.06962053270868172,0.09734827484180368,0.022939444696009097,3.002025988443354,1.5767902600633046,1.350603981765308,0.3583208111053698,0.032900827726323856,0.035088036647566524,0.026230037142969634,0.04210745073331569,0.10015069861312777,0.06660344877960171,0.07426784966493338,0.08451762168952798,0.1332593531709497,-0.00018247821863955912,0.0002979696147556347,0.06870284269191121,2.134075029078041,0.48432933484035245,0.3836216245249603,0.24891464705028124,0.07230524372536537,1.2555703692876579,0.006978531467044233,0.17255271054444027,1.1710727397538234,6.65980549769308e-05,0.00022532879075100163,0.35802888425964186,0.004335730529800585,0.005013381342879538,0.0026750807748041994,0.004981034716166474,0.0004919652466870045,0.008691037246058885,0.0060678065752540955,0.003169835854408356,0.0002554211671948071,3.8136874509164765e-05,0.0069106445513974265,0.009288716810277486,0.0,0.1510169450133977,0.16822582808949502,0.0,0.0,0.0,0.0,0.0,0.0,0.0,0.0,0.0,18.92673705235424,8.207745945424827,6.663121571600221,9.393484014869907,0.31658057987071886,3.358189450162263,8.84749395576641,7.947894833293895,21.37730455668199,3.644695512655503,2.316039098460682,4.2018790202396765,1,1,1,0,1,2,0,2,2,1,0,2,0.5041871510574674,0.003120118164395697,3.843315567004109e-05,0.01001630267336211,2.6663395166122936,0.6567383844150234,0.35814764568062035,0.00019071196333021812,0.34344276925305195,4.1408671860512865,1.1049046896263448,0.6454241460409001,1.187750612948566e-09,30.5674920955431,2.2515217356027806e-05,0.00010539400121012453,0.7796409091247408
b5161600,8.377306978872806,47.4,0.035459698877607,0.08512592351709462,0.09732986840106474,-0.00014487640533665825,0.41329878311165924,0.3508333941006869,0.3713279664333917,7.008438458060658,0.02506065875936423,0.05080351083945207,0.03051492703400468,0.052913548607251525,0.06590355483182217,0.13656066711221013,0.06889112928441567,0.1317480086213066,0.091350467297472,-0.00018038087861714836,-0.00017704980406385137,-7.719853332897505e-05,0.3362596409692609,0.027433194822223176,0.04960594732017516,0.0028169696442385955,0.3453866556391968,0.002629768817251523,0.007156998130346837,0.3625088868962071,0.0016620814068378465,6.509932614389495e-05,6.654770989833989e-05,7.008306811024616,0.0006858278924569562,0.0011716809901071892,0.0007057449823612925,0.00039432329749514335,0.0022319110829967957,0.0012970150350369919,0.00041373947681908746,0.0058942049652559395,0.013097523599790613,0.00015749096007754525,0.0019632737099659803,0.00856174375884173,0.0,0.0,0.01910827306143009,0.0,0.0,0.0,0.0,0.0,0.0,0.0,0.0,0.0,0.03833242117023441,4.620738061310154,9.498451206491119,0.4980763390114935,5.052790844313137,13.597482917015592,5.798354008599686,3.1473382353628336,37.65483342895773,0.7280361204495084,1.6181198579108673,4.185641433016443,1,2,1,0,2,1,2,0,1,0,2,2,0.3830888468463177,0.0013750703258960486,2.7043370371446215e-05,0.005890990961467937,3.6897785658903226,0.7201760123302731,0.3718151318444889,0.00018087721517358806,0.26137917076124645,4.1831037272634894,0.9802112774743754,0.6574787243722863,9.144284121557146e-10,30.385484987957106,3.820502233724446e-05,0.00011523175212177405,0.8241816236857588
48105cee,12.717321690843967,47.4,0.026300194919364934,0.09920538733601598,0.053043846845841784,-0.0001586884706489188,2.0226377384148497,0.3390359078665479,3.29511824690569,6.828249143729304,0.00958284915311493,0.042349609749458325,0.026968125855521552,0.04697220575707597,0.08743296434622012,0.16321099190475188,0.04974411492722882,0.08519061876322277,0.024196806847073756,-0.00045192210366958794,-0.0003938644446909954,0.00036972113641382695,1.6215503747496616,0.05478136719961744,0.3463059964655708,0.08891794186746357,0.0024434756264289873,0.24767449037265532,0.4658871848034111,0.16071159031116877,2.66851947179111,0.00040858699465896783,0.00033725378354549913,6.827503302951099,0.0002794153453329677,0.0036610389229722214,0.003832965927054933,0.0011454960615356032,0.004784943370335529,0.004746287678012001,9.322546168434641e-05,0.0017243633966408476,0.004355843017205734,0.00034614894001893434,0.005195708032790795,1.766948070796876e-05,0.0,0.0,0.17469794349695228,0.0,0.0,0.0,0.0,0.0,0.0,0.0,0.0,0.0,9.47363626333506,15.570700406700366,4.826149158295457,26.942500548823954,14.866953049421953,8.180884237676096,6.113021710452211,12.260592551003255,0.8547689411267901,8.505984963924522,10.373050251765749,14.859889117819808,0,1,0,2,0,1,2,1,0,1,1,2,0.3722068786420101,0.0027517555554208966,3.0180807041929774e-05,0.005778048487298057,4.740477412445675,0.7515407255030152,0.3424157715729112,0.00010373001947436597,0.22775895727344364,4.216706209237242,1.15351675880235,0.7084414405871867,7.406399963592109e-10,30.35508187932225,2.7171431116559882e-05,0.0004125754631695614,0.8365828581071887
c55ddfcc,12.076515891477301,47.4,0.038251875427019306,0.08262991123520556,0.10488874411829363,0.00420925087554667,6.369106858524508,0.29452439434728267,1.103550579655968,3.8487601067089874,0.040294283008415595,0.031096701237415654,0.043364642035226664,0.04634808375878959,0.07221826011202405,0.12932338983480304,0.07822928454593946,0.10530197171590618,0.13113497609303523,0.00033606497066353844,0.0007672999041918018,0.01152438775178467,5.251468944810425,0.6021436372505509,0.5154942764635322,0.10493572076678329,0.18469472650438848,0.004893947076110919,0.04286990230694826,0.0011971897690040763,1.0594834875800156,0.00023432021873866818,0.001236290874100555,3.847289495616148,0.000898497002629905,0.003612275699996437,0.0023929720313829797,0.00038145880924805853,0.0032767832422234766,0.0002099941030286546,0.0027246600849422783,0.01225990135855504,0.010059200251885971,0.002905320933132572,0.00766763250000017,0.020683225188654095,0.0,0.015378556592099368,0.03464739265921769,0.0,0.0,0.0,0.0,0.0,0.0,0.0,0.0,0.0,7.359151004337219,176.01047397048788,176.14838332836902,6.021706542559871,20.177449764989518,10.635576512965404,0.16358849228048092,11.74138596291603,6.66195967164902,5.1713875608879825,5.029803481183942,3.7445007307815996,1,2,1,0,2,0,0,1,1,0,2,2,0.4724824622394985,0.002575419365911166,4.7285151917402945e-05,0.007714308698570375,2.699058126574307,0.7929207774519843,0.41088108851964084,0.00015524853459071542,0.19731840659563885,4.355273128539,1.1138818270908664,0.7014966640713282,1.3939276765534442e-09,30.29087532685002,2.1695667524803043e-05,7.055260478969423e-05,0.877964625713462
869d7f76,11.8446901317208,47.4,0.026886980305790703,0.07532843286890487,0.10183616996784332,3.427408770476908e-05,2.2801435468187923,0.5221507045943274,1.8834030124714196,6.79935897240441,0.026497570749859728,0.019556309481586345,0.03460706068592603,0.05492835238303501,0.0741416138845947,0.09691533233908489,0.07875469623889834,0.08505068756949344,0.14170312609513822,-0.0006617051716877122,0.00032963141310130554,0.00043489602170071386,0.5495817293495111,1.7201915610646845,0.010370256404596722,0.0009265126736086142,0.14567667789264596,0.3755475140280729,0.049927932808556175,0.1631352305710195,1.670339849091844,0.0008883829592814371,0.0004865136045053594,6.797984075840623,0.000638888308005335,0.001576399785853937,0.0022602274621372764,0.004856105424538187,0.005110266692777758,0.007154019197176176,0.001407213147146864,0.0008157932137245515,0.0013576812348565395,0.0035602655525828206,0.016407311403731945,0.012065837940130535,0.0,0.0,0.0,0.0,0.0,0.0,0.0,0.0,0.0,0.0,0.0,0.0,8.845149396857515,12.55556736769147,6.030487885120734,12.543697322227041,21.206909607027864,16.39023268858305,0.7964663179416285,11.125853159768532,8.672821679239068,2.310656662468034,5.89314633427882,36.69449244530121,2,0,0,0,2,0,0,2,0,0,2,1,0.49958508849150657,0.003234199069205211,5.180835605152909e-05,0.0065333439597832195,3.627252706663972,0.8774291964361333,0.3702724939899614,0.00017518463099861818,0.33418632643412743,4.265732198151751,1.1228918562804022,0.6264540100653414,8.577677477107403e-10,30.475504896402743,2.0446107341017497e-05,3.004850113777662e-05,0.9227767663126809
be9ef462,1000000.0,47.4,0.026769252417984103,0.07340598283800198,0.08093625936893971,0.00026314046737806835,0.7702165078316029,6.106189918822386,0.5792732709104165,6.276817641186848,0.017306558192837464,0.03416392435242065,0.028837274708694197,0.004987191940032381,0.04911629773816573,0.16611445883580783,0.06915724620662572,0.11316428597463887,0.060487245925554545,-9.936321734430279e-06,-0.000925351138908968,0.0017247088627776034,0.085184493616154,0.5611291344502638,0.12390287976518512,4.792548294231104,1.01522091521481,0.2984207093764712,0.005819740425445236,0.04069374484722143,0.5327597856377498,0.0001753253274912254,0.0017515873368426078,6.274890728522514,0.016221840384300287,0.0057410125877935736,0.0031523215170712435,0.00846955766677508,0.003997130069456479,0.0008819225687888635,5.925516717990168e-05,0.0005323254846461584,0.001024536992527839,0.013233588572719238,0.0062480297920512245,0.0005103951768439981,0.0,0.17545890106955359,0.040967326269208,0.0,0.0,0.0,0.0,0.0,0.0,0.0,0.0,0.0,5.650143339302798,2.6307662085616133,91.97315872941054,22.701222312914627,7.1213999184263725,3.404705433135906,4.38754580167449,8.279827148235633,2.3280645150582053,59.21798711429579,46.029700880753325,12.65388436063575,1,1,1,0,1,1,1,0,0,0,0,1,0.4617107651467896,0.0022041844264743845,2.2252352432408354e-05,0.010792333253967659,3.4949192904841513,0.9774877660452405,0.26437762913394924,0.00020372502065100988,0.4182919036443574,4.404200413489094,1.2137160601475683,0.6939903994436025,1.2480590682409114e-09,30.290592612424735,2.0809167816977047e-05,0.00029309889526509393,0.9834130593217952
939a5f07,0.9504942476827303,47.4,0.03213228984799752,0.08956208369031678,0.08920946143392859,0.02948931952990982,0.2248482018287768,0.6666466677257374,0.001427479887783139,0.03119464474405142,0.02084785150506383,0.04413775586333524,0.03141126217559351,0.03715060529504265,0.07889305453923898,0.1526425912366687,0.07235303091638004,0.1045711616737814,0.09070419171162432,0.0015994356615115024,-0.0001707399587046896,0.08703926288692265,0.01134533256934766,0.16938733982793605,0.044115529431493064,0.49476377692144125,0.06907274883004778,0.10281014197424843,0.000597417544903678,0.00032064383359607434,0.0005094185092833867,0.005117382842130669,0.00010206233651888477,0.02597519956540187,0.0013787286630272068,0.004143368671474513,0.0030578027751166073,0.003118168974333495,0.003058425382995655,0.002529757026924282,0.00666040181597354,0.006683644383712819,0.0015810556440563495,0.0009969811940028885,0.006614988248056571,0.0006219385865162754,0.0,0.1470221799316952,0.031091349911129336,0.0,0.0,0.0,0.0,0.0,0.0,0.0,0.0,0.0,2.6579265395243157,7.424433739995159,176.11198128111596,2.5849539220801674,2.101549539832357,0.818036619718929,12.684771480719787,3.0706836075458694,2.0045821017209073,4.589630824097831,6.2750309201414,27.553855730540587,0,1,1,0,2,2,0,2,1,2,2,0,0.4085218540999553,0.0016055121099425125,3.936348403205815e-05,0.01084514429473962,2.2058445418201953,0.6723754525360787,0.4039821541707396,0.0001873154393435476,0.3151115146492567,4.258680390963842,1.1137395145808144,0.7593047811520448,1.3198117170911609e-09,30.439127385654487,2.4726923644607375e-05,8.748302192563098e-05,0.8046895247643503
bc72fdaa,8.83114386506496,47.4,0.03703595324315974,0.09768381986271744,0.06575305440291933,0.0051468770919957515,1.4933207746143282,1.1790517769850053,2.1123315881628093,3.733410228677869,0.03031284578835767,0.04518324128556802,0.03561177265555353,0.03824005529967178,0.12182618310615251,0.13298522118232803,0.0665472966824333,0.09876606929031723,0.03194579723600744,0.0001971499952659799,0.0023714757138606447,0.012872005566860628,1.3690062620219179,0.010101789391582499,0.11421272320082784,0.4335458961340193,0.6577902593378877,0.08771562151309825,0.024900092318650407,0.011774721015821754,2.075656774828337,8.878877278782827e-05,0.011272324679724437,3.722049115225357,0.002922689577202255,0.009390679584552733,0.010200953173574591,0.0009393538626850367,0.00110749288230228,0.0006956691821613892,0.0007341641362886624,0.0038982614041473203,0.018077757700972457,0.0033245347826540298,0.004952833215718972,0.013162760811184953,0.0,0.0,0.08531647550759741,0.0,0.0,0.08764079306363161,0.0,0.0,0.0,0.0,0.0,0.0,4.330534086714162,0.948316253200772,23.439670031164564,8.856875191330735,6.5799800473283385,16.380357673282653,24.322973822194886,38.313232497897616,57.839128000339876,0.34490968177106446,23.64238826331126,20.147454531736965,2,1,1,0,1,1,2,1,1,2,1,0,0.5129268332496546,0.0022301773779650693,3.990482660500032e-05,0.007997319957816018,3.361622234039726,0.820867276461829,0.39568584761528824,0.00024975915664838345,0.14220083160088842,4.2544287356726125,1.287115388516057,0.7881920611592098,1.1480382444425483e-09,30.590431135668823,2.1489973768516563e-05,5.530502809513655e-05,0.8917079914259037
ce6dd537,11.458544759858944,47.4,0.0379120465118954,0.08676288268279143,0.11718642477547218,0.012167424718957981,2.380120978732439,0.22171811669817576,2.402959989766467,6.082397027084435,0.03327476463193558,0.05140275360414029,0.029058621299610336,0.048089918057747004,0.09833591027058916,0.11386281972003814,0.11615664142870277,0.12611220241495857,0.10929043048275519,0.011318522236963164,0.01997912183125792,0.005204630088652868,2.258583633999741,0.03762754360187963,0.08390980113081818,0.06354563641511925,0.0499611478280087,0.1082113324550478,1.9363191752381212,0.23105864710083224,0.23558216742751378,0.256251123035787,0.7983497915480331,5.027796112500615,0.00038957483229178053,0.003048457448055043,0.0021930117260303686,0.001720587610786299,0.002623695547913028,0.005163505709128823,0.006006463148610632,0.005745290603348255,0.006677981681155749,0.005764701078786562,0.00437872715976645,0.009244647690980459,0.0,0.0,0.009367785160298734,0.0,0.0,0.0,0.0,0.0,0.0,0.0,0.0,0.0,8.54812038411244,6.900585857565979,26.212249794481142,9.634929675566973,0.6225444263361118,15.046138812270042,7.569087604009297,14.643454660299772,9.889992521209866,8.354076615656666,12.94597310088302,4.575198640572016,2,0,2,0,0,1,1,0,2,2,2,1,0.5548495980130069,0.0018334929198410817,3.580227208234578e-05,0.010119880441760532,2.685422258448495,0.6993727282788482,0.46337316017050073,0.00014717313292276568,0.3138491071920195,4.261693688407207,1.0249077717152741,0.7532522479128234,1.2579294794392528e-09,30.578488494590363,2.426967972923875e-05,2.5620618920884946e-05,0.8386289998936971
1f3721cc,11.140497221663908,47.4,0.03912771119194258,0.08866266158792308,0.050655413774090545,0.010170400089249944,4.07261351772952,0.16715540384279817,3.0656298584879935,3.449189425397415,0.03781922648809861,0.048336519884772104,0.031227387202957035,0.04594008853118327,0.09590285073406572,0.12414504549852023,0.06335351017725958,0.051994845974403,0.03661788517060905,-0.00038627372061880033,0.01178952139779201,0.019107952590576623,4.054174564061687,0.0024015788425926395,0.016037374825240504,0.11613103749345602,0.026460422434906882,0.024563943914435275,0.06633710746033375,1.245617460659524,1.7536752903681356,0.000300759330036279,0.2781222858097275,3.1707663802576516,0.0008400459023139708,0.0007203599587801996,0.00583596301117293,0.0026412532263813933,0.002396021827679218,0.003423481622123993,0.003369068252866496,0.013489797313497203,0.0016137355097656774,0.0015311941597645354,0.011690005634563034,0.019331447048626417,0.0,0.0,0.0,0.0,0.0,0.0,0.0,0.0,0.0,0.0,0.0,0.0,19.330650496388166,7.275233561806398,23.75826952863512,8.163235315403918,6.759069158591384,23.80752223710785,18.6893104190659,6.690351908815664,12.730469248424066,10.779473980826968,11.144794905918344,36.75415572176999,1,1,2,0,0,1,2,2,1,2,2,2,0.6191883349776666,0.0019833368966266627,3.481248741454291e-05,0.009456980600773946,3.062197520548871,0.7886292401006276,0.6670266939560325,0.0001469935505195578,0.26636495584151937,4.312219980584724,1.1395560793739536,0.6824186632379228,9.924981562347432e-10,30.61911678932944,3.492593861424924e-05,8.435597533261338e-05,0.9295524766058847
72fd03d6,14.588113673861475,47.4,0.0384659977074488,0.09556199112825291,0.1506271363066201,0.0330535099822671,1.5069720107948257,0.16370965272646437,11.01367735043899,1.5302319707690974,0.029927536445857748,0.05107533709123323,0.034395119585255436,0.06399238527970555,0.09007016805747234,0.13262342004758082,0.09462354133550811,0.1415005185590187,0.2157573490253335,0.005406008574742518,0.023928284654061858,0.06982623671799693,1.2695574385976813,0.08054567136895079,0.15686890082819369,0.16321066434425308,0.0002810542323244279,0.00021793414988684673,0.5170009510738066,0.6596092965548306,9.837067102810352,0.05845074109310454,1.145132216923292,0.3266490127527009,0.00011670891619177806,0.0013471402119984409,0.0004916487963011872,0.00020928827676151338,0.0002874694198085791,0.0015372209727558192,0.001931094987723171,0.005054738750890025,0.005383726984634949,0.0009400386828678685,0.0025698154929205607,0.005791476697348172,0.0,0.048690207407436445,0.1492138606863462,0.0,0.0,0.0,0.0,0.0,0.0,0.0,0.0,0.0,6.166793310424652,173.3658982530705,12.60197934996731,1.2856607047827535,10.813172799402881,4.527822784245666,12.376095377493876,5.230329294390628,9.298303606786828,2.6615322689820453,14.887115916498285,33.467600566998975,2,2,1,0,2,1,1,1,2,2,2,0,0.4983819050395737,0.002309030825789331,4.025847207369272e-05,0.009797072272322604,2.274814602182429,0.6429700128881073,0.4724436160376364,0.00013927824694892374,0.16795204885151072,4.3225547443663,0.9645225473754102,0.9477388314437183,1.1509776808017052e-09,30.42436510377669,3.3742244310927395e-05,0.00015960239492250695,0.8115993066715168
d4f6fef9,10.924993402148571,47.4,0.04084547787628714,0.08874936418095515,0.09559096371308047,0.0490089657321058,7.158655139199688,0.07128091376172038,0.5370274986488486,2.9043795427317733,0.042576467505843485,0.04000329445445469,0.03995667166856323,0.054386694008611645,0.0932295000613542,0.11863189847289962,0.09490073374583186,0.10529847660998022,0.08657368078342935,0.011462821346185146,0.036222255598891126,0.09934182025124112,6.492540611467466,0.2816438150801482,0.38447071265207405,8.225833211460905e-05,0.009175164729853488,0.062023490699752284,0.5295297011871143,0.0010423893629800689,0.006455408098754171,0.26280715252056847,2.624119325503129,0.017453064708075387,0.0005384847214430423,0.004146887071301142,0.0014157785141384316,0.004788955084287767,0.0008567079504450423,0.0023201879649458173,0.002956788258313624,0.0006093701989268055,0.001167444155001556,0.00382179165481353,0.003965370137903373,0.00031700328961289156,0.0,0.1626391116062524,0.16991267838383317,0.0,0.0,0.0,0.0,0.0,0.0,0.0,0.0,0.0,2.55515784797098,9.02319598247356,6.852637511179904,0.5097379902426585,13.862216662320183,5.3830413592137685,4.010373400643447,9.411161204594267,13.48826885152119,7.049501363342787,15.835885401581479,1.8710026386369327,1,0,1,2,0,1,2,2,2,2,2,1,0.6002255045450167,0.0026617253416297473,3.972086687480208e-05,0.009211594688917604,3.9594498356092154,0.8439451989616387,0.43098880492982616,0.0001071544767954888,0.23169225111504674,4.3151953533839436,1.0448431569885532,0.7240427896024546,1.080800179718184e-09,30.33971785644834,2.7883117154214895e-05,8.585061880768425e-06,0.9111599722842308
7fc75906,9.133591144217876,47.4,0.033338114941239776,0.09556123054970862,0.11052669884810225,0.0003775746572358486,1.4767364771822353,0.056169954175184375,0.9616982858739499,6.350508708644001,0.029169924716685895,0.04523418260847264,0.0256102374985608,0.05288837475630329,0.08699569993250632,0.14679961696031626,0.0804165755711139,0.13915586005089556,0.11200766092229729,-1.660983572938227e-05,-0.0003256919612044169,0.001475025768641345,1.0849706193536082,0.13569956780098613,0.25606629002764103,0.0029285362741757553,0.0036180815652929886,0.04962333633571563,0.0758134734308851,0.580093855091839,0.30579095735122586,1.6741761303501876e-05,0.00025630717484333615,6.350235659707854,0.002068072794463474,0.002523029787491785,0.007765959451003562,0.00063416077029198,0.0013100294857762082,0.00015882155706220687,0.0006692766031066535,0.00045558960933145775,0.0010850188833077985,0.004023678418759102,0.006645048356255761,0.014669264862234434,0.0,0.126155767334196,0.0,0.0,0.0,0.0,0.0,0.0,0.0,0.0,0.0,0.0,6.560238697239427,157.0668201550121,16.726176256667575,30.67781617464765,20.223484983770106,9.000121449993463,7.913239310701396,7.901702659820349,14.330314226905966,1.769239836818457,29.322603147138032,17.80464017608412,1,0,2,0,1,2,2,0,2,1,2,0,0.48955219443810033,0.00250951546045184,3.187497603419588e-05,0.009263482161848795,2.6795895926147093,0.7130198799443198,0.5811689583397115,0.00012557362735620109,0.21397176576611004,4.13440829521431,1.0919214673874185,0.8210796634334865,7.53305140211159e-10,30.38396733064137,2.0377913259011578e-05,0.000323945962794422,0.8797457004854509
b745e26f,1.3874831353434203,48.9,0.031835516648509185,0.09100381108037016,0.09099509428996755,0.036544938146837964,0.4583994439395985,0.21372931525502945,0.5204212756268828,0.15070234740114496,0.017751165376809208,0.04078129091782335,0.036974093650895,0.04374031539909582,0.09602892209134273,0.13324219575067195,0.07008377509041373,0.1304924876267116,0.0724090201527773,-0.00015631774694682327,-0.0002797113723340562,0.11007084355979477,0.058300994940943957,0.2500615346496305,0.15003691434902405,0.18622010026566385,0.027490475558107456,1.873943125814463e-05,0.0022492590794677345,0.33063973188668433,0.18753228466073077,5.915633347704847e-05,0.00016521104551195484,0.15047798002215595,0.000907055979986472,0.0037641928434802865,0.015019373125230186,0.002774014075543591,0.00030361785629689467,0.0003055292779458254,0.002659936063099342,0.0011182941408057786,0.002140419654200491,0.0032071572234591704,0.0029553581654264485,0.005536815147727248,0.0,0.15508075836096863,0.08131706193583059,0.0,0.0,0.0,0.0,0.0,0.0,0.0,0.0,0.0,1.4311115545570918,5.487004098772878,145.0225692800089,2.1991030374839977,20.803673309024628,30.869207103842058,2.436541887589163,5.3496336124001305,11.97316729278161,5.127505867018851,0.49616855450673647,28.992245027209766,0,0,0,0,0,1,0,1,1,2,1,0,0.37796993107699867,0.0014190211013834827,3.1500797258799235e-05,0.011730885890081973,3.487173857334609,0.6381054509710834,0.27509122077203946,0.00019201451553846558,0.19921571412512457,4.290759519993486,1.0663403919699097,0.7328927947529449,1.1983585276413235e-09,30.488618967129987,2.7937121516905307e-05,0.00010821069895721525,0.7376319551321175
0b7579a8,2.5183748840419953,48.9,0.03804866624053507,0.09511388913788778,0.08602788006641889,0.044007184558574476,1.3944653215897689,0.08308304816793796,0.1884623431620417,0.7766977582847657,0.01763349399029486,0.04797820793706776,0.0485342967942426,0.06089343643221619,0.08723774785706565,0.1372104831243815,0.06840159507152543,0.1142404933201384,0.07544155180759282,0.00016863317121042448,0.0011483911971030675,0.13070452930740994,0.06490230526773438,0.07761903497933553,1.251943981342699,0.07625750757395829,0.0029323094747747184,0.003893231119204962,0.009979186557300805,0.05060840736409508,0.1278747492406458,7.455058530157923e-05,0.002653960233962779,0.7739692474655013,0.006496702126966779,0.008865571782313123,0.005353894325076954,0.0015043621262827308,0.0027262173465206502,0.005543644229165423,0.0013916253781779211,0.004890999328308107,0.006699311823341377,0.00420431830819344,0.004044199648279833,0.00025422873351134976,0.0,0.07651248314156485,0.164769720035339,0.0,0.0,0.0,0.0,0.0,0.0,0.0,0.0,0.0,5.1782562491946225,179.15600137022204,4.101613915492501,8.146883990361067,12.528534237209364,2.886961449838386,12.544102878617116,4.232349006320227,10.185718452225055,10.639339920451372,33.84558024087171,11.470245070875617,1,2,0,1,2,1,2,0,1,2,1,0,0.4363393422293492,0.002605801757430344,3.42631673457128e-05,0.008726530530368584,3.2971563802394708,0.6656708357480006,0.5105534116414928,0.00019697121293989146,0.3254938796656534,4.328193430406343,1.1269101577015006,0.7740430797857719,1.0398817479087671e-09,30.523469505967565,2.3999953967801738e-05,0.00045863585404872816,0.8363126758269437
8e3835ce,3.1086361263128306,48.9,0.03526534044606391,0.08908599795324607,0.10487502330387131,0.03699788793672236,1.5259677399805,0.25236611129917824,1.0507605812804641,0.17804673299017182,0.01859368128962096,0.03803684819070784,0.04916549185786291,0.04362995502179935,0.0979038074877765,0.12572423135016236,0.07783671590020948,0.10664878652791528,0.13013956748348918,-0.00015951950928505545,-0.00033189716241595904,0.11148508048186809,0.021545829874641487,0.21073210314777835,1.29368980695808,0.1901626291347086,0.04524081524033575,0.016962666924133903,0.037939622744158394,0.003784575980292349,1.0090363825560134,5.903633839463121e-05,0.00023169800043875446,0.17775599865133843,0.00023150086198827009,0.0003846319982392128,0.00038807453146791826,0.00017662653875562154,0.0009473651181331559,2.4804728698338014e-06,0.0018008787192719338,0.0042950762037151586,0.007923118463412555,0.0028536626832093223,0.003374395886558584,0.004332223361723014,0.0,0.01896874739210313,0.11580688495464629,0.0,0.0,0.0,0.0,0.0,0.0,0.0,0.0,0.0,6.663181541489625,179.48454116844277,17.751074099628443,3.899325153302889,3.6488035079770844,13.917324938272575,1.8424422828144595,0.24912356971512217,37.293355322518046,0.955605236101834,2.8386272947930498,2.1565335830835,0,0,1,2,2,0,2,0,0,0,0,2,0.3984007310915625,0.0017184986794907232,2.802467138918125e-05,0.009860558934690464,3.4641080334856564,0.6827957516479557,0.4009259287435656,0.00022811934427515915,0.21475577048831496,4.121375251644954,0.963920848170341,0.7124565502657261,1.4389248509748728e-09,30.427968948032124,2.2103472721281138e-05,0.0002913969419397681,0.8099310669270293
ec9f8d6a,12.30984270813628,48.9,0.037985991758645817,0.08723349643229827,0.11902030473690257,-0.0005533596608526475,1.0165595999814607,0.5339155330370627,3.3557606130887114,7.015099819541404,0.028211252121498866,0.04932932880809905,0.03641739434633952,0.043409415879631354,0.10710306219811899,0.11118801121914447,0.0975459613461052,0.10373568829906354,0.15577926456553895,-0.00014190717115388637,-0.0014196645358787014,-9.850727552535477e-05,0.8721646570670772,0.015395560213815562,0.1289993827005678,0.19818081868962406,0.1960707359580727,0.139663978389366,0.6565737761376761,4.040111433157598e-06,2.6991827968396023,4.053453859342574e-05,0.004039834358374286,7.0110194506444365,0.0018577404437701939,0.00017152246033572344,0.0015810614780243622,0.00035581678418268267,0.003080661388775166,0.00034506272778280953,0.0002446839833864169,0.0014562817435654265,0.0003980939785328524,0.0005091641617680292,0.0029899112881337613,0.022629504413411973,0.0,0.006192040384972039,0.0787732392712107,0.0,0.0,0.0,0.0,0.0,0.0,0.0,0.0,0.0,3.6240587111874216,4.85438285683872,178.5457093756302,20.030782539408833,7.274629266237498,17.81089596195396,5.144251407563296,3.261812576139392,2.4908925443952787,5.8884039647606725,2.7411411044525167,32.020167812966314,1,0,2,1,2,0,2,0,0,0,1,1,0.4265043930955659,0.0020662623624565137,3.8416205604133334e-05,0.007625230565260026,2.6387039146122855,0.7139804016306516,0.34942363858302,0.0001351006779164397,0.27412809742592065,4.139342026185812,1.1694993225708483,0.8294657216272732,1.0380578234034498e-09,30.302224575148276,2.7266349159924023e-05,0.0002715841233299318,0.8138874680350651
316993e5,9.875429446131347,48.9,0.02685264942583956,0.06712996573659175,0.0998865789993094,0.004029642144514278,0.9628143885343445,1.7077646025835258,0.5260219218193706,6.450529297161277,0.015204628773870148,0.03770078977868357,0.02765252972496496,0.03572802273479481,0.0949903254492497,0.07067154902573072,0.07802489431435372,0.13582208766355758,0.08581275502001691,-0.00017230285762938593,0.010497366937638673,0.0017638623535335474,0.2904217505187422,0.37514000621640986,0.29725263179919253,0.5807620622390461,0.019552371211861735,1.107450169132618,0.04026028573146876,0.47586793619274864,0.009893699895153195,8.798537021560073e-05,0.22054690393703136,6.22989440785403,0.0008207967003645182,0.0001896583043669329,0.0011274668892708721,0.00022146726086815096,0.0011676285922124785,0.0032001565158515074,0.0002915170989052628,0.003605127156544561,0.006023449539021376,0.005348721409934889,0.0125490513654364,0.01879598472037915,0.0,0.16921039278182592,0.16182482929080974,0.0,0.0,0.0,0.0,0.0,0.0,0.0,0.0,0.0,11.27676516636298,9.655871907102336,17.617316315357836,0.27629176825212315,13.987912700938688,8.243388834457646,0.595488685994259,3.454778346084766,22.132543834398334,0.4615301083719405,8.826355978891451,13.860577917923761,2,1,1,0,1,1,0,0,2,1,2,0,0.3754256949997794,0.0023464178946411233,3.630495617061747e-05,0.014839123520069554,4.328164194076992,0.6387256282310292,0.1803646569865265,0.00015322927109461524,0.3927874814858507,4.06965686893467,0.9155313994000541,0.7216396511546638,1.3122901798141216e-09,30.284196612226992,1.7981639319875803e-05,4.610151153028113e-05,0.7038687199074638
ac8689ba,9.008037302186873,48.9,0.043693860701662236,0.08744134233724103,0.09949780536635067,0.005216153504622463,4.341236843745059,0.11313197012733907,0.5445559029569713,3.676371110283379,0.035671670013214016,0.04743182402719944,0.04797808806457326,0.054662556972619854,0.07603599858236273,0.1316254714567405,0.06467074099712257,0.11887792048927934,0.11494475461265011,0.0019977900305816186,0.00019113309401011123,0.01345953738927566,3.140655633083763,0.15920426910430083,1.041376941556995,0.00036878271455154966,0.11173033622663908,0.0010328511861484335,0.04682968448476373,0.10568758913858482,0.39203862933362277,0.007989051662214166,0.00017707716733840473,3.6682049814538265,0.002825814032238497,0.0018030377471201287,0.0027138564488637614,0.0021481663973223755,0.0008948959223993855,0.00685892761175742,0.0006301417538254429,0.013645361714653144,0.0038858532655730122,0.0025926144394332515,0.010198698352566796,0.013194549867516885,0.0,0.15916218194629383,0.031167476991985,0.0,0.0,0.0,0.0,0.0,0.0,0.0,0.0,0.0,0.2948200061473278,116.20237822673124,11.39299038834712,17.11184735660441,7.503660509940681,35.12474171937767,6.113301414406052,12.927662145148988,81.68770381555119,13.641385771230922,8.968585046050057,26.055718050853034,1,1,1,1,1,1,1,1,1,1,1,1,0.510493302135401,0.0023693389804485777,3.3652700667226505e-05,0.009582968450527873,3.2456426486403536,0.7838886301790111,0.3837247924590353,0.00017818589639640483,0.35205693178456887,4.150204537185987,1.189826008383923,0.7294467407256919,1.17324120890699e-09,30.459841791691506,2.7642907137533775e-05,9.034904381074827e-05,0.866777548232362
23db32e3,13.454737761826724,48.9,0.020530916300470145,0.08715079849634548,0.12918371211325694,0.0003568453583280572,2.2781015992591365,0.11041328559647137,3.883146267868983,6.7594129726994385,0.014368496074425141,0.02773899928843349,0.01948525353855181,0.056282050292428484,0.09072890086049866,0.11444144433610931,0.07406303898924793,0.16478358048937938,0.14870451686114353,-1.3077741471267867e-05,0.00034586094143413163,0.0007377528750213077,0.3863229040800336,0.9487883734710437,0.9429903217080591,0.007403435390677165,0.0011058285997256557,0.10190402160606855,0.005916805974771,1.7258604536794746,2.151369008214737,1.6454782668582886e-06,0.00030423839630792796,6.759107088824864,0.00037216978639117537,0.004745777782892757,0.00033857647289047346,0.005017664635621099,0.0010186209617819514,0.0009542583332485532,0.0001040715967319005,0.004248325738150881,0.001373091426525072,0.001141675795871862,0.00806218423806603,0.00458802252770417,0.0,0.09364034467506369,0.0970627273617428,0.0,0.0,0.0,0.0,0.0,0.0,0.0,0.0,0.09968839451586117,1.4294628203233843,4.762733933154489,15.950653285644188,10.472142676797365,0.2470632243355198,4.947059563049481,5.977394134780437,7.590473240086184,0.018605081264365893,7.259798050241005,17.880358568745105,175.285298647025,2,2,2,1,1,1,2,0,1,0,2,2,0.3661620898020923,0.0018092206856999246,5.236632799387882e-05,0.009106246995141218,3.1840677774680226,0.6277031403972645,0.42992000736865943,0.00014825755640333256,0.42604453121244534,4.325962899813396,1.088830554961873,0.8380051771466996,1.5398233373691386e-09,30.34846374055354,2.8042235369604984e-05,0.00012537895494415326,0.7877180170202644
6429c823,9.075680543892787,48.9,0.03361633307329224,0.06543271255261081,0.07956184540149334,0.00014923423766728455,0.26932282859612,1.460819682267577,0.5270242420410535,6.595833530689461,0.024313772415725746,0.044343102113682885,0.03219212469046808,0.05279663271866303,0.08096945638955391,0.06253204854961547,0.07657946480476767,0.10065168378609803,0.06145438761361433,-0.00022381869310111996,-0.00020816023837041218,0.0008796816444733858,0.2459830866074202,0.019539811868829533,0.00379993011987029,0.0033626368324891423,0.04446726152598591,1.412989783909102,0.024188732885810183,0.004605371452684395,0.4982301377025589,0.00010079323966888811,9.960369966789915e-05,6.595633133750124,0.003491445677228224,8.063826837789636e-06,0.006195456893032019,0.003249424419423436,0.0018728751358089658,0.004775895992201038,0.002404578298378729,0.002375955391909104,0.006856034108678849,0.000776933012493008,0.0035975449949994416,0.0016024140166961552,0.0,0.0,0.0,0.0,0.0,0.0,0.0,0.0,0.0,0.0,0.0,0.0,0.579937567268558,36.50142606334264,9.656950309673274,14.24014398681171,6.995403456987266,8.129090422662106,11.575369927923091,11.931241723613425,4.824531923411021,2.0266220663526746,3.7548288682221513,7.276534700315899,0,1,0,2,0,2,1,1,0,1,0,1,0.44449800018561303,0.0029508286349543534,2.8669030245320408e-05,0.006259011148594308,1.926973895386533,0.6091685592298682,0.42027869898777476,0.0001087221594368141,0.49607377673248454,4.050675780609057,0.9772869436073752,0.5607760667544173,6.84106898665714e-10,30.691648439826963,3.1022936255332325e-05,4.9097655015749256e-05,0.773384660810358
3b3477df,11.207200846281772,48.9,0.03199477361255332,0.07308743853316542,0.05114992010219286,0.010985255118948494,0.6721328209139819,0.8633717112007304,4.549694113692927,4.856118404071161,0.025403226206504544,0.044705146248043136,0.025875948383112267,0.05382341039894961,0.055902669799531325,0.10953623540101534,0.08338710482976966,0.05144441509122449,0.01861824038558444,0.02168155944237047,0.0004657231790251877,0.010808482735449822,0.38239546315380485,0.01506366542419653,0.2746736923359805,0.0002579416354891913,0.7019648330244921,0.16114893654074913,0.1355085314528923,1.2720502602417596,3.142135321998275,0.9401801033760165,0.00046039538611813687,3.9154779053090265,0.003529757751477858,0.003981037449130186,0.0018350362848226758,0.004069134881417396,3.0730297180979124e-06,0.006384929643340875,0.001617681743137365,0.002935581936786493,0.022522014954893574,0.0002523290085762486,0.005157443858684541,0.037142055153195186,0.0,0.0,0.03650655427720764,0.0,0.0,0.0,0.0,0.0,0.0,0.0,0.0,0.0,6.747261621648051,44.98564576989761,17.168837587035775,6.661461276571078,10.917135916364986,17.64616902321621,1.1782088763738285,1.0205706636073997,6.404225101282755,15.80406964370269,40.703083278780646,4.939983763227024,1,0,1,2,0,1,2,0,1,2,1,1,0.5456904624867335,0.0014095263179045884,4.1496884234851854e-05,0.01216284136773092,2.5469644504207976,0.6874323667347513,0.39468516804486825,0.0001418019263017753,0.10031389602050023,4.3055698700754865,1.0659868664870127,0.6322298903336583,9.430108822290286e-10,30.43574753201434,2.4795612806187043e-05,0.0001075416047673416,0.8107587070786282
127d0a4d,8.546749197575338,48.9,0.034303431971424006,0.09209768272571824,0.10557256850371625,0.0005331454410877379,0.2378207078858236,0.20266283211344877,1.5824603297942335,6.262574676226729,0.020125855102381813,0.045696015090698115,0.0370884257211921,0.04683729835527691,0.08081686075994443,0.14863888906193337,0.05641680605480386,0.12917873792291626,0.1311221615334286,-0.00018259946543910003,-0.00015801373442009853,0.0019400495231224123,0.0006440562013395528,0.08569161394780185,0.1514850377366822,0.09227303724667853,0.04608992043070053,0.06429987443606971,0.2248411023843271,0.2988928172649255,1.0587264101449807,6.675372417905981e-05,6.772275699017677e-05,6.262440199745559,1.2302117470263245e-05,0.00010566026652970655,0.00017253272820011716,0.002481367453239239,0.0014078141137867915,0.0014721916155023963,0.0016823640074214387,0.0003096746693285549,0.0009284588661351326,0.00026190574978347407,0.004217354201321715,0.005737716066799123,0.0,0.07994186182641744,0.07888828224800398,0.0,0.0,0.0,0.0,0.0,0.0,0.0,0.0,0.10988463308355428,0.5002365315920282,176.41915055695486,165.80242338306388,2.0317526596822506,4.627186323469684,8.457609573773325,1.6742568860342422,4.011963559535758,7.908653882394409,0.5582066761606546,2.0595674054876714,167.15032099436138,2,2,0,0,1,0,0,0,0,1,0,0,0.3335986454673308,0.0014977105553561625,3.145431856879112e-05,0.009056144584405,3.638212519640892,0.5592011790623622,0.24747278022873753,0.0001667083802852384,0.28462087789382035,4.148215688771404,1.006559132240277,0.8000386910883363,1.6698208102852003e-09,30.399816100739482,2.124739952665723e-05,0.00010853001268211487,0.668262141523326
e6969424,23.82050764154525,48.9,0.017633599783477807,0.06200566245180863,0.0566341805593692,2.3388268994278983e-05,6.995391553403505,1.7983172767674818,7.86378242309671,6.874338893072598,0.0022331158524138616,0.028779660672367306,0.021888022825652248,0.03974596044796903,0.08403186077589683,0.06223916613156002,0.043102775984680146,0.12642664597565428,0.00037311971777318474,-0.0003100106390944272,5.275929071547999e-05,0.00032741615536178417,5.323751607254869,0.9445714893397765,0.7270684568088596,0.3555903524350539,0.018043507147396602,1.4246834171850313,0.7920593175261453,0.23758316358337242,6.834139941987193,0.00020350932851990162,0.00022505867451712638,6.873910325069561,0.009044859014074105,0.0070886530854103996,2.3722379828580535e-06,0.00022298705018119341,0.003964391679357333,0.005462589117298484,0.00396834778373875,6.820857170136132e-06,0.010272479052715626,0.0033609724510074756,0.014815248529927714,0.002975957106207891,0.0,0.17796221399136805,0.15337694176551342,0.0,0.0,0.0,0.0,0.0,0.0,0.0,0.0,0.0,0.5449157494679121,1.8834175284050811,12.26846570166394,14.640644965224316,15.777942589472904,8.78354820442082,11.989622457748672,0.8200298550425513,146.0604339569201,1.8145471656156038,3.0331272342212463,33.549441865436386,0,0,0,0,0,0,1,0,2,2,0,2,0.3446927209260352,0.0016641957283551638,4.3171637372500146e-05,0.009130808347980865,3.1760614610322486,0.8092977992455088,0.3346833256689816,0.00029870524730338103,0.41435147049351856,4.2135607959992045,1.1276239275631146,0.6383740331867889,1.412736664514835e-09,30.435333208805805,3.008769293629379e-05,0.0003820857302190831,0.8730891776738487
edbd326d,9.687641814809972,48.9,0.048106225994739425,0.09574899062266688,0.09392024007673745,0.004695245551409506,5.00062444796325,0.12593797446122681,0.7342496529549757,3.4802403420855037,0.03712424124706513,0.0640899435675536,0.043104493169599536,0.05584421285281947,0.10291584917159415,0.12848690984358704,0.06347004396701902,0.0962772931012073,0.12201338316198602,-0.0004089702993622969,-0.001078655768481662,0.015573362722072479,3.745799540743286,0.6300082010381015,0.624816706181862,0.00460376670925791,0.11428306531530699,0.007051142436661923,0.06446708816938115,0.02626322792546502,0.6435193368601295,0.0003357101600469022,0.002329835637497756,3.477574796287959,0.00203715658375641,0.00010159516585865895,0.0007633692050539485,0.0015469254485522194,0.00025155528591237655,0.0008157131467876229,0.0016209563996812523,0.0012177684504702307,0.010299310745073736,0.001093960020260661,0.0016849640174873524,0.004759284286067691,0.0,0.0,0.1680391518053769,0.0,0.0,0.0,0.0,0.0,0.0,0.0,0.0,0.0,8.677829748931803,5.5743337750470126,15.2252237077874,11.073692973160064,1.584289795914631,8.687953507540911,7.892128531521224,8.017402571266423,1.594398046002976,1.8235179069521457,14.306901338619262,16.06281183832643,0,2,2,0,2,0,1,1,1,1,0,1,0.5219959405324386,0.0032220070265825047,3.82311917408977e-05,0.007358580463663076,2.8879014121776097,0.7783587543754935,0.5126803072602435,0.00016688316472433052,0.26677544672097353,4.175714634996554,1.0176651265741212,0.7283322036866198,6.986227020487803e-10,30.500610533191512,3.8773656543804176e-05,4.681630384494133e-05,0.8919385882530826
fc0e5122,8.409907527138467,48.9,0.038131972677796284,0.07897027957825022,0.0894273885055351,0.005282174523567502,0.7489346894440607,1.320099732518523,2.3825208000488662,3.651021674982114,0.02149071149869955,0.04936032448384992,0.04354488205083938,0.050574546870782826,0.11193781701316505,0.07439847485080278,0.09065626065550797,0.13719052336649534,0.04043538149460197,0.0015528539238370013,0.0005508169363388921,0.013742852710526611,0.03196158196003088,0.05449371442001868,0.6624793930640112,0.02237193448436406,0.3177755013339244,0.9799522967002346,0.35417624917902535,0.5173956341793042,1.5109489166905365,0.0048248899120230705,0.0007054303719918446,3.6454913546980987,0.0036551395655741534,0.0022096128215564593,0.002223545728301784,0.0006223096791095931,0.0011312063803696306,0.00043966016308723006,0.00029334194848087855,0.001096882664567827,0.0017501810138924071,0.0014762433644656102,0.009931353244967096,0.057314839000903776,0.0,0.04500204896161008,0.16459855759695913,0.0,0.0,0.0,0.0,0.0,0.0,0.0,0.0,0.0,5.253214628898658,164.93671920870193,1.6874765898472883,13.067174755290562,0.6040978488447895,3.1959367915027834,6.498311317945168,2.0342053325864553,4.2686143768183475,2.6788307697316944,27.92533482916211,148.03877109402524,0,1,2,1,0,1,1,0,0,2,1,2,0.49441641529705177,0.001712657580367752,3.0180942726506602e-05,0.00921565902233938,3.078953675944282,0.7596025876234717,0.5184979796743764,0.00019066903774619582,0.32995028401256954,4.230998664477774,1.1662737980419975,0.6705581018724812,1.6209187848325386e-09,30.51668676257191,2.5346820723377752e-05,0.00019547239330193508,0.8841963104616821
298d8ac7,7.222371285261334,48.9,0.03531404381390241,0.07970201801064276,0.09176415652946808,0.05976535010709116,0.9015773478442473,0.4983072611619568,1.7324135298091459,3.8373749338979173,0.027360647701580684,0.048895365221873245,0.02968611851825328,0.048329370473659546,0.06325024335401126,0.12752644020425746,0.11088367968218064,0.08610192134610521,0.0783068685601184,-7.227023554334814e-05,0.0036860525371244144,0.1756822680196924,0.7027765355845917,0.005691744983485219,0.19310906727617022,0.05868312269869952,0.42960269633982645,0.01002144212343083,1.5051101427342113,0.1453560481920573,0.08194733888287734,1.0886658391584475e-05,0.027188931616433588,3.810175115623092,0.0007372072502809957,0.0019066413416095086,0.005808527306777301,0.004826526897384676,0.0012169634156007675,0.003244091914385079,3.5538134656434546e-05,0.0013651522725521678,0.006739422159978633,0.0006638407193012762,0.003868462685734376,0.002781352826096029,0.0,0.0,0.13988766674922826,0.0,0.001811568324201673,0.0,0.0,0.0,0.0,0.0,0.0,0.0,6.115553024441748,25.55716604900751,15.258995803067227,17.623690507523836,176.81651683418113,40.76401037222522,14.918398535711297,6.573868331981675,24.5572084542003,6.075128482205461,16.8620698480103,11.969843105521417,0,0,0,1,1,1,2,0,0,0,2,2,0.44502971890523924,0.001621809026904854,2.8770504219500985e-05,0.008737900555234308,2.8101804463652758,0.8339993298729768,0.4403858244493237,0.0001686442631457602,0.5445658160325948,4.229623483652422,1.0236680873403579,0.8020784363206692,1.1975793717712148e-09,30.43868100239647,2.9932175248331405e-05,5.0614637265419335e-05,0.9070596332635612
97a389e0,14.161930707763384,48.9,0.01606307909116821,0.05520417259263561,0.09979981193861016,0.03911061246390492,5.987947711488406,4.264121393808184,2.1585216032180816,1.444468411678284,0.004506507144836422,0.019389400794087446,0.024293329334580754,0.01024484836186784,0.06879783859016006,0.08656983082587894,0.06582904097493374,0.08703876275548238,0.1465316320854144,0.016694818593593865,0.01987159703400743,0.08076542176411346,3.893012746616739,1.740954802885239,0.3539801619864287,3.380677477082139,0.2655508948090973,0.6178930219169477,0.03251894075763934,0.13042127687966798,1.9955813855807742,0.5574442718742781,0.7899483610541397,0.09707577874986628,0.0015190608139828102,0.0024133710214420435,0.005808484401572178,0.0035621892158804822,0.0040804880202971365,0.0014984325757453091,0.00609522210023402,0.006952805436801855,0.002675416225770535,0.0032149849553865196,0.013697579720297413,0.02290068472393652,0.0024100246000663406,0.0,0.0,0.0,0.0,0.0,0.0,0.0,0.0,0.0,0.0,0.0,13.645092995724532,20.230287337723194,12.300177234510018,14.873940051901997,12.323750327037942,5.281983572906732,14.168289373764368,15.201777403700365,31.548396952011746,6.4358813495357525,31.64487247393379,15.778378608703084,0,1,0,2,1,2,0,1,0,2,1,0,0.481962015662041,0.002166156028381566,3.354847546318291e-05,0.014414626814128828,2.297108891740179,0.8477354863770916,0.39875639490862486,0.00011468293468644564,0.30890896663417233,4.351842160339997,1.0157982607051521,0.7379925143503759,1.0291178979696819e-09,30.248257852868868,2.8407104792070387e-05,5.26523152458947e-05,0.9084120592623869
50d0fd82,29.248699448011973,48.9,0.002077944329197675,0.05949717001673743,0.05854482737569583,0.007790370503394429,17.274189101883806,6.4914114301637245,2.3397061187803203,2.841503466288385,0.001843882823885996,0.0013596565916664737,0.003030293572040556,0.004476029103480366,0.10682435834989686,0.06719112259683509,0.0724135608503443,0.06466963101684281,0.03855129025990039,-0.00020575683564792488,0.00046357837210758506,0.023113289973723628,5.58666329788721,6.306399263322974,5.381126540673622,5.067882895671707,0.18993734671957843,1.2335911877724386,0.0006579932025434298,0.7105639728073503,1.6284841527704266,9.088745936623156e-05,0.0011034715955381591,2.8403091072334807,7.313029042154372e-05,0.0003301243569043841,0.0009019404631803248,0.002895405468200868,0.000890151201167075,0.007618511272753119,0.003528723155310013,2.617921049153163e-05,0.0011189836834357945,0.002493132273774747,0.025954995306613368,0.028674649162329535,0.0,0.0,0.05908075929243579,0.0,0.0,0.0,0.0,0.0,0.0,0.0,0.0,0.0,9.766985265305252,25.71402623582206,19.15215425035733,38.13812877549754,22.48225324790917,18.675551253914673,13.933952027200036,12.459032895926732,9.438362405724256,7.456380414655825,179.45754770813,165.15431362263763,2,2,1,2,0,0,0,2,1,0,1,2,0.37776837050160833,0.002171134741174564,4.3402318631577065e-05,0.01341638168026155,2.977288984217189,0.7190488273284005,0.5846846451599017,0.00020510165570086008,0.5381639466679112,4.137421699415634,1.0721649215142182,0.6542766049474276,1.1521803697246628e-09,30.440989520700406,3.248874826216003e-05,4.319301990358637e-05,0.8832581955646369
954844f4,10.707057772756327,50.5,0.03811773143088412,0.08354489445326707,0.10546630245363657,0.000909083327736777,2.7728620956678056,0.5128770039961662,0.8110806567165748,6.263392812479101,0.030630317873937784,0.036959760611442107,0.04676311580727247,0.061959392185446334,0.09303498042362764,0.09564031075072726,0.06801143013175663,0.13391200007450152,0.11447547715465153,0.0005149604058675785,0.000476607181752737,0.0017356823955900155,1.453747739626172,0.36380825906717235,0.9553060969744613,0.10248239666571886,0.008266278422780387,0.4021283289076669,0.012589458938879054,0.4208076514734081,0.3776835463042877,0.0005309407089698213,0.0004549508198302203,6.262406920950301,0.00029297222424863904,0.004648760135822162,0.005635759314091047,0.0023009017342923836,0.0004556863996749782,0.001695924106733549,0.005435242469087264,0.005312208153973282,0.012496797427952068,0.0007564851268986947,0.0008012542877560015,0.0018124595009941999,0.0,0.12483561668630856,0.10332549590125244,0.0,0.0,0.0,0.0,0.0,0.0,0.0,0.0,0.0,6.620360772761224,19.452993678061347,114.02447367383681,0.963049922886211,0.5715499867444723,0.07329499362532312,3.6679282188594806,6.51276589512181,5.7184727150227905,5.039016983435268,14.498049298136761,10.469573158104334,0,0,1,0,0,0,1,0,0,1,2,2,0.4385903649414604,0.0013871295631748906,3.070592420743561e-05,0.00812506141535283,2.8401108089889227,0.720147776661227,0.3530379524044521,0.00029822208174104975,0.31622952101997376,4.214626546392581,1.035593509698076,0.6654993836685832,1.4113587546199656e-09,30.442422502049926,2.8302719761269446e-05,9.484181831575872e-05,0.8189109287693404
74f442d5,9.02129885444914,50.5,0.04205039581554317,0.09585142257659278,0.0821486627577368,0.0006929590464130252,1.9861384577532375,0.054223932881951376,0.4902618739508228,6.199446108993492,0.024740192978157213,0.04933811004442424,0.052072884424048047,0.05951042349218387,0.08990359549472336,0.1381402487428711,0.07249156342815304,0.11144848278704705,0.06250594205801029,-0.0001516064450254333,0.0004209777225782063,0.0018095058616863023,0.29579407605960095,0.00929408306769574,1.6810502986259408,0.04800261674281509,0.00017050261170999727,0.006050813527426289,0.0007755005399997708,0.027147318629772408,0.46233905478105064,4.613633377827784e-05,0.0003794182079396671,6.199020554451773,0.0004255998124993517,0.0032818173449067566,0.0005789052257973212,0.001971557111057989,0.003441777236099976,0.003174204572160867,0.0004884907546392823,0.00025688758996123993,0.02081135533765232,0.00040902986660925375,0.00499737152165022,7.213217764685462e-06,0.0,0.0,0.0382649242549635,0.0,0.0,0.0,0.0,0.0,0.0,0.0,0.0,0.0,12.428922017289473,10.442229274848291,7.148555742343826,8.173340954976565,15.984418649995071,12.70094796682506,14.942671427925672,5.299345539082287,15.363177344539881,1.2724016829576823,11.60228827839672,1.3494243700141302,0,0,1,2,0,1,2,1,1,0,1,0,0.42179083006022083,0.0014813580333357139,3.887973055694303e-05,0.006405621162934161,2.8973378403882624,0.7065018673136215,0.33466435338362077,0.00017226540438082324,0.3642268313100247,4.174495006839247,1.026809944052503,0.6695319640415329,1.2246705668276155e-09,30.531685271063697,3.4931300632106586e-05,6.172610101128626e-06,0.8046917636730702
e8ea19bc,1.0190445947914872,50.5,0.0273312655882835,0.09245263623138711,0.09271680599569643,0.03160119405725619,0.6411604461205644,0.09090031411554184,0.2294460856258337,0.024455676009559994,0.020121234557735207,0.03214748836614973,0.029725073840965566,0.04852989821083312,0.08554446180072306,0.14328354868260518,0.0825814450073008,0.1150327776126887,0.08053619536709979,0.00016323452964303093,0.003196208971086193,0.09144413867103934,0.0006403910989233422,0.5131176850615485,0.12740236996009258,0.05472655153493442,0.009299615482191064,0.02687414709841635,0.11762365222289499,0.05856784828538088,0.05325458511755785,8.798379919409675e-05,0.02102033018512084,0.0033473620252450595,0.004734732834670994,9.812438700492572e-05,0.0033622064263024,0.0023796699732761585,9.782366423767477e-06,0.004548019512862841,0.0029309083648592113,0.0038451594191329886,0.006651036543719975,0.005890057373110526,0.024265749760044905,0.013904922902233639,0.0,0.0,0.07541031243645167,0.0,0.0,0.0,0.0,0.0,0.0,0.0,0.0,0.0,2.987788526384411,4.9041299442548185,20.95920827970374,13.194796467975895,2.547155794720716,5.667679450381832,14.108404616713505,30.57157255243901,58.418918501046825,2.6254473686066038,2.6973669498083566,14.018404606980669,2,0,2,2,0,0,1,2,0,0,2,0,0.4419447211595414,0.0016183099565091408,2.6176715646417602e-05,0.012706390508473197,3.7154791073478144,0.7598286527985245,0.3004618167854615,0.000245058967470568,0.167239233325287,4.229345449099637,1.0234770573295175,0.6803250450459644,1.2345124640242127e-09,30.284936480671284,2.497333464350569e-05,0.00025521600184243794,0.8319609259368131
8822557f,1000000.0,50.5,0.002873906432005371,0.07132988234962077,0.08251233338535234,-0.0002465975306411915,16.90968713893725,2.0694279117537437,5.7631431475879005,7.012742116438854,0.0010428910974191602,0.006340735966620512,0.0012380922319764403,0.02718516140683281,0.1034131170739401,0.08339136856808943,0.05957257643283902,0.17253510634318728,0.015429317380030762,-0.00022226526360305738,-0.0004035109622766269,-0.00011401636604389025,6.2326276229156194,4.39396774817748,6.283091767844153,1.2421572778396432,0.12284698272831565,0.7044236511857848,0.14108770929884212,2.1924643459923168,3.429591092296742,9.880415562121525e-05,0.000473555938072492,7.012169756345161,0.000675579857324395,0.005454124206588947,0.002116152409778218,0.0010733819563938823,8.68161163879496e-05,0.0014924508669282499,6.033709507524503e-05,0.0003510747392346279,0.01302269434334566,2.1466535400731387e-05,0.012161979473657785,0.0026656931334274312,0.0,0.18710272921263502,0.04163676501225777,0.0,0.0,0.0,0.0,0.0,0.0,0.0,0.0,0.0,3.839844142450807,21.262151587593237,175.17579907494223,20.672280472400736,0.09147429681333186,4.692624170528261,10.538049031378351,4.630685019691342,15.124747803645482,2.186450302070743,2.679904238728975,1.9063151855297187,1,1,1,0,1,0,2,2,0,1,0,0,0.27588834141251645,0.001656685676586137,3.3232330879594194e-05,0.010710415950501158,3.41777618855689,0.6916846379607918,0.31529873426214317,0.00035152085422463327,0.3012820572483684,4.264001776886517,1.0152145120911247,0.6558581690173944,1.1260056775071296e-09,30.524299883297836,2.784762077336428e-05,0.00033666604565553903,0.7888645514919024
73a62b63,3.8550047062539705,50.5,0.02756885553000436,0.10057046786052333,0.09084667246744225,0.05009856704284165,1.3184232365218178,0.47928481453238847,0.1296253435007619,1.7978779763299029,0.02442254539105641,0.035943926139806515,0.02234009505915014,0.0580001422036834,0.11607201780873469,0.12763924356915188,0.08109893690653223,0.10866706778181401,0.0827740127139805,-0.00012179731297534974,0.000376155248219266,0.15004134319328102,0.2582441214318044,0.3909703772287107,0.6692087378613027,0.024586647800854653,0.44505511566542005,0.009643051066113767,0.0880028907298861,0.011011190833472656,0.03061126193740315,3.678770955413833e-05,0.0003106649701199188,1.7975305236502288,0.0006560770247099469,0.00055618767185796,0.006839629123868823,0.002693739866514867,0.002694665287661965,0.002578968175645285,0.0007760801084050874,0.004283256928760341,0.001861853997955103,0.0026680589682590867,0.0052611242709257175,0.0015463782257389529,0.0,0.10276332329975565,0.14080079626409067,0.0,0.0,0.0,0.0,0.0,0.0,0.0,0.0,0.0,2.680893924865299,167.06775809464986,6.453687285919589,23.12519873514461,18.11056387301224,2.8793749229693275,2.777144305212566,7.7941251720145965,11.27167414444961,1.9589129300024355,13.970050377244947,12.949061118857731,2,2,0,2,1,1,2,2,2,1,2,0,0.36824511752174993,0.0018732218567482646,3.615571136402433e-05,0.00794026587482361,2.937311987479214,0.6877126021171106,0.4182131462119682,0.00017914428341097576,0.2694136741646262,4.230748137950625,1.055669745873538,0.7779792639038461,1.2543197347191178e-09,30.436836210518916,4.002663458184372e-05,0.00013684711381537702,0.8182734759934414
5fab5f4a,9.06649367820311,50.5,0.04083328826099251,0.09933045428422071,0.11159882154733042,0.0018856396138625727,1.628654911669074,0.07660130101316459,2.2741235913617106,4.768805453776602,0.02510109143391679,0.04850644638716318,0.04889232696189756,0.05626526997359624,0.0960774829020547,0.14564860997701118,0.07196676362927,0.17379543275626982,0.08903426825645143,-0.00017182983536906258,-0.0002630770758757237,0.006091825752832504,0.341548852350021,0.00325309050010602,1.283852968818947,0.007259813170830342,0.027896735460964012,0.04144475238137023,0.00013505091471149386,2.2736080420436378,0.0003804984033615918,6.203672523620158e-05,0.00013854720025207907,4.768604869851114,3.5508791204523244e-05,0.000492386912503937,0.003718456738767804,7.661597005703341e-05,0.00145255001089723,0.006245215924674977,0.0019637099255472726,0.002162782616738896,0.004116184536775043,0.001727929567512314,0.00035791695885566854,0.004773795296656941,0.0,0.0,0.14567140487760588,0.0,0.0,0.0,0.0,0.0,0.0,0.0,0.0,0.0,0.10148851431666363,11.565281846950748,11.093259721542305,0.7764645415234409,13.615585657897654,7.380510721292455,1.5122481555110026,4.547258646685346,53.267964032551184,1.5416615554402902,7.285363003961536,13.194835883319051,1,1,0,2,1,0,0,0,0,2,1,0,0.4120636739187236,0.0016608353639950284,2.957640696870704e-05,0.008616683228771542,3.205028946310849,0.8085474726941034,0.3942790676962466,0.00021585492946809773,0.28509153222840145,4.270954790231328,1.0273190659639104,0.7546628555894485,1.1802103139063041e-09,30.450475985870725,2.0479148598579932e-05,0.0001801915166953949,0.8839937687615929
5773ae1a,9.614118668867269,50.5,0.0384740602185041,0.0742601129745314,0.11343346184832315,0.0005919182143835347,1.0897344245985428,0.6982430153882632,1.3658955784387348,6.143631240354198,0.0239080843207792,0.04477834126744375,0.04673575506728936,0.04990029470618106,0.08809039514576562,0.08478964907164754,0.08227291770786302,0.15253028544127525,0.10549718239583117,-0.00017904212809579775,-4.3153515494827094e-05,0.001997950286741229,0.20283558832184082,0.027250920795323305,0.8596479154813786,0.03150500400464498,0.0010749303739557368,0.6656630810096624,0.11110175232953587,1.1019920265860124,0.15280179952318645,7.255698627646343e-05,1.4451772935145674e-05,6.143544231594986,0.0017564370078495277,0.010375104870205371,0.002190757507574256,0.006202991973667785,0.0014107337325831833,0.002620735054366875,0.001648839195447708,0.0036478699308916634,0.004881363290676766,0.0029059970767912587,0.0032752589418275175,0.006650402679673177,0.0,0.01293241850917043,0.01110295918635282,0.0,0.0,0.0,0.0,0.0,0.0,0.0,0.0,0.0,2.5036739900845713,9.862420919487207,18.371947472160656,1.9624612119553764,3.1053425250184024,10.186057533207116,7.175225524033157,7.374174417401747,1.524176532348944,2.7568431231444412,38.20292876259307,24.491081117266706,1,0,0,2,2,2,2,0,0,0,1,1,0.389241943724016,0.0013348131273541314,2.9276394231074667e-05,0.008781093569655871,3.3344962354551786,0.5706069122674642,0.3500623343103281,0.0001593370245388145,0.43006032668829325,4.141266559221884,1.115610620012926,0.7657707319512429,1.4148291129925109e-09,30.525865120546428,1.993951490756498e-05,0.00039093483491985266,0.7208862526624041
720f9461,2.341213938686011,50.5,0.028126559698111186,0.09333601926681982,0.10360036705940277,0.017786048428914115,0.6527209216958831,0.029455532809376572,0.550650639617162,1.0272922885511628,0.02083618727925995,0.033442573354255836,0.03010091846081776,0.05119766709641463,0.0883828307005927,0.14042756000345216,0.07878966823220693,0.13577654388618535,0.09623488905981602,-0.000230089695061331,0.0021139345152594844,0.05147430046654419,0.011083534134458135,0.6005527463050656,0.04108464125635932,0.015342555453071826,0.0006486985297630494,0.013464278826541696,0.050415619610949584,0.4745050580967548,0.0257299619094577,0.0002466487008807246,0.008955221076059656,1.0180904187742223,0.004191461878996492,0.0013289463083317797,0.0060644167261191895,0.0005505089256160594,0.0011977177696690326,0.0006826477083065629,0.0006327334634682429,0.0016542195704142672,0.0074573335919749005,0.011864491785740002,0.004216966498438765,0.005673997718798102,0.0,0.17139724233153242,0.0,0.0,0.0,0.0,0.0,0.0,0.0,0.0,0.0,0.0,2.2138378240565793,5.254845548031167,3.8269784415783312,14.608402228249997,4.979666560604365,15.854395848888517,16.467155003832733,11.109141308854936,24.68297837104372,3.4668596871034425,46.50202614372154,47.43316152820173,1,1,0,1,0,0,1,1,1,2,0,2,0.4744935535095363,0.002280724905593097,2.3436646245048672e-05,0.011083692774389007,3.6968028304155363,0.788963773186319,0.244065865300171,0.00015733255831931604,0.24610616111267158,4.219975192759724,1.089867209446252,0.7929061541096851,1.0549565023493765e-09,30.69152827523063,1.9995266768419764e-05,0.00023815013801283436,0.8404461059067532
bd11fb95,2.7168489711240804,50.5,0.02079520911571021,0.09175642649581302,0.08507604647767657,0.036232001872534496,2.3373721477874945,0.04511843609928428,0.1157254840129918,0.14385766829765392,0.013750551751706384,0.031084137006485678,0.01755093858893857,0.04920389585551645,0.08951828418030727,0.1365470994516154,0.0759716704365626,0.08933676583904654,0.08991970315742057,-0.0002085554573775912,-0.0007344412056870823,0.10963900228066817,0.4774601626040238,0.655258292975261,1.2046536922082098,0.042484908089167564,2.030880720300984e-05,0.0026132192029137058,0.01863969977408308,0.09707534710086982,1.0437138038907235e-05,0.00011888255200489099,0.0011406107281594564,0.1425981750174896,0.0010422752754646065,0.001714425882932657,0.004123784158395377,0.00016736507383441985,0.0033994089463919106,0.0028950181812947766,7.28994708134199e-05,0.0007938977002802281,0.001246085489683722,0.00564728203660296,0.007861485797053001,0.0055551870476635195,0.0,0.06759301976953667,0.10126363066660615,0.0,0.0,0.0,0.0,0.0,0.0,0.0,0.0,0.0,2.224000662361789,178.94249171236464,13.290130348091601,1.2480123622702228,2.6536602455446006,0.6449600788972604,7.469404548094132,1.7518010156325738,7.935714203300818,0.018421631783613387,3.5302310112567103,8.01644872521259,1,0,0,2,2,2,1,1,2,0,1,0,0.3138974543965712,0.002752012569550685,2.360536953067038e-05,0.009551055167295657,2.433080025752394,0.7326197710633503,0.35690182729622955,0.00014873005726000343,0.34135234452907903,4.396002710173689,1.0179982397926848,0.7465820583680902,1.1460217471288407e-09,30.43930696747345,2.733852334578942e-05,0.0005395172551008405,0.8280125731709952
3166bead,2.1038501807089105,50.5,0.032481165191106054,0.08071972089717062,0.10773221759138722,0.03870965554899106,0.5901372174009195,0.476261064731084,0.7292791737325061,0.2384070977114584,0.025903662595624034,0.04201408489551066,0.02952574808218347,0.05502177014579364,0.09398598167957632,0.09315141086614194,0.08692525916534148,0.12426686782047289,0.11200452578834731,-0.00015118596056345129,0.0025822218798371233,0.1136979307276995,0.45509471434470256,0.07669369008498729,0.0583488129712296,0.0063668383754639304,0.013158393912969987,0.4567358324426501,0.2290677119432332,0.19442439242216691,0.305787069367106,5.281366684867331e-05,0.01335072121165947,0.22500356283295025,0.0023756767944862647,0.0030303724577451017,0.006833347963018287,0.0005985698282042893,0.0011451728292681748,0.0009756331188297796,0.0014994898431734158,0.00570404672399598,0.009144508441656173,0.002664446941803575,0.0038705992094684753,0.0021877400331637774,0.0,0.014240884304249012,0.0,0.005217077554736652,0.0,0.0,0.0,0.0,0.0,0.0,0.0,0.0,0.9222934347031648,3.20693848036576,7.671128561709621,179.25490840449194,9.515668950419895,2.362178578966286,13.818759784664833,3.9009360901856946,6.7349969543392,1.3968573506792668,12.52645813765017,2.5198117196122185,0,2,2,1,0,2,1,2,0,0,2,2,0.4543310164083509,0.0030942225638503143,2.987072189753882e-05,0.009362773516745332,3.756115849775473,0.6888526685947701,0.330184536244429,0.00019273509902346898,0.1840249069468124,4.168322509456924,1.069846922180842,0.7485551269893544,1.370988879518892e-09,30.45988575873779,2.3252873558059755e-05,4.562170193180709e-05,0.7915556874648731
3337b36a,9.127551434739523,50.5,0.027859507941174828,0.07023965857073869,0.09278098941907398,0.00036700319245957716,1.2497660444328187,0.9957430605095261,0.7952116906258389,5.862547998370812,0.01926687031829554,0.027058749408999192,0.03725290409622976,0.037640010859790934,0.066990427800588,0.10608853705183713,0.059342470399707865,0.09734360500043811,0.12165689285707597,0.000637393973022729,-0.0022687280915704247,0.002732343695926427,0.005061172942010838,1.0122819416755502,0.23242292981525764,0.4707710071098031,0.31416882726524936,0.21080322613447372,0.14655821371830358,0.01934552081170287,0.6293079560958325,0.0008375302897314692,0.010349387597392509,5.851361080483688,0.00015181776749165226,0.002767338411230982,0.004104307934007028,0.0016606933099468225,0.0008472723089522665,0.0016116567929673315,0.0045109052949245144,0.001054079460561122,0.00752324007612608,0.004998813463220108,0.007425179488130035,0.013751398528350254,0.0,0.09663923958174453,0.1536982758879204,0.004010511152764558,0.0,0.0,0.0,0.0,0.0,0.0,0.0,0.0,7.713752555926936,179.23609680398818,11.801649159705478,173.30066802781664,12.626768479021534,2.520514540038292,1.1543893609838871,13.211779729449814,10.040662997166589,5.660068684615199,16.890357253323582,29.75371249230303,1,0,1,1,0,1,2,2,0,2,1,2,0.36868457229206986,0.0022713598944695515,2.634362942345497e-05,0.01072052097604333,3.4913066633564482,0.7135295693031609,0.5202359950728984,0.0001277954787786035,0.4347082273233711,4.444419642776735,0.9511647812131188,0.8469508624610548,1.0356248822668699e-09,30.633315836807125,3.1096497009015197e-05,0.00010624724564488817,0.8625097752761854
2cf3ee49,8.874144526108449,50.5,0.03348313835507697,0.0793796817557395,0.06148632562173639,0.067033939179388,0.49712915838632465,1.4422947202498695,2.196136994539199,4.4408300316850875,0.016283060146669782,0.054545568029449744,0.0296207868891114,0.02591112481338071,0.09410568154488662,0.1181222389089512,0.06750627888914748,0.036038192264523775,0.08091450571153792,0.01636912227997711,0.010343425015168254,0.17438927024301867,0.16518512882710626,0.2766830809069048,0.05526094865231362,1.3620872297910618,0.01386357241869173,0.06634391804011601,0.01634661060552814,2.1308317560296395,0.04895862790403116,0.5359257803179619,0.2141128259879301,3.6907914253791954,0.0030539180481228244,0.0036999469114197725,0.004254201055274007,0.002585206169482026,0.003270117475871845,0.0010649468414530262,0.0013335903693919805,0.004372220287906584,0.002343562613427922,0.00542695902655025,0.011829788633502505,0.002489223773915375,0.0,0.15934384103719829,0.0,0.0,0.0,0.0,0.0,0.0,0.0,0.0,0.0,0.0,45.57135410722351,174.90951974582993,4.442273961187832,6.752469800581534,9.128796247768474,11.17939492285648,7.203757013227193,4.92277998109064,25.39201086484793,14.542796602591295,25.287489366104428,22.43074145103461,1,1,0,1,1,1,0,1,0,0,1,0,0.48240931622638905,0.002077922447415125,2.5029058921041708e-05,0.012725781242771506,3.200652261211012,0.8537832550710223,0.30791944278628713,0.00021452459802526823,0.27453883956893954,4.24679585468061,1.036157401486618,0.702182519279634,1.2398394723362162e-09,30.265776285006392,1.6862224933625744e-05,9.553506169105793e-05,0.8987754417512991
c54b889a,11.829282364126199,50.5,0.03284011502873976,0.07950854307027018,0.11064381269975238,0.052274445858828185,1.5248230883767708,0.6391201441014769,2.0269052498388302,7.469867032716574,0.029246104704219067,0.03811295215299096,0.031161288229009244,0.03643867372755532,0.07846590636553219,0.12362104911772302,0.10804766922761622,0.14232995022757022,0.0815538186440707,0.04202194630436302,0.042822538735767066,0.07197885253635447,1.1028789921219797,0.3568931662094049,0.06505093004538638,0.5369376106512508,0.07480260647120567,0.02737992697902043,1.2956462314182247,0.6890521324363034,0.04220688598430219,3.5316931319259304,3.667541170674259,0.27063273011638544,0.0026323021601418334,0.0051166924261586075,0.00237583709933848,0.0014108990564312778,0.003110782692936856,0.0004463646239781685,0.002968772812647495,0.011257814343266616,0.006685986610905368,0.002278050129637144,0.0012341481751725696,0.0061562416342210696,0.0,0.1682418004143581,0.047892268717721495,0.0,0.0,0.0,0.0,0.0,0.0,0.0,0.0,0.0,3.6433140297876734,32.47777565852667,175.35792770522573,18.90488182442318,3.861306813804768,16.186370755825365,0.370419814725053,0.8179708021223452,16.06551740010106,3.8828600391564554,0.30979188789162115,9.992098503957182,1,0,0,1,2,1,0,2,2,2,1,2,0.57664849656826,0.0021410927194664914,2.6899216007434478e-05,0.013554552323806902,4.467366270313585,0.7368030549732475,0.34655714384405706,0.00019975911855461427,0.28737100492477274,4.2758048374,1.0480670458435684,0.7242790159968168,1.4575916512191762e-09,30.625680897247186,2.095800167941364e-05,3.8195965520634096e-05,0.8279811807958157
059c8dbe,21.08373345196607,50.5,0.004298455573529569,0.08568480843075695,0.0846712368245723,0.00395237237638475,14.419170485517885,1.4444936161034276,1.0659624785852078,3.780734420453607,0.0018802065739479759,0.005368290170027499,0.005646869976613232,0.02526316548118143,0.09008015492247354,0.14171110488861588,0.07490691254409379,0.1258745338929307,0.05323226403669237,-0.0003090173414732894,-0.00014169371339473207,0.012307828184022271,5.60064421610304,4.76385303186082,4.054673237554023,1.4252744762985057,0.0002894151079378315,0.01892972469698409,0.01066679047156409,0.22614044401694403,0.8291552440966997,0.00019243995439216364,4.7946296708115025e-05,3.7804940342025066,0.0038844904959037556,0.009398596455440847,0.0032085528548350534,0.009064144068903577,8.38099914074221e-05,0.0038126422626215475,0.0010440809157927298,0.0032156588143114695,0.006535972327136942,0.0012068635920122021,0.002791429719147177,0.08089682188805059,0.0,0.16413488295843207,0.06237341905570329,0.0,0.0,0.0,0.0,0.0,0.0,0.0,0.0,0.0,1.4541418709658878,17.8603271830845,9.452461972554055,12.68561338700883,6.165369980757076,0.2217335487810516,4.319728078420777,4.688891528047575,14.601075631332872,10.50592148922767,21.421787565187294,2.71482852200337,1,0,0,2,1,0,1,2,0,2,2,0,0.2893428994623127,0.0013448721696961159,2.9362034328746996e-05,0.01123917066620653,5.298842103703093,0.6589846736592514,0.42696982294598845,0.0001928307110896462,0.1082058033312987,4.274246688269548,1.1091943464508696,0.8135913236324095,9.889839039232796e-10,30.408859435277744,2.4314748021852465e-05,0.00015824401825142632,0.8045452301865347
6299acf0,10.32058057727572,50.5,0.026190518266143794,0.05889864040873701,0.09447690503312567,0.001131910079940626,1.073645735013867,2.536083332606856,0.9818703970380834,5.507271488225788,0.016017622751941542,0.041046013028754644,0.021507919017735192,0.02479427281718939,0.05756490832383361,0.09433674008518804,0.06603727062881516,0.09021911859726683,0.12717432587329505,-0.00021043341416023185,-0.0006462141963571493,0.004252377850339259,0.20042102249636784,0.25997438623898095,0.6132503262785184,1.471757413218511,0.6340269052540012,0.43029901413434385,0.030182510497070072,0.08559166025901165,0.8660962262820017,0.0001265389885517378,0.0009486521186983563,5.506196297118538,0.0011754699423924527,0.00406185606974966,0.0011632310872150473,0.0017975080099843035,0.0008640044535361475,0.0022716383069829663,0.001571507029870342,0.00021747593899685723,0.002036375705671221,0.006162348980824965,0.010652067571665307,0.01691666061366377,0.010110644829281198,0.17254777748351202,0.0,0.0,0.0,0.0,0.0,0.0,0.0,0.0,0.0,0.0,175.72320594297622,0.02023479491360456,15.993535886305393,4.883560195563291,3.0449521636425327,15.345254032174685,5.077696014370028,13.084312554418293,12.54876763458117,1.4211416514946946,12.083717657041527,6.42780025591592,2,0,1,2,1,1,1,2,2,2,1,1,0.37720141954860825,0.00165060256340742,2.7869877142862436e-05,0.012041529274295528,3.6465581833850913,0.7307611508998638,0.5427453563656748,0.00015754301108315212,0.23865810499264323,4.224499317852301,1.0800761982357943,0.7483514290290364,9.938820507560879e-10,30.51541608183285,2.7196901765891585e-05,0.00011972032899190173,0.8768350114665648
e04d337b,6.615881897537209,50.5,0.04511707502393374,0.0914901058871338,0.11543391367129067,0.01879771318478316,3.207170556654715,0.18772982776652908,1.8028617337676969,1.2272781083451514,0.03248864497666237,0.055848954951302925,0.04701362514383592,0.05610036068095477,0.10199741251598786,0.11637254446445879,0.09535476960367718,0.15528035853189243,0.09566661287830244,0.003706468577707898,0.0041642311513718465,0.04852243982526974,2.0008853992420104,0.3220746832720247,0.8842104741406801,0.006148470477914533,0.09928106734520334,0.08230028994341122,0.5503634097129677,1.229902704584901,0.02259561946982822,0.027477052304542574,0.034705208154751435,1.1650958478858573,0.0013438914683500255,0.0014426097934896076,0.0027662769747559004,0.001322664136114396,0.0014158138945444838,0.0012461689922947912,0.0022366907104685624,0.005909943535260493,0.03543626152795204,0.0011107067437260516,0.004854481500639206,0.0091624601840905,0.0,0.15873966194142083,0.00072711132042341,0.0,0.0,0.0,0.0,0.0,0.0,0.0,0.0,0.0,8.729185492252606,12.683499627062279,114.45824754543258,8.133284179615492,4.294869713863425,12.557393275708536,0.9085982078892744,1.866276917691163,15.287476935330652,6.747450670933774,17.964379654858543,17.53264526724052,2,2,0,2,0,1,2,0,0,2,2,0,0.5482184724177088,0.0020013796408975284,3.55525694920584e-05,0.009738113825654366,2.930992020726218,0.6884629998782226,0.3577516926661063,0.00023209588056981962,0.31259475017721544,4.236865176602,1.073150318437258,0.7364452704876568,1.0685327159484009e-09,30.43743998372039,2.452742745547089e-05,0.00015846014863124256,0.7998801138306428
70f10d3a,7.243638084996169,52.0,0.0426718749927994,0.0838644244387887,0.10402656466258405,0.01256710042850087,4.4283422790094535,0.32247504401012816,0.4830788993262533,1.7485300588896335,0.03546310577983838,0.0435214644957757,0.04903105470278409,0.04462335537980343,0.07309454303480692,0.13387537490175574,0.07747480783224152,0.12892941462108434,0.10567547153442627,-0.0003629857080522999,-0.0002738449339933632,0.03833813192754827,3.058133147532608,0.053968010356268414,1.316241121120577,0.15610394917769227,0.16633151402049318,3.95808119427595e-05,0.033662381991408884,0.2931071444992262,0.15630937283561827,0.0002635341235894063,0.00016864143287180088,1.7480978833331724,2.1449348945418232e-05,0.003908778852128817,0.005917405746955592,0.002376735742107083,0.0022843227806463675,0.00022315828823444802,0.0010249620282723293,0.007634204528036644,0.006416928260423721,0.00012990415292546398,0.004319645485933074,0.007074026346426232,0.0,0.022045087831571577,0.15795406344817037,0.0,0.0,0.0,0.0,0.0,0.0,0.0,0.0,0.0,0.00913046626887731,175.8576504469695,1.9115317376309533,9.81928341632329,8.353701833654299,6.731090430280454,16.10802295687406,0.719221842702806,15.304095779255354,2.683786314410079,0.9477713309355298,4.178383376073874,0,2,1,2,2,2,2,2,2,1,2,0,0.46230385417162917,0.0015777251488827786,2.3452162278708024e-05,0.009338604253052768,2.919615567567062,0.8136634334905551,0.3326789041622462,0.00022160166425459066,0.3113541930532006,4.33991411936401,1.012960457547261,0.7629295289679207,1.1773222614555483e-09,30.398746695268592,2.7450471146092985e-05,0.00022399107504668636,0.8756204103518566
13671053,2.563340498181793,52.0,0.03129024917312681,0.08862667300265943,0.10062638832355945,0.04481951315701908,0.2537489931436884,0.09007129987912973,1.122827094821267,1.0126999078676224,0.01859656894234418,0.04187281822116089,0.03340136035587537,0.057184185317032434,0.09128884301769437,0.1174069906732515,0.07102985373404334,0.09872826245741519,0.1321210487792198,-0.0002529530926321196,-0.001234768633521776,0.13594626119721112,0.021450839084758866,0.2318836899915765,0.00041446406735305577,0.015174590984339844,0.0022347854866682053,0.07266192340812168,0.0003185525962614343,0.011976796522123325,1.1105317457028823,0.00015154277041877753,0.003097342116390971,1.0094510229808127,0.0004610416425779925,0.0014438712152283397,2.447625978084381e-05,0.004153358537305386,0.0016804753830588677,0.002040679676001275,0.0012291435154171493,0.006322276010642991,0.001433447106589943,0.004855124743451009,0.006930725772421153,0.0025585047403638267,0.0,0.16605575775004375,0.0,0.0,0.0,0.0,0.0,0.0,0.0,0.0,0.0,0.0,3.8720617837345777,2.4586561562150266,10.083473305110056,5.809751973695719,11.076759962323182,1.396439193040006,5.766092009491723,5.394652045116772,21.235000763666246,0.37513951253672195,16.53973193519824,4.824190327748703,0,0,0,1,0,0,0,0,2,0,0,0,0.3801670957104503,0.0019905713475978186,1.8242435795812668e-05,0.010302775203464551,3.704709896060645,0.6477677327362887,0.4514345422038898,0.00024198759462472594,0.2784196259593025,3.9995538567420703,0.9262638749947719,0.712528008495875,1.0685843839422867e-09,30.502588088216715,2.00877386284063e-05,0.0007544683265010163,0.8067324016037
1fcb5acd,1.8772606291635394,52.0,0.030259486890856464,0.10842723847568225,0.10352349152564987,0.024888127212196503,0.24284082825668538,0.8876738001515452,0.47085176248565574,0.21049914876229886,0.01987251540888845,0.04087937233759756,0.03002657292608339,0.04314802146383683,0.10729615902568702,0.1748375349375229,0.07860120500877403,0.12028728249013793,0.11168198707803761,-0.00015367333623761542,0.0002436588982692931,0.07457439607455782,9.832234812291405e-06,0.16289637182104447,0.0799346242008286,0.2079128998442462,0.2003622160057493,0.4793986843015497,0.047818198812933685,0.12614656666501245,0.2968869970077096,4.8387557168676e-05,0.00036170897910092845,0.21008905222602925,0.0005427358202447596,0.001762064019050419,0.006616747836251758,0.003785808792014357,0.000743772372850921,0.00048704916259663346,0.0033782555275407708,0.0007582194355347162,0.0004759759143007046,0.0010754388071283292,0.015587484135976434,0.006186025986853704,0.0,0.07076292269743474,0.03678264751167417,0.0,0.0,0.0,0.0,0.0,0.0,0.0,0.0,0.0,2.154581220395308,11.356815827375746,158.03977292300186,0.6707076429623077,0.5797913617579772,13.160790124307038,11.541698957228878,21.945419834553014,12.536508654234549,2.5667415578497375,9.590309901667146,3.9363861818603665,0,0,1,1,2,2,2,2,1,0,2,1,0.4142401257860386,0.0019370226754739828,2.4223427307173144e-05,0.008069344352502722,2.2075039521613093,0.9094163827830763,0.331185763612635,0.00021789104037855665,0.2858706359385618,4.333665304167173,1.0403664231889047,0.7281292660308742,1.3071211329591371e-09,30.374932409110176,2.2205126514170405e-05,0.00015399703123396188,0.9393832686454966
1ff19ab1,15.523736502129363,52.0,0.03688029263113868,0.06824887491515466,0.10339620209026083,0.0004030346578227386,7.066425762693373,1.132421495465334,0.5554061682487644,6.320334808426886,0.0023244153664591133,0.05789768081842337,0.050418781708533554,0.05672584418170369,0.059952150905923755,0.08806862965783654,0.07158809918162397,0.1254720054618227,0.11312850162733583,-0.0004465101252487109,6.656472221578862e-05,0.0015890493765011381,5.338418658768708,0.3591627876498958,1.368844316274769,0.010858966039747299,0.5425039930543469,0.5790585363712398,1.2941734750030826e-06,0.21795834472269587,0.33744652935259356,0.00039888049834575236,2.287137658969507e-05,6.31991305655195,0.0037199911255980326,0.0034545263380886607,0.004111649799604219,0.00031356943274910964,0.0010087346314771384,0.002104642426942172,0.0010751932016389264,1.9334282945822345e-05,0.0032915770794631626,0.00037136834344551537,0.0037429469809716603,0.00955067361447753,0.0,0.1081533552962901,0.0,0.0,0.0,0.0,0.0,0.0,0.0,0.0,0.0,0.0,0.08554463160482416,166.96313623181996,3.68103054450437,11.339455941257476,4.846392450855146,16.604363659313375,13.476403783027276,2.477389611595688,4.997582539423788,1.6169367179551104,6.00950560907676,14.54382596276355,2,2,1,0,1,1,1,0,0,2,2,1,0.3420891752183788,0.0021944997277638907,1.6774362208704127e-05,0.01186107469263282,2.3792607190753667,0.6799769104904091,0.21817749911975992,0.00019646504237302338,0.2508885966091223,4.245931672688443,1.0663591416734073,0.8451014923230203,9.658973954216266e-10,30.276307374877273,2.1307968647433336e-05,0.00030405633450287985,0.7497769300702788
946acfb0,10.528429330672724,52.0,0.02836517312436873,0.07233190290202356,0.05824655007248005,0.0024921896883070855,0.4895813832094231,1.4657932421084165,2.7198808540379353,5.6359848662491245,0.01850353622700405,0.037891380373293315,0.028700602772808826,0.04902218749447144,0.10276382872867816,0.06520969248292105,0.08080988397806829,0.04717444461193501,0.04675532162743685,0.00033991727119836717,0.0035686386557315327,0.0035680131379913567,0.024622587304070902,0.19783452865537776,0.26712426724997446,0.04563178745842316,0.11173337892751346,1.30842807572248,0.08273111602330738,1.487990859508754,1.1491588785058737,0.0002321109025740185,0.025470691044271764,5.610282064302279,0.0007710773799765859,0.001077231881644037,0.0025787345523944436,0.0005985364186466891,0.002594426311531961,0.008546447713240053,0.0017785046417315216,0.00024013215846267928,0.018098703340794067,0.001011632372025507,0.0005721310243662697,0.007887994993973656,0.0,0.0,0.17878921601894324,0.0,0.0,0.0,0.0,0.0,0.0,0.0,0.0,0.0,0.95724571353994,18.890451455020322,17.59970012252716,1.4521519686922009,17.178683230849614,17.003174048304402,5.086450291155532,6.772974817372491,37.760544313468074,2.647574188170487,7.1300159389992865,52.488755015772256,2,0,1,0,0,1,0,0,2,1,0,0,0.491932860218557,0.002734109557639509,3.9358848367376415e-05,0.00879389239178613,3.789327201425618,0.925965557452241,0.40093603174431225,0.00019065581347353452,0.24804831909369324,4.2687900834165955,1.075431583597156,0.6333869940122431,1.2401071878780551e-09,30.3526285525327,2.1931014389534222e-05,0.0002678229410840928,0.9556085394565673
6d0c2012,2.271252106317658,52.0,0.04021777141500563,0.08683813499914654,0.09697888757824032,0.03356384847477755,0.6610813227233847,0.8944745623383752,0.6137424541261571,0.02339699261342109,0.023469545589805296,0.057237597403763496,0.03994617125144811,0.03304972106428212,0.07888154189514539,0.14858314203801207,0.08834781813010867,0.12608647982105,0.0765023647835623,-0.0002613289527146056,0.0011730281953125192,0.09977984618173473,0.1608763708992502,0.2207056543804082,0.27949929744372637,0.7614319186080312,0.06921646510557677,0.06382617862476725,0.27356638303559866,0.23050181735802897,0.10967425373252943,0.00017751100051525894,0.002897343698464716,0.020322137914441114,0.0009705797232490616,0.0012223260298404777,0.0028031805770028237,0.006937026138550718,0.0012803836427176991,0.0010657599622679924,0.0012027417716996309,0.0029234904432012534,0.005914150233631212,0.0063972929791775105,0.012056259970174194,0.0010824610944148777,0.0,0.0,0.06559205569856222,0.0,0.0,0.0,0.0,0.0,0.0,0.0,0.0,0.0,4.557331342065818,6.239749721220436,12.05581586880237,19.754130131389328,19.54725130523637,10.701489475275846,6.926609982044985,0.7855311645082362,1.7487668614435838,3.816395887115577,14.136997672521986,27.504822562786703,2,2,2,2,0,1,1,1,0,2,2,1,0.4457388938101522,0.0016645482316113508,2.04741974597731e-05,0.009285511941085988,3.0649456732927134,0.6515070483861412,0.44008732064186223,0.00023945993635584713,0.21062155329877147,4.16116196269152,1.076147032206793,0.7833974333936878,1.2335524464931125e-09,30.530100582042643,3.128284728840315e-05,8.789492091944638e-05,0.8048303689923942
cea640db,4.146562750892168,52.0,0.033474335287017515,0.07303450900941873,0.10467072732221727,0.03130514497761396,0.17975134416398314,2.153114036308381,1.3294737093786095,0.3427206901756213,0.020811198895953367,0.04656628532774307,0.033045521637356114,0.020268009649596037,0.09141503696296722,0.10742048041569291,0.10511923527124159,0.09996739449450893,0.10892555220090129,0.011585343734325088,-5.1489591215107044e-05,0.0823815807897319,0.010483802742165867,0.16920660777786245,6.093364395483055e-05,1.9597533882082794,0.002542124239169176,0.19081852386093248,1.0958097131607747,0.006860131788266393,0.22680386442956854,0.26847431964397617,0.00015351902253127266,0.07409285150911388,0.0008311746030691771,0.004165507272729838,0.0068839793019324965,0.007148050967994641,0.001401663455992691,0.00246995881690513,0.002743169550100178,0.006602944970054531,0.0016404130146529567,0.005825869810173042,0.012174426743147908,5.014600660068619e-05,0.0,0.16798615520851584,0.0,0.0,0.0,0.0,0.0,0.0,0.0,0.0,0.0,0.0,15.494027736977678,12.385592785910607,8.120707382238392,5.434201869863972,2.9716490404489235,10.845944126492471,11.626393749014198,8.635713350678426,20.368261464464887,5.833507313608545,29.08301991418621,47.196505063810136,1,0,1,1,0,0,1,2,0,2,2,1,0.49865759420371164,0.0022434190138796053,2.6261365790328266e-05,0.012965955744408252,3.435060163286728,0.7210583367048254,0.3774021319735569,0.0003263135668882615,0.28303153520068525,4.220373708824718,1.1647514081051145,0.711013956317774,1.330254555318847e-09,30.11815752312068,2.5965157370658605e-05,0.0001450930656839386,0.8262937749154771
99aa070e,17.91914064608853,52.0,0.013866958459434349,0.04750777965544145,0.11240373696211085,0.003312072879201919,8.925973458810429,3.502846699546642,1.0822379110459481,4.03204476569443,0.0012315381747662751,0.026504047686618418,0.013865289516918353,0.02785598935823712,0.048269732983505655,0.06639761662458159,0.0870483742295022,0.13563298486754527,0.1145298517892851,-0.0010603950521624256,-0.0006467627321131677,0.01164337642188135,6.145180591097707,0.9665077832718219,1.8142850844408995,1.1812366009895006,1.0583338907958595,1.2632762077612818,0.23276399841723378,0.47026636055486243,0.37920755207385193,0.002265314937338488,0.1889830019869583,3.840796448770133,0.00396894437882669,0.0001256710730055163,0.0006914819675340085,0.002136166809067234,0.003376727596245824,0.006594825918725761,0.0018355192669680706,0.003878267760283218,0.0038093850326628583,0.00405457815775968,0.013003605064340684,0.0710881346618617,0.0,0.0,0.1258458033985295,0.0,0.0,0.0,0.0,0.0,0.0,0.0,0.187977304178988,0.0,4.885111092948676,20.727810751166665,179.1251954481837,13.30295871126541,2.159744307988773,15.013233541184052,1.4448357735666626,1.3690646569043547,12.063119427016808,2.960659177458968,15.43186311906771,16.988091290263203,2,0,0,1,0,1,0,2,2,1,0,2,0.4105974348529928,0.0024463218064892265,2.3933937479932337e-05,0.01683268485914495,2.5664495891823047,0.7651219672049379,0.3490503719057241,0.00029022259228223695,0.16968830034422522,4.091787111396202,1.0333440856554192,0.8160999278073284,1.008148800783712e-09,30.240097298752737,1.8912613245998576e-05,0.0002613413659888294,0.8470713268673485
f480e6f1,4.024307178682689,52.0,0.022681250831611117,0.08116834755734384,0.09249326820994724,0.04669318484580309,2.0163794433855253,0.5348786514022017,0.09963639928814949,1.2361775645164257,0.020546928165806774,0.022154696136765663,0.025342128192260924,0.03793903393236364,0.0894525572394899,0.11611345150017796,0.0751055279438944,0.10094461236002418,0.10142966432592315,-0.00024742737913587844,-0.00010944572915178006,0.14043642764569694,0.005284314405576272,1.586073092764418,0.42502203621553125,0.4500535786264242,2.941479687057099e-06,0.0848221312960904,0.011985935815642433,0.003787951362980875,0.08386251210952618,0.0001562012859411638,2.7520941779764316e-05,1.2359938422887047,0.00039276165140880113,0.0023723927011854635,0.002954017764848736,0.00032351125283547116,0.0011015510636318325,0.0038259911566719865,0.0007634809357183851,0.0020855095324734626,0.001767428747638371,0.005810393278347373,0.001887910623052565,0.002015573529734596,0.0,0.17300454827847403,0.15035090738181842,0.0,0.0,0.0,0.0,0.0,0.0,0.0,0.0,0.0,8.567726384103718,5.236132648059144,177.67066465739302,7.350513280544803,21.211983291959406,12.253881630979697,6.358429172706989,0.5038168800248023,35.35475946200982,3.990183743363316,16.465427602122823,2.5218213925301805,2,1,1,0,1,1,1,0,2,0,0,1,0.3390180014377684,0.0018360633777637643,1.880654983265825e-05,0.00912398809206001,2.8124742816869266,0.8095155174150757,0.30471058039247356,0.00021912397920871774,0.2929576914318318,4.3856326878366545,1.0070773891767795,0.7238624751584519,8.963882643465512e-10,30.231352282208633,2.7078112071473064e-05,0.0002199265792576515,0.8675276836012488
215ed33e,26.69527149804098,52.0,0.016250364006079765,0.04827108690778418,0.03594612880763028,-4.8052451582787616e-05,6.551535046158216,3.0519887597747624,9.859799771148069,6.9909529925095715,0.003455670788201456,0.029446430275124013,0.015848990954913825,0.03870633649993178,0.05201663528706955,0.05409028893635123,0.085595544116447,0.02107952476932054,0.0011633175371233027,-0.00019567370937453044,4.099611492406118e-05,1.052023970210639e-05,4.459757920628437,0.7123573396175518,1.3794197859122275,0.40858256178521407,0.8742928076445403,1.769113390345008,0.19105295144886927,3.1754997487068635,6.493247070992337,7.847154524701055e-05,8.804970914972073e-06,6.99086571599341,0.0032015449975871897,0.0002935172958013622,0.0011539033460419416,0.0003841610141041619,0.0032240739212357023,0.001982756330882121,0.003645845395735673,0.008863201128333324,0.001506441821526783,0.0013766423523319902,0.0023331540963336325,0.016566815856830588,0.0,0.0,0.021283200662735223,0.0,0.0,0.0,0.0,0.0,0.0,0.0,0.0,0.0,0.5869271329785274,27.3182492940775,166.7308356767471,2.654313899717748,5.042001520235304,2.910987183705236,1.6581798160330394,0.8997338388949777,27.668827383936712,0.4434603771639711,2.6923403652284406,14.13883105735359,1,0,0,0,2,2,0,1,0,2,0,2,0.322703936851326,0.00220163358311257,2.3599921800307908e-05,0.010470372835664337,3.2833632122598595,0.7148425866033792,0.32168216538592753,0.00022798400333506823,0.3459522641056835,4.204570915211866,0.9754137191832918,0.5999271203452398,1.4910458061980381e-09,30.349404469018943,3.116432633467722e-05,0.00010290451114441034,0.8065404726041157
b6c800e2,2.1445445764510715,52.0,0.03099115489006791,0.10656495151163185,0.07985322282988117,0.04270213638784667,0.2923134758758291,0.726443000341687,0.4892891526795441,0.5638234811444763,0.020086050877069703,0.04150445389459864,0.03138295989853538,0.047358125089073895,0.11853659568835678,0.15380013375746485,0.05642879010288581,0.08306822330384198,0.10006265508291569,-0.00013097367709255582,0.003732145592499204,0.12450523724813337,0.000437560592059848,0.1941832366636219,0.09769267862014741,0.0797037680988945,0.5311076564011881,0.11563157584160443,0.22449388868154618,0.19949093829116563,0.06530432570683234,6.466158941835552e-05,0.027884008191009182,0.5358748113640488,0.0007172489268485888,0.006282851094747571,0.007556116791832965,0.005370107868734384,0.0034935731592032173,0.004352953863446966,0.0032256598092390383,0.005862615147839995,0.0008802202173926878,0.0055093902780675615,0.005117298485208664,0.009561675401817188,0.0,0.11907894147967957,0.08418085662633405,0.0,0.0,0.0,0.0,0.0,0.0,0.0,0.0,0.0,7.875857603409007,162.07266009579826,6.057424331303414,16.5691928253623,24.210871950011555,14.130545022476028,3.8347289219391465,21.58482527866822,1.099723790953736,16.17328944255731,9.989546284131231,8.011649162666952,0,1,1,2,1,0,2,0,1,1,2,0,0.4447498285079158,0.0028008940018799627,2.2224845236786764e-05,0.010494604503485059,3.2742403514519682,0.7071963198445014,0.4402290079710729,0.00023205605643380277,0.20816429900442113,4.428976745097094,1.0598254086984253,0.6631389755855216,1.1808206522955673e-09,30.360743773206323,2.9351668191691336e-05,0.00023903252315990393,0.8360529705888388
5cc5fa03,1.406706416755251,52.0,0.032243713935430934,0.09616221185683994,0.08351142759745771,0.02733644641064591,0.1543391466985093,0.19908906673459328,0.8880364263302518,0.11430245534204458,0.018880760425462415,0.04998411842365268,0.027866262957177694,0.05270003291246278,0.10680559053656323,0.12898101212149382,0.06446135930595706,0.12705157534029451,0.05902134814612152,-0.0002057911646983607,0.0020488814251081494,0.08016624897152795,0.013136433359626411,0.016123256398544436,0.12507945694033845,0.0038299561347179887,0.18952813256952555,0.005730978030349759,0.04970421690521784,0.25088853651032117,0.5874436729147128,8.942667868490167e-05,0.008564676594187708,0.10564835206917197,0.004469939841029456,0.00472466177564062,0.008453097235308649,0.0007207439165073928,0.0007211071036793775,0.0013538374399310253,0.001444395040370597,0.0006607691370626723,0.008200002799792402,0.002174091016743792,0.01299409119104938,0.004057497695081617,0.0,0.0,0.0,0.0,0.0,0.0,0.0,0.0,0.0,0.0,0.0,0.0,6.776949894788556,1.256026669291375,12.112185256865965,15.153198533468274,11.109173959980676,15.674627054205489,2.8900595531584305,7.093446499399037,11.391345083273706,6.496891939715436,4.33293935244714,3.2673821235734177,0,0,1,1,1,2,0,1,2,1,1,0,0.42967280652830686,0.002146218115575498,2.791779210624297e-05,0.010743802449952624,2.9692145823798635,0.6982619168989337,0.44774264672546615,0.0002799854735340722,0.2897316081319563,4.225945375024781,0.995836489941972,0.7399911421681848,1.1550553200868256e-09,30.40777642267889,3.447546701720907e-05,0.0006594208584799767,0.8333181505798013
b1e0ce38,7.270900986534006,52.0,0.024911171798329607,0.0982548762384609,0.09754137573729744,0.004331267318727613,1.0923197347069902,0.3079174731766537,1.7650889915559655,3.852004132045527,0.019601713858898494,0.030389849326239764,0.02474195220985056,0.05522940247384054,0.07785705623882652,0.1616781700027156,0.07716962287801754,0.07778553725826973,0.13766896707560505,0.0008138886917013051,0.0006824747374092365,0.011497438527072298,0.0011283698222325973,0.742522791446403,0.34866857343835445,0.001804050205884354,0.08335487308470113,0.22275854988606822,0.03025524058974555,0.3140554919977636,1.4207782589684563,0.001325708297673839,0.00098599082900839,3.849692432918845,0.002231870633472308,0.004878778586910065,0.004958911171942695,0.0006659420412947019,0.0007419809015788703,0.0008287974785824326,0.0005943851007066552,0.0009963763565800812,0.0016765670513891795,0.0009373861079167129,0.007378841006877534,0.017614071285669056,0.0,0.10343745512524342,0.029840015613480896,0.0,0.0,0.0,0.0,0.0,0.0,0.0,0.0,0.0,12.492137272000464,177.45040084989472,150.82209077662063,1.4408320702628103,12.226800005458422,4.514040052496617,2.8523431122795295,4.006821638891981,7.905276365439265,1.1627544103661813,12.37111481283975,3.6015473557747595,2,2,1,1,0,1,1,2,0,0,0,2,0.424988666084453,0.003118534413616146,4.851388290844096e-05,0.00992694332323778,3.166601943669028,0.738780144274817,0.30709542714935656,0.00020731694028630106,0.26238062077626473,4.440935314528972,1.0081068922250958,0.7768584751787593,9.726981059431487e-10,30.516050910926744,2.7243421663621395e-05,5.216281188035162e-05,0.8189688579059204
43fb4d8e,3.136018154610499,52.0,0.031889556390681854,0.08316752963883813,0.0988374957827985,0.025141894545312182,0.46959162069321025,0.39889589058752756,1.946209379167839,0.2103413226397534,0.01768492814166377,0.04047262394076417,0.03751111708961761,0.05599451118728792,0.09609315005810493,0.09741492767112155,0.04229954163263883,0.12736062227313588,0.12685232344262085,-0.0002095693156096559,0.0009647804171527438,0.07467047253439346,0.06250420609574989,0.1427580965153269,0.26432931808213345,0.005481824885034622,0.02802569268978585,0.3653883730127071,0.8373505076356194,0.2576182164529656,0.8512406550792538,8.863781273561234e-05,0.0022409157504020847,0.2080117690766157,0.00313865889453541,0.0020212567823032317,1.2900148237403e-05,0.0008802205323785342,0.000130793388268418,0.008801756387222432,0.005287299582762946,0.0040577709039882805,0.0028462890571102732,0.0008939891752215072,0.019475965797855578,0.007424240194204606,0.0,0.03858096271845646,0.1755296812826269,0.0,0.0,0.0,0.0,0.0,0.0,0.0,0.0,0.0,2.437086207517099,161.07739385984394,1.907362008702076,7.198807305690831,13.44301095633644,10.58890984270107,17.04605405878529,6.5806240904590405,10.010702015025297,2.851173580885541,13.216161745011464,16.096357920274794,2,2,2,0,2,2,1,0,1,1,1,0,0.4210821440291824,0.0028163456298248724,2.6561310381578277e-05,0.011648222941327346,3.3911373816980777,0.7973747824369697,0.1977505239564163,0.00020215434585942426,0.24694712710002886,4.237070909388204,0.9955268389482366,0.6447783521126517,1.3598965943572811e-09,30.515364802264674,3.6194651027214505e-05,0.00020934793809827574,0.8374242503244461
1abd3f6a,14.03145425067225,52.0,0.03981600007194112,0.08423107944477382,0.14574319723058596,0.027917813337728848,0.9914539889839635,0.10747062405226956,10.782948054531214,1.729415171776981,0.026425483363611783,0.055782848767308615,0.03723966808490296,0.05128661408367733,0.08471362134853123,0.11669300290211286,0.09463664666513022,0.1254995181023629,0.21709342692426475,0.004966139152700585,0.021483150206008324,0.057304150654477644,0.5376373703632344,0.2704612802643606,0.18335533835636839,0.014482231151255038,0.013740176766542322,0.07924821613447221,0.5175859952860411,0.21851217324639788,10.046849885998775,0.049327397718060495,0.9231257710041507,0.7569620030547697,0.000525585079052813,0.0005402862893367395,0.011237929837468267,0.005964121155003997,0.0008456003811705197,0.0005686355739920457,0.00020341416678051893,0.000284247578421383,0.0038035771722430968,0.0015236633778902215,0.008618901108596703,0.006304137346699841,0.0,0.10964427883368022,0.105022149519308,0.0,0.0,0.0,0.0,0.0,0.0,0.0,0.0,0.0,13.276349666221508,161.36728566944421,151.89794072730453,2.922847201689123,2.2845751713478966,17.249813955149968,8.876476784802522,1.3656630799689542,5.294944250466425,2.3986692911955583,9.181366550258785,0.7832266525579153,0,0,0,0,2,1,2,0,2,2,0,1,0.42479681821304305,0.002999491696383556,2.6692077276920538e-05,0.011840609354395303,4.503864110959658,0.8074829894959357,0.3497126001666647,0.0001286444948924088,0.232112156524231,4.209537370780352,0.9493191446757278,0.9978776874003693,1.3774497136687096e-09,30.3678702101252,1.8065160918366306e-05,0.00018156776424863401,0.8747736425556084
981368c9,9.731675735095449,52.0,0.024193607012572848,0.0901227528391627,0.09402280565204157,0.04306010070591162,2.7312125195333596,2.199269336503911,3.856845951364728,0.5988779233845843,0.009044361203365743,0.02777280858865659,0.03576365124569621,0.02276492788354153,0.11803524876581228,0.12956808186813426,0.09884995016775379,0.044354317331805566,0.1388641494565654,0.01097018001576753,-0.0006584647380590567,0.11886858684002637,1.6925453778744826,1.0062243319708932,0.0324428096879837,1.6819450025608924,0.5129768563411125,0.004347477601905993,0.7242847325581572,1.6398950747748593,1.4926661440317115,0.24072630357227312,0.0010226667194129118,0.3571289530928983,0.006487863434468013,0.003607890342084699,0.007963285975552643,0.006655441848731548,0.001022015580979793,0.0031950152658217646,0.0075240039344712266,0.0006913644697611073,0.00759921419478372,0.006050158310539268,0.012470569228329065,0.0009192752374870697,0.0,0.15403925779839503,0.0,0.0,0.0,0.0,0.0,0.0,0.0,0.0,0.0,0.0,46.228360976169775,7.228769016808918,15.90635536396781,8.477911158312372,1.5485501258155354,10.62011737462025,32.96897190584407,29.006078522366817,60.032136214805625,4.698243979533792,40.19400813618968,174.85028663892862,2,0,1,2,2,0,1,0,0,1,0,0,0.45203620333834765,0.0015887546358958693,2.7282984790868313e-05,0.015623529218132542,3.3747651138463133,0.6952459792629371,0.23791611145476604,0.0003112186648788327,0.2967423804018683,4.208579444584026,1.1105068953313375,0.7135722000810247,1.2611115297366559e-09,30.444942476140668,3.6398199335670745e-05,0.0002779054499925292,0.7677280792157588
ff65aecc,14.966804787481493,53.6,0.02561801228065307,0.07265612902290292,0.0472748396738819,0.0005714107944660868,2.5772682344230287,1.2958895703598108,3.80101544681668,6.983954651249513,0.022138923641312678,0.01567073071123999,0.03904438248940655,0.05184822819297105,0.09884873878808738,0.0672714200876503,0.06625063915950448,0.044657568396108266,0.03091631146603295,0.0003413148592093108,0.0013421130818582127,3.080444233073712e-05,0.06332250786303589,2.2359479532615385,0.27799777329845443,0.00942484087475881,0.055888793434691574,1.2305759360503603,0.027909247904545288,1.6232066927946616,2.1498995061174737,0.00023837230427096613,0.003676007379423345,6.9800402715658185,0.005607234298636587,0.013547453368150532,0.0009446947336491721,0.0033331260789490162,0.006024023936290727,0.0053388340162471935,0.00015734986161992795,0.0008082736496758756,0.007316999733101567,0.0023196202354745067,0.008571600225946507,0.017469161750337865,0.0,0.0,0.11673656385629635,0.0,0.0,0.0,0.0,0.0,0.0,0.0,0.0,0.0,13.364751844359095,10.69225600835174,26.228905883812995,11.554832026319026,6.855556282995851,0.8133192595817048,1.732980217932448,7.806533389449796,1.6111127775908365,5.332176146794759,0.8283078851728807,11.965550437355269,0,1,1,1,0,0,0,1,0,1,2,2,0.4507476935775379,0.0026262045198953646,2.133731250630785e-05,0.007096410734414424,2.7084575517106395,0.7593139770845179,0.5165496244375792,0.00027122104938724845,0.4262904163923656,4.2400332824894225,1.1288350421319886,0.6060736192966143,1.1564785398030423e-09,30.305063145559178,3.2309053841248705e-05,0.0003203569411777467,0.883588596866441
3f0f5a55,12.866760698381942,53.6,0.021352089062084457,0.07919318363584606,0.10945096238339701,0.004115428376107764,4.323732129894433,0.7091952398265187,3.5202624359843773,3.9219229750305424,0.0051834620635537966,0.03224927080098594,0.026623534321713636,0.056677676647100515,0.056545512728605044,0.1243563615318326,0.0700627531135594,0.09367677054956501,0.1646133634870666,-0.00017335553905264932,-0.00016103782599664437,0.012680678493372585,3.508551314499315,0.5492692759674878,0.26591153942763035,0.010455085767349302,0.6752845256187024,0.023455628440466905,0.00230597456145513,0.04758603087736381,3.4703704305455583,6.029035584427127e-05,0.00016049296956026943,3.921702191705138,0.0014054822755286212,0.012914808116873245,0.0050003226763170126,0.0025344883306756645,0.001949065991223634,0.0002854109874492447,0.0010887584516335704,0.005398103247378799,0.001067271690535122,0.0004313583241367187,0.010422408874958726,0.0914070729749447,0.0,0.04285508299961055,0.07446528373856745,0.0,0.0,0.0,0.0,0.0,0.0,0.0,0.0,0.17385202729031923,7.252423390589395,176.4349002117366,169.84420375021608,1.9112100729506036,5.170556843896618,1.2996984015075677,0.9073322684405026,20.721078576834024,15.500189245293884,3.5482304653757093,0.6545322737145215,171.977115044377,0,0,2,0,2,0,0,0,2,2,2,1,0.330794545092156,0.0017894581720830887,1.8895437595976163e-05,0.010174184434593541,2.7479444918773233,0.7848794494909151,0.3873679844027104,0.00022408540820004512,0.35344859494427805,4.457554609980722,1.1080074447123471,0.7885250730917683,1.5843592100727531e-09,30.441051378593126,3.076332726721601e-05,0.0003826615828610814,0.8681715267467806
e1458129,10.61188228601469,53.6,0.028103678214076985,0.07273106189412777,0.10280062746447154,0.06349253113156832,1.0535128222240635,2.1483105468282937,1.4924177512300105,5.523416951073695,0.01573850876480737,0.03274896916785868,0.035823556709564906,0.02097183523074034,0.06896131562802041,0.12826003482362255,0.09977499396822971,0.1370349372784439,0.07159195114674102,-0.0008428932792495609,-0.001032420318263273,0.19235290699221777,0.21865621862889265,0.6471125836614097,0.18774401993376105,1.8792493224855233,0.2613550362718642,0.007706188070906197,0.7742356946482409,0.5125934091508679,0.20558864743090172,0.0014252201393904302,0.0024447328145844717,5.519546998119719,8.159142671905961e-05,0.00014155034449195455,0.0014080481778095677,0.0010614936534181604,0.0042511981561541195,0.0017636448963281302,0.0016711526788586568,0.0030715680573189263,0.005101404432206401,0.002069294319876599,0.01769037556013994,0.0017093197344986144,0.0,0.17392290498001495,0.1538898401552762,0.0,0.0,0.0,0.0,0.0,0.0,0.0,0.0,0.0,9.548631396945886,15.445526019335396,6.222092953184643,26.165807923762113,14.79130747415453,6.116728742422837,4.812618735065276,23.296150185537318,6.793223720944843,14.87492057834031,17.259465290919326,27.625604522335422,0,0,0,0,1,1,2,2,0,2,2,0,0.46648546318244005,0.002708664930718935,2.7088745041016686e-05,0.01206545692372219,2.595752606451667,0.856191216672567,0.35179951168119084,0.00026878125482005807,0.2100449494797043,4.2450745638332,1.1276486662147562,0.7329545386598588,1.0550656745149645e-09,30.381437096597192,2.8176163539825175e-05,0.0002657117924090188,0.906747896471456
d0e530ba,38.49354394801052,53.6,-3.13224468852794e-05,0.03892117564382843,0.1318752089306672,-0.00039121916176400513,21.187638641009432,5.028507029600114,4.338891280909849,7.086872427972466,-0.0016050042017337189,0.0009958396720260343,0.0005151971890518463,0.04677457608394668,0.020895234707501147,0.04909371614003747,0.08679425841560627,0.14638702053172253,0.16244434784467285,-0.00019964261057092193,-0.00016708095174793703,-0.0008069339229731564,7.839074195267487,6.568449269766259,6.780115175975686,0.09384871712053955,2.935910661984499,1.9987476504950754,0.22517715748196426,0.8416561428710301,3.272057980556855,8.237056866773624e-05,0.0003848982275412786,7.086405159176257,0.003808330819728452,0.00012536046503319785,0.004130030362349374,0.001764256046930905,0.005021764840277758,0.002072332981311645,0.00332755491684256,0.0030771736692882684,9.226014860172938e-05,0.0016297928569578022,0.01814018022697916,0.0028382481097707244,0.0,0.048108478626473404,0.105186066883523,0.0,1.739751540427024e-05,0.0,0.0,0.0,0.0,0.0,0.0,0.0,13.463568968916515,8.13139376035634,1.3155399469390745,4.191539927827013,80.87173250230519,3.587441233144615,11.58574586959303,1.219772906455168,24.644203738831486,2.608001107012112,1.7000966453294353,13.720151651776943,1,2,2,2,2,1,2,2,0,0,2,2,0.28011588538261323,0.0027279506208684463,1.507955410699312e-05,0.014843877277582723,2.9405473050775077,0.8442458545382863,0.3593979208194592,0.0002583921003920806,0.22224823886795714,4.2900500361453835,0.9317163121865302,0.7572473158840722,1.0146544929280117e-09,30.26227869058263,2.539561935563276e-05,0.0005491752203821665,0.9001876307841559
1462cc9a,18.43985356718488,53.6,0.027362563184912453,0.07509967741738874,0.15907174447026606,0.03843532294133373,1.5112571023203527,0.7284567524032077,11.998856479151138,3.6276117250171946,0.023706389369758298,0.04128310115556959,0.01709819902940947,0.037984323515429845,0.08465075123974382,0.10266395749699256,0.08844003383172525,0.17687037438906267,0.2119048251900103,0.028880343764586387,0.025819440897969347,0.06060618416144545,0.18293942037835897,0.1271835533811229,1.2011341285608708,0.4475509159608536,0.014142513146764513,0.2667633232955896,0.2765939413976632,2.4777655218813863,9.244497015872088,1.6681579596606364,1.3332908158143724,0.6261629495421863,0.002677827629228787,0.009796311159884597,0.0005071370831856009,0.000950408749796416,0.005651121840629299,0.0009190119402180606,0.002853367451326895,0.0035773190807600044,0.002540402695095133,0.003073717499849456,0.001938877744397924,0.0035373280616199103,0.0,0.046179273147588455,0.03257190907608356,0.0,0.0,0.0,0.0,0.0,0.0,0.0,0.0,0.0,3.94312335002901,124.86414007102469,3.0668428017593854,9.852107914772033,1.2121439250133623,8.746335032563566,23.493815073787847,0.18311303798095502,12.826687311563566,0.8911371431214051,6.139015082469545,3.632746171898166,2,1,1,2,1,1,1,1,0,2,1,0,0.5126145517307106,0.0013529593238900371,2.8655532942406768e-05,0.011108836497642332,2.4223086512413974,0.793850170935962,0.5451979853915374,0.0001995631107293082,0.32966024216222795,4.165050311758585,1.0593989195856162,0.8438894735983399,1.6091296832291452e-09,30.366870671302024,1.9971868601060275e-05,0.00018864667454003602,0.9061881226319461
780f6451,13.834102878918058,53.6,0.035916869977107156,0.091239610128094,0.12719593900427287,0.007026384571611585,0.5609423568526166,1.061791825505158,5.331509793490479,6.4257716718115745,0.024399549926354385,0.04554052332171799,0.03781053668324909,0.030919245833146747,0.1038718269065218,0.13892775764461346,0.08890994504558035,0.11308561628059394,0.17959225568664436,0.017398467729515307,0.0008572597217838995,0.002823426263535551,0.2556360592871704,0.175467388955503,0.12983890860994327,0.9224981872288456,0.1310214474550342,0.008272190821278114,0.29224566477837377,0.040014789864629585,4.999249338847476,0.6054318200548742,0.001568576524837483,5.818771275231863,0.003440703016193502,0.001656555432879362,0.0045846466497565675,2.505200119099193e-05,0.00046197275264840557,0.002661945292499557,0.002927896037862788,0.0014801136131323347,0.010568697071058838,0.004296671374836005,0.009939218462810127,0.030464812045276873,0.0,0.16854610006385476,0.02855395517648937,0.0,0.0,0.0,0.0,0.0,0.0,0.0,0.0,0.0,2.0253550022075353,8.86174599797155,43.60494124808917,2.443052226869768,11.893517472575928,4.706628451717513,21.367438018078726,11.897341396548809,3.662304523632416,7.361426454502834,15.186881244312127,16.75760112476358,1,1,2,2,0,0,2,0,1,2,2,2,0.5136918982242353,0.001569361338617893,3.758158559229251e-05,0.012094127233284605,3.0194751592051516,0.717620519661324,0.40462182203368596,0.0002185054231030915,0.14833057984789774,4.2422890306468455,0.9769513095194826,0.6530533804265855,1.04680066803309e-09,30.44314966634515,3.2664837642750055e-05,4.9955833628964956e-05,0.8318369573186811
3aebecb6,10.442266543828518,53.6,0.034802584032641,0.07573417086043932,0.14202433925062527,0.0060446092838140585,0.32338090595289687,0.5170191378318613,5.743815530167763,3.4686025264412788,0.01829825701596297,0.04938141868756258,0.03672807639439745,0.046611542949724985,0.06736893883721591,0.11322203079437707,0.08970537502671401,0.18907146712401282,0.1472961756011489,0.001651705289208966,0.00071643571183222,0.01576568685040099,0.032408598947478336,0.07887561120408432,0.2120966958013342,0.09801285658710777,0.30364540478056096,0.1153608764641925,0.31971467647401813,3.3743097099308854,2.0497911437628593,0.0054767999222040745,0.0015958163226863047,3.4615299101963886,0.003965182242272214,0.005386921090526646,0.0034081854662203937,0.0010249414119784298,0.0007994093664118408,0.000756704216010282,0.0016196020464162128,0.0041097825494810425,0.008233994565918414,0.004532019130843015,0.023859087667159978,0.032499522936244356,0.0,0.0691645578754612,0.15201380323384867,0.0,0.0,0.0,0.0,0.0,0.0,0.0,0.0,0.0,5.1004041593194245,173.1866241640838,44.196652529178444,6.096475295775555,3.4111168809195265,1.0543013915799015,3.100769996940529,13.675369943078266,24.312878525552648,2.686549297246432,1.2223378939647154,10.537344117549841,1,0,0,1,0,2,1,0,2,2,1,1,0.4145144053757385,0.0021728431776105827,1.9645587893327328e-05,0.01200246960176677,3.8910152745019864,0.8057649585825596,0.4024819176259152,0.0002656060598038959,0.20537837966499262,4.071565893401621,0.9463923162208265,0.7293065912702774,1.1439667609749068e-09,30.506836590627547,3.0872155520738044e-05,0.00026267226476617506,0.8839008023306375
cb2457e4,2.4415614121269886,53.6,0.034153431268572045,0.07223845435221123,0.10269074779647548,0.03717280682861872,0.26941487213000437,0.7416251780053871,1.0974691570743573,0.25278387226783494,0.020716929614389017,0.04352783312551957,0.03821553106580756,0.05191618438713642,0.08074033581639943,0.08405884285309784,0.07167114991141481,0.10453505684500718,0.13186603663300447,0.0012856492279574893,0.010749475822002011,0.09948329543589665,0.008440501145267417,0.06491916083840639,0.19605521014633054,0.008877600417013297,0.04691867750205909,0.6858289000863147,5.080208401620505e-06,0.0002623020016384312,1.0972017748643172,0.003315722053160319,0.23110884727816328,0.018359302936511335,0.0037781741162333828,3.9318971978034075e-05,0.005742360895203209,0.00020654422241859463,0.0022935410834402483,0.007002901829655102,0.0003779845992105677,0.0034008437384519326,0.003886566299700938,0.0031518531794712265,0.0025271293104339333,0.001965506438213067,0.0,0.033118983792316495,0.07659717503643187,0.0,0.0,0.0,0.0,0.0,0.0,0.0,0.0,0.0,2.061742506632444,28.38526098902768,16.97091949795765,0.3424442034056997,2.4656255827593894,6.7309207243233065,16.06637332241524,10.392371899915597,26.069701142560067,2.758815267940237,2.8648064455309767,12.86945403183574,1,0,2,1,0,0,0,0,2,2,2,0,0.449636414503662,0.0021450787609738117,2.1316455279707015e-05,0.01262873061182808,3.4591338582013766,0.6910684617803042,0.3805147456142825,0.0004087827116180008,0.30790839685974464,4.276180901933503,0.9929151291759378,0.6755354997776785,1.1706577236183588e-09,30.332540011939713,2.312110968426152e-05,0.0003880132110616517,0.8085834159836394
fe2363f4,9.041176440100893,53.6,0.017163944330587957,0.053401279130092134,0.08989349495578686,0.0375502094330969,5.845034079761394,2.5139822352430965,0.3010550186569592,0.20152456327628537,0.004151117257425042,0.022963564997606156,0.024377150736732675,0.03526365786011118,0.05202539375483443,0.0729147857753308,0.05882429752016446,0.10607322987183833,0.10478295747535778,-0.0004176259032008269,0.00047692979035776975,0.11259132441213376,4.147937903772547,1.3236269815980275,0.37346919439081944,0.6103309727342894,0.8738779747761422,1.0297732877326649,0.15919212387986953,0.002398147161859917,0.13946474761522978,0.00037199001674653986,0.0004767380190564087,0.20067583524048244,0.00026854072634200016,0.0034782048481135676,0.0016514148714801198,0.001588275697765963,0.0022762403461264002,0.0014225121078268457,0.0017165327894226436,0.0002762859889792323,0.016533016523505594,0.0048132345359360035,0.004670542708829056,0.0027165635744756376,0.0,0.0,0.026225664061303496,0.0,0.0,0.0,0.0,0.0,0.0,0.0,0.0,0.0,11.218559399199217,10.816032067664194,14.362247535577255,2.86520946508396,5.412289041554673,8.99544499267958,3.98503104139388,9.107767957730838,7.655838742435275,6.880200626570022,14.3517562723923,4.015737105698806,2,0,0,0,0,0,1,2,2,1,0,0,0.373915587355873,0.002901222181551365,2.574894195809692e-05,0.012798139962555183,3.1123411277707866,0.8586902172018789,0.47165392590399,0.00026647573322397694,0.49692424232441523,4.159936691733559,0.9904744126735473,0.755042601787052,1.1654952503090186e-09,30.54916772455456,3.2527766550050366e-05,0.00023257137087720088,0.9252923656346624
4e03bd73,3.4379841388986176,53.6,0.02686071153840612,0.09164043595309895,0.08727310631720486,0.031538182322789356,1.0783092377129024,0.1943207235813028,2.0421117996057854,0.0004795290999431253,0.016242588755804484,0.028053971724104225,0.03628557413530965,0.045585579554389626,0.09952855668433518,0.12980717162057206,0.07496579767226753,0.143095938588295,0.04375758269105206,-0.00011030460573420129,0.0003571328317377833,0.09436771874236449,0.1688935052554751,0.8278114273289279,0.08160430512849944,0.12630704103203533,0.06417915879527028,0.0038345237539972243,0.011071763840043472,0.7166122369610499,1.3144277988046917,2.4368018810597656e-05,0.00026850540534477564,0.00018665567578775205,0.000765355472975785,0.0016655360846849691,0.0015436409097359448,0.0010786572753379387,0.0007618632209521767,0.002948436547208573,0.004779144690413097,0.004735366121894149,0.0030978589750840202,0.000183866033411486,0.003663016016164815,0.0018696549593390298,0.0,0.0,0.03529035809703598,0.0,0.0,0.0,0.0,0.0,0.0,0.0,0.0,0.0,5.084709019923799,5.652867291397608,161.4639145314341,23.742020293287396,2.16884478858016,1.2909316092629652,3.5835871177309957,3.152998755968173,31.184702333619033,2.3145323368853217,20.41700048987507,19.42100352939604,1,1,1,1,1,0,1,1,0,1,2,0,0.3896668864542677,0.0017058507811381503,2.6211037057879064e-05,0.012179568085798963,2.839783331149411,0.7654696140202407,0.3158279875814312,0.0002287843118322506,0.11074097612691022,4.376169677211798,0.9413577067415707,0.7251963988111592,9.612679034064986e-10,30.351299181155046,2.7946503982061823e-05,0.00033726705155894514,0.8395092910521662
6490e720,6.268735144691244,53.6,0.03099099379628963,0.09873030890962746,0.10104242338559187,0.0037133393347556927,1.2267033852493099,0.3525647272147722,0.5139163804636359,3.9438229523921877,0.016131641035690782,0.033613660559688785,0.04322767979348932,0.05976385281847765,0.1106707974868851,0.12575627642351958,0.07197770639866606,0.13660835062975024,0.09454121312835927,0.0006467038721043331,-1.3082012358047875e-05,0.010506396144520792,0.17929838294930425,0.5229621398270097,0.524442862472996,0.05269107225344936,0.2830497770096083,0.01682387795171453,0.00014517121692234102,0.49953215775657517,0.01423905149013832,0.0008636026967629065,0.0002981574558374768,3.9426611922395876,0.0018161587567899421,0.0072057313240450034,0.00592955935937171,0.0013189709281316777,0.0004456255842768702,0.0008568411026790698,0.0024558115238311846,0.004718714921037026,0.017354693971322884,0.005210652586138447,0.017257322438397116,0.00406970401059845,0.0,0.10428793924947555,0.056312769385212735,0.0,0.0,0.0,0.0,0.0,0.0,0.0,0.0,0.0,0.10435010315895993,179.34307788714247,123.25985435357498,20.295876983101614,3.430724360259142,8.180588340995351,1.453491896706015,7.327187153304789,25.83849853474107,1.2859764629960586,25.421396132626892,24.13544298900237,0,1,1,0,1,1,0,1,0,0,0,2,0.38591024303097204,0.001814357282860545,2.3686948317452915e-05,0.009919956309404811,2.3492791940284086,0.6246009546034363,0.4396320739094494,0.0002645443434358752,0.16683993899591723,4.304877446808314,1.060108495157671,0.709721097078474,1.018067722017029e-09,30.423025078317142,2.366133369030472e-05,0.00043854631726975436,0.7895944522673642
e3e3ab6b,1000000.0,53.6,0.007550148076352015,0.07263524960279873,0.10213220654943438,-0.00044090680887511253,12.128374825944771,2.0524100111847656,0.921063629996244,7.091965291219531,0.004692333435151524,0.016591153334537784,0.001366957459366735,0.020818615347668826,0.08683930051790563,0.11024783294282176,0.07743448786498744,0.1013806919538552,0.1275814398294605,-0.00019177856217356552,-0.0002747383412508902,-0.0008562035232008819,3.712380111438985,2.1373304378274725,6.278664276678312,1.8966230629927874,0.004103072282175694,0.1516838759098027,0.033234236558268127,0.0027264161935663138,0.8851029772444096,7.394700933868957e-05,0.00016374673549795978,7.091727597474694,0.0004918249815195847,0.0011495057267999166,0.013044123378485315,0.00198442311581739,0.0009571178080035087,0.001331420562387526,0.005776529166275479,0.0032002946117222868,0.006297764860608308,0.0006236790199848917,0.0035755311761161653,0.005595091527731296,0.0,0.02979441259716892,0.11922434218933502,0.0,0.0,0.0,0.0,0.0,0.0,0.0,0.0,0.0,4.017741432895913,11.588204730016654,157.97103467901474,3.5598285819297413,2.7646966307924874,20.808438748501665,17.8124069794807,10.077626165157769,0.6650915553033239,0.6281272533471881,2.8954213177321493,17.86487123364467,0,2,1,1,0,1,1,2,1,1,0,0,0.31405088324410135,0.0026154480387870836,2.7753891569230316e-05,0.01019421529172842,3.961730609190214,0.7687189979486821,0.38625614965223476,0.0002847635036146974,0.44585925637069657,4.2681036706786,1.0242893924495156,0.6748876238828678,1.2091994279543611e-09,30.537470978294348,2.7519589744408854e-05,0.00024318661061040902,0.8580140816737696
9cce9bd5,12.08474529688864,53.6,0.030019548971776593,0.08726575661658771,0.0855816777206776,0.027040269952804258,0.7112454786911621,1.6768865270557638,1.1007326578717291,8.378943964178355,0.02203701164955785,0.03158322043324024,0.036438414832531685,0.032703861154797745,0.06010205358531447,0.16899135510965094,0.06331256743470665,0.13458286013641016,0.058849605590915954,0.012682791967118447,0.04939991875948307,0.019038099131811252,0.05766250002302464,0.6027196300546913,0.05086334861344615,0.7864924325762629,0.5369942256631247,0.3533998688163762,0.06698622962521777,0.4397461554824853,0.5940002727640261,0.32171545468180124,4.880895926146032,3.1763325833505216,0.0014500621385008117,0.0027645586271945796,0.0010998821431374758,0.0019959801743208105,0.0005970296522894018,0.0033446713367852434,0.0004903658996675822,0.002987702351129096,0.007107688956641912,0.0030050822605861235,0.013855658013183374,0.0026662584463299686,0.0,0.05066652166208079,0.0,0.0,0.0,0.0,0.0,0.0,0.0,0.0,0.0,0.0,9.203701207160739,171.15019671493155,10.457064540847746,2.659776207708716,12.217693177177136,0.144765774821389,6.985459460074443,5.990419636686254,9.221531087448968,3.243941100038295,26.27988485741134,0.31229493852939194,0,0,0,0,1,2,2,0,2,2,1,0,0.4950042154693536,0.002908916387266241,2.0623310381924242e-05,0.012916681250442676,2.7771544919912667,0.8645239326408043,0.3639988695519633,0.0003128172043149119,0.2857355588609661,4.2303818259403965,0.9909247155662562,0.6866418425430042,1.219869254898394e-09,30.39051700417477,2.5998694128005366e-05,0.00018523385172235625,0.913800668123942
28fec00a,17.717076675271684,53.6,0.031783763849047846,0.08703986971450202,0.14256388258456398,3.838317151165837e-05,0.3308928406240673,0.4086649637024966,9.448233116428842,6.924141074252662,0.015361894459295347,0.050122367737643635,0.029867029350204567,0.03893015702158232,0.09276401829282302,0.12942543382910077,0.08656486392905675,0.13173693189847677,0.20938985192615842,0.0001828983510008429,-0.00022748680630450068,0.0001597379698386329,0.26003122447998694,0.023159856160335904,0.04770175998374449,0.39689513927971665,0.007096229160989496,0.004673595261790475,0.21843264727654657,0.36219310775971,8.867607361392585,0.00014721237367900048,0.00010463116782504785,6.923889230711159,0.002731983596402027,0.005218212657317193,0.0013609068409949502,0.005672164860455488,0.00407199897268082,0.003988619851187668,0.0037556628417519276,0.002495321967552121,0.003091037262769121,0.008961515501372825,0.0010633314345983827,0.026832006747919485,0.0,0.005330375375579082,0.0,0.0,0.0,0.0,0.0,0.0,0.0,0.0,0.0,0.0,1.9649759818705648,15.249434571717334,13.544726949671036,1.6621863653097464,4.456259989414713,29.22519268063404,18.923584504738983,11.619546799419371,54.40854811591179,8.765576594877874,18.897839230636293,36.2841546590927,1,1,2,1,2,1,2,1,1,1,0,1,0.4009183512947677,0.001398043670540232,1.5105042083180067e-05,0.00899836831114772,2.3523302639246926,0.9052906820157826,0.40431670308177,0.0002244922003578749,0.4108850379194343,4.282640667666653,1.1318879730201596,0.777851768254659,1.2311563788183586e-09,30.400074211101714,2.6167702246231728e-05,0.0005156268747002647,0.9435428095439762
5d5fcde9,11.765697015972256,53.6,0.0335444508966326,0.0920853793804041,0.05404628235305326,0.0025236384708371344,0.4765532513840942,0.8396217328456351,3.1036655556445565,7.060593388131773,0.020950463764986972,0.040152948403074484,0.03952994052183633,0.0400013697881556,0.11611172908734659,0.1201430392657101,0.0717574808408345,0.060717275071781276,0.02966409114654404,0.0014296192743999915,0.005815801169725745,0.00032549496838566567,0.013939310134346255,0.11415698976562444,0.34845695148412353,0.3431496515175723,0.4463838502234654,0.05008823110459749,2.8432351823028564e-05,0.8613634154465044,2.242273707846229,0.004087723708571301,0.06792361167890346,6.988582052744298,0.0026282889306703137,0.00049985008903563,0.0006780791943864304,0.0038983113865997615,0.003125492479562066,0.006006428203758041,0.0020601899119421802,0.003084382457125317,0.004272497270504763,0.0003180709030787556,0.01662904649511705,0.017407490843627842,0.0,0.0,0.15977559650943957,0.0,0.0,0.0,0.0,0.0,0.0,0.0,0.0,0.13803760367173037,16.041924110444093,23.388918667538036,8.61314382606131,24.2748324279713,5.675101349837334,3.3132994309813557,11.896988741001685,45.9530034770582,40.94076140623902,1.6941967000161673,36.338988081975394,30.420855214936346,0,0,0,1,0,0,1,1,1,2,1,1,0.5030010269770581,0.002597138838648346,2.2133731985275666e-05,0.01162982881813289,2.196445105165538,0.6564643688293016,0.45920534289008286,0.0002513241444383348,0.3165311585178962,4.383653443958478,1.2536557510051698,0.7613540891979051,1.4078709351976934e-09,30.431538178347502,3.923004940287666e-05,0.0005348460306364848,0.8141718456017142
04a8dbd0,13.270967826706158,53.6,0.03584149043174375,0.06593413910895445,0.0527285622241296,0.0005207167465941182,1.4614906279732849,1.3726783295048284,3.7282352778954158,6.359424355876513,0.03036420871799239,0.04207642974232969,0.03508383283490915,0.05423735431410225,0.07785288089734262,0.06571218211541846,0.03883583436411126,0.027817508193211025,0.0915323441150665,0.00037398456890141524,-0.0002473800645101409,0.0014355457353910802,1.3825379748813893,0.060979510131394486,0.017973142960501003,1.4006835076482986e-05,0.08344391067388328,1.2892204119958686,1.0469971129847357,2.679377021665699,0.001861143244981091,0.0002804454812607244,0.00020329601342091377,6.358940614381831,0.001170934324778142,0.00043174424600578125,0.003522142261345809,0.0034105561594887433,0.005410634429934037,0.006975628745507886,0.00282006943035981,0.013933085647698691,0.0006351255279896835,0.0008465020425076828,0.008994566181135744,0.006561028479326671,0.0,0.0,0.0,0.0,0.0,0.0,0.0,0.0,0.0,0.0,0.0,0.0,14.166069163106823,13.154111966160006,14.169843531475044,4.8551441846014,0.36371769105643587,6.447743824171512,8.22154927285736,7.941374130509457,31.032387871225364,7.8610147514130055,14.634548657641888,16.74898407795933,1,2,1,1,1,0,0,0,0,1,1,0,0.4947452592012478,0.002325250388201444,5.4309176383806355e-05,0.008968023981032427,3.6936705770128975,0.7473455213291879,0.2536450969975501,0.0002495658208001456,0.16979259541370223,4.30600622580938,1.068681979935051,0.602139816353604,1.3333926029982312e-09,30.46379966484736,2.1107404637753222e-05,0.00038367560073741195,0.8114047265688117
5385e34c,22.880864819413084,55.2,0.02475895526915044,0.0477572940022746,0.05697014388869681,0.0042111374403870855,5.6907678114587394,6.077688112121057,7.0574414194247295,3.7643824553993572,0.004195790849559767,0.050639364598433115,0.01944171035945845,0.00631400157413013,0.051089120897225504,0.0858687595354682,0.07614034930527006,0.09478940097640864,-1.9318615588251317e-05,-0.0003675948728381105,0.0005148421976526375,0.01248616499634673,4.6361433104736225,0.02494901581437083,1.029675485170746,4.522963224812054,0.9182047117501522,0.6365201755588502,0.02010597835300006,0.03769710237181283,6.999638338699916,0.0003980710228676986,0.0005329109380871259,3.7634514734384026,0.005040572952776097,0.005238864160597249,0.009684882241574764,0.002787816154995103,0.000816008093493698,0.005536781042162441,0.0003547914966757265,0.00442210026646446,0.004267987876631926,0.011305708372055481,0.0016691198637398855,0.07746885677316316,0.0,0.0,0.17823460347518363,0.0,0.0,0.0,0.0,0.0,0.0,0.0,0.0,0.0,11.403855784978612,3.049861683373499,7.965108346897935,4.371649247583737,24.248003240754805,6.067933896258894,18.554492520288868,6.093072507559712,158.50776357386633,21.116961459,1.1836053652349856,36.18967684964427,0,0,1,0,0,0,1,2,2,1,0,1,0.36569723084192884,0.0015000183292403439,1.545249894443817e-05,0.012976160133783691,2.0197998306830915,0.8771611257023407,0.4055165235633804,0.00022643437011495403,0.2909370218315543,4.159242716581033,1.1573850554077656,0.8179517396479288,9.696674710522518e-10,30.403108197592243,3.401876918205197e-05,0.000834443154174921,0.9269337673136102
a85bc2a1,22.953779806349647,55.2,0.007673674245560268,0.052538335889197374,0.08402883983200797,0.01841645095832096,13.827790315443963,5.583806696815087,1.9569849776287473,1.229793809018362,0.0022936337168686506,0.02025856426230079,0.00046882475751136435,0.007343107826762166,0.08462397160518886,0.06564792823564108,0.1031601841812782,0.09875266413905523,0.050173671175690465,0.0032769750413062554,0.001916809952028187,0.050055567881628446,5.342469689011386,1.7641219829538521,6.721198643478724,4.27791872939424,0.014270755573895134,1.2916172118469524,0.9714558796158514,0.01184039942622736,0.9736886985866685,0.021510021613353476,0.1208313769973454,1.087452410407663,0.0009606448004414016,0.007637148379008359,0.0003889678718737501,0.016489480325609544,0.0007733407652027314,0.0006103954706862917,0.00037642772123169907,0.004261595599962856,0.008873346452428186,0.0057350475730556655,0.015493630484701825,0.000958245648601923,0.0,0.12985609608346935,0.018957776195462534,0.0,0.0,0.0,0.0,0.0,0.0,0.0,0.11324300362736033,0.0,5.410838725709946,169.16760511788698,150.65689324938836,14.92372834874461,11.85480184473202,19.5444077229092,12.27209692400275,13.232284985517747,22.606036280826,4.392875392404225,179.7009064894167,18.469215500429318,1,0,2,1,0,0,2,0,0,1,0,1,0.3992801947250175,0.001599225019444778,1.7332900694557027e-05,0.013921808081270949,2.650933264427615,0.8487053661864153,0.4005846931454253,0.000492019869811477,0.15273018521692844,4.232001259913327,1.1828264607336398,0.7818403011931566,1.440954904396866e-09,30.26541350897284,2.680939320153137e-05,0.00034453634035018835,0.9092716221778651
31ed577b,15.832842965798438,55.2,0.022776436772566785,0.05292303719476327,0.0695884124788807,0.011617438721819666,5.045630039359612,2.906744348515919,2.6196476858045106,5.038748401409115,0.0037856601706966943,0.030374652981142045,0.034168997165861616,0.02653779222707982,0.06497676936518353,0.06725454999202647,0.07383864253456598,0.10985372415198551,0.025072870750090615,0.022573072961954252,-0.00019794338172852798,0.01247718658523327,4.328057197596044,0.701403742177724,0.016169099585844088,1.3024035202211632,0.37316525804903405,1.2311755702457214,0.004901341611927162,0.017037262270731247,2.597709081921852,1.0191258940591899,0.1477012204072981,3.871921286942627,0.013609183329415318,0.006428574784801381,0.001481209948288164,0.0011643778960110955,0.00011657476922170585,0.0010744042781422759,0.0036798393894215816,0.0055265372237246115,0.0017121832147370011,0.006216765056655056,0.005107799800434864,0.061642001459359975,0.0,0.061151777490966716,0.010951751758863794,0.0,0.0,0.0,0.0,0.0,0.0,0.0,0.14759676762375654,0.1098416841150138,1.451627035352373,2.2765306600965265,2.516831935279347,11.485245539082053,4.4311264741822285,4.0878522586372945,22.863161772337076,0.16320486425468744,13.306105308940559,15.969780662948963,166.07168266391534,171.73774485221108,1,0,1,1,0,0,2,0,0,2,2,2,0.42829764496629746,0.0020354254170079585,3.602424003259955e-05,0.01345027208212213,3.9588222509464073,0.6607054342696751,0.5521930271157856,0.00032497256846482125,0.26138231195777817,4.320329535344334,1.1522628915663777,0.6813409407646156,1.7285850754534166e-09,30.259318194479658,2.66947419063814e-05,0.0003003936894190813,0.8480063083015275
146fbb2f,4.928972697219385,55.2,0.02944127886237453,0.08605629760827367,0.08761737685958489,0.006581183047308432,1.539807583777296,0.08003685417391741,0.18049243140963467,2.9809926065802785,0.01148348305116112,0.03610461647714402,0.04073573705881845,0.04945138521607133,0.08328818083967132,0.12542932676907836,0.07784352772532313,0.08824355010657343,0.09676505274685808,-0.0004177060334474925,-0.001319800141556974,0.021481055316929763,0.8996236033057899,0.29862658446712237,0.34155739600438356,0.03838253052530774,0.023371260375641783,0.018283063272967883,0.038021630616066567,0.112357451314727,0.03011334947884108,0.00035114512738174244,0.003492930808335555,2.9771485306445613,0.0015746566387687443,0.00012608352480169378,0.007445072616095959,0.0015812509549007958,0.001576321542926798,0.0030564406060751923,0.0015285715774562424,0.007292249256304282,0.005844531475585324,0.0014793466885308004,0.003030838337479958,0.07080843168566932,0.0,0.01851846406900722,0.07541969112748768,0.0,0.0,0.0,0.0,0.0,0.0,0.0,0.0,0.0,1.5003203257490594,19.21701707354035,166.1755046364432,0.912914028699597,1.0430363658015622,6.486793626859551,10.126709215623993,17.630818600837358,9.330957896763227,8.40896241215555,7.217589780455512,18.745624760114172,1,1,1,2,0,1,0,1,2,1,1,2,0.418636416914999,0.0018725735354862987,2.447353149739644e-05,0.011270610708951065,4.070704288397325,0.8401744871762337,0.271188661461072,0.0001950534353499384,0.24667597618701492,4.357875400825271,1.0876646823599505,0.7556256089675444,9.996774070631917e-10,30.45413043371505,2.669051442825557e-05,0.00023763462057592335,0.8834902352000942
7b3ab911,6.14550392242448,55.2,0.03385479694437541,0.09996001856416699,0.13064787454170812,0.03257742941629097,0.4073369496172694,0.11629590886352759,5.363150287130663,0.08980325563688063,0.024061546542980528,0.04610534638586616,0.031397497904279544,0.05491412961829463,0.10105923576270943,0.14390669031149694,0.08904185924653789,0.12449869963984656,0.17840306473873993,0.0032659853575869604,0.005302565480349763,0.08916373741093618,0.21866204661814598,0.16103440932998647,0.02764049366913693,0.0008683624277757711,0.08504435520108024,0.030383191234671585,0.29670835015207386,0.1988258674041256,4.8676160695744635,0.021339065285973517,0.05624477114510475,0.012219419205802363,0.00015020239280454017,0.002277004294405506,0.004150681762032316,0.0005923180816937137,0.0014241391227454644,0.0002136847861427401,0.00041658418009199525,0.0022908641253862735,0.004095879860902934,0.0023967841013877323,0.0032202171217063265,0.0020554620752961457,0.0,0.15783965761031052,0.014395413510099573,0.0,0.0,0.0,0.0,0.0,0.0,0.0,0.0,0.0,5.650274135247878,12.291410824977424,11.82382622319481,0.5902078282510581,14.66897220941537,2.440985523720202,3.1273842261469027,7.340171407531765,0.2548372724004363,0.6074380263394017,3.536147806410391,6.0404596042428045,1,2,2,1,0,2,2,0,1,1,1,1,0.47290318159095623,0.003108891051234142,2.016472522963395e-05,0.01157821849336434,2.6161089581004124,0.723753369999842,0.3294551011106029,0.00022783080544394322,0.2431503735934785,4.186504666415384,0.9147014988783158,0.8150234794786875,1.0477285790362897e-09,30.513855327252788,2.16098384834116e-05,0.0005203054921090833,0.8147312859078963
c196e83a,4.855986923703163,55.2,0.03367027397990615,0.08570751550650839,0.09955085625389594,0.00956513727679861,1.435585752187051,0.5284365523483218,0.35449527970322925,2.3601031469397586,0.026771910257348545,0.0339823574753221,0.04025655420704781,0.039680235442618034,0.10115635708384679,0.11628595399306034,0.08828810909847398,0.11063265665137138,0.09973180301184248,-0.0002341160570192266,-0.0004349533081508167,0.029364481195565874,0.5962403571771786,0.5366700462822518,0.3026753487276205,0.35883249061060557,0.0864657704813983,0.0831382912563179,0.271622377382338,0.021688474254446574,0.06118442806644465,0.00014756284535821253,0.0004290674246039114,2.3595265166697965,0.001874122926538874,0.006548358705804016,0.0034901950354647862,0.0009873362979099356,0.0008596216979079672,0.00230282808057654,0.00214050064026371,0.004866603186790493,0.004855540011955475,0.006159723130933159,0.007120299436205813,0.007324856846152843,0.0,0.14025565685936572,0.0689291372810497,0.0,0.0,0.0,0.0,0.0,0.0,0.0,0.0,0.0,5.411100601210091,1.6687257256430512,171.9115738925988,3.666749386743394,8.955087224803574,42.15693557034724,3.88655689596667,1.7167521087681776,4.284066861598683,0.7179447289806998,20.201412136850337,2.340737327248768,0,0,0,0,1,1,1,0,0,1,0,1,0.4130310660687969,0.0019267109309040731,3.072087412661117e-05,0.013744156723282944,3.12345583044167,0.7186543206149183,0.47147805587052966,0.00033255871867337997,0.19276099331195395,4.11255584372547,1.018174838997412,0.7450867180742261,1.0774250677591713e-09,30.541255306246256,2.2251973619194138e-05,0.00038152811332936516,0.8512554867533829
dc47d4c0,12.564197690394176,55.2,0.04056387965488791,0.06579553887741148,0.14402111353793465,0.012156230104878119,1.4264665866761879,1.9569331009019282,6.691560232014231,2.0235951438152164,0.02119578461690978,0.0703907548587429,0.03010509948901105,0.02504557467532706,0.07783108244622926,0.09450995951067813,0.10274599632553218,0.1533104483732656,0.1760068959150061,3.716121010607303e-05,0.002152734219554901,0.03427879488497339,0.021199854406818087,1.1916102549951935,0.21365647727417617,1.4467071385475758,0.08372994257688061,0.42649601977747165,0.9461304617386026,1.1375469507044755,4.607882819571152,9.700570958481338e-05,0.0101972036211636,2.013300934484468,0.0004066209938516405,0.005302621682808254,0.0015903440604275272,0.0008611361973532693,0.00026869490574385913,0.00036709349525787787,0.0023843191701775302,0.0009076831483333086,0.000922048398667472,0.0097079245213237,0.030474159234969926,0.0020831862083719324,0.0,0.0,0.17272045408700168,0.0,0.0,0.0,0.0,0.0,0.0,0.0,0.0,0.0,1.4206060452068852,13.914534593385852,69.65665263483045,9.587398686903327,2.521123611055606,13.537996653062125,7.5522057128143985,1.0545991967163055,30.066472966571695,12.57396826324481,16.939604218496996,28.027166647485306,0,0,1,2,2,1,0,0,2,1,0,1,0.5132006935386668,0.0029874661629782765,1.9110065899728255e-05,0.01603422152725159,2.5741439041654988,0.7562622218701343,0.4845328794041577,0.0003724109525127698,0.3379147972973635,4.2529995891934576,0.9042712337045455,0.7958952295887194,7.414584830777722e-10,30.370762068762115,3.5556991129003654e-05,0.0003247321132125544,0.8743127360390295
e48de839,10.384144556135006,55.2,0.025029758212402373,0.055841816242751946,0.1049895073711024,0.006759234365964516,2.7990198808578226,3.433355071729823,0.8230149632761549,3.019262468398787,0.02737506275508974,0.020263864991903177,0.027450346890214205,0.018992041836192516,0.049689155031768836,0.09884425186029448,0.06760686147124613,0.1406462928727231,0.10671536776933793,-0.00015059456274859101,-0.0005453925737609343,0.020973690234403073,0.7054944385939367,1.7687144512688762,0.3248109909950101,2.1098679046115594,0.9865428368752147,0.33694433024304926,0.015565045755252641,0.6300390000587288,0.17741091746217338,5.9101895185075646e-05,0.0011350650806187365,3.0180683014229834,0.0003042792862340713,0.008416886071931601,0.0012203782289857154,0.0032359425620056984,0.0024878343983074933,0.00030830687857180217,0.00367836948309962,0.0025654344500682597,0.00022299311502384407,0.0037073508771354544,0.02324132013444125,0.06390890816976075,0.0,0.13507666654342582,0.17914370699636337,0.0,0.0,0.0,0.0,0.0,0.0,0.0,0.0,0.0,9.808294871374786,15.35050839719118,16.904975156940328,13.791299291688569,8.534768442566753,3.8799381295550948,8.35104979903964,13.66678468544081,26.803956273908128,3.8474193350364634,22.227743916188196,5.40216528772103,1,2,0,0,1,0,1,2,2,0,0,0,0.4273919799198773,0.0023255041617135127,2.66039554637732e-05,0.011700233934160538,3.1912234330556806,0.7706357482227815,0.45358000773048057,0.0003297677015146619,0.11389886894938672,4.239860739770288,1.0481256103369399,0.6264115829734032,1.054612710615178e-09,30.523453640496875,2.577294738737477e-05,0.00020439765327468566,0.8746254293162151
f9efcd5e,15.375323908362107,55.2,0.03542268058923816,0.08472861603095794,0.15833172216423877,0.013456763338572562,1.198177072089173,0.37485661695754063,11.642721647462796,1.6346983060102613,0.029023188993907326,0.049514467819956574,0.027730384953850586,0.05731371211606636,0.06550991622698396,0.13136221974982348,0.09632722434608208,0.16717194645813285,0.21149599568850141,-0.00013059136406068657,0.00032747910567037874,0.040173402274108,1.0508907009203772,0.010959466392707022,0.1363269047760887,0.01651141553370444,0.35705354998283806,0.0012916514409981544,0.5963432273647913,1.8636717107546994,9.182706709343305,8.60310579862762e-05,0.0003316142130740884,1.6342806607392009,0.0009257404215551339,0.0002723399115984184,0.00865293241674269,0.003119064657406124,0.0015817888577010972,0.003084950354384665,0.0014791532684163256,0.00031034977895305876,0.0041274741947829145,0.007205751123360745,0.010822619081014829,0.0026204855861099927,0.0,0.0,0.004668868988719722,0.0,0.0,0.0,0.0,0.0,0.0,0.0,0.0,0.0,1.359249759207797,13.230568340329606,169.12862032280682,12.626712970498225,4.751790282408219,5.147185112146023,2.950926035771068,2.646629795490608,2.969751809590893,1.59868915907454,14.535849118356706,8.282140588346685,1,0,2,2,2,0,1,0,1,2,2,0,0.41798994180978305,0.003272119057929829,2.39093866397596e-05,0.010365376727682146,3.563009874271948,0.6647170561678204,0.4482035544823594,0.00035019235957032093,0.3018816527207286,4.397362967948156,1.0690407389736787,0.8868953382820253,9.903003819424867e-10,30.244069721289176,2.596012007813614e-05,0.0005572506135300255,0.8149472429952643
55d27263,9.844863084676525,55.2,0.02154971411933033,0.07988050725231462,0.08454104415503062,0.03660595311035799,5.170898622437636,2.017603982306995,2.2469172590792446,0.1384645237688624,0.003479871279006777,0.036411818958346116,0.024757452120638103,0.026373514813853208,0.11384529039405425,0.0994227165490364,0.07833633315466615,0.13747979785037878,0.03780700146004696,0.00028739916421264725,0.00015339800906942757,0.10937706215779189,4.544507303738104,0.3087550509171919,0.31763626778233967,1.3179325764068228,0.3738744902551079,0.3257969156450643,0.04425794434043643,0.5264378302654008,1.6762214844734074,0.0002104531714082593,7.112437967194939e-05,0.13818294621778218,0.002749161238397596,0.0003511673663175287,0.0036934381496270445,0.003916686999635463,0.005902063426911639,0.0026782862264923325,0.00012898000126700332,0.0063092905006946354,0.009692763017062286,0.006727303488620306,0.004905352311406494,0.01709096538158071,0.071253995595766,0.043808303790782196,0.0,0.0,0.0,0.0,0.0,0.0,0.0,0.0,0.0,0.0,179.4561067922069,94.29093852771412,4.108002080094478,1.4001198748604238,1.1182550517881373,7.036111425683533,2.1229995033953535,12.610572361732487,16.368166097163463,21.649375518719133,1.5408352768249538,6.120240066232098,2,2,1,0,1,1,2,0,0,2,1,1,0.387040708859773,0.0023276389480308473,2.7620402148911485e-05,0.013092103058495168,3.1410356045441983,0.6706554230308616,0.2725176104540634,0.00025968512018947643,0.17693670873888212,4.173723095873265,1.1642095946496211,0.7456214661276119,1.1268886429045835e-09,30.418676243446754,1.6597234515910716e-05,0.0003100519806842758,0.7603803684014502
92c533af,3.076920713349996,55.2,0.031019717506933216,0.09943134064973784,0.08754425830621852,0.021156262702148432,0.7030262787003494,0.6404101377349416,0.9727304841725047,0.6508100193257774,0.019323260765927774,0.03411747423349202,0.03961841752137985,0.04299859509935105,0.08372202709282506,0.17157339975703736,0.09712745745351194,0.09858239265356224,0.06692292481158141,-0.0003814078716121502,0.0033068622746439177,0.060543333703413534,0.004200985882947,0.47547905159123044,0.22334624122617192,0.21355893733007356,0.020172821908251627,0.4066783784966164,0.6355642133615453,0.012638002509702253,0.32452826830125714,0.0002918937184934979,0.021981543491706623,0.6285365821155773,0.0011142856778112017,0.0005232188063844958,0.00045498061712202645,0.0008080079003194218,0.0019875680753173317,0.0005235877609701739,0.0007194359598877129,0.00215996616979098,0.005055370580145477,0.0009745714125075976,0.010529353483492649,0.0035700716072469053,0.0,0.08710939884210561,0.029436855847711253,0.0,0.0,0.0,0.0,0.0,0.0,0.0,0.0,0.0,0.35046424722252006,177.96158632430104,172.17080186601532,9.208380598162677,7.6963830822413115,13.878283466983024,6.616186351720053,1.330015238351472,20.158364336495197,4.465214845870711,18.813128066271485,13.514141815390582,1,2,2,1,1,2,0,0,0,1,0,0,0.43609047962915387,0.0027969084579270846,2.4619783154531286e-05,0.010442816127438657,3.6234191480525704,0.811784930394863,0.42263000127974726,0.00027872735755121405,0.23350516309770297,4.356587487535901,1.0084327192498885,0.7473350903401511,1.4075375444434613e-09,30.407798633629984,2.2525151488103558e-05,0.00021061823738872574,0.8912880025028218
51540b91,11.437198311023757,55.2,0.04133399693363873,0.08882923191606519,0.0839008952660572,0.027921448400258755,3.6276169950530557,0.11281326655729078,0.2217292907189674,7.199671169769648,0.028779675392508832,0.039538702002531276,0.05568361340587607,0.057894276811472876,0.09239262638943793,0.11620079254728478,0.07119823843175267,0.08357270050739284,0.09693174685902606,0.028511110653013753,0.03522247910806607,0.02003075543969644,0.9955405059720394,0.2689543771272483,2.3631221119537678,0.023234216809619318,0.005621449282214111,0.08395760046545735,0.00015917585261766056,0.18987054486222707,0.0316995700041227,1.6257765038815848,2.4813071078258138,3.0925875580622484,0.0014393177016173823,0.0017901539365488507,0.0013609780960356743,0.0022865480973368714,0.004326168044178868,0.00015932975305790048,0.001322233368808935,0.0016844079861425374,0.012782170618988226,0.0031052447240977436,0.00781273252531141,0.007062522561656839,0.0,0.13432904792922,0.03556029553513715,0.0,0.0,0.0,0.0,0.0,0.0,0.0,0.0,0.0,11.471952786229348,5.279347811426134,149.6256696646816,21.02258895942637,1.8273092596325262,2.898474525885302,1.9376221789874546,28.024952608589807,27.000027628196253,7.096636432100935,2.58485434673415,0.08479502794579331,0,1,1,1,2,1,2,0,0,1,0,1,0.548704112648602,0.003728365996750991,2.026351893533544e-05,0.012787617603386365,2.90722289287988,0.7608712878209353,0.6404759290458606,0.00025662550246268416,0.3472358862503373,4.315489311418594,1.0049395733341115,0.7376481594465604,1.167542679714255e-09,30.40594661808747,2.916140483717376e-05,0.0005773462793316691,0.9139634243224574
74cf756c,16.119529194734724,55.2,0.0202248334577089,0.04993423335794631,0.07194201916153505,0.00013883881908634447,4.9417562296505135,3.8907373701589325,0.7864869341063869,6.3199210907022785,0.0054200716148669606,0.02233247553292492,0.032921953225334824,0.01943730606539659,0.04683872412840256,0.0835266698800398,0.07325918028844774,0.08385071787841156,0.05871615931774583,-0.00019301018930826104,-0.0009638834066938018,0.0015734100532610962,3.32809334528962,1.5704133803498472,0.04324950401104659,2.0568600601721174,1.1332548149895363,0.7006224949972788,0.0026851316365756406,0.1847090069250895,0.5990927955447218,8.138893671638549e-05,0.0019402145904325494,6.317899487175129,0.003875371327879908,0.0023535303877343164,0.00017941802612152398,0.005533185706903578,0.0029474652574549816,0.00019024929105609066,0.00046159058043145063,0.004976423380442274,0.003198709599814165,0.0026235606268512216,0.009059367915768276,0.00482643355037218,0.0,0.1772552369465201,0.04310480056872995,0.0,0.0,0.0,0.0,0.0,0.0,0.0,0.0,0.0,2.2984428679757336,7.186474946430385,126.59263617840948,7.094033296852947,1.1576519759346957,0.2714240586137136,34.33196734498906,4.3662669235476645,5.543984013714977,3.587283805826453,0.8141452847989281,31.941054670129894,0,0,0,0,0,0,0,2,2,2,0,2,0.35285119074863747,0.0016524853279956011,2.898172351406601e-05,0.014710897725230102,2.8963679265467706,0.7506147178193443,0.3334714537082649,0.00035895108653196534,0.28667114680641304,4.18566765596963,0.949780706200829,0.7162965048834045,1.3327198882386556e-09,30.416249816705466,1.8391730678078905e-05,0.0002404939512726994,0.8337442432562026
ecc67f41,27.243473926131387,55.2,0.01132037374841087,0.04712101159290746,0.0346457181455887,0.008472568992993522,7.907076825049416,3.4665869714288133,13.003026130844777,2.62836286774512,0.0058823155068700745,0.0187677321982157,0.009311073540146831,0.051976308542816985,0.0456247071698851,0.04376201906602028,0.000583203297080496,0.0021536485061367933,0.10120030263354882,-0.00022279520620294358,-0.00019763244746539595,0.025838134632648904,3.181883772784331,1.8193946950793218,2.9057983571857635,0.008416286225114226,1.1988562218322054,2.2593144633714934,6.724907123638558,6.197534710359612,0.08058429684660606,0.00010388388299986463,0.00044268788066482507,2.627816295981455,0.003017591775216328,0.005265407823140942,0.003086520224322928,1.4082712736891104e-05,0.006219896309655239,0.009298907558299646,0.0003933764834776344,0.04419928634088908,0.00024712081208013575,0.0021467359376132764,0.019093734890861455,0.0549927763084563,0.0,0.0,0.0,0.0,0.0,0.0,0.0,0.0,0.0,0.0,0.0,0.0,16.293196836493735,4.593132576248495,51.20217709736715,15.378788459308362,9.165339953916204,3.6821936153657346,0.48106110483317244,24.82220570050393,2.3223350231634403,5.051414073234367,81.14336485957226,173.94607709063163,1,1,1,1,1,0,1,0,0,0,1,2,0.44184580518508665,0.0021325478506853974,2.1302048435140068e-05,0.010961174771492421,3.1757816156799743,0.659439557932444,0.4038370552347404,0.00028239215997574225,0.16043263762795762,4.245399750580078,0.972147239234048,0.5286968351026754,1.3158519080026787e-09,30.537425094218555,2.6488187141307755e-05,0.00026470154463290117,0.7969301002809237
7f09db04,6.452756423275685,55.2,0.02059979183699415,0.08206730388379195,0.09689467345266907,0.02505346973669124,5.349716808345322,0.5321903551292749,0.22861618421572438,0.19948511180866413,0.0041521120375098254,0.027695234406736043,0.02995202906673659,0.037217678857333146,0.08305569939053008,0.12592853340351262,0.06848371329539829,0.11878752599028522,0.10341278107232371,0.0004810158930185741,-0.00042960076019378393,0.07510899407724893,4.124753814113999,1.0333458755224603,0.19161711870886186,0.4908726665010722,0.025180662602358083,0.01613702602584466,0.009476096049697954,0.10424192345801264,0.11489816470801377,0.000466745624137592,0.0004006298086210696,0.19861773637590546,0.0019761268603483676,0.007998356193147316,0.0016666496455228124,0.0019370986448663267,0.0005209982937223074,0.007349150595521332,0.0021437905178779567,0.001316474449358132,0.0007347570851658153,0.001998260609800311,0.005613927529182714,0.009280103137495152,0.0,0.17432567807044705,0.14638966707707127,0.0,0.0,0.0,0.0,0.0,0.0,0.0,0.0,0.0,3.024914555831775,4.773487062269432,8.142621876014996,15.39080362162079,1.8495678156213178,5.322852588740457,6.272002181308444,23.66602004823933,10.188796617016262,1.233453457782088,1.855038016426074,26.278885514544758,0,0,0,1,1,1,0,0,0,2,2,0,0.3699732528623161,0.0019564977793415177,2.16703070350334e-05,0.012235179121626031,2.698063336295471,0.8103737310078576,0.37303569262394204,0.0002536747454481756,0.3107789737838542,4.186226085764168,0.9922514928689113,0.6732709277499063,1.247125435787179e-09,30.52262858681788,3.233103660333632e-05,0.0002109720718361161,0.881073794031773
ab854517,8.288574367551849,55.2,0.028075692413841922,0.09005711478459603,0.09744644179597016,0.0001906735525000901,0.677765278510881,0.18052410072104288,0.6866165411154665,6.523547038328752,0.020805647749084773,0.03273229970091098,0.03068912979153002,0.04466167773648547,0.09539144298582279,0.13011822363147987,0.06358822355370776,0.14042675834309262,0.08832434349111006,-0.0002384339132045931,-0.00026762037353911765,0.001078074944243981,0.010355796783324583,0.4743764229941362,0.19303305873342014,0.1548534876637717,0.022462114810718564,0.003208498246552631,0.0626068516977445,0.6226251814705295,0.0013845079471926183,0.00011422785605907008,0.00025698491551280525,6.52317582555718,0.00015776856118815332,0.01009870386642397,0.008799198969726257,0.0014101406512295666,0.002190871348815681,0.00018361095635564297,0.001708969546813783,0.008832392990879259,0.005860009494686815,0.0007255302384871309,0.010665063846333577,0.0038562669415679544,0.0,0.0,0.1664302489712894,0.0,0.0,0.0,0.0,0.0,0.0,0.0,0.0,0.0,9.002001925767743,8.843502308139875,79.54186074433427,12.0402442488762,2.172208756475785,2.8939165106206413,7.975560730917477,10.073524852670442,2.6769402306959664,3.330754450910397,35.2556587395458,21.537910203789018,0,0,1,0,1,1,0,2,1,0,0,2,0.35289564897755554,0.0018964647596522567,2.3633399511040077e-05,0.009199401975599816,3.5809845897476875,0.7116362291858457,0.1511159373543344,0.00018284334383164786,0.34555321002534356,4.249139273680816,1.1001811326105877,0.6853062957170739,1.1926922634542205e-09,30.383901652737478,1.928440016062503e-05,0.0005154667011987356,0.7551974791177216
