,mass_A,,,,mass_C,,,,mass_B,,mass_C
t,x,y,vx,vy,x,y,vx,vy,θ,ω,θ
1.000000E-03,3.504921E-03,3.338807E-03,-6.227532E-05,-1.226250E-02,-3.332207E-03,3.338807E-03,-6.656029E-05,-1.226250E-02,0.000000E+00,0.000000E+00,0.000000E+00
2.000000E-03,3.504859E-03,3.326545E-03,-6.227532E-05,-1.226250E-02,-3.332273E-03,3.326545E-03,-6.656029E-05,-1.226250E-02,0.000000E+00,0.000000E+00,0.000000E+00
3.000000E-03,3.504713E-03,3.304472E-03,-1.453155E-04,-2.207250E-02,-3.332428E-03,3.304472E-03,-1.553013E-04,-2.207250E-02,0.000000E+00,0.000000E+00,0.000000E+00
4.000000E-03,3.504485E-03,3.272590E-03,-2.283709E-04,-3.188250E-02,-3.332672E-03,3.272590E-03,-2.440277E-04,-3.188250E-02,0.000000E+00,0.000000E+00,0.000000E+00
5.000000E-03,3.504173E-03,3.230898E-03,-3.114504E-04,-4.169250E-02,-3.333005E-03,3.230898E-03,-3.327313E-04,-4.169250E-02,0.000000E+00,0.000000E+00,0.000000E+00
6.000000E-03,3.503779E-03,3.179395E-03,-3.945626E-04,-5.150250E-02,-3.333427E-03,3.179395E-03,-4.214037E-04,-5.150250E-02,0.000000E+00,0.000000E+00,0.000000E+00
7.000000E-03,3.503301E-03,3.118083E-03,-4.777164E-04,-6.131250E-02,-3.333937E-03,3.118083E-03,-5.100367E-04,-6.131250E-02,0.000000E+00,0.000000E+00,0.000000E+00
8.000000E-03,3.502740E-03,3.046960E-03,-5.609203E-04,-7.112250E-02,-3.334535E-03,3.046960E-03,-5.986217E-04,-7.112250E-02,0.000000E+00,0.000000E+00,0.000000E+00
9.000000E-03,3.502096E-03,2.966028E-03,-6.441833E-04,-8.093250E-02,-3.335222E-03,2.966028E-03,-6.871507E-04,-8.093250E-02,0.000000E+00,0.000000E+00,0.000000E+00
1.000000E-02,3.501369E-03,2.875285E-03,-7.275139E-04,-9.074250E-02,-3.335998E-03,2.875285E-03,-7.756151E-04,-9.074250E-02,0.000000E+00,0.000000E+00,0.000000E+00
1.100000E-02,3.500558E-03,2.774733E-03,-8.109209E-04,-1.005525E-01,-3.336862E-03,2.774733E-03,-8.640067E-04,-1.005525E-01,0.000000E+00,0.000000E+00,0.000000E+00
1.200000E-02,3.499663E-03,2.664370E-03,-8.944129E-04,-1.103625E-01,-3.337814E-03,2.664370E-03,-9.523170E-04,-1.103625E-01,0.000000E+00,0.000000E+00,0.000000E+00
1.300000E-02,3.499259E-03,2.607062E-03,-4.043517E-04,-5.730752E-02,-3.338245E-03,2.607062E-03,-4.303622E-04,-5.730761E-02,0.000000E+00,0.000000E+00,-6.832342E-07
1.400000E-02,3.499133E-03,2.585172E-03,-1.261175E-04,-2.189087E-02,-3.338379E-03,2.585171E-03,-1.344068E-04,-2.189098E-02,0.000000E+00,0.000000E+00,-1.588805E-06
1.500000E-02,3.499096E-03,2.577516E-03,-3.671347E-05,-7.655458E-03,-3.338418E-03,2.577516E-03,-3.936134E-05,-7.655557E-03,0.000000E+00,0.000000E+00,-2.416768E-06
1.600000E-02,3.499088E-03,2.575502E-03,-7.886085E-06,-2.014341E-03,-3.338427E-03,2.575501E-03,-8.732534E-06,-2.014413E-03,0.000000E+00,0.000000E+00,-3.019162E-06
1.700000E-02,3.499090E-03,2.575661E-03,1.482605E-06,1.596362E-04,-3.338426E-03,2.575661E-03,1.211955E-06,1.595906E-04,0.000000E+00,0.000000E+00,-3.401684E-06
1.800000E-02,3.499094E-03,2.576616E-03,4.586029E-06,9.545131E-04,-3.338421E-03,2.576616E-03,4.499482E-06,9.544864E-04,0.000000E+00,0.000000E+00,-3.625452E-06
1.900000E-02,3.499100E-03,2.577824E-03,5.663476E-06,1.207980E-03,-3.338416E-03,2.577823E-03,5.635800E-06,1.207965E-03,0.000000E+00,0.000000E+00,-3.751781E-06
2.000000E-02,3.499106E-03,2.579077E-03,6.079340E-06,1.252903E-03,-3.338410E-03,2.579076E-03,6.070490E-06,1.252894E-03,0.000000E+00,0.000000E+00,-3.824995E-06
2.100000E-02,3.499112E-03,2.580297E-03,6.273537E-06,1.220602E-03,-3.338403E-03,2.580297E-03,6.270707E-06,1.220597E-03,0.000000E+00,0.000000E+00,-3.872491E-06
2.200000E-02,3.499119E-03,2.581460E-03,6.388145E-06,1.162412E-03,-3.338397E-03,2.581459E-03,6.387240E-06,1.162408E-03,0.000000E+00,0.000000E+00,-3.909551E-06
2.300000E-02,3.499125E-03,2.582558E-03,6.469081E-06,1.098057E-03,-3.338391E-03,2.582557E-03,6.468792E-06,1.098052E-03,0.000000E+00,0.000000E+00,-3.943990E-06
2.400000E-02,3.499132E-03,2.583593E-03,6.531146E-06,1.034834E-03,-3.338384E-03,2.583592E-03,6.531054E-06,1.034830E-03,0.000000E+00,0.000000E+00,-3.979434E-06
2.500000E-02,3.499138E-03,2.584568E-03,6.579060E-06,9.752051E-04,-3.338378E-03,2.584567E-03,6.579031E-06,9.752006E-04,0.000000E+00,0.000000E+00,-4.017310E-06
2.600000E-02,3.499145E-03,2.585488E-03,6.614288E-06,9.197790E-04,-3.338371E-03,2.585487E-03,6.614279E-06,9.197742E-04,0.000000E+00,0.000000E+00,-4.057975E-06
2.700000E-02,3.499151E-03,2.586356E-03,6.637260E-06,8.684882E-04,-3.338364E-03,2.586356E-03,6.637257E-06,8.684830E-04,0.000000E+00,0.000000E+00,-4.101302E-06
2.800000E-02,3.499158E-03,2.587177E-03,6.648093E-06,8.210406E-04,-3.338358E-03,2.587177E-03,6.648093E-06,8.210352E-04,0.000000E+00,0.000000E+00,-4.146977E-06
2.900000E-02,3.499165E-03,2.587954E-03,6.646831E-06,7.770927E-04,-3.338351E-03,2.587954E-03,6.646830E-06,7.770870E-04,0.000000E+00,0.000000E+00,-4.194642E-06
3.000000E-02,3.499171E-03,2.588691E-03,6.633511E-06,7.363105E-04,-3.338344E-03,2.588690E-03,6.633511E-06,7.363047E-04,0.000000E+00,0.000000E+00,-4.243953E-06
3.100000E-02,3.499178E-03,2.589389E-03,6.608192E-06,6.983900E-04,-3.338338E-03,2.589389E-03,6.608192E-06,6.983840E-04,0.000000E+00,0.000000E+00,-4.294605E-06
3.200000E-02,3.499184E-03,2.590052E-03,6.305700E-06,6.630826E-04,-3.338331E-03,2.590052E-03,6.305700E-06,6.630802E-04,0.000000E+00,0.000000E+00,-4.314481E-06
3.300000E-02,3.499190E-03,2.590682E-03,5.984209E-06,6.300960E-04,-3.338325E-03,2.590682E-03,5.984209E-06,6.301037E-04,0.000000E+00,0.000000E+00,-4.249240E-06
3.400000E-02,3.499196E-03,2.591281E-03,5.941281E-06,5.992438E-04,-3.338320E-03,2.591281E-03,5.941281E-06,5.992478E-04,0.000000E+00,0.000000E+00,-4.215564E-06
3.500000E-02,3.499202E-03,2.591852E-03,5.901666E-06,5.703549E-04,-3.338314E-03,2.591851E-03,5.901666E-06,5.703534E-04,0.000000E+00,0.000000E+00,-4.228090E-06
3.600000E-02,3.499208E-03,2.592395E-03,5.855922E-06,5.432548E-04,-3.338308E-03,2.592395E-03,5.855922E-06,5.432496E-04,0.000000E+00,0.000000E+00,-4.271853E-06
3.700000E-02,3.499214E-03,2.592913E-03,5.800238E-06,5.177936E-04,-3.338302E-03,2.592912E-03,5.800238E-06,5.177863E-04,0.000000E+00,0.000000E+00,-4.332618E-06
3.800000E-02,3.499219E-03,2.593407E-03,5.733167E-06,4.938389E-04,-3.338296E-03,2.593406E-03,5.733167E-06,4.938307E-04,0.000000E+00,0.000000E+00,-4.401439E-06
3.900000E-02,3.499225E-03,2.593878E-03,5.107455E-06,4.713063E-04,-3.338291E-03,2.593877E-03,5.107455E-06,4.713087E-04,0.000000E+00,0.000000E+00,-4.381312E-06
4.000000E-02,3.499230E-03,2.594328E-03,5.019644E-06,4.499949E-04,-3.338286E-03,2.594327E-03,5.019644E-06,4.499994E-04,0.000000E+00,0.000000E+00,-4.342985E-06
4.100000E-02,3.499235E-03,2.594758E-03,4.944555E-06,4.298922E-04,-3.338281E-03,2.594757E-03,4.944555E-06,4.298912E-04,0.000000E+00,0.000000E+00,-4.351029E-06
4.200000E-02,3.499239E-03,2.595169E-03,4.867164E-06,4.108954E-04,-3.338276E-03,2.595168E-03,4.867164E-06,4.108898E-04,0.000000E+00,0.000000E+00,-4.397881E-06
4.300000E-02,3.499244E-03,2.595562E-03,4.781368E-06,3.929218E-04,-3.338271E-03,2.595561E-03,4.781368E-06,3.929135E-04,0.000000E+00,0.000000E+00,-4.467317E-06
4.400000E-02,3.499249E-03,2.595938E-03,4.684798E-06,3.758993E-04,-3.338267E-03,2.595937E-03,4.684798E-06,3.758897E-04,0.000000E+00,0.000000E+00,-4.547674E-06
4.500000E-02,3.499253E-03,2.596297E-03,4.022713E-06,3.597972E-04,-3.338263E-03,2.596297E-03,4.022713E-06,3.597983E-04,0.000000E+00,0.000000E+00,-4.539112E-06
4.600000E-02,3.499257E-03,2.596642E-03,3.905727E-06,3.444604E-04,-3.338259E-03,2.596641E-03,3.905727E-06,3.444636E-04,0.000000E+00,0.000000E+00,-4.512098E-06
4.700000E-02,3.499261E-03,2.596972E-03,3.801955E-06,3.299192E-04,-3.338255E-03,2.596971E-03,3.801955E-06,3.299169E-04,0.000000E+00,0.000000E+00,-4.531374E-06
4.800000E-02,3.499264E-03,2.597288E-03,3.696168E-06,3.161076E-04,-3.338251E-03,2.597287E-03,3.696168E-06,3.161007E-04,0.000000E+00,0.000000E+00,-4.589209E-06
4.900000E-02,3.499268E-03,2.597591E-03,3.582198E-06,3.029756E-04,-3.338248E-03,2.597590E-03,3.582198E-06,3.029660E-04,0.000000E+00,0.000000E+00,-4.669244E-06
5.000000E-02,3.499271E-03,2.597881E-03,3.180747E-06,2.905040E-04,-3.338245E-03,2.597881E-03,3.180747E-06,2.904971E-04,0.000000E+00,0.000000E+00,-4.726626E-06
5.100000E-02,3.499274E-03,2.598160E-03,2.760080E-06,2.785990E-04,-3.338242E-03,2.598159E-03,2.760080E-06,2.786023E-04,0.000000E+00,0.000000E+00,-4.698656E-06
5.200000E-02,3.499276E-03,2.598427E-03,2.630947E-06,2.672514E-04,-3.338239E-03,2.598427E-03,2.630947E-06,2.672509E-04,0.000000E+00,0.000000E+00,-4.702486E-06
5.300000E-02,3.499279E-03,2.598684E-03,2.506058E-06,2.564452E-04,-3.338237E-03,2.598683E-03,2.506058E-06,2.564393E-04,0.000000E+00,0.000000E+00,-4.752039E-06
5.400000E-02,3.499281E-03,2.598930E-03,2.375582E-06,2.461413E-04,-3.338234E-03,2.598929E-03,2.375582E-06,2.461318E-04,0.000000E+00,0.000000E+00,-4.831624E-06
5.500000E-02,3.499284E-03,2.599166E-03,2.235616E-06,2.363091E-04,-3.338232E-03,2.599166E-03,2.235616E-06,2.362977E-04,0.000000E+00,0.000000E+00,-4.926622E-06
5.600000E-02,3.499285E-03,2.599393E-03,1.523261E-06,2.269567E-04,-3.338231E-03,2.599393E-03,1.523261E-06,2.269558E-04,0.000000E+00,0.000000E+00,-4.933712E-06
5.700000E-02,3.499286E-03,2.599611E-03,1.363860E-06,2.179619E-04,-3.338229E-03,2.599610E-03,1.363860E-06,2.179632E-04,0.000000E+00,0.000000E+00,-4.922574E-06
5.800000E-02,3.499288E-03,2.599820E-03,1.218454E-06,2.093877E-04,-3.338228E-03,2.599820E-03,1.218454E-06,2.093835E-04,0.000000E+00,0.000000E+00,-4.957956E-06
5.900000E-02,3.499289E-03,2.600022E-03,1.071550E-06,2.011962E-04,-3.338227E-03,2.600021E-03,1.071550E-06,2.011874E-04,0.000000E+00,0.000000E+00,-5.031826E-06
6.000000E-02,3.499290E-03,2.600215E-03,9.168773E-07,1.933630E-04,-3.338226E-03,2.600214E-03,9.168773E-07,1.933515E-04,0.000000E+00,0.000000E+00,-5.127603E-06
6.100000E-02,3.499290E-03,2.600401E-03,1.885639E-07,1.859034E-04,-3.338226E-03,2.600400E-03,1.885639E-07,1.859021E-04,0.000000E+00,0.000000E+00,-5.138913E-06
6.200000E-02,3.499290E-03,2.600580E-03,1.547703E-08,1.787016E-04,-3.338226E-03,2.600579E-03,1.547703E-08,1.787023E-04,0.000000E+00,0.000000E+00,-5.133681E-06
6.300000E-02,3.499290E-03,2.600751E-03,-1.433158E-07,1.718277E-04,-3.338226E-03,2.600751E-03,-1.433158E-07,1.718227E-04,0.000000E+00,0.000000E+00,-5.175818E-06
6.400000E-02,3.499289E-03,2.600917E-03,-3.034504E-07,1.652495E-04,-3.338226E-03,2.600916E-03,-3.034504E-07,1.652399E-04,0.000000E+00,0.000000E+00,-5.256767E-06
6.500000E-02,3.499289E-03,2.601076E-03,-7.512973E-07,1.589721E-04,-3.338227E-03,2.601075E-03,-7.512973E-07,1.589638E-04,0.000000E+00,0.000000E+00,-5.326249E-06
6.600000E-02,3.499287E-03,2.601229E-03,-1.217358E-06,1.529248E-04,-3.338228E-03,2.601228E-03,-1.217358E-06,1.529261E-04,0.000000E+00,0.000000E+00,-5.315534E-06
6.700000E-02,3.499286E-03,2.601376E-03,-1.387776E-06,1.471217E-04,-3.338230E-03,2.601375E-03,-1.387776E-06,1.471188E-04,0.000000E+00,0.000000E+00,-5.339453E-06
6.800000E-02,3.499285E-03,2.601517E-03,-1.553341E-06,1.415679E-04,-3.338231E-03,2.601517E-03,-1.553341E-06,1.415595E-04,0.000000E+00,0.000000E+00,-5.410339E-06
6.900000E-02,3.499283E-03,2.601654E-03,-1.724133E-06,1.362434E-04,-3.338233E-03,2.601653E-03,-1.724133E-06,1.362313E-04,0.000000E+00,0.000000E+00,-5.511541E-06
7.000000E-02,3.499280E-03,2.601785E-03,-2.469836E-06,1.311704E-04,-3.338235E-03,2.601784E-03,-2.469836E-06,1.311678E-04,0.000000E+00,0.000000E+00,-5.533083E-06
7.100000E-02,3.499278E-03,2.601911E-03,-2.657857E-06,1.262394E-04,-3.338238E-03,2.601910E-03,-2.657857E-06,1.262386E-04,0.000000E+00,0.000000E+00,-5.540423E-06
7.200000E-02,3.499275E-03,2.602032E-03,-2.831370E-06,1.215278E-04,-3.338241E-03,2.602032E-03,-2.831370E-06,1.215212E-04,0.000000E+00,0.000000E+00,-5.596238E-06
7.300000E-02,3.499272E-03,2.602149E-03,-3.006210E-06,1.170097E-04,-3.338244E-03,2.602149E-03,-3.006210E-06,1.169984E-04,0.000000E+00,0.000000E+00,-5.691191E-06
7.400000E-02,3.499268E-03,2.602262E-03,-3.469577E-06,1.126960E-04,-3.338247E-03,2.602261E-03,-3.469577E-06,1.126861E-04,0.000000E+00,0.000000E+00,-5.774530E-06
7.500000E-02,3.499264E-03,2.602371E-03,-3.951350E-06,1.085214E-04,-3.338251E-03,2.602370E-03,-3.951350E-06,1.085211E-04,0.000000E+00,0.000000E+00,-5.777062E-06
7.600000E-02,3.499260E-03,2.602475E-03,-4.136688E-06,1.045048E-04,-3.338255E-03,2.602474E-03,-4.136688E-06,1.045004E-04,0.000000E+00,0.000000E+00,-5.813864E-06
7.700000E-02,3.499256E-03,2.602576E-03,-4.317163E-06,1.006565E-04,-3.338260E-03,2.602575E-03,-4.317163E-06,1.006465E-04,0.000000E+00,0.000000E+00,-5.897334E-06
7.800000E-02,3.499251E-03,2.602673E-03,-4.783884E-06,9.698467E-05,-3.338265E-03,2.602672E-03,-4.783884E-06,9.697512E-05,0.000000E+00,0.000000E+00,-5.977318E-06
7.900000E-02,3.499246E-03,2.602766E-03,-5.268141E-06,9.342414E-05,-3.338270E-03,2.602766E-03,-5.268141E-06,9.342364E-05,0.000000E+00,0.000000E+00,-5.981578E-06
8.000000E-02,3.499240E-03,2.602856E-03,-5.455478E-06,8.999510E-05,-3.338275E-03,2.602856E-03,-5.455478E-06,8.999018E-05,0.000000E+00,0.000000E+00,-6.022839E-06
8.100000E-02,3.499235E-03,2.602943E-03,-5.637920E-06,8.670903E-05,-3.338281E-03,2.602942E-03,-5.637920E-06,8.669839E-05,0.000000E+00,0.000000E+00,-6.112053E-06
8.200000E-02,3.499228E-03,2.603027E-03,-6.392640E-06,8.358671E-05,-3.338287E-03,2.603026E-03,-6.392640E-06,8.358377E-05,0.000000E+00,0.000000E+00,-6.136697E-06
8.300000E-02,3.499222E-03,2.603107E-03,-6.587258E-06,8.052090E-05,-3.338294E-03,2.603106E-03,-6.587258E-06,8.051859E-05,0.000000E+00,0.000000E+00,-6.156026E-06
8.400000E-02,3.499215E-03,2.603185E-03,-6.767021E-06,7.759340E-05,-3.338301E-03,2.603184E-03,-6.767021E-06,7.758476E-05,0.000000E+00,0.000000E+00,-6.228394E-06
8.500000E-02,3.499208E-03,2.603259E-03,-6.948277E-06,7.478227E-05,-3.338308E-03,2.603259E-03,-6.948277E-06,7.476873E-05,0.000000E+00,0.000000E+00,-6.341841E-06
8.600000E-02,3.499200E-03,2.603332E-03,-7.704666E-06,7.211374E-05,-3.338315E-03,2.603331E-03,-7.704666E-06,7.210888E-05,0.000000E+00,0.000000E+00,-6.382591E-06
8.700000E-02,3.499193E-03,2.603401E-03,-7.902070E-06,6.948258E-05,-3.338323E-03,2.603400E-03,-7.902070E-06,6.947900E-05,0.000000E+00,0.000000E+00,-6.412561E-06
8.800000E-02,3.499184E-03,2.603468E-03,-8.085146E-06,6.697191E-05,-3.338331E-03,2.603467E-03,-8.085146E-06,6.696237E-05,0.000000E+00,0.000000E+00,-6.492493E-06
8.900000E-02,3.499176E-03,2.603533E-03,-8.551143E-06,6.458487E-05,-3.338340E-03,2.603532E-03,-8.551143E-06,6.457462E-05,0.000000E+00,0.000000E+00,-6.578367E-06
9.000000E-02,3.499167E-03,2.603595E-03,-9.033759E-06,6.225632E-05,-3.338349E-03,2.603594E-03,-9.033759E-06,6.225434E-05,0.000000E+00,0.000000E+00,-6.594990E-06
9.100000E-02,3.499158E-03,2.603655E-03,-9.219221E-06,6.000846E-05,-3.338358E-03,2.603654E-03,-9.219221E-06,6.000164E-05,0.000000E+00,0.000000E+00,-6.652112E-06
9.200000E-02,3.499148E-03,2.603713E-03,-9.681283E-06,5.787935E-05,-3.338368E-03,2.603712E-03,-9.681283E-06,5.787063E-05,0.000000E+00,0.000000E+00,-6.725186E-06
9.300000E-02,3.499138E-03,2.603769E-03,-1.015762E-05,5.579988E-05,-3.338378E-03,2.603768E-03,-1.015762E-05,5.579832E-05,0.000000E+00,0.000000E+00,-6.738284E-06
9.400000E-02,3.499127E-03,2.603822E-03,-1.033607E-05,5.379149E-05,-3.338388E-03,2.603822E-03,-1.033607E-05,5.378442E-05,0.000000E+00,0.000000E+00,-6.797558E-06
9.500000E-02,3.499117E-03,2.603874E-03,-1.050992E-05,5.186818E-05,-3.338399E-03,2.603873E-03,-1.050992E-05,5.185486E-05,0.000000E+00,0.000000E+00,-6.909191E-06
9.600000E-02,3.499106E-03,2.603924E-03,-1.125685E-05,5.005348E-05,-3.338410E-03,2.603923E-03,-1.125685E-05,5.004768E-05,0.000000E+00,0.000000E+00,-6.957806E-06
9.700000E-02,3.499094E-03,2.603972E-03,-1.144466E-05,4.824224E-05,-3.338421E-03,2.603972E-03,-1.144466E-05,4.823707E-05,0.000000E+00,0.000000E+00,-7.001170E-06
9.800000E-02,3.499083E-03,2.604019E-03,-1.161848E-05,4.651904E-05,-3.338433E-03,2.604018E-03,-1.161848E-05,4.650759E-05,0.000000E+00,0.000000E+00,-7.097133E-06
9.900000E-02,3.499070E-03,2.604064E-03,-1.236159E-05,4.489968E-05,-3.338445E-03,2.604063E-03,-1.236159E-05,4.489477E-05,0.000000E+00,0.000000E+00,-7.138297E-06
1.000000E-01,3.499058E-03,2.604107E-03,-1.254437E-05,4.327691E-05,-3.338458E-03,2.604106E-03,-1.254437E-05,4.327187E-05,0.000000E+00,0.000000E+00,-7.180578E-06
1.010000E-01,3.504484E-03,2.612642E-03,5.426300E-03,8.534459E-03,-3.333039E-03,2.612575E-03,5.419233E-03,8.468718E-03,0.000000E+00,0.000000E+00,-5.580600E-04
1.020000E-01,3.531652E-03,2.655370E-03,2.716834E-02,4.272855E-02,-3.305885E-03,2.655993E-03,2.715417E-02,4.341815E-02,0.000000E+00,0.000000E+00,5.220536E-03
1.030000E-01,3.573460E-03,2.715666E-03,4.180748E-02,6.029548E-02,-3.264114E-03,2.721626E-03,4.177096E-02,6.563317E-02,0.000000E+00,0.000000E+00,4.994791E-02
1.040000E-01,3.614819E-03,2.757669E-03,4.135896E-02,4.200365E-02,-3.222748E-03,2.786055E-03,4.136536E-02,6.442835E-02,0.000000E+00,0.000000E+00,2.378556E-01
1.050000E-01,3.655623E-03,2.780944E-03,4.080416E-02,2.327500E-02,-3.181715E-03,2.849993E-03,4.103334E-02,6.393845E-02,0.000000E+00,0.000000E+00,5.785984E-01
1.060000E-01,3.696003E-03,2.790654E-03,4.037962E-02,9.709790E-03,-3.140735E-03,2.908579E-03,4.098037E-02,5.858557E-02,0.000000E+00,0.000000E+00,9.881780E-01
1.070000E-01,3.736268E-03,2.793378E-03,4.026517E-02,2.723962E-03,-3.099639E-03,2.955372E-03,4.109590E-02,4.679294E-02,0.000000E+00,0.000000E+00,1.357510E+00
1.080000E-01,3.776770E-03,2.794740E-03,4.050188E-02,1.361779E-03,-3.058490E-03,2.984811E-03,4.114897E-02,2.943971E-02,0.000000E+00,0.000000E+00,1.592842E+00
1.090000E-01,3.817714E-03,2.798194E-03,4.094395E-02,3.453969E-03,-3.017487E-03,2.993378E-03,4.100318E-02,8.567044E-03,0.000000E+00,0.000000E+00,1.635682E+00
1.100000E-01,3.858918E-03,2.802082E-03,4.120480E-02,3.888399E-03,-2.976791E-03,2.982324E-03,4.069524E-02,-1.105493E-02,0.000000E+00,0.000000E+00,1.510402E+00
1.110000E-01,3.899883E-03,2.798460E-03,4.096510E-02,-3.622148E-03,-2.936432E-03,2.958982E-03,4.035899E-02,-2.334163E-02,0.000000E+00,0.000000E+00,1.345100E+00
1.120000E-01,3.940184E-03,2.778681E-03,4.030093E-02,-1.977906E-02,-2.896431E-03,2.931745E-03,4.000146E-02,-2.723702E-02,0.000000E+00,0.000000E+00,1.282571E+00
1.130000E-01,3.979675E-03,2.739823E-03,3.949034E-02,-3.885796E-02,-2.856829E-03,2.903791E-03,3.960145E-02,-2.795347E-02,0.000000E+00,0.000000E+00,1.373932E+00
1.140000E-01,4.018618E-03,2.687405E-03,3.894372E-02,-5.241816E-02,-2.817562E-03,2.870118E-03,3.926722E-02,-3.367339E-02,0.000000E+00,0.000000E+00,1.531001E+00
1.150000E-01,4.053932E-03,2.651927E-03,3.531324E-02,-3.547835E-02,-2.782979E-03,2.808122E-03,3.458338E-02,-6.199554E-02,0.000000E+00,0.000000E+00,1.308750E+00
1.160000E-01,4.078265E-03,2.672697E-03,2.433303E-02,2.077088E-02,-2.760350E-03,2.721582E-03,2.262870E-02,-8.654069E-02,0.000000E+00,0.000000E+00,4.095593E-01
1.170000E-01,4.095503E-03,2.726830E-03,1.723820E-02,5.413292E-02,-2.742877E-03,2.639565E-03,1.747332E-02,-8.201686E-02,0.000000E+00,0.000000E+00,-7.311192E-01
1.180000E-01,4.115620E-03,2.766071E-03,2.011694E-02,3.924092E-02,-2.721501E-03,2.606664E-03,2.137558E-02,-3.290051E-02,0.000000E+00,0.000000E+00,-1.335604E+00
1.190000E-01,4.144243E-03,2.788328E-03,2.862277E-02,2.225640E-02,-2.692337E-03,2.606040E-03,2.916404E-02,-6.247289E-04,0.000000E+00,0.000000E+00,-1.527351E+00
1.200000E-01,4.182382E-03,2.794235E-03,3.813948E-02,5.907792E-03,-2.654903E-03,2.638732E-03,3.743404E-02,3.269214E-02,0.000000E+00,0.000000E+00,-1.302881E+00
1.210000E-01,4.228198E-03,2.783213E-03,4.581602E-02,-1.102282E-02,-2.610393E-03,2.699367E-03,4.450980E-02,6.063563E-02,0.000000E+00,0.000000E+00,-7.024452E-01
1.220000E-01,4.275403E-03,2.753018E-03,4.720463E-02,-3.019426E-02,-2.563790E-03,2.763017E-03,4.660285E-02,6.364956E-02,0.000000E+00,0.000000E+00,8.376395E-02
1.230000E-01,4.321673E-03,2.709312E-03,4.626979E-02,-4.370615E-02,-2.516722E-03,2.820038E-03,4.706822E-02,5.702101E-02,0.000000E+00,0.000000E+00,9.276395E-01
1.240000E-01,4.367472E-03,2.655721E-03,4.579977E-02,-5.359078E-02,-2.468679E-03,2.865031E-03,4.804363E-02,4.499304E-02,0.000000E+00,0.000000E+00,1.753737E+00
1.250000E-01,4.412832E-03,2.630027E-03,4.535963E-02,-2.569491E-02,-2.421306E-03,2.897510E-03,4.737252E-02,3.247892E-02,0.000000E+00,0.000000E+00,2.241373E+00
1.260000E-01,4.455374E-03,2.623900E-03,4.254209E-02,-6.126304E-03,-2.377698E-03,2.917629E-03,4.360810E-02,2.011950E-02,0.000000E+00,0.000000E+00,2.461424E+00
1.270000E-01,4.494193E-03,2.634641E-03,3.881885E-02,1.074089E-02,-2.339179E-03,2.921700E-03,3.851875E-02,4.070428E-03,0.000000E+00,0.000000E+00,2.405488E+00
1.280000E-01,4.528780E-03,2.666363E-03,3.458671E-02,3.172186E-02,-2.306367E-03,2.907886E-03,3.281212E-02,-1.381390E-02,0.000000E+00,0.000000E+00,2.023730E+00
1.290000E-01,4.559931E-03,2.712154E-03,3.115100E-02,4.579139E-02,-2.277420E-03,2.881973E-03,2.894739E-02,-2.591258E-02,0.000000E+00,0.000000E+00,1.422761E+00
1.300000E-01,4.591108E-03,2.754908E-03,3.117756E-02,4.275321E-02,-2.247864E-03,2.839709E-03,2.955534E-02,-4.226393E-02,0.000000E+00,0.000000E+00,7.104199E-01
1.310000E-01,4.622110E-03,2.796683E-03,3.100144E-02,4.177497E-02,-2.217398E-03,2.778923E-03,3.046603E-02,-6.078681E-02,0.000000E+00,0.000000E+00,-1.487773E-01
1.320000E-01,4.652515E-03,2.839492E-03,3.040525E-02,4.280895E-02,-2.185571E-03,2.697591E-03,3.182735E-02,-8.133134E-02,0.000000E+00,0.000000E+00,-1.188800E+00
1.330000E-01,4.680669E-03,2.877968E-03,2.815383E-02,3.847666E-02,-2.154042E-03,2.619988E-03,3.152948E-02,-7.760315E-02,0.000000E+00,0.000000E+00,-2.161635E+00
1.340000E-01,4.706946E-03,2.898111E-03,2.627749E-02,2.014313E-02,-2.125830E-03,2.593036E-03,2.821188E-02,-2.695171E-02,0.000000E+00,0.000000E+00,-2.556486E+00
1.350000E-01,4.735468E-03,2.900280E-03,2.852211E-02,2.169068E-03,-2.096902E-03,2.586035E-03,2.892811E-02,-7.001654E-03,0.000000E+00,0.000000E+00,-2.633385E+00
1.360000E-01,4.765656E-03,2.881185E-03,3.018819E-02,-1.909575E-02,-2.067697E-03,2.588264E-03,2.920404E-02,2.229661E-03,0.000000E+00,0.000000E+00,-2.454551E+00
1.370000E-01,4.794189E-03,2.846150E-03,2.853228E-02,-3.503425E-02,-2.040991E-03,2.597596E-03,2.670643E-02,9.331669E-03,0.000000E+00,0.000000E+00,-2.082584E+00
1.380000E-01,4.817735E-03,2.802541E-03,2.354627E-02,-4.360889E-02,-2.019574E-03,2.618369E-03,2.141725E-02,2.077280E-02,0.000000E+00,0.000000E+00,-1.542969E+00
1.390000E-01,4.834735E-03,2.752569E-03,1.699965E-02,-4.997206E-02,-2.004408E-03,2.651938E-03,1.516586E-02,3.356939E-02,0.000000E+00,0.000000E+00,-8.429886E-01
1.400000E-01,4.846076E-03,2.696329E-03,1.134153E-02,-5.624010E-02,-1.993876E-03,2.690509E-03,1.053237E-02,3.857021E-02,0.000000E+00,0.000000E+00,-4.875838E-02
1.410000E-01,4.857466E-03,2.644491E-03,1.139001E-02,-5.183847E-02,-1.982189E-03,2.711529E-03,1.168672E-02,2.102018E-02,0.000000E+00,0.000000E+00,5.615583E-01
1.420000E-01,4.876162E-03,2.628028E-03,1.869559E-02,-1.646257E-02,-1.963314E-03,2.711883E-03,1.887453E-02,3.538586E-04,0.000000E+00,0.000000E+00,7.024306E-01
1.430000E-01,4.904935E-03,2.647368E-03,2.877270E-02,1.933969E-02,-1.934900E-03,2.694080E-03,2.841461E-02,-1.780308E-02,0.000000E+00,0.000000E+00,3.912862E-01
1.440000E-01,4.943600E-03,2.691507E-03,3.866546E-02,4.413868E-02,-1.896338E-03,2.663592E-03,3.856196E-02,-3.048791E-02,0.000000E+00,0.000000E+00,-2.338334E-01
1.450000E-01,4.983371E-03,2.732636E-03,3.977084E-02,4.112974E-02,-1.856101E-03,2.648049E-03,4.023663E-02,-1.554212E-02,0.000000E+00,0.000000E+00,-7.085672E-01
1.460000E-01,5.021546E-03,2.759059E-03,3.817507E-02,2.642279E-02,-1.817458E-03,2.642619E-03,3.864318E-02,-5.430652E-03,0.000000E+00,0.000000E+00,-9.754193E-01
1.470000E-01,5.057308E-03,2.768033E-03,3.576229E-02,8.973530E-03,-1.781541E-03,2.642887E-03,3.591734E-02,2.682370E-04,0.000000E+00,0.000000E+00,-1.048351E+00
1.480000E-01,5.089403E-03,2.763728E-03,3.209508E-02,-4.304455E-03,-1.749638E-03,2.649715E-03,3.190222E-02,6.828187E-03,0.000000E+00,0.000000E+00,-9.550839E-01
1.490000E-01,5.117339E-03,2.759328E-03,2.793591E-02,-4.400326E-03,-1.721930E-03,2.659645E-03,2.770816E-02,9.929689E-03,0.000000E+00,0.000000E+00,-8.350322E-01
1.500000E-01,5.141282E-03,2.756791E-03,2.394289E-02,-2.536703E-03,-1.698170E-03,2.670188E-03,2.376059E-02,1.054297E-02,0.000000E+00,0.000000E+00,-7.254586E-01
1.510000E-01,5.161778E-03,2.755339E-03,2.049634E-02,-1.452058E-03,-1.677796E-03,2.679677E-03,2.037347E-02,9.489551E-03,0.000000E+00,0.000000E+00,-6.337996E-01
1.520000E-01,5.181071E-03,2.738679E-03,1.929240E-02,-1.665980E-02,-1.658688E-03,2.683462E-03,1.910807E-02,3.784389E-03,0.000000E+00,0.000000E+00,-4.625400E-01
1.530000E-01,5.199503E-03,2.702776E-03,1.843242E-02,-3.590385E-02,-1.640441E-03,2.680118E-03,1.824722E-02,-3.343783E-03,0.000000E+00,0.000000E+00,-1.897927E-01
1.540000E-01,5.216433E-03,2.647397E-03,1.692931E-02,-5.537855E-02,-1.623530E-03,2.668055E-03,1.691071E-02,-1.206338E-02,0.000000E+00,0.000000E+00,1.730413E-01
1.550000E-01,5.225327E-03,2.618699E-03,8.894343E-03,-2.869814E-02,-1.614504E-03,2.666518E-03,9.026150E-03,-1.536607E-03,0.000000E+00,0.000000E+00,4.005650E-01
1.560000E-01,5.224801E-03,2.614438E-03,-5.260321E-04,-4.260890E-03,-1.614933E-03,2.674581E-03,-4.285012E-04,8.063228E-03,0.000000E+00,0.000000E+00,5.038022E-01
1.570000E-01,5.213879E-03,2.637848E-03,-1.092225E-02,2.341030E-02,-1.625934E-03,2.687384E-03,-1.100102E-02,1.280299E-02,0.000000E+00,0.000000E+00,4.149468E-01
1.580000E-01,5.195648E-03,2.687538E-03,-1.823032E-02,4.969022E-02,-1.644324E-03,2.690801E-03,-1.839040E-02,3.417199E-03,0.000000E+00,0.000000E+00,2.733322E-02
1.590000E-01,5.176465E-03,2.735252E-03,-1.918357E-02,4.771314E-02,-1.663280E-03,2.683487E-03,-1.895649E-02,-7.314315E-03,0.000000E+00,0.000000E+00,-4.336164E-01
1.600000E-01,5.159908E-03,2.762786E-03,-1.655707E-02,2.753488E-02,-1.679322E-03,2.667147E-03,-1.604198E-02,-1.634041E-02,0.000000E+00,0.000000E+00,-8.011712E-01
1.610000E-01,5.144314E-03,2.775771E-03,-1.559409E-02,1.298435E-02,-1.694585E-03,2.663495E-03,-1.526289E-02,-3.651540E-03,0.000000E+00,0.000000E+00,-9.405520E-01
1.620000E-01,5.132471E-03,2.772116E-03,-1.184260E-02,-3.654630E-03,-1.706485E-03,2.669674E-03,-1.189933E-02,6.178819E-03,0.000000E+00,0.000000E+00,-8.581813E-01
1.630000E-01,5.123576E-03,2.759245E-03,-8.895334E-03,-1.287093E-02,-1.715622E-03,2.681093E-03,-9.137880E-03,1.141932E-02,0.000000E+00,0.000000E+00,-6.546935E-01
1.640000E-01,5.116224E-03,2.733440E-03,-7.352073E-03,-2.580486E-02,-1.723246E-03,2.694445E-03,-7.623654E-03,1.335181E-02,0.000000E+00,0.000000E+00,-3.266682E-01
1.650000E-01,5.108729E-03,2.695221E-03,-7.494424E-03,-3.821941E-02,-1.730784E-03,2.700144E-03,-7.538068E-03,5.698851E-03,0.000000E+00,0.000000E+00,4.124120E-02
1.660000E-01,5.100622E-03,2.659558E-03,-8.107423E-03,-3.566267E-02,-1.738729E-03,2.695764E-03,-7.944473E-03,-4.380085E-03,0.000000E+00,0.000000E+00,3.033052E-01
1.670000E-01,5.088843E-03,2.649551E-03,-1.177872E-02,-1.000777E-02,-1.750402E-03,2.683640E-03,-1.167298E-02,-1.212352E-02,0.000000E+00,0.000000E+00,2.855857E-01
1.680000E-01,5.074054E-03,2.656077E-03,-1.478846E-02,6.526876E-03,-1.765100E-03,2.672359E-03,-1.469803E-02,-1.128147E-02,0.000000E+00,0.000000E+00,1.364001E-01
1.690000E-01,5.062146E-03,2.658977E-03,-1.190807E-02,2.899330E-03,-1.776951E-03,2.666473E-03,-1.185108E-02,-5.886169E-03,0.000000E+00,0.000000E+00,6.279936E-02
1.700000E-01,5.054908E-03,2.660180E-03,-7.238361E-03,1.202850E-03,-1.784149E-03,2.666056E-03,-7.198590E-03,-4.163882E-04,0.000000E+00,0.000000E+00,4.923420E-02
1.710000E-01,5.051333E-03,2.662466E-03,-3.575381E-03,2.286484E-03,-1.787665E-03,2.669350E-03,-3.515380E-03,3.293618E-03,0.000000E+00,0.000000E+00,5.767220E-02
1.720000E-01,5.048976E-03,2.666093E-03,-2.356322E-03,3.626663E-03,-1.789929E-03,2.670485E-03,-2.264033E-03,1.135410E-03,0.000000E+00,0.000000E+00,3.680148E-02
1.730000E-01,5.046383E-03,2.670807E-03,-2.593794E-03,4.714188E-03,-1.792414E-03,2.668982E-03,-2.485145E-03,-1.503811E-03,0.000000E+00,0.000000E+00,-1.529264E-02
1.740000E-01,5.044393E-03,2.671650E-03,-1.989376E-03,8.432966E-04,-1.794349E-03,2.666711E-03,-1.934601E-03,-2.270381E-03,0.000000E+00,0.000000E+00,-4.137951E-02
1.750000E-01,5.039687E-03,2.671509E-03,-4.706046E-03,-1.414872E-04,-1.799019E-03,2.666527E-03,-4.670968E-03,-1.843784E-04,0.000000E+00,0.000000E+00,-4.173907E-02
1.760000E-01,5.030669E-03,2.667773E-03,-9.018306E-03,-3.735323E-03,-1.808021E-03,2.668251E-03,-9.001667E-03,1.724337E-03,0.000000E+00,0.000000E+00,4.002838E-03
1.770000E-01,5.014607E-03,2.668839E-03,-1.606147E-02,1.065105E-03,-1.824061E-03,2.674899E-03,-1.604011E-02,6.647771E-03,0.000000E+00,0.000000E+00,5.077556E-02
1.780000E-01,4.993111E-03,2.673333E-03,-2.149630E-02,4.494496E-03,-1.845594E-03,2.677162E-03,-2.153309E-02,2.263403E-03,0.000000E+00,0.000000E+00,3.208284E-02
1.790000E-01,4.967190E-03,2.683243E-03,-2.592073E-02,9.909722E-03,-1.871497E-03,2.676252E-03,-2.590285E-02,-9.104926E-04,0.000000E+00,0.000000E+00,-5.857080E-02
1.800000E-01,4.936952E-03,2.693695E-03,-3.023875E-02,1.045243E-02,-1.901619E-03,2.678477E-03,-3.012221E-02,2.224961E-03,0.000000E+00,0.000000E+00,-1.275041E-01
1.810000E-01,4.904957E-03,2.697770E-03,-3.199508E-02,4.075297E-03,-1.933504E-03,2.672618E-03,-3.188410E-02,-5.858403E-03,0.000000E+00,0.000000E+00,-2.107345E-01
1.820000E-01,4.867514E-03,2.689472E-03,-3.744277E-02,-8.298056E-03,-1.970960E-03,2.676284E-03,-3.745649E-02,3.665976E-03,0.000000E+00,0.000000E+00,-1.104949E-01
1.830000E-01,4.825901E-03,2.685358E-03,-4.161267E-02,-4.114698E-03,-2.012468E-03,2.678840E-03,-4.150754E-02,2.555784E-03,0.000000E+00,0.000000E+00,-5.460762E-02
1.840000E-01,4.782214E-03,2.679310E-03,-4.368659E-02,-6.048116E-03,-2.056007E-03,2.675562E-03,-4.353959E-02,-3.278693E-03,0.000000E+00,0.000000E+00,-3.140449E-02
1.850000E-01,4.737331E-03,2.670719E-03,-4.488331E-02,-8.590493E-03,-2.100567E-03,2.671634E-03,-4.456026E-02,-3.927452E-03,0.000000E+00,0.000000E+00,7.666338E-03
1.860000E-01,4.694382E-03,2.671535E-03,-4.294935E-02,8.163054E-04,-2.143072E-03,2.682025E-03,-4.250421E-02,1.039127E-02,0.000000E+00,0.000000E+00,8.790207E-02
1.870000E-01,4.654553E-03,2.676763E-03,-3.982920E-02,5.227319E-03,-2.182518E-03,2.692932E-03,-3.944659E-02,1.090707E-02,0.000000E+00,0.000000E+00,1.355041E-01
1.880000E-01,4.617394E-03,2.678485E-03,-3.715867E-02,1.721867E-03,-2.219355E-03,2.701060E-03,-3.683647E-02,8.127120E-03,0.000000E+00,0.000000E+00,1.891896E-01
1.890000E-01,4.580784E-03,2.672253E-03,-3.660952E-02,-6.231986E-03,-2.255701E-03,2.699412E-03,-3.634640E-02,-1.647646E-03,0.000000E+00,0.000000E+00,2.276172E-01
1.900000E-01,4.542663E-03,2.675827E-03,-3.812093E-02,3.573958E-03,-2.293801E-03,2.676009E-03,-3.809947E-02,-2.340312E-02,0.000000E+00,0.000000E+00,1.526684E-03
1.910000E-01,4.500112E-03,2.686374E-03,-4.255143E-02,1.054762E-02,-2.336249E-03,2.659154E-03,-4.244809E-02,-1.685450E-02,0.000000E+00,0.000000E+00,-2.281303E-01
1.920000E-01,4.455591E-03,2.683412E-03,-4.452058E-02,-2.962489E-03,-2.380837E-03,2.653423E-03,-4.458833E-02,-5.731550E-03,0.000000E+00,0.000000E+00,-2.513350E-01
1.930000E-01,4.411243E-03,2.673987E-03,-4.434883E-02,-9.424639E-03,-2.425334E-03,2.652178E-03,-4.449749E-02,-1.244634E-03,0.000000E+00,0.000000E+00,-1.827757E-01
1.940000E-01,4.368348E-03,2.666475E-03,-4.289504E-02,-7.511851E-03,-2.468345E-03,2.656357E-03,-4.301054E-02,4.178855E-03,0.000000E+00,0.000000E+00,-8.479776E-02
1.950000E-01,4.329044E-03,2.664002E-03,-3.930371E-02,-2.472847E-03,-2.507729E-03,2.663398E-03,-3.938395E-02,7.041202E-03,0.000000E+00,0.000000E+00,-5.064059E-03
1.960000E-01,4.294838E-03,2.673362E-03,-3.420609E-02,9.359991E-03,-2.541953E-03,2.665089E-03,-3.422431E-02,1.691365E-03,0.000000E+00,0.000000E+00,-6.933099E-02
1.970000E-01,4.263051E-03,2.686178E-03,-3.178672E-02,1.281577E-02,-2.573725E-03,2.665116E-03,-3.177129E-02,2.658226E-05,0.000000E+00,0.000000E+00,-1.765108E-01
1.980000E-01,4.229212E-03,2.684979E-03,-3.383936E-02,-1.198970E-03,-2.607603E-03,2.666918E-03,-3.387804E-02,1.802053E-03,0.000000E+00,0.000000E+00,-1.513600E-01
1.990000E-01,4.192510E-03,2.671490E-03,-3.670210E-02,-1.348877E-02,-2.644345E-03,2.672200E-03,-3.674275E-02,5.281660E-03,0.000000E+00,0.000000E+00,5.944854E-03
2.000000E-01,4.152709E-03,2.665260E-03,-3.980050E-02,-6.230232E-03,-2.684097E-03,2.676680E-03,-3.975132E-02,4.479773E-03,0.000000E+00,0.000000E+00,9.569989E-02
2.010000E-01,4.108695E-03,2.665928E-03,-4.401373E-02,6.681084E-04,-2.728138E-03,2.672073E-03,-4.404133E-02,-4.606739E-03,0.000000E+00,0.000000E+00,5.149396E-02
2.020000E-01,4.056447E-03,2.678479E-03,-5.224824E-02,1.255063E-02,-2.780399E-03,2.672528E-03,-5.226096E-02,4.552974E-04,0.000000E+00,0.000000E+00,-4.987035E-02
2.030000E-01,3.999441E-03,2.690425E-03,-5.700601E-02,1.194594E-02,-2.837351E-03,2.676132E-03,-5.695169E-02,3.603574E-03,0.000000E+00,0.000000E+00,-1.197838E-01
2.040000E-01,3.941275E-03,2.689660E-03,-5.816656E-02,-7.644542E-04,-2.895548E-03,2.672178E-03,-5.819694E-02,-3.953392E-03,0.000000E+00,0.000000E+00,-1.465079E-01
2.050000E-01,3.878992E-03,2.688449E-03,-6.228258E-02,-1.211046E-03,-2.957777E-03,2.671932E-03,-6.222915E-02,-2.458768E-04,0.000000E+00,0.000000E+00,-1.384205E-01
2.060000E-01,3.811153E-03,2.677616E-03,-6.783950E-02,-1.083308E-02,-3.025614E-03,2.681600E-03,-6.783776E-02,9.667568E-03,0.000000E+00,0.000000E+00,3.338566E-02
2.070000E-01,3.738457E-03,2.673883E-03,-7.269517E-02,-3.732808E-03,-3.098316E-03,2.683267E-03,-7.270133E-02,1.667346E-03,0.000000E+00,0.000000E+00,7.864174E-02
2.080000E-01,3.659215E-03,2.691267E-03,-7.924261E-02,1.738381E-02,-3.177461E-03,2.677618E-03,-7.914489E-02,-5.649480E-03,0.000000E+00,0.000000E+00,-1.143909E-01
2.090000E-01,3.577347E-03,2.694244E-03,-8.186802E-02,2.976721E-03,-3.259395E-03,2.668010E-03,-8.193447E-02,-9.608002E-03,0.000000E+00,0.000000E+00,-2.198559E-01
2.100000E-01,3.492786E-03,2.690632E-03,-8.456070E-02,-3.611693E-03,-3.344025E-03,2.667627E-03,-8.462950E-02,-3.833188E-04,0.000000E+00,0.000000E+00,-1.927987E-01
2.110000E-01,3.412692E-03,2.681923E-03,-8.009405E-02,-8.709139E-03,-3.424339E-03,2.678113E-03,-8.031474E-02,1.048648E-02,0.000000E+00,0.000000E+00,-3.192990E-02
2.120000E-01,3.334337E-03,2.668541E-03,-7.835459E-02,-1.338170E-02,-3.502874E-03,2.686093E-03,-7.853413E-02,7.980016E-03,0.000000E+00,0.000000E+00,1.470817E-01
2.130000E-01,3.254162E-03,2.662623E-03,-8.017583E-02,-5.918457E-03,-3.583124E-03,2.681891E-03,-8.025045E-02,-4.202210E-03,0.000000E+00,0.000000E+00,1.614619E-01
2.140000E-01,3.168835E-03,2.666892E-03,-8.532651E-02,4.269054E-03,-3.668561E-03,2.671853E-03,-8.543668E-02,-1.003809E-02,0.000000E+00,0.000000E+00,4.156925E-02
2.150000E-01,3.072308E-03,2.686846E-03,-9.652675E-02,1.995425E-02,-3.765173E-03,2.676705E-03,-9.661242E-02,4.852213E-03,0.000000E+00,0.000000E+00,-8.498119E-02
2.160000E-01,2.972677E-03,2.707764E-03,-9.963154E-02,2.091763E-02,-3.864817E-03,2.677512E-03,-9.964434E-02,8.068922E-04,0.000000E+00,0.000000E+00,-2.535003E-01
2.170000E-01,2.871590E-03,2.725871E-03,-1.010872E-01,1.810681E-02,-3.965838E-03,2.670183E-03,-1.010205E-01,-7.329119E-03,0.000000E+00,0.000000E+00,-4.666402E-01
2.180000E-01,2.766992E-03,2.736288E-03,-1.045973E-01,1.041704E-02,-4.070441E-03,2.672336E-03,-1.046029E-01,2.152956E-03,0.000000E+00,0.000000E+00,-5.358853E-01
2.190000E-01,2.663752E-03,2.737182E-03,-1.032399E-01,8.942330E-04,-4.173780E-03,2.676999E-03,-1.033392E-01,4.662906E-03,0.000000E+00,0.000000E+00,-5.043001E-01
2.200000E-01,2.561154E-03,2.725855E-03,-1.025982E-01,-1.132679E-02,-4.276541E-03,2.677459E-03,-1.027607E-01,4.602225E-04,0.000000E+00,0.000000E+00,-4.055263E-01
2.210000E-01,2.458673E-03,2.697703E-03,-1.024815E-01,-2.815208E-02,-4.379177E-03,2.673144E-03,-1.026365E-01,-4.314751E-03,0.000000E+00,0.000000E+00,-2.057850E-01
2.220000E-01,2.356336E-03,2.657438E-03,-1.023365E-01,-4.026482E-02,-4.481563E-03,2.669431E-03,-1.023858E-01,-3.712940E-03,0.000000E+00,0.000000E+00,1.004891E-01
2.230000E-01,2.249222E-03,2.639687E-03,-1.071145E-01,-1.775139E-02,-4.588635E-03,2.668242E-03,-1.070715E-01,-1.189588E-03,0.000000E+00,0.000000E+00,2.392632E-01
2.240000E-01,2.133694E-03,2.643356E-03,-1.155277E-01,3.669474E-03,-4.704157E-03,2.671472E-03,-1.155223E-01,3.230863E-03,0.000000E+00,0.000000E+00,2.355882E-01
2.250000E-01,2.008649E-03,2.668060E-03,-1.250448E-01,2.470407E-02,-4.829211E-03,2.678255E-03,-1.250537E-01,6.782524E-03,0.000000E+00,0.000000E+00,8.542098E-02
2.260000E-01,1.878270E-03,2.701331E-03,-1.303791E-01,3.327070E-02,-4.959563E-03,2.676872E-03,-1.303520E-01,-1.382630E-03,0.000000E+00,0.000000E+00,-2.049460E-01
2.270000E-01,1.746691E-03,2.727222E-03,-1.315788E-01,2.589126E-02,-5.090969E-03,2.669251E-03,-1.314064E-01,-7.621202E-03,0.000000E+00,0.000000E+00,-4.857561E-01
2.280000E-01,1.611041E-03,2.747060E-03,-1.356504E-01,1.983747E-02,-5.226480E-03,2.672839E-03,-1.355108E-01,3.587847E-03,0.000000E+00,0.000000E+00,-6.219188E-01
2.290000E-01,1.472071E-03,2.761068E-03,-1.389700E-01,1.400854E-02,-5.365357E-03,2.678256E-03,-1.388777E-01,5.416879E-03,0.000000E+00,0.000000E+00,-6.939135E-01
2.300000E-01,1.330699E-03,2.770265E-03,-1.413721E-01,9.197044E-03,-5.506622E-03,2.678888E-03,-1.412645E-01,6.318135E-04,0.000000E+00,0.000000E+00,-7.656881E-01
2.310000E-01,1.186569E-03,2.766027E-03,-1.441303E-01,-4.238620E-03,-5.650899E-03,2.678466E-03,-1.442771E-01,-4.220870E-04,0.000000E+00,0.000000E+00,-7.336958E-01
2.320000E-01,1.039722E-03,2.764423E-03,-1.468463E-01,-1.603911E-03,-5.797719E-03,2.672079E-03,-1.468201E-01,-6.386335E-03,0.000000E+00,0.000000E+00,-7.737670E-01
2.330000E-01,8.864133E-04,2.763937E-03,-1.533091E-01,-4.858887E-04,-5.951076E-03,2.679495E-03,-1.533567E-01,7.415432E-03,0.000000E+00,0.000000E+00,-7.075624E-01
2.340000E-01,7.329986E-04,2.747420E-03,-1.534147E-01,-1.651743E-02,-6.104685E-03,2.677556E-03,-1.536094E-01,-1.938168E-03,0.000000E+00,0.000000E+00,-5.853922E-01
2.350000E-01,5.813551E-04,2.717941E-03,-1.516435E-01,-2.947862E-02,-6.256579E-03,2.674777E-03,-1.518935E-01,-2.779738E-03,0.000000E+00,0.000000E+00,-3.616736E-01
2.360000E-01,4.339854E-04,2.678653E-03,-1.473697E-01,-3.928767E-02,-6.404188E-03,2.684490E-03,-1.476094E-01,9.713690E-03,0.000000E+00,0.000000E+00,4.890754E-02
2.370000E-01,2.856812E-04,2.640579E-03,-1.483042E-01,-3.807469E-02,-6.552424E-03,2.678187E-03,-1.482354E-01,-6.303896E-03,0.000000E+00,0.000000E+00,3.151091E-01
2.380000E-01,1.336146E-04,2.633102E-03,-1.520667E-01,-7.476478E-03,-6.704541E-03,2.664899E-03,-1.521169E-01,-1.328741E-02,0.000000E+00,0.000000E+00,2.664192E-01
2.390000E-01,-2.699181E-05,2.654947E-03,-1.606064E-01,2.184473E-02,-6.865215E-03,2.659818E-03,-1.606740E-01,-5.080769E-03,0.000000E+00,0.000000E+00,4.081633E-02
2.400000E-01,-1.976530E-04,2.690733E-03,-1.706612E-01,3.578614E-02,-7.035827E-03,2.667608E-03,-1.706123E-01,7.789640E-03,0.000000E+00,0.000000E+00,-1.937600E-01
2.410000E-01,-3.719753E-04,2.715804E-03,-1.743223E-01,2.507081E-02,-7.210116E-03,2.680834E-03,-1.742889E-01,1.322650E-02,0.000000E+00,0.000000E+00,-2.930009E-01
2.420000E-01,-5.462910E-04,2.730853E-03,-1.743157E-01,1.504924E-02,-7.384419E-03,2.680915E-03,-1.743030E-01,8.044248E-05,0.000000E+00,0.000000E+00,-4.184182E-01
2.430000E-01,-7.208566E-04,2.742176E-03,-1.745656E-01,1.132241E-02,-7.558870E-03,2.671519E-03,-1.744512E-01,-9.395775E-03,0.000000E+00,0.000000E+00,-5.920095E-01
2.440000E-01,-8.956299E-04,2.743585E-03,-1.747734E-01,1.409093E-03,-7.733640E-03,2.669000E-03,-1.747700E-01,-2.519240E-03,0.000000E+00,0.000000E+00,-6.249216E-01
2.450000E-01,-1.068561E-03,2.732891E-03,-1.729307E-01,-1.069369E-02,-7.906774E-03,2.672894E-03,-1.731337E-01,3.893759E-03,0.000000E+00,0.000000E+00,-5.026901E-01
2.460000E-01,-1.240076E-03,2.709000E-03,-1.715152E-01,-2.389109E-02,-8.078554E-03,2.678412E-03,-1.717804E-01,5.518758E-03,0.000000E+00,0.000000E+00,-2.562732E-01
2.470000E-01,-1.411983E-03,2.670956E-03,-1.719067E-01,-3.804355E-02,-8.250577E-03,2.676318E-03,-1.720228E-01,-2.093957E-03,0.000000E+00,0.000000E+00,4.492580E-02
2.480000E-01,-1.587734E-03,2.653943E-03,-1.757518E-01,-1.701343E-02,-8.426349E-03,2.666599E-03,-1.757724E-01,-9.719775E-03,0.000000E+00,0.000000E+00,1.060338E-01
2.490000E-01,-1.769156E-03,2.659433E-03,-1.814213E-01,5.489858E-03,-8.607790E-03,2.664231E-03,-1.814413E-01,-2.367231E-03,0.000000E+00,0.000000E+00,4.020493E-02
2.500000E-01,-1.956765E-03,2.679954E-03,-1.876094E-01,2.052106E-02,-8.795386E-03,2.662773E-03,-1.875955E-01,-1.458045E-03,0.000000E+00,0.000000E+00,-1.439415E-01
2.510000E-01,-2.147127E-03,2.696847E-03,-1.903615E-01,1.689343E-02,-8.985694E-03,2.663812E-03,-1.903082E-01,1.038321E-03,0.000000E+00,0.000000E+00,-2.767801E-01
2.520000E-01,-2.339340E-03,2.706195E-03,-1.922130E-01,9.348106E-03,-9.177887E-03,2.668111E-03,-1.921924E-01,4.298931E-03,0.000000E+00,0.000000E+00,-3.190835E-01
2.530000E-01,-2.534252E-03,2.710415E-03,-1.949120E-01,4.219205E-03,-9.372814E-03,2.676801E-03,-1.949274E-01,8.690444E-03,0.000000E+00,0.000000E+00,-2.816223E-01
2.540000E-01,-2.730087E-03,2.707918E-03,-1.958354E-01,-2.496883E-03,-9.568663E-03,2.675724E-03,-1.958489E-01,-1.077323E-03,0.000000E+00,0.000000E+00,-2.697285E-01
2.550000E-01,-2.928647E-03,2.693360E-03,-1.985597E-01,-1.455717E-02,-9.767339E-03,2.674637E-03,-1.986763E-01,-1.086291E-03,0.000000E+00,0.000000E+00,-1.568641E-01
2.560000E-01,-3.134137E-03,2.685073E-03,-2.054908E-01,-8.287116E-03,-9.972789E-03,2.688195E-03,-2.054500E-01,1.355747E-02,0.000000E+00,0.000000E+00,2.615355E-02
2.570000E-01,-3.340492E-03,2.666373E-03,-2.063548E-01,-1.870083E-02,-1.017919E-02,2.682158E-03,-2.064018E-01,-6.036458E-03,0.000000E+00,0.000000E+00,1.322574E-01
2.580000E-01,-3.548610E-03,2.660848E-03,-2.081177E-01,-5.524929E-03,-1.038738E-02,2.664333E-03,-2.081862E-01,-1.782506E-02,0.000000E+00,0.000000E+00,2.920473E-02
2.590000E-01,-3.755844E-03,2.663317E-03,-2.072344E-01,2.468963E-03,-1.059464E-02,2.659030E-03,-2.072619E-01,-5.303856E-03,0.000000E+00,0.000000E+00,-3.591646E-02
2.600000E-01,-3.952874E-03,2.673285E-03,-1.970293E-01,9.968010E-03,-1.079172E-02,2.671028E-03,-1.970773E-01,1.199891E-02,0.000000E+00,0.000000E+00,-1.890139E-02
2.610000E-01,-4.140218E-03,2.684822E-03,-1.873447E-01,1.153750E-02,-1.097910E-02,2.701410E-03,-1.873835E-01,3.038197E-02,0.000000E+00,0.000000E+00,1.389765E-01
2.620000E-01,-4.327427E-03,2.683410E-03,-1.872089E-01,-1.411615E-03,-1.116626E-02,2.723558E-03,-1.871588E-01,2.214741E-02,0.000000E+00,0.000000E+00,3.363516E-01
2.630000E-01,-4.514677E-03,2.670983E-03,-1.872496E-01,-1.242699E-02,-1.135337E-02,2.732557E-03,-1.871071E-01,8.998656E-03,0.000000E+00,0.000000E+00,5.158565E-01
2.640000E-01,-4.703947E-03,2.668154E-03,-1.892706E-01,-2.829820E-03,-1.154260E-02,2.732900E-03,-1.892363E-01,3.431085E-04,0.000000E+00,0.000000E+00,5.424403E-01
2.650000E-01,-4.897459E-03,2.683660E-03,-1.935117E-01,1.550587E-02,-1.173619E-02,2.726848E-03,-1.935919E-01,-6.051620E-03,0.000000E+00,0.000000E+00,3.618340E-01
2.660000E-01,-5.092025E-03,2.703621E-03,-1.945656E-01,1.996132E-02,-1.193078E-02,2.704844E-03,-1.945876E-01,-2.200432E-02,0.000000E+00,0.000000E+00,1.024542E-02
2.670000E-01,-5.287097E-03,2.705556E-03,-1.950721E-01,1.935006E-03,-1.212570E-02,2.673757E-03,-1.949210E-01,-3.108710E-02,0.000000E+00,0.000000E+00,-2.664210E-01
2.680000E-01,-5.479351E-03,2.690184E-03,-1.922540E-01,-1.537135E-02,-1.231782E-02,2.646724E-03,-1.921204E-01,-2.703255E-02,0.000000E+00,0.000000E+00,-3.641260E-01
2.690000E-01,-5.663921E-03,2.662992E-03,-1.845701E-01,-2.719246E-02,-1.250248E-02,2.650855E-03,-1.846594E-01,4.131115E-03,0.000000E+00,0.000000E+00,-1.016866E-01
2.700000E-01,-5.839257E-03,2.648500E-03,-1.753364E-01,-1.449216E-02,-1.267774E-02,2.684782E-03,-1.752586E-01,3.392662E-02,0.000000E+00,0.000000E+00,3.039829E-01
2.710000E-01,-6.011998E-03,2.645197E-03,-1.727411E-01,-3.303128E-03,-1.285027E-02,2.711442E-03,-1.725295E-01,2.666023E-02,0.000000E+00,0.000000E+00,5.550315E-01
2.720000E-01,-6.185894E-03,2.646531E-03,-1.738954E-01,1.334300E-03,-1.302404E-02,2.725695E-03,-1.737674E-01,1.425251E-02,0.000000E+00,0.000000E+00,6.632694E-01
2.730000E-01,-6.361988E-03,2.654973E-03,-1.760943E-01,8.441489E-03,-1.320023E-02,2.727262E-03,-1.761934E-01,1.567149E-03,0.000000E+00,0.000000E+00,6.056686E-01
2.740000E-01,-6.540787E-03,2.673084E-03,-1.787992E-01,1.811156E-02,-1.337934E-02,2.713294E-03,-1.791090E-01,-1.396742E-02,0.000000E+00,0.000000E+00,3.368910E-01
2.750000E-01,-6.721633E-03,2.696025E-03,-1.808455E-01,2.294115E-02,-1.356032E-02,2.685907E-03,-1.809804E-01,-2.738759E-02,0.000000E+00,0.000000E+00,-8.477505E-02
2.760000E-01,-6.903184E-03,2.718556E-03,-1.815514E-01,2.253079E-02,-1.374160E-02,2.654124E-03,-1.812795E-01,-3.178272E-02,0.000000E+00,0.000000E+00,-5.398291E-01
2.770000E-01,-7.088479E-03,2.730623E-03,-1.852948E-01,1.206744E-02,-1.392666E-02,2.643749E-03,-1.850593E-01,-1.037513E-02,0.000000E+00,0.000000E+00,-7.278664E-01
2.780000E-01,-7.276766E-03,2.730421E-03,-1.882874E-01,-2.028029E-04,-1.411494E-02,2.643516E-03,-1.882853E-01,-2.329137E-04,0.000000E+00,0.000000E+00,-7.281189E-01
2.790000E-01,-7.468909E-03,2.720240E-03,-1.921425E-01,-1.018023E-02,-1.430730E-02,2.651687E-03,-1.923531E-01,8.170637E-03,0.000000E+00,0.000000E+00,-5.743628E-01
2.800000E-01,-7.666779E-03,2.699357E-03,-1.978701E-01,-2.088382E-02,-1.450548E-02,2.674519E-03,-1.981812E-01,2.283262E-02,0.000000E+00,0.000000E+00,-2.080913E-01
2.810000E-01,-7.867006E-03,2.664791E-03,-2.002265E-01,-3.456564E-02,-1.470577E-02,2.693497E-03,-2.002930E-01,1.897736E-02,0.000000E+00,0.000000E+00,2.404962E-01
2.820000E-01,-8.068810E-03,2.648240E-03,-2.018046E-01,-1.655122E-02,-1.490753E-02,2.694902E-03,-2.017542E-01,1.405317E-03,0.000000E+00,0.000000E+00,3.909358E-01
2.830000E-01,-8.270759E-03,2.645426E-03,-2.019489E-01,-2.814170E-03,-1.510958E-02,2.677847E-03,-2.020565E-01,-1.705526E-02,0.000000E+00,0.000000E+00,2.716216E-01
2.840000E-01,-8.471338E-03,2.653773E-03,-2.005785E-01,8.347301E-03,-1.531024E-02,2.665826E-03,-2.006555E-01,-1.202039E-02,0.000000E+00,0.000000E+00,1.009816E-01
2.850000E-01,-8.663447E-03,2.665806E-03,-1.921099E-01,1.203297E-02,-1.550233E-02,2.669084E-03,-1.920941E-01,3.257441E-03,0.000000E+00,0.000000E+00,2.746106E-02
2.860000E-01,-8.845776E-03,2.678097E-03,-1.823286E-01,1.229155E-02,-1.568460E-02,2.690835E-03,-1.822686E-01,2.175132E-02,0.000000E+00,0.000000E+00,1.067153E-01
2.870000E-01,-9.027535E-03,2.679253E-03,-1.817586E-01,1.155476E-03,-1.586628E-02,2.708189E-03,-1.816745E-01,1.735428E-02,0.000000E+00,0.000000E+00,2.424308E-01
2.880000E-01,-9.209481E-03,2.669381E-03,-1.819465E-01,-9.872326E-03,-1.604804E-02,2.723069E-03,-1.817669E-01,1.487952E-02,0.000000E+00,0.000000E+00,4.498087E-01
2.890000E-01,-9.393391E-03,2.671326E-03,-1.839093E-01,1.945692E-03,-1.623192E-02,2.726688E-03,-1.838818E-01,3.618889E-03,0.000000E+00,0.000000E+00,4.638282E-01
2.900000E-01,-9.580845E-03,2.689359E-03,-1.874539E-01,1.803281E-02,-1.641960E-02,2.709973E-03,-1.876792E-01,-1.671487E-02,0.000000E+00,0.000000E+00,1.727032E-01
2.910000E-01,-9.768146E-03,2.707305E-03,-1.873016E-01,1.794645E-02,-1.660691E-02,2.671495E-03,-1.873045E-01,-3.847779E-02,0.000000E+00,0.000000E+00,-3.000211E-01
2.920000E-01,-9.960005E-03,2.719114E-03,-1.918588E-01,1.180814E-02,-1.679858E-02,2.653582E-03,-1.916679E-01,-1.791254E-02,0.000000E+00,0.000000E+00,-5.490250E-01
2.930000E-01,-1.014910E-02,2.722315E-03,-1.890949E-01,3.201060E-03,-1.698763E-02,2.650949E-03,-1.890564E-01,-2.633167E-03,0.000000E+00,0.000000E+00,-5.979045E-01
2.940000E-01,-1.033157E-02,2.711360E-03,-1.824733E-01,-1.095491E-02,-1.717038E-02,2.670232E-03,-1.827463E-01,1.928231E-02,0.000000E+00,0.000000E+00,-3.445695E-01
2.950000E-01,-1.050906E-02,2.691401E-03,-1.774832E-01,-1.995913E-02,-1.734806E-02,2.705662E-03,-1.776797E-01,3.542999E-02,0.000000E+00,0.000000E+00,1.194749E-01
2.960000E-01,-1.068698E-02,2.660044E-03,-1.779190E-01,-3.135652E-02,-1.752569E-02,2.730595E-03,-1.776358E-01,2.493332E-02,0.000000E+00,0.000000E+00,5.910635E-01
2.970000E-01,-1.086659E-02,2.643816E-03,-1.796171E-01,-1.622778E-02,-1.770499E-02,2.741803E-03,-1.792978E-01,1.120784E-02,0.000000E+00,0.000000E+00,8.209263E-01
2.980000E-01,-1.104992E-02,2.644400E-03,-1.833313E-01,5.840840E-04,-1.788837E-02,2.739981E-03,-1.833745E-01,-1.821241E-03,0.000000E+00,0.000000E+00,8.007722E-01
2.990000E-01,-1.123810E-02,2.665690E-03,-1.881800E-01,2.128971E-02,-1.807698E-02,2.722217E-03,-1.886130E-01,-1.776450E-02,0.000000E+00,0.000000E+00,4.735685E-01
3.000000E-01,-1.143025E-02,2.702004E-03,-1.921503E-01,3.631343E-02,-1.826934E-02,2.687137E-03,-1.923559E-01,-3.508012E-02,0.000000E+00,0.000000E+00,-1.245486E-01
3.010000E-01,-1.162377E-02,2.732017E-03,-1.935120E-01,3.001292E-02,-1.846234E-02,2.648304E-03,-1.930011E-01,-3.883249E-02,0.000000E+00,0.000000E+00,-7.013325E-01
3.020000E-01,-1.181949E-02,2.750973E-03,-1.957256E-01,1.895680E-02,-1.865754E-02,2.632855E-03,-1.952085E-01,-1.544988E-02,0.000000E+00,0.000000E+00,-9.896143E-01
3.030000E-01,-1.201616E-02,2.760928E-03,-1.966695E-01,9.954527E-03,-1.885393E-02,2.627407E-03,-1.963804E-01,-5.447514E-03,0.000000E+00,0.000000E+00,-1.118671E+00
3.040000E-01,-1.221553E-02,2.763172E-03,-1.993720E-01,2.244069E-03,-1.905334E-02,2.632120E-03,-1.994190E-01,4.712949E-03,0.000000E+00,0.000000E+00,-1.097984E+00
3.050000E-01,-1.242029E-02,2.755386E-03,-2.047540E-01,-7.785483E-03,-1.925858E-02,2.651744E-03,-2.052341E-01,1.962437E-02,0.000000E+00,0.000000E+00,-8.683163E-01
3.060000E-01,-1.263282E-02,2.736053E-03,-2.125283E-01,-1.933292E-02,-1.947177E-02,2.693452E-03,-2.131943E-01,4.170789E-02,0.000000E+00,0.000000E+00,-3.569027E-01
3.070000E-01,-1.284754E-02,2.710573E-03,-2.147223E-01,-2.548096E-02,-1.968662E-02,2.729649E-03,-2.148443E-01,3.619667E-02,0.000000E+00,0.000000E+00,1.598156E-01
3.080000E-01,-1.306222E-02,2.681630E-03,-2.146807E-01,-2.894218E-02,-1.990100E-02,2.749618E-03,-2.143879E-01,1.996875E-02,0.000000E+00,0.000000E+00,5.695828E-01
3.090000E-01,-1.327541E-02,2.656785E-03,-2.131941E-01,-2.484551E-02,-2.011387E-02,2.753647E-03,-2.128638E-01,4.029810E-03,0.000000E+00,0.000000E+00,8.115057E-01
3.100000E-01,-1.348346E-02,2.652279E-03,-2.080497E-01,-4.505994E-03,-2.032204E-02,2.741530E-03,-2.081714E-01,-1.211727E-02,0.000000E+00,0.000000E+00,7.477334E-01
3.110000E-01,-1.368775E-02,2.654992E-03,-2.042893E-01,2.712767E-03,-2.052665E-02,2.717799E-03,-2.046057E-01,-2.373096E-02,0.000000E+00,0.000000E+00,5.261827E-01
3.120000E-01,-1.388996E-02,2.658128E-03,-2.022127E-01,3.136084E-03,-2.072912E-02,2.685098E-03,-2.024734E-01,-3.270091E-02,0.000000E+00,0.000000E+00,2.259479E-01
3.130000E-01,-1.409238E-02,2.659812E-03,-2.024191E-01,1.683993E-03,-2.093161E-02,2.652715E-03,-2.024910E-01,-3.238335E-02,0.000000E+00,0.000000E+00,-5.945319E-02
3.140000E-01,-1.430094E-02,2.662176E-03,-2.085595E-01,2.364385E-03,-2.114017E-02,2.645906E-03,-2.085592E-01,-6.808855E-03,0.000000E+00,0.000000E+00,-1.363020E-01
3.150000E-01,-1.451967E-02,2.667640E-03,-2.187299E-01,5.464210E-03,-2.135893E-02,2.667232E-03,-2.187629E-01,2.132639E-02,0.000000E+00,0.000000E+00,-3.416483E-03
3.160000E-01,-1.474695E-02,2.676260E-03,-2.272729E-01,8.620049E-03,-2.158614E-02,2.706781E-03,-2.272121E-01,3.954845E-02,0.000000E+00,0.000000E+00,2.556862E-01
3.170000E-01,-1.497433E-02,2.683127E-03,-2.273839E-01,6.866393E-03,-2.181343E-02,2.731053E-03,-2.272880E-01,2.427178E-02,0.000000E+00,0.000000E+00,4.015016E-01
3.180000E-01,-1.520143E-02,2.686735E-03,-2.271019E-01,3.608072E-03,-2.204051E-02,2.739050E-03,-2.270757E-01,7.997370E-03,0.000000E+00,0.000000E+00,4.382734E-01
3.190000E-01,-1.542824E-02,2.684916E-03,-2.268103E-01,-1.818317E-03,-2.226735E-02,2.731839E-03,-2.268454E-01,-7.210964E-03,0.000000E+00,0.000000E+00,3.930958E-01
3.200000E-01,-1.565464E-02,2.675965E-03,-2.263988E-01,-8.951253E-03,-2.249380E-02,2.708609E-03,-2.264439E-01,-2.323061E-02,0.000000E+00,0.000000E+00,2.734704E-01
3.210000E-01,-1.588002E-02,2.664177E-03,-2.253777E-01,-1.178820E-02,-2.271921E-02,2.673836E-03,-2.254087E-01,-3.477271E-02,0.000000E+00,0.000000E+00,8.091681E-02
3.220000E-01,-1.610170E-02,2.662594E-03,-2.216854E-01,-1.583075E-03,-2.294090E-02,2.656564E-03,-2.216954E-01,-1.727195E-02,0.000000E+00,0.000000E+00,-5.051774E-02
3.230000E-01,-1.632432E-02,2.665969E-03,-2.226210E-01,3.374709E-03,-2.316351E-02,2.649024E-03,-2.226081E-01,-7.539982E-03,0.000000E+00,0.000000E+00,-1.419562E-01
3.240000E-01,-1.655183E-02,2.673558E-03,-2.275060E-01,7.588839E-03,-2.339099E-02,2.651792E-03,-2.274840E-01,2.767669E-03,0.000000E+00,0.000000E+00,-1.823462E-01
3.250000E-01,-1.678508E-02,2.680777E-03,-2.332539E-01,7.219755E-03,-2.362424E-02,2.664395E-03,-2.332489E-01,1.260301E-02,0.000000E+00,0.000000E+00,-1.372479E-01
3.260000E-01,-1.702303E-02,2.678805E-03,-2.379408E-01,-1.972131E-03,-2.386219E-02,2.684211E-03,-2.379478E-01,1.981611E-02,0.000000E+00,0.000000E+00,4.528513E-02
3.270000E-01,-1.726266E-02,2.674310E-03,-2.396332E-01,-4.494862E-03,-2.410176E-02,2.697181E-03,-2.395746E-01,1.297003E-02,0.000000E+00,0.000000E+00,1.915999E-01
3.280000E-01,-1.750407E-02,2.678920E-03,-2.414108E-01,4.610187E-03,-2.434312E-02,2.698836E-03,-2.413596E-01,1.655016E-03,0.000000E+00,0.000000E+00,1.668440E-01
3.290000E-01,-1.774594E-02,2.685262E-03,-2.418705E-01,6.341181E-03,-2.458498E-02,2.679174E-03,-2.418570E-01,-1.966123E-02,0.000000E+00,0.000000E+00,-5.099685E-02
3.300000E-01,-1.798932E-02,2.688007E-03,-2.433841E-01,2.745252E-03,-2.482825E-02,2.652671E-03,-2.432722E-01,-2.650307E-02,0.000000E+00,0.000000E+00,-2.960342E-01
3.310000E-01,-1.823767E-02,2.682561E-03,-2.483466E-01,-5.446188E-03,-2.507659E-02,2.648055E-03,-2.483389E-01,-4.616745E-03,0.000000E+00,0.000000E+00,-2.890857E-01
3.320000E-01,-1.849019E-02,2.669934E-03,-2.525193E-01,-1.262656E-02,-2.532916E-02,2.651738E-03,-2.525712E-01,3.683247E-03,0.000000E+00,0.000000E+00,-1.524448E-01
3.330000E-01,-1.874727E-02,2.666129E-03,-2.570776E-01,-3.805552E-03,-2.558625E-02,2.657860E-03,-2.570874E-01,6.121819E-03,0.000000E+00,0.000000E+00,-6.927515E-02
3.340000E-01,-1.900095E-02,2.673117E-03,-2.536875E-01,6.988607E-03,-2.583994E-02,2.663433E-03,-2.536897E-01,5.573429E-03,0.000000E+00,0.000000E+00,-8.113121E-02
3.350000E-01,-1.924916E-02,2.688430E-03,-2.482032E-01,1.531274E-02,-2.608818E-02,2.671898E-03,-2.482380E-01,8.464733E-03,0.000000E+00,0.000000E+00,-1.385017E-01
3.360000E-01,-1.949595E-02,2.692761E-03,-2.467930E-01,4.330802E-03,-2.633505E-02,2.682082E-03,-2.468746E-01,1.018421E-02,0.000000E+00,0.000000E+00,-8.946221E-02
3.370000E-01,-1.974270E-02,2.683570E-03,-2.467519E-01,-9.190612E-03,-2.658189E-02,2.685775E-03,-2.468320E-01,3.692825E-03,0.000000E+00,0.000000E+00,1.847076E-02
3.380000E-01,-1.999019E-02,2.666217E-03,-2.474900E-01,-1.735328E-02,-2.682944E-02,2.672014E-03,-2.475575E-01,-1.376074E-02,0.000000E+00,0.000000E+00,4.856711E-02
3.390000E-01,-2.024464E-02,2.673850E-03,-2.544460E-01,7.632655E-03,-2.708392E-02,2.661441E-03,-2.544820E-01,-1.057329E-02,0.000000E+00,0.000000E+00,-1.039524E-01
3.400000E-01,-2.050523E-02,2.695679E-03,-2.605898E-01,2.182946E-02,-2.734446E-02,2.662871E-03,-2.605359E-01,1.429898E-03,0.000000E+00,0.000000E+00,-2.748489E-01
3.410000E-01,-2.076635E-02,2.711422E-03,-2.611177E-01,1.574329E-02,-2.760551E-02,2.665542E-03,-2.610532E-01,2.671672E-03,0.000000E+00,0.000000E+00,-3.843566E-01
3.420000E-01,-2.102620E-02,2.719211E-03,-2.598565E-01,7.788486E-03,-2.786534E-02,2.668740E-03,-2.598242E-01,3.197278E-03,0.000000E+00,0.000000E+00,-4.228199E-01
3.430000E-01,-2.128350E-02,2.718577E-03,-2.573013E-01,-6.333112E-04,-2.812269E-02,2.675432E-03,-2.573524E-01,6.692166E-03,0.000000E+00,0.000000E+00,-3.614499E-01
3.440000E-01,-2.154015E-02,2.708280E-03,-2.566426E-01,-1.029720E-02,-2.837941E-02,2.677325E-03,-2.567199E-01,1.892837E-03,0.000000E+00,0.000000E+00,-2.593271E-01
3.450000E-01,-2.179687E-02,2.682382E-03,-2.567270E-01,-2.589804E-02,-2.863620E-02,2.674166E-03,-2.567934E-01,-3.158582E-03,0.000000E+00,0.000000E+00,-6.882884E-02
3.460000E-01,-2.205250E-02,2.651831E-03,-2.556214E-01,-3.055088E-02,-2.889179E-02,2.674809E-03,-2.555813E-01,6.428888E-04,0.000000E+00,0.000000E+00,1.924941E-01
3.470000E-01,-2.230983E-02,2.643429E-03,-2.573343E-01,-8.402684E-03,-2.914909E-02,2.673187E-03,-2.573061E-01,-1.621585E-03,0.000000E+00,0.000000E+00,2.493026E-01
3.480000E-01,-2.257420E-02,2.654050E-03,-2.643686E-01,1.062114E-02,-2.941349E-02,2.675114E-03,-2.643975E-01,1.926263E-03,0.000000E+00,0.000000E+00,1.764617E-01
3.490000E-01,-2.284520E-02,2.683305E-03,-2.709982E-01,2.925570E-02,-2.968450E-02,2.671754E-03,-2.710138E-01,-3.359326E-03,0.000000E+00,0.000000E+00,-9.676799E-02
3.500000E-01,-2.311909E-02,2.710245E-03,-2.738927E-01,2.694002E-02,-2.995829E-02,2.671400E-03,-2.737827E-01,-3.546601E-04,0.000000E+00,0.000000E+00,-3.254290E-01
3.510000E-01,-2.339355E-02,2.731934E-03,-2.744566E-01,2.168902E-02,-3.023259E-02,2.672908E-03,-2.743041E-01,1.507897E-03,0.000000E+00,0.000000E+00,-4.944998E-01
3.520000E-01,-2.366868E-02,2.745515E-03,-2.751350E-01,1.358006E-02,-3.050762E-02,2.676219E-03,-2.750349E-01,3.311594E-03,0.000000E+00,0.000000E+00,-5.805273E-01
3.530000E-01,-2.394431E-02,2.747140E-03,-2.756335E-01,1.625257E-03,-3.078322E-02,2.671893E-03,-2.755921E-01,-4.326726E-03,0.000000E+00,0.000000E+00,-6.303905E-01
3.540000E-01,-2.422423E-02,2.748211E-03,-2.799119E-01,1.070997E-03,-3.106314E-02,2.676603E-03,-2.799259E-01,4.710367E-03,0.000000E+00,0.000000E+00,-5.999025E-01
3.550000E-01,-2.450584E-02,2.742496E-03,-2.816154E-01,-5.714985E-03,-3.134478E-02,2.674818E-03,-2.816387E-01,-1.785179E-03,0.000000E+00,0.000000E+00,-5.669804E-01
3.560000E-01,-2.479014E-02,2.723003E-03,-2.842994E-01,-1.949307E-02,-3.162928E-02,2.674313E-03,-2.844971E-01,-5.051805E-04,0.000000E+00,0.000000E+00,-4.079020E-01
3.570000E-01,-2.507940E-02,2.707664E-03,-2.892558E-01,-1.533894E-02,-3.191863E-02,2.683817E-03,-2.893560E-01,9.504207E-03,0.000000E+00,0.000000E+00,-1.997784E-01
3.580000E-01,-2.536848E-02,2.688145E-03,-2.890871E-01,-1.951888E-02,-3.220772E-02,2.677802E-03,-2.890896E-01,-6.015036E-03,0.000000E+00,0.000000E+00,-8.665054E-02
3.590000E-01,-2.565449E-02,2.662050E-03,-2.860110E-01,-2.609527E-02,-3.249371E-02,2.669117E-03,-2.859850E-01,-8.684420E-03,0.000000E+00,0.000000E+00,5.920912E-02
3.600000E-01,-2.592976E-02,2.655601E-03,-2.752637E-01,-6.448469E-03,-3.276892E-02,2.672990E-03,-2.752141E-01,3.872368E-03,0.000000E+00,0.000000E+00,1.456731E-01
3.610000E-01,-2.619611E-02,2.659753E-03,-2.663494E-01,4.152100E-03,-3.303521E-02,2.681464E-03,-2.662842E-01,8.474788E-03,0.000000E+00,0.000000E+00,1.818883E-01
3.620000E-01,-2.645585E-02,2.676222E-03,-2.597421E-01,1.646829E-02,-3.329496E-02,2.684712E-03,-2.597503E-01,3.247611E-03,0.000000E+00,0.000000E+00,7.113014E-02
3.630000E-01,-2.671266E-02,2.692395E-03,-2.568056E-01,1.617340E-02,-3.355177E-02,2.681820E-03,-2.568130E-01,-2.891781E-03,0.000000E+00,0.000000E+00,-8.859148E-02
3.640000E-01,-2.696942E-02,2.696811E-03,-2.567639E-01,4.415816E-03,-3.380851E-02,2.670957E-03,-2.567378E-01,-1.086305E-02,0.000000E+00,0.000000E+00,-2.165925E-01
3.650000E-01,-2.723079E-02,2.686412E-03,-2.613677E-01,-1.039901E-02,-3.406993E-02,2.674416E-03,-2.614236E-01,3.458545E-03,0.000000E+00,0.000000E+00,-1.004983E-01
3.660000E-01,-2.749526E-02,2.670421E-03,-2.644705E-01,-1.599070E-02,-3.433440E-02,2.681373E-03,-2.644723E-01,6.957591E-03,0.000000E+00,0.000000E+00,9.175369E-02
3.670000E-01,-2.776230E-02,2.666210E-03,-2.670456E-01,-4.211212E-03,-3.460143E-02,2.682922E-03,-2.670226E-01,1.548666E-03,0.000000E+00,0.000000E+00,1.400080E-01
3.680000E-01,-2.802965E-02,2.665359E-03,-2.673459E-01,-8.512477E-04,-3.486877E-02,2.680693E-03,-2.673452E-01,-2.228926E-03,0.000000E+00,0.000000E+00,1.284664E-01
3.690000E-01,-2.829449E-02,2.667699E-03,-2.648384E-01,2.340155E-03,-3.513360E-02,2.668608E-03,-2.648306E-01,-1.208538E-02,0.000000E+00,0.000000E+00,7.614564E-03
3.700000E-01,-2.855300E-02,2.676035E-03,-2.585127E-01,8.336419E-03,-3.539210E-02,2.666852E-03,-2.584953E-01,-1.755752E-03,0.000000E+00,0.000000E+00,-7.693437E-02
3.710000E-01,-2.880690E-02,2.677689E-03,-2.538976E-01,1.653632E-03,-3.564602E-02,2.675895E-03,-2.539240E-01,9.042746E-03,0.000000E+00,0.000000E+00,-1.503070E-02
3.720000E-01,-2.905822E-02,2.673976E-03,-2.513241E-01,-3.713165E-03,-3.589739E-02,2.684295E-03,-2.513695E-01,8.399873E-03,0.000000E+00,0.000000E+00,8.644744E-02
3.730000E-01,-2.930952E-02,2.668249E-03,-2.512993E-01,-5.727152E-03,-3.614872E-02,2.677023E-03,-2.513278E-01,-7.271804E-03,0.000000E+00,0.000000E+00,7.350669E-02
3.740000E-01,-2.956121E-02,2.669132E-03,-2.516865E-01,8.835198E-04,-3.640042E-02,2.662241E-03,-2.516981E-01,-1.478175E-02,0.000000E+00,0.000000E+00,-5.772990E-02
3.750000E-01,-2.981473E-02,2.673581E-03,-2.535211E-01,4.448957E-03,-3.665392E-02,2.653873E-03,-2.534995E-01,-8.367686E-03,0.000000E+00,0.000000E+00,-1.651020E-01
3.760000E-01,-3.007090E-02,2.676059E-03,-2.561715E-01,2.477568E-03,-3.691009E-02,2.655489E-03,-2.561717E-01,1.615589E-03,0.000000E+00,0.000000E+00,-1.723232E-01
3.770000E-01,-3.033104E-02,2.675184E-03,-2.601405E-01,-8.747442E-04,-3.717024E-02,2.665356E-03,-2.601509E-01,9.866880E-03,0.000000E+00,0.000000E+00,-8.233483E-02
3.780000E-01,-3.059627E-02,2.677069E-03,-2.652297E-01,1.885047E-03,-3.743544E-02,2.683391E-03,-2.652014E-01,1.803514E-02,0.000000E+00,0.000000E+00,5.296368E-02
3.790000E-01,-3.086297E-02,2.679860E-03,-2.666949E-01,2.791518E-03,-3.770212E-02,2.686255E-03,-2.666803E-01,2.864323E-03,0.000000E+00,0.000000E+00,5.357373E-02
3.800000E-01,-3.112956E-02,2.679500E-03,-2.665993E-01,-3.602256E-04,-3.796871E-02,2.670824E-03,-2.665866E-01,-1.543126E-02,0.000000E+00,0.000000E+00,-7.268562E-02
3.810000E-01,-3.140227E-02,2.679741E-03,-2.727021E-01,2.411252E-04,-3.824133E-02,2.668632E-03,-2.726240E-01,-2.191673E-03,0.000000E+00,0.000000E+00,-9.306772E-02
3.820000E-01,-3.168050E-02,2.672340E-03,-2.782373E-01,-7.401334E-03,-3.851954E-02,2.674242E-03,-2.782044E-01,5.609766E-03,0.000000E+00,0.000000E+00,1.593566E-02
3.830000E-01,-3.196469E-02,2.681881E-03,-2.841839E-01,9.540592E-03,-3.880360E-02,2.675621E-03,-2.840599E-01,1.379008E-03,0.000000E+00,0.000000E+00,-5.244109E-02
3.840000E-01,-3.224886E-02,2.679065E-03,-2.841701E-01,-2.815260E-03,-3.908768E-02,2.668237E-03,-2.840796E-01,-7.384479E-03,0.000000E+00,0.000000E+00,-9.072275E-02
3.850000E-01,-3.253038E-02,2.665957E-03,-2.815243E-01,-1.310872E-02,-3.936914E-02,2.670817E-03,-2.814606E-01,2.580408E-03,0.000000E+00,0.000000E+00,4.072146E-02
3.860000E-01,-3.280029E-02,2.673790E-03,-2.699052E-01,7.833235E-03,-3.963901E-02,2.680834E-03,-2.698756E-01,1.001647E-02,0.000000E+00,0.000000E+00,5.901310E-02
3.870000E-01,-3.306452E-02,2.694211E-03,-2.642360E-01,2.042159E-02,-3.990324E-02,2.680143E-03,-2.642247E-01,-6.908836E-04,0.000000E+00,0.000000E+00,-1.178701E-01
3.880000E-01,-3.332848E-02,2.693104E-03,-2.639557E-01,-1.107678E-03,-4.016711E-02,2.676283E-03,-2.638756E-01,-3.859147E-03,0.000000E+00,0.000000E+00,-1.409239E-01
3.890000E-01,-3.359288E-02,2.680462E-03,-2.644037E-01,-1.264138E-02,-4.043143E-02,2.668748E-03,-2.643177E-01,-7.535924E-03,0.000000E+00,0.000000E+00,-9.815050E-02
3.900000E-01,-3.386193E-02,2.671333E-03,-2.690514E-01,-9.129695E-03,-4.070030E-02,2.672132E-03,-2.688692E-01,3.383989E-03,0.000000E+00,0.000000E+00,6.693681E-03
3.910000E-01,-3.413664E-02,2.672540E-03,-2.747072E-01,1.207301E-03,-4.097482E-02,2.681511E-03,-2.745169E-01,9.379016E-03,0.000000E+00,0.000000E+00,7.516309E-02
3.920000E-01,-3.441134E-02,2.668488E-03,-2.747023E-01,-4.051842E-03,-4.124941E-02,2.676480E-03,-2.745989E-01,-5.030402E-03,0.000000E+00,0.000000E+00,6.696495E-02
3.930000E-01,-3.468539E-02,2.671128E-03,-2.740491E-01,2.639786E-03,-4.152339E-02,2.668679E-03,-2.739747E-01,-7.801173E-03,0.000000E+00,0.000000E+00,-2.051940E-02
3.940000E-01,-3.495624E-02,2.677602E-03,-2.708424E-01,6.474430E-03,-4.179417E-02,2.668484E-03,-2.707766E-01,-1.950974E-04,0.000000E+00,0.000000E+00,-7.640427E-02
3.950000E-01,-3.522375E-02,2.676742E-03,-2.675191E-01,-8.603528E-04,-4.206166E-02,2.674131E-03,-2.674986E-01,5.647271E-03,0.000000E+00,0.000000E+00,-2.187627E-02
3.960000E-01,-3.548787E-02,2.673440E-03,-2.641121E-01,-3.301556E-03,-4.232580E-02,2.681792E-03,-2.641320E-01,7.660674E-03,0.000000E+00,0.000000E+00,6.997751E-02
3.970000E-01,-3.575014E-02,2.673498E-03,-2.622781E-01,5.737129E-05,-4.258806E-02,2.679777E-03,-2.622602E-01,-2.014502E-03,0.000000E+00,0.000000E+00,5.261721E-02
3.980000E-01,-3.601142E-02,2.672672E-03,-2.612707E-01,-8.258495E-04,-4.284931E-02,2.671094E-03,-2.612517E-01,-8.683633E-03,0.000000E+00,0.000000E+00,-1.322423E-02
3.990000E-01,-3.627233E-02,2.671761E-03,-2.609164E-01,-9.108491E-04,-4.311021E-02,2.663371E-03,-2.609045E-01,-7.723085E-03,0.000000E+00,0.000000E+00,-7.030511E-02
4.000000E-01,-3.653392E-02,2.673381E-03,-2.615834E-01,1.620102E-03,-4.337180E-02,2.662648E-03,-2.615843E-01,-7.224553E-04,0.000000E+00,0.000000E+00,-8.993375E-02
4.010000E-01,-3.679728E-02,2.678260E-03,-2.633670E-01,4.879054E-03,-4.363516E-02,2.669890E-03,-2.633597E-01,7.241825E-03,0.000000E+00,0.000000E+00,-7.013581E-02
4.020000E-01,-3.706310E-02,2.676656E-03,-2.658203E-01,-1.604517E-03,-4.390097E-02,2.681732E-03,-2.658090E-01,1.184232E-02,0.000000E+00,0.000000E+00,4.253764E-02
4.030000E-01,-3.733029E-02,2.671142E-03,-2.671829E-01,-5.513318E-03,-4.416818E-02,2.680511E-03,-2.672110E-01,-1.221390E-03,0.000000E+00,0.000000E+00,7.850016E-02
4.040000E-01,-3.760000E-02,2.680495E-03,-2.697127E-01,9.352456E-03,-4.443789E-02,2.671343E-03,-2.697104E-01,-9.167779E-03,0.000000E+00,0.000000E+00,-7.668376E-02
4.050000E-01,-3.787416E-02,2.683101E-03,-2.741650E-01,2.606644E-03,-4.471209E-02,2.672282E-03,-2.742004E-01,9.391426E-04,0.000000E+00,0.000000E+00,-9.065552E-02
4.060000E-01,-3.815277E-02,2.679967E-03,-2.786071E-01,-3.134979E-03,-4.499079E-02,2.681827E-03,-2.787022E-01,9.544953E-03,0.000000E+00,0.000000E+00,1.559083E-02
4.070000E-01,-3.843255E-02,2.677407E-03,-2.797770E-01,-2.559860E-03,-4.527062E-02,2.679854E-03,-2.798310E-01,-1.972734E-03,0.000000E+00,0.000000E+00,2.051020E-02
4.080000E-01,-3.871407E-02,2.674853E-03,-2.815230E-01,-2.553408E-03,-4.555220E-02,2.667856E-03,-2.815791E-01,-1.199882E-02,0.000000E+00,0.000000E+00,-5.863179E-02
4.090000E-01,-3.899846E-02,2.674313E-03,-2.843895E-01,-5.404944E-04,-4.583662E-02,2.669653E-03,-2.844224E-01,1.797763E-03,0.000000E+00,0.000000E+00,-3.903966E-02
4.100000E-01,-3.927716E-02,2.675492E-03,-2.787031E-01,1.178876E-03,-4.611540E-02,2.679679E-03,-2.787770E-01,1.002553E-02,0.000000E+00,0.000000E+00,3.508451E-02
4.110000E-01,-3.955217E-02,2.676657E-03,-2.750038E-01,1.165331E-03,-4.639051E-02,2.684524E-03,-2.751074E-01,4.845169E-03,0.000000E+00,0.000000E+00,6.591588E-02
4.120000E-01,-3.982389E-02,2.670222E-03,-2.717251E-01,-6.435053E-03,-4.666222E-02,2.679114E-03,-2.717101E-01,-5.410185E-03,0.000000E+00,0.000000E+00,7.450300E-02
4.130000E-01,-4.009359E-02,2.665979E-03,-2.696964E-01,-4.242947E-03,-4.693195E-02,2.672757E-03,-2.697322E-01,-6.357048E-03,0.000000E+00,0.000000E+00,5.678946E-02
4.140000E-01,-4.036634E-02,2.671824E-03,-2.727481E-01,5.844650E-03,-4.720470E-02,2.674561E-03,-2.727499E-01,1.803906E-03,0.000000E+00,0.000000E+00,2.293376E-02
4.150000E-01,-4.064433E-02,2.684389E-03,-2.779963E-01,1.256575E-02,-4.748275E-02,2.678827E-03,-2.780517E-01,4.265782E-03,0.000000E+00,0.000000E+00,-4.660777E-02
4.160000E-01,-4.092221E-02,2.689856E-03,-2.778778E-01,5.467055E-03,-4.776069E-02,2.667398E-03,-2.779414E-01,-1.142821E-02,0.000000E+00,0.000000E+00,-1.881625E-01
4.170000E-01,-4.120205E-02,2.689928E-03,-2.798431E-01,7.175527E-05,-4.804058E-02,2.661546E-03,-2.798913E-01,-5.852032E-03,0.000000E+00,0.000000E+00,-2.377922E-01
4.180000E-01,-4.148064E-02,2.681317E-03,-2.785891E-01,-8.611222E-03,-4.831927E-02,2.663370E-03,-2.786833E-01,1.823499E-03,0.000000E+00,0.000000E+00,-1.503652E-01
4.190000E-01,-4.175498E-02,2.667114E-03,-2.743407E-01,-1.420309E-02,-4.859372E-02,2.674734E-03,-2.744554E-01,1.136419E-02,0.000000E+00,0.000000E+00,6.384274E-02
4.200000E-01,-4.202390E-02,2.667188E-03,-2.689213E-01,7.452416E-05,-4.886275E-02,2.682624E-03,-2.690280E-01,7.890263E-03,0.000000E+00,0.000000E+00,1.293217E-01
4.210000E-01,-4.229074E-02,2.670202E-03,-2.668379E-01,3.014058E-03,-4.912964E-02,2.684047E-03,-2.668935E-01,1.423123E-03,0.000000E+00,0.000000E+00,1.159920E-01
4.220000E-01,-4.255665E-02,2.674452E-03,-2.659060E-01,4.249366E-03,-4.939558E-02,2.680062E-03,-2.659351E-01,-3.985732E-03,0.000000E+00,0.000000E+00,4.699895E-02
4.230000E-01,-4.282257E-02,2.673042E-03,-2.659182E-01,-1.409461E-03,-4.966151E-02,2.672467E-03,-2.659269E-01,-7.594992E-03,0.000000E+00,0.000000E+00,-4.822703E-03
4.240000E-01,-4.308891E-02,2.676477E-03,-2.663402E-01,3.434414E-03,-4.992785E-02,2.673808E-03,-2.663401E-01,1.341305E-03,0.000000E+00,0.000000E+00,-2.235851E-02
4.250000E-01,-4.335628E-02,2.671889E-03,-2.673771E-01,-4.587535E-03,-5.019523E-02,2.676445E-03,-2.673865E-01,2.636582E-03,0.000000E+00,0.000000E+00,3.816418E-02
4.260000E-01,-4.362423E-02,2.671971E-03,-2.679503E-01,8.223474E-05,-5.046320E-02,2.670260E-03,-2.679637E-01,-6.184177E-03,0.000000E+00,0.000000E+00,-1.433493E-02
4.270000E-01,-4.389513E-02,2.676136E-03,-2.708962E-01,4.164696E-03,-5.073410E-02,2.672883E-03,-2.709068E-01,2.622597E-03,0.000000E+00,0.000000E+00,-2.725436E-02
4.280000E-01,-4.416833E-02,2.672496E-03,-2.732025E-01,-3.639751E-03,-5.100734E-02,2.675435E-03,-2.732358E-01,2.551977E-03,0.000000E+00,0.000000E+00,2.461879E-02
4.290000E-01,-4.444646E-02,2.678257E-03,-2.781313E-01,5.761028E-03,-5.128547E-02,2.678735E-03,-2.781286E-01,3.300134E-03,0.000000E+00,0.000000E+00,4.001932E-03
4.300000E-01,-4.472644E-02,2.681448E-03,-2.799779E-01,3.190566E-03,-5.156545E-02,2.671809E-03,-2.799809E-01,-6.926386E-03,0.000000E+00,0.000000E+00,-8.075574E-02
4.310000E-01,-4.501180E-02,2.678619E-03,-2.853623E-01,-2.828894E-03,-5.185084E-02,2.675122E-03,-2.853884E-01,3.313367E-03,0.000000E+00,0.000000E+00,-2.929709E-02
4.320000E-01,-4.530209E-02,2.682335E-03,-2.902867E-01,3.716322E-03,-5.214109E-02,2.679242E-03,-2.902540E-01,4.120095E-03,0.000000E+00,0.000000E+00,-2.591450E-02
4.330000E-01,-4.559483E-02,2.677756E-03,-2.927372E-01,-4.579532E-03,-5.243386E-02,2.676221E-03,-2.927732E-01,-3.020761E-03,0.000000E+00,0.000000E+00,-1.285536E-02
4.340000E-01,-4.588924E-02,2.674294E-03,-2.944096E-01,-3.461929E-03,-5.272830E-02,2.674305E-03,-2.944314E-01,-1.916660E-03,0.000000E+00,0.000000E+00,9.052277E-05
4.350000E-01,-4.617921E-02,2.680354E-03,-2.899766E-01,6.059888E-03,-5.301831E-02,2.674179E-03,-2.900152E-01,-1.252893E-04,0.000000E+00,0.000000E+00,-5.172692E-02
4.360000E-01,-4.646576E-02,2.673144E-03,-2.865414E-01,-7.209470E-03,-5.330477E-02,2.672125E-03,-2.864606E-01,-2.054521E-03,0.000000E+00,0.000000E+00,-8.540509E-03
4.370000E-01,-4.674388E-02,2.676489E-03,-2.781224E-01,3.344800E-03,-5.358293E-02,2.684624E-03,-2.781560E-01,1.249901E-02,0.000000E+00,0.000000E+00,6.815109E-02
4.380000E-01,-4.702139E-02,2.672181E-03,-2.775088E-01,-4.308167E-03,-5.386046E-02,2.689104E-03,-2.775300E-01,4.480010E-03,0.000000E+00,0.000000E+00,1.417755E-01
4.390000E-01,-4.729995E-02,2.675149E-03,-2.785608E-01,2.968373E-03,-5.413907E-02,2.682282E-03,-2.786104E-01,-6.821556E-03,0.000000E+00,0.000000E+00,5.975806E-02
4.400000E-01,-4.758266E-02,2.679711E-03,-2.827081E-01,4.562025E-03,-5.442185E-02,2.668758E-03,-2.827825E-01,-1.352402E-02,0.000000E+00,0.000000E+00,-9.175950E-02
4.410000E-01,-4.786992E-02,2.691375E-03,-2.872633E-01,1.166363E-02,-5.470912E-02,2.665777E-03,-2.872689E-01,-2.981345E-03,0.000000E+00,0.000000E+00,-2.144476E-01
4.420000E-01,-4.815908E-02,2.697353E-03,-2.891607E-01,5.977969E-03,-5.499831E-02,2.667434E-03,-2.891940E-01,1.656791E-03,0.000000E+00,0.000000E+00,-2.506467E-01
4.430000E-01,-4.844836E-02,2.695635E-03,-2.892806E-01,-1.717999E-03,-5.528766E-02,2.674068E-03,-2.893499E-01,6.633851E-03,0.000000E+00,0.000000E+00,-1.806781E-01
4.440000E-01,-4.873640E-02,2.686686E-03,-2.880419E-01,-8.949296E-03,-5.557579E-02,2.680322E-03,-2.881249E-01,6.254411E-03,0.000000E+00,0.000000E+00,-5.331007E-02
4.450000E-01,-4.902406E-02,2.662237E-03,-2.876533E-01,-2.444867E-02,-5.586343E-02,2.676561E-03,-2.876418E-01,-3.761220E-03,0.000000E+00,0.000000E+00,1.199955E-01
4.460000E-01,-4.930701E-02,2.653462E-03,-2.829586E-01,-8.774880E-03,-5.614638E-02,2.665634E-03,-2.829522E-01,-1.092646E-02,0.000000E+00,0.000000E+00,1.019712E-01
4.470000E-01,-4.958751E-02,2.656299E-03,-2.804969E-01,2.837315E-03,-5.642689E-02,2.660357E-03,-2.805114E-01,-5.277188E-03,0.000000E+00,0.000000E+00,3.399315E-02
4.480000E-01,-4.986796E-02,2.664461E-03,-2.804498E-01,8.161753E-03,-5.670735E-02,2.660493E-03,-2.804562E-01,1.362598E-04,0.000000E+00,0.000000E+00,-3.323904E-02
4.490000E-01,-5.014969E-02,2.676331E-03,-2.817279E-01,1.186951E-02,-5.698907E-02,2.665216E-03,-2.817231E-01,4.722434E-03,0.000000E+00,0.000000E+00,-9.311238E-02
4.500000E-01,-5.043251E-02,2.680918E-03,-2.828204E-01,4.587005E-03,-5.727190E-02,2.671903E-03,-2.828239E-01,6.686599E-03,0.000000E+00,0.000000E+00,-7.552338E-02
4.510000E-01,-5.071640E-02,2.676907E-03,-2.838915E-01,-4.010685E-03,-5.755579E-02,2.678906E-03,-2.838925E-01,7.003903E-03,0.000000E+00,0.000000E+00,1.674937E-02
4.520000E-01,-5.100105E-02,2.673181E-03,-2.846475E-01,-3.726044E-03,-5.784044E-02,2.672600E-03,-2.846524E-01,-6.306439E-03,0.000000E+00,0.000000E+00,-4.867436E-03
4.530000E-01,-5.128955E-02,2.677092E-03,-2.884966E-01,3.911338E-03,-5.812891E-02,2.671212E-03,-2.884724E-01,-1.387700E-03,0.000000E+00,0.000000E+00,-4.925933E-02
4.540000E-01,-5.158209E-02,2.677747E-03,-2.925490E-01,6.542522E-04,-5.842148E-02,2.675748E-03,-2.925632E-01,4.535801E-03,0.000000E+00,0.000000E+00,-1.674222E-02
4.550000E-01,-5.187742E-02,2.676476E-03,-2.953228E-01,-1.270436E-03,-5.871680E-02,2.681874E-03,-2.953204E-01,6.126253E-03,0.000000E+00,0.000000E+00,4.522230E-02
4.560000E-01,-5.217376E-02,2.680778E-03,-2.963413E-01,4.301546E-03,-5.901313E-02,2.669391E-03,-2.963351E-01,-1.248318E-02,0.000000E+00,0.000000E+00,-9.538892E-02
4.570000E-01,-5.247732E-02,2.685572E-03,-3.035616E-01,4.793904E-03,-5.931670E-02,2.674053E-03,-3.035683E-01,4.661839E-03,0.000000E+00,0.000000E+00,-9.649517E-02
4.580000E-01,-5.278539E-02,2.684684E-03,-3.080705E-01,-8.879461E-04,-5.962477E-02,2.685239E-03,-3.080719E-01,1.118613E-02,0.000000E+00,0.000000E+00,4.653300E-03
4.590000E-01,-5.309323E-02,2.678616E-03,-3.078383E-01,-6.067311E-03,-5.993258E-02,2.679521E-03,-3.078095E-01,-5.718361E-03,0.000000E+00,0.000000E+00,7.576601E-03
4.600000E-01,-5.339820E-02,2.671688E-03,-3.049672E-01,-6.928377E-03,-6.023746E-02,2.664060E-03,-3.048823E-01,-1.546108E-02,0.000000E+00,0.000000E+00,-6.390576E-02
4.610000E-01,-5.369278E-02,2.676977E-03,-2.945824E-01,5.288698E-03,-6.053204E-02,2.672032E-03,-2.945775E-01,7.972162E-03,0.000000E+00,0.000000E+00,-4.142516E-02
4.620000E-01,-5.398188E-02,2.675260E-03,-2.891057E-01,-1.716362E-03,-6.082112E-02,2.688061E-03,-2.890774E-01,1.602958E-02,0.000000E+00,0.000000E+00,1.072414E-01
4.630000E-01,-5.426739E-02,2.677660E-03,-2.855062E-01,2.399177E-03,-6.110660E-02,2.691086E-03,-2.854786E-01,3.024119E-03,0.000000E+00,0.000000E+00,1.124773E-01
4.640000E-01,-5.455288E-02,2.668731E-03,-2.854917E-01,-8.928400E-03,-6.139206E-02,2.685305E-03,-2.854598E-01,-5.780191E-03,0.000000E+00,0.000000E+00,1.388520E-01
4.650000E-01,-5.483996E-02,2.668891E-03,-2.870760E-01,1.599547E-04,-6.167916E-02,2.670711E-03,-2.870995E-01,-1.459481E-02,0.000000E+00,0.000000E+00,1.524296E-02
4.660000E-01,-5.513151E-02,2.679936E-03,-2.915513E-01,1.104477E-02,-6.197067E-02,2.670115E-03,-2.915168E-01,-5.951684E-04,0.000000E+00,0.000000E+00,-8.227164E-02
4.670000E-01,-5.542589E-02,2.684792E-03,-2.943766E-01,4.856637E-03,-6.226505E-02,2.673808E-03,-2.943762E-01,3.693093E-03,0.000000E+00,0.000000E+00,-9.201932E-02
4.680000E-01,-5.572059E-02,2.679613E-03,-2.947080E-01,-5.179783E-03,-6.255977E-02,2.672081E-03,-2.947219E-01,-1.727852E-03,0.000000E+00,0.000000E+00,-6.310036E-02
4.690000E-01,-5.601491E-02,2.671709E-03,-2.943141E-01,-7.903889E-03,-6.285410E-02,2.677747E-03,-2.943294E-01,5.666020E-03,0.000000E+00,0.000000E+00,5.058251E-02
4.700000E-01,-5.630547E-02,2.672774E-03,-2.905605E-01,1.065270E-03,-6.314466E-02,2.678089E-03,-2.905613E-01,3.424900E-04,0.000000E+00,0.000000E+00,4.452738E-02
4.710000E-01,-5.659285E-02,2.677388E-03,-2.873785E-01,4.613787E-03,-6.343203E-02,2.673869E-03,-2.873654E-01,-4.220064E-03,0.000000E+00,0.000000E+00,-2.947881E-02
4.720000E-01,-5.687880E-02,2.673613E-03,-2.859486E-01,-3.775080E-03,-6.371797E-02,2.675648E-03,-2.859460E-01,1.779218E-03,0.000000E+00,0.000000E+00,1.705275E-02
4.730000E-01,-5.716331E-02,2.665009E-03,-2.845096E-01,-8.603419E-03,-6.400246E-02,2.673387E-03,-2.844846E-01,-2.261170E-03,0.000000E+00,0.000000E+00,7.018569E-02
4.740000E-01,-5.744596E-02,2.664271E-03,-2.826521E-01,-7.383407E-04,-6.428510E-02,2.674301E-03,-2.826437E-01,9.133921E-04,0.000000E+00,0.000000E+00,8.402334E-02
4.750000E-01,-5.772830E-02,2.671356E-03,-2.823429E-01,7.084559E-03,-6.456745E-02,2.675667E-03,-2.823476E-01,1.366602E-03,0.000000E+00,0.000000E+00,3.612049E-02
4.760000E-01,-5.801152E-02,2.680188E-03,-2.832171E-01,8.832879E-03,-6.485066E-02,2.673307E-03,-2.832146E-01,-2.360602E-03,0.000000E+00,0.000000E+00,-5.765420E-02
4.770000E-01,-5.829558E-02,2.681678E-03,-2.840662E-01,1.489150E-03,-6.513473E-02,2.676692E-03,-2.840665E-01,3.385625E-03,0.000000E+00,0.000000E+00,-4.176626E-02
4.780000E-01,-5.857999E-02,2.673007E-03,-2.844088E-01,-8.670834E-03,-6.541915E-02,2.671404E-03,-2.844187E-01,-5.288075E-03,0.000000E+00,0.000000E+00,-1.342679E-02
4.790000E-01,-5.886952E-02,2.676155E-03,-2.895235E-01,3.147868E-03,-6.570863E-02,2.673123E-03,-2.894787E-01,1.719174E-03,0.000000E+00,0.000000E+00,-2.539599E-02
4.800000E-01,-5.916359E-02,2.676331E-03,-2.940762E-01,1.767494E-04,-6.600273E-02,2.678575E-03,-2.940987E-01,5.451354E-03,0.000000E+00,0.000000E+00,1.879280E-02
4.810000E-01,-5.946089E-02,2.679420E-03,-2.973016E-01,3.088565E-03,-6.630003E-02,2.677261E-03,-2.973058E-01,-1.313461E-03,0.000000E+00,0.000000E+00,-1.808575E-02
4.820000E-01,-5.976493E-02,2.693731E-03,-3.040331E-01,1.431087E-02,-6.660396E-02,2.686201E-03,-3.039228E-01,8.940286E-03,0.000000E+00,0.000000E+00,-6.307949E-02
4.830000E-01,-6.006943E-02,2.692371E-03,-3.045047E-01,-1.360156E-03,-6.690842E-02,2.682917E-03,-3.044620E-01,-3.284159E-03,0.000000E+00,0.000000E+00,-7.919880E-02
4.840000E-01,-6.037390E-02,2.677817E-03,-3.044683E-01,-1.455412E-02,-6.721286E-02,2.667633E-03,-3.044408E-01,-1.528415E-02,0.000000E+00,0.000000E+00,-8.531523E-02
4.850000E-01,-6.067350E-02,2.667850E-03,-2.995972E-01,-9.966137E-03,-6.751251E-02,2.664824E-03,-2.996527E-01,-2.809524E-03,0.000000E+00,0.000000E+00,-2.535805E-02
4.860000E-01,-6.096080E-02,2.675899E-03,-2.873026E-01,8.049013E-03,-6.779992E-02,2.682571E-03,-2.874063E-01,1.774704E-02,0.000000E+00,0.000000E+00,5.588905E-02
4.870000E-01,-6.124527E-02,2.676338E-03,-2.844707E-01,4.383607E-04,-6.808437E-02,2.687725E-03,-2.844560E-01,5.154112E-03,0.000000E+00,0.000000E+00,9.539612E-02
4.880000E-01,-6.152877E-02,2.668921E-03,-2.835000E-01,-7.416426E-03,-6.836787E-02,2.687975E-03,-2.834931E-01,2.498812E-04,0.000000E+00,0.000000E+00,1.596218E-01
4.890000E-01,-6.181098E-02,2.671101E-03,-2.822130E-01,2.180084E-03,-6.865013E-02,2.682903E-03,-2.822651E-01,-5.071186E-03,0.000000E+00,0.000000E+00,9.887250E-02
4.900000E-01,-6.209635E-02,2.681293E-03,-2.853691E-01,1.019202E-02,-6.893554E-02,2.672444E-03,-2.854108E-01,-1.045896E-02,0.000000E+00,0.000000E+00,-7.413295E-02
4.910000E-01,-6.238648E-02,2.681621E-03,-2.901285E-01,3.273896E-04,-6.922571E-02,2.674952E-03,-2.901685E-01,2.507136E-03,0.000000E+00,0.000000E+00,-5.587167E-02
4.920000E-01,-6.267788E-02,2.673544E-03,-2.913975E-01,-8.076712E-03,-6.951717E-02,2.670461E-03,-2.914628E-01,-4.490747E-03,0.000000E+00,0.000000E+00,-2.582996E-02
4.930000E-01,-6.297042E-02,2.670758E-03,-2.925378E-01,-2.785742E-03,-6.980974E-02,2.674982E-03,-2.925637E-01,4.521499E-03,0.000000E+00,0.000000E+00,3.538587E-02
4.940000E-01,-6.325957E-02,2.680480E-03,-2.891560E-01,9.721204E-03,-7.009890E-02,2.674690E-03,-2.891652E-01,-2.927599E-04,0.000000E+00,0.000000E+00,-4.850510E-02
4.950000E-01,-6.354713E-02,2.677892E-03,-2.875550E-01,-2.587937E-03,-7.038645E-02,2.676352E-03,-2.875502E-01,1.662716E-03,0.000000E+00,0.000000E+00,-1.289573E-02
4.960000E-01,-6.383272E-02,2.672148E-03,-2.855902E-01,-5.743425E-03,-7.067204E-02,2.672911E-03,-2.855882E-01,-3.441435E-03,0.000000E+00,0.000000E+00,6.388970E-03
4.970000E-01,-6.411400E-02,2.675738E-03,-2.812813E-01,3.589992E-03,-7.095333E-02,2.672156E-03,-2.812861E-01,-7.546342E-04,0.000000E+00,0.000000E+00,-3.000770E-02
4.980000E-01,-6.439422E-02,2.678081E-03,-2.802173E-01,2.342456E-03,-7.123355E-02,2.675874E-03,-2.802224E-01,3.718040E-03,0.000000E+00,0.000000E+00,-1.848387E-02
4.990000E-01,-6.467436E-02,2.671570E-03,-2.801395E-01,-6.511174E-03,-7.151370E-02,2.675071E-03,-2.801462E-01,-8.034886E-04,0.000000E+00,0.000000E+00,2.933161E-02
5.000000E-01,-6.495561E-02,2.674338E-03,-2.812498E-01,2.768995E-03,-7.179495E-02,2.669141E-03,-2.812539E-01,-5.929880E-03,0.000000E+00,0.000000E+00,-4.354216E-02
5.010000E-01,-6.523763E-02,2.673908E-03,-2.820210E-01,-4.306633E-04,-7.207698E-02,2.669385E-03,-2.820283E-01,2.439151E-04,0.000000E+00,0.000000E+00,-3.789093E-02
5.020000E-01,-6.552155E-02,2.675405E-03,-2.839265E-01,1.497237E-03,-7.236091E-02,2.672628E-03,-2.839359E-01,3.243602E-03,0.000000E+00,0.000000E+00,-2.326095E-02
5.030000E-01,-6.580759E-02,2.674176E-03,-2.860360E-01,-1.228719E-03,-7.264696E-02,2.675156E-03,-2.860414E-01,2.527418E-03,0.000000E+00,0.000000E+00,8.205544E-03
5.040000E-01,-6.609701E-02,2.677205E-03,-2.894231E-01,3.028147E-03,-7.293640E-02,2.674053E-03,-2.894399E-01,-1.103033E-03,0.000000E+00,0.000000E+00,-2.640274E-02
5.050000E-01,-6.639020E-02,2.678128E-03,-2.931907E-01,9.238019E-04,-7.322957E-02,2.677582E-03,-2.931717E-01,3.529603E-03,0.000000E+00,0.000000E+00,-4.573101E-03
5.060000E-01,-6.668705E-02,2.676632E-03,-2.968497E-01,-1.496152E-03,-7.352639E-02,2.678137E-03,-2.968263E-01,5.543510E-04,0.000000E+00,0.000000E+00,1.260473E-02
5.070000E-01,-6.698792E-02,2.671345E-03,-3.008678E-01,-5.287556E-03,-7.382730E-02,2.670955E-03,-3.009031E-01,-7.181710E-03,0.000000E+00,0.000000E+00,-3.263310E-03
5.080000E-01,-6.729519E-02,2.676209E-03,-3.072750E-01,4.864636E-03,-7.413454E-02,2.672060E-03,-3.072472E-01,1.104526E-03,0.000000E+00,0.000000E+00,-3.476317E-02
5.090000E-01,-6.760321E-02,2.680342E-03,-3.080143E-01,4.132617E-03,-7.444253E-02,2.675566E-03,-3.079822E-01,3.506136E-03,0.000000E+00,0.000000E+00,-4.001162E-02
5.100000E-01,-6.790989E-02,2.671626E-03,-3.066827E-01,-8.716206E-03,-7.474913E-02,2.670147E-03,-3.066060E-01,-5.418891E-03,0.000000E+00,0.000000E+00,-1.238879E-02
5.110000E-01,-6.820585E-02,2.678116E-03,-2.959629E-01,6.490063E-03,-7.504506E-02,2.677138E-03,-2.959269E-01,6.991479E-03,0.000000E+00,0.000000E+00,-8.188215E-03
5.120000E-01,-6.849891E-02,2.677270E-03,-2.930507E-01,-8.457202E-04,-7.533809E-02,2.685913E-03,-2.930298E-01,8.775068E-03,0.000000E+00,0.000000E+00,7.241061E-02
5.130000E-01,-6.879088E-02,2.668447E-03,-2.919747E-01,-8.823091E-03,-7.562997E-02,2.682112E-03,-2.918836E-01,-3.801106E-03,0.000000E+00,0.000000E+00,1.144841E-01
5.140000E-01,-6.908304E-02,2.668368E-03,-2.921610E-01,-7.847895E-05,-7.592205E-02,2.668661E-03,-2.920749E-01,-1.345102E-02,0.000000E+00,0.000000E+00,2.453283E-03
5.150000E-01,-6.938002E-02,2.681162E-03,-2.969812E-01,1.279347E-02,-7.621886E-02,2.664352E-03,-2.968115E-01,-4.309143E-03,0.000000E+00,0.000000E+00,-1.408321E-01
5.160000E-01,-6.968129E-02,2.690873E-03,-3.012716E-01,9.711412E-03,-7.651998E-02,2.670635E-03,-3.011222E-01,6.282552E-03,0.000000E+00,0.000000E+00,-1.695626E-01
5.170000E-01,-6.998484E-02,2.690717E-03,-3.035456E-01,-1.566638E-04,-7.682340E-02,2.678345E-03,-3.034238E-01,7.710325E-03,0.000000E+00,0.000000E+00,-1.036538E-01
5.180000E-01,-7.028809E-02,2.678239E-03,-3.032478E-01,-1.247807E-02,-7.712655E-02,2.674071E-03,-3.031418E-01,-4.273988E-03,0.000000E+00,0.000000E+00,-3.491790E-02
5.190000E-01,-7.058984E-02,2.662659E-03,-3.017478E-01,-1.557998E-02,-7.742821E-02,2.666113E-03,-3.016621E-01,-7.958284E-03,0.000000E+00,0.000000E+00,2.894057E-02
5.200000E-01,-7.088555E-02,2.664611E-03,-2.957158E-01,1.952316E-03,-7.772390E-02,2.662290E-03,-2.956891E-01,-3.822442E-03,0.000000E+00,0.000000E+00,-1.944371E-02
5.210000E-01,-7.117555E-02,2.673425E-03,-2.899962E-01,8.814520E-03,-7.801391E-02,2.667307E-03,-2.900132E-01,5.016582E-03,0.000000E+00,0.000000E+00,-5.126497E-02
5.220000E-01,-7.146169E-02,2.679997E-03,-2.861425E-01,6.571310E-03,-7.830012E-02,2.678578E-03,-2.862102E-01,1.127163E-02,0.000000E+00,0.000000E+00,-1.188285E-02
5.230000E-01,-7.174722E-02,2.677717E-03,-2.855286E-01,-2.280230E-03,-7.858571E-02,2.681082E-03,-2.855887E-01,2.503661E-03,0.000000E+00,0.000000E+00,2.819872E-02
5.240000E-01,-7.203232E-02,2.670677E-03,-2.851008E-01,-7.039069E-03,-7.887085E-02,2.670336E-03,-2.851379E-01,-1.074608E-02,0.000000E+00,0.000000E+00,-2.860192E-03
5.250000E-01,-7.231681E-02,2.669104E-03,-2.844870E-01,-1.573553E-03,-7.915536E-02,2.662437E-03,-2.845163E-01,-7.899048E-03,0.000000E+00,0.000000E+00,-5.585733E-02
5.260000E-01,-7.260231E-02,2.671150E-03,-2.855041E-01,2.045848E-03,-7.944088E-02,2.660371E-03,-2.855161E-01,-2.065774E-03,0.000000E+00,0.000000E+00,-9.030569E-02
5.270000E-01,-7.288955E-02,2.675276E-03,-2.872411E-01,4.125916E-03,-7.972813E-02,2.665953E-03,-2.872480E-01,5.582043E-03,0.000000E+00,0.000000E+00,-7.810573E-02
5.280000E-01,-7.317888E-02,2.674847E-03,-2.893294E-01,-4.283232E-04,-8.001747E-02,2.675269E-03,-2.893469E-01,9.315919E-03,0.000000E+00,0.000000E+00,3.534591E-03
5.290000E-01,-7.347067E-02,2.677536E-03,-2.917888E-01,2.688256E-03,-8.030928E-02,2.677817E-03,-2.918012E-01,2.548023E-03,0.000000E+00,0.000000E+00,2.359669E-03
5.300000E-01,-7.376441E-02,2.679247E-03,-2.937417E-01,1.711862E-03,-8.060303E-02,2.671988E-03,-2.937590E-01,-5.829140E-03,0.000000E+00,0.000000E+00,-6.082080E-02
5.310000E-01,-7.406548E-02,2.681599E-03,-3.010648E-01,2.351547E-03,-8.090409E-02,2.680265E-03,-3.010574E-01,8.277143E-03,0.000000E+00,0.000000E+00,-1.117465E-02
5.320000E-01,-7.436969E-02,2.685386E-03,-3.042183E-01,3.787110E-03,-8.120827E-02,2.682637E-03,-3.041774E-01,2.372083E-03,0.000000E+00,0.000000E+00,-2.303026E-02
5.330000E-01,-7.467425E-02,2.675529E-03,-3.045602E-01,-9.856685E-03,-8.151289E-02,2.671904E-03,-3.046216E-01,-1.073305E-02,0.000000E+00,0.000000E+00,-3.037246E-02
5.340000E-01,-7.497815E-02,2.677000E-03,-3.038943E-01,1.470693E-03,-8.181685E-02,2.667502E-03,-3.039541E-01,-4.402706E-03,0.000000E+00,0.000000E+00,-7.958049E-02
5.350000E-01,-7.527726E-02,2.675846E-03,-2.991069E-01,-1.153687E-03,-8.211602E-02,2.672412E-03,-2.991759E-01,4.910486E-03,0.000000E+00,0.000000E+00,-2.877356E-02
5.360000E-01,-7.556981E-02,2.669497E-03,-2.925559E-01,-6.349661E-03,-8.240850E-02,2.678611E-03,-2.924836E-01,6.198845E-03,0.000000E+00,0.000000E+00,7.635969E-02
5.370000E-01,-7.585323E-02,2.681417E-03,-2.834183E-01,1.192005E-02,-8.269190E-02,2.685353E-03,-2.833903E-01,6.741657E-03,0.000000E+00,0.000000E+00,3.297435E-02
5.380000E-01,-7.613322E-02,2.688296E-03,-2.799943E-01,6.879368E-03,-8.297193E-02,2.698039E-03,-2.800299E-01,1.268620E-02,0.000000E+00,0.000000E+00,8.162477E-02
5.390000E-01,-7.641306E-02,2.683943E-03,-2.798329E-01,-4.353574E-03,-8.325179E-02,2.703375E-03,-2.798625E-01,5.335928E-03,0.000000E+00,0.000000E+00,1.628040E-01
5.400000E-01,-7.669259E-02,2.672477E-03,-2.795345E-01,-1.146568E-02,-8.353136E-02,2.696798E-03,-2.795773E-01,-6.576827E-03,0.000000E+00,0.000000E+00,2.037617E-01
5.410000E-01,-7.697452E-02,2.675171E-03,-2.819277E-01,2.694032E-03,-8.381339E-02,2.670985E-03,-2.820207E-01,-2.581305E-02,0.000000E+00,0.000000E+00,-3.507151E-02
5.420000E-01,-7.725969E-02,2.673293E-03,-2.851740E-01,-1.877711E-03,-8.409858E-02,2.654062E-03,-2.851932E-01,-1.692264E-02,0.000000E+00,0.000000E+00,-1.611165E-01
5.430000E-01,-7.754299E-02,2.673734E-03,-2.833004E-01,4.408728E-04,-8.438188E-02,2.648766E-03,-2.833052E-01,-5.296286E-03,0.000000E+00,0.000000E+00,-2.091814E-01
5.440000E-01,-7.782109E-02,2.673865E-03,-2.780972E-01,1.310504E-04,-8.466001E-02,2.651327E-03,-2.781267E-01,2.561335E-03,0.000000E+00,0.000000E+00,-1.888201E-01
5.450000E-01,-7.809143E-02,2.677843E-03,-2.703395E-01,3.978160E-03,-8.493041E-02,2.662030E-03,-2.703961E-01,1.070252E-02,0.000000E+00,0.000000E+00,-1.324835E-01
5.460000E-01,-7.835674E-02,2.676441E-03,-2.653102E-01,-1.402247E-03,-8.519579E-02,2.682442E-03,-2.653850E-01,2.041193E-02,0.000000E+00,0.000000E+00,5.027114E-02
5.470000E-01,-7.862030E-02,2.671623E-03,-2.635640E-01,-4.817980E-03,-8.545939E-02,2.696467E-03,-2.635995E-01,1.402531E-02,0.000000E+00,0.000000E+00,2.081333E-01
5.480000E-01,-7.888374E-02,2.667632E-03,-2.634359E-01,-3.991170E-03,-8.572287E-02,2.696158E-03,-2.634762E-01,-3.088092E-04,0.000000E+00,0.000000E+00,2.389811E-01
5.490000E-01,-7.914771E-02,2.669683E-03,-2.639718E-01,2.051493E-03,-8.598692E-02,2.683137E-03,-2.640517E-01,-1.302108E-02,0.000000E+00,0.000000E+00,1.127084E-01
5.500000E-01,-7.941301E-02,2.678288E-03,-2.653010E-01,8.604869E-03,-8.625223E-02,2.662820E-03,-2.653129E-01,-2.031682E-02,0.000000E+00,0.000000E+00,-1.295838E-01
5.510000E-01,-7.968143E-02,2.676826E-03,-2.684135E-01,-1.462601E-03,-8.652063E-02,2.655396E-03,-2.684002E-01,-7.423867E-03,0.000000E+00,0.000000E+00,-1.795245E-01
5.520000E-01,-7.995325E-02,2.671337E-03,-2.718256E-01,-5.488410E-03,-8.679249E-02,2.657424E-03,-2.718558E-01,2.027397E-03,0.000000E+00,0.000000E+00,-1.165603E-01
5.530000E-01,-8.023000E-02,2.675577E-03,-2.767435E-01,4.239923E-03,-8.706925E-02,2.668890E-03,-2.767577E-01,1.146650E-02,0.000000E+00,0.000000E+00,-5.601967E-02
5.540000E-01,-8.051107E-02,2.680793E-03,-2.810755E-01,5.215977E-03,-8.735031E-02,2.686060E-03,-2.810679E-01,1.716941E-02,0.000000E+00,0.000000E+00,4.412019E-02
5.550000E-01,-8.079203E-02,2.681802E-03,-2.809552E-01,1.008388E-03,-8.763126E-02,2.687345E-03,-2.809445E-01,1.285280E-03,0.000000E+00,0.000000E+00,4.643992E-02
5.560000E-01,-8.107313E-02,2.676950E-03,-2.811026E-01,-4.851135E-03,-8.791240E-02,2.669721E-03,-2.811400E-01,-1.762362E-02,0.000000E+00,0.000000E+00,-6.056144E-02
5.570000E-01,-8.136246E-02,2.675368E-03,-2.893307E-01,-1.582509E-03,-8.820176E-02,2.671700E-03,-2.893650E-01,1.978342E-03,0.000000E+00,0.000000E+00,-3.073037E-02
5.580000E-01,-8.166020E-02,2.697476E-03,-2.977381E-01,2.210829E-02,-8.849939E-02,2.681419E-03,-2.976252E-01,9.719569E-03,0.000000E+00,0.000000E+00,-1.345179E-01
5.590000E-01,-8.195777E-02,2.704721E-03,-2.975699E-01,7.244944E-03,-8.879687E-02,2.679997E-03,-2.974795E-01,-1.422645E-03,0.000000E+00,0.000000E+00,-2.071333E-01
5.600000E-01,-8.225483E-02,2.695293E-03,-2.970608E-01,-9.427943E-03,-8.909383E-02,2.670185E-03,-2.969575E-01,-9.812097E-03,0.000000E+00,0.000000E+00,-2.103548E-01
5.610000E-01,-8.254740E-02,2.668844E-03,-2.925735E-01,-2.644952E-02,-8.938631E-02,2.675345E-03,-2.924837E-01,5.160249E-03,0.000000E+00,0.000000E+00,5.446544E-02
5.620000E-01,-8.283080E-02,2.658226E-03,-2.834014E-01,-1.061737E-02,-8.966955E-02,2.685650E-03,-2.832410E-01,1.030562E-02,0.000000E+00,0.000000E+00,2.297606E-01
5.630000E-01,-8.311066E-02,2.659720E-03,-2.798615E-01,1.494118E-03,-8.994933E-02,2.687623E-03,-2.797807E-01,1.972384E-03,0.000000E+00,0.000000E+00,2.337703E-01
5.640000E-01,-8.339098E-02,2.664873E-03,-2.803139E-01,5.152803E-03,-9.022959E-02,2.683711E-03,-2.802563E-01,-3.911445E-03,0.000000E+00,0.000000E+00,1.578304E-01
5.650000E-01,-8.367309E-02,2.678405E-03,-2.821127E-01,1.353173E-02,-9.051161E-02,2.669926E-03,-2.820202E-01,-1.378532E-02,0.000000E+00,0.000000E+00,-7.104012E-02
5.660000E-01,-8.395855E-02,2.686532E-03,-2.854588E-01,8.126721E-03,-9.079698E-02,2.663797E-03,-2.853731E-01,-6.128671E-03,0.000000E+00,0.000000E+00,-1.904791E-01
5.670000E-01,-8.424665E-02,2.682629E-03,-2.881034E-01,-3.902812E-03,-9.108510E-02,2.666228E-03,-2.881156E-01,2.430525E-03,0.000000E+00,0.000000E+00,-1.374155E-01
5.680000E-01,-8.453572E-02,2.668181E-03,-2.890656E-01,-1.444759E-02,-9.137420E-02,2.673384E-03,-2.891042E-01,7.155846E-03,0.000000E+00,0.000000E+00,4.358805E-02
5.690000E-01,-8.482204E-02,2.666103E-03,-2.863203E-01,-2.077984E-03,-9.166054E-02,2.676719E-03,-2.863404E-01,3.335349E-03,0.000000E+00,0.000000E+00,8.894299E-02
5.700000E-01,-8.510461E-02,2.674771E-03,-2.825678E-01,8.668052E-03,-9.194317E-02,2.672811E-03,-2.826297E-01,-3.907847E-03,0.000000E+00,0.000000E+00,-1.642286E-02
5.710000E-01,-8.538456E-02,2.684297E-03,-2.799570E-01,9.525819E-03,-9.222321E-02,2.674247E-03,-2.800406E-01,1.436067E-03,0.000000E+00,0.000000E+00,-8.420043E-02
5.720000E-01,-8.566394E-02,2.680537E-03,-2.793725E-01,-3.760422E-03,-9.250261E-02,2.670506E-03,-2.794041E-01,-3.741552E-03,0.000000E+00,0.000000E+00,-8.404194E-02
5.730000E-01,-8.594192E-02,2.672593E-03,-2.779834E-01,-7.943283E-03,-9.278061E-02,2.671374E-03,-2.779964E-01,8.685247E-04,0.000000E+00,0.000000E+00,-1.021494E-02
5.740000E-01,-8.621838E-02,2.669529E-03,-2.764572E-01,-3.064769E-03,-9.305707E-02,2.675407E-03,-2.764585E-01,4.032528E-03,0.000000E+00,0.000000E+00,4.924746E-02
5.750000E-01,-8.649471E-02,2.674886E-03,-2.763331E-01,5.357096E-03,-9.333341E-02,2.672821E-03,-2.763431E-01,-2.586261E-03,0.000000E+00,0.000000E+00,-1.730335E-02
5.760000E-01,-8.677154E-02,2.681550E-03,-2.768311E-01,6.663888E-03,-9.361024E-02,2.672707E-03,-2.768245E-01,-1.134476E-04,0.000000E+00,0.000000E+00,-7.408501E-02
5.770000E-01,-8.704870E-02,2.676785E-03,-2.771605E-01,-4.764800E-03,-9.388741E-02,2.670174E-03,-2.771730E-01,-2.533197E-03,0.000000E+00,0.000000E+00,-5.538818E-02
5.780000E-01,-8.732878E-02,2.673497E-03,-2.800802E-01,-3.287870E-03,-9.416749E-02,2.669574E-03,-2.800828E-01,-6.001217E-04,0.000000E+00,0.000000E+00,-3.286980E-02
5.790000E-01,-8.761435E-02,2.678077E-03,-2.855637E-01,4.580475E-03,-9.445299E-02,2.679495E-03,-2.855000E-01,9.921052E-03,0.000000E+00,0.000000E+00,1.187448E-02
5.800000E-01,-8.790167E-02,2.680749E-03,-2.873197E-01,2.671791E-03,-9.474028E-02,2.675003E-03,-2.872870E-01,-4.491706E-03,0.000000E+00,0.000000E+00,-4.814319E-02
5.810000E-01,-8.819236E-02,2.681281E-03,-2.906911E-01,5.314327E-04,-9.503091E-02,2.672545E-03,-2.906259E-01,-2.458496E-03,0.000000E+00,0.000000E+00,-7.319429E-02
5.820000E-01,-8.848710E-02,2.671483E-03,-2.947408E-01,-9.797957E-03,-9.532564E-02,2.677851E-03,-2.947386E-01,5.306217E-03,0.000000E+00,0.000000E+00,5.335377E-02
5.830000E-01,-8.878586E-02,2.671728E-03,-2.987632E-01,2.457348E-04,-9.562435E-02,2.678451E-03,-2.987094E-01,5.999453E-04,0.000000E+00,0.000000E+00,5.632191E-02
5.840000E-01,-8.908475E-02,2.678165E-03,-2.988913E-01,6.436450E-03,-9.592316E-02,2.672896E-03,-2.988038E-01,-5.555244E-03,0.000000E+00,0.000000E+00,-4.415009E-02
5.850000E-01,-8.938095E-02,2.675957E-03,-2.961989E-01,-2.207899E-03,-9.621917E-02,2.663117E-03,-2.960091E-01,-9.778173E-03,0.000000E+00,0.000000E+00,-1.075807E-01
5.860000E-01,-8.966782E-02,2.677579E-03,-2.868736E-01,1.622198E-03,-9.650598E-02,2.677295E-03,-2.868170E-01,1.417785E-02,0.000000E+00,0.000000E+00,-2.380020E-03
5.870000E-01,-8.995199E-02,2.674693E-03,-2.841616E-01,-2.885887E-03,-9.679008E-02,2.689591E-03,-2.841011E-01,1.229599E-02,0.000000E+00,0.000000E+00,1.248273E-01
5.880000E-01,-9.023484E-02,2.672763E-03,-2.828498E-01,-1.930181E-03,-9.707285E-02,2.686993E-03,-2.827675E-01,-2.598004E-03,0.000000E+00,0.000000E+00,1.192331E-01
5.890000E-01,-9.051926E-02,2.674746E-03,-2.844231E-01,1.982726E-03,-9.735724E-02,2.668272E-03,-2.843886E-01,-1.872093E-02,0.000000E+00,0.000000E+00,-5.424301E-02
5.900000E-01,-9.081038E-02,2.682886E-03,-2.911218E-01,8.140512E-03,-9.764826E-02,2.661862E-03,-2.910217E-01,-6.410183E-03,0.000000E+00,0.000000E+00,-1.761660E-01
5.910000E-01,-9.110575E-02,2.680140E-03,-2.953657E-01,-2.746825E-03,-9.794364E-02,2.670062E-03,-2.953729E-01,8.199654E-03,0.000000E+00,0.000000E+00,-8.444402E-02
5.920000E-01,-9.140328E-02,2.677960E-03,-2.975331E-01,-2.179193E-03,-9.824115E-02,2.683681E-03,-2.975097E-01,1.361901E-02,0.000000E+00,0.000000E+00,4.793177E-02
5.930000E-01,-9.170057E-02,2.674690E-03,-2.972909E-01,-3.270388E-03,-9.853837E-02,2.683866E-03,-2.972261E-01,1.855066E-04,0.000000E+00,0.000000E+00,7.689006E-02
5.940000E-01,-9.199347E-02,2.680416E-03,-2.929037E-01,5.726050E-03,-9.883118E-02,2.666947E-03,-2.928106E-01,-1.691876E-02,0.000000E+00,0.000000E+00,-1.128583E-01
5.950000E-01,-9.228484E-02,2.672971E-03,-2.913656E-01,-7.445165E-03,-9.912248E-02,2.658552E-03,-2.912945E-01,-8.395395E-03,0.000000E+00,0.000000E+00,-1.208218E-01
5.960000E-01,-9.257093E-02,2.670315E-03,-2.860884E-01,-2.656106E-03,-9.940848E-02,2.657612E-03,-2.860075E-01,-9.405493E-04,0.000000E+00,0.000000E+00,-1.064477E-01
5.970000E-01,-9.285416E-02,2.667704E-03,-2.832363E-01,-2.610666E-03,-9.969165E-02,2.665127E-03,-2.831632E-01,7.515156E-03,0.000000E+00,0.000000E+00,-2.159802E-02
5.980000E-01,-9.313586E-02,2.673370E-03,-2.816926E-01,5.666298E-03,-9.997325E-02,2.674943E-03,-2.815978E-01,9.816615E-03,0.000000E+00,0.000000E+00,1.318040E-02
5.990000E-01,-9.341825E-02,2.681832E-03,-2.823961E-01,8.461642E-03,-1.002555E-01,2.676957E-03,-2.822761E-01,2.013522E-03,0.000000E+00,0.000000E+00,-4.085411E-02
6.000000E-01,-9.370009E-02,2.681452E-03,-2.818336E-01,-3.797083E-04,-1.005372E-01,2.671112E-03,-2.817025E-01,-5.844928E-03,0.000000E+00,0.000000E+00,-8.665383E-02
6.010000E-01,-9.398049E-02,2.673584E-03,-2.804065E-01,-7.868644E-03,-1.008175E-01,2.671023E-03,-2.803221E-01,-8.866421E-05,0.000000E+00,0.000000E+00,-2.145728E-02
6.020000E-01,-9.426303E-02,2.671675E-03,-2.825390E-01,-1.908938E-03,-1.011000E-01,2.670329E-03,-2.824577E-01,-6.943562E-04,0.000000E+00,0.000000E+00,-1.127899E-02
6.030000E-01,-9.454864E-02,2.677068E-03,-2.856033E-01,5.392796E-03,-1.013856E-01,2.678035E-03,-2.855628E-01,7.706005E-03,0.000000E+00,0.000000E+00,8.106415E-03
6.040000E-01,-9.483510E-02,2.679635E-03,-2.864682E-01,2.567563E-03,-1.016720E-01,2.676963E-03,-2.864357E-01,-1.072089E-03,0.000000E+00,0.000000E+00,-2.239520E-02
6.050000E-01,-9.512369E-02,2.668019E-03,-2.885879E-01,-1.161588E-02,-1.019606E-01,2.675142E-03,-2.886423E-01,-1.820386E-03,0.000000E+00,0.000000E+00,5.969424E-02
6.060000E-01,-9.542011E-02,2.672715E-03,-2.964149E-01,4.695778E-03,-1.022570E-01,2.682963E-03,-2.963213E-01,7.820577E-03,0.000000E+00,0.000000E+00,8.588215E-02
6.070000E-01,-9.571963E-02,2.686316E-03,-2.995227E-01,1.360069E-02,-1.025565E-01,2.671262E-03,-2.994957E-01,-1.170108E-02,0.000000E+00,0.000000E+00,-1.261576E-01
6.080000E-01,-9.602346E-02,2.691518E-03,-3.038323E-01,5.202162E-03,-1.028603E-01,2.670078E-03,-3.038086E-01,-1.183977E-03,0.000000E+00,0.000000E+00,-1.796766E-01
6.090000E-01,-9.632777E-02,2.697578E-03,-3.043120E-01,6.060617E-03,-1.031646E-01,2.671454E-03,-3.042842E-01,1.376096E-03,0.000000E+00,0.000000E+00,-2.189356E-01
6.100000E-01,-9.662962E-02,2.691825E-03,-3.018507E-01,-5.753726E-03,-1.034664E-01,2.679580E-03,-3.018399E-01,8.126221E-03,0.000000E+00,0.000000E+00,-1.026155E-01
6.110000E-01,-9.693109E-02,2.666351E-03,-3.014673E-01,-2.547344E-02,-1.037677E-01,2.682756E-03,-3.012936E-01,3.176042E-03,0.000000E+00,0.000000E+00,1.374855E-01
6.120000E-01,-9.722713E-02,2.656227E-03,-2.960337E-01,-1.012430E-02,-1.040636E-01,2.675931E-03,-2.959045E-01,-6.824835E-03,0.000000E+00,0.000000E+00,1.651404E-01
6.130000E-01,-9.751969E-02,2.656846E-03,-2.925643E-01,6.188888E-04,-1.043561E-01,2.670802E-03,-2.925348E-01,-5.129121E-03,0.000000E+00,0.000000E+00,1.169677E-01
6.140000E-01,-9.781416E-02,2.666928E-03,-2.944677E-01,1.008169E-02,-1.046506E-01,2.669265E-03,-2.944725E-01,-1.537279E-03,0.000000E+00,0.000000E+00,1.958989E-02
6.150000E-01,-9.811413E-02,2.682880E-03,-2.999681E-01,1.595267E-02,-1.049506E-01,2.679769E-03,-2.999597E-01,1.050423E-02,0.000000E+00,0.000000E+00,-2.607321E-02
6.160000E-01,-9.841529E-02,2.694466E-03,-3.011645E-01,1.158527E-02,-1.052517E-01,2.681858E-03,-3.011756E-01,2.089009E-03,0.000000E+00,0.000000E+00,-1.056605E-01
6.170000E-01,-9.871633E-02,2.692973E-03,-3.010359E-01,-1.492123E-03,-1.055529E-01,2.672786E-03,-3.011323E-01,-9.072637E-03,0.000000E+00,0.000000E+00,-1.691895E-01
6.180000E-01,-9.901745E-02,2.689712E-03,-3.011292E-01,-3.261705E-03,-1.058541E-01,2.668506E-03,-3.012230E-01,-4.280088E-03,0.000000E+00,0.000000E+00,-1.777219E-01
6.190000E-01,-9.931596E-02,2.675041E-03,-2.985092E-01,-1.467100E-02,-1.061527E-01,2.672570E-03,-2.986478E-01,4.064592E-03,0.000000E+00,0.000000E+00,-2.070471E-02
6.200000E-01,-9.961069E-02,2.660687E-03,-2.947245E-01,-1.435358E-02,-1.064475E-01,2.676426E-03,-2.947649E-01,3.856038E-03,0.000000E+00,0.000000E+00,1.319005E-01
6.210000E-01,-9.990293E-02,2.656474E-03,-2.922416E-01,-4.213336E-03,-1.067398E-01,2.672287E-03,-2.923075E-01,-4.139453E-03,0.000000E+00,0.000000E+00,1.325184E-01
6.220000E-01,-1.001922E-01,2.661356E-03,-2.892602E-01,4.882324E-03,-1.070292E-01,2.673447E-03,-2.893497E-01,1.160097E-03,0.000000E+00,0.000000E+00,1.013234E-01
6.230000E-01,-1.004807E-01,2.671070E-03,-2.884605E-01,9.713673E-03,-1.073177E-01,2.676512E-03,-2.885255E-01,3.064895E-03,0.000000E+00,0.000000E+00,4.560444E-02
6.240000E-01,-1.007699E-01,2.677122E-03,-2.892366E-01,6.052529E-03,-1.076069E-01,2.675666E-03,-2.892531E-01,-8.453845E-04,0.000000E+00,0.000000E+00,-1.220148E-02
6.250000E-01,-1.010598E-01,2.675247E-03,-2.899206E-01,-1.875086E-03,-1.078969E-01,2.666380E-03,-2.899279E-01,-9.286716E-03,0.000000E+00,0.000000E+00,-7.431222E-02
6.260000E-01,-1.013513E-01,2.678836E-03,-2.914759E-01,3.588494E-03,-1.081883E-01,2.665031E-03,-2.914585E-01,-1.348396E-03,0.000000E+00,0.000000E+00,-1.156844E-01
6.270000E-01,-1.016443E-01,2.673648E-03,-2.929762E-01,-5.187563E-03,-1.084813E-01,2.671234E-03,-2.929953E-01,6.202801E-03,0.000000E+00,0.000000E+00,-2.023098E-02
6.280000E-01,-1.019406E-01,2.675243E-03,-2.963888E-01,1.594486E-03,-1.087777E-01,2.680878E-03,-2.963432E-01,9.644112E-03,0.000000E+00,0.000000E+00,4.722662E-02
6.290000E-01,-1.022391E-01,2.676569E-03,-2.984519E-01,1.326319E-03,-1.090762E-01,2.680338E-03,-2.984881E-01,-5.403516E-04,0.000000E+00,0.000000E+00,3.158332E-02
6.300000E-01,-1.025400E-01,2.679190E-03,-3.008683E-01,2.621219E-03,-1.093771E-01,2.670082E-03,-3.009307E-01,-1.025547E-02,0.000000E+00,0.000000E+00,-7.632502E-02
6.310000E-01,-1.028487E-01,2.682983E-03,-3.087182E-01,3.792759E-03,-1.096858E-01,2.680198E-03,-3.087091E-01,1.011593E-02,0.000000E+00,0.000000E+00,-2.333619E-02
6.320000E-01,-1.031604E-01,2.688168E-03,-3.116795E-01,5.184611E-03,-1.099974E-01,2.682703E-03,-3.116314E-01,2.504911E-03,0.000000E+00,0.000000E+00,-4.579272E-02
6.330000E-01,-1.034720E-01,2.682828E-03,-3.116445E-01,-5.339536E-03,-1.103091E-01,2.670285E-03,-3.116894E-01,-1.241813E-02,0.000000E+00,0.000000E+00,-1.051119E-01
6.340000E-01,-1.037845E-01,2.674390E-03,-3.125078E-01,-8.437766E-03,-1.106217E-01,2.663390E-03,-3.125806E-01,-6.894608E-03,0.000000E+00,0.000000E+00,-9.217906E-02
6.350000E-01,-1.040887E-01,2.675369E-03,-3.041825E-01,9.783506E-04,-1.109261E-01,2.679578E-03,-3.043607E-01,1.618764E-02,0.000000E+00,0.000000E+00,3.527434E-02
6.360000E-01,-1.043885E-01,2.678774E-03,-2.997591E-01,3.405539E-03,-1.112258E-01,2.682723E-03,-2.997808E-01,3.145166E-03,0.000000E+00,0.000000E+00,3.309235E-02
6.370000E-01,-1.046855E-01,2.679321E-03,-2.969959E-01,5.471809E-04,-1.115229E-01,2.679480E-03,-2.970415E-01,-3.243029E-03,0.000000E+00,0.000000E+00,1.331170E-03
6.380000E-01,-1.049796E-01,2.676529E-03,-2.941707E-01,-2.792733E-03,-1.118172E-01,2.676685E-03,-2.943026E-01,-2.795378E-03,0.000000E+00,0.000000E+00,1.308983E-03
6.390000E-01,-1.052751E-01,2.676608E-03,-2.954418E-01,7.967160E-05,-1.121127E-01,2.676890E-03,-2.955473E-01,2.055288E-04,0.000000E+00,0.000000E+00,2.363576E-03
6.400000E-01,-1.055746E-01,2.674833E-03,-2.995069E-01,-1.775342E-03,-1.124125E-01,2.670408E-03,-2.997463E-01,-6.482055E-03,0.000000E+00,0.000000E+00,-3.707477E-02
6.410000E-01,-1.058827E-01,2.688471E-03,-3.081279E-01,1.363842E-02,-1.127208E-01,2.678399E-03,-3.083107E-01,7.990430E-03,0.000000E+00,0.000000E+00,-8.439784E-02
6.420000E-01,-1.061905E-01,2.697675E-03,-3.077927E-01,9.203176E-03,-1.130287E-01,2.671073E-03,-3.079384E-01,-7.325758E-03,0.000000E+00,0.000000E+00,-2.228868E-01
6.430000E-01,-1.064984E-01,2.698024E-03,-3.078857E-01,3.495129E-04,-1.133367E-01,2.665768E-03,-3.080007E-01,-5.305320E-03,0.000000E+00,0.000000E+00,-2.702618E-01
6.440000E-01,-1.068027E-01,2.687753E-03,-3.043510E-01,-1.027086E-02,-1.136413E-01,2.673339E-03,-3.045510E-01,7.570883E-03,0.000000E+00,0.000000E+00,-1.207711E-01
6.450000E-01,-1.071039E-01,2.669391E-03,-3.012090E-01,-1.836188E-02,-1.139427E-01,2.686232E-03,-3.013825E-01,1.289355E-02,0.000000E+00,0.000000E+00,1.410943E-01
6.460000E-01,-1.074038E-01,2.662371E-03,-2.998138E-01,-7.020665E-03,-1.142426E-01,2.687422E-03,-2.999130E-01,1.190368E-03,0.000000E+00,0.000000E+00,2.098839E-01
6.470000E-01,-1.077038E-01,2.660863E-03,-3.000892E-01,-1.507865E-03,-1.145427E-01,2.680018E-03,-3.001767E-01,-7.404118E-03,0.000000E+00,0.000000E+00,1.604834E-01
6.480000E-01,-1.080052E-01,2.663668E-03,-3.013877E-01,2.804899E-03,-1.148442E-01,2.668013E-03,-3.014467E-01,-1.200519E-02,0.000000E+00,0.000000E+00,3.640567E-02
6.490000E-01,-1.083097E-01,2.669444E-03,-3.044933E-01,5.776798E-03,-1.151487E-01,2.663446E-03,-3.045196E-01,-4.567408E-03,0.000000E+00,0.000000E+00,-5.025634E-02
6.500000E-01,-1.086182E-01,2.679251E-03,-3.085078E-01,9.806551E-03,-1.154572E-01,2.669525E-03,-3.085262E-01,6.079494E-03,0.000000E+00,0.000000E+00,-8.148068E-02
6.510000E-01,-1.089294E-01,2.682479E-03,-3.111174E-01,3.227778E-03,-1.157684E-01,2.679865E-03,-3.111411E-01,1.033932E-02,0.000000E+00,0.000000E+00,-2.190157E-02
6.520000E-01,-1.092404E-01,2.680503E-03,-3.110525E-01,-1.976189E-03,-1.160794E-01,2.675608E-03,-3.110658E-01,-4.256665E-03,0.000000E+00,0.000000E+00,-4.100678E-02
6.530000E-01,-1.095541E-01,2.679662E-03,-3.137219E-01,-8.402195E-04,-1.163931E-01,2.675943E-03,-3.136917E-01,3.349199E-04,0.000000E+00,0.000000E+00,-3.116190E-02
6.540000E-01,-1.098705E-01,2.671165E-03,-3.164025E-01,-8.497391E-03,-1.167096E-01,2.673071E-03,-3.164255E-01,-2.871740E-03,0.000000E+00,0.000000E+00,1.596855E-02
6.550000E-01,-1.101930E-01,2.679076E-03,-3.224328E-01,7.911289E-03,-1.170320E-01,2.674501E-03,-3.224666E-01,1.429595E-03,0.000000E+00,0.000000E+00,-3.833333E-02
6.560000E-01,-1.105189E-01,2.694429E-03,-3.259145E-01,1.535311E-02,-1.173579E-01,2.675261E-03,-3.258813E-01,7.599912E-04,0.000000E+00,0.000000E+00,-1.605908E-01
6.570000E-01,-1.108469E-01,2.697797E-03,-3.280282E-01,3.368036E-03,-1.176859E-01,2.671873E-03,-3.280319E-01,-3.388154E-03,0.000000E+00,0.000000E+00,-2.171918E-01
6.580000E-01,-1.111793E-01,2.697508E-03,-3.323892E-01,-2.895638E-04,-1.180183E-01,2.675723E-03,-3.323986E-01,3.850120E-03,0.000000E+00,0.000000E+00,-1.825107E-01
6.590000E-01,-1.115113E-01,2.691082E-03,-3.320307E-01,-6.425622E-03,-1.183504E-01,2.670003E-03,-3.320207E-01,-5.719476E-03,0.000000E+00,0.000000E+00,-1.765951E-01
6.600000E-01,-1.118411E-01,2.674910E-03,-3.297986E-01,-1.617272E-02,-1.186802E-01,2.672121E-03,-3.298222E-01,2.117693E-03,0.000000E+00,0.000000E+00,-2.336296E-02
6.610000E-01,-1.121612E-01,2.674379E-03,-3.200885E-01,-5.310234E-04,-1.190003E-01,2.683245E-03,-3.201404E-01,1.112385E-02,0.000000E+00,0.000000E+00,7.427773E-02
6.620000E-01,-1.124772E-01,2.674239E-03,-3.159788E-01,-1.398328E-04,-1.193163E-01,2.680243E-03,-3.159330E-01,-3.002167E-03,0.000000E+00,0.000000E+00,5.029843E-02
6.630000E-01,-1.127897E-01,2.679259E-03,-3.125172E-01,5.020436E-03,-1.196288E-01,2.672806E-03,-3.125008E-01,-7.436801E-03,0.000000E+00,0.000000E+00,-5.406490E-02
6.640000E-01,-1.131010E-01,2.678822E-03,-3.112862E-01,-4.375039E-04,-1.199401E-01,2.673421E-03,-3.112956E-01,6.148365E-04,0.000000E+00,0.000000E+00,-4.524861E-02
6.650000E-01,-1.134134E-01,2.672068E-03,-3.124478E-01,-6.754102E-03,-1.202525E-01,2.671002E-03,-3.124529E-01,-2.418523E-03,0.000000E+00,0.000000E+00,-8.926320E-03
6.660000E-01,-1.137271E-01,2.670818E-03,-3.136293E-01,-1.249209E-03,-1.205661E-01,2.672219E-03,-3.136321E-01,1.216741E-03,0.000000E+00,0.000000E+00,1.173272E-02
6.670000E-01,-1.140402E-01,2.675818E-03,-3.131334E-01,4.999221E-03,-1.208793E-01,2.674380E-03,-3.131373E-01,2.160816E-03,0.000000E+00,0.000000E+00,-1.204664E-02
6.680000E-01,-1.143526E-01,2.677807E-03,-3.123872E-01,1.989721E-03,-1.211917E-01,2.674527E-03,-3.123956E-01,1.476271E-04,0.000000E+00,0.000000E+00,-2.747914E-02
6.690000E-01,-1.146642E-01,2.671892E-03,-3.115962E-01,-5.915518E-03,-1.215033E-01,2.671422E-03,-3.116025E-01,-3.105317E-03,0.000000E+00,0.000000E+00,-3.936108E-03
6.700000E-01,-1.149722E-01,2.670422E-03,-3.080230E-01,-1.470078E-03,-1.218113E-01,2.673341E-03,-3.080294E-01,1.919289E-03,0.000000E+00,0.000000E+00,2.445895E-02
6.710000E-01,-1.152774E-01,2.675222E-03,-3.052286E-01,4.800332E-03,-1.221165E-01,2.674505E-03,-3.052396E-01,1.164070E-03,0.000000E+00,0.000000E+00,-6.004501E-03
6.720000E-01,-1.155814E-01,2.676419E-03,-3.039159E-01,1.196708E-03,-1.224205E-01,2.671239E-03,-3.039289E-01,-3.266722E-03,0.000000E+00,0.000000E+00,-4.339756E-02
6.730000E-01,-1.158837E-01,2.670871E-03,-3.023385E-01,-5.547261E-03,-1.227228E-01,2.671702E-03,-3.023448E-01,4.638464E-04,0.000000E+00,0.000000E+00,6.961421E-03
6.740000E-01,-1.161844E-01,2.672325E-03,-3.007066E-01,1.453626E-03,-1.230235E-01,2.676013E-03,-3.007201E-01,4.310775E-03,0.000000E+00,0.000000E+00,3.089755E-02
6.750000E-01,-1.164845E-01,2.672976E-03,-3.001502E-01,6.513233E-04,-1.233237E-01,2.674007E-03,-3.001547E-01,-2.006038E-03,0.000000E+00,0.000000E+00,8.635149E-03
6.760000E-01,-1.167850E-01,2.674984E-03,-3.004693E-01,2.007822E-03,-1.236242E-01,2.673248E-03,-3.004681E-01,-7.587297E-04,0.000000E+00,0.000000E+00,-1.454199E-02
6.770000E-01,-1.170866E-01,2.673719E-03,-3.015631E-01,-1.265625E-03,-1.239257E-01,2.676001E-03,-3.015654E-01,2.752694E-03,0.000000E+00,0.000000E+00,1.912199E-02
6.780000E-01,-1.173905E-01,2.678621E-03,-3.038836E-01,4.902654E-03,-1.242296E-01,2.673966E-03,-3.038612E-01,-2.034977E-03,0.000000E+00,0.000000E+00,-3.899901E-02
6.790000E-01,-1.176971E-01,2.677035E-03,-3.065903E-01,-1.586709E-03,-1.245362E-01,2.674253E-03,-3.065862E-01,2.866863E-04,0.000000E+00,0.000000E+00,-2.330437E-02
6.800000E-01,-1.180071E-01,2.670778E-03,-3.099983E-01,-6.256856E-03,-1.248462E-01,2.679713E-03,-3.099858E-01,5.459923E-03,0.000000E+00,0.000000E+00,7.485490E-02
6.810000E-01,-1.183218E-01,2.683026E-03,-3.147378E-01,1.224800E-02,-1.251609E-01,2.674297E-03,-3.147379E-01,-5.416015E-03,0.000000E+00,0.000000E+00,-7.312840E-02
6.820000E-01,-1.186420E-01,2.695730E-03,-3.202210E-01,1.270431E-02,-1.254811E-01,2.674757E-03,-3.201959E-01,4.603948E-04,0.000000E+00,0.000000E+00,-1.757041E-01
6.830000E-01,-1.189656E-01,2.702166E-03,-3.235970E-01,6.435573E-03,-1.258047E-01,2.678092E-03,-3.235796E-01,3.334440E-03,0.000000E+00,0.000000E+00,-2.016847E-01
6.840000E-01,-1.192889E-01,2.704081E-03,-3.233191E-01,1.915695E-03,-1.261279E-01,2.671784E-03,-3.232788E-01,-6.307698E-03,0.000000E+00,0.000000E+00,-2.705784E-01
6.850000E-01,-1.196099E-01,2.694083E-03,-3.209688E-01,-9.997764E-03,-1.264489E-01,2.674717E-03,-3.209987E-01,2.933214E-03,0.000000E+00,0.000000E+00,-1.622465E-01
6.860000E-01,-1.199297E-01,2.665076E-03,-3.197942E-01,-2.900761E-02,-1.267687E-01,2.677143E-03,-3.197389E-01,2.426265E-03,0.000000E+00,0.000000E+00,1.010986E-01
6.870000E-01,-1.202413E-01,2.651494E-03,-3.116073E-01,-1.358216E-02,-1.270802E-01,2.690874E-03,-3.115479E-01,1.373037E-02,0.000000E+00,0.000000E+00,3.299170E-01
6.880000E-01,-1.205515E-01,2.649998E-03,-3.102281E-01,-1.496192E-03,-1.273905E-01,2.689789E-03,-3.102534E-01,-1.084443E-03,0.000000E+00,0.000000E+00,3.333653E-01
6.890000E-01,-1.208644E-01,2.660706E-03,-3.128901E-01,1.070835E-02,-1.277035E-01,2.673780E-03,-3.130365E-01,-1.600927E-02,0.000000E+00,0.000000E+00,1.095303E-01
6.900000E-01,-1.211844E-01,2.685488E-03,-3.200124E-01,2.478218E-02,-1.280236E-01,2.668558E-03,-3.200629E-01,-5.222090E-03,0.000000E+00,0.000000E+00,-1.418340E-01
6.910000E-01,-1.215091E-01,2.703999E-03,-3.246237E-01,1.851104E-02,-1.283483E-01,2.677626E-03,-3.246781E-01,9.068340E-03,0.000000E+00,0.000000E+00,-2.209387E-01
6.920000E-01,-1.218343E-01,2.716904E-03,-3.251980E-01,1.290490E-02,-1.286735E-01,2.678546E-03,-3.252294E-01,9.193888E-04,0.000000E+00,0.000000E+00,-3.213440E-01
6.930000E-01,-1.221594E-01,2.726577E-03,-3.251109E-01,9.672812E-03,-1.289986E-01,2.671449E-03,-3.250760E-01,-7.097074E-03,0.000000E+00,0.000000E+00,-4.618295E-01
6.940000E-01,-1.224833E-01,2.731178E-03,-3.239702E-01,4.600943E-03,-1.293226E-01,2.676486E-03,-3.240425E-01,5.037959E-03,0.000000E+00,0.000000E+00,-4.581638E-01
6.950000E-01,-1.228067E-01,2.717787E-03,-3.233915E-01,-1.339049E-02,-1.296462E-01,2.681011E-03,-3.235439E-01,4.524883E-03,0.000000E+00,0.000000E+00,-3.080784E-01
6.960000E-01,-1.231300E-01,2.685207E-03,-3.232782E-01,-3.257992E-02,-1.299695E-01,2.680474E-03,-3.233677E-01,-5.369300E-04,0.000000E+00,0.000000E+00,-3.964813E-02
6.970000E-01,-1.234532E-01,2.650021E-03,-3.232246E-01,-3.518589E-02,-1.302927E-01,2.671704E-03,-3.231811E-01,-8.770725E-03,0.000000E+00,0.000000E+00,1.816364E-01
6.980000E-01,-1.237770E-01,2.642262E-03,-3.237975E-01,-7.759254E-03,-1.306165E-01,2.665578E-03,-3.237984E-01,-6.125733E-03,0.000000E+00,0.000000E+00,1.953206E-01
6.990000E-01,-1.241037E-01,2.654192E-03,-3.266891E-01,1.193025E-02,-1.309432E-01,2.663068E-03,-3.267289E-01,-2.509506E-03,0.000000E+00,0.000000E+00,7.435601E-02
7.000000E-01,-1.244344E-01,2.678121E-03,-3.306407E-01,2.392848E-02,-1.312739E-01,2.667750E-03,-3.306368E-01,4.681453E-03,0.000000E+00,0.000000E+00,-8.687939E-02
7.010000E-01,-1.247674E-01,2.700797E-03,-3.330366E-01,2.267645E-02,-1.316069E-01,2.672968E-03,-3.329946E-01,5.218234E-03,0.000000E+00,0.000000E+00,-2.331300E-01
7.020000E-01,-1.251016E-01,2.714359E-03,-3.341918E-01,1.356199E-02,-1.319410E-01,2.678914E-03,-3.341652E-01,5.945790E-03,0.000000E+00,0.000000E+00,-2.969323E-01
7.030000E-01,-1.254358E-01,2.716445E-03,-3.341995E-01,2.085712E-03,-1.322752E-01,2.672725E-03,-3.341726E-01,-6.188994E-03,0.000000E+00,0.000000E+00,-3.662507E-01
7.040000E-01,-1.257733E-01,2.720745E-03,-3.375155E-01,4.300224E-03,-1.326127E-01,2.671363E-03,-3.374614E-01,-1.362067E-03,0.000000E+00,0.000000E+00,-4.136864E-01
7.050000E-01,-1.261150E-01,2.715119E-03,-3.416890E-01,-5.626154E-03,-1.329544E-01,2.680880E-03,-3.417761E-01,9.517214E-03,0.000000E+00,0.000000E+00,-2.868263E-01
7.060000E-01,-1.264568E-01,2.704083E-03,-3.417754E-01,-1.103658E-02,-1.332962E-01,2.674385E-03,-3.418083E-01,-6.495477E-03,0.000000E+00,0.000000E+00,-2.487840E-01
7.070000E-01,-1.268033E-01,2.692335E-03,-3.465765E-01,-1.174787E-02,-1.336428E-01,2.672603E-03,-3.465861E-01,-1.781926E-03,0.000000E+00,0.000000E+00,-1.652981E-01
7.080000E-01,-1.271527E-01,2.667198E-03,-3.493178E-01,-2.513663E-02,-1.339922E-01,2.673354E-03,-3.493193E-01,7.508478E-04,0.000000E+00,0.000000E+00,5.156580E-02
7.090000E-01,-1.274957E-01,2.659639E-03,-3.430443E-01,-7.558570E-03,-1.343352E-01,2.674907E-03,-3.430102E-01,1.553509E-03,0.000000E+00,0.000000E+00,1.278999E-01
7.100000E-01,-1.278276E-01,2.683559E-03,-3.319438E-01,2.391920E-02,-1.346671E-01,2.678058E-03,-3.319792E-01,3.150482E-03,0.000000E+00,0.000000E+00,-4.608406E-02
7.110000E-01,-1.281576E-01,2.699758E-03,-3.300045E-01,1.619914E-02,-1.349971E-01,2.674189E-03,-3.299567E-01,-3.868467E-03,0.000000E+00,0.000000E+00,-2.141947E-01
7.120000E-01,-1.284864E-01,2.695292E-03,-3.287928E-01,-4.465507E-03,-1.353259E-01,2.673722E-03,-3.287718E-01,-4.671699E-04,0.000000E+00,0.000000E+00,-1.807006E-01
7.130000E-01,-1.288142E-01,2.683245E-03,-3.277944E-01,-1.204741E-02,-1.356537E-01,2.678917E-03,-3.278084E-01,5.194684E-03,0.000000E+00,0.000000E+00,-3.625938E-02
7.140000E-01,-1.291436E-01,2.673790E-03,-3.293286E-01,-9.454827E-03,-1.359830E-01,2.674246E-03,-3.293083E-01,-4.671052E-03,0.000000E+00,0.000000E+00,3.815530E-03
7.150000E-01,-1.294792E-01,2.681507E-03,-3.356303E-01,7.716593E-03,-1.363186E-01,2.667097E-03,-3.356105E-01,-7.148292E-03,0.000000E+00,0.000000E+00,-1.207120E-01
7.160000E-01,-1.298155E-01,2.682692E-03,-3.363008E-01,1.185726E-03,-1.366549E-01,2.663126E-03,-3.362934E-01,-3.970816E-03,0.000000E+00,0.000000E+00,-1.639098E-01
7.170000E-01,-1.301499E-01,2.677177E-03,-3.344485E-01,-5.515418E-03,-1.369894E-01,2.665758E-03,-3.344735E-01,2.631205E-03,0.000000E+00,0.000000E+00,-9.566298E-02
7.180000E-01,-1.304797E-01,2.674784E-03,-3.297351E-01,-2.392719E-03,-1.373192E-01,2.676905E-03,-3.298140E-01,1.114755E-02,0.000000E+00,0.000000E+00,1.776740E-02
7.190000E-01,-1.308050E-01,2.671708E-03,-3.253390E-01,-3.075990E-03,-1.376445E-01,2.681577E-03,-3.253579E-01,4.671817E-03,0.000000E+00,0.000000E+00,8.267194E-02
7.200000E-01,-1.311254E-01,2.677675E-03,-3.203858E-01,5.966857E-03,-1.379649E-01,2.675031E-03,-3.204020E-01,-6.546282E-03,0.000000E+00,0.000000E+00,-2.215256E-02
7.210000E-01,-1.314440E-01,2.675892E-03,-3.186109E-01,-1.782815E-03,-1.382835E-01,2.664423E-03,-3.186047E-01,-1.060738E-02,0.000000E+00,0.000000E+00,-9.607718E-02
7.220000E-01,-1.317599E-01,2.675304E-03,-3.158829E-01,-5.883946E-04,-1.385995E-01,2.664121E-03,-3.159093E-01,-3.027325E-04,0.000000E+00,0.000000E+00,-9.368379E-02
7.230000E-01,-1.320760E-01,2.672035E-03,-3.160811E-01,-3.268478E-03,-1.389156E-01,2.669955E-03,-3.161168E-01,5.833912E-03,0.000000E+00,0.000000E+00,-1.743198E-02
7.240000E-01,-1.323926E-01,2.672887E-03,-3.166462E-01,8.513782E-04,-1.392322E-01,2.677037E-03,-3.166676E-01,7.082955E-03,0.000000E+00,0.000000E+00,3.477030E-02
7.250000E-01,-1.327098E-01,2.675368E-03,-3.171493E-01,2.481212E-03,-1.395494E-01,2.673388E-03,-3.171684E-01,-3.649484E-03,0.000000E+00,0.000000E+00,-1.658679E-02
7.260000E-01,-1.330287E-01,2.678479E-03,-3.189459E-01,3.111143E-03,-1.398684E-01,2.669433E-03,-3.189449E-01,-3.955263E-03,0.000000E+00,0.000000E+00,-7.578222E-02
7.270000E-01,-1.333493E-01,2.675396E-03,-3.206073E-01,-3.083439E-03,-1.401890E-01,2.671293E-03,-3.206119E-01,1.860583E-03,0.000000E+00,0.000000E+00,-3.436603E-02
7.280000E-01,-1.336724E-01,2.675765E-03,-3.231162E-01,3.690111E-04,-1.405121E-01,2.673907E-03,-3.231144E-01,2.613461E-03,0.000000E+00,0.000000E+00,-1.556423E-02
7.290000E-01,-1.339990E-01,2.675642E-03,-3.266050E-01,-1.231567E-04,-1.408387E-01,2.678925E-03,-3.265897E-01,5.018301E-03,0.000000E+00,0.000000E+00,2.750594E-02
7.300000E-01,-1.343276E-01,2.674584E-03,-3.285642E-01,-1.057160E-03,-1.411672E-01,2.670489E-03,-3.285821E-01,-8.435652E-03,0.000000E+00,0.000000E+00,-3.430391E-02
7.310000E-01,-1.346634E-01,2.684658E-03,-3.357704E-01,1.007390E-02,-1.415030E-01,2.675882E-03,-3.357371E-01,5.392462E-03,0.000000E+00,0.000000E+00,-7.352075E-02
7.320000E-01,-1.350011E-01,2.681755E-03,-3.377458E-01,-2.903085E-03,-1.418407E-01,2.678939E-03,-3.377521E-01,3.057324E-03,0.000000E+00,0.000000E+00,-2.359006E-02
7.330000E-01,-1.353397E-01,2.679744E-03,-3.385277E-01,-2.011025E-03,-1.421793E-01,2.671327E-03,-3.385146E-01,-7.611759E-03,0.000000E+00,0.000000E+00,-7.050781E-02
7.340000E-01,-1.356785E-01,2.676659E-03,-3.388817E-01,-3.085641E-03,-1.425181E-01,2.671583E-03,-3.388700E-01,2.552522E-04,0.000000E+00,0.000000E+00,-4.252101E-02
7.350000E-01,-1.360133E-01,2.666859E-03,-3.347198E-01,-9.799893E-03,-1.428528E-01,2.673751E-03,-3.346456E-01,2.168540E-03,0.000000E+00,0.000000E+00,5.774016E-02
7.360000E-01,-1.363361E-01,2.675968E-03,-3.228805E-01,9.109055E-03,-1.431755E-01,2.679791E-03,-3.227745E-01,6.039791E-03,0.000000E+00,0.000000E+00,3.202891E-02
7.370000E-01,-1.366542E-01,2.693382E-03,-3.180616E-01,1.741391E-02,-1.434935E-01,2.680686E-03,-3.179720E-01,8.951925E-04,0.000000E+00,0.000000E+00,-1.063547E-01
7.380000E-01,-1.369717E-01,2.697750E-03,-3.174894E-01,4.367886E-03,-1.438109E-01,2.681095E-03,-3.174099E-01,4.091422E-04,0.000000E+00,0.000000E+00,-1.395202E-01
7.390000E-01,-1.372885E-01,2.691984E-03,-3.168072E-01,-5.765989E-03,-1.441277E-01,2.677856E-03,-3.167522E-01,-3.239273E-03,0.000000E+00,0.000000E+00,-1.183536E-01
7.400000E-01,-1.376080E-01,2.684774E-03,-3.195490E-01,-7.209330E-03,-1.444471E-01,2.679116E-03,-3.194582E-01,1.259904E-03,0.000000E+00,0.000000E+00,-4.740274E-02
7.410000E-01,-1.379289E-01,2.671688E-03,-3.208366E-01,-1.308664E-02,-1.447679E-01,2.672767E-03,-3.207382E-01,-6.348533E-03,0.000000E+00,0.000000E+00,9.047171E-03
7.420000E-01,-1.382512E-01,2.661879E-03,-3.223113E-01,-9.808826E-03,-1.450901E-01,2.673474E-03,-3.222436E-01,7.063946E-04,0.000000E+00,0.000000E+00,9.714257E-02
7.430000E-01,-1.385673E-01,2.663378E-03,-3.160911E-01,1.499309E-03,-1.454062E-01,2.675106E-03,-3.160545E-01,1.631703E-03,0.000000E+00,0.000000E+00,9.825228E-02
7.440000E-01,-1.388754E-01,2.677055E-03,-3.081477E-01,1.367658E-02,-1.457143E-01,2.672962E-03,-3.080950E-01,-2.143079E-03,0.000000E+00,0.000000E+00,-3.428406E-02
7.450000E-01,-1.391786E-01,2.685760E-03,-3.031796E-01,8.705628E-03,-1.460174E-01,2.677230E-03,-3.031246E-01,4.267313E-03,0.000000E+00,0.000000E+00,-7.146881E-02
7.460000E-01,-1.394808E-01,2.683606E-03,-3.021701E-01,-2.153877E-03,-1.463195E-01,2.678013E-03,-3.021492E-01,7.827695E-04,0.000000E+00,0.000000E+00,-4.686555E-02
7.470000E-01,-1.397817E-01,2.671849E-03,-3.009227E-01,-1.175762E-02,-1.466205E-01,2.680181E-03,-3.009290E-01,2.168682E-03,0.000000E+00,0.000000E+00,6.981023E-02
7.480000E-01,-1.400821E-01,2.666774E-03,-3.003863E-01,-5.074363E-03,-1.469209E-01,2.679493E-03,-3.003983E-01,-6.878662E-04,0.000000E+00,0.000000E+00,1.065604E-01
7.490000E-01,-1.403854E-01,2.673641E-03,-3.033453E-01,6.866830E-03,-1.472242E-01,2.668533E-03,-3.033639E-01,-1.096020E-02,0.000000E+00,0.000000E+00,-4.279551E-02
7.500000E-01,-1.406935E-01,2.687829E-03,-3.080134E-01,1.418797E-02,-1.475322E-01,2.663172E-03,-3.079849E-01,-5.361357E-03,0.000000E+00,0.000000E+00,-2.065807E-01
7.510000E-01,-1.410034E-01,2.693814E-03,-3.099403E-01,5.984998E-03,-1.478422E-01,2.665299E-03,-3.099335E-01,2.127201E-03,0.000000E+00,0.000000E+00,-2.389014E-01
7.520000E-01,-1.413149E-01,2.690953E-03,-3.114630E-01,-2.861573E-03,-1.481537E-01,2.671134E-03,-3.114998E-01,5.835241E-03,0.000000E+00,0.000000E+00,-1.660387E-01
7.530000E-01,-1.416279E-01,2.678029E-03,-3.130485E-01,-1.292343E-02,-1.484667E-01,2.678825E-03,-3.130936E-01,7.690334E-03,0.000000E+00,0.000000E+00,6.663887E-03
7.540000E-01,-1.419432E-01,2.668076E-03,-3.152512E-01,-9.953375E-03,-1.487820E-01,2.676128E-03,-3.152501E-01,-2.696189E-03,0.000000E+00,0.000000E+00,6.746453E-02
7.550000E-01,-1.422640E-01,2.678208E-03,-3.208404E-01,1.013191E-02,-1.491028E-01,2.677120E-03,-3.207978E-01,9.916199E-04,0.000000E+00,0.000000E+00,-9.112841E-03
7.560000E-01,-1.425878E-01,2.680584E-03,-3.237901E-01,2.376695E-03,-1.494266E-01,2.677207E-03,-3.238065E-01,8.675650E-05,0.000000E+00,0.000000E+00,-2.829798E-02
7.570000E-01,-1.429127E-01,2.684246E-03,-3.249071E-01,3.661834E-03,-1.497515E-01,2.669387E-03,-3.248894E-01,-7.820246E-03,0.000000E+00,0.000000E+00,-1.244953E-01
7.580000E-01,-1.432407E-01,2.681485E-03,-3.279989E-01,-2.761302E-03,-1.500795E-01,2.675177E-03,-3.280228E-01,5.790481E-03,0.000000E+00,0.000000E+00,-5.284803E-02
7.590000E-01,-1.435685E-01,2.669084E-03,-3.278112E-01,-1.240090E-02,-1.504073E-01,2.671200E-03,-3.278170E-01,-3.977429E-03,0.000000E+00,0.000000E+00,1.772394E-02
7.600000E-01,-1.438855E-01,2.680022E-03,-3.169764E-01,1.093816E-02,-1.507244E-01,2.674796E-03,-3.170571E-01,3.596425E-03,0.000000E+00,0.000000E+00,-4.378468E-02
7.610000E-01,-1.441959E-01,2.686410E-03,-3.103761E-01,6.388036E-03,-1.510349E-01,2.691774E-03,-3.104744E-01,1.697760E-02,0.000000E+00,0.000000E+00,4.493308E-02
7.620000E-01,-1.445056E-01,2.683539E-03,-3.097964E-01,-2.871008E-03,-1.513447E-01,2.694158E-03,-3.098274E-01,2.384020E-03,0.000000E+00,0.000000E+00,8.895815E-02
7.630000E-01,-1.448153E-01,2.668976E-03,-3.096656E-01,-1.456331E-02,-1.516544E-01,2.687730E-03,-3.096811E-01,-6.428088E-03,0.000000E+00,0.000000E+00,1.571123E-01
7.640000E-01,-1.451267E-01,2.667689E-03,-3.113653E-01,-1.287106E-03,-1.519658E-01,2.669278E-03,-3.113938E-01,-1.845182E-02,0.000000E+00,0.000000E+00,1.331127E-02
7.650000E-01,-1.454449E-01,2.683526E-03,-3.182470E-01,1.583721E-02,-1.522839E-01,2.665059E-03,-3.181581E-01,-4.218357E-03,0.000000E+00,0.000000E+00,-1.547099E-01
7.660000E-01,-1.457675E-01,2.692619E-03,-3.225275E-01,9.092457E-03,-1.526064E-01,2.670728E-03,-3.224819E-01,5.668681E-03,0.000000E+00,0.000000E+00,-1.833946E-01
7.670000E-01,-1.460917E-01,2.692545E-03,-3.242739E-01,-7.348190E-05,-1.529306E-01,2.678329E-03,-3.242404E-01,7.600846E-03,0.000000E+00,0.000000E+00,-1.191012E-01
7.680000E-01,-1.464157E-01,2.678576E-03,-3.240173E-01,-1.396869E-02,-1.532546E-01,2.675848E-03,-3.239558E-01,-2.480786E-03,0.000000E+00,0.000000E+00,-2.285693E-02
7.690000E-01,-1.467375E-01,2.659488E-03,-3.217606E-01,-1.908818E-02,-1.535763E-01,2.669727E-03,-3.216913E-01,-6.121410E-03,0.000000E+00,0.000000E+00,8.577927E-02
7.700000E-01,-1.470509E-01,2.665934E-03,-3.134117E-01,6.446024E-03,-1.538897E-01,2.670357E-03,-3.134438E-01,6.304697E-04,0.000000E+00,0.000000E+00,3.705605E-02
7.710000E-01,-1.473582E-01,2.679811E-03,-3.072801E-01,1.387665E-02,-1.541971E-01,2.675983E-03,-3.073240E-01,5.625882E-03,0.000000E+00,0.000000E+00,-3.206895E-02
7.720000E-01,-1.476639E-01,2.685009E-03,-3.057241E-01,5.198001E-03,-1.545028E-01,2.673097E-03,-3.057354E-01,-2.886222E-03,0.000000E+00,0.000000E+00,-9.979809E-02
7.730000E-01,-1.479688E-01,2.680695E-03,-3.048838E-01,-4.313500E-03,-1.548077E-01,2.673432E-03,-3.049161E-01,3.350091E-04,0.000000E+00,0.000000E+00,-6.085286E-02
7.740000E-01,-1.482731E-01,2.670015E-03,-3.042602E-01,-1.068083E-02,-1.551120E-01,2.675758E-03,-3.042997E-01,2.325764E-03,0.000000E+00,0.000000E+00,4.811502E-02
7.750000E-01,-1.485775E-01,2.664327E-03,-3.043989E-01,-5.687645E-03,-1.554164E-01,2.673474E-03,-3.044114E-01,-2.283646E-03,0.000000E+00,0.000000E+00,7.663312E-02
7.760000E-01,-1.488830E-01,2.665743E-03,-3.054883E-01,1.415769E-03,-1.557219E-01,2.672042E-03,-3.054933E-01,-1.432091E-03,0.000000E+00,0.000000E+00,5.277414E-02
7.770000E-01,-1.491907E-01,2.673764E-03,-3.077009E-01,8.021040E-03,-1.560296E-01,2.672541E-03,-3.077001E-01,4.992418E-04,0.000000E+00,0.000000E+00,-1.024235E-02
7.780000E-01,-1.495009E-01,2.688603E-03,-3.102074E-01,1.483973E-02,-1.563398E-01,2.676932E-03,-3.101875E-01,4.391321E-03,0.000000E+00,0.000000E+00,-9.777781E-02
7.790000E-01,-1.498122E-01,2.697797E-03,-3.113614E-01,9.193951E-03,-1.566511E-01,2.676445E-03,-3.113223E-01,-4.869928E-04,0.000000E+00,0.000000E+00,-1.788841E-01
7.800000E-01,-1.501259E-01,2.696027E-03,-3.137165E-01,-1.770768E-03,-1.569649E-01,2.676544E-03,-3.137398E-01,9.896519E-05,0.000000E+00,0.000000E+00,-1.632192E-01
7.810000E-01,-1.504428E-01,2.693607E-03,-3.168555E-01,-2.419785E-03,-1.572817E-01,2.675750E-03,-3.168453E-01,-7.942160E-04,0.000000E+00,0.000000E+00,-1.496007E-01
7.820000E-01,-1.507642E-01,2.680944E-03,-3.214440E-01,-1.266305E-02,-1.576032E-01,2.681569E-03,-3.214940E-01,5.818357E-03,0.000000E+00,0.000000E+00,5.234470E-03
7.830000E-01,-1.510875E-01,2.669338E-03,-3.232529E-01,-1.160575E-02,-1.579265E-01,2.682435E-03,-3.232708E-01,8.663897E-04,0.000000E+00,0.000000E+00,1.097237E-01
7.840000E-01,-1.514061E-01,2.678727E-03,-3.186013E-01,9.389480E-03,-1.582451E-01,2.666719E-03,-3.186570E-01,-1.571547E-02,0.000000E+00,0.000000E+00,-1.006002E-01
7.850000E-01,-1.517184E-01,2.693603E-03,-3.122637E-01,1.487517E-02,-1.585574E-01,2.662743E-03,-3.122371E-01,-3.976113E-03,0.000000E+00,0.000000E+00,-2.585310E-01
7.860000E-01,-1.520235E-01,2.691748E-03,-3.051731E-01,-1.854915E-03,-1.588627E-01,2.687448E-03,-3.052837E-01,2.470499E-02,0.000000E+00,0.000000E+00,-3.601880E-02
7.870000E-01,-1.523260E-01,2.671143E-03,-3.024868E-01,-2.060430E-02,-1.591649E-01,2.710595E-03,-3.022892E-01,2.314643E-02,0.000000E+00,0.000000E+00,3.305155E-01
7.880000E-01,-1.526276E-01,2.658989E-03,-3.016313E-01,-1.215412E-02,-1.594662E-01,2.732123E-03,-3.013085E-01,2.152793E-02,0.000000E+00,0.000000E+00,6.127095E-01
7.890000E-01,-1.529349E-01,2.670593E-03,-3.072957E-01,1.160387E-02,-1.597734E-01,2.749176E-03,-3.071216E-01,1.705281E-02,0.000000E+00,0.000000E+00,6.583734E-01
7.900000E-01,-1.532483E-01,2.705890E-03,-3.133288E-01,3.529644E-02,-1.600867E-01,2.758835E-03,-3.133643E-01,9.659756E-03,0.000000E+00,0.000000E+00,4.435942E-01
7.910000E-01,-1.535612E-01,2.739542E-03,-3.129440E-01,3.365230E-02,-1.603997E-01,2.750893E-03,-3.129268E-01,-7.942545E-03,0.000000E+00,0.000000E+00,9.510238E-02
7.920000E-01,-1.538739E-01,2.765910E-03,-3.127127E-01,2.636766E-02,-1.607121E-01,2.728127E-03,-3.124106E-01,-2.276540E-02,0.000000E+00,0.000000E+00,-3.165688E-01
7.930000E-01,-1.541856E-01,2.768896E-03,-3.116838E-01,2.986146E-03,-1.610233E-01,2.700647E-03,-3.112394E-01,-2.748038E-02,0.000000E+00,0.000000E+00,-5.718648E-01
7.940000E-01,-1.544968E-01,2.750056E-03,-3.112124E-01,-1.883926E-02,-1.613341E-01,2.669505E-03,-3.107625E-01,-3.114146E-02,0.000000E+00,0.000000E+00,-6.749820E-01
7.950000E-01,-1.548028E-01,2.716542E-03,-3.060088E-01,-3.351423E-02,-1.616400E-01,2.661377E-03,-3.059631E-01,-8.128278E-03,0.000000E+00,0.000000E+00,-4.622733E-01
7.960000E-01,-1.551044E-01,2.671395E-03,-3.015666E-01,-4.514746E-02,-1.619416E-01,2.671037E-03,-3.015446E-01,9.659494E-03,0.000000E+00,0.000000E+00,-3.000838E-03
7.970000E-01,-1.554030E-01,2.644187E-03,-2.986286E-01,-2.720744E-02,-1.622400E-01,2.687289E-03,-2.983907E-01,1.625274E-02,0.000000E+00,0.000000E+00,3.612047E-01
7.980000E-01,-1.557042E-01,2.644446E-03,-3.012085E-01,2.588176E-04,-1.625411E-01,2.688103E-03,-3.011476E-01,8.134173E-04,0.000000E+00,0.000000E+00,3.658555E-01
7.990000E-01,-1.560106E-01,2.666218E-03,-3.063442E-01,2.177154E-02,-1.628476E-01,2.671040E-03,-3.064366E-01,-1.706288E-02,0.000000E+00,0.000000E+00,4.041200E-02
8.000000E-01,-1.563217E-01,2.697200E-03,-3.110686E-01,3.098243E-02,-1.631585E-01,2.662434E-03,-3.109618E-01,-8.605729E-03,0.000000E+00,0.000000E+00,-2.913501E-01
8.010000E-01,-1.566341E-01,2.719907E-03,-3.124508E-01,2.270645E-02,-1.634708E-01,2.661596E-03,-3.122713E-01,-8.378792E-04,0.000000E+00,0.000000E+00,-4.886649E-01
8.020000E-01,-1.569477E-01,2.735481E-03,-3.135542E-01,1.557463E-02,-1.637842E-01,2.665594E-03,-3.134224E-01,3.997537E-03,0.000000E+00,0.000000E+00,-5.856910E-01
8.030000E-01,-1.572637E-01,2.744275E-03,-3.160823E-01,8.793846E-03,-1.641003E-01,2.676123E-03,-3.160564E-01,1.052868E-02,0.000000E+00,0.000000E+00,-5.711553E-01
8.040000E-01,-1.575807E-01,2.742681E-03,-3.169651E-01,-1.594291E-03,-1.644173E-01,2.679633E-03,-3.170058E-01,3.509986E-03,0.000000E+00,0.000000E+00,-5.283781E-01
8.050000E-01,-1.579000E-01,2.741622E-03,-3.193097E-01,-1.058943E-03,-1.647365E-01,2.677816E-03,-3.192296E-01,-1.816576E-03,0.000000E+00,0.000000E+00,-5.347333E-01
8.060000E-01,-1.582219E-01,2.736111E-03,-3.218400E-01,-5.510982E-03,-1.650583E-01,2.672392E-03,-3.217591E-01,-5.423559E-03,0.000000E+00,0.000000E+00,-5.340070E-01
8.070000E-01,-1.585475E-01,2.720095E-03,-3.256408E-01,-1.601589E-02,-1.653840E-01,2.677069E-03,-3.257793E-01,4.676250E-03,0.000000E+00,0.000000E+00,-3.605901E-01
8.080000E-01,-1.588724E-01,2.701011E-03,-3.248865E-01,-1.908357E-02,-1.657090E-01,2.670344E-03,-3.249597E-01,-6.724590E-03,0.000000E+00,0.000000E+00,-2.570121E-01
8.090000E-01,-1.591929E-01,2.679711E-03,-3.205409E-01,-2.130052E-02,-1.660297E-01,2.675604E-03,-3.207393E-01,5.260045E-03,0.000000E+00,0.000000E+00,-3.441625E-02
8.100000E-01,-1.595095E-01,2.656681E-03,-3.165822E-01,-2.302980E-02,-1.663464E-01,2.672980E-03,-3.166157E-01,-2.624515E-03,0.000000E+00,0.000000E+00,1.365888E-01
8.110000E-01,-1.598165E-01,2.652844E-03,-3.069866E-01,-3.836625E-03,-1.666534E-01,2.679638E-03,-3.070438E-01,6.658465E-03,0.000000E+00,0.000000E+00,2.245394E-01
8.120000E-01,-1.601213E-01,2.655284E-03,-3.047837E-01,2.439537E-03,-1.669583E-01,2.672164E-03,-3.048672E-01,-7.473633E-03,0.000000E+00,0.000000E+00,1.414626E-01
8.130000E-01,-1.604238E-01,2.664186E-03,-3.025045E-01,8.902204E-03,-1.672608E-01,2.665992E-03,-3.025359E-01,-6.172326E-03,0.000000E+00,0.000000E+00,1.513434E-02
8.140000E-01,-1.607284E-01,2.678559E-03,-3.045780E-01,1.437285E-02,-1.675653E-01,2.666748E-03,-3.044709E-01,7.563281E-04,0.000000E+00,0.000000E+00,-9.897658E-02
8.150000E-01,-1.610370E-01,2.686206E-03,-3.086670E-01,7.646570E-03,-1.678738E-01,2.683445E-03,-3.085391E-01,1.669688E-02,0.000000E+00,0.000000E+00,-2.313235E-02
8.160000E-01,-1.613466E-01,2.685751E-03,-3.095639E-01,-4.545620E-04,-1.681832E-01,2.693540E-03,-3.094198E-01,1.009493E-02,0.000000E+00,0.000000E+00,6.527914E-02
8.170000E-01,-1.616556E-01,2.679202E-03,-3.089984E-01,-6.549207E-03,-1.684921E-01,2.685823E-03,-3.088355E-01,-7.717315E-03,0.000000E+00,0.000000E+00,5.549093E-02
8.180000E-01,-1.619626E-01,2.669893E-03,-3.069997E-01,-9.308512E-03,-1.687989E-01,2.666022E-03,-3.068539E-01,-1.980106E-02,0.000000E+00,0.000000E+00,-3.244661E-02
8.190000E-01,-1.622634E-01,2.671296E-03,-3.007951E-01,1.402478E-03,-1.690997E-01,2.659739E-03,-3.007550E-01,-6.282611E-03,0.000000E+00,0.000000E+00,-9.685632E-02
8.200000E-01,-1.625575E-01,2.678902E-03,-2.941524E-01,7.605895E-03,-1.693939E-01,2.668213E-03,-2.942667E-01,8.473829E-03,0.000000E+00,0.000000E+00,-8.958058E-02
8.210000E-01,-1.628478E-01,2.678666E-03,-2.903143E-01,-2.352125E-04,-1.696844E-01,2.684831E-03,-2.904514E-01,1.661832E-02,0.000000E+00,0.000000E+00,5.166734E-02
8.220000E-01,-1.631383E-01,2.671548E-03,-2.904436E-01,-7.118013E-03,-1.699749E-01,2.685425E-03,-2.905222E-01,5.934817E-04,0.000000E+00,0.000000E+00,1.162944E-01
8.230000E-01,-1.634283E-01,2.670204E-03,-2.899875E-01,-1.344391E-03,-1.702650E-01,2.672333E-03,-2.900757E-01,-1.309221E-02,0.000000E+00,0.000000E+00,1.783927E-02
8.240000E-01,-1.637182E-01,2.671457E-03,-2.899127E-01,1.252750E-03,-1.705550E-01,2.662377E-03,-2.899653E-01,-9.955840E-03,0.000000E+00,0.000000E+00,-7.609483E-02
8.250000E-01,-1.640097E-01,2.676777E-03,-2.914655E-01,5.320386E-03,-1.708465E-01,2.659538E-03,-2.915014E-01,-2.839136E-03,0.000000E+00,0.000000E+00,-1.444750E-01
8.260000E-01,-1.643035E-01,2.674115E-03,-2.938624E-01,-2.661781E-03,-1.711404E-01,2.666480E-03,-2.939271E-01,6.942035E-03,0.000000E+00,0.000000E+00,-6.398995E-02
8.270000E-01,-1.646008E-01,2.671623E-03,-2.972727E-01,-2.492072E-03,-1.714377E-01,2.682717E-03,-2.972635E-01,1.623753E-02,0.000000E+00,0.000000E+00,9.297189E-02
8.280000E-01,-1.648990E-01,2.676923E-03,-2.982129E-01,5.299662E-03,-1.717358E-01,2.683207E-03,-2.981971E-01,4.900971E-04,0.000000E+00,0.000000E+00,5.266588E-02
8.290000E-01,-1.651977E-01,2.670212E-03,-2.986634E-01,-6.711092E-03,-1.720346E-01,2.667670E-03,-2.987974E-01,-1.553773E-02,0.000000E+00,0.000000E+00,-2.130484E-02
8.300000E-01,-1.655036E-01,2.679077E-03,-3.059504E-01,8.864957E-03,-1.723406E-01,2.666796E-03,-3.059049E-01,-8.734585E-04,0.000000E+00,0.000000E+00,-1.029161E-01
8.310000E-01,-1.658167E-01,2.684459E-03,-3.130842E-01,5.381688E-03,-1.726535E-01,2.683231E-03,-3.129814E-01,1.643502E-02,0.000000E+00,0.000000E+00,-1.028574E-02
8.320000E-01,-1.661316E-01,2.682020E-03,-3.148620E-01,-2.438908E-03,-1.729685E-01,2.684686E-03,-3.149425E-01,1.454527E-03,0.000000E+00,0.000000E+00,2.234278E-02
8.330000E-01,-1.664460E-01,2.678712E-03,-3.144033E-01,-3.307652E-03,-1.732830E-01,2.666783E-03,-3.144856E-01,-1.790324E-02,0.000000E+00,0.000000E+00,-9.997228E-02
8.340000E-01,-1.667610E-01,2.681809E-03,-3.149961E-01,3.097101E-03,-1.735980E-01,2.657146E-03,-3.150477E-01,-9.636419E-03,0.000000E+00,0.000000E+00,-2.066802E-01
8.350000E-01,-1.670720E-01,2.674763E-03,-3.110647E-01,-7.046289E-03,-1.739092E-01,2.663954E-03,-3.112088E-01,6.808104E-03,0.000000E+00,0.000000E+00,-9.057650E-02
8.360000E-01,-1.673711E-01,2.677789E-03,-2.990625E-01,3.026118E-03,-1.742083E-01,2.682431E-03,-2.991021E-01,1.847711E-02,0.000000E+00,0.000000E+00,3.890289E-02
8.370000E-01,-1.676678E-01,2.672675E-03,-2.967458E-01,-5.114080E-03,-1.745050E-01,2.694582E-03,-2.967024E-01,1.215056E-02,0.000000E+00,0.000000E+00,1.835807E-01
8.380000E-01,-1.679608E-01,2.674336E-03,-2.929876E-01,1.660657E-03,-1.747981E-01,2.707957E-03,-2.930419E-01,1.337560E-02,0.000000E+00,0.000000E+00,2.817483E-01
8.390000E-01,-1.682546E-01,2.676308E-03,-2.938039E-01,1.972740E-03,-1.750919E-01,2.713098E-03,-2.938860E-01,5.140624E-03,0.000000E+00,0.000000E+00,3.082906E-01
8.400000E-01,-1.685494E-01,2.682736E-03,-2.947919E-01,6.427901E-03,-1.753870E-01,2.694499E-03,-2.950698E-01,-1.859899E-02,0.000000E+00,0.000000E+00,9.856771E-02
8.410000E-01,-1.688439E-01,2.687717E-03,-2.945235E-01,4.981152E-03,-1.756817E-01,2.655571E-03,-2.946836E-01,-3.892826E-02,0.000000E+00,0.000000E+00,-2.693637E-01
8.420000E-01,-1.691426E-01,2.685788E-03,-2.986153E-01,-1.929140E-03,-1.759804E-01,2.635807E-03,-2.986517E-01,-1.976339E-02,0.000000E+00,0.000000E+00,-4.187949E-01
8.430000E-01,-1.694389E-01,2.675978E-03,-2.963142E-01,-9.810259E-03,-1.762769E-01,2.634352E-03,-2.965039E-01,-1.455559E-03,0.000000E+00,0.000000E+00,-3.487820E-01
8.440000E-01,-1.697249E-01,2.674852E-03,-2.860715E-01,-1.126085E-03,-1.765633E-01,2.658536E-03,-2.864134E-01,2.418418E-02,0.000000E+00,0.000000E+00,-1.367034E-01
8.450000E-01,-1.700027E-01,2.675102E-03,-2.777958E-01,2.503454E-04,-1.768413E-01,2.699369E-03,-2.779940E-01,4.083308E-02,0.000000E+00,0.000000E+00,2.033173E-01
8.460000E-01,-1.702803E-01,2.666665E-03,-2.775498E-01,-8.436968E-03,-1.771187E-01,2.721342E-03,-2.774765E-01,2.197270E-02,0.000000E+00,0.000000E+00,4.580971E-01
8.470000E-01,-1.705563E-01,2.665354E-03,-2.760548E-01,-1.311335E-03,-1.773948E-01,2.732670E-03,-2.760285E-01,1.132840E-02,0.000000E+00,0.000000E+00,5.639925E-01
8.480000E-01,-1.708318E-01,2.669550E-03,-2.754824E-01,4.196602E-03,-1.776704E-01,2.734262E-03,-2.756017E-01,1.591678E-03,0.000000E+00,0.000000E+00,5.421597E-01
8.490000E-01,-1.711075E-01,2.676232E-03,-2.757098E-01,6.681183E-03,-1.779463E-01,2.721987E-03,-2.759616E-01,-1.227448E-02,0.000000E+00,0.000000E+00,3.833387E-01
8.500000E-01,-1.713832E-01,2.679543E-03,-2.756639E-01,3.311192E-03,-1.782222E-01,2.696929E-03,-2.758893E-01,-2.505891E-02,0.000000E+00,0.000000E+00,1.456532E-01
8.510000E-01,-1.716587E-01,2.678225E-03,-2.755198E-01,-1.318036E-03,-1.784978E-01,2.656753E-03,-2.756001E-01,-4.017589E-02,0.000000E+00,0.000000E+00,-1.798862E-01
8.520000E-01,-1.719385E-01,2.670894E-03,-2.797753E-01,-7.330811E-03,-1.787776E-01,2.639332E-03,-2.797872E-01,-1.742047E-02,0.000000E+00,0.000000E+00,-2.644123E-01
8.530000E-01,-1.722224E-01,2.669344E-03,-2.839521E-01,-1.550443E-03,-1.790616E-01,2.642035E-03,-2.839980E-01,2.702680E-03,0.000000E+00,0.000000E+00,-2.287802E-01
8.540000E-01,-1.725114E-01,2.679682E-03,-2.889436E-01,1.033831E-02,-1.793506E-01,2.652292E-03,-2.889852E-01,1.025716E-02,0.000000E+00,0.000000E+00,-2.294587E-01
8.550000E-01,-1.728046E-01,2.684168E-03,-2.932201E-01,4.485946E-03,-1.796439E-01,2.671624E-03,-2.933219E-01,1.933180E-02,0.000000E+00,0.000000E+00,-1.050862E-01
8.560000E-01,-1.731014E-01,2.679910E-03,-2.968071E-01,-4.257577E-03,-1.799408E-01,2.692541E-03,-2.968731E-01,2.091741E-02,0.000000E+00,0.000000E+00,1.058142E-01
8.570000E-01,-1.733979E-01,2.674315E-03,-2.965215E-01,-5.594797E-03,-1.802374E-01,2.694801E-03,-2.965669E-01,2.260181E-03,0.000000E+00,0.000000E+00,1.716166E-01
8.580000E-01,-1.736961E-01,2.681360E-03,-2.981456E-01,7.044290E-03,-1.805356E-01,2.676537E-03,-2.982321E-01,-1.826445E-02,0.000000E+00,0.000000E+00,-4.040114E-02
8.590000E-01,-1.739947E-01,2.677078E-03,-2.985686E-01,-4.281851E-03,-1.808342E-01,2.653356E-03,-2.985735E-01,-2.318051E-02,0.000000E+00,0.000000E+00,-1.987178E-01
8.600000E-01,-1.742869E-01,2.668641E-03,-2.922051E-01,-8.437273E-03,-1.811264E-01,2.654508E-03,-2.922772E-01,1.151981E-03,0.000000E+00,0.000000E+00,-1.183862E-01
8.610000E-01,-1.745644E-01,2.675349E-03,-2.775250E-01,6.708685E-03,-1.814041E-01,2.696290E-03,-2.776279E-01,4.178145E-02,0.000000E+00,0.000000E+00,1.754182E-01
8.620000E-01,-1.748391E-01,2.681911E-03,-2.746903E-01,6.561567E-03,-1.816787E-01,2.730568E-03,-2.746319E-01,3.427772E-02,0.000000E+00,0.000000E+00,4.075926E-01
8.630000E-01,-1.751150E-01,2.678246E-03,-2.758897E-01,-3.664744E-03,-1.819545E-01,2.749090E-03,-2.757558E-01,1.852286E-02,0.000000E+00,0.000000E+00,5.934563E-01
8.640000E-01,-1.753920E-01,2.668749E-03,-2.770156E-01,-9.496867E-03,-1.822315E-01,2.745147E-03,-2.770225E-01,-3.943046E-03,0.000000E+00,0.000000E+00,6.399757E-01
8.650000E-01,-1.756729E-01,2.678782E-03,-2.808934E-01,1.003232E-02,-1.825127E-01,2.724595E-03,-2.812123E-01,-2.055258E-02,0.000000E+00,0.000000E+00,3.837632E-01
8.660000E-01,-1.759547E-01,2.691568E-03,-2.818163E-01,1.278629E-02,-1.827947E-01,2.687812E-03,-2.819925E-01,-3.678334E-02,0.000000E+00,0.000000E+00,-3.146532E-02
8.670000E-01,-1.762373E-01,2.707153E-03,-2.825932E-01,1.558472E-02,-1.830770E-01,2.646527E-03,-2.823339E-01,-4.128405E-02,0.000000E+00,0.000000E+00,-5.078375E-01
8.680000E-01,-1.765199E-01,2.728656E-03,-2.826431E-01,2.150337E-02,-1.833592E-01,2.631377E-03,-2.822179E-01,-1.515009E-02,0.000000E+00,0.000000E+00,-8.148890E-01
8.690000E-01,-1.767971E-01,2.734541E-03,-2.772169E-01,5.885224E-03,-1.836365E-01,2.637955E-03,-2.772173E-01,6.577389E-03,0.000000E+00,0.000000E+00,-8.090916E-01
8.700000E-01,-1.770673E-01,2.721483E-03,-2.701616E-01,-1.305839E-02,-1.839071E-01,2.671760E-03,-2.706495E-01,3.380544E-02,0.000000E+00,0.000000E+00,-4.165101E-01
8.710000E-01,-1.773357E-01,2.683227E-03,-2.683550E-01,-3.825581E-02,-1.841756E-01,2.711044E-03,-2.684797E-01,3.928396E-02,0.000000E+00,0.000000E+00,2.330144E-01
8.720000E-01,-1.776048E-01,2.643558E-03,-2.691699E-01,-3.966864E-02,-1.844442E-01,2.737891E-03,-2.685799E-01,2.684638E-02,0.000000E+00,0.000000E+00,7.902085E-01
8.730000E-01,-1.778765E-01,2.633122E-03,-2.716261E-01,-1.043624E-02,-1.847153E-01,2.755959E-03,-2.711756E-01,1.806817E-02,0.000000E+00,0.000000E+00,1.029009E+00
8.740000E-01,-1.781521E-01,2.643983E-03,-2.756118E-01,1.086046E-02,-1.849911E-01,2.761084E-03,-2.757162E-01,5.124822E-03,0.000000E+00,0.000000E+00,9.809555E-01
8.750000E-01,-1.784322E-01,2.672416E-03,-2.801602E-01,2.843317E-02,-1.852718E-01,2.751257E-03,-2.807133E-01,-9.826525E-03,0.000000E+00,0.000000E+00,6.604357E-01
8.760000E-01,-1.787154E-01,2.710426E-03,-2.831616E-01,3.801012E-02,-1.855554E-01,2.728803E-03,-2.835980E-01,-2.245417E-02,0.000000E+00,0.000000E+00,1.539367E-01
8.770000E-01,-1.789987E-01,2.745318E-03,-2.833595E-01,3.489257E-02,-1.858385E-01,2.689694E-03,-2.831611E-01,-3.910899E-02,0.000000E+00,0.000000E+00,-4.659484E-01
8.780000E-01,-1.792829E-01,2.774284E-03,-2.841339E-01,2.896576E-02,-1.861217E-01,2.649179E-03,-2.832157E-01,-4.051523E-02,0.000000E+00,0.000000E+00,-1.048015E+00
8.790000E-01,-1.795696E-01,2.791129E-03,-2.867413E-01,1.684532E-02,-1.864078E-01,2.634207E-03,-2.860844E-01,-1.497114E-02,0.000000E+00,0.000000E+00,-1.314585E+00
8.800000E-01,-1.798596E-01,2.797403E-03,-2.900113E-01,6.273268E-03,-1.866978E-01,2.637042E-03,-2.899314E-01,2.834825E-03,0.000000E+00,0.000000E+00,-1.343395E+00
8.810000E-01,-1.801544E-01,2.793963E-03,-2.947966E-01,-3.439601E-03,-1.869931E-01,2.656955E-03,-2.953052E-01,1.991273E-02,0.000000E+00,0.000000E+00,-1.147736E+00
8.820000E-01,-1.804554E-01,2.779193E-03,-3.009951E-01,-1.476994E-02,-1.872949E-01,2.693451E-03,-3.018305E-01,3.649645E-02,0.000000E+00,0.000000E+00,-7.182408E-01
8.830000E-01,-1.807582E-01,2.757873E-03,-3.027492E-01,-2.132049E-02,-1.875981E-01,2.723301E-03,-3.031985E-01,2.984941E-02,0.000000E+00,0.000000E+00,-2.895946E-01
8.840000E-01,-1.810611E-01,2.730443E-03,-3.029084E-01,-2.742921E-02,-1.879011E-01,2.740003E-03,-3.029872E-01,1.670257E-02,0.000000E+00,0.000000E+00,8.008000E-02
8.850000E-01,-1.813642E-01,2.694417E-03,-3.031013E-01,-3.602676E-02,-1.882040E-01,2.745924E-03,-3.029113E-01,5.920510E-03,0.000000E+00,0.000000E+00,4.314588E-01
8.860000E-01,-1.816667E-01,2.659993E-03,-3.024682E-01,-3.442417E-02,-1.885062E-01,2.741235E-03,-3.021770E-01,-4.688773E-03,0.000000E+00,0.000000E+00,6.805520E-01
8.870000E-01,-1.819691E-01,2.644756E-03,-3.024037E-01,-1.523617E-02,-1.888086E-01,2.721462E-03,-3.024547E-01,-1.977289E-02,0.000000E+00,0.000000E+00,6.425474E-01
8.880000E-01,-1.822745E-01,2.648092E-03,-3.054538E-01,3.335613E-03,-1.891144E-01,2.687576E-03,-3.057676E-01,-3.388649E-02,0.000000E+00,0.000000E+00,3.307416E-01
8.890000E-01,-1.825851E-01,2.673205E-03,-3.105507E-01,2.511339E-02,-1.894250E-01,2.647209E-03,-3.106118E-01,-4.036722E-02,0.000000E+00,0.000000E+00,-2.177651E-01
8.900000E-01,-1.829010E-01,2.700798E-03,-3.159575E-01,2.759233E-02,-1.897407E-01,2.635236E-03,-3.156901E-01,-1.197285E-02,0.000000E+00,0.000000E+00,-5.491946E-01
8.910000E-01,-1.832203E-01,2.716819E-03,-3.192615E-01,1.602144E-02,-1.900598E-01,2.636189E-03,-3.190996E-01,9.529785E-04,0.000000E+00,0.000000E+00,-6.754244E-01
8.920000E-01,-1.835412E-01,2.723346E-03,-3.209427E-01,6.526479E-03,-1.903807E-01,2.643960E-03,-3.209581E-01,7.771693E-03,0.000000E+00,0.000000E+00,-6.649929E-01
8.930000E-01,-1.838626E-01,2.719284E-03,-3.213989E-01,-4.061167E-03,-1.907023E-01,2.652325E-03,-3.215348E-01,8.364898E-03,0.000000E+00,0.000000E+00,-5.608986E-01
8.940000E-01,-1.841836E-01,2.703893E-03,-3.210258E-01,-1.539103E-02,-1.910235E-01,2.663554E-03,-3.212385E-01,1.122862E-02,0.000000E+00,0.000000E+00,-3.379094E-01
8.950000E-01,-1.845042E-01,2.675318E-03,-3.205069E-01,-2.857595E-02,-1.913441E-01,2.676495E-03,-3.206302E-01,1.294069E-02,0.000000E+00,0.000000E+00,9.860401E-03
8.960000E-01,-1.848232E-01,2.649704E-03,-3.189962E-01,-2.561327E-02,-1.916631E-01,2.677771E-03,-3.189424E-01,1.276760E-03,0.000000E+00,0.000000E+00,2.351075E-01
8.970000E-01,-1.851422E-01,2.646440E-03,-3.190300E-01,-3.264269E-03,-1.919821E-01,2.674926E-03,-3.190296E-01,-2.844927E-03,0.000000E+00,0.000000E+00,2.386201E-01
8.980000E-01,-1.854628E-01,2.662081E-03,-3.206498E-01,1.564077E-02,-1.923028E-01,2.673304E-03,-3.207004E-01,-1.622089E-03,0.000000E+00,0.000000E+00,9.401582E-02
8.990000E-01,-1.857858E-01,2.685522E-03,-3.229379E-01,2.344080E-02,-1.926258E-01,2.670689E-03,-3.229315E-01,-2.615668E-03,0.000000E+00,0.000000E+00,-1.242483E-01
9.000000E-01,-1.861084E-01,2.705772E-03,-3.226509E-01,2.024999E-02,-1.929483E-01,2.674016E-03,-3.225935E-01,3.326795E-03,0.000000E+00,0.000000E+00,-2.660076E-01
9.010000E-01,-1.864305E-01,2.716669E-03,-3.220827E-01,1.089707E-02,-1.932704E-01,2.676485E-03,-3.220385E-01,2.469196E-03,0.000000E+00,0.000000E+00,-3.366053E-01
9.020000E-01,-1.867525E-01,2.721782E-03,-3.220254E-01,5.113672E-03,-1.935923E-01,2.671009E-03,-3.219550E-01,-5.476061E-03,0.000000E+00,0.000000E+00,-4.253129E-01
9.030000E-01,-1.870764E-01,2.718529E-03,-3.238881E-01,-3.253344E-03,-1.939163E-01,2.672738E-03,-3.239232E-01,1.729519E-03,0.000000E+00,0.000000E+00,-3.835726E-01
9.040000E-01,-1.874030E-01,2.708251E-03,-3.265949E-01,-1.027806E-02,-1.942429E-01,2.678834E-03,-3.266844E-01,6.096326E-03,0.000000E+00,0.000000E+00,-2.464092E-01
9.050000E-01,-1.877297E-01,2.690657E-03,-3.266578E-01,-1.759375E-02,-1.945696E-01,2.670592E-03,-3.266914E-01,-8.242011E-03,0.000000E+00,0.000000E+00,-1.680732E-01
9.060000E-01,-1.880622E-01,2.673845E-03,-3.325043E-01,-1.681172E-02,-1.949022E-01,2.677621E-03,-3.325294E-01,7.028996E-03,0.000000E+00,0.000000E+00,3.163065E-02
9.070000E-01,-1.883979E-01,2.665617E-03,-3.357241E-01,-8.228062E-03,-1.952379E-01,2.680174E-03,-3.357077E-01,2.552620E-03,0.000000E+00,0.000000E+00,1.219360E-01
9.080000E-01,-1.887330E-01,2.670486E-03,-3.350752E-01,4.868409E-03,-1.955730E-01,2.673965E-03,-3.350884E-01,-6.209101E-03,0.000000E+00,0.000000E+00,2.914426E-02
9.090000E-01,-1.890636E-01,2.679315E-03,-3.305769E-01,8.828817E-03,-1.959035E-01,2.673163E-03,-3.305721E-01,-8.024748E-04,0.000000E+00,0.000000E+00,-5.153310E-02
9.100000E-01,-1.893901E-01,2.680863E-03,-3.265048E-01,1.548375E-03,-1.962300E-01,2.679040E-03,-3.265031E-01,5.877161E-03,0.000000E+00,0.000000E+00,-1.527265E-02
9.110000E-01,-1.897154E-01,2.676368E-03,-3.253836E-01,-4.494442E-03,-1.965554E-01,2.679366E-03,-3.253807E-01,3.260047E-04,0.000000E+00,0.000000E+00,2.510628E-02
9.120000E-01,-1.900380E-01,2.676704E-03,-3.225351E-01,3.351504E-04,-1.968780E-01,2.674333E-03,-3.225376E-01,-5.032692E-03,0.000000E+00,0.000000E+00,-1.985796E-02
9.130000E-01,-1.903602E-01,2.671852E-03,-3.222603E-01,-4.851787E-03,-1.972002E-01,2.668736E-03,-3.222634E-01,-5.597150E-03,0.000000E+00,0.000000E+00,-2.610155E-02
9.140000E-01,-1.906883E-01,2.673833E-03,-3.280175E-01,1.981432E-03,-1.975282E-01,2.673054E-03,-3.280231E-01,4.318198E-03,0.000000E+00,0.000000E+00,-6.527420E-03
9.150000E-01,-1.910213E-01,2.683397E-03,-3.330604E-01,9.564187E-03,-1.978613E-01,2.684510E-03,-3.330607E-01,1.145588E-02,0.000000E+00,0.000000E+00,9.318476E-03
9.160000E-01,-1.913543E-01,2.688964E-03,-3.329707E-01,5.566737E-03,-1.981943E-01,2.679896E-03,-3.329649E-01,-4.613789E-03,0.000000E+00,0.000000E+00,-7.595956E-02
9.170000E-01,-1.916877E-01,2.679719E-03,-3.334466E-01,-9.245692E-03,-1.985277E-01,2.665084E-03,-3.334354E-01,-1.481235E-02,0.000000E+00,0.000000E+00,-1.225892E-01
9.180000E-01,-1.920167E-01,2.666108E-03,-3.289625E-01,-1.361019E-02,-1.988567E-01,2.662888E-03,-3.289747E-01,-2.195473E-03,0.000000E+00,0.000000E+00,-2.697276E-02
9.190000E-01,-1.923358E-01,2.667743E-03,-3.190662E-01,1.635085E-03,-1.991757E-01,2.675894E-03,-3.190617E-01,1.300557E-02,0.000000E+00,0.000000E+00,6.827315E-02
9.200000E-01,-1.926479E-01,2.680895E-03,-3.121767E-01,1.315127E-02,-1.994879E-01,2.691387E-03,-3.121786E-01,1.549320E-02,0.000000E+00,0.000000E+00,8.789050E-02
9.210000E-01,-1.929596E-01,2.686129E-03,-3.116569E-01,5.234325E-03,-1.997996E-01,2.697397E-03,-3.116587E-01,6.010323E-03,0.000000E+00,0.000000E+00,9.439067E-02
9.220000E-01,-1.932712E-01,2.683729E-03,-3.115607E-01,-2.400153E-03,-2.001111E-01,2.686801E-03,-3.115696E-01,-1.059613E-02,0.000000E+00,0.000000E+00,2.573640E-02
9.230000E-01,-1.935828E-01,2.670798E-03,-3.116260E-01,-1.293044E-02,-2.004228E-01,2.662933E-03,-3.116220E-01,-2.386834E-02,0.000000E+00,0.000000E+00,-6.588580E-02
9.240000E-01,-1.938964E-01,2.662853E-03,-3.136287E-01,-7.945909E-03,-2.007364E-01,2.657105E-03,-3.136315E-01,-5.828212E-03,0.000000E+00,0.000000E+00,-4.814673E-02
9.250000E-01,-1.942133E-01,2.662270E-03,-3.168581E-01,-5.828588E-04,-2.010533E-01,2.667117E-03,-3.168587E-01,1.001242E-02,0.000000E+00,0.000000E+00,4.060548E-02
9.260000E-01,-1.945324E-01,2.671585E-03,-3.191214E-01,9.315471E-03,-2.013724E-01,2.678094E-03,-3.191194E-01,1.097714E-02,0.000000E+00,0.000000E+00,5.452457E-02
9.270000E-01,-1.948527E-01,2.679230E-03,-3.203414E-01,7.644609E-03,-2.016927E-01,2.680478E-03,-3.203445E-01,2.383977E-03,0.000000E+00,0.000000E+00,1.045845E-02
9.280000E-01,-1.951732E-01,2.679376E-03,-3.204358E-01,1.457803E-04,-2.020132E-01,2.667829E-03,-3.204270E-01,-1.264912E-02,0.000000E+00,0.000000E+00,-9.671907E-02
9.290000E-01,-1.954978E-01,2.677230E-03,-3.246102E-01,-2.145368E-03,-2.023378E-01,2.668349E-03,-3.246143E-01,5.201471E-04,0.000000E+00,0.000000E+00,-7.439115E-02
9.300000E-01,-1.958287E-01,2.678317E-03,-3.309652E-01,1.086809E-03,-2.026687E-01,2.681786E-03,-3.309681E-01,1.343719E-02,0.000000E+00,0.000000E+00,2.906276E-02
9.310000E-01,-1.961624E-01,2.678180E-03,-3.337092E-01,-1.366161E-04,-2.030024E-01,2.681954E-03,-3.337111E-01,1.678137E-04,0.000000E+00,0.000000E+00,3.161283E-02
9.320000E-01,-1.964989E-01,2.686058E-03,-3.364187E-01,7.878100E-03,-2.033389E-01,2.672607E-03,-3.364072E-01,-9.347215E-03,0.000000E+00,0.000000E+00,-1.126764E-01
9.330000E-01,-1.968404E-01,2.701123E-03,-3.414872E-01,1.506449E-02,-2.036803E-01,2.673467E-03,-3.414431E-01,8.603441E-04,0.000000E+00,0.000000E+00,-2.316591E-01
9.340000E-01,-1.971817E-01,2.704415E-03,-3.413058E-01,3.292266E-03,-2.040216E-01,2.674427E-03,-3.412941E-01,9.597093E-04,0.000000E+00,0.000000E+00,-2.511982E-01
9.350000E-01,-1.975209E-01,2.691101E-03,-3.392891E-01,-1.331415E-02,-2.043609E-01,2.678361E-03,-3.393360E-01,3.934014E-03,0.000000E+00,0.000000E+00,-1.067170E-01
9.360000E-01,-1.978568E-01,2.667437E-03,-3.358646E-01,-2.366373E-02,-2.046968E-01,2.687397E-03,-3.358323E-01,9.035707E-03,0.000000E+00,0.000000E+00,1.671934E-01
9.370000E-01,-1.981876E-01,2.660913E-03,-3.307812E-01,-6.524713E-03,-2.050275E-01,2.688128E-03,-3.307388E-01,7.314956E-04,0.000000E+00,0.000000E+00,2.279768E-01
9.380000E-01,-1.985172E-01,2.661452E-03,-3.295997E-01,5.395194E-04,-2.053571E-01,2.677252E-03,-3.296200E-01,-1.087632E-02,0.000000E+00,0.000000E+00,1.323503E-01
9.390000E-01,-1.988499E-01,2.675741E-03,-3.327352E-01,1.428865E-02,-2.056898E-01,2.670692E-03,-3.327312E-01,-6.560319E-03,0.000000E+00,0.000000E+00,-4.229444E-02
9.400000E-01,-1.991861E-01,2.680396E-03,-3.362031E-01,4.654879E-03,-2.060260E-01,2.677122E-03,-3.361816E-01,6.430518E-03,0.000000E+00,0.000000E+00,-2.742058E-02
9.410000E-01,-1.995241E-01,2.674107E-03,-3.380060E-01,-6.288712E-03,-2.063640E-01,2.674372E-03,-3.380050E-01,-2.749896E-03,0.000000E+00,0.000000E+00,2.223024E-03
9.420000E-01,-1.998628E-01,2.674918E-03,-3.386472E-01,8.105796E-04,-2.067027E-01,2.678205E-03,-3.386461E-01,3.832760E-03,0.000000E+00,0.000000E+00,2.753893E-02
9.430000E-01,-2.001980E-01,2.680389E-03,-3.352393E-01,5.471866E-03,-2.070379E-01,2.671757E-03,-3.352440E-01,-6.448283E-03,0.000000E+00,0.000000E+00,-7.231254E-02
9.440000E-01,-2.005301E-01,2.678458E-03,-3.321164E-01,-1.931848E-03,-2.073700E-01,2.669691E-03,-3.321145E-01,-2.065483E-03,0.000000E+00,0.000000E+00,-7.343198E-02
9.450000E-01,-2.008583E-01,2.670832E-03,-3.281765E-01,-7.625897E-03,-2.076982E-01,2.678180E-03,-3.281860E-01,8.489108E-03,0.000000E+00,0.000000E+00,6.155845E-02
9.460000E-01,-2.011826E-01,2.675555E-03,-3.242472E-01,4.723731E-03,-2.080225E-01,2.679149E-03,-3.242605E-01,9.689314E-04,0.000000E+00,0.000000E+00,3.010562E-02
9.470000E-01,-2.015056E-01,2.677241E-03,-3.230311E-01,1.685589E-03,-2.083455E-01,2.670660E-03,-3.230363E-01,-8.488978E-03,0.000000E+00,0.000000E+00,-5.512334E-02
9.480000E-01,-2.018268E-01,2.674430E-03,-3.212168E-01,-2.811414E-03,-2.086667E-01,2.670236E-03,-3.212254E-01,-4.243170E-04,0.000000E+00,0.000000E+00,-3.512739E-02
9.490000E-01,-2.021477E-01,2.677208E-03,-3.208666E-01,2.778228E-03,-2.089876E-01,2.675650E-03,-3.208717E-01,5.413704E-03,0.000000E+00,0.000000E+00,-1.305091E-02
9.500000E-01,-2.024688E-01,2.672379E-03,-3.210857E-01,-4.828891E-03,-2.093087E-01,2.673578E-03,-3.210882E-01,-2.071365E-03,0.000000E+00,0.000000E+00,1.004791E-02
9.510000E-01,-2.027906E-01,2.674619E-03,-3.218549E-01,2.240509E-03,-2.096306E-01,2.673353E-03,-3.218564E-01,-2.256558E-04,0.000000E+00,0.000000E+00,-1.061028E-02
9.520000E-01,-2.031136E-01,2.678844E-03,-3.229840E-01,4.224683E-03,-2.099535E-01,2.678125E-03,-3.229840E-01,4.771921E-03,0.000000E+00,0.000000E+00,-6.026263E-03
9.530000E-01,-2.034370E-01,2.674743E-03,-3.234306E-01,-4.100624E-03,-2.102770E-01,2.669810E-03,-3.234348E-01,-8.314512E-03,0.000000E+00,0.000000E+00,-4.132447E-02
9.540000E-01,-2.037642E-01,2.680438E-03,-3.271804E-01,5.694074E-03,-2.106042E-01,2.670171E-03,-3.271743E-01,3.608628E-04,0.000000E+00,0.000000E+00,-8.599888E-02
9.550000E-01,-2.040963E-01,2.681242E-03,-3.320468E-01,8.047891E-04,-2.109362E-01,2.682004E-03,-3.320513E-01,1.183299E-02,0.000000E+00,0.000000E+00,6.380367E-03
9.560000E-01,-2.044295E-01,2.677975E-03,-3.331899E-01,-3.267767E-03,-2.112694E-01,2.680583E-03,-3.331925E-01,-1.421224E-03,0.000000E+00,0.000000E+00,2.184819E-02
9.570000E-01,-2.047648E-01,2.672564E-03,-3.353344E-01,-5.410141E-03,-2.116047E-01,2.669444E-03,-3.353411E-01,-1.113868E-02,0.000000E+00,0.000000E+00,-2.613766E-02
9.580000E-01,-2.051070E-01,2.673714E-03,-3.421825E-01,1.149643E-03,-2.119469E-01,2.677623E-03,-3.421721E-01,8.179246E-03,0.000000E+00,0.000000E+00,3.274677E-02
9.590000E-01,-2.054485E-01,2.671548E-03,-3.415794E-01,-2.166109E-03,-2.122885E-01,2.676726E-03,-3.415545E-01,-8.977914E-04,0.000000E+00,0.000000E+00,4.337116E-02
9.600000E-01,-2.057840E-01,2.679970E-03,-3.354918E-01,8.421980E-03,-2.126239E-01,2.667828E-03,-3.354442E-01,-8.897527E-03,0.000000E+00,0.000000E+00,-1.017093E-01
9.610000E-01,-2.061139E-01,2.685704E-03,-3.298608E-01,5.734211E-03,-2.129538E-01,2.674956E-03,-3.298414E-01,7.128210E-03,0.000000E+00,0.000000E+00,-9.003242E-02
9.620000E-01,-2.064409E-01,2.678004E-03,-3.269554E-01,-7.700080E-03,-2.132807E-01,2.690771E-03,-3.269355E-01,1.581447E-02,0.000000E+00,0.000000E+00,1.069433E-01
9.630000E-01,-2.067670E-01,2.665800E-03,-3.261735E-01,-1.220393E-02,-2.136068E-01,2.690104E-03,-3.261211E-01,-6.671461E-04,0.000000E+00,0.000000E+00,2.035853E-01
9.640000E-01,-2.070955E-01,2.670058E-03,-3.284661E-01,4.257752E-03,-2.139353E-01,2.674468E-03,-3.284969E-01,-1.563515E-02,0.000000E+00,0.000000E+00,3.694621E-02
9.650000E-01,-2.074283E-01,2.687259E-03,-3.328087E-01,1.720078E-02,-2.142681E-01,2.664430E-03,-3.327521E-01,-1.003856E-02,0.000000E+00,0.000000E+00,-1.912334E-01
9.660000E-01,-2.077626E-01,2.692038E-03,-3.342918E-01,4.779333E-03,-2.146023E-01,2.663333E-03,-3.342665E-01,-1.097056E-03,0.000000E+00,0.000000E+00,-2.404593E-01
9.670000E-01,-2.080965E-01,2.688871E-03,-3.339194E-01,-3.167221E-03,-2.149363E-01,2.665858E-03,-3.339449E-01,2.525269E-03,0.000000E+00,0.000000E+00,-1.927738E-01
9.680000E-01,-2.084282E-01,2.676703E-03,-3.317230E-01,-1.216806E-02,-2.152680E-01,2.675795E-03,-3.317701E-01,9.936683E-03,0.000000E+00,0.000000E+00,-7.605832E-03
9.690000E-01,-2.087573E-01,2.661491E-03,-3.290587E-01,-1.521187E-02,-2.155971E-01,2.678386E-03,-3.290356E-01,2.590981E-03,0.000000E+00,0.000000E+00,1.415256E-01
9.700000E-01,-2.090788E-01,2.669296E-03,-3.214750E-01,7.805281E-03,-2.159186E-01,2.670492E-03,-3.214906E-01,-7.893727E-03,0.000000E+00,0.000000E+00,1.001769E-02
9.710000E-01,-2.093954E-01,2.682716E-03,-3.166243E-01,1.342035E-02,-2.162352E-01,2.671367E-03,-3.166318E-01,8.748871E-04,0.000000E+00,0.000000E+00,-9.507325E-02
9.720000E-01,-2.097117E-01,2.681223E-03,-3.162543E-01,-1.493215E-03,-2.165515E-01,2.674667E-03,-3.162713E-01,3.300508E-03,0.000000E+00,0.000000E+00,-5.491704E-02
9.730000E-01,-2.100277E-01,2.671712E-03,-3.160231E-01,-9.510793E-03,-2.168675E-01,2.670928E-03,-3.160243E-01,-3.739006E-03,0.000000E+00,0.000000E+00,-6.567965E-03
9.740000E-01,-2.103435E-01,2.672096E-03,-3.158567E-01,3.839608E-04,-2.171834E-01,2.672337E-03,-3.158543E-01,1.408731E-03,0.000000E+00,0.000000E+00,2.016322E-03
9.750000E-01,-2.106603E-01,2.680714E-03,-3.167563E-01,8.617846E-03,-2.175001E-01,2.674407E-03,-3.167502E-01,2.069395E-03,0.000000E+00,0.000000E+00,-5.283876E-02
9.760000E-01,-2.109776E-01,2.681953E-03,-3.172821E-01,1.238997E-03,-2.178174E-01,2.674838E-03,-3.172757E-01,4.309946E-04,0.000000E+00,0.000000E+00,-5.960729E-02
9.770000E-01,-2.112951E-01,2.670673E-03,-3.175116E-01,-1.128000E-02,-2.181349E-01,2.671346E-03,-3.175114E-01,-3.491604E-03,0.000000E+00,0.000000E+00,5.634586E-03
9.780000E-01,-2.116160E-01,2.671915E-03,-3.209438E-01,1.241902E-03,-2.184558E-01,2.672688E-03,-3.209362E-01,1.342287E-03,0.000000E+00,0.000000E+00,6.475506E-03
9.790000E-01,-2.119418E-01,2.681797E-03,-3.257303E-01,9.881597E-03,-2.187815E-01,2.680915E-03,-3.257093E-01,8.227097E-03,0.000000E+00,0.000000E+00,-7.383966E-03
9.800000E-01,-2.122685E-01,2.686102E-03,-3.267082E-01,4.305054E-03,-2.191082E-01,2.678629E-03,-3.266949E-01,-2.286345E-03,0.000000E+00,0.000000E+00,-6.259922E-02
9.810000E-01,-2.125975E-01,2.683938E-03,-3.290771E-01,-2.163730E-03,-2.194373E-01,2.669967E-03,-3.290748E-01,-8.661647E-03,0.000000E+00,0.000000E+00,-1.170313E-01
9.820000E-01,-2.129336E-01,2.685647E-03,-3.360454E-01,1.708739E-03,-2.197733E-01,2.678450E-03,-3.360222E-01,8.482959E-03,0.000000E+00,0.000000E+00,-6.028489E-02
9.830000E-01,-2.132714E-01,2.676670E-03,-3.378439E-01,-8.977190E-03,-2.201112E-01,2.680460E-03,-3.378280E-01,2.009518E-03,0.000000E+00,0.000000E+00,3.174967E-02
9.840000E-01,-2.136077E-01,2.669337E-03,-3.362740E-01,-7.332438E-03,-2.204474E-01,2.671384E-03,-3.362676E-01,-9.075971E-03,0.000000E+00,0.000000E+00,1.714426E-02
9.850000E-01,-2.139354E-01,2.684080E-03,-3.277172E-01,1.474302E-02,-2.207751E-01,2.669945E-03,-3.277065E-01,-1.439272E-03,0.000000E+00,0.000000E+00,-1.184136E-01
9.860000E-01,-2.142589E-01,2.683765E-03,-3.234715E-01,-3.155854E-04,-2.210986E-01,2.678683E-03,-3.234569E-01,8.738167E-03,0.000000E+00,0.000000E+00,-4.257114E-02
9.870000E-01,-2.145824E-01,2.666873E-03,-3.235274E-01,-1.689187E-02,-2.214221E-01,2.683037E-03,-3.234695E-01,4.353880E-03,0.000000E+00,0.000000E+00,1.354044E-01
9.880000E-01,-2.149040E-01,2.656614E-03,-3.215476E-01,-1.025874E-02,-2.217435E-01,2.683569E-03,-3.214947E-01,5.319657E-04,0.000000E+00,0.000000E+00,2.257992E-01
9.890000E-01,-2.152295E-01,2.666669E-03,-3.254896E-01,1.005539E-02,-2.220691E-01,2.669914E-03,-3.255150E-01,-1.365430E-02,0.000000E+00,0.000000E+00,2.718211E-02
9.900000E-01,-2.155632E-01,2.696340E-03,-3.337143E-01,2.967067E-02,-2.224026E-01,2.668800E-03,-3.335705E-01,-1.114147E-03,0.000000E+00,0.000000E+00,-2.307077E-01
9.910000E-01,-2.158998E-01,2.712641E-03,-3.366502E-01,1.630127E-02,-2.227392E-01,2.675507E-03,-3.365239E-01,6.706608E-03,0.000000E+00,0.000000E+00,-3.110884E-01
9.920000E-01,-2.162359E-01,2.714890E-03,-3.360924E-01,2.248889E-03,-2.230751E-01,2.670725E-03,-3.359817E-01,-4.781892E-03,0.000000E+00,0.000000E+00,-3.699919E-01
9.930000E-01,-2.165709E-01,2.707283E-03,-3.349413E-01,-7.606768E-03,-2.234100E-01,2.668379E-03,-3.348944E-01,-2.345605E-03,0.000000E+00,0.000000E+00,-3.259202E-01
9.940000E-01,-2.169033E-01,2.687092E-03,-3.324865E-01,-2.019106E-02,-2.237425E-01,2.675043E-03,-3.324958E-01,6.663543E-03,0.000000E+00,0.000000E+00,-1.009468E-01
9.950000E-01,-2.172326E-01,2.663794E-03,-3.293060E-01,-2.329881E-02,-2.240717E-01,2.679179E-03,-3.291892E-01,4.135952E-03,0.000000E+00,0.000000E+00,1.288917E-01
9.960000E-01,-2.175562E-01,2.662457E-03,-3.235294E-01,-1.336443E-03,-2.243952E-01,2.672282E-03,-3.234539E-01,-6.896859E-03,0.000000E+00,0.000000E+00,8.230922E-02
9.970000E-01,-2.178771E-01,2.667578E-03,-3.209717E-01,5.120743E-03,-2.247161E-01,2.668131E-03,-3.209386E-01,-4.150928E-03,0.000000E+00,0.000000E+00,4.633033E-03
9.980000E-01,-2.181987E-01,2.678526E-03,-3.215656E-01,1.094808E-02,-2.250376E-01,2.667779E-03,-3.215220E-01,-3.524174E-04,0.000000E+00,0.000000E+00,-9.004134E-02
9.990000E-01,-2.185210E-01,2.681758E-03,-3.222884E-01,3.231518E-03,-2.253599E-01,2.670466E-03,-3.222524E-01,2.687290E-03,0.000000E+00,0.000000E+00,-9.460131E-02
1.000000E+00,-2.188440E-01,2.677996E-03,-3.230290E-01,-3.761889E-03,-2.256829E-01,2.675432E-03,-3.229996E-01,4.966250E-03,0.000000E+00,0.000000E+00,-2.147762E-02
1.001000E+00,-2.191672E-01,2.668639E-03,-3.231419E-01,-9.356127E-03,-2.260060E-01,2.669558E-03,-3.231136E-01,-5.874397E-03,0.000000E+00,0.000000E+00,7.692282E-03
1.002000E+00,-2.194921E-01,2.664664E-03,-3.249053E-01,-3.975656E-03,-2.263309E-01,2.667087E-03,-3.248959E-01,-2.470271E-03,0.000000E+00,0.000000E+00,2.030445E-02
1.003000E+00,-2.198201E-01,2.666796E-03,-3.279761E-01,2.132035E-03,-2.266589E-01,2.675333E-03,-3.279633E-01,8.245260E-03,0.000000E+00,0.000000E+00,7.152132E-02
1.004000E+00,-2.201513E-01,2.679736E-03,-3.312822E-01,1.293989E-02,-2.269901E-01,2.683487E-03,-3.312475E-01,8.154852E-03,0.000000E+00,0.000000E+00,3.143226E-02
1.005000E+00,-2.204833E-01,2.683514E-03,-3.319382E-01,3.778467E-03,-2.273221E-01,2.676564E-03,-3.319611E-01,-6.923843E-03,0.000000E+00,0.000000E+00,-5.823239E-02
1.006000E+00,-2.208169E-01,2.687521E-03,-3.336019E-01,4.006475E-03,-2.276556E-01,2.661505E-03,-3.335487E-01,-1.505849E-02,0.000000E+00,0.000000E+00,-2.179605E-01
1.007000E+00,-2.211561E-01,2.686520E-03,-3.392242E-01,-1.000872E-03,-2.279948E-01,2.666978E-03,-3.392171E-01,5.472736E-03,0.000000E+00,0.000000E+00,-1.637246E-01
1.008000E+00,-2.214973E-01,2.679059E-03,-3.412205E-01,-7.461223E-03,-2.283361E-01,2.678156E-03,-3.412237E-01,1.117854E-02,0.000000E+00,0.000000E+00,-7.558622E-03
1.009000E+00,-2.218368E-01,2.674275E-03,-3.394584E-01,-4.783248E-03,-2.286755E-01,2.676843E-03,-3.394403E-01,-1.312993E-03,0.000000E+00,0.000000E+00,2.151568E-02
1.010000E+00,-2.221687E-01,2.679243E-03,-3.319554E-01,4.967516E-03,-2.290074E-01,2.671575E-03,-3.319235E-01,-5.268839E-03,0.000000E+00,0.000000E+00,-6.424630E-02
1.011000E+00,-2.224939E-01,2.681914E-03,-3.251997E-01,2.670911E-03,-2.293327E-01,2.682507E-03,-3.252455E-01,1.093256E-02,0.000000E+00,0.000000E+00,4.971292E-03
1.012000E+00,-2.228153E-01,2.683006E-03,-3.213932E-01,1.092678E-03,-2.296541E-01,2.690418E-03,-3.214483E-01,7.910460E-03,0.000000E+00,0.000000E+00,6.209105E-02
1.013000E+00,-2.231361E-01,2.673926E-03,-3.208145E-01,-9.080842E-03,-2.299749E-01,2.682181E-03,-3.208098E-01,-8.236544E-03,0.000000E+00,0.000000E+00,6.916467E-02
1.014000E+00,-2.234581E-01,2.674138E-03,-3.219358E-01,2.120986E-04,-2.302968E-01,2.669823E-03,-3.219191E-01,-1.235798E-02,0.000000E+00,0.000000E+00,-3.614836E-02
1.015000E+00,-2.237842E-01,2.686032E-03,-3.261512E-01,1.189457E-02,-2.306229E-01,2.666057E-03,-3.260984E-01,-3.765669E-03,0.000000E+00,0.000000E+00,-1.673521E-01
1.016000E+00,-2.241113E-01,2.687468E-03,-3.270489E-01,1.435323E-03,-2.309500E-01,2.667747E-03,-3.270267E-01,1.690026E-03,0.000000E+00,0.000000E+00,-1.652187E-01
1.017000E+00,-2.244378E-01,2.682183E-03,-3.265542E-01,-5.284829E-03,-2.312765E-01,2.673320E-03,-3.265419E-01,5.572645E-03,0.000000E+00,0.000000E+00,-7.425334E-02
1.018000E+00,-2.247625E-01,2.673090E-03,-3.246745E-01,-9.093189E-03,-2.316011E-01,2.673542E-03,-3.245861E-01,2.221472E-04,0.000000E+00,0.000000E+00,3.792409E-03
1.019000E+00,-2.250807E-01,2.675101E-03,-3.181611E-01,2.011815E-03,-2.319192E-01,2.674888E-03,-3.180761E-01,1.345445E-03,0.000000E+00,0.000000E+00,-1.790668E-03
1.020000E+00,-2.253935E-01,2.685636E-03,-3.127908E-01,1.053421E-02,-2.322320E-01,2.678736E-03,-3.128143E-01,3.848794E-03,0.000000E+00,0.000000E+00,-5.780364E-02
1.021000E+00,-2.257060E-01,2.681037E-03,-3.125405E-01,-4.598525E-03,-2.325445E-01,2.673786E-03,-3.125094E-01,-4.950050E-03,0.000000E+00,0.000000E+00,-6.074913E-02
1.022000E+00,-2.260161E-01,2.671573E-03,-3.101468E-01,-9.464149E-03,-2.328546E-01,2.669989E-03,-3.101005E-01,-3.797157E-03,0.000000E+00,0.000000E+00,-1.326880E-02
1.023000E+00,-2.263252E-01,2.665936E-03,-3.090479E-01,-5.636876E-03,-2.331636E-01,2.672103E-03,-3.090216E-01,2.113665E-03,0.000000E+00,0.000000E+00,5.166912E-02
1.024000E+00,-2.266349E-01,2.672537E-03,-3.097514E-01,6.601074E-03,-2.334734E-01,2.674477E-03,-3.097518E-01,2.374496E-03,0.000000E+00,0.000000E+00,1.625671E-02
1.025000E+00,-2.269462E-01,2.681334E-03,-3.112099E-01,8.796898E-03,-2.337846E-01,2.674810E-03,-3.112069E-01,3.329608E-04,0.000000E+00,0.000000E+00,-5.465847E-02
1.026000E+00,-2.272575E-01,2.680915E-03,-3.112983E-01,-4.186840E-04,-2.340959E-01,2.674745E-03,-3.112978E-01,-6.497792E-05,0.000000E+00,0.000000E+00,-5.169495E-02
1.027000E+00,-2.275691E-01,2.671978E-03,-3.116323E-01,-8.937185E-03,-2.344075E-01,2.671087E-03,-3.116302E-01,-3.658623E-03,0.000000E+00,0.000000E+00,-7.468466E-03
1.028000E+00,-2.278845E-01,2.673588E-03,-3.154374E-01,1.609805E-03,-2.347229E-01,2.673269E-03,-3.154252E-01,2.182446E-03,0.000000E+00,0.000000E+00,-2.670585E-03
1.029000E+00,-2.282038E-01,2.679790E-03,-3.193218E-01,6.201848E-03,-2.350422E-01,2.678264E-03,-3.192988E-01,4.995224E-03,0.000000E+00,0.000000E+00,-1.278036E-02
1.030000E+00,-2.285232E-01,2.678430E-03,-3.193884E-01,-1.359872E-03,-2.353616E-01,2.667157E-03,-3.194019E-01,-1.110726E-02,0.000000E+00,0.000000E+00,-9.444911E-02
1.031000E+00,-2.288478E-01,2.678465E-03,-3.245511E-01,3.524489E-05,-2.356861E-01,2.670814E-03,-3.245076E-01,3.657192E-03,0.000000E+00,0.000000E+00,-6.410294E-02
1.032000E+00,-2.291776E-01,2.670908E-03,-3.298285E-01,-7.557477E-03,-2.360159E-01,2.682964E-03,-3.298049E-01,1.215005E-02,0.000000E+00,0.000000E+00,1.010187E-01
1.033000E+00,-2.295086E-01,2.670911E-03,-3.309860E-01,3.110698E-06,-2.363470E-01,2.676789E-03,-3.310313E-01,-6.174989E-03,0.000000E+00,0.000000E+00,4.925448E-02
1.034000E+00,-2.298390E-01,2.678157E-03,-3.303800E-01,7.246005E-03,-2.366774E-01,2.669087E-03,-3.304230E-01,-7.702118E-03,0.000000E+00,0.000000E+00,-7.598885E-02
1.035000E+00,-2.301656E-01,2.675042E-03,-3.266429E-01,-3.114975E-03,-2.370041E-01,2.671168E-03,-3.266667E-01,2.080271E-03,0.000000E+00,0.000000E+00,-3.246033E-02
1.036000E+00,-2.304845E-01,2.672771E-03,-3.188445E-01,-2.270976E-03,-2.373229E-01,2.681950E-03,-3.188149E-01,1.078244E-02,0.000000E+00,0.000000E+00,7.690780E-02
1.037000E+00,-2.307978E-01,2.679029E-03,-3.133590E-01,6.257808E-03,-2.376363E-01,2.692184E-03,-3.134244E-01,1.023432E-02,0.000000E+00,0.000000E+00,1.102240E-01
1.038000E+00,-2.311108E-01,2.676048E-03,-3.129662E-01,-2.980874E-03,-2.379493E-01,2.689187E-03,-3.130158E-01,-2.997623E-03,0.000000E+00,0.000000E+00,1.100828E-01
1.039000E+00,-2.314243E-01,2.672390E-03,-3.134691E-01,-3.657671E-03,-2.382628E-01,2.671186E-03,-3.135091E-01,-1.800029E-02,0.000000E+00,0.000000E+00,-1.008488E-02
1.040000E+00,-2.317411E-01,2.677865E-03,-3.168484E-01,5.474870E-03,-2.385797E-01,2.662348E-03,-3.168263E-01,-8.838110E-03,0.000000E+00,0.000000E+00,-1.300040E-01
1.041000E+00,-2.320621E-01,2.671278E-03,-3.209876E-01,-6.587115E-03,-2.389007E-01,2.666180E-03,-3.210430E-01,3.831960E-03,0.000000E+00,0.000000E+00,-4.270910E-02
1.042000E+00,-2.323864E-01,2.671632E-03,-3.242953E-01,3.544761E-04,-2.392250E-01,2.679021E-03,-3.243163E-01,1.284078E-02,0.000000E+00,0.000000E+00,6.190459E-02
1.043000E+00,-2.327095E-01,2.681292E-03,-3.230815E-01,9.659481E-03,-2.395481E-01,2.679710E-03,-3.230915E-01,6.885640E-04,0.000000E+00,0.000000E+00,-1.325610E-02
1.044000E+00,-2.330324E-01,2.680980E-03,-3.229629E-01,-3.117387E-04,-2.398711E-01,2.669535E-03,-3.229607E-01,-1.017436E-02,0.000000E+00,0.000000E+00,-9.588757E-02
1.045000E+00,-2.333534E-01,2.673389E-03,-3.209890E-01,-7.590680E-03,-2.401921E-01,2.670406E-03,-3.210135E-01,8.711590E-04,0.000000E+00,0.000000E+00,-2.499211E-02
1.046000E+00,-2.336695E-01,2.674533E-03,-3.160864E-01,1.143676E-03,-2.405082E-01,2.676482E-03,-3.160947E-01,6.075989E-03,0.000000E+00,0.000000E+00,1.633190E-02
1.047000E+00,-2.339844E-01,2.674461E-03,-3.148585E-01,-7.253550E-05,-2.408230E-01,2.676458E-03,-3.148662E-01,-2.424960E-05,0.000000E+00,0.000000E+00,1.673644E-02
1.048000E+00,-2.342987E-01,2.674755E-03,-3.143446E-01,2.942792E-04,-2.411374E-01,2.672732E-03,-3.143509E-01,-3.726220E-03,0.000000E+00,0.000000E+00,-1.694812E-02
1.049000E+00,-2.346115E-01,2.673868E-03,-3.128039E-01,-8.870986E-04,-2.414502E-01,2.672010E-03,-3.128148E-01,-7.215596E-04,0.000000E+00,0.000000E+00,-1.556118E-02
1.050000E+00,-2.349243E-01,2.675850E-03,-3.127730E-01,1.981906E-03,-2.417630E-01,2.672655E-03,-3.127767E-01,6.443518E-04,0.000000E+00,0.000000E+00,-2.676744E-02
1.051000E+00,-2.352375E-01,2.677614E-03,-3.132269E-01,1.763877E-03,-2.420762E-01,2.676711E-03,-3.132224E-01,4.055817E-03,0.000000E+00,0.000000E+00,-7.565157E-03
1.052000E+00,-2.355510E-01,2.669653E-03,-3.135018E-01,-7.960714E-03,-2.423897E-01,2.670546E-03,-3.135159E-01,-6.164953E-03,0.000000E+00,0.000000E+00,7.480052E-03
1.053000E+00,-2.358673E-01,2.673775E-03,-3.162500E-01,4.121920E-03,-2.427060E-01,2.668285E-03,-3.162421E-01,-2.260732E-03,0.000000E+00,0.000000E+00,-4.599493E-02
1.054000E+00,-2.361883E-01,2.680188E-03,-3.210572E-01,6.412841E-03,-2.430270E-01,2.678657E-03,-3.210466E-01,1.037206E-02,0.000000E+00,0.000000E+00,-1.282391E-02
1.055000E+00,-2.365105E-01,2.675271E-03,-3.221444E-01,-4.916340E-03,-2.433492E-01,2.683100E-03,-3.221635E-01,4.442547E-03,0.000000E+00,0.000000E+00,6.558643E-02
1.056000E+00,-2.368348E-01,2.683713E-03,-3.242836E-01,8.441429E-03,-2.436735E-01,2.668393E-03,-3.242913E-01,-1.470693E-02,0.000000E+00,0.000000E+00,-1.283540E-01
1.057000E+00,-2.371653E-01,2.684108E-03,-3.305635E-01,3.955437E-04,-2.440040E-01,2.670425E-03,-3.305726E-01,2.032017E-03,0.000000E+00,0.000000E+00,-1.146433E-01
1.058000E+00,-2.374998E-01,2.684690E-03,-3.345039E-01,5.822684E-04,-2.443385E-01,2.679571E-03,-3.344768E-01,9.146813E-03,0.000000E+00,0.000000E+00,-4.288858E-02
1.059000E+00,-2.378344E-01,2.679670E-03,-3.345752E-01,-5.020167E-03,-2.446730E-01,2.679236E-03,-3.345365E-01,-3.357689E-04,0.000000E+00,0.000000E+00,-3.641875E-03
1.060000E+00,-2.381644E-01,2.673858E-03,-3.300295E-01,-5.812554E-03,-2.450030E-01,2.669981E-03,-3.299151E-01,-9.254489E-03,0.000000E+00,0.000000E+00,-3.247973E-02
1.061000E+00,-2.384829E-01,2.680738E-03,-3.184410E-01,6.880220E-03,-2.453214E-01,2.681963E-03,-3.184182E-01,1.198233E-02,0.000000E+00,0.000000E+00,1.026768E-02
1.062000E+00,-2.388000E-01,2.673505E-03,-3.170888E-01,-7.233103E-03,-2.456384E-01,2.693684E-03,-3.170402E-01,1.172091E-02,0.000000E+00,0.000000E+00,1.690727E-01
1.063000E+00,-2.391138E-01,2.671113E-03,-3.138748E-01,-2.392075E-03,-2.459523E-01,2.700615E-03,-3.138728E-01,6.930674E-03,0.000000E+00,0.000000E+00,2.471819E-01
1.064000E+00,-2.394279E-01,2.674904E-03,-3.140170E-01,3.791130E-03,-2.462664E-01,2.690517E-03,-3.141080E-01,-1.009769E-02,0.000000E+00,0.000000E+00,1.308146E-01
1.065000E+00,-2.397420E-01,2.675681E-03,-3.141044E-01,7.770778E-04,-2.465806E-01,2.658066E-03,-3.142317E-01,-3.245102E-02,0.000000E+00,0.000000E+00,-1.475787E-01
1.066000E+00,-2.400611E-01,2.680330E-03,-3.191376E-01,4.648881E-03,-2.468998E-01,2.645374E-03,-3.191541E-01,-1.269203E-02,0.000000E+00,0.000000E+00,-2.928613E-01
1.067000E+00,-2.403813E-01,2.683714E-03,-3.201736E-01,3.384501E-03,-2.472200E-01,2.642811E-03,-3.202338E-01,-2.562855E-03,0.000000E+00,0.000000E+00,-3.426847E-01
1.068000E+00,-2.406996E-01,2.680204E-03,-3.182983E-01,-3.509931E-03,-2.475385E-01,2.649461E-03,-3.184683E-01,6.649963E-03,0.000000E+00,0.000000E+00,-2.575601E-01
1.069000E+00,-2.410122E-01,2.681254E-03,-3.126841E-01,1.049160E-03,-2.478514E-01,2.664356E-03,-3.129163E-01,1.489431E-02,0.000000E+00,0.000000E+00,-1.415635E-01
1.070000E+00,-2.413228E-01,2.668277E-03,-3.105773E-01,-1.297674E-02,-2.481621E-01,2.685422E-03,-3.107378E-01,2.106585E-02,0.000000E+00,0.000000E+00,1.436279E-01
1.071000E+00,-2.416311E-01,2.666601E-03,-3.082821E-01,-1.675470E-03,-2.484705E-01,2.693297E-03,-3.083573E-01,7.875259E-03,0.000000E+00,0.000000E+00,2.236349E-01
1.072000E+00,-2.419399E-01,2.667104E-03,-3.087971E-01,5.023318E-04,-2.487794E-01,2.689387E-03,-3.088540E-01,-3.910007E-03,0.000000E+00,0.000000E+00,1.866703E-01
1.073000E+00,-2.422504E-01,2.672613E-03,-3.104998E-01,5.509032E-03,-2.490899E-01,2.678470E-03,-3.105494E-01,-1.091702E-02,0.000000E+00,0.000000E+00,4.906553E-02
1.074000E+00,-2.425626E-01,2.680188E-03,-3.122279E-01,7.574961E-03,-2.494021E-01,2.665729E-03,-3.122230E-01,-1.274081E-02,0.000000E+00,0.000000E+00,-1.211234E-01
1.075000E+00,-2.428754E-01,2.678815E-03,-3.127848E-01,-1.372471E-03,-2.497149E-01,2.660814E-03,-3.127841E-01,-4.914836E-03,0.000000E+00,0.000000E+00,-1.507983E-01
1.076000E+00,-2.431895E-01,2.675472E-03,-3.140632E-01,-3.343361E-03,-2.500290E-01,2.660873E-03,-3.140731E-01,5.859881E-05,0.000000E+00,0.000000E+00,-1.222994E-01
1.077000E+00,-2.435056E-01,2.676890E-03,-3.161032E-01,1.418440E-03,-2.503451E-01,2.666622E-03,-3.160973E-01,5.749126E-03,0.000000E+00,0.000000E+00,-8.602064E-02
1.078000E+00,-2.438246E-01,2.672415E-03,-3.189734E-01,-4.475211E-03,-2.506641E-01,2.675866E-03,-3.189792E-01,9.243587E-03,0.000000E+00,0.000000E+00,2.890422E-02
1.079000E+00,-2.441456E-01,2.676707E-03,-3.210449E-01,4.292108E-03,-2.509851E-01,2.680497E-03,-3.210605E-01,4.631080E-03,0.000000E+00,0.000000E+00,3.174378E-02
1.080000E+00,-2.444667E-01,2.681484E-03,-3.210739E-01,4.776414E-03,-2.513062E-01,2.668966E-03,-3.210815E-01,-1.153024E-02,0.000000E+00,0.000000E+00,-1.048595E-01
1.081000E+00,-2.447925E-01,2.687069E-03,-3.258430E-01,5.585131E-03,-2.516320E-01,2.669651E-03,-3.258199E-01,6.848639E-04,0.000000E+00,0.000000E+00,-1.459101E-01
1.082000E+00,-2.451229E-01,2.683131E-03,-3.303357E-01,-3.937533E-03,-2.519624E-01,2.678098E-03,-3.303461E-01,8.446428E-03,0.000000E+00,0.000000E+00,-4.216764E-02
1.083000E+00,-2.454530E-01,2.674786E-03,-3.301581E-01,-8.345643E-03,-2.522925E-01,2.669944E-03,-3.301496E-01,-8.153891E-03,0.000000E+00,0.000000E+00,-4.056135E-02
1.084000E+00,-2.457816E-01,2.670628E-03,-3.285680E-01,-4.157856E-03,-2.526211E-01,2.668280E-03,-3.285381E-01,-1.663324E-03,0.000000E+00,0.000000E+00,-1.966431E-02
1.085000E+00,-2.461007E-01,2.683037E-03,-3.190737E-01,1.240924E-02,-2.529401E-01,2.677908E-03,-3.190457E-01,9.627671E-03,0.000000E+00,0.000000E+00,-4.296624E-02
1.086000E+00,-2.464165E-01,2.694771E-03,-3.158656E-01,1.173377E-02,-2.532559E-01,2.683384E-03,-3.158392E-01,5.476066E-03,0.000000E+00,0.000000E+00,-9.538884E-02
1.087000E+00,-2.467325E-01,2.690545E-03,-3.159464E-01,-4.225582E-03,-2.535719E-01,2.685080E-03,-3.159369E-01,1.695498E-03,0.000000E+00,0.000000E+00,-4.578643E-02
1.088000E+00,-2.470486E-01,2.667127E-03,-3.160857E-01,-2.341844E-02,-2.538879E-01,2.681277E-03,-3.160526E-01,-3.802499E-03,0.000000E+00,0.000000E+00,1.185424E-01
1.089000E+00,-2.473695E-01,2.667820E-03,-3.209009E-01,6.933929E-04,-2.542088E-01,2.670441E-03,-3.208919E-01,-1.083604E-02,0.000000E+00,0.000000E+00,2.195673E-02
1.090000E+00,-2.477009E-01,2.688599E-03,-3.314044E-01,2.077850E-02,-2.545401E-01,2.675731E-03,-3.312790E-01,5.289522E-03,0.000000E+00,0.000000E+00,-1.078016E-01
1.091000E+00,-2.480341E-01,2.693596E-03,-3.332308E-01,4.997770E-03,-2.548733E-01,2.676217E-03,-3.331650E-01,4.858957E-04,0.000000E+00,0.000000E+00,-1.456011E-01
1.092000E+00,-2.483666E-01,2.691258E-03,-3.325032E-01,-2.338701E-03,-2.552057E-01,2.669968E-03,-3.324510E-01,-6.249014E-03,0.000000E+00,0.000000E+00,-1.783611E-01
1.093000E+00,-2.486959E-01,2.688007E-03,-3.292874E-01,-3.251173E-03,-2.555350E-01,2.675506E-03,-3.293170E-01,5.538087E-03,0.000000E+00,0.000000E+00,-1.047278E-01
1.094000E+00,-2.490241E-01,2.670167E-03,-3.282381E-01,-1.783941E-02,-2.558633E-01,2.680080E-03,-3.282258E-01,4.574046E-03,0.000000E+00,0.000000E+00,8.304327E-02
1.095000E+00,-2.493456E-01,2.668249E-03,-3.214555E-01,-1.918616E-03,-2.561847E-01,2.672311E-03,-3.213945E-01,-7.768604E-03,0.000000E+00,0.000000E+00,3.403464E-02
1.096000E+00,-2.496608E-01,2.677711E-03,-3.152395E-01,9.462112E-03,-2.564998E-01,2.671604E-03,-3.151838E-01,-7.073643E-04,0.000000E+00,0.000000E+00,-5.116254E-02
1.097000E+00,-2.499747E-01,2.680001E-03,-3.139374E-01,2.289897E-03,-2.568137E-01,2.675791E-03,-3.139037E-01,4.187313E-03,0.000000E+00,0.000000E+00,-3.526662E-02
1.098000E+00,-2.502888E-01,2.671720E-03,-3.140558E-01,-8.280938E-03,-2.571278E-01,2.674632E-03,-3.140298E-01,-1.159166E-03,0.000000E+00,0.000000E+00,2.439829E-02
1.099000E+00,-2.506035E-01,2.668462E-03,-3.146870E-01,-3.257918E-03,-2.574424E-01,2.672668E-03,-3.146745E-01,-1.964136E-03,0.000000E+00,0.000000E+00,3.523745E-02
1.100000E+00,-2.509192E-01,2.675394E-03,-3.156904E-01,6.932146E-03,-2.577581E-01,2.672748E-03,-3.156833E-01,8.001906E-05,0.000000E+00,0.000000E+00,-2.216868E-02
1.101000E+00,-2.512360E-01,2.679338E-03,-3.168022E-01,3.944327E-03,-2.580749E-01,2.676465E-03,-3.167926E-01,3.717274E-03,0.000000E+00,0.000000E+00,-2.407093E-02
1.102000E+00,-2.515532E-01,2.676301E-03,-3.172158E-01,-3.037247E-03,-2.583921E-01,2.671848E-03,-3.172003E-01,-4.617164E-03,0.000000E+00,0.000000E+00,-3.730735E-02
1.103000E+00,-2.518733E-01,2.674217E-03,-3.201254E-01,-2.084021E-03,-2.587122E-01,2.670780E-03,-3.201236E-01,-1.068068E-03,0.000000E+00,0.000000E+00,-2.879582E-02
1.104000E+00,-2.521980E-01,2.677203E-03,-3.246389E-01,2.986218E-03,-2.590369E-01,2.678028E-03,-3.246586E-01,7.247811E-03,0.000000E+00,0.000000E+00,6.907332E-03
1.105000E+00,-2.525241E-01,2.681012E-03,-3.261610E-01,3.809294E-03,-2.593631E-01,2.677113E-03,-3.261772E-01,-9.147850E-04,0.000000E+00,0.000000E+00,-3.267031E-02
1.106000E+00,-2.528524E-01,2.680869E-03,-3.282377E-01,-1.429421E-04,-2.596913E-01,2.669759E-03,-3.282454E-01,-7.353751E-03,0.000000E+00,0.000000E+00,-9.308120E-02
1.107000E+00,-2.531882E-01,2.674884E-03,-3.358363E-01,-5.985369E-03,-2.600272E-01,2.680093E-03,-3.358762E-01,1.033400E-02,0.000000E+00,0.000000E+00,4.363954E-02
1.108000E+00,-2.535267E-01,2.677757E-03,-3.384759E-01,2.872790E-03,-2.603657E-01,2.682825E-03,-3.385079E-01,2.732446E-03,0.000000E+00,0.000000E+00,4.246357E-02
1.109000E+00,-2.538649E-01,2.675923E-03,-3.382735E-01,-1.833466E-03,-2.607040E-01,2.670299E-03,-3.383065E-01,-1.252610E-02,0.000000E+00,0.000000E+00,-4.711643E-02
1.110000E+00,-2.541976E-01,2.679347E-03,-3.326755E-01,3.424056E-03,-2.610367E-01,2.662988E-03,-3.326817E-01,-7.311772E-03,0.000000E+00,0.000000E+00,-1.370577E-01
1.111000E+00,-2.545228E-01,2.679506E-03,-3.251736E-01,1.588273E-04,-2.613619E-01,2.673576E-03,-3.252271E-01,1.058805E-02,0.000000E+00,0.000000E+00,-4.968469E-02
1.112000E+00,-2.548418E-01,2.672034E-03,-3.189854E-01,-7.472153E-03,-2.616809E-01,2.698249E-03,-3.189676E-01,2.467333E-02,0.000000E+00,0.000000E+00,2.196180E-01
1.113000E+00,-2.551578E-01,2.674383E-03,-3.160443E-01,2.349159E-03,-2.619969E-01,2.711699E-03,-3.160115E-01,1.344981E-02,0.000000E+00,0.000000E+00,3.126150E-01
1.114000E+00,-2.554745E-01,2.681480E-03,-3.166786E-01,7.096293E-03,-2.623136E-01,2.714197E-03,-3.167157E-01,2.498576E-03,0.000000E+00,0.000000E+00,2.740963E-01
1.115000E+00,-2.557910E-01,2.681364E-03,-3.164920E-01,-1.158150E-04,-2.626302E-01,2.703212E-03,-3.165583E-01,-1.098580E-02,0.000000E+00,0.000000E+00,1.830310E-01
1.116000E+00,-2.561072E-01,2.676474E-03,-3.162393E-01,-4.889837E-03,-2.629465E-01,2.677581E-03,-3.163004E-01,-2.563050E-02,0.000000E+00,0.000000E+00,9.275071E-03
1.117000E+00,-2.564245E-01,2.672931E-03,-3.173053E-01,-3.542435E-03,-2.632638E-01,2.651656E-03,-3.172901E-01,-2.592548E-02,0.000000E+00,0.000000E+00,-1.782387E-01
1.118000E+00,-2.567395E-01,2.675199E-03,-3.149457E-01,2.267365E-03,-2.635787E-01,2.644454E-03,-3.149143E-01,-7.201806E-03,0.000000E+00,0.000000E+00,-2.575669E-01
1.119000E+00,-2.570490E-01,2.678494E-03,-3.095346E-01,3.294868E-03,-2.638882E-01,2.647999E-03,-3.095406E-01,3.544746E-03,0.000000E+00,0.000000E+00,-2.554734E-01
1.120000E+00,-2.573538E-01,2.677737E-03,-3.047646E-01,-7.563643E-04,-2.641930E-01,2.657762E-03,-3.048099E-01,9.762997E-03,0.000000E+00,0.000000E+00,-1.673470E-01
1.121000E+00,-2.576540E-01,2.673686E-03,-3.002240E-01,-4.051748E-03,-2.644933E-01,2.673026E-03,-3.002447E-01,1.526432E-02,0.000000E+00,0.000000E+00,-5.527222E-03
1.122000E+00,-2.579499E-01,2.677302E-03,-2.959346E-01,3.616473E-03,-2.647892E-01,2.686805E-03,-2.959397E-01,1.377918E-02,0.000000E+00,0.000000E+00,7.961045E-02
1.123000E+00,-2.582460E-01,2.672691E-03,-2.960397E-01,-4.610918E-03,-2.650853E-01,2.688153E-03,-2.960373E-01,1.348288E-03,0.000000E+00,0.000000E+00,1.295333E-01
1.124000E+00,-2.585434E-01,2.676090E-03,-2.974246E-01,3.398357E-03,-2.653827E-01,2.676395E-03,-2.974356E-01,-1.175832E-02,0.000000E+00,0.000000E+00,2.559055E-03
1.125000E+00,-2.588413E-01,2.674403E-03,-2.978890E-01,-1.686816E-03,-2.656806E-01,2.659461E-03,-2.978629E-01,-1.693350E-02,0.000000E+00,0.000000E+00,-1.251696E-01
1.126000E+00,-2.591407E-01,2.674458E-03,-2.994093E-01,5.483545E-05,-2.659800E-01,2.656402E-03,-2.993987E-01,-3.059496E-03,0.000000E+00,0.000000E+00,-1.512600E-01
1.127000E+00,-2.594428E-01,2.676549E-03,-3.020814E-01,2.091265E-03,-2.662820E-01,2.663230E-03,-3.020900E-01,6.827735E-03,0.000000E+00,0.000000E+00,-1.115803E-01
1.128000E+00,-2.597482E-01,2.671157E-03,-3.054044E-01,-5.391883E-03,-2.665875E-01,2.676569E-03,-3.054174E-01,1.333946E-02,0.000000E+00,0.000000E+00,4.534108E-02
1.129000E+00,-2.600559E-01,2.671350E-03,-3.076596E-01,1.932432E-04,-2.668951E-01,2.679685E-03,-3.076449E-01,3.115549E-03,0.000000E+00,0.000000E+00,6.982274E-02
1.130000E+00,-2.603656E-01,2.680441E-03,-3.097374E-01,9.091126E-03,-2.672048E-01,2.670446E-03,-3.096856E-01,-9.238948E-03,0.000000E+00,0.000000E+00,-8.373779E-02
1.131000E+00,-2.606814E-01,2.683410E-03,-3.158379E-01,2.968986E-03,-2.675206E-01,2.679228E-03,-3.158037E-01,8.782296E-03,0.000000E+00,0.000000E+00,-3.503672E-02
1.132000E+00,-2.609991E-01,2.676780E-03,-3.176315E-01,-6.630164E-03,-2.678383E-01,2.679132E-03,-3.176806E-01,-9.630470E-05,0.000000E+00,0.000000E+00,1.970116E-02
1.133000E+00,-2.613187E-01,2.679153E-03,-3.196148E-01,2.373299E-03,-2.681579E-01,2.666129E-03,-3.196470E-01,-1.300286E-02,0.000000E+00,0.000000E+00,-1.091125E-01
1.134000E+00,-2.616408E-01,2.688737E-03,-3.221518E-01,9.583875E-03,-2.684800E-01,2.663404E-03,-3.221198E-01,-2.724627E-03,0.000000E+00,0.000000E+00,-2.122270E-01
1.135000E+00,-2.619594E-01,2.684826E-03,-3.185489E-01,-3.910853E-03,-2.687986E-01,2.674743E-03,-3.185838E-01,1.133847E-02,0.000000E+00,0.000000E+00,-8.447581E-02
1.136000E+00,-2.622753E-01,2.664093E-03,-3.159718E-01,-2.073296E-02,-2.691144E-01,2.674525E-03,-3.157843E-01,-2.175117E-04,0.000000E+00,0.000000E+00,8.739446E-02
1.137000E+00,-2.625815E-01,2.656160E-03,-3.061480E-01,-7.933410E-03,-2.694204E-01,2.693258E-03,-3.059572E-01,1.873280E-02,0.000000E+00,0.000000E+00,3.108022E-01
1.138000E+00,-2.628847E-01,2.653363E-03,-3.031803E-01,-2.796579E-03,-2.697233E-01,2.714786E-03,-3.029589E-01,2.152831E-02,0.000000E+00,0.000000E+00,5.146008E-01
1.139000E+00,-2.631882E-01,2.661143E-03,-3.035422E-01,7.779541E-03,-2.700268E-01,2.725354E-03,-3.034856E-01,1.056745E-02,0.000000E+00,0.000000E+00,5.379610E-01
1.140000E+00,-2.634945E-01,2.683172E-03,-3.062377E-01,2.202858E-02,-2.703332E-01,2.722168E-03,-3.063879E-01,-3.186237E-03,0.000000E+00,0.000000E+00,3.267089E-01
1.141000E+00,-2.638013E-01,2.704407E-03,-3.068684E-01,2.123509E-02,-2.706401E-01,2.705216E-03,-3.069290E-01,-1.695195E-02,0.000000E+00,0.000000E+00,6.777158E-03
1.142000E+00,-2.641086E-01,2.717215E-03,-3.072471E-01,1.280817E-02,-2.709472E-01,2.674880E-03,-3.070688E-01,-3.033541E-02,0.000000E+00,0.000000E+00,-3.546860E-01
1.143000E+00,-2.644153E-01,2.710399E-03,-3.067124E-01,-6.815882E-03,-2.712537E-01,2.647741E-03,-3.065013E-01,-2.713924E-02,0.000000E+00,0.000000E+00,-5.249664E-01
1.144000E+00,-2.647172E-01,2.693384E-03,-3.019645E-01,-1.701532E-02,-2.715557E-01,2.643464E-03,-3.020332E-01,-4.277151E-03,0.000000E+00,0.000000E+00,-4.182425E-01
1.145000E+00,-2.650139E-01,2.665740E-03,-2.966738E-01,-2.764356E-02,-2.718525E-01,2.651499E-03,-2.967911E-01,8.035493E-03,0.000000E+00,0.000000E+00,-1.193132E-01
1.146000E+00,-2.653029E-01,2.652154E-03,-2.889339E-01,-1.358603E-02,-2.721414E-01,2.669298E-03,-2.888864E-01,1.779892E-02,0.000000E+00,0.000000E+00,1.436394E-01
1.147000E+00,-2.655881E-01,2.650592E-03,-2.852614E-01,-1.561627E-03,-2.724266E-01,2.689937E-03,-2.851736E-01,2.063852E-02,0.000000E+00,0.000000E+00,3.296408E-01
1.148000E+00,-2.658744E-01,2.657994E-03,-2.862918E-01,7.401926E-03,-2.727129E-01,2.699774E-03,-2.862716E-01,9.837199E-03,0.000000E+00,0.000000E+00,3.500449E-01
1.149000E+00,-2.661624E-01,2.673002E-03,-2.880152E-01,1.500794E-02,-2.730009E-01,2.697682E-03,-2.880756E-01,-2.091672E-03,0.000000E+00,0.000000E+00,2.067779E-01
1.150000E+00,-2.664520E-01,2.690498E-03,-2.896203E-01,1.749540E-02,-2.732906E-01,2.681833E-03,-2.896267E-01,-1.584927E-02,0.000000E+00,0.000000E+00,-7.259619E-02
1.151000E+00,-2.667429E-01,2.693695E-03,-2.908785E-01,3.197571E-03,-2.735814E-01,2.662556E-03,-2.907964E-01,-1.927677E-02,0.000000E+00,0.000000E+00,-2.608964E-01
1.152000E+00,-2.670367E-01,2.687006E-03,-2.938144E-01,-6.688927E-03,-2.738752E-01,2.660169E-03,-2.938224E-01,-2.387487E-03,0.000000E+00,0.000000E+00,-2.248572E-01
1.153000E+00,-2.673342E-01,2.673510E-03,-2.974795E-01,-1.349657E-02,-2.741727E-01,2.669180E-03,-2.975034E-01,9.011312E-03,0.000000E+00,0.000000E+00,-3.627634E-02
1.154000E+00,-2.676357E-01,2.671167E-03,-3.014499E-01,-2.342594E-03,-2.744740E-01,2.680765E-03,-3.013363E-01,1.158499E-02,0.000000E+00,0.000000E+00,8.041658E-02
1.155000E+00,-2.679397E-01,2.672195E-03,-3.040378E-01,1.028179E-03,-2.747781E-01,2.682797E-03,-3.040372E-01,2.032182E-03,0.000000E+00,0.000000E+00,8.882871E-02
1.156000E+00,-2.682478E-01,2.683044E-03,-3.080707E-01,1.084873E-02,-2.750862E-01,2.677630E-03,-3.081387E-01,-5.167057E-03,0.000000E+00,0.000000E+00,-4.536058E-02
1.157000E+00,-2.685586E-01,2.700645E-03,-3.108003E-01,1.760048E-02,-2.753969E-01,2.665508E-03,-3.107139E-01,-1.212252E-02,0.000000E+00,0.000000E+00,-2.943962E-01
1.158000E+00,-2.688744E-01,2.713516E-03,-3.157956E-01,1.287192E-02,-2.757127E-01,2.668533E-03,-3.157435E-01,3.025056E-03,0.000000E+00,0.000000E+00,-3.768994E-01
1.159000E+00,-2.691891E-01,2.720827E-03,-3.147362E-01,7.310293E-03,-2.760275E-01,2.676791E-03,-3.148058E-01,8.258593E-03,0.000000E+00,0.000000E+00,-3.689504E-01
1.160000E+00,-2.695027E-01,2.715603E-03,-3.136085E-01,-5.224108E-03,-2.763412E-01,2.680407E-03,-3.137031E-01,3.615740E-03,0.000000E+00,0.000000E+00,-2.948833E-01
1.161000E+00,-2.698163E-01,2.697563E-03,-3.135677E-01,-1.803981E-02,-2.766548E-01,2.677801E-03,-3.136786E-01,-2.606183E-03,0.000000E+00,0.000000E+00,-1.655724E-01
1.162000E+00,-2.701291E-01,2.665103E-03,-3.127981E-01,-3.246031E-02,-2.769677E-01,2.675363E-03,-3.128908E-01,-2.438213E-03,0.000000E+00,0.000000E+00,8.596139E-02
1.163000E+00,-2.704415E-01,2.646696E-03,-3.124597E-01,-1.840701E-02,-2.772802E-01,2.671751E-03,-3.124713E-01,-3.611426E-03,0.000000E+00,0.000000E+00,2.099210E-01
1.164000E+00,-2.707638E-01,2.652050E-03,-3.222838E-01,5.354218E-03,-2.776025E-01,2.680580E-03,-3.222961E-01,8.829155E-03,0.000000E+00,0.000000E+00,2.390339E-01
1.165000E+00,-2.710944E-01,2.688748E-03,-3.305536E-01,3.669778E-02,-2.779331E-01,2.680304E-03,-3.306247E-01,-2.763792E-04,0.000000E+00,0.000000E+00,-7.074097E-02
1.166000E+00,-2.714278E-01,2.734195E-03,-3.334440E-01,4.544698E-02,-2.782663E-01,2.668952E-03,-3.331357E-01,-1.135240E-02,0.000000E+00,0.000000E+00,-5.466208E-01
1.167000E+00,-2.717618E-01,2.771398E-03,-3.339543E-01,3.720383E-02,-2.785997E-01,2.665603E-03,-3.334312E-01,-3.348951E-03,0.000000E+00,0.000000E+00,-8.864056E-01
1.168000E+00,-2.720906E-01,2.797274E-03,-3.288321E-01,2.587518E-02,-2.789282E-01,2.676327E-03,-3.285567E-01,1.072433E-02,0.000000E+00,0.000000E+00,-1.013363E+00
1.169000E+00,-2.724174E-01,2.804773E-03,-3.267642E-01,7.499698E-03,-2.792550E-01,2.687978E-03,-3.267357E-01,1.165103E-02,0.000000E+00,0.000000E+00,-9.785911E-01
1.170000E+00,-2.727441E-01,2.798612E-03,-3.266756E-01,-6.161024E-03,-2.795818E-01,2.694049E-03,-3.267770E-01,6.071315E-03,0.000000E+00,0.000000E+00,-8.761041E-01
1.171000E+00,-2.730707E-01,2.777483E-03,-3.265998E-01,-2.112917E-02,-2.799086E-01,2.695692E-03,-3.268211E-01,1.642715E-03,0.000000E+00,0.000000E+00,-6.853032E-01
1.172000E+00,-2.733972E-01,2.744197E-03,-3.265333E-01,-3.328643E-02,-2.802353E-01,2.689817E-03,-3.267252E-01,-5.875389E-03,0.000000E+00,0.000000E+00,-4.556333E-01
1.173000E+00,-2.737253E-01,2.706109E-03,-3.280933E-01,-3.808723E-02,-2.805635E-01,2.679570E-03,-3.281475E-01,-1.024715E-02,0.000000E+00,0.000000E+00,-2.223715E-01
1.174000E+00,-2.740592E-01,2.671962E-03,-3.338863E-01,-3.414737E-02,-2.808971E-01,2.681196E-03,-3.336886E-01,1.626600E-03,0.000000E+00,0.000000E+00,7.737285E-02
1.175000E+00,-2.743952E-01,2.659387E-03,-3.359919E-01,-1.257523E-02,-2.812328E-01,2.689535E-03,-3.356671E-01,8.339019E-03,0.000000E+00,0.000000E+00,2.526248E-01
1.176000E+00,-2.747281E-01,2.658966E-03,-3.329375E-01,-4.212115E-04,-2.815657E-01,2.675397E-03,-3.328637E-01,-1.413771E-02,0.000000E+00,0.000000E+00,1.376910E-01
1.177000E+00,-2.750615E-01,2.660275E-03,-3.334090E-01,1.309402E-03,-2.818990E-01,2.663671E-03,-3.333572E-01,-1.172593E-02,0.000000E+00,0.000000E+00,2.846141E-02
1.178000E+00,-2.753970E-01,2.666641E-03,-3.354928E-01,6.365672E-03,-2.822345E-01,2.663846E-03,-3.354579E-01,1.744696E-04,0.000000E+00,0.000000E+00,-2.341853E-02
1.179000E+00,-2.757358E-01,2.677018E-03,-3.387953E-01,1.037740E-02,-2.825733E-01,2.669376E-03,-3.388148E-01,5.529546E-03,0.000000E+00,0.000000E+00,-6.404161E-02
1.180000E+00,-2.760783E-01,2.687329E-03,-3.425194E-01,1.031083E-02,-2.829159E-01,2.679817E-03,-3.426311E-01,1.044148E-02,0.000000E+00,0.000000E+00,-6.294574E-02
1.181000E+00,-2.764217E-01,2.694358E-03,-3.434151E-01,7.029129E-03,-2.832595E-01,2.679742E-03,-3.435344E-01,-7.534775E-05,0.000000E+00,0.000000E+00,-1.224753E-01
1.182000E+00,-2.767683E-01,2.703927E-03,-3.465343E-01,9.568519E-03,-2.836060E-01,2.679369E-03,-3.465511E-01,-3.723123E-04,0.000000E+00,0.000000E+00,-2.057717E-01
1.183000E+00,-2.771175E-01,2.716005E-03,-3.492461E-01,1.207897E-02,-2.839552E-01,2.679104E-03,-3.491640E-01,-2.656158E-04,0.000000E+00,0.000000E+00,-3.092125E-01
1.184000E+00,-2.774668E-01,2.723825E-03,-3.493424E-01,7.819676E-03,-2.843044E-01,2.668199E-03,-3.491846E-01,-1.090451E-02,0.000000E+00,0.000000E+00,-4.661138E-01
1.185000E+00,-2.778137E-01,2.715304E-03,-3.468084E-01,-8.520814E-03,-2.846512E-01,2.672260E-03,-3.467922E-01,4.060630E-03,0.000000E+00,0.000000E+00,-3.606926E-01
1.186000E+00,-2.781572E-01,2.688406E-03,-3.435702E-01,-2.689837E-02,-2.849947E-01,2.686332E-03,-3.435489E-01,1.407255E-02,0.000000E+00,0.000000E+00,-1.737614E-02
1.187000E+00,-2.784995E-01,2.658763E-03,-3.422836E-01,-2.964312E-02,-2.853368E-01,2.693158E-03,-3.420822E-01,6.825230E-03,0.000000E+00,0.000000E+00,2.882223E-01
1.188000E+00,-2.788413E-01,2.650359E-03,-3.417487E-01,-8.404161E-03,-2.856785E-01,2.684271E-03,-3.417132E-01,-8.886144E-03,0.000000E+00,0.000000E+00,2.841849E-01
1.189000E+00,-2.791879E-01,2.670461E-03,-3.466213E-01,2.010272E-02,-2.860252E-01,2.667961E-03,-3.467066E-01,-1.631084E-02,0.000000E+00,0.000000E+00,-2.095638E-02
1.190000E+00,-2.795419E-01,2.705082E-03,-3.540124E-01,3.462077E-02,-2.863792E-01,2.666140E-03,-3.539432E-01,-1.820337E-03,0.000000E+00,0.000000E+00,-3.263270E-01
1.191000E+00,-2.798988E-01,2.729111E-03,-3.568604E-01,2.402859E-02,-2.867360E-01,2.674589E-03,-3.568490E-01,8.448295E-03,0.000000E+00,0.000000E+00,-4.568834E-01
1.192000E+00,-2.802565E-01,2.745344E-03,-3.577928E-01,1.623300E-02,-2.870939E-01,2.683332E-03,-3.578604E-01,8.743196E-03,0.000000E+00,0.000000E+00,-5.196378E-01
1.193000E+00,-2.806141E-01,2.755580E-03,-3.575240E-01,1.023591E-02,-2.874514E-01,2.678772E-03,-3.575137E-01,-4.559555E-03,0.000000E+00,0.000000E+00,-6.436099E-01
1.194000E+00,-2.809709E-01,2.757640E-03,-3.568746E-01,2.059950E-03,-2.878083E-01,2.669495E-03,-3.568950E-01,-9.277180E-03,0.000000E+00,0.000000E+00,-7.385976E-01
1.195000E+00,-2.813258E-01,2.745621E-03,-3.548802E-01,-1.201817E-02,-2.881635E-01,2.674163E-03,-3.552246E-01,4.667794E-03,0.000000E+00,0.000000E+00,-5.987607E-01
1.196000E+00,-2.816794E-01,2.719670E-03,-3.536039E-01,-2.595161E-02,-2.885175E-01,2.682716E-03,-3.540206E-01,8.552678E-03,0.000000E+00,0.000000E+00,-3.096345E-01
1.197000E+00,-2.820331E-01,2.684610E-03,-3.536235E-01,-3.506006E-02,-2.888714E-01,2.680987E-03,-3.538623E-01,-1.728657E-03,0.000000E+00,0.000000E+00,-3.035544E-02
1.198000E+00,-2.823882E-01,2.649319E-03,-3.551045E-01,-3.529080E-02,-2.892265E-01,2.671876E-03,-3.551454E-01,-9.110615E-03,0.000000E+00,0.000000E+00,1.889966E-01
1.199000E+00,-2.827464E-01,2.644906E-03,-3.582282E-01,-4.412830E-03,-2.895848E-01,2.670217E-03,-3.582482E-01,-1.659524E-03,0.000000E+00,0.000000E+00,2.120645E-01
1.200000E+00,-2.831065E-01,2.661001E-03,-3.600978E-01,1.609511E-02,-2.899449E-01,2.671392E-03,-3.601728E-01,1.175672E-03,0.000000E+00,0.000000E+00,8.706127E-02
1.201000E+00,-2.834686E-01,2.684149E-03,-3.621564E-01,2.314721E-02,-2.903071E-01,2.673002E-03,-3.621775E-01,1.609968E-03,0.000000E+00,0.000000E+00,-9.338710E-02
1.202000E+00,-2.838313E-01,2.701530E-03,-3.626633E-01,1.738193E-02,-2.906698E-01,2.674424E-03,-3.626362E-01,1.421928E-03,0.000000E+00,0.000000E+00,-2.271066E-01
1.203000E+00,-2.841944E-01,2.706580E-03,-3.631328E-01,5.049829E-03,-2.910329E-01,2.669545E-03,-3.631030E-01,-4.879625E-03,0.000000E+00,0.000000E+00,-3.102997E-01
1.204000E+00,-2.845598E-01,2.710612E-03,-3.654156E-01,4.031691E-03,-2.913982E-01,2.671117E-03,-3.653785E-01,1.572652E-03,0.000000E+00,0.000000E+00,-3.309039E-01
1.205000E+00,-2.849285E-01,2.705239E-03,-3.686659E-01,-5.372940E-03,-2.917670E-01,2.679818E-03,-3.687293E-01,8.701116E-03,0.000000E+00,0.000000E+00,-2.129845E-01
1.206000E+00,-2.852972E-01,2.694383E-03,-3.686547E-01,-1.085632E-02,-2.921357E-01,2.672249E-03,-3.686924E-01,-7.569130E-03,0.000000E+00,0.000000E+00,-1.854422E-01
1.207000E+00,-2.856711E-01,2.686095E-03,-3.739260E-01,-8.287532E-03,-2.925096E-01,2.680360E-03,-3.739191E-01,8.110849E-03,0.000000E+00,0.000000E+00,-4.805031E-02
1.208000E+00,-2.860466E-01,2.667429E-03,-3.754651E-01,-1.866619E-02,-2.928850E-01,2.682445E-03,-3.754388E-01,2.084871E-03,0.000000E+00,0.000000E+00,1.258113E-01
1.209000E+00,-2.864167E-01,2.667520E-03,-3.700968E-01,9.132351E-05,-2.932551E-01,2.671587E-03,-3.700875E-01,-1.085756E-02,0.000000E+00,0.000000E+00,3.407672E-02
1.210000E+00,-2.867761E-01,2.685004E-03,-3.594321E-01,1.748323E-02,-2.936145E-01,2.676249E-03,-3.593660E-01,4.661789E-03,0.000000E+00,0.000000E+00,-7.334808E-02
1.211000E+00,-2.871335E-01,2.692522E-03,-3.574026E-01,7.518377E-03,-2.939718E-01,2.679104E-03,-3.573059E-01,2.854858E-03,0.000000E+00,0.000000E+00,-1.124231E-01
1.212000E+00,-2.874909E-01,2.685170E-03,-3.574021E-01,-7.351462E-03,-2.943291E-01,2.677796E-03,-3.573275E-01,-1.308348E-03,0.000000E+00,0.000000E+00,-6.179064E-02
1.213000E+00,-2.878471E-01,2.673512E-03,-3.561735E-01,-1.165807E-02,-2.946852E-01,2.679993E-03,-3.561298E-01,2.197734E-03,0.000000E+00,0.000000E+00,5.430422E-02
1.214000E+00,-2.882054E-01,2.678074E-03,-3.582959E-01,4.561600E-03,-2.950435E-01,2.672866E-03,-3.582390E-01,-7.127351E-03,0.000000E+00,0.000000E+00,-4.363571E-02
1.215000E+00,-2.885655E-01,2.672620E-03,-3.601763E-01,-5.453835E-03,-2.954037E-01,2.653735E-03,-3.602702E-01,-1.913102E-02,0.000000E+00,0.000000E+00,-1.582327E-01
1.216000E+00,-2.889321E-01,2.680885E-03,-3.665429E-01,8.264776E-03,-2.957703E-01,2.654128E-03,-3.665715E-01,3.924735E-04,0.000000E+00,0.000000E+00,-2.241913E-01
1.217000E+00,-2.892973E-01,2.688223E-03,-3.652326E-01,7.338391E-03,-2.961356E-01,2.660558E-03,-3.653188E-01,6.430078E-03,0.000000E+00,0.000000E+00,-2.317987E-01
1.218000E+00,-2.896584E-01,2.685969E-03,-3.610984E-01,-2.254214E-03,-2.964969E-01,2.677578E-03,-3.612781E-01,1.702029E-02,0.000000E+00,0.000000E+00,-7.030419E-02
1.219000E+00,-2.900181E-01,2.669860E-03,-3.596721E-01,-1.610872E-02,-2.968566E-01,2.689938E-03,-3.597094E-01,1.236040E-02,0.000000E+00,0.000000E+00,1.682204E-01
1.220000E+00,-2.903735E-01,2.666580E-03,-3.554135E-01,-3.280286E-03,-2.972121E-01,2.688289E-03,-3.554428E-01,-1.649774E-03,0.000000E+00,0.000000E+00,1.818805E-01
1.221000E+00,-2.907267E-01,2.671221E-03,-3.531625E-01,4.641383E-03,-2.975653E-01,2.675225E-03,-3.532201E-01,-1.306362E-02,0.000000E+00,0.000000E+00,3.354243E-02
1.222000E+00,-2.910792E-01,2.679226E-03,-3.525083E-01,8.004657E-03,-2.979178E-01,2.667076E-03,-3.525355E-01,-8.148673E-03,0.000000E+00,0.000000E+00,-1.017939E-01
1.223000E+00,-2.914331E-01,2.681396E-03,-3.539082E-01,2.170257E-03,-2.982717E-01,2.663670E-03,-3.539012E-01,-3.406572E-03,0.000000E+00,0.000000E+00,-1.485177E-01
1.224000E+00,-2.917890E-01,2.678516E-03,-3.559502E-01,-2.880740E-03,-2.986277E-01,2.666389E-03,-3.559454E-01,2.719181E-03,0.000000E+00,0.000000E+00,-1.016006E-01
1.225000E+00,-2.921469E-01,2.673139E-03,-3.578926E-01,-5.376605E-03,-2.989855E-01,2.675210E-03,-3.578763E-01,8.821347E-03,0.000000E+00,0.000000E+00,1.735323E-02
1.226000E+00,-2.925055E-01,2.677347E-03,-3.585794E-01,4.208023E-03,-2.993441E-01,2.687082E-03,-3.585411E-01,1.187135E-02,0.000000E+00,0.000000E+00,8.155902E-02
1.227000E+00,-2.928634E-01,2.682339E-03,-3.578941E-01,4.992394E-03,-2.997020E-01,2.679778E-03,-3.578740E-01,-7.303382E-03,0.000000E+00,0.000000E+00,-2.145878E-02
1.228000E+00,-2.932222E-01,2.675939E-03,-3.588316E-01,-6.399972E-03,-3.000608E-01,2.668330E-03,-3.588350E-01,-1.144849E-02,0.000000E+00,0.000000E+00,-6.375689E-02
1.229000E+00,-2.935850E-01,2.677531E-03,-3.627800E-01,1.591912E-03,-3.004236E-01,2.673973E-03,-3.627577E-01,5.643218E-03,0.000000E+00,0.000000E+00,-2.981385E-02
1.230000E+00,-2.939506E-01,2.676919E-03,-3.656376E-01,-6.128593E-04,-3.007892E-01,2.682268E-03,-3.656468E-01,8.295155E-03,0.000000E+00,0.000000E+00,4.482059E-02
1.231000E+00,-2.943189E-01,2.682721E-03,-3.682883E-01,5.802830E-03,-3.011575E-01,2.675326E-03,-3.683461E-01,-6.942352E-03,0.000000E+00,0.000000E+00,-6.196238E-02
1.232000E+00,-2.946909E-01,2.692348E-03,-3.720125E-01,9.626608E-03,-3.015295E-01,2.671503E-03,-3.719965E-01,-3.823210E-03,0.000000E+00,0.000000E+00,-1.746485E-01
1.233000E+00,-2.950664E-01,2.691552E-03,-3.754199E-01,-7.959150E-04,-3.019050E-01,2.676241E-03,-3.754311E-01,4.738866E-03,0.000000E+00,0.000000E+00,-1.282766E-01
1.234000E+00,-2.954414E-01,2.679782E-03,-3.750533E-01,-1.177043E-02,-3.022800E-01,2.674894E-03,-3.750462E-01,-1.347629E-03,0.000000E+00,0.000000E+00,-4.095177E-02
1.235000E+00,-2.958134E-01,2.669640E-03,-3.719899E-01,-1.014212E-02,-3.026520E-01,2.679198E-03,-3.720282E-01,4.303732E-03,0.000000E+00,0.000000E+00,8.007920E-02
1.236000E+00,-2.961780E-01,2.677638E-03,-3.646129E-01,7.998802E-03,-3.030167E-01,2.671125E-03,-3.646409E-01,-8.072121E-03,0.000000E+00,0.000000E+00,-5.456657E-02
1.237000E+00,-2.965378E-01,2.680272E-03,-3.597704E-01,2.633426E-03,-3.033764E-01,2.670390E-03,-3.597355E-01,-7.350954E-04,0.000000E+00,0.000000E+00,-8.278911E-02
1.238000E+00,-2.968958E-01,2.672148E-03,-3.579720E-01,-8.124227E-03,-3.037344E-01,2.676864E-03,-3.579745E-01,6.473226E-03,0.000000E+00,0.000000E+00,3.951191E-02
1.239000E+00,-2.972513E-01,2.671719E-03,-3.555059E-01,-4.289689E-04,-3.040899E-01,2.678746E-03,-3.555495E-01,1.882931E-03,0.000000E+00,0.000000E+00,5.888118E-02
1.240000E+00,-2.976062E-01,2.674716E-03,-3.549539E-01,2.997263E-03,-3.044450E-01,2.666092E-03,-3.550145E-01,-1.265450E-02,0.000000E+00,0.000000E+00,-7.225162E-02
1.241000E+00,-2.979610E-01,2.675091E-03,-3.547407E-01,3.755698E-04,-3.047997E-01,2.655618E-03,-3.547691E-01,-1.047377E-02,0.000000E+00,0.000000E+00,-1.631476E-01
1.242000E+00,-2.983137E-01,2.676264E-03,-3.527632E-01,1.172692E-03,-3.051525E-01,2.656595E-03,-3.528016E-01,9.771918E-04,0.000000E+00,0.000000E+00,-1.647846E-01
1.243000E+00,-2.986631E-01,2.670894E-03,-3.493883E-01,-5.370038E-03,-3.055020E-01,2.667124E-03,-3.494556E-01,1.052855E-02,0.000000E+00,0.000000E+00,-3.158573E-02
1.244000E+00,-2.990069E-01,2.674996E-03,-3.437423E-01,4.101995E-03,-3.058458E-01,2.682184E-03,-3.437979E-01,1.506027E-02,0.000000E+00,0.000000E+00,6.022169E-02
1.245000E+00,-2.993480E-01,2.681794E-03,-3.411060E-01,6.798064E-03,-3.061870E-01,2.687466E-03,-3.411798E-01,5.281602E-03,0.000000E+00,0.000000E+00,4.751645E-02
1.246000E+00,-2.996890E-01,2.678391E-03,-3.410652E-01,-3.403304E-03,-3.065281E-01,2.683465E-03,-3.411376E-01,-4.000999E-03,0.000000E+00,0.000000E+00,4.250863E-02
1.247000E+00,-3.000298E-01,2.665771E-03,-3.408166E-01,-1.261954E-02,-3.068690E-01,2.665040E-03,-3.408634E-01,-1.842468E-02,0.000000E+00,0.000000E+00,-6.125086E-03
1.248000E+00,-3.003700E-01,2.663666E-03,-3.401473E-01,-2.105015E-03,-3.072091E-01,2.653451E-03,-3.401684E-01,-1.158919E-02,0.000000E+00,0.000000E+00,-8.557988E-02
1.249000E+00,-3.007113E-01,2.663883E-03,-3.412707E-01,2.172407E-04,-3.075504E-01,2.655033E-03,-3.413076E-01,1.582563E-03,0.000000E+00,0.000000E+00,-7.414135E-02
1.250000E+00,-3.010543E-01,2.666299E-03,-3.430214E-01,2.415121E-03,-3.078935E-01,2.664415E-03,-3.430623E-01,9.381097E-03,0.000000E+00,0.000000E+00,-1.578328E-02
1.251000E+00,-3.013991E-01,2.674443E-03,-3.448629E-01,8.144580E-03,-3.082384E-01,2.677028E-03,-3.448824E-01,1.261310E-02,0.000000E+00,0.000000E+00,2.165182E-02
1.252000E+00,-3.017445E-01,2.684647E-03,-3.453918E-01,1.020370E-02,-3.085838E-01,2.678124E-03,-3.453964E-01,1.095964E-03,0.000000E+00,0.000000E+00,-5.464825E-02
1.253000E+00,-3.020912E-01,2.680552E-03,-3.466957E-01,-4.094956E-03,-3.089305E-01,2.675498E-03,-3.467158E-01,-2.626027E-03,0.000000E+00,0.000000E+00,-4.234218E-02
1.254000E+00,-3.024396E-01,2.672594E-03,-3.483854E-01,-7.957870E-03,-3.092789E-01,2.671704E-03,-3.483928E-01,-3.794069E-03,0.000000E+00,0.000000E+00,-7.460040E-03
1.255000E+00,-3.027944E-01,2.678804E-03,-3.548072E-01,6.210002E-03,-3.096337E-01,2.673963E-03,-3.548148E-01,2.259880E-03,0.000000E+00,0.000000E+00,-4.055200E-02
1.256000E+00,-3.031528E-01,2.690103E-03,-3.583989E-01,1.129911E-02,-3.099921E-01,2.676292E-03,-3.583763E-01,2.328165E-03,0.000000E+00,0.000000E+00,-1.157059E-01
1.257000E+00,-3.035130E-01,2.689943E-03,-3.601675E-01,-1.605359E-04,-3.103523E-01,2.675275E-03,-3.601994E-01,-1.016373E-03,0.000000E+00,0.000000E+00,-1.228751E-01
1.258000E+00,-3.038762E-01,2.690633E-03,-3.632055E-01,6.902529E-04,-3.107155E-01,2.681775E-03,-3.632258E-01,6.499696E-03,0.000000E+00,0.000000E+00,-7.420669E-02
1.259000E+00,-3.042392E-01,2.684455E-03,-3.630055E-01,-6.178232E-03,-3.110785E-01,2.674278E-03,-3.630093E-01,-7.496898E-03,0.000000E+00,0.000000E+00,-8.525364E-02
1.260000E+00,-3.045982E-01,2.666973E-03,-3.589680E-01,-1.748143E-02,-3.114375E-01,2.677256E-03,-3.589410E-01,2.978054E-03,0.000000E+00,0.000000E+00,8.614418E-02
1.261000E+00,-3.049481E-01,2.672061E-03,-3.499151E-01,5.087642E-03,-3.117874E-01,2.675092E-03,-3.499032E-01,-2.163662E-03,0.000000E+00,0.000000E+00,2.539687E-02
1.262000E+00,-3.052906E-01,2.687956E-03,-3.424681E-01,1.589468E-02,-3.121299E-01,2.683955E-03,-3.425575E-01,8.862631E-03,0.000000E+00,0.000000E+00,-3.351341E-02
1.263000E+00,-3.056328E-01,2.684852E-03,-3.422570E-01,-3.103045E-03,-3.124722E-01,2.686764E-03,-3.423050E-01,2.808826E-03,0.000000E+00,0.000000E+00,1.601230E-02
1.264000E+00,-3.059752E-01,2.672346E-03,-3.423913E-01,-1.250624E-02,-3.128147E-01,2.672177E-03,-3.424346E-01,-1.458711E-02,0.000000E+00,0.000000E+00,-1.419745E-03
1.265000E+00,-3.063206E-01,2.670702E-03,-3.454055E-01,-1.644302E-03,-3.131601E-01,2.665666E-03,-3.454259E-01,-6.510272E-03,0.000000E+00,0.000000E+00,-4.218302E-02
1.266000E+00,-3.066692E-01,2.674189E-03,-3.485440E-01,3.487507E-03,-3.135086E-01,2.669458E-03,-3.485555E-01,3.791478E-03,0.000000E+00,0.000000E+00,-3.963653E-02
1.267000E+00,-3.070178E-01,2.679676E-03,-3.486876E-01,5.486854E-03,-3.138573E-01,2.676367E-03,-3.486929E-01,6.909466E-03,0.000000E+00,0.000000E+00,-2.771900E-02
1.268000E+00,-3.073663E-01,2.673364E-03,-3.484258E-01,-6.311828E-03,-3.142058E-01,2.676072E-03,-3.484165E-01,-2.958759E-04,0.000000E+00,0.000000E+00,2.267784E-02
1.269000E+00,-3.077109E-01,2.676366E-03,-3.445876E-01,3.001751E-03,-3.145503E-01,2.669575E-03,-3.445751E-01,-6.496512E-03,0.000000E+00,0.000000E+00,-5.689116E-02
1.270000E+00,-3.080518E-01,2.674314E-03,-3.409259E-01,-2.051733E-03,-3.148913E-01,2.674809E-03,-3.409230E-01,5.234110E-03,0.000000E+00,0.000000E+00,4.143950E-03
1.271000E+00,-3.083893E-01,2.679405E-03,-3.374816E-01,5.090463E-03,-3.152287E-01,2.675400E-03,-3.374677E-01,5.909135E-04,0.000000E+00,0.000000E+00,-3.354986E-02
1.272000E+00,-3.087260E-01,2.673959E-03,-3.367720E-01,-5.445638E-03,-3.155655E-01,2.670889E-03,-3.367428E-01,-4.511298E-03,0.000000E+00,0.000000E+00,-2.572278E-02
1.273000E+00,-3.090606E-01,2.674088E-03,-3.345495E-01,1.284155E-04,-3.159000E-01,2.674509E-03,-3.345446E-01,3.620587E-03,0.000000E+00,0.000000E+00,3.532120E-03
1.274000E+00,-3.093941E-01,2.672248E-03,-3.334977E-01,-1.839237E-03,-3.162335E-01,2.675685E-03,-3.334899E-01,1.175424E-03,0.000000E+00,0.000000E+00,2.878682E-02
1.275000E+00,-3.097274E-01,2.674059E-03,-3.333410E-01,1.810054E-03,-3.165668E-01,2.671744E-03,-3.333320E-01,-3.940709E-03,0.000000E+00,0.000000E+00,-1.938904E-02
1.276000E+00,-3.100609E-01,2.675365E-03,-3.334816E-01,1.306519E-03,-3.169003E-01,2.674099E-03,-3.334727E-01,2.354520E-03,0.000000E+00,0.000000E+00,-1.060963E-02
1.277000E+00,-3.103953E-01,2.677099E-03,-3.343939E-01,1.733515E-03,-3.172347E-01,2.674243E-03,-3.343710E-01,1.439735E-04,0.000000E+00,0.000000E+00,-2.392580E-02
1.278000E+00,-3.107309E-01,2.675227E-03,-3.356458E-01,-1.871752E-03,-3.175703E-01,2.666294E-03,-3.356404E-01,-7.948436E-03,0.000000E+00,0.000000E+00,-7.483229E-02
1.279000E+00,-3.110709E-01,2.678588E-03,-3.399651E-01,3.360983E-03,-3.179103E-01,2.671949E-03,-3.399662E-01,5.655078E-03,0.000000E+00,0.000000E+00,-5.561387E-02
1.280000E+00,-3.114145E-01,2.680393E-03,-3.435513E-01,1.805533E-03,-3.182538E-01,2.683256E-03,-3.435544E-01,1.130728E-02,0.000000E+00,0.000000E+00,2.398555E-02
1.281000E+00,-3.117578E-01,2.680566E-03,-3.433774E-01,1.730103E-04,-3.185972E-01,2.674872E-03,-3.433904E-01,-8.384666E-03,0.000000E+00,0.000000E+00,-4.770496E-02
1.282000E+00,-3.121065E-01,2.683631E-03,-3.486852E-01,3.064220E-03,-3.189459E-01,2.679758E-03,-3.486593E-01,4.885762E-03,0.000000E+00,0.000000E+00,-3.244543E-02
1.283000E+00,-3.124572E-01,2.677747E-03,-3.506311E-01,-5.883174E-03,-3.192965E-01,2.673923E-03,-3.506675E-01,-5.834638E-03,0.000000E+00,0.000000E+00,-3.203865E-02
1.284000E+00,-3.128061E-01,2.676862E-03,-3.489592E-01,-8.856584E-04,-3.196456E-01,2.666983E-03,-3.490085E-01,-6.940017E-03,0.000000E+00,0.000000E+00,-8.275728E-02
1.285000E+00,-3.131474E-01,2.680452E-03,-3.412434E-01,3.590522E-03,-3.199869E-01,2.675355E-03,-3.413237E-01,8.371915E-03,0.000000E+00,0.000000E+00,-4.270188E-02
1.286000E+00,-3.134841E-01,2.677333E-03,-3.367314E-01,-3.119095E-03,-3.203236E-01,2.678049E-03,-3.367355E-01,2.693908E-03,0.000000E+00,0.000000E+00,5.994558E-03
1.287000E+00,-3.138174E-01,2.667824E-03,-3.332981E-01,-9.509474E-03,-3.206569E-01,2.684362E-03,-3.333044E-01,6.313145E-03,0.000000E+00,0.000000E+00,1.385427E-01
1.288000E+00,-3.141457E-01,2.670908E-03,-3.282737E-01,3.084503E-03,-3.209852E-01,2.696503E-03,-3.283220E-01,1.214104E-02,0.000000E+00,0.000000E+00,2.144083E-01
1.289000E+00,-3.144751E-01,2.678879E-03,-3.294878E-01,7.970417E-03,-3.213148E-01,2.692857E-03,-3.295852E-01,-3.645856E-03,0.000000E+00,0.000000E+00,1.170970E-01
1.290000E+00,-3.148052E-01,2.680999E-03,-3.300342E-01,2.119984E-03,-3.216450E-01,2.668034E-03,-3.301268E-01,-2.482278E-02,0.000000E+00,0.000000E+00,-1.085999E-01
1.291000E+00,-3.151394E-01,2.674639E-03,-3.341742E-01,-6.359384E-03,-3.219792E-01,2.656872E-03,-3.342263E-01,-1.116266E-02,0.000000E+00,0.000000E+00,-1.488349E-01
1.292000E+00,-3.154736E-01,2.672622E-03,-3.342176E-01,-2.017077E-03,-3.223134E-01,2.649823E-03,-3.342560E-01,-7.048742E-03,0.000000E+00,0.000000E+00,-1.909827E-01
1.293000E+00,-3.158041E-01,2.676116E-03,-3.305321E-01,3.493860E-03,-3.226440E-01,2.652645E-03,-3.305749E-01,2.822125E-03,0.000000E+00,0.000000E+00,-1.966084E-01
1.294000E+00,-3.161295E-01,2.679617E-03,-3.254390E-01,3.501065E-03,-3.229695E-01,2.668513E-03,-3.255025E-01,1.586754E-02,0.000000E+00,0.000000E+00,-9.301805E-02
1.295000E+00,-3.164526E-01,2.670691E-03,-3.230682E-01,-8.926552E-03,-3.232926E-01,2.684307E-03,-3.230793E-01,1.579425E-02,0.000000E+00,0.000000E+00,1.140582E-01
1.296000E+00,-3.167711E-01,2.675065E-03,-3.185350E-01,4.373992E-03,-3.236111E-01,2.685927E-03,-3.185452E-01,1.620315E-03,0.000000E+00,0.000000E+00,9.099165E-02
1.297000E+00,-3.170877E-01,2.682891E-03,-3.165334E-01,7.826062E-03,-3.239277E-01,2.679318E-03,-3.165362E-01,-6.608855E-03,0.000000E+00,0.000000E+00,-2.992359E-02
1.298000E+00,-3.174044E-01,2.679498E-03,-3.167618E-01,-3.392464E-03,-3.242444E-01,2.669089E-03,-3.167410E-01,-1.022907E-02,0.000000E+00,0.000000E+00,-8.719117E-02
1.299000E+00,-3.177227E-01,2.670031E-03,-3.182986E-01,-9.466681E-03,-3.245627E-01,2.667008E-03,-3.182921E-01,-2.081603E-03,0.000000E+00,0.000000E+00,-2.532936E-02
1.300000E+00,-3.180431E-01,2.669350E-03,-3.203877E-01,-6.809489E-04,-3.248831E-01,2.671757E-03,-3.203778E-01,4.749635E-03,0.000000E+00,0.000000E+00,2.016059E-02
1.301000E+00,-3.183650E-01,2.674462E-03,-3.218736E-01,5.111647E-03,-3.252049E-01,2.677640E-03,-3.218621E-01,5.883126E-03,0.000000E+00,0.000000E+00,2.662303E-02
1.302000E+00,-3.186870E-01,2.680809E-03,-3.219876E-01,6.346635E-03,-3.255269E-01,2.670162E-03,-3.219636E-01,-7.478057E-03,0.000000E+00,0.000000E+00,-8.918171E-02
1.303000E+00,-3.190116E-01,2.678524E-03,-3.246097E-01,-2.284716E-03,-3.258515E-01,2.669856E-03,-3.245967E-01,-3.058350E-04,0.000000E+00,0.000000E+00,-7.260545E-02
1.304000E+00,-3.193396E-01,2.673147E-03,-3.280274E-01,-5.377255E-03,-3.261795E-01,2.675101E-03,-3.280281E-01,5.244860E-03,0.000000E+00,0.000000E+00,1.637265E-02
1.305000E+00,-3.196721E-01,2.677931E-03,-3.324980E-01,4.784500E-03,-3.265120E-01,2.677117E-03,-3.324805E-01,2.016017E-03,0.000000E+00,0.000000E+00,-6.818083E-03
1.306000E+00,-3.200074E-01,2.686431E-03,-3.353072E-01,8.500039E-03,-3.268473E-01,2.673420E-03,-3.352794E-01,-3.696976E-03,0.000000E+00,0.000000E+00,-1.089892E-01
1.307000E+00,-3.203481E-01,2.695151E-03,-3.406210E-01,8.719277E-03,-3.271879E-01,2.678597E-03,-3.406194E-01,5.176488E-03,0.000000E+00,0.000000E+00,-1.386662E-01
1.308000E+00,-3.206892E-01,2.689687E-03,-3.411256E-01,-5.463325E-03,-3.275290E-01,2.671472E-03,-3.411074E-01,-7.124456E-03,0.000000E+00,0.000000E+00,-1.525813E-01
1.309000E+00,-3.210307E-01,2.680619E-03,-3.414852E-01,-9.068038E-03,-3.278705E-01,2.664729E-03,-3.414785E-01,-6.743494E-03,0.000000E+00,0.000000E+00,-1.331094E-01
1.310000E+00,-3.213661E-01,2.670488E-03,-3.354499E-01,-1.013075E-02,-3.282059E-01,2.677743E-03,-3.354362E-01,1.301453E-02,0.000000E+00,0.000000E+00,6.077326E-02
1.311000E+00,-3.216932E-01,2.680837E-03,-3.271162E-01,1.034876E-02,-3.285330E-01,2.682877E-03,-3.271003E-01,5.133704E-03,0.000000E+00,0.000000E+00,1.708787E-02
1.312000E+00,-3.220197E-01,2.675858E-03,-3.264745E-01,-4.979388E-03,-3.288596E-01,2.674452E-03,-3.265142E-01,-8.424828E-03,0.000000E+00,0.000000E+00,-1.177386E-02
1.313000E+00,-3.223409E-01,2.679279E-03,-3.211844E-01,3.420896E-03,-3.291807E-01,2.675456E-03,-3.211860E-01,1.003970E-03,0.000000E+00,0.000000E+00,-3.201986E-02
1.314000E+00,-3.226622E-01,2.679929E-03,-3.212835E-01,6.505369E-04,-3.295020E-01,2.676491E-03,-3.212879E-01,1.034900E-03,0.000000E+00,0.000000E+00,-2.880013E-02
1.315000E+00,-3.229848E-01,2.675043E-03,-3.226429E-01,-4.886006E-03,-3.298247E-01,2.671102E-03,-3.226467E-01,-5.389104E-03,0.000000E+00,0.000000E+00,-3.301444E-02
1.316000E+00,-3.233112E-01,2.670240E-03,-3.263945E-01,-4.802939E-03,-3.301511E-01,2.673987E-03,-3.263999E-01,2.884777E-03,0.000000E+00,0.000000E+00,3.138362E-02
1.317000E+00,-3.236376E-01,2.670097E-03,-3.263796E-01,-1.438340E-04,-3.304775E-01,2.675499E-03,-3.263923E-01,1.512449E-03,0.000000E+00,0.000000E+00,4.525778E-02
1.318000E+00,-3.239605E-01,2.674727E-03,-3.228773E-01,4.630696E-03,-3.308004E-01,2.671151E-03,-3.228942E-01,-4.348694E-03,0.000000E+00,0.000000E+00,-2.996004E-02
1.319000E+00,-3.242782E-01,2.683734E-03,-3.177379E-01,9.006318E-03,-3.311181E-01,2.677251E-03,-3.177368E-01,6.100515E-03,0.000000E+00,0.000000E+00,-5.430110E-02
1.320000E+00,-3.245953E-01,2.684001E-03,-3.171141E-01,2.673964E-04,-3.314352E-01,2.678548E-03,-3.171120E-01,1.296522E-03,0.000000E+00,0.000000E+00,-4.568043E-02
1.321000E+00,-3.249124E-01,2.667749E-03,-3.170356E-01,-1.625208E-02,-3.317523E-01,2.673201E-03,-3.170418E-01,-5.346714E-03,0.000000E+00,0.000000E+00,4.567058E-02
1.322000E+00,-3.252271E-01,2.659507E-03,-3.147614E-01,-8.241856E-03,-3.320670E-01,2.674676E-03,-3.147491E-01,1.475449E-03,0.000000E+00,0.000000E+00,1.270696E-01
1.323000E+00,-3.255421E-01,2.661804E-03,-3.150170E-01,2.297096E-03,-3.323820E-01,2.672445E-03,-3.150258E-01,-2.231089E-03,0.000000E+00,0.000000E+00,8.913828E-02
1.324000E+00,-3.258587E-01,2.670971E-03,-3.166115E-01,9.167408E-03,-3.326986E-01,2.671383E-03,-3.166193E-01,-1.061865E-03,0.000000E+00,0.000000E+00,3.450714E-03
1.325000E+00,-3.261766E-01,2.685936E-03,-3.178334E-01,1.496443E-02,-3.330165E-01,2.674304E-03,-3.178262E-01,2.920248E-03,0.000000E+00,0.000000E+00,-9.743977E-02
1.326000E+00,-3.264947E-01,2.691452E-03,-3.181031E-01,5.515700E-03,-3.333346E-01,2.675187E-03,-3.180958E-01,8.837436E-04,0.000000E+00,0.000000E+00,-1.362403E-01
1.327000E+00,-3.268133E-01,2.683849E-03,-3.186657E-01,-7.602715E-03,-3.336532E-01,2.670330E-03,-3.186733E-01,-4.857303E-03,0.000000E+00,0.000000E+00,-1.132427E-01
1.328000E+00,-3.271344E-01,2.672751E-03,-3.210202E-01,-1.109787E-02,-3.339743E-01,2.671321E-03,-3.210309E-01,9.904814E-04,0.000000E+00,0.000000E+00,-1.198226E-02
1.329000E+00,-3.274589E-01,2.674525E-03,-3.245414E-01,1.773633E-03,-3.342988E-01,2.677616E-03,-3.245393E-01,6.295487E-03,0.000000E+00,0.000000E+00,2.589593E-02
1.330000E+00,-3.277845E-01,2.685150E-03,-3.256109E-01,1.062554E-02,-3.346244E-01,2.670121E-03,-3.255988E-01,-7.495549E-03,0.000000E+00,0.000000E+00,-1.258990E-01
1.331000E+00,-3.281162E-01,2.686915E-03,-3.316729E-01,1.764440E-03,-3.349561E-01,2.677292E-03,-3.316849E-01,7.171283E-03,0.000000E+00,0.000000E+00,-8.060741E-02
1.332000E+00,-3.284500E-01,2.677681E-03,-3.337723E-01,-9.233848E-03,-3.352899E-01,2.679451E-03,-3.337672E-01,2.159300E-03,0.000000E+00,0.000000E+00,1.482949E-02
1.333000E+00,-3.287843E-01,2.670389E-03,-3.343220E-01,-7.291963E-03,-3.356242E-01,2.672122E-03,-3.343135E-01,-7.329515E-03,0.000000E+00,0.000000E+00,1.451495E-02
1.334000E+00,-3.291163E-01,2.673239E-03,-3.319946E-01,2.850012E-03,-3.359562E-01,2.675229E-03,-3.319875E-01,3.107194E-03,0.000000E+00,0.000000E+00,1.666931E-02
1.335000E+00,-3.294436E-01,2.672370E-03,-3.273674E-01,-8.691242E-04,-3.362836E-01,2.672607E-03,-3.274007E-01,-2.621953E-03,0.000000E+00,0.000000E+00,1.986340E-03
1.336000E+00,-3.297596E-01,2.685927E-03,-3.159887E-01,1.355726E-02,-3.365996E-01,2.683902E-03,-3.160157E-01,1.129469E-02,0.000000E+00,0.000000E+00,-1.696640E-02
1.337000E+00,-3.300759E-01,2.685384E-03,-3.162930E-01,-5.432336E-04,-3.369159E-01,2.689970E-03,-3.163151E-01,6.067963E-03,0.000000E+00,0.000000E+00,3.841314E-02
1.338000E+00,-3.303920E-01,2.675894E-03,-3.160404E-01,-9.489338E-03,-3.372319E-01,2.693358E-03,-3.160354E-01,3.388985E-03,0.000000E+00,0.000000E+00,1.462898E-01
1.339000E+00,-3.307107E-01,2.679042E-03,-3.186975E-01,3.147807E-03,-3.375506E-01,2.695102E-03,-3.187157E-01,1.743825E-03,0.000000E+00,0.000000E+00,1.345288E-01
1.340000E+00,-3.310308E-01,2.686025E-03,-3.201552E-01,6.983051E-03,-3.378708E-01,2.679358E-03,-3.201759E-01,-1.574413E-02,0.000000E+00,0.000000E+00,-5.584736E-02
1.341000E+00,-3.313525E-01,2.680267E-03,-3.216420E-01,-5.758491E-03,-3.381924E-01,2.656460E-03,-3.216034E-01,-2.289817E-02,0.000000E+00,0.000000E+00,-1.994196E-01
1.342000E+00,-3.316738E-01,2.671008E-03,-3.213706E-01,-9.258642E-03,-3.385138E-01,2.648594E-03,-3.213750E-01,-7.865597E-03,0.000000E+00,0.000000E+00,-1.877506E-01
1.343000E+00,-3.319879E-01,2.670123E-03,-3.140186E-01,-8.853578E-04,-3.388278E-01,2.659467E-03,-3.140478E-01,1.087234E-02,0.000000E+00,0.000000E+00,-8.926105E-02
1.344000E+00,-3.322919E-01,2.679133E-03,-3.040101E-01,9.010670E-03,-3.391319E-01,2.688503E-03,-3.040098E-01,2.903634E-02,0.000000E+00,0.000000E+00,7.848560E-02
1.345000E+00,-3.325937E-01,2.682412E-03,-3.018376E-01,3.278864E-03,-3.394337E-01,2.702212E-03,-3.018152E-01,1.370899E-02,0.000000E+00,0.000000E+00,1.658546E-01
1.346000E+00,-3.328955E-01,2.673709E-03,-3.017981E-01,-8.702831E-03,-3.397354E-01,2.706736E-03,-3.017477E-01,4.523570E-03,0.000000E+00,0.000000E+00,2.766474E-01
1.347000E+00,-3.331943E-01,2.672175E-03,-2.988140E-01,-1.534781E-03,-3.400342E-01,2.709610E-03,-2.987899E-01,2.874218E-03,0.000000E+00,0.000000E+00,3.135802E-01
1.348000E+00,-3.334933E-01,2.675909E-03,-2.989366E-01,3.734610E-03,-3.403332E-01,2.697905E-03,-2.990026E-01,-1.170464E-02,0.000000E+00,0.000000E+00,1.842509E-01
1.349000E+00,-3.337926E-01,2.677755E-03,-2.993664E-01,1.845405E-03,-3.406326E-01,2.668770E-03,-2.993935E-01,-2.913535E-02,0.000000E+00,0.000000E+00,-7.526224E-02
1.350000E+00,-3.340957E-01,2.674106E-03,-3.030859E-01,-3.648228E-03,-3.409357E-01,2.654879E-03,-3.030634E-01,-1.389082E-02,0.000000E+00,0.000000E+00,-1.610604E-01
1.351000E+00,-3.344031E-01,2.676951E-03,-3.073796E-01,2.844741E-03,-3.412430E-01,2.655682E-03,-3.073736E-01,8.030112E-04,0.000000E+00,0.000000E+00,-1.781632E-01
1.352000E+00,-3.347128E-01,2.673792E-03,-3.097480E-01,-3.158890E-03,-3.415528E-01,2.665034E-03,-3.097749E-01,9.352134E-03,0.000000E+00,0.000000E+00,-7.336327E-02
1.353000E+00,-3.350260E-01,2.672979E-03,-3.131727E-01,-8.136845E-04,-3.418660E-01,2.677935E-03,-3.131750E-01,1.290129E-02,0.000000E+00,0.000000E+00,4.152147E-02
1.354000E+00,-3.353410E-01,2.680724E-03,-3.150223E-01,7.744950E-03,-3.421810E-01,2.679995E-03,-3.150221E-01,2.059767E-03,0.000000E+00,0.000000E+00,-6.100981E-03
1.355000E+00,-3.356576E-01,2.690444E-03,-3.166232E-01,9.720138E-03,-3.424976E-01,2.675662E-03,-3.166085E-01,-4.333560E-03,0.000000E+00,0.000000E+00,-1.238231E-01
1.356000E+00,-3.359764E-01,2.686384E-03,-3.187166E-01,-4.059303E-03,-3.428163E-01,2.668784E-03,-3.187037E-01,-6.877362E-03,0.000000E+00,0.000000E+00,-1.474290E-01
1.357000E+00,-3.362999E-01,2.677418E-03,-3.234954E-01,-8.966247E-03,-3.431398E-01,2.675665E-03,-3.235109E-01,6.880793E-03,0.000000E+00,0.000000E+00,-1.468464E-02
1.358000E+00,-3.366271E-01,2.676066E-03,-3.271906E-01,-1.352213E-03,-3.434670E-01,2.683560E-03,-3.271894E-01,7.895244E-03,0.000000E+00,0.000000E+00,6.277764E-02
1.359000E+00,-3.369540E-01,2.672333E-03,-3.269679E-01,-3.732656E-03,-3.437940E-01,2.671547E-03,-3.269832E-01,-1.201345E-02,0.000000E+00,0.000000E+00,-6.587268E-03
1.360000E+00,-3.372724E-01,2.685395E-03,-3.184213E-01,1.306205E-02,-3.441124E-01,2.668118E-03,-3.184063E-01,-3.428457E-03,0.000000E+00,0.000000E+00,-1.447214E-01
1.361000E+00,-3.375852E-01,2.693205E-03,-3.127336E-01,7.809191E-03,-3.444252E-01,2.681717E-03,-3.127479E-01,1.359878E-02,0.000000E+00,0.000000E+00,-9.622438E-02
1.362000E+00,-3.378971E-01,2.687826E-03,-3.119701E-01,-5.378623E-03,-3.447371E-01,2.694937E-03,-3.119768E-01,1.321992E-02,0.000000E+00,0.000000E+00,5.956780E-02
1.363000E+00,-3.382087E-01,2.673213E-03,-3.115214E-01,-1.461271E-02,-3.450486E-01,2.692605E-03,-3.114972E-01,-2.332014E-03,0.000000E+00,0.000000E+00,1.624382E-01
1.364000E+00,-3.385236E-01,2.676437E-03,-3.149447E-01,3.224241E-03,-3.453636E-01,2.673012E-03,-3.149697E-01,-1.959343E-02,0.000000E+00,0.000000E+00,-2.869593E-02
1.365000E+00,-3.388422E-01,2.684812E-03,-3.185724E-01,8.375026E-03,-3.456821E-01,2.661506E-03,-3.185312E-01,-1.150593E-02,0.000000E+00,0.000000E+00,-1.952307E-01
1.366000E+00,-3.391638E-01,2.683045E-03,-3.216001E-01,-1.767416E-03,-3.460037E-01,2.660991E-03,-3.216036E-01,-5.147986E-04,0.000000E+00,0.000000E+00,-1.847380E-01
1.367000E+00,-3.394850E-01,2.681248E-03,-3.212505E-01,-1.796829E-03,-3.463250E-01,2.664338E-03,-3.212661E-01,3.346722E-03,0.000000E+00,0.000000E+00,-1.416525E-01
1.368000E+00,-3.398044E-01,2.674517E-03,-3.193597E-01,-6.731560E-03,-3.466444E-01,2.671647E-03,-3.193820E-01,7.309430E-03,0.000000E+00,0.000000E+00,-2.403681E-02
1.369000E+00,-3.401181E-01,2.671966E-03,-3.137319E-01,-2.550344E-03,-3.469581E-01,2.675441E-03,-3.137290E-01,3.793870E-03,0.000000E+00,0.000000E+00,2.910600E-02
1.370000E+00,-3.404236E-01,2.687491E-03,-3.054756E-01,1.552451E-02,-3.472636E-01,2.675890E-03,-3.054619E-01,4.492815E-04,0.000000E+00,0.000000E+00,-9.717296E-02
1.371000E+00,-3.407279E-01,2.694682E-03,-3.042693E-01,7.191576E-03,-3.475678E-01,2.678127E-03,-3.042551E-01,2.236196E-03,0.000000E+00,0.000000E+00,-1.386823E-01
1.372000E+00,-3.410323E-01,2.690368E-03,-3.044653E-01,-4.314457E-03,-3.478723E-01,2.672261E-03,-3.044559E-01,-5.865977E-03,0.000000E+00,0.000000E+00,-1.516789E-01
1.373000E+00,-3.413363E-01,2.676460E-03,-3.039550E-01,-1.390833E-02,-3.481763E-01,2.668725E-03,-3.039699E-01,-3.535270E-03,0.000000E+00,0.000000E+00,-6.478786E-02
1.374000E+00,-3.416413E-01,2.667296E-03,-3.050430E-01,-9.163835E-03,-3.484813E-01,2.667765E-03,-3.050430E-01,-9.606421E-04,0.000000E+00,0.000000E+00,3.927061E-03
1.375000E+00,-3.419504E-01,2.672264E-03,-3.090816E-01,4.968165E-03,-3.487904E-01,2.669483E-03,-3.090757E-01,1.718444E-03,0.000000E+00,0.000000E+00,-2.329460E-02
1.376000E+00,-3.422625E-01,2.682597E-03,-3.121183E-01,1.033271E-02,-3.491025E-01,2.672509E-03,-3.121052E-01,3.026115E-03,0.000000E+00,0.000000E+00,-8.449921E-02
1.377000E+00,-3.425752E-01,2.688901E-03,-3.126314E-01,6.304586E-03,-3.494151E-01,2.673982E-03,-3.126149E-01,1.472361E-03,0.000000E+00,0.000000E+00,-1.249772E-01
1.378000E+00,-3.428896E-01,2.687404E-03,-3.144402E-01,-1.496998E-03,-3.497295E-01,2.676055E-03,-3.144386E-01,2.073171E-03,0.000000E+00,0.000000E+00,-9.507122E-02
1.379000E+00,-3.432050E-01,2.673114E-03,-3.153880E-01,-1.429070E-02,-3.500449E-01,2.671689E-03,-3.153974E-01,-4.366024E-03,0.000000E+00,0.000000E+00,-1.193566E-02
1.380000E+00,-3.435274E-01,2.675554E-03,-3.223924E-01,2.440943E-03,-3.503673E-01,2.677361E-03,-3.223709E-01,5.672813E-03,0.000000E+00,0.000000E+00,1.513661E-02
1.381000E+00,-3.438524E-01,2.676551E-03,-3.250214E-01,9.965589E-04,-3.506923E-01,2.671521E-03,-3.250163E-01,-5.840133E-03,0.000000E+00,0.000000E+00,-4.213212E-02
1.382000E+00,-3.441831E-01,2.679656E-03,-3.306778E-01,3.105139E-03,-3.510230E-01,2.681759E-03,-3.306581E-01,1.023804E-02,0.000000E+00,0.000000E+00,1.761792E-02
1.383000E+00,-3.445159E-01,2.674210E-03,-3.327685E-01,-5.445955E-03,-3.513557E-01,2.682475E-03,-3.327661E-01,7.152255E-04,0.000000E+00,0.000000E+00,6.922827E-02
1.384000E+00,-3.448472E-01,2.669758E-03,-3.313960E-01,-4.452597E-03,-3.516872E-01,2.673144E-03,-3.314088E-01,-9.330826E-03,0.000000E+00,0.000000E+00,2.836477E-02
1.385000E+00,-3.451703E-01,2.681844E-03,-3.230703E-01,1.208684E-02,-3.520103E-01,2.674092E-03,-3.230982E-01,9.477454E-04,0.000000E+00,0.000000E+00,-6.494361E-02
1.386000E+00,-3.454869E-01,2.689194E-03,-3.166143E-01,7.349746E-03,-3.523269E-01,2.678936E-03,-3.166185E-01,4.844138E-03,0.000000E+00,0.000000E+00,-8.593214E-02
1.387000E+00,-3.458032E-01,2.676672E-03,-3.163043E-01,-1.252270E-02,-3.526432E-01,2.677517E-03,-3.162974E-01,-1.418646E-03,0.000000E+00,0.000000E+00,7.082526E-03
1.388000E+00,-3.461134E-01,2.672259E-03,-3.101236E-01,-4.412822E-03,-3.529533E-01,2.688135E-03,-3.101172E-01,1.061841E-02,0.000000E+00,0.000000E+00,1.329939E-01
1.389000E+00,-3.464237E-01,2.676156E-03,-3.103759E-01,3.897525E-03,-3.532637E-01,2.695351E-03,-3.103766E-01,7.215511E-03,0.000000E+00,0.000000E+00,1.607874E-01
1.390000E+00,-3.467349E-01,2.681549E-03,-3.112007E-01,5.393137E-03,-3.535749E-01,2.683214E-03,-3.112385E-01,-1.213674E-02,0.000000E+00,0.000000E+00,1.394581E-02
1.391000E+00,-3.470483E-01,2.675826E-03,-3.133522E-01,-5.723531E-03,-3.538883E-01,2.663545E-03,-3.133549E-01,-1.966897E-02,0.000000E+00,0.000000E+00,-1.028696E-01
1.392000E+00,-3.473644E-01,2.669094E-03,-3.160713E-01,-6.732275E-03,-3.542043E-01,2.661478E-03,-3.160840E-01,-2.067304E-03,0.000000E+00,0.000000E+00,-6.379294E-02
1.393000E+00,-3.476780E-01,2.670765E-03,-3.136434E-01,1.671513E-03,-3.545180E-01,2.670031E-03,-3.136524E-01,8.552784E-03,0.000000E+00,0.000000E+00,-6.151315E-03
1.394000E+00,-3.479849E-01,2.685320E-03,-3.068656E-01,1.455524E-02,-3.548249E-01,2.680899E-03,-3.068718E-01,1.086860E-02,0.000000E+00,0.000000E+00,-3.703273E-02
1.395000E+00,-3.482900E-01,2.692176E-03,-3.051196E-01,6.855330E-03,-3.551300E-01,2.687413E-03,-3.051217E-01,6.513828E-03,0.000000E+00,0.000000E+00,-3.989334E-02
1.396000E+00,-3.485950E-01,2.684007E-03,-3.050194E-01,-8.168210E-03,-3.554350E-01,2.685091E-03,-3.050189E-01,-2.322547E-03,0.000000E+00,0.000000E+00,9.073307E-03
1.397000E+00,-3.488998E-01,2.665127E-03,-3.047498E-01,-1.888070E-02,-3.557398E-01,2.668091E-03,-3.047472E-01,-1.699965E-02,0.000000E+00,0.000000E+00,2.483009E-02
1.398000E+00,-3.492038E-01,2.658629E-03,-3.040505E-01,-6.498159E-03,-3.560438E-01,2.656270E-03,-3.040479E-01,-1.182118E-02,0.000000E+00,0.000000E+00,-1.975862E-02
1.399000E+00,-3.495093E-01,2.662424E-03,-3.054753E-01,3.795201E-03,-3.563493E-01,2.651880E-03,-3.054646E-01,-4.390080E-03,0.000000E+00,0.000000E+00,-8.832339E-02
1.400000E+00,-3.498169E-01,2.668687E-03,-3.076186E-01,6.263718E-03,-3.566569E-01,2.654484E-03,-3.076111E-01,2.604041E-03,0.000000E+00,0.000000E+00,-1.189791E-01
1.401000E+00,-3.501263E-01,2.677062E-03,-3.094370E-01,8.374466E-03,-3.569663E-01,2.664146E-03,-3.094400E-01,9.661880E-03,0.000000E+00,0.000000E+00,-1.081949E-01
1.402000E+00,-3.504373E-01,2.677013E-03,-3.109937E-01,-4.887332E-05,-3.572773E-01,2.674795E-03,-3.110065E-01,1.064904E-02,0.000000E+00,0.000000E+00,-1.858284E-02
1.403000E+00,-3.507492E-01,2.673954E-03,-3.118714E-01,-3.059262E-03,-3.575892E-01,2.673843E-03,-3.118683E-01,-9.517183E-04,0.000000E+00,0.000000E+00,-9.288167E-04
1.404000E+00,-3.510633E-01,2.678273E-03,-3.141408E-01,4.319606E-03,-3.579033E-01,2.672114E-03,-3.141339E-01,-1.728694E-03,0.000000E+00,0.000000E+00,-5.159300E-02
1.405000E+00,-3.513815E-01,2.676250E-03,-3.181548E-01,-2.023796E-03,-3.582215E-01,2.677919E-03,-3.181471E-01,5.804461E-03,0.000000E+00,0.000000E+00,1.398118E-02
1.406000E+00,-3.517024E-01,2.685273E-03,-3.209467E-01,9.022886E-03,-3.585424E-01,2.675901E-03,-3.209378E-01,-2.018184E-03,0.000000E+00,0.000000E+00,-7.850560E-02
1.407000E+00,-3.520252E-01,2.680156E-03,-3.227855E-01,-5.116484E-03,-3.588652E-01,2.671474E-03,-3.227712E-01,-4.426671E-03,0.000000E+00,0.000000E+00,-7.272746E-02
1.408000E+00,-3.523521E-01,2.671556E-03,-3.268960E-01,-8.599811E-03,-3.591921E-01,2.678759E-03,-3.268912E-01,7.285213E-03,0.000000E+00,0.000000E+00,6.033561E-02
1.409000E+00,-3.526812E-01,2.675394E-03,-3.290267E-01,3.837364E-03,-3.595211E-01,2.672315E-03,-3.290508E-01,-6.444110E-03,0.000000E+00,0.000000E+00,-2.578851E-02
1.410000E+00,-3.530094E-01,2.681755E-03,-3.282502E-01,6.361007E-03,-3.598494E-01,2.668291E-03,-3.282533E-01,-4.023533E-03,0.000000E+00,0.000000E+00,-1.127756E-01
1.411000E+00,-3.533358E-01,2.672436E-03,-3.264415E-01,-9.318975E-03,-3.601758E-01,2.675115E-03,-3.264667E-01,6.823720E-03,0.000000E+00,0.000000E+00,2.244523E-02
1.412000E+00,-3.536575E-01,2.672807E-03,-3.216535E-01,3.709612E-04,-3.604975E-01,2.675502E-03,-3.216547E-01,3.870825E-04,0.000000E+00,0.000000E+00,2.258027E-02
1.413000E+00,-3.539759E-01,2.677717E-03,-3.184304E-01,4.910209E-03,-3.608159E-01,2.671615E-03,-3.184199E-01,-3.887177E-03,0.000000E+00,0.000000E+00,-5.111178E-02
1.414000E+00,-3.542926E-01,2.674207E-03,-3.167166E-01,-3.509943E-03,-3.611326E-01,2.673566E-03,-3.167110E-01,1.951392E-03,0.000000E+00,0.000000E+00,-5.364423E-03
1.415000E+00,-3.546079E-01,2.670515E-03,-3.152672E-01,-3.691771E-03,-3.614479E-01,2.677633E-03,-3.152610E-01,4.066915E-03,0.000000E+00,0.000000E+00,5.962701E-02
1.416000E+00,-3.549212E-01,2.676068E-03,-3.133152E-01,5.552772E-03,-3.617612E-01,2.673482E-03,-3.133225E-01,-4.151673E-03,0.000000E+00,0.000000E+00,-2.166325E-02
1.417000E+00,-3.552323E-01,2.678310E-03,-3.111074E-01,2.242106E-03,-3.620723E-01,2.672295E-03,-3.111099E-01,-1.186938E-03,0.000000E+00,0.000000E+00,-5.038694E-02
1.418000E+00,-3.555413E-01,2.673611E-03,-3.089772E-01,-4.698684E-03,-3.623813E-01,2.671892E-03,-3.089819E-01,-4.027494E-04,0.000000E+00,0.000000E+00,-1.440165E-02
1.419000E+00,-3.558459E-01,2.675241E-03,-3.045872E-01,1.629293E-03,-3.626859E-01,2.677954E-03,-3.045908E-01,6.062249E-03,0.000000E+00,0.000000E+00,2.273139E-02
1.420000E+00,-3.561493E-01,2.670782E-03,-3.033741E-01,-4.458471E-03,-3.629893E-01,2.674333E-03,-3.033746E-01,-3.621203E-03,0.000000E+00,0.000000E+00,2.974483E-02
1.421000E+00,-3.564512E-01,2.670327E-03,-3.018834E-01,-4.553470E-04,-3.632912E-01,2.665472E-03,-3.018825E-01,-8.860795E-03,0.000000E+00,0.000000E+00,-4.066410E-02
1.422000E+00,-3.567508E-01,2.673120E-03,-2.996771E-01,2.793432E-03,-3.635908E-01,2.666945E-03,-2.996760E-01,1.473109E-03,0.000000E+00,0.000000E+00,-5.172390E-02
1.423000E+00,-3.570496E-01,2.675758E-03,-2.987679E-01,2.637510E-03,-3.638896E-01,2.673939E-03,-2.987703E-01,6.993302E-03,0.000000E+00,0.000000E+00,-1.523724E-02
1.424000E+00,-3.573477E-01,2.676760E-03,-2.980593E-01,1.002751E-03,-3.641877E-01,2.678088E-03,-2.980589E-01,4.148966E-03,0.000000E+00,0.000000E+00,1.111728E-02
1.425000E+00,-3.576458E-01,2.672514E-03,-2.981539E-01,-4.246045E-03,-3.644858E-01,2.670609E-03,-2.981528E-01,-7.478262E-03,0.000000E+00,0.000000E+00,-1.595765E-02
1.426000E+00,-3.579443E-01,2.672322E-03,-2.984317E-01,-1.920327E-04,-3.647842E-01,2.669240E-03,-2.984311E-01,-1.369337E-03,0.000000E+00,0.000000E+00,-2.581944E-02
1.427000E+00,-3.582440E-01,2.678676E-03,-2.997710E-01,6.353706E-03,-3.650840E-01,2.674227E-03,-2.997704E-01,4.987274E-03,0.000000E+00,0.000000E+00,-3.726548E-02
1.428000E+00,-3.585452E-01,2.680534E-03,-3.011776E-01,1.857510E-03,-3.653852E-01,2.677090E-03,-3.011795E-01,2.862383E-03,0.000000E+00,0.000000E+00,-2.884808E-02
1.429000E+00,-3.588471E-01,2.679196E-03,-3.019281E-01,-1.337982E-03,-3.656871E-01,2.672146E-03,-3.019256E-01,-4.943273E-03,0.000000E+00,0.000000E+00,-5.904810E-02
1.430000E+00,-3.591535E-01,2.673029E-03,-3.063974E-01,-6.166755E-03,-3.659935E-01,2.679267E-03,-3.063995E-01,7.120812E-03,0.000000E+00,0.000000E+00,5.225630E-02
1.431000E+00,-3.594634E-01,2.680500E-03,-3.098786E-01,7.471343E-03,-3.663034E-01,2.674231E-03,-3.098805E-01,-5.036295E-03,0.000000E+00,0.000000E+00,-5.251493E-02
1.432000E+00,-3.597769E-01,2.687517E-03,-3.135379E-01,7.016729E-03,-3.666169E-01,2.674931E-03,-3.135295E-01,7.004886E-04,0.000000E+00,0.000000E+00,-1.054235E-01
1.433000E+00,-3.600924E-01,2.681610E-03,-3.155039E-01,-5.906750E-03,-3.669324E-01,2.671875E-03,-3.155095E-01,-3.056481E-03,0.000000E+00,0.000000E+00,-8.154792E-02
1.434000E+00,-3.604100E-01,2.675065E-03,-3.175851E-01,-6.544923E-03,-3.672500E-01,2.677058E-03,-3.175917E-01,5.182570E-03,0.000000E+00,0.000000E+00,1.668834E-02
1.435000E+00,-3.607239E-01,2.674499E-03,-3.138336E-01,-5.658817E-04,-3.675639E-01,2.670210E-03,-3.138324E-01,-6.847529E-03,0.000000E+00,0.000000E+00,-3.593036E-02
1.436000E+00,-3.610291E-01,2.678109E-03,-3.052017E-01,3.609420E-03,-3.678691E-01,2.677938E-03,-3.052030E-01,7.728460E-03,0.000000E+00,0.000000E+00,-1.426898E-03
1.437000E+00,-3.613331E-01,2.672117E-03,-3.039977E-01,-5.992145E-03,-3.681731E-01,2.680421E-03,-3.039923E-01,2.482489E-03,0.000000E+00,0.000000E+00,6.956154E-02
1.438000E+00,-3.616344E-01,2.671829E-03,-3.013212E-01,-2.879378E-04,-3.684744E-01,2.670305E-03,-3.013248E-01,-1.011596E-02,0.000000E+00,0.000000E+00,-1.276370E-02
1.439000E+00,-3.619371E-01,2.677467E-03,-3.027423E-01,5.638353E-03,-3.687771E-01,2.666974E-03,-3.027331E-01,-3.331349E-03,0.000000E+00,0.000000E+00,-8.789917E-02
1.440000E+00,-3.622432E-01,2.674539E-03,-3.060639E-01,-2.928498E-03,-3.690832E-01,2.674358E-03,-3.060707E-01,7.384085E-03,0.000000E+00,0.000000E+00,-1.514968E-03
1.441000E+00,-3.625532E-01,2.677210E-03,-3.100494E-01,2.671748E-03,-3.693932E-01,2.680746E-03,-3.100475E-01,6.388687E-03,0.000000E+00,0.000000E+00,2.962028E-02
1.442000E+00,-3.628633E-01,2.675090E-03,-3.100220E-01,-2.120747E-03,-3.697033E-01,2.671846E-03,-3.100212E-01,-8.899952E-03,0.000000E+00,0.000000E+00,-2.716630E-02
1.443000E+00,-3.631716E-01,2.675795E-03,-3.083801E-01,7.049568E-04,-3.700116E-01,2.666272E-03,-3.083743E-01,-5.574585E-03,0.000000E+00,0.000000E+00,-7.976743E-02
1.444000E+00,-3.634762E-01,2.673343E-03,-3.045275E-01,-2.451114E-03,-3.703162E-01,2.671851E-03,-3.045338E-01,5.579396E-03,0.000000E+00,0.000000E+00,-1.249916E-02
1.445000E+00,-3.637755E-01,2.674346E-03,-2.993270E-01,1.002397E-03,-3.706155E-01,2.676075E-03,-2.993243E-01,4.223787E-03,0.000000E+00,0.000000E+00,1.448509E-02
1.446000E+00,-3.640709E-01,2.678302E-03,-2.953645E-01,3.955815E-03,-3.709109E-01,2.679217E-03,-2.953658E-01,3.142073E-03,0.000000E+00,0.000000E+00,7.668710E-03
1.447000E+00,-3.643655E-01,2.673961E-03,-2.946484E-01,-4.340280E-03,-3.712055E-01,2.672873E-03,-2.946490E-01,-6.343620E-03,0.000000E+00,0.000000E+00,-9.112438E-03
1.448000E+00,-3.646577E-01,2.672340E-03,-2.921766E-01,-1.621554E-03,-3.714977E-01,2.670883E-03,-2.921767E-01,-1.990819E-03,0.000000E+00,0.000000E+00,-1.220562E-02
1.449000E+00,-3.649489E-01,2.677014E-03,-2.912279E-01,4.674191E-03,-3.717889E-01,2.672182E-03,-2.912264E-01,1.298988E-03,0.000000E+00,0.000000E+00,-4.047830E-02
1.450000E+00,-3.652407E-01,2.673873E-03,-2.917401E-01,-3.141184E-03,-3.720806E-01,2.674940E-03,-2.917416E-01,2.758085E-03,0.000000E+00,0.000000E+00,8.937426E-03
1.451000E+00,-3.655332E-01,2.674007E-03,-2.925696E-01,1.337823E-04,-3.723732E-01,2.672138E-03,-2.925693E-01,-2.802111E-03,0.000000E+00,0.000000E+00,-1.565533E-02
1.452000E+00,-3.658279E-01,2.675150E-03,-2.946960E-01,1.143115E-03,-3.726679E-01,2.674337E-03,-2.946955E-01,2.199772E-03,0.000000E+00,0.000000E+00,-6.804155E-03
1.453000E+00,-3.661249E-01,2.672357E-03,-2.970294E-01,-2.793121E-03,-3.729649E-01,2.674852E-03,-2.970297E-01,5.143580E-04,0.000000E+00,0.000000E+00,2.090122E-02
1.454000E+00,-3.664254E-01,2.678772E-03,-3.004784E-01,6.415246E-03,-3.732654E-01,2.675866E-03,-3.004751E-01,1.013869E-03,0.000000E+00,0.000000E+00,-2.434388E-02
1.455000E+00,-3.667286E-01,2.679541E-03,-3.031768E-01,7.691189E-04,-3.735686E-01,2.670647E-03,-3.031740E-01,-5.218924E-03,0.000000E+00,0.000000E+00,-7.450325E-02
1.456000E+00,-3.670382E-01,2.675130E-03,-3.095763E-01,-4.410876E-03,-3.738782E-01,2.683737E-03,-3.095752E-01,1.309006E-02,0.000000E+00,0.000000E+00,7.209487E-02
1.457000E+00,-3.673505E-01,2.679055E-03,-3.122803E-01,3.924995E-03,-3.741904E-01,2.683643E-03,-3.122797E-01,-9.334136E-05,0.000000E+00,0.000000E+00,3.843493E-02
1.458000E+00,-3.676657E-01,2.689782E-03,-3.152612E-01,1.072716E-02,-3.745057E-01,2.670904E-03,-3.152361E-01,-1.273895E-02,0.000000E+00,0.000000E+00,-1.581313E-01
1.459000E+00,-3.679833E-01,2.691517E-03,-3.175605E-01,1.735010E-03,-3.748232E-01,2.673040E-03,-3.175608E-01,2.135161E-03,0.000000E+00,0.000000E+00,-1.547795E-01
1.460000E+00,-3.682986E-01,2.679691E-03,-3.153273E-01,-1.182653E-02,-3.751386E-01,2.681429E-03,-3.153470E-01,8.389768E-03,0.000000E+00,0.000000E+00,1.456450E-02
1.461000E+00,-3.686119E-01,2.662947E-03,-3.132657E-01,-1.674381E-02,-3.754518E-01,2.682475E-03,-3.132293E-01,1.046041E-03,0.000000E+00,0.000000E+00,1.635835E-01
1.462000E+00,-3.689202E-01,2.661234E-03,-3.082762E-01,-1.713303E-03,-3.757601E-01,2.672665E-03,-3.082861E-01,-9.809929E-03,0.000000E+00,0.000000E+00,9.576111E-02
1.463000E+00,-3.692269E-01,2.664105E-03,-3.067757E-01,2.871895E-03,-3.760669E-01,2.667644E-03,-3.067800E-01,-5.021467E-03,0.000000E+00,0.000000E+00,2.964137E-02
1.464000E+00,-3.695370E-01,2.676910E-03,-3.101138E-01,1.280453E-02,-3.763770E-01,2.669317E-03,-3.101063E-01,1.673237E-03,0.000000E+00,0.000000E+00,-6.360137E-02
1.465000E+00,-3.698534E-01,2.682736E-03,-3.163249E-01,5.826047E-03,-3.766933E-01,2.682873E-03,-3.163250E-01,1.355575E-02,0.000000E+00,0.000000E+00,1.147537E-03
1.466000E+00,-3.701711E-01,2.682228E-03,-3.177238E-01,-5.079685E-04,-3.770110E-01,2.689115E-03,-3.177157E-01,6.241849E-03,0.000000E+00,0.000000E+00,5.768836E-02
1.467000E+00,-3.704887E-01,2.676961E-03,-3.176003E-01,-5.267524E-03,-3.773286E-01,2.680352E-03,-3.175978E-01,-8.763324E-03,0.000000E+00,0.000000E+00,2.840530E-02
1.468000E+00,-3.708041E-01,2.672658E-03,-3.154373E-01,-4.302325E-03,-3.776441E-01,2.666670E-03,-3.154312E-01,-1.368147E-02,0.000000E+00,0.000000E+00,-5.016057E-02
1.469000E+00,-3.711119E-01,2.676687E-03,-3.077875E-01,4.029093E-03,-3.779518E-01,2.668704E-03,-3.077779E-01,2.034384E-03,0.000000E+00,0.000000E+00,-6.686965E-02
1.470000E+00,-3.714137E-01,2.675380E-03,-3.017946E-01,-1.306832E-03,-3.782536E-01,2.683183E-03,-3.017830E-01,1.447890E-02,0.000000E+00,0.000000E+00,6.536223E-02
1.471000E+00,-3.717120E-01,2.675914E-03,-2.982789E-01,5.340207E-04,-3.785519E-01,2.695412E-03,-2.982490E-01,1.222837E-02,0.000000E+00,0.000000E+00,1.633224E-01
1.472000E+00,-3.720097E-01,2.672209E-03,-2.977222E-01,-3.705618E-03,-3.788496E-01,2.696889E-03,-2.976964E-01,1.477344E-03,0.000000E+00,0.000000E+00,2.067390E-01
1.473000E+00,-3.723064E-01,2.674377E-03,-2.966905E-01,2.167822E-03,-3.791463E-01,2.686820E-03,-2.967165E-01,-1.006877E-02,0.000000E+00,0.000000E+00,1.042365E-01
1.474000E+00,-3.726032E-01,2.676946E-03,-2.967872E-01,2.569797E-03,-3.794431E-01,2.665596E-03,-2.967800E-01,-2.122416E-02,0.000000E+00,0.000000E+00,-9.507874E-02
1.475000E+00,-3.729023E-01,2.672993E-03,-2.991111E-01,-3.953167E-03,-3.797422E-01,2.655618E-03,-2.990936E-01,-9.977793E-03,0.000000E+00,0.000000E+00,-1.455455E-01
1.476000E+00,-3.732049E-01,2.675527E-03,-3.026279E-01,2.534025E-03,-3.800448E-01,2.660393E-03,-3.026308E-01,4.774625E-03,0.000000E+00,0.000000E+00,-1.267767E-01
1.477000E+00,-3.735114E-01,2.675999E-03,-3.065099E-01,4.717945E-04,-3.803513E-01,2.674136E-03,-3.065248E-01,1.374348E-02,0.000000E+00,0.000000E+00,-1.560328E-02
1.478000E+00,-3.738212E-01,2.671646E-03,-3.097247E-01,-4.353173E-03,-3.806610E-01,2.691560E-03,-3.096953E-01,1.742315E-02,0.000000E+00,0.000000E+00,1.668113E-01
1.479000E+00,-3.741315E-01,2.676608E-03,-3.103645E-01,4.962436E-03,-3.809714E-01,2.692080E-03,-3.103752E-01,5.199361E-04,0.000000E+00,0.000000E+00,1.295976E-01
1.480000E+00,-3.744422E-01,2.681636E-03,-3.106329E-01,5.027225E-03,-3.812820E-01,2.675506E-03,-3.106467E-01,-1.657402E-02,0.000000E+00,0.000000E+00,-5.135032E-02
1.481000E+00,-3.747548E-01,2.683392E-03,-3.125993E-01,1.756778E-03,-3.815946E-01,2.653116E-03,-3.125332E-01,-2.238904E-02,0.000000E+00,0.000000E+00,-2.536142E-01
1.482000E+00,-3.750734E-01,2.678498E-03,-3.186396E-01,-4.894701E-03,-3.819132E-01,2.654173E-03,-3.186617E-01,1.056313E-03,0.000000E+00,0.000000E+00,-2.037638E-01
1.483000E+00,-3.753956E-01,2.673037E-03,-3.221885E-01,-5.460389E-03,-3.822354E-01,2.662979E-03,-3.222199E-01,8.806668E-03,0.000000E+00,0.000000E+00,-8.425214E-02
1.484000E+00,-3.757160E-01,2.678181E-03,-3.204083E-01,5.143690E-03,-3.825558E-01,2.669853E-03,-3.203981E-01,6.873367E-03,0.000000E+00,0.000000E+00,-6.976320E-02
1.485000E+00,-3.760332E-01,2.677740E-03,-3.172219E-01,-4.407536E-04,-3.828731E-01,2.679443E-03,-3.172068E-01,9.590586E-03,0.000000E+00,0.000000E+00,1.426695E-02
1.486000E+00,-3.763478E-01,2.675635E-03,-3.145669E-01,-2.105629E-03,-3.831876E-01,2.686074E-03,-3.145572E-01,6.630138E-03,0.000000E+00,0.000000E+00,8.744461E-02
1.487000E+00,-3.766589E-01,2.676931E-03,-3.110699E-01,1.296242E-03,-3.834987E-01,2.677916E-03,-3.110564E-01,-8.157458E-03,0.000000E+00,0.000000E+00,8.253013E-03
1.488000E+00,-3.769706E-01,2.671171E-03,-3.117740E-01,-5.759859E-03,-3.838104E-01,2.666160E-03,-3.117436E-01,-1.175588E-02,0.000000E+00,0.000000E+00,-4.197468E-02
1.489000E+00,-3.772885E-01,2.672714E-03,-3.178919E-01,1.542982E-03,-3.841283E-01,2.675630E-03,-3.178450E-01,9.469611E-03,0.000000E+00,0.000000E+00,2.442564E-02
1.490000E+00,-3.776110E-01,2.683639E-03,-3.225062E-01,1.092462E-02,-3.844507E-01,2.677177E-03,-3.224756E-01,1.547064E-03,0.000000E+00,0.000000E+00,-5.412951E-02
1.491000E+00,-3.779339E-01,2.693066E-03,-3.228779E-01,9.427148E-03,-3.847735E-01,2.666511E-03,-3.228053E-01,-1.066555E-02,0.000000E+00,0.000000E+00,-2.224462E-01
1.492000E+00,-3.782559E-01,2.696828E-03,-3.220238E-01,3.762235E-03,-3.850955E-01,2.667176E-03,-3.219985E-01,6.650915E-04,0.000000E+00,0.000000E+00,-2.483915E-01
1.493000E+00,-3.785743E-01,2.690856E-03,-3.183568E-01,-5.971724E-03,-3.854139E-01,2.679626E-03,-3.184095E-01,1.244912E-02,0.000000E+00,0.000000E+00,-9.407971E-02
1.494000E+00,-3.788912E-01,2.668912E-03,-3.169150E-01,-2.194443E-02,-3.857308E-01,2.688383E-03,-3.168511E-01,8.757608E-03,0.000000E+00,0.000000E+00,1.631121E-01
1.495000E+00,-3.792039E-01,2.660986E-03,-3.126508E-01,-7.926352E-03,-3.860434E-01,2.685372E-03,-3.125820E-01,-3.010815E-03,0.000000E+00,0.000000E+00,2.042916E-01
1.496000E+00,-3.795141E-01,2.663010E-03,-3.102786E-01,2.024227E-03,-3.863536E-01,2.672958E-03,-3.102743E-01,-1.241398E-02,0.000000E+00,0.000000E+00,8.334132E-02
1.497000E+00,-3.798229E-01,2.673375E-03,-3.087713E-01,1.036499E-02,-3.866624E-01,2.664754E-03,-3.087551E-01,-8.203961E-03,0.000000E+00,0.000000E+00,-7.221395E-02
1.498000E+00,-3.801332E-01,2.681300E-03,-3.103269E-01,7.925450E-03,-3.869727E-01,2.665004E-03,-3.102951E-01,2.497833E-04,0.000000E+00,0.000000E+00,-1.365148E-01
1.499000E+00,-3.804465E-01,2.679108E-03,-3.132911E-01,-2.192583E-03,-3.872860E-01,2.673882E-03,-3.132843E-01,8.877419E-03,0.000000E+00,0.000000E+00,-4.377925E-02
1.500000E+00,-3.807607E-01,2.666100E-03,-3.141463E-01,-1.300776E-02,-3.876001E-01,2.673363E-03,-3.141429E-01,-5.185788E-04,0.000000E+00,0.000000E+00,6.084552E-02
1.501000E+00,-3.810763E-01,2.663809E-03,-3.155923E-01,-2.290897E-03,-3.879157E-01,2.674036E-03,-3.155781E-01,6.728848E-04,0.000000E+00,0.000000E+00,8.567396E-02
1.502000E+00,-3.813935E-01,2.670506E-03,-3.172112E-01,6.697146E-03,-3.882329E-01,2.671610E-03,-3.171920E-01,-2.425929E-03,0.000000E+00,0.000000E+00,9.247739E-03
1.503000E+00,-3.817129E-01,2.681693E-03,-3.194811E-01,1.118645E-02,-3.885523E-01,2.672818E-03,-3.194404E-01,1.208482E-03,0.000000E+00,0.000000E+00,-7.434088E-02
1.504000E+00,-3.820347E-01,2.683263E-03,-3.217910E-01,1.570321E-03,-3.888741E-01,2.676291E-03,-3.218033E-01,3.472263E-03,0.000000E+00,0.000000E+00,-5.840761E-02
1.505000E+00,-3.823576E-01,2.680681E-03,-3.228204E-01,-2.581989E-03,-3.891970E-01,2.673566E-03,-3.228271E-01,-2.725112E-03,0.000000E+00,0.000000E+00,-5.960654E-02
1.506000E+00,-3.826841E-01,2.678268E-03,-3.264981E-01,-2.412469E-03,-3.895234E-01,2.677793E-03,-3.264823E-01,4.227641E-03,0.000000E+00,0.000000E+00,-3.980347E-03
1.507000E+00,-3.830140E-01,2.674313E-03,-3.299398E-01,-3.955181E-03,-3.898534E-01,2.672660E-03,-3.299758E-01,-5.132925E-03,0.000000E+00,0.000000E+00,-1.384661E-02
1.508000E+00,-3.833502E-01,2.682699E-03,-3.362306E-01,8.385702E-03,-3.901896E-01,2.676388E-03,-3.361794E-01,3.727761E-03,0.000000E+00,0.000000E+00,-5.286786E-02
1.509000E+00,-3.836860E-01,2.678120E-03,-3.357314E-01,-4.579295E-03,-3.905253E-01,2.670016E-03,-3.356526E-01,-6.372522E-03,0.000000E+00,0.000000E+00,-6.789110E-02
1.510000E+00,-3.840181E-01,2.668988E-03,-3.321823E-01,-9.131495E-03,-3.908574E-01,2.675377E-03,-3.321186E-01,5.360934E-03,0.000000E+00,0.000000E+00,5.351878E-02
1.511000E+00,-3.843417E-01,2.680957E-03,-3.235213E-01,1.196902E-02,-3.911809E-01,2.679087E-03,-3.234917E-01,3.710826E-03,0.000000E+00,0.000000E+00,-1.566440E-02
1.512000E+00,-3.846637E-01,2.679765E-03,-3.220573E-01,-1.191849E-03,-3.915028E-01,2.675272E-03,-3.219585E-01,-3.815078E-03,0.000000E+00,0.000000E+00,-3.764118E-02
1.513000E+00,-3.849829E-01,2.675455E-03,-3.192046E-01,-4.310011E-03,-3.918220E-01,2.677457E-03,-3.191558E-01,2.184361E-03,0.000000E+00,0.000000E+00,1.676667E-02
1.514000E+00,-3.853009E-01,2.672589E-03,-3.179993E-01,-2.866666E-03,-3.921400E-01,2.668907E-03,-3.179901E-01,-8.549340E-03,0.000000E+00,0.000000E+00,-3.084130E-02
1.515000E+00,-3.856213E-01,2.673073E-03,-3.203341E-01,4.845176E-04,-3.924603E-01,2.667004E-03,-3.203560E-01,-1.903328E-03,0.000000E+00,0.000000E+00,-5.084588E-02
1.516000E+00,-3.859432E-01,2.677717E-03,-3.219138E-01,4.643594E-03,-3.927823E-01,2.670681E-03,-3.219579E-01,3.676897E-03,0.000000E+00,0.000000E+00,-5.894421E-02
1.517000E+00,-3.862649E-01,2.680330E-03,-3.217318E-01,2.613079E-03,-3.931041E-01,2.674872E-03,-3.217876E-01,4.190745E-03,0.000000E+00,0.000000E+00,-4.572669E-02
1.518000E+00,-3.865864E-01,2.672158E-03,-3.215065E-01,-8.171732E-03,-3.934256E-01,2.671019E-03,-3.215604E-01,-3.852332E-03,0.000000E+00,0.000000E+00,-9.540446E-03
1.519000E+00,-3.869038E-01,2.670995E-03,-3.174073E-01,-1.162840E-03,-3.937431E-01,2.670073E-03,-3.174565E-01,-9.463869E-04,0.000000E+00,0.000000E+00,-7.727045E-03
1.520000E+00,-3.872175E-01,2.673065E-03,-3.136884E-01,2.069391E-03,-3.940568E-01,2.676925E-03,-3.137491E-01,6.851688E-03,0.000000E+00,0.000000E+00,3.233622E-02
1.521000E+00,-3.875291E-01,2.675814E-03,-3.115933E-01,2.748963E-03,-3.943685E-01,2.671659E-03,-3.116328E-01,-5.265442E-03,0.000000E+00,0.000000E+00,-3.480341E-02
1.522000E+00,-3.878386E-01,2.670951E-03,-3.095253E-01,-4.862241E-03,-3.946780E-01,2.671929E-03,-3.095551E-01,2.698102E-04,0.000000E+00,0.000000E+00,8.189525E-03
1.523000E+00,-3.881458E-01,2.673043E-03,-3.071769E-01,2.091908E-03,-3.949852E-01,2.673455E-03,-3.072017E-01,1.526048E-03,0.000000E+00,0.000000E+00,3.449130E-03
1.524000E+00,-3.884521E-01,2.678138E-03,-3.062936E-01,5.094455E-03,-3.952915E-01,2.675785E-03,-3.063116E-01,2.330194E-03,0.000000E+00,0.000000E+00,-1.970780E-02
1.525000E+00,-3.887582E-01,2.676705E-03,-3.061282E-01,-1.432419E-03,-3.955977E-01,2.674040E-03,-3.061422E-01,-1.744997E-03,0.000000E+00,0.000000E+00,-2.232630E-02
1.526000E+00,-3.890647E-01,2.667830E-03,-3.064379E-01,-8.875101E-03,-3.959041E-01,2.670902E-03,-3.064494E-01,-3.138209E-03,0.000000E+00,0.000000E+00,2.573298E-02
1.527000E+00,-3.893728E-01,2.663932E-03,-3.081273E-01,-3.898096E-03,-3.962123E-01,2.667758E-03,-3.081397E-01,-3.144433E-03,0.000000E+00,0.000000E+00,3.204652E-02
1.528000E+00,-3.896837E-01,2.674529E-03,-3.108612E-01,1.059695E-02,-3.965231E-01,2.668926E-03,-3.108616E-01,1.168805E-03,0.000000E+00,0.000000E+00,-4.693499E-02
1.529000E+00,-3.899979E-01,2.679869E-03,-3.142422E-01,5.340115E-03,-3.968374E-01,2.677178E-03,-3.142388E-01,8.251509E-03,0.000000E+00,0.000000E+00,-2.254564E-02
1.530000E+00,-3.903131E-01,2.673645E-03,-3.152289E-01,-6.224130E-03,-3.971526E-01,2.678918E-03,-3.152432E-01,1.739786E-03,0.000000E+00,0.000000E+00,4.416969E-02
1.531000E+00,-3.906324E-01,2.677345E-03,-3.192736E-01,3.699793E-03,-3.974719E-01,2.679142E-03,-3.192630E-01,2.240990E-04,0.000000E+00,0.000000E+00,1.505315E-02
1.532000E+00,-3.909541E-01,2.675775E-03,-3.217402E-01,-1.570165E-03,-3.977937E-01,2.667792E-03,-3.217792E-01,-1.134979E-02,0.000000E+00,0.000000E+00,-6.687242E-02
1.533000E+00,-3.912819E-01,2.685029E-03,-3.278004E-01,9.254815E-03,-3.981214E-01,2.667384E-03,-3.277750E-01,-4.077750E-04,0.000000E+00,0.000000E+00,-1.478178E-01
1.534000E+00,-3.916105E-01,2.686180E-03,-3.286068E-01,1.150527E-03,-3.984500E-01,2.673431E-03,-3.286069E-01,6.046403E-03,0.000000E+00,0.000000E+00,-1.068043E-01
1.535000E+00,-3.919364E-01,2.674930E-03,-3.258989E-01,-1.124950E-02,-3.987759E-01,2.682626E-03,-3.258596E-01,9.195474E-03,0.000000E+00,0.000000E+00,6.446749E-02
1.536000E+00,-3.922568E-01,2.675513E-03,-3.203238E-01,5.824017E-04,-3.990962E-01,2.678417E-03,-3.202579E-01,-4.209469E-03,0.000000E+00,0.000000E+00,2.432509E-02
1.537000E+00,-3.925726E-01,2.680406E-03,-3.158416E-01,4.893220E-03,-3.994120E-01,2.676469E-03,-3.158311E-01,-1.947361E-03,0.000000E+00,0.000000E+00,-3.298071E-02
1.538000E+00,-3.928874E-01,2.673512E-03,-3.148331E-01,-6.893828E-03,-3.997268E-01,2.675235E-03,-3.148362E-01,-1.234393E-03,0.000000E+00,0.000000E+00,1.443026E-02
1.539000E+00,-3.932036E-01,2.668247E-03,-3.162014E-01,-5.265462E-03,-4.000430E-01,2.672918E-03,-3.161939E-01,-2.316577E-03,0.000000E+00,0.000000E+00,3.913409E-02
1.540000E+00,-3.935241E-01,2.675326E-03,-3.204324E-01,7.079543E-03,-4.003635E-01,2.674126E-03,-3.204475E-01,1.207956E-03,0.000000E+00,0.000000E+00,-1.005417E-02
1.541000E+00,-3.938468E-01,2.687339E-03,-3.226823E-01,1.201277E-02,-4.006861E-01,2.676140E-03,-3.226696E-01,2.014047E-03,0.000000E+00,0.000000E+00,-9.381680E-02
1.542000E+00,-3.941699E-01,2.687645E-03,-3.231848E-01,3.057293E-04,-4.010093E-01,2.672923E-03,-3.231962E-01,-3.216824E-03,0.000000E+00,0.000000E+00,-1.233261E-01
1.543000E+00,-3.944911E-01,2.680166E-03,-3.211530E-01,-7.479313E-03,-4.013305E-01,2.673464E-03,-3.212049E-01,5.405921E-04,0.000000E+00,0.000000E+00,-5.614051E-02
1.544000E+00,-3.948080E-01,2.671598E-03,-3.168863E-01,-8.567799E-03,-4.016475E-01,2.680114E-03,-3.169365E-01,6.650350E-03,0.000000E+00,0.000000E+00,7.134530E-02
1.545000E+00,-3.951204E-01,2.677083E-03,-3.124449E-01,5.484962E-03,-4.019600E-01,2.673487E-03,-3.124834E-01,-6.627799E-03,0.000000E+00,0.000000E+00,-3.012549E-02
1.546000E+00,-3.954298E-01,2.674079E-03,-3.094080E-01,-3.003505E-03,-4.022694E-01,2.672653E-03,-3.094292E-01,-8.337453E-04,0.000000E+00,0.000000E+00,-1.194905E-02
1.547000E+00,-3.957370E-01,2.675271E-03,-3.071947E-01,1.191909E-03,-4.025766E-01,2.676767E-03,-3.072104E-01,4.114514E-03,0.000000E+00,0.000000E+00,1.253395E-02
1.548000E+00,-3.960434E-01,2.675331E-03,-3.063582E-01,6.019051E-05,-4.028830E-01,2.672613E-03,-3.063619E-01,-4.154249E-03,0.000000E+00,0.000000E+00,-2.277085E-02
1.549000E+00,-3.963495E-01,2.676155E-03,-3.060681E-01,8.239019E-04,-4.031890E-01,2.672013E-03,-3.060677E-01,-6.003046E-04,0.000000E+00,0.000000E+00,-3.470157E-02
1.550000E+00,-3.966558E-01,2.672217E-03,-3.062966E-01,-3.938156E-03,-4.034953E-01,2.674701E-03,-3.062959E-01,2.688676E-03,0.000000E+00,0.000000E+00,2.081208E-02
1.551000E+00,-3.969628E-01,2.677294E-03,-3.070264E-01,5.077263E-03,-4.038023E-01,2.675500E-03,-3.070220E-01,7.987063E-04,0.000000E+00,0.000000E+00,-1.502984E-02
1.552000E+00,-3.972707E-01,2.679255E-03,-3.079149E-01,1.961099E-03,-4.041103E-01,2.668491E-03,-3.079152E-01,-7.008851E-03,0.000000E+00,0.000000E+00,-9.017201E-02
1.553000E+00,-3.975812E-01,2.679326E-03,-3.105531E-01,7.046498E-05,-4.044208E-01,2.672877E-03,-3.105575E-01,4.385599E-03,0.000000E+00,0.000000E+00,-5.402369E-02
1.554000E+00,-3.978938E-01,2.670470E-03,-3.125298E-01,-8.855874E-03,-4.047333E-01,2.678754E-03,-3.125232E-01,5.876687E-03,0.000000E+00,0.000000E+00,6.939251E-02
1.555000E+00,-3.982089E-01,2.675797E-03,-3.151309E-01,5.326563E-03,-4.050484E-01,2.671397E-03,-3.151102E-01,-7.356537E-03,0.000000E+00,0.000000E+00,-3.685530E-02
1.556000E+00,-3.985308E-01,2.683057E-03,-3.218721E-01,7.260591E-03,-4.053703E-01,2.676374E-03,-3.218720E-01,4.976665E-03,0.000000E+00,0.000000E+00,-5.598804E-02
1.557000E+00,-3.988542E-01,2.686418E-03,-3.234651E-01,3.360945E-03,-4.056938E-01,2.674256E-03,-3.234574E-01,-2.118173E-03,0.000000E+00,0.000000E+00,-1.018874E-01
1.558000E+00,-3.991808E-01,2.689779E-03,-3.265475E-01,3.361060E-03,-4.060203E-01,2.673976E-03,-3.265146E-01,-2.796780E-04,0.000000E+00,0.000000E+00,-1.323869E-01
1.559000E+00,-3.995077E-01,2.680832E-03,-3.269530E-01,-8.946707E-03,-4.063472E-01,2.672944E-03,-3.269467E-01,-1.031799E-03,0.000000E+00,0.000000E+00,-6.608249E-02
1.560000E+00,-3.998289E-01,2.670990E-03,-3.211902E-01,-9.842074E-03,-4.066684E-01,2.676965E-03,-3.211686E-01,4.020511E-03,0.000000E+00,0.000000E+00,5.004718E-02
1.561000E+00,-4.001397E-01,2.685345E-03,-3.107399E-01,1.435430E-02,-4.069792E-01,2.680963E-03,-3.107511E-01,3.997989E-03,0.000000E+00,0.000000E+00,-3.670987E-02
1.562000E+00,-4.004488E-01,2.688230E-03,-3.091195E-01,2.885556E-03,-4.072883E-01,2.686521E-03,-3.091536E-01,5.558917E-03,0.000000E+00,0.000000E+00,-1.431451E-02
1.563000E+00,-4.007577E-01,2.672364E-03,-3.089505E-01,-1.586612E-02,-4.075972E-01,2.686525E-03,-3.089325E-01,3.848480E-06,0.000000E+00,0.000000E+00,1.186310E-01
1.564000E+00,-4.010680E-01,2.668971E-03,-3.102507E-01,-3.392858E-03,-4.079075E-01,2.674043E-03,-3.102556E-01,-1.248241E-02,0.000000E+00,0.000000E+00,4.248625E-02
1.565000E+00,-4.013865E-01,2.685091E-03,-3.185350E-01,1.612012E-02,-4.082260E-01,2.674014E-03,-3.185146E-01,-2.852478E-05,0.000000E+00,0.000000E+00,-9.279408E-02
1.566000E+00,-4.017096E-01,2.697845E-03,-3.230219E-01,1.275366E-02,-4.085490E-01,2.683832E-03,-3.229927E-01,9.818086E-03,0.000000E+00,0.000000E+00,-1.173864E-01
1.567000E+00,-4.020323E-01,2.707854E-03,-3.227916E-01,1.000847E-02,-4.088717E-01,2.677038E-03,-3.227139E-01,-6.794289E-03,0.000000E+00,0.000000E+00,-2.581486E-01
1.568000E+00,-4.023539E-01,2.706395E-03,-3.215100E-01,-1.458847E-03,-4.091932E-01,2.666360E-03,-3.214492E-01,-1.067773E-02,0.000000E+00,0.000000E+00,-3.353792E-01
1.569000E+00,-4.026718E-01,2.696735E-03,-3.179794E-01,-9.659218E-03,-4.095112E-01,2.671525E-03,-3.180554E-01,5.164290E-03,0.000000E+00,0.000000E+00,-2.111971E-01
1.570000E+00,-4.029871E-01,2.679757E-03,-3.152595E-01,-1.697803E-02,-4.098266E-01,2.682241E-03,-3.153479E-01,1.071601E-02,0.000000E+00,0.000000E+00,2.080355E-02
1.571000E+00,-4.033004E-01,2.658772E-03,-3.133398E-01,-2.098554E-02,-4.101399E-01,2.677564E-03,-3.132999E-01,-4.676686E-03,0.000000E+00,0.000000E+00,1.574267E-01
1.572000E+00,-4.036119E-01,2.649874E-03,-3.114866E-01,-8.897402E-03,-4.104514E-01,2.666280E-03,-3.114896E-01,-1.128451E-02,0.000000E+00,0.000000E+00,1.374294E-01
1.573000E+00,-4.039238E-01,2.655383E-03,-3.118735E-01,5.508263E-03,-4.107633E-01,2.659579E-03,-3.119016E-01,-6.700595E-03,0.000000E+00,0.000000E+00,3.515276E-02
1.574000E+00,-4.042390E-01,2.669788E-03,-3.151789E-01,1.440522E-02,-4.110785E-01,2.661146E-03,-3.151871E-01,1.566829E-03,0.000000E+00,0.000000E+00,-7.239714E-02
1.575000E+00,-4.045572E-01,2.685820E-03,-3.182642E-01,1.603247E-02,-4.113967E-01,2.670977E-03,-3.182586E-01,9.831152E-03,0.000000E+00,0.000000E+00,-1.243468E-01
1.576000E+00,-4.048765E-01,2.697628E-03,-3.192854E-01,1.180800E-02,-4.117160E-01,2.677718E-03,-3.192696E-01,6.740722E-03,0.000000E+00,0.000000E+00,-1.667966E-01
1.577000E+00,-4.051961E-01,2.696753E-03,-3.195568E-01,-8.752968E-04,-4.120355E-01,2.672938E-03,-3.195605E-01,-4.779422E-03,0.000000E+00,0.000000E+00,-1.995019E-01
1.578000E+00,-4.055181E-01,2.688941E-03,-3.220442E-01,-7.811701E-03,-4.123576E-01,2.674432E-03,-3.220828E-01,1.493305E-03,0.000000E+00,0.000000E+00,-1.215517E-01
1.579000E+00,-4.058430E-01,2.677409E-03,-3.248570E-01,-1.153205E-02,-4.126825E-01,2.679043E-03,-3.248695E-01,4.611743E-03,0.000000E+00,0.000000E+00,1.368769E-02
1.580000E+00,-4.061686E-01,2.665138E-03,-3.255799E-01,-1.227126E-02,-4.130081E-01,2.667660E-03,-3.255926E-01,-1.138325E-02,0.000000E+00,0.000000E+00,2.112663E-02
1.581000E+00,-4.065028E-01,2.670960E-03,-3.341962E-01,5.821770E-03,-4.133423E-01,2.673111E-03,-3.342087E-01,5.451366E-03,0.000000E+00,0.000000E+00,1.802366E-02
1.582000E+00,-4.068431E-01,2.685657E-03,-3.403904E-01,1.469725E-02,-4.136827E-01,2.688105E-03,-3.404018E-01,1.499312E-02,0.000000E+00,0.000000E+00,2.050218E-02
1.583000E+00,-4.071833E-01,2.696547E-03,-3.401660E-01,1.088959E-02,-4.140229E-01,2.687223E-03,-3.401728E-01,-8.819375E-04,0.000000E+00,0.000000E+00,-7.810924E-02
1.584000E+00,-4.075233E-01,2.702855E-03,-3.399981E-01,6.308282E-03,-4.143628E-01,2.671309E-03,-3.399455E-01,-1.591314E-02,0.000000E+00,0.000000E+00,-2.642608E-01
1.585000E+00,-4.078600E-01,2.698385E-03,-3.366734E-01,-4.469985E-03,-4.146995E-01,2.666623E-03,-3.366872E-01,-4.686670E-03,0.000000E+00,0.000000E+00,-2.660755E-01
1.586000E+00,-4.081909E-01,2.682680E-03,-3.308728E-01,-1.570472E-02,-4.150305E-01,2.681747E-03,-3.309782E-01,1.512392E-02,0.000000E+00,0.000000E+00,-7.820694E-03
1.587000E+00,-4.085193E-01,2.666303E-03,-3.284426E-01,-1.637769E-02,-4.153589E-01,2.694116E-03,-3.284273E-01,1.236966E-02,0.000000E+00,0.000000E+00,2.329961E-01
1.588000E+00,-4.088465E-01,2.663142E-03,-3.272510E-01,-3.160444E-03,-4.156862E-01,2.691029E-03,-3.272686E-01,-3.087312E-03,0.000000E+00,0.000000E+00,2.336081E-01
1.589000E+00,-4.091761E-01,2.666628E-03,-3.295182E-01,3.485531E-03,-4.160158E-01,2.678644E-03,-3.295734E-01,-1.238485E-02,0.000000E+00,0.000000E+00,1.006618E-01
1.590000E+00,-4.095108E-01,2.677849E-03,-3.347231E-01,1.122111E-02,-4.163505E-01,2.667300E-03,-3.347471E-01,-1.134427E-02,0.000000E+00,0.000000E+00,-8.836714E-02
1.591000E+00,-4.098519E-01,2.700424E-03,-3.411118E-01,2.257539E-02,-4.166915E-01,2.671523E-03,-3.410420E-01,4.222696E-03,0.000000E+00,0.000000E+00,-2.421076E-01
1.592000E+00,-4.101958E-01,2.719013E-03,-3.439357E-01,1.858918E-02,-4.170354E-01,2.677104E-03,-3.438334E-01,5.580972E-03,0.000000E+00,0.000000E+00,-3.510799E-01
1.593000E+00,-4.105399E-01,2.722674E-03,-3.440420E-01,3.660691E-03,-4.173793E-01,2.672711E-03,-3.439616E-01,-4.392492E-03,0.000000E+00,0.000000E+00,-4.185445E-01
1.594000E+00,-4.108822E-01,2.717399E-03,-3.422888E-01,-5.275313E-03,-4.177217E-01,2.676715E-03,-3.423316E-01,4.003937E-03,0.000000E+00,0.000000E+00,-3.408112E-01
1.595000E+00,-4.112239E-01,2.703296E-03,-3.416841E-01,-1.410240E-02,-4.180634E-01,2.676693E-03,-3.417426E-01,-2.237973E-05,0.000000E+00,0.000000E+00,-2.228612E-01
1.596000E+00,-4.115646E-01,2.672181E-03,-3.407686E-01,-3.111577E-02,-4.184042E-01,2.675952E-03,-3.407828E-01,-7.410852E-04,0.000000E+00,0.000000E+00,3.159005E-02
1.597000E+00,-4.119025E-01,2.658266E-03,-3.378777E-01,-1.391457E-02,-4.187420E-01,2.681165E-03,-3.378240E-01,5.213574E-03,0.000000E+00,0.000000E+00,1.918293E-01
1.598000E+00,-4.122408E-01,2.656066E-03,-3.382991E-01,-2.199726E-03,-4.190803E-01,2.677907E-03,-3.382835E-01,-3.258643E-03,0.000000E+00,0.000000E+00,1.829590E-01
1.599000E+00,-4.125808E-01,2.663415E-03,-3.399935E-01,7.349097E-03,-4.194203E-01,2.670367E-03,-3.400044E-01,-7.539085E-03,0.000000E+00,0.000000E+00,5.823846E-02
1.600000E+00,-4.129226E-01,2.679684E-03,-3.418299E-01,1.626874E-02,-4.197621E-01,2.664875E-03,-3.418021E-01,-5.492836E-03,0.000000E+00,0.000000E+00,-1.240623E-01
1.601000E+00,-4.132647E-01,2.692114E-03,-3.420347E-01,1.242954E-02,-4.201041E-01,2.664895E-03,-3.419870E-01,1.989682E-05,0.000000E+00,0.000000E+00,-2.280211E-01
1.602000E+00,-4.136071E-01,2.697366E-03,-3.424202E-01,5.252401E-03,-4.204465E-01,2.666928E-03,-3.423956E-01,2.033233E-03,0.000000E+00,0.000000E+00,-2.549893E-01
1.603000E+00,-4.139507E-01,2.696286E-03,-3.436316E-01,-1.079892E-03,-4.207901E-01,2.674495E-03,-3.436473E-01,7.567026E-03,0.000000E+00,0.000000E+00,-1.825522E-01
1.604000E+00,-4.142965E-01,2.690679E-03,-3.457918E-01,-5.606984E-03,-4.211359E-01,2.681236E-03,-3.457900E-01,6.741711E-03,0.000000E+00,0.000000E+00,-7.910431E-02
1.605000E+00,-4.146427E-01,2.670885E-03,-3.461931E-01,-1.979398E-02,-4.214821E-01,2.676526E-03,-3.462130E-01,-4.710346E-03,0.000000E+00,0.000000E+00,4.725533E-02
1.606000E+00,-4.149941E-01,2.670215E-03,-3.514477E-01,-6.698495E-04,-4.218335E-01,2.675738E-03,-3.514021E-01,-7.880650E-04,0.000000E+00,0.000000E+00,4.626531E-02
1.607000E+00,-4.153492E-01,2.675251E-03,-3.550951E-01,5.035643E-03,-4.221886E-01,2.670944E-03,-3.550999E-01,-4.793728E-03,0.000000E+00,0.000000E+00,-3.607835E-02
1.608000E+00,-4.157076E-01,2.678161E-03,-3.583410E-01,2.909921E-03,-4.225470E-01,2.673519E-03,-3.583347E-01,2.574272E-03,0.000000E+00,0.000000E+00,-3.889022E-02
1.609000E+00,-4.160647E-01,2.672981E-03,-3.571433E-01,-5.179751E-03,-4.229041E-01,2.678371E-03,-3.571401E-01,4.852759E-03,0.000000E+00,0.000000E+00,4.515527E-02
1.610000E+00,-4.164188E-01,2.675798E-03,-3.540570E-01,2.816745E-03,-4.232582E-01,2.675495E-03,-3.540809E-01,-2.876826E-03,0.000000E+00,0.000000E+00,-2.541562E-03
1.611000E+00,-4.167692E-01,2.673248E-03,-3.503894E-01,-2.549687E-03,-4.236086E-01,2.670926E-03,-3.503672E-01,-4.568724E-03,0.000000E+00,0.000000E+00,-1.945568E-02
1.612000E+00,-4.171136E-01,2.677482E-03,-3.444310E-01,4.233983E-03,-4.239530E-01,2.678222E-03,-3.444446E-01,7.296387E-03,0.000000E+00,0.000000E+00,6.199036E-03
1.613000E+00,-4.174568E-01,2.679641E-03,-3.432452E-01,2.158684E-03,-4.242963E-01,2.674487E-03,-3.432578E-01,-3.735348E-03,0.000000E+00,0.000000E+00,-4.317694E-02
1.614000E+00,-4.177997E-01,2.674885E-03,-3.428512E-01,-4.756373E-03,-4.246391E-01,2.672762E-03,-3.428578E-01,-1.725117E-03,0.000000E+00,0.000000E+00,-1.778324E-02
1.615000E+00,-4.181417E-01,2.670373E-03,-3.419818E-01,-4.511749E-03,-4.249811E-01,2.675096E-03,-3.419843E-01,2.334617E-03,0.000000E+00,0.000000E+00,3.957063E-02
1.616000E+00,-4.184814E-01,2.673546E-03,-3.397596E-01,3.173310E-03,-4.253209E-01,2.674545E-03,-3.397662E-01,-5.517853E-04,0.000000E+00,0.000000E+00,8.364493E-03
1.617000E+00,-4.188193E-01,2.680081E-03,-3.378740E-01,6.534487E-03,-4.256588E-01,2.674029E-03,-3.378816E-01,-5.153309E-04,0.000000E+00,0.000000E+00,-5.069363E-02
1.618000E+00,-4.191562E-01,2.673631E-03,-3.368839E-01,-6.449193E-03,-4.259956E-01,2.673669E-03,-3.368870E-01,-3.597752E-04,0.000000E+00,0.000000E+00,3.189637E-04
1.619000E+00,-4.194902E-01,2.669018E-03,-3.340232E-01,-4.613379E-03,-4.263297E-01,2.674033E-03,-3.340266E-01,3.637367E-04,0.000000E+00,0.000000E+00,4.201348E-02
1.620000E+00,-4.198209E-01,2.675122E-03,-3.307232E-01,6.103722E-03,-4.266604E-01,2.675679E-03,-3.307355E-01,1.645951E-03,0.000000E+00,0.000000E+00,4.669631E-03
1.621000E+00,-4.201499E-01,2.676988E-03,-3.289580E-01,1.866313E-03,-4.269894E-01,2.674794E-03,-3.289597E-01,-8.848486E-04,0.000000E+00,0.000000E+00,-1.837748E-02
1.622000E+00,-4.204775E-01,2.675234E-03,-3.275816E-01,-1.754289E-03,-4.273169E-01,2.674782E-03,-3.275842E-01,-1.277869E-05,0.000000E+00,0.000000E+00,-3.788448E-03
1.623000E+00,-4.208034E-01,2.674732E-03,-3.258895E-01,-5.019876E-04,-4.276428E-01,2.675385E-03,-3.258862E-01,6.031489E-04,0.000000E+00,0.000000E+00,5.469533E-03
1.624000E+00,-4.211284E-01,2.674504E-03,-3.250134E-01,-2.278678E-04,-4.279678E-01,2.669182E-03,-3.250092E-01,-6.202431E-03,0.000000E+00,0.000000E+00,-4.458078E-02
1.625000E+00,-4.214523E-01,2.676328E-03,-3.239147E-01,1.823857E-03,-4.282918E-01,2.671505E-03,-3.239180E-01,2.322853E-03,0.000000E+00,0.000000E+00,-4.040055E-02
1.626000E+00,-4.217763E-01,2.672846E-03,-3.240483E-01,-3.481685E-03,-4.286158E-01,2.674067E-03,-3.240505E-01,2.562402E-03,0.000000E+00,0.000000E+00,1.023216E-02
1.627000E+00,-4.221013E-01,2.675587E-03,-3.249103E-01,2.740978E-03,-4.289407E-01,2.675203E-03,-3.249125E-01,1.135004E-03,0.000000E+00,0.000000E+00,-3.221451E-03
1.628000E+00,-4.224272E-01,2.675451E-03,-3.259580E-01,-1.355724E-04,-4.292667E-01,2.673083E-03,-3.259597E-01,-2.119569E-03,0.000000E+00,0.000000E+00,-1.984184E-02
1.629000E+00,-4.227556E-01,2.675626E-03,-3.283724E-01,1.745913E-04,-4.295950E-01,2.671060E-03,-3.283646E-01,-2.022752E-03,0.000000E+00,0.000000E+00,-3.824951E-02
1.630000E+00,-4.230885E-01,2.673918E-03,-3.329520E-01,-1.708027E-03,-4.299280E-01,2.678400E-03,-3.329345E-01,7.339363E-03,0.000000E+00,0.000000E+00,3.754267E-02
1.631000E+00,-4.234257E-01,2.686683E-03,-3.371966E-01,1.276502E-02,-4.302652E-01,2.675346E-03,-3.371691E-01,-3.053968E-03,0.000000E+00,0.000000E+00,-9.497733E-02
1.632000E+00,-4.237650E-01,2.687763E-03,-3.392575E-01,1.079761E-03,-4.306044E-01,2.670764E-03,-3.392699E-01,-4.581530E-03,0.000000E+00,0.000000E+00,-1.424031E-01
1.633000E+00,-4.241079E-01,2.690483E-03,-3.429383E-01,2.720451E-03,-4.309474E-01,2.676106E-03,-3.429365E-01,5.341584E-03,0.000000E+00,0.000000E+00,-1.204453E-01
1.634000E+00,-4.244504E-01,2.685058E-03,-3.424337E-01,-5.425308E-03,-4.312898E-01,2.674881E-03,-3.424479E-01,-1.225067E-03,0.000000E+00,0.000000E+00,-8.525870E-02
1.635000E+00,-4.247901E-01,2.672434E-03,-3.397686E-01,-1.262367E-02,-4.316296E-01,2.676920E-03,-3.397607E-01,2.039793E-03,0.000000E+00,0.000000E+00,3.758086E-02
1.636000E+00,-4.251210E-01,2.683928E-03,-3.308571E-01,1.149400E-02,-4.319604E-01,2.671910E-03,-3.308614E-01,-5.010623E-03,0.000000E+00,0.000000E+00,-1.006826E-01
1.637000E+00,-4.254462E-01,2.686526E-03,-3.251921E-01,2.597445E-03,-4.322857E-01,2.682420E-03,-3.252339E-01,1.051054E-02,0.000000E+00,0.000000E+00,-3.439237E-02
1.638000E+00,-4.257709E-01,2.675063E-03,-3.247004E-01,-1.146252E-02,-4.326103E-01,2.681522E-03,-3.246762E-01,-8.978501E-04,0.000000E+00,0.000000E+00,5.411030E-02
1.639000E+00,-4.260957E-01,2.662790E-03,-3.248387E-01,-1.227278E-02,-4.329352E-01,2.670371E-03,-3.248193E-01,-1.115102E-02,0.000000E+00,0.000000E+00,6.350775E-02
1.640000E+00,-4.264234E-01,2.670089E-03,-3.276530E-01,7.298744E-03,-4.332628E-01,2.664431E-03,-3.276215E-01,-5.940185E-03,0.000000E+00,0.000000E+00,-4.739845E-02
1.641000E+00,-4.267538E-01,2.682273E-03,-3.304121E-01,1.218421E-02,-4.335931E-01,2.665797E-03,-3.303598E-01,1.366029E-03,0.000000E+00,0.000000E+00,-1.380265E-01
1.642000E+00,-4.270843E-01,2.684480E-03,-3.304717E-01,2.206559E-03,-4.339236E-01,2.668881E-03,-3.304313E-01,3.084120E-03,0.000000E+00,0.000000E+00,-1.306756E-01
1.643000E+00,-4.274135E-01,2.678329E-03,-3.292753E-01,-6.150800E-03,-4.342528E-01,2.672169E-03,-3.292242E-01,3.288099E-03,0.000000E+00,0.000000E+00,-5.160262E-02
1.644000E+00,-4.277399E-01,2.670791E-03,-3.263531E-01,-7.538307E-03,-4.345791E-01,2.678709E-03,-3.262760E-01,6.539880E-03,0.000000E+00,0.000000E+00,6.633781E-02
1.645000E+00,-4.280620E-01,2.676678E-03,-3.221434E-01,5.886839E-03,-4.349012E-01,2.673507E-03,-3.220864E-01,-5.202409E-03,0.000000E+00,0.000000E+00,-2.656337E-02
1.646000E+00,-4.283813E-01,2.675603E-03,-3.192333E-01,-1.074618E-03,-4.352203E-01,2.674781E-03,-3.191681E-01,1.273606E-03,0.000000E+00,0.000000E+00,-6.890854E-03
1.647000E+00,-4.286982E-01,2.671415E-03,-3.169596E-01,-4.187965E-03,-4.355372E-01,2.671416E-03,-3.168716E-01,-3.364947E-03,0.000000E+00,0.000000E+00,4.164606E-06
1.648000E+00,-4.290126E-01,2.673214E-03,-3.144034E-01,1.799301E-03,-4.358515E-01,2.671646E-03,-3.143529E-01,2.300029E-04,0.000000E+00,0.000000E+00,-1.314325E-02
1.649000E+00,-4.293255E-01,2.676642E-03,-3.128600E-01,3.427575E-03,-4.361644E-01,2.674104E-03,-3.128338E-01,2.458663E-03,0.000000E+00,0.000000E+00,-2.126077E-02
1.650000E+00,-4.296383E-01,2.673668E-03,-3.127986E-01,-2.973970E-03,-4.364772E-01,2.674933E-03,-3.127773E-01,8.289938E-04,0.000000E+00,0.000000E+00,1.060021E-02
1.651000E+00,-4.299517E-01,2.673869E-03,-3.134243E-01,2.011599E-04,-4.367906E-01,2.675859E-03,-3.134057E-01,9.256943E-04,0.000000E+00,0.000000E+00,1.667037E-02
1.652000E+00,-4.302655E-01,2.677010E-03,-3.137531E-01,3.140992E-03,-4.371043E-01,2.671554E-03,-3.137467E-01,-4.305408E-03,0.000000E+00,0.000000E+00,-4.571541E-02
1.653000E+00,-4.305812E-01,2.672422E-03,-3.157392E-01,-4.588169E-03,-4.374201E-01,2.667026E-03,-3.157604E-01,-4.527136E-03,0.000000E+00,0.000000E+00,-4.520393E-02
1.654000E+00,-4.309013E-01,2.675169E-03,-3.201473E-01,2.746527E-03,-4.377402E-01,2.675847E-03,-3.201442E-01,8.820534E-03,0.000000E+00,0.000000E+00,5.683822E-03
1.655000E+00,-4.312265E-01,2.685247E-03,-3.251536E-01,1.007875E-02,-4.380653E-01,2.687476E-03,-3.251155E-01,1.162914E-02,0.000000E+00,0.000000E+00,1.867310E-02
1.656000E+00,-4.315517E-01,2.689493E-03,-3.251729E-01,4.245470E-03,-4.383905E-01,2.681242E-03,-3.251745E-01,-6.233836E-03,0.000000E+00,0.000000E+00,-6.912255E-02
1.657000E+00,-4.318789E-01,2.685645E-03,-3.272214E-01,-3.847467E-03,-4.387178E-01,2.671176E-03,-3.272635E-01,-1.006642E-02,0.000000E+00,0.000000E+00,-1.212241E-01
1.658000E+00,-4.322109E-01,2.685188E-03,-3.319746E-01,-4.571313E-04,-4.390497E-01,2.674365E-03,-3.319763E-01,3.189010E-03,0.000000E+00,0.000000E+00,-9.067693E-02
1.659000E+00,-4.325434E-01,2.671415E-03,-3.325078E-01,-1.377300E-02,-4.393823E-01,2.671905E-03,-3.325235E-01,-2.459906E-03,0.000000E+00,0.000000E+00,4.103507E-03
1.660000E+00,-4.328663E-01,2.674839E-03,-3.228764E-01,3.424214E-03,-4.397052E-01,2.677062E-03,-3.229363E-01,5.157381E-03,0.000000E+00,0.000000E+00,1.862370E-02
1.661000E+00,-4.331812E-01,2.690852E-03,-3.149120E-01,1.601220E-02,-4.400202E-01,2.678125E-03,-3.149445E-01,1.062521E-03,0.000000E+00,0.000000E+00,-1.066219E-01
1.662000E+00,-4.334961E-01,2.692446E-03,-3.148914E-01,1.594264E-03,-4.403351E-01,2.673685E-03,-3.149261E-01,-4.440220E-03,0.000000E+00,0.000000E+00,-1.571767E-01
1.663000E+00,-4.338096E-01,2.680283E-03,-3.135687E-01,-1.216257E-02,-4.406487E-01,2.674508E-03,-3.136597E-01,8.235721E-04,0.000000E+00,0.000000E+00,-4.838140E-02
1.664000E+00,-4.341259E-01,2.663023E-03,-3.162477E-01,-1.726056E-02,-4.409650E-01,2.675381E-03,-3.162942E-01,8.726501E-04,0.000000E+00,0.000000E+00,1.035317E-01
1.665000E+00,-4.344491E-01,2.672736E-03,-3.232503E-01,9.712879E-03,-4.412884E-01,2.666054E-03,-3.233217E-01,-9.326714E-03,0.000000E+00,0.000000E+00,-5.597379E-02
1.666000E+00,-4.347812E-01,2.700172E-03,-3.320402E-01,2.743670E-02,-4.416203E-01,2.673485E-03,-3.319865E-01,7.431344E-03,0.000000E+00,0.000000E+00,-2.235697E-01
1.667000E+00,-4.351145E-01,2.715983E-03,-3.333814E-01,1.581108E-02,-4.419537E-01,2.679559E-03,-3.333263E-01,6.073560E-03,0.000000E+00,0.000000E+00,-3.051473E-01
1.668000E+00,-4.354476E-01,2.717466E-03,-3.330915E-01,1.482277E-03,-4.422867E-01,2.675095E-03,-3.330083E-01,-4.464031E-03,0.000000E+00,0.000000E+00,-3.549661E-01
1.669000E+00,-4.357775E-01,2.713858E-03,-3.298604E-01,-3.607928E-03,-4.426166E-01,2.678469E-03,-3.298886E-01,3.373591E-03,0.000000E+00,0.000000E+00,-2.964773E-01
1.670000E+00,-4.361065E-01,2.700477E-03,-3.289650E-01,-1.338027E-02,-4.429456E-01,2.678316E-03,-3.290254E-01,-1.530618E-04,0.000000E+00,0.000000E+00,-1.856638E-01
1.671000E+00,-4.364354E-01,2.668263E-03,-3.289485E-01,-3.221490E-02,-4.432745E-01,2.673751E-03,-3.289484E-01,-4.565007E-03,0.000000E+00,0.000000E+00,4.597653E-02
1.672000E+00,-4.367611E-01,2.653689E-03,-3.256907E-01,-1.457368E-02,-4.436002E-01,2.671883E-03,-3.256551E-01,-1.867177E-03,0.000000E+00,0.000000E+00,1.524276E-01
1.673000E+00,-4.370874E-01,2.660112E-03,-3.262890E-01,6.423082E-03,-4.439265E-01,2.671973E-03,-3.263009E-01,9.013004E-05,0.000000E+00,0.000000E+00,9.937215E-02
1.674000E+00,-4.374172E-01,2.677811E-03,-3.298395E-01,1.769916E-02,-4.442563E-01,2.675042E-03,-3.298464E-01,3.068641E-03,0.000000E+00,0.000000E+00,-2.319744E-02
1.675000E+00,-4.377484E-01,2.691820E-03,-3.312021E-01,1.400935E-02,-4.445875E-01,2.671146E-03,-3.311889E-01,-3.895840E-03,0.000000E+00,0.000000E+00,-1.732010E-01
1.676000E+00,-4.380805E-01,2.702972E-03,-3.320388E-01,1.115188E-02,-4.449195E-01,2.668900E-03,-3.319938E-01,-2.245814E-03,0.000000E+00,0.000000E+00,-2.854427E-01
1.677000E+00,-4.384134E-01,2.706212E-03,-3.328858E-01,3.240188E-03,-4.452524E-01,2.672629E-03,-3.328968E-01,3.728985E-03,0.000000E+00,0.000000E+00,-2.813473E-01
1.678000E+00,-4.387477E-01,2.698114E-03,-3.342969E-01,-8.098863E-03,-4.455868E-01,2.677431E-03,-3.343583E-01,4.801445E-03,0.000000E+00,0.000000E+00,-1.732722E-01
1.679000E+00,-4.390836E-01,2.681048E-03,-3.358968E-01,-1.706555E-02,-4.459227E-01,2.678284E-03,-3.359510E-01,8.535432E-04,0.000000E+00,0.000000E+00,-2.315272E-02
1.680000E+00,-4.394212E-01,2.668295E-03,-3.376072E-01,-1.275326E-02,-4.462603E-01,2.672418E-03,-3.376012E-01,-5.866157E-03,0.000000E+00,0.000000E+00,3.454461E-02
1.681000E+00,-4.397658E-01,2.668928E-03,-3.446106E-01,6.332730E-04,-4.466049E-01,2.677607E-03,-3.446042E-01,5.188854E-03,0.000000E+00,0.000000E+00,7.270943E-02
1.682000E+00,-4.401119E-01,2.677296E-03,-3.461559E-01,8.367581E-03,-4.469511E-01,2.668885E-03,-3.461955E-01,-8.722180E-03,0.000000E+00,0.000000E+00,-7.046124E-02
1.683000E+00,-4.404594E-01,2.683017E-03,-3.474877E-01,5.721027E-03,-4.472986E-01,2.663272E-03,-3.475077E-01,-5.612955E-03,0.000000E+00,0.000000E+00,-1.654113E-01
1.684000E+00,-4.408040E-01,2.682670E-03,-3.445437E-01,-3.468658E-04,-4.476433E-01,2.668908E-03,-3.446245E-01,5.635809E-03,0.000000E+00,0.000000E+00,-1.152903E-01
1.685000E+00,-4.411443E-01,2.673496E-03,-3.402969E-01,-9.174056E-03,-4.479837E-01,2.685137E-03,-3.403900E-01,1.622883E-02,0.000000E+00,0.000000E+00,9.751900E-02
1.686000E+00,-4.414807E-01,2.671572E-03,-3.364166E-01,-1.923554E-03,-4.483201E-01,2.689839E-03,-3.364689E-01,4.702488E-03,0.000000E+00,0.000000E+00,1.530260E-01
1.687000E+00,-4.418146E-01,2.671237E-03,-3.339320E-01,-3.357063E-04,-4.486541E-01,2.681964E-03,-3.339911E-01,-7.874655E-03,0.000000E+00,0.000000E+00,8.986984E-02
1.688000E+00,-4.421476E-01,2.671031E-03,-3.330326E-01,-2.058749E-04,-4.489872E-01,2.669031E-03,-3.330510E-01,-1.293395E-02,0.000000E+00,0.000000E+00,-1.675536E-02
1.689000E+00,-4.424827E-01,2.674079E-03,-3.350727E-01,3.048011E-03,-4.493222E-01,2.668939E-03,-3.350724E-01,-9.150025E-05,0.000000E+00,0.000000E+00,-4.305552E-02
1.690000E+00,-4.428216E-01,2.675444E-03,-3.388896E-01,1.365084E-03,-4.496611E-01,2.680169E-03,-3.388637E-01,1.123032E-02,0.000000E+00,0.000000E+00,3.958720E-02
1.691000E+00,-4.431600E-01,2.673144E-03,-3.384451E-01,-2.299646E-03,-4.499995E-01,2.673785E-03,-3.384124E-01,-6.383992E-03,0.000000E+00,0.000000E+00,5.371909E-03
1.692000E+00,-4.434986E-01,2.674132E-03,-3.385729E-01,9.881232E-04,-4.503380E-01,2.675425E-03,-3.385213E-01,1.639445E-03,0.000000E+00,0.000000E+00,1.082826E-02
1.693000E+00,-4.438347E-01,2.675753E-03,-3.361082E-01,1.620328E-03,-4.506741E-01,2.673155E-03,-3.360462E-01,-2.270257E-03,0.000000E+00,0.000000E+00,-2.176449E-02
1.694000E+00,-4.441676E-01,2.673545E-03,-3.328551E-01,-2.207481E-03,-4.510069E-01,2.676227E-03,-3.328274E-01,3.072110E-03,0.000000E+00,0.000000E+00,2.246466E-02
1.695000E+00,-4.444964E-01,2.669316E-03,-3.287961E-01,-4.228801E-03,-4.513356E-01,2.676276E-03,-3.287412E-01,4.914754E-05,0.000000E+00,0.000000E+00,5.830319E-02
1.696000E+00,-4.448221E-01,2.674829E-03,-3.257677E-01,5.512270E-03,-4.516614E-01,2.670980E-03,-3.257285E-01,-5.295399E-03,0.000000E+00,0.000000E+00,-3.223785E-02
1.697000E+00,-4.451456E-01,2.673806E-03,-3.234938E-01,-1.022312E-03,-4.519848E-01,2.670789E-03,-3.234609E-01,-1.909778E-04,0.000000E+00,0.000000E+00,-2.527346E-02
1.698000E+00,-4.454671E-01,2.675926E-03,-3.214338E-01,2.119428E-03,-4.523063E-01,2.678092E-03,-3.214196E-01,7.302763E-03,0.000000E+00,0.000000E+00,1.815025E-02
1.699000E+00,-4.457881E-01,2.674028E-03,-3.210029E-01,-1.898017E-03,-4.526272E-01,2.673139E-03,-3.209916E-01,-4.953462E-03,0.000000E+00,0.000000E+00,-7.446978E-03
1.700000E+00,-4.461089E-01,2.673978E-03,-3.208162E-01,-4.982663E-05,-4.529481E-01,2.665175E-03,-3.208030E-01,-7.963689E-03,0.000000E+00,0.000000E+00,-7.374613E-02
1.701000E+00,-4.464299E-01,2.675680E-03,-3.210319E-01,1.701863E-03,-4.532691E-01,2.667362E-03,-3.210308E-01,2.186769E-03,0.000000E+00,0.000000E+00,-6.968380E-02
1.702000E+00,-4.467520E-01,2.676827E-03,-3.220331E-01,1.146837E-03,-4.535911E-01,2.672163E-03,-3.220377E-01,4.800975E-03,0.000000E+00,0.000000E+00,-3.907089E-02
1.703000E+00,-4.470765E-01,2.675140E-03,-3.245231E-01,-1.686447E-03,-4.539156E-01,2.681054E-03,-3.245035E-01,8.891718E-03,0.000000E+00,0.000000E+00,4.954885E-02
1.704000E+00,-4.474020E-01,2.674692E-03,-3.255534E-01,-4.477949E-04,-4.542412E-01,2.674923E-03,-3.255485E-01,-6.131216E-03,0.000000E+00,0.000000E+00,1.935311E-03
1.705000E+00,-4.477320E-01,2.676587E-03,-3.299639E-01,1.895134E-03,-4.545711E-01,2.673573E-03,-3.299751E-01,-1.350256E-03,0.000000E+00,0.000000E+00,-2.525331E-02
1.706000E+00,-4.480673E-01,2.688521E-03,-3.353318E-01,1.193320E-02,-4.549064E-01,2.674087E-03,-3.352784E-01,5.140742E-04,0.000000E+00,0.000000E+00,-1.209191E-01
1.707000E+00,-4.484047E-01,2.689530E-03,-3.374096E-01,1.009093E-03,-4.552438E-01,2.671196E-03,-3.374092E-01,-2.891587E-03,0.000000E+00,0.000000E+00,-1.535976E-01
1.708000E+00,-4.487461E-01,2.684726E-03,-3.414107E-01,-4.803297E-03,-4.555853E-01,2.678070E-03,-3.414323E-01,6.874282E-03,0.000000E+00,0.000000E+00,-5.576676E-02
1.709000E+00,-4.490873E-01,2.675644E-03,-3.411543E-01,-9.082716E-03,-4.559264E-01,2.669596E-03,-3.411591E-01,-8.473960E-03,0.000000E+00,0.000000E+00,-5.066678E-02
1.710000E+00,-4.494209E-01,2.675931E-03,-3.336393E-01,2.871165E-04,-4.562601E-01,2.677480E-03,-3.337025E-01,7.884314E-03,0.000000E+00,0.000000E+00,1.297973E-02
1.711000E+00,-4.497508E-01,2.673433E-03,-3.298212E-01,-2.497399E-03,-4.565899E-01,2.673473E-03,-3.297734E-01,-4.006838E-03,0.000000E+00,0.000000E+00,3.342982E-04
1.712000E+00,-4.500716E-01,2.684652E-03,-3.208578E-01,1.121860E-02,-4.569108E-01,2.682213E-03,-3.209203E-01,8.739999E-03,0.000000E+00,0.000000E+00,-2.043033E-02
1.713000E+00,-4.503913E-01,2.684790E-03,-3.196732E-01,1.382423E-04,-4.572306E-01,2.689129E-03,-3.197541E-01,6.915222E-03,0.000000E+00,0.000000E+00,3.634374E-02
1.714000E+00,-4.507116E-01,2.675518E-03,-3.202838E-01,-9.272368E-03,-4.575509E-01,2.680619E-03,-3.203504E-01,-8.509584E-03,0.000000E+00,0.000000E+00,4.273351E-02
1.715000E+00,-4.510345E-01,2.665600E-03,-3.229370E-01,-9.918365E-03,-4.578740E-01,2.664876E-03,-3.230296E-01,-1.574246E-02,0.000000E+00,0.000000E+00,-6.057040E-03
1.716000E+00,-4.513639E-01,2.674681E-03,-3.293669E-01,9.081314E-03,-4.582033E-01,2.663084E-03,-3.293820E-01,-1.791995E-03,0.000000E+00,0.000000E+00,-9.714524E-02
1.717000E+00,-4.516956E-01,2.683670E-03,-3.317600E-01,8.988908E-03,-4.585351E-01,2.670144E-03,-3.317783E-01,7.059328E-03,0.000000E+00,0.000000E+00,-1.133094E-01
1.718000E+00,-4.520263E-01,2.682530E-03,-3.306615E-01,-1.139386E-03,-4.588658E-01,2.678331E-03,-3.306998E-01,8.187202E-03,0.000000E+00,0.000000E+00,-3.517854E-02
1.719000E+00,-4.523565E-01,2.672354E-03,-3.302348E-01,-1.017609E-02,-4.591961E-01,2.679105E-03,-3.302570E-01,7.743644E-04,0.000000E+00,0.000000E+00,5.655504E-02
1.720000E+00,-4.526829E-01,2.670845E-03,-3.264041E-01,-1.509020E-03,-4.595225E-01,2.670801E-03,-3.263977E-01,-8.304584E-03,0.000000E+00,0.000000E+00,-3.723495E-04
1.721000E+00,-4.530041E-01,2.679914E-03,-3.211231E-01,9.068742E-03,-4.598436E-01,2.670449E-03,-3.211102E-01,-3.513332E-04,0.000000E+00,0.000000E+00,-7.928583E-02
1.722000E+00,-4.533238E-01,2.681584E-03,-3.196965E-01,1.669627E-03,-4.601633E-01,2.674072E-03,-3.197003E-01,3.622801E-03,0.000000E+00,0.000000E+00,-6.292376E-02
1.723000E+00,-4.536432E-01,2.670877E-03,-3.194521E-01,-1.070708E-02,-4.604827E-01,2.677410E-03,-3.194486E-01,3.337385E-03,0.000000E+00,0.000000E+00,5.472897E-02
1.724000E+00,-4.539617E-01,2.664735E-03,-3.184887E-01,-6.142032E-03,-4.608012E-01,2.673746E-03,-3.184791E-01,-3.663659E-03,0.000000E+00,0.000000E+00,7.549080E-02
1.725000E+00,-4.542799E-01,2.667019E-03,-3.181885E-01,2.284936E-03,-4.611194E-01,2.672012E-03,-3.181864E-01,-1.734269E-03,0.000000E+00,0.000000E+00,4.182125E-02
1.726000E+00,-4.545988E-01,2.676643E-03,-3.189497E-01,9.623847E-03,-4.614383E-01,2.673907E-03,-3.189480E-01,1.895281E-03,0.000000E+00,0.000000E+00,-2.292234E-02
1.727000E+00,-4.549186E-01,2.681307E-03,-3.197903E-01,4.663978E-03,-4.617581E-01,2.677781E-03,-3.197863E-01,3.874083E-03,0.000000E+00,0.000000E+00,-2.953945E-02
1.728000E+00,-4.552386E-01,2.677101E-03,-3.199521E-01,-4.206655E-03,-4.620781E-01,2.673372E-03,-3.199525E-01,-4.409370E-03,0.000000E+00,0.000000E+00,-3.123763E-02
1.729000E+00,-4.555613E-01,2.675776E-03,-3.227184E-01,-1.324213E-03,-4.624008E-01,2.676996E-03,-3.227150E-01,3.624682E-03,0.000000E+00,0.000000E+00,1.022018E-02
1.730000E+00,-4.558858E-01,2.674205E-03,-3.245236E-01,-1.571496E-03,-4.627253E-01,2.671896E-03,-3.245494E-01,-5.100818E-03,0.000000E+00,0.000000E+00,-1.934554E-02
1.731000E+00,-4.562175E-01,2.681538E-03,-3.317242E-01,7.333246E-03,-4.630571E-01,2.681648E-03,-3.317191E-01,9.752674E-03,0.000000E+00,0.000000E+00,9.223884E-04
1.732000E+00,-4.565513E-01,2.682061E-03,-3.337127E-01,5.233456E-04,-4.633908E-01,2.684309E-03,-3.337410E-01,2.661125E-03,0.000000E+00,0.000000E+00,1.883084E-02
1.733000E+00,-4.568851E-01,2.677617E-03,-3.337911E-01,-4.444369E-03,-4.637247E-01,2.668650E-03,-3.338442E-01,-1.565945E-02,0.000000E+00,0.000000E+00,-7.511873E-02
1.734000E+00,-4.572191E-01,2.675184E-03,-3.340331E-01,-2.433073E-03,-4.640587E-01,2.658274E-03,-3.340614E-01,-1.037574E-02,0.000000E+00,0.000000E+00,-1.416541E-01
1.735000E+00,-4.575446E-01,2.678634E-03,-3.254717E-01,3.449745E-03,-4.643843E-01,2.671457E-03,-3.255587E-01,1.318277E-02,0.000000E+00,0.000000E+00,-6.011974E-02
1.736000E+00,-4.578621E-01,2.680904E-03,-3.175765E-01,2.269883E-03,-4.647019E-01,2.694860E-03,-3.175984E-01,2.340306E-02,0.000000E+00,0.000000E+00,1.169107E-01
1.737000E+00,-4.581792E-01,2.673465E-03,-3.171133E-01,-7.438312E-03,-4.650189E-01,2.703256E-03,-3.170596E-01,8.395652E-03,0.000000E+00,0.000000E+00,2.495507E-01
1.738000E+00,-4.584939E-01,2.667658E-03,-3.146937E-01,-5.806890E-03,-4.653336E-01,2.710949E-03,-3.146391E-01,7.693189E-03,0.000000E+00,0.000000E+00,3.626400E-01
1.739000E+00,-4.588102E-01,2.671715E-03,-3.162159E-01,4.056090E-03,-4.656498E-01,2.713040E-03,-3.162360E-01,2.091043E-03,0.000000E+00,0.000000E+00,3.461784E-01
1.740000E+00,-4.591296E-01,2.690563E-03,-3.194319E-01,1.884836E-02,-4.659694E-01,2.696251E-03,-3.195592E-01,-1.678849E-02,0.000000E+00,0.000000E+00,4.765162E-02
1.741000E+00,-4.594492E-01,2.702716E-03,-3.196489E-01,1.215289E-02,-4.662889E-01,2.662970E-03,-3.195602E-01,-3.328132E-02,0.000000E+00,0.000000E+00,-3.329444E-01
1.742000E+00,-4.597719E-01,2.705869E-03,-3.226628E-01,3.153495E-03,-4.666115E-01,2.648331E-03,-3.225516E-01,-1.463906E-02,0.000000E+00,0.000000E+00,-4.819921E-01
1.743000E+00,-4.600914E-01,2.700162E-03,-3.195066E-01,-5.707700E-03,-4.669311E-01,2.651081E-03,-3.195874E-01,2.749467E-03,0.000000E+00,0.000000E+00,-4.111451E-01
1.744000E+00,-4.604050E-01,2.682387E-03,-3.135938E-01,-1.777481E-02,-4.672448E-01,2.673595E-03,-3.137841E-01,2.251429E-02,0.000000E+00,0.000000E+00,-7.364847E-02
1.745000E+00,-4.607131E-01,2.659396E-03,-3.081356E-01,-2.299092E-02,-4.675528E-01,2.708009E-03,-3.079859E-01,3.441455E-02,0.000000E+00,0.000000E+00,4.072255E-01
1.746000E+00,-4.610189E-01,2.651484E-03,-3.057818E-01,-7.912292E-03,-4.678583E-01,2.730110E-03,-3.055145E-01,2.210022E-02,0.000000E+00,0.000000E+00,6.586423E-01
1.747000E+00,-4.613250E-01,2.652083E-03,-3.060790E-01,5.995443E-04,-4.681643E-01,2.738535E-03,-3.059882E-01,8.425077E-03,0.000000E+00,0.000000E+00,7.241990E-01
1.748000E+00,-4.616317E-01,2.661460E-03,-3.067006E-01,9.376549E-03,-4.684712E-01,2.734583E-03,-3.068643E-01,-3.951502E-03,0.000000E+00,0.000000E+00,6.125453E-01
1.749000E+00,-4.619394E-01,2.677873E-03,-3.076866E-01,1.641321E-02,-4.687792E-01,2.714811E-03,-3.079913E-01,-1.977257E-02,0.000000E+00,0.000000E+00,3.094170E-01
1.750000E+00,-4.622473E-01,2.692063E-03,-3.079035E-01,1.419000E-02,-4.690872E-01,2.680377E-03,-3.080077E-01,-3.443400E-02,0.000000E+00,0.000000E+00,-9.789251E-02
1.751000E+00,-4.625564E-01,2.700298E-03,-3.091100E-01,8.235295E-03,-4.693961E-01,2.645733E-03,-3.089139E-01,-3.464360E-02,0.000000E+00,0.000000E+00,-4.570789E-01
1.752000E+00,-4.628690E-01,2.698176E-03,-3.125903E-01,-2.122469E-03,-4.697086E-01,2.634520E-03,-3.125188E-01,-1.121309E-02,0.000000E+00,0.000000E+00,-5.332303E-01
1.753000E+00,-4.631842E-01,2.684881E-03,-3.152562E-01,-1.329522E-02,-4.700240E-01,2.632785E-03,-3.153573E-01,-1.735284E-03,0.000000E+00,0.000000E+00,-4.363931E-01
1.754000E+00,-4.635034E-01,2.666614E-03,-3.191934E-01,-1.826682E-02,-4.703433E-01,2.641688E-03,-3.193456E-01,8.903515E-03,0.000000E+00,0.000000E+00,-2.087931E-01
1.755000E+00,-4.638297E-01,2.660797E-03,-3.263100E-01,-5.816635E-03,-4.706697E-01,2.664889E-03,-3.263480E-01,2.320132E-02,0.000000E+00,0.000000E+00,3.428043E-02
1.756000E+00,-4.641628E-01,2.670309E-03,-3.330508E-01,9.511675E-03,-4.710027E-01,2.691172E-03,-3.330185E-01,2.628222E-02,0.000000E+00,0.000000E+00,1.747618E-01
1.757000E+00,-4.644975E-01,2.687624E-03,-3.347058E-01,1.731485E-02,-4.713374E-01,2.696697E-03,-3.347300E-01,5.525565E-03,0.000000E+00,0.000000E+00,7.600678E-02
1.758000E+00,-4.648320E-01,2.703535E-03,-3.344625E-01,1.591098E-02,-4.716719E-01,2.684041E-03,-3.344394E-01,-1.265641E-02,0.000000E+00,0.000000E+00,-1.632927E-01
1.759000E+00,-4.651657E-01,2.714739E-03,-3.337241E-01,1.120457E-02,-4.720054E-01,2.662948E-03,-3.335546E-01,-2.109304E-02,0.000000E+00,0.000000E+00,-4.338427E-01
1.760000E+00,-4.654940E-01,2.711750E-03,-3.282729E-01,-2.989349E-03,-4.723337E-01,2.665039E-03,-3.283037E-01,2.090794E-03,0.000000E+00,0.000000E+00,-3.912873E-01
1.761000E+00,-4.658158E-01,2.692155E-03,-3.218029E-01,-1.959503E-02,-4.726557E-01,2.691397E-03,-3.219536E-01,2.635872E-02,0.000000E+00,0.000000E+00,-6.345085E-03
1.762000E+00,-4.661367E-01,2.665317E-03,-3.209696E-01,-2.683775E-02,-4.729765E-01,2.715652E-03,-3.207806E-01,2.425493E-02,0.000000E+00,0.000000E+00,4.216458E-01
1.763000E+00,-4.664562E-01,2.656134E-03,-3.194212E-01,-9.183154E-03,-4.732956E-01,2.739582E-03,-3.191003E-01,2.392997E-02,0.000000E+00,0.000000E+00,6.990372E-01
1.764000E+00,-4.667788E-01,2.668323E-03,-3.226862E-01,1.218868E-02,-4.736183E-01,2.744913E-03,-3.227719E-01,5.331263E-03,0.000000E+00,0.000000E+00,6.415903E-01
1.765000E+00,-4.671058E-01,2.699365E-03,-3.269683E-01,3.104278E-02,-4.739457E-01,2.725915E-03,-3.273643E-01,-1.899852E-02,0.000000E+00,0.000000E+00,2.223973E-01
1.766000E+00,-4.674329E-01,2.731165E-03,-3.271106E-01,3.179924E-02,-4.742727E-01,2.683919E-03,-3.270208E-01,-4.199562E-02,0.000000E+00,0.000000E+00,-3.957587E-01
1.767000E+00,-4.677608E-01,2.766617E-03,-3.278486E-01,3.545196E-02,-4.745995E-01,2.635482E-03,-3.267693E-01,-4.843693E-02,0.000000E+00,0.000000E+00,-1.098526E+00
1.768000E+00,-4.680860E-01,2.793417E-03,-3.252380E-01,2.680076E-02,-4.749237E-01,2.617823E-03,-3.242480E-01,-1.765896E-02,0.000000E+00,0.000000E+00,-1.471040E+00
1.769000E+00,-4.684028E-01,2.804657E-03,-3.168283E-01,1.123953E-02,-4.752406E-01,2.630934E-03,-3.168820E-01,1.311058E-02,0.000000E+00,0.000000E+00,-1.455361E+00
1.770000E+00,-4.687096E-01,2.797770E-03,-3.067209E-01,-6.887072E-03,-4.755486E-01,2.684041E-03,-3.079867E-01,5.310677E-02,0.000000E+00,0.000000E+00,-9.527040E-01
1.771000E+00,-4.690139E-01,2.775698E-03,-3.043513E-01,-2.207151E-02,-4.758538E-01,2.744059E-03,-3.052270E-01,6.001797E-02,0.000000E+00,0.000000E+00,-2.650317E-01
1.772000E+00,-4.693189E-01,2.738956E-03,-3.049676E-01,-3.674173E-02,-4.761586E-01,2.799005E-03,-3.047786E-01,5.494660E-02,0.000000E+00,0.000000E+00,5.030100E-01
1.773000E+00,-4.696246E-01,2.689783E-03,-3.057235E-01,-4.917397E-02,-4.764628E-01,2.846739E-03,-3.041854E-01,4.773322E-02,0.000000E+00,0.000000E+00,1.314870E+00
1.774000E+00,-4.699318E-01,2.646466E-03,-3.071939E-01,-4.331613E-02,-4.767678E-01,2.879946E-03,-3.050071E-01,3.320796E-02,0.000000E+00,0.000000E+00,1.956145E+00
1.775000E+00,-4.702411E-01,2.639412E-03,-3.093068E-01,-7.054362E-03,-4.770764E-01,2.893855E-03,-3.085578E-01,1.390840E-02,0.000000E+00,0.000000E+00,2.131853E+00
1.776000E+00,-4.705508E-01,2.646918E-03,-3.096643E-01,7.505543E-03,-4.773864E-01,2.889756E-03,-3.100866E-01,-4.099113E-03,0.000000E+00,0.000000E+00,2.034581E+00
1.777000E+00,-4.708602E-01,2.663257E-03,-3.094659E-01,1.633933E-02,-4.776972E-01,2.867659E-03,-3.107240E-01,-2.209712E-02,0.000000E+00,0.000000E+00,1.712442E+00
1.778000E+00,-4.711704E-01,2.684173E-03,-3.101899E-01,2.091658E-02,-4.780089E-01,2.826275E-03,-3.117686E-01,-4.138408E-02,0.000000E+00,0.000000E+00,1.190407E+00
1.779000E+00,-4.714808E-01,2.704383E-03,-3.103751E-01,2.020983E-02,-4.783205E-01,2.762191E-03,-3.116043E-01,-6.408320E-02,0.000000E+00,0.000000E+00,4.842399E-01
1.780000E+00,-4.717914E-01,2.722602E-03,-3.106256E-01,1.821875E-02,-4.786313E-01,2.680509E-03,-3.107366E-01,-8.168260E-02,0.000000E+00,0.000000E+00,-3.526002E-01
1.781000E+00,-4.721030E-01,2.737357E-03,-3.115714E-01,1.475472E-02,-4.789417E-01,2.603347E-03,-3.103841E-01,-7.716183E-02,0.000000E+00,0.000000E+00,-1.122617E+00
1.782000E+00,-4.724145E-01,2.742841E-03,-3.114838E-01,5.483772E-03,-4.792523E-01,2.572877E-03,-3.106810E-01,-3.047036E-02,0.000000E+00,0.000000E+00,-1.423866E+00
1.783000E+00,-4.727221E-01,2.737192E-03,-3.076212E-01,-5.648905E-03,-4.795600E-01,2.568181E-03,-3.076414E-01,-4.695129E-03,0.000000E+00,0.000000E+00,-1.415875E+00
1.784000E+00,-4.730237E-01,2.715972E-03,-3.015583E-01,-2.121982E-02,-4.798624E-01,2.587002E-03,-3.024281E-01,1.882062E-02,0.000000E+00,0.000000E+00,-1.080392E+00
1.785000E+00,-4.733197E-01,2.676242E-03,-2.960503E-01,-3.972969E-02,-4.801595E-01,2.628214E-03,-2.970966E-01,4.121154E-02,0.000000E+00,0.000000E+00,-4.023190E-01
1.786000E+00,-4.736112E-01,2.635462E-03,-2.915362E-01,-4.078012E-02,-4.804511E-01,2.682111E-03,-2.915465E-01,5.389777E-02,0.000000E+00,0.000000E+00,3.907665E-01
1.787000E+00,-4.739043E-01,2.626995E-03,-2.930910E-01,-8.467385E-03,-4.807436E-01,2.725875E-03,-2.925360E-01,4.376329E-02,0.000000E+00,0.000000E+00,8.283079E-01
1.788000E+00,-4.742047E-01,2.652589E-03,-3.004175E-01,2.559477E-02,-4.810440E-01,2.753752E-03,-3.003861E-01,2.787760E-02,0.000000E+00,0.000000E+00,8.474321E-01
1.789000E+00,-4.745115E-01,2.704331E-03,-3.067436E-01,5.174187E-02,-4.813512E-01,2.764380E-03,-3.072305E-01,1.062729E-02,0.000000E+00,0.000000E+00,5.030071E-01
1.790000E+00,-4.748183E-01,2.752413E-03,-3.067853E-01,4.808163E-02,-4.816583E-01,2.759177E-03,-3.070482E-01,-5.202086E-03,0.000000E+00,0.000000E+00,5.666430E-02
1.791000E+00,-4.751252E-01,2.798127E-03,-3.069708E-01,4.571449E-02,-4.819650E-01,2.736813E-03,-3.067021E-01,-2.236477E-02,0.000000E+00,0.000000E+00,-5.136147E-01
1.792000E+00,-4.754327E-01,2.838037E-03,-3.074057E-01,3.990971E-02,-4.822713E-01,2.700595E-03,-3.063024E-01,-3.621781E-02,0.000000E+00,0.000000E+00,-1.151374E+00
1.793000E+00,-4.757400E-01,2.861781E-03,-3.073310E-01,2.374354E-02,-4.825769E-01,2.658206E-03,-3.056848E-01,-4.238940E-02,0.000000E+00,0.000000E+00,-1.705516E+00
1.794000E+00,-4.760445E-01,2.867258E-03,-3.045509E-01,5.477462E-03,-4.828808E-01,2.642322E-03,-3.038829E-01,-1.588369E-02,0.000000E+00,0.000000E+00,-1.884537E+00
1.795000E+00,-4.763483E-01,2.857772E-03,-3.037193E-01,-9.486273E-03,-4.831848E-01,2.639584E-03,-3.039392E-01,-2.738077E-03,0.000000E+00,0.000000E+00,-1.827980E+00
1.796000E+00,-4.766530E-01,2.836797E-03,-3.047896E-01,-2.097508E-02,-4.834903E-01,2.643675E-03,-3.055451E-01,4.091434E-03,0.000000E+00,0.000000E+00,-1.617913E+00
1.797000E+00,-4.769595E-01,2.807777E-03,-3.064659E-01,-2.901951E-02,-4.837977E-01,2.652527E-03,-3.074321E-01,8.851996E-03,0.000000E+00,0.000000E+00,-1.300576E+00
1.798000E+00,-4.772669E-01,2.773109E-03,-3.073572E-01,-3.466796E-02,-4.841059E-01,2.659694E-03,-3.081797E-01,7.166737E-03,0.000000E+00,0.000000E+00,-9.500759E-01
1.799000E+00,-4.775738E-01,2.732500E-03,-3.069169E-01,-4.060921E-02,-4.844135E-01,2.667827E-03,-3.075513E-01,8.132936E-03,0.000000E+00,0.000000E+00,-5.417482E-01
1.800000E+00,-4.778807E-01,2.684299E-03,-3.069048E-01,-4.820074E-02,-4.847207E-01,2.675789E-03,-3.072043E-01,7.961835E-03,0.000000E+00,0.000000E+00,-7.129007E-02
1.801000E+00,-4.781870E-01,2.639142E-03,-3.062896E-01,-4.515752E-02,-4.850269E-01,2.678916E-03,-3.061783E-01,3.127362E-03,0.000000E+00,0.000000E+00,3.331739E-01
1.802000E+00,-4.784905E-01,2.621688E-03,-3.035581E-01,-1.745345E-02,-4.853303E-01,2.674469E-03,-3.034694E-01,-4.446865E-03,0.000000E+00,0.000000E+00,4.421272E-01
1.803000E+00,-4.787941E-01,2.619332E-03,-3.035454E-01,-2.355949E-03,-4.856339E-01,2.672535E-03,-3.035412E-01,-1.934452E-03,0.000000E+00,0.000000E+00,4.456580E-01
1.804000E+00,-4.791007E-01,2.629212E-03,-3.065744E-01,9.879594E-03,-4.859405E-01,2.676138E-03,-3.066174E-01,3.602840E-03,0.000000E+00,0.000000E+00,3.930791E-01
1.805000E+00,-4.794108E-01,2.648180E-03,-3.101411E-01,1.896768E-02,-4.862507E-01,2.672701E-03,-3.102534E-01,-3.436490E-03,0.000000E+00,0.000000E+00,2.054062E-01
1.806000E+00,-4.797281E-01,2.676907E-03,-3.173502E-01,2.872743E-02,-4.865681E-01,2.678889E-03,-3.173902E-01,6.188336E-03,0.000000E+00,0.000000E+00,1.660497E-02
1.807000E+00,-4.800472E-01,2.707729E-03,-3.190729E-01,3.082199E-02,-4.868871E-01,2.672351E-03,-3.189828E-01,-6.537955E-03,0.000000E+00,0.000000E+00,-2.963454E-01
1.808000E+00,-4.803670E-01,2.740261E-03,-3.198120E-01,3.253213E-02,-4.872066E-01,2.668579E-03,-3.195278E-01,-3.772602E-03,0.000000E+00,0.000000E+00,-6.004650E-01
1.809000E+00,-4.806853E-01,2.766713E-03,-3.182567E-01,2.645181E-02,-4.875246E-01,2.673616E-03,-3.180002E-01,5.037523E-03,0.000000E+00,0.000000E+00,-7.798567E-01
1.810000E+00,-4.810007E-01,2.780594E-03,-3.154006E-01,1.388062E-02,-4.878400E-01,2.682326E-03,-3.153289E-01,8.709686E-03,0.000000E+00,0.000000E+00,-8.231757E-01
1.811000E+00,-4.813157E-01,2.773237E-03,-3.150139E-01,-7.356685E-03,-4.881551E-01,2.686712E-03,-3.151618E-01,4.385798E-03,0.000000E+00,0.000000E+00,-7.248059E-01
1.812000E+00,-4.816308E-01,2.749836E-03,-3.150639E-01,-2.340142E-02,-4.884704E-01,2.685820E-03,-3.152930E-01,-8.920432E-04,0.000000E+00,0.000000E+00,-5.362437E-01
1.813000E+00,-4.819460E-01,2.713722E-03,-3.152588E-01,-3.611322E-02,-4.887859E-01,2.677476E-03,-3.154379E-01,-8.343371E-03,0.000000E+00,0.000000E+00,-3.036207E-01
1.814000E+00,-4.822640E-01,2.674557E-03,-3.179830E-01,-3.916580E-02,-4.891039E-01,2.677702E-03,-3.180376E-01,2.258399E-04,0.000000E+00,0.000000E+00,2.635105E-02
1.815000E+00,-4.825882E-01,2.664693E-03,-3.241650E-01,-9.863565E-03,-4.894279E-01,2.691363E-03,-3.240287E-01,1.366101E-02,0.000000E+00,0.000000E+00,2.234128E-01
1.816000E+00,-4.829139E-01,2.668923E-03,-3.257174E-01,4.230125E-03,-4.897536E-01,2.685950E-03,-3.256623E-01,-5.413669E-03,0.000000E+00,0.000000E+00,1.426300E-01
1.817000E+00,-4.832375E-01,2.663091E-03,-3.236290E-01,-5.831812E-03,-4.900772E-01,2.671184E-03,-3.235703E-01,-1.476609E-02,0.000000E+00,0.000000E+00,6.778884E-02
1.818000E+00,-4.835553E-01,2.663917E-03,-3.177531E-01,8.258351E-04,-4.903948E-01,2.663994E-03,-3.176738E-01,-7.189452E-03,0.000000E+00,0.000000E+00,6.447019E-04
1.819000E+00,-4.838648E-01,2.676493E-03,-3.095644E-01,1.257592E-02,-4.907043E-01,2.664765E-03,-3.094413E-01,7.709337E-04,0.000000E+00,0.000000E+00,-9.824866E-02
1.820000E+00,-4.841684E-01,2.684858E-03,-3.035834E-01,8.364928E-03,-4.910078E-01,2.679360E-03,-3.034831E-01,1.459449E-02,0.000000E+00,0.000000E+00,-4.606277E-02
1.821000E+00,-4.844709E-01,2.683616E-03,-3.024295E-01,-1.241736E-03,-4.913101E-01,2.692111E-03,-3.023253E-01,1.275130E-02,0.000000E+00,0.000000E+00,7.116333E-02
1.822000E+00,-4.847735E-01,2.669993E-03,-3.026905E-01,-1.362338E-02,-4.916126E-01,2.697810E-03,-3.025251E-01,5.698891E-03,0.000000E+00,0.000000E+00,2.330403E-01
1.823000E+00,-4.850754E-01,2.662863E-03,-3.018338E-01,-7.129826E-03,-4.919144E-01,2.692247E-03,-3.017375E-01,-5.562389E-03,0.000000E+00,0.000000E+00,2.461751E-01
1.824000E+00,-4.853787E-01,2.669959E-03,-3.032736E-01,7.095571E-03,-4.922176E-01,2.672187E-03,-3.032518E-01,-2.006049E-02,0.000000E+00,0.000000E+00,1.866770E-02
1.825000E+00,-4.856856E-01,2.680358E-03,-3.069549E-01,1.039933E-02,-4.925245E-01,2.661457E-03,-3.068881E-01,-1.072935E-02,0.000000E+00,0.000000E+00,-1.583466E-01
1.826000E+00,-4.859955E-01,2.683510E-03,-3.099261E-01,3.152003E-03,-4.928344E-01,2.662957E-03,-3.099026E-01,1.499675E-03,0.000000E+00,0.000000E+00,-1.721901E-01
1.827000E+00,-4.863084E-01,2.678038E-03,-3.128876E-01,-5.471559E-03,-4.931473E-01,2.673322E-03,-3.128987E-01,1.036463E-02,0.000000E+00,0.000000E+00,-3.951546E-02
1.828000E+00,-4.866240E-01,2.673931E-03,-3.155336E-01,-4.107015E-03,-4.934628E-01,2.686065E-03,-3.154712E-01,1.274349E-02,0.000000E+00,0.000000E+00,1.016582E-01
1.829000E+00,-4.869401E-01,2.679754E-03,-3.161177E-01,5.822266E-03,-4.937788E-01,2.684128E-03,-3.160684E-01,-1.937304E-03,0.000000E+00,0.000000E+00,3.664862E-02
1.830000E+00,-4.872569E-01,2.671166E-03,-3.168633E-01,-8.587977E-03,-4.940958E-01,2.664995E-03,-3.169308E-01,-1.913281E-02,0.000000E+00,0.000000E+00,-5.169641E-02
1.831000E+00,-4.875827E-01,2.675895E-03,-3.257692E-01,4.728927E-03,-4.944215E-01,2.669790E-03,-3.257705E-01,4.794654E-03,0.000000E+00,0.000000E+00,-5.114574E-02
1.832000E+00,-4.879161E-01,2.693920E-03,-3.333727E-01,1.802574E-02,-4.947548E-01,2.685494E-03,-3.332565E-01,1.570376E-02,0.000000E+00,0.000000E+00,-7.060050E-02
1.833000E+00,-4.882497E-01,2.698634E-03,-3.335804E-01,4.713350E-03,-4.950883E-01,2.688744E-03,-3.335335E-01,3.250494E-03,0.000000E+00,0.000000E+00,-8.285708E-02
1.834000E+00,-4.885830E-01,2.693220E-03,-3.333553E-01,-5.413721E-03,-4.954216E-01,2.679197E-03,-3.333152E-01,-9.547538E-03,0.000000E+00,0.000000E+00,-1.174916E-01
1.835000E+00,-4.889146E-01,2.676918E-03,-3.316103E-01,-1.630209E-02,-4.957532E-01,2.668151E-03,-3.315925E-01,-1.104598E-02,0.000000E+00,0.000000E+00,-7.345497E-02
1.836000E+00,-4.892377E-01,2.666178E-03,-3.230430E-01,-1.074025E-02,-4.960763E-01,2.675881E-03,-3.231161E-01,7.730724E-03,0.000000E+00,0.000000E+00,8.129904E-02
1.837000E+00,-4.895534E-01,2.668243E-03,-3.157150E-01,2.065742E-03,-4.963921E-01,2.676719E-03,-3.157309E-01,8.374524E-04,0.000000E+00,0.000000E+00,7.100804E-02
1.838000E+00,-4.898660E-01,2.674747E-03,-3.126113E-01,6.503779E-03,-4.967047E-01,2.669963E-03,-3.126418E-01,-6.756165E-03,0.000000E+00,0.000000E+00,-4.008580E-02
1.839000E+00,-4.901763E-01,2.676914E-03,-3.103082E-01,2.167362E-03,-4.970151E-01,2.673811E-03,-3.103612E-01,3.848237E-03,0.000000E+00,0.000000E+00,-2.600301E-02
1.840000E+00,-4.904868E-01,2.672337E-03,-3.105402E-01,-4.577421E-03,-4.973257E-01,2.673840E-03,-3.105761E-01,2.935318E-05,0.000000E+00,0.000000E+00,1.259280E-02
1.841000E+00,-4.907975E-01,2.672848E-03,-3.106462E-01,5.105421E-04,-4.976363E-01,2.674635E-03,-3.106848E-01,7.944850E-04,0.000000E+00,0.000000E+00,1.497159E-02
1.842000E+00,-4.911075E-01,2.677599E-03,-3.099752E-01,4.750945E-03,-4.979464E-01,2.677066E-03,-3.100089E-01,2.431152E-03,0.000000E+00,0.000000E+00,-4.463558E-03
1.843000E+00,-4.914170E-01,2.675300E-03,-3.095307E-01,-2.298728E-03,-4.982559E-01,2.673201E-03,-3.095596E-01,-3.864940E-03,0.000000E+00,0.000000E+00,-1.758511E-02
1.844000E+00,-4.917243E-01,2.672954E-03,-3.073065E-01,-2.345450E-03,-4.985633E-01,2.673456E-03,-3.073485E-01,2.553921E-04,0.000000E+00,0.000000E+00,4.204454E-03
1.845000E+00,-4.920284E-01,2.675480E-03,-3.041497E-01,2.525230E-03,-4.988674E-01,2.675072E-03,-3.041776E-01,1.616125E-03,0.000000E+00,0.000000E+00,-3.411869E-03
1.846000E+00,-4.923310E-01,2.674526E-03,-3.026011E-01,-9.534854E-04,-4.991701E-01,2.670230E-03,-3.026180E-01,-4.842662E-03,0.000000E+00,0.000000E+00,-3.599458E-02
1.847000E+00,-4.926311E-01,2.675836E-03,-3.000805E-01,1.309816E-03,-4.994702E-01,2.673206E-03,-3.001156E-01,2.976002E-03,0.000000E+00,0.000000E+00,-2.203550E-02
1.848000E+00,-4.929297E-01,2.675076E-03,-2.986076E-01,-7.594674E-04,-4.997688E-01,2.676549E-03,-2.986334E-01,3.343180E-03,0.000000E+00,0.000000E+00,1.233541E-02
1.849000E+00,-4.932275E-01,2.675635E-03,-2.977794E-01,5.586149E-04,-5.000666E-01,2.673471E-03,-2.977968E-01,-3.078007E-03,0.000000E+00,0.000000E+00,-1.813113E-02
1.850000E+00,-4.935248E-01,2.674239E-03,-2.972769E-01,-1.395742E-03,-5.003639E-01,2.670327E-03,-2.972931E-01,-3.143427E-03,0.000000E+00,0.000000E+00,-3.277263E-02
1.851000E+00,-4.938223E-01,2.675440E-03,-2.974783E-01,1.200654E-03,-5.006614E-01,2.670643E-03,-2.974882E-01,3.158124E-04,0.000000E+00,0.000000E+00,-4.018549E-02
1.852000E+00,-4.941211E-01,2.675870E-03,-2.988051E-01,4.296300E-04,-5.009602E-01,2.674301E-03,-2.988108E-01,3.657400E-03,0.000000E+00,0.000000E+00,-1.314431E-02
1.853000E+00,-4.944217E-01,2.672788E-03,-3.006538E-01,-3.081986E-03,-5.012609E-01,2.677917E-03,-3.006600E-01,3.616286E-03,0.000000E+00,0.000000E+00,4.297148E-02
1.854000E+00,-4.947248E-01,2.682235E-03,-3.031087E-01,9.446993E-03,-5.015640E-01,2.673177E-03,-3.031009E-01,-4.740337E-03,0.000000E+00,0.000000E+00,-7.588507E-02
1.855000E+00,-4.950316E-01,2.682058E-03,-3.067390E-01,-1.767347E-04,-5.018707E-01,2.675989E-03,-3.067478E-01,2.812180E-03,0.000000E+00,0.000000E+00,-5.084492E-02
1.856000E+00,-4.953418E-01,2.676961E-03,-3.102025E-01,-5.096868E-03,-5.021809E-01,2.677182E-03,-3.102191E-01,1.192711E-03,0.000000E+00,0.000000E+00,1.846963E-03
1.857000E+00,-4.956548E-01,2.679061E-03,-3.130367E-01,2.100089E-03,-5.024939E-01,2.670436E-03,-3.129972E-01,-6.745014E-03,0.000000E+00,0.000000E+00,-7.225441E-02
1.858000E+00,-4.959719E-01,2.675070E-03,-3.170463E-01,-3.991073E-03,-5.028110E-01,2.676509E-03,-3.170336E-01,6.072217E-03,0.000000E+00,0.000000E+00,1.205258E-02
1.859000E+00,-4.962883E-01,2.671331E-03,-3.164212E-01,-3.738880E-03,-5.031273E-01,2.671111E-03,-3.163907E-01,-5.397694E-03,0.000000E+00,0.000000E+00,-1.844465E-03
1.860000E+00,-4.965964E-01,2.687670E-03,-3.081005E-01,1.633884E-02,-5.034355E-01,2.671292E-03,-3.081669E-01,1.811766E-04,0.000000E+00,0.000000E+00,-1.372074E-01
1.861000E+00,-4.968991E-01,2.694185E-03,-3.027197E-01,6.515466E-03,-5.037383E-01,2.685508E-03,-3.028327E-01,1.421624E-02,0.000000E+00,0.000000E+00,-7.269207E-02
1.862000E+00,-4.972009E-01,2.685273E-03,-3.018131E-01,-8.912681E-03,-5.040401E-01,2.685676E-03,-3.017977E-01,1.679616E-04,0.000000E+00,0.000000E+00,3.381085E-03
1.863000E+00,-4.975026E-01,2.664400E-03,-3.016511E-01,-2.087265E-02,-5.043417E-01,2.676233E-03,-3.016008E-01,-9.443265E-03,0.000000E+00,0.000000E+00,9.913174E-02
1.864000E+00,-4.978052E-01,2.659596E-03,-3.026026E-01,-4.804117E-03,-5.046443E-01,2.672745E-03,-3.025565E-01,-3.488121E-03,0.000000E+00,0.000000E+00,1.101573E-01
1.865000E+00,-4.981137E-01,2.680343E-03,-3.085319E-01,2.074708E-02,-5.049528E-01,2.675524E-03,-3.084826E-01,2.779104E-03,0.000000E+00,0.000000E+00,-4.037224E-02
1.866000E+00,-4.984242E-01,2.694261E-03,-3.105432E-01,1.391809E-02,-5.052632E-01,2.669583E-03,-3.104595E-01,-5.941325E-03,0.000000E+00,0.000000E+00,-2.067503E-01
1.867000E+00,-4.987365E-01,2.699633E-03,-3.122419E-01,5.372247E-03,-5.055754E-01,2.667435E-03,-3.121290E-01,-2.147923E-03,0.000000E+00,0.000000E+00,-2.697562E-01
1.868000E+00,-4.990483E-01,2.693136E-03,-3.117721E-01,-6.496988E-03,-5.058870E-01,2.667254E-03,-3.116793E-01,-1.803680E-04,0.000000E+00,0.000000E+00,-2.168398E-01
1.869000E+00,-4.993579E-01,2.677304E-03,-3.096023E-01,-1.583211E-02,-5.061966E-01,2.673107E-03,-3.095255E-01,5.852024E-03,0.000000E+00,0.000000E+00,-3.517019E-02
1.870000E+00,-4.996641E-01,2.661670E-03,-3.062089E-01,-1.563476E-02,-5.065027E-01,2.684380E-03,-3.061188E-01,1.127303E-02,0.000000E+00,0.000000E+00,1.902693E-01
1.871000E+00,-4.999661E-01,2.659473E-03,-3.020305E-01,-2.196848E-03,-5.068047E-01,2.681790E-03,-3.020201E-01,-2.589701E-03,0.000000E+00,0.000000E+00,1.869782E-01
1.872000E+00,-5.002663E-01,2.664467E-03,-3.002460E-01,4.993964E-03,-5.071050E-01,2.666767E-03,-3.002855E-01,-1.502283E-02,0.000000E+00,0.000000E+00,1.927243E-02
1.873000E+00,-5.005669E-01,2.669370E-03,-3.005995E-01,4.903539E-03,-5.074056E-01,2.656178E-03,-3.005881E-01,-1.058938E-02,0.000000E+00,0.000000E+00,-1.105309E-01
1.874000E+00,-5.008687E-01,2.677805E-03,-3.017070E-01,8.434390E-03,-5.077073E-01,2.655138E-03,-3.016953E-01,-1.039510E-03,0.000000E+00,0.000000E+00,-1.899053E-01
1.875000E+00,-5.011721E-01,2.678026E-03,-3.034288E-01,2.218040E-04,-5.080107E-01,2.661113E-03,-3.034655E-01,5.974890E-03,0.000000E+00,0.000000E+00,-1.417041E-01
1.876000E+00,-5.014775E-01,2.674413E-03,-3.053683E-01,-3.613813E-03,-5.083162E-01,2.674395E-03,-3.054119E-01,1.328188E-02,0.000000E+00,0.000000E+00,-1.486685E-04
1.877000E+00,-5.017848E-01,2.673310E-03,-3.073233E-01,-1.102977E-03,-5.086235E-01,2.685326E-03,-3.073110E-01,1.093142E-02,0.000000E+00,0.000000E+00,1.006775E-01
1.878000E+00,-5.020929E-01,2.673993E-03,-3.081126E-01,6.834816E-04,-5.089316E-01,2.679854E-03,-3.081341E-01,-5.472196E-03,0.000000E+00,0.000000E+00,4.910408E-02
1.879000E+00,-5.024051E-01,2.678837E-03,-3.122278E-01,4.844072E-03,-5.092438E-01,2.673934E-03,-3.122447E-01,-5.920378E-03,0.000000E+00,0.000000E+00,-4.108199E-02
1.880000E+00,-5.027221E-01,2.683265E-03,-3.170258E-01,4.428150E-03,-5.095609E-01,2.678345E-03,-3.170079E-01,4.411162E-03,0.000000E+00,0.000000E+00,-4.122442E-02
1.881000E+00,-5.030407E-01,2.687277E-03,-3.185312E-01,4.011453E-03,-5.098793E-01,2.673611E-03,-3.184701E-01,-4.733717E-03,0.000000E+00,0.000000E+00,-1.144937E-01
1.882000E+00,-5.033639E-01,2.687215E-03,-3.232358E-01,-6.138461E-05,-5.102025E-01,2.677400E-03,-3.231648E-01,3.788480E-03,0.000000E+00,0.000000E+00,-8.223958E-02
1.883000E+00,-5.036873E-01,2.673022E-03,-3.234104E-01,-1.419377E-02,-5.105259E-01,2.668650E-03,-3.234207E-01,-8.750136E-03,0.000000E+00,0.000000E+00,-3.663113E-02
1.884000E+00,-5.040057E-01,2.672879E-03,-3.183446E-01,-1.426892E-04,-5.108444E-01,2.664148E-03,-3.184651E-01,-4.501845E-03,0.000000E+00,0.000000E+00,-7.315214E-02
1.885000E+00,-5.043144E-01,2.688475E-03,-3.087196E-01,1.559609E-02,-5.111533E-01,2.675355E-03,-3.088791E-01,1.120699E-02,0.000000E+00,0.000000E+00,-1.099220E-01
1.886000E+00,-5.046211E-01,2.690109E-03,-3.067010E-01,1.633766E-03,-5.114600E-01,2.679630E-03,-3.067552E-01,4.274885E-03,0.000000E+00,0.000000E+00,-8.779424E-02
1.887000E+00,-5.049278E-01,2.674897E-03,-3.066657E-01,-1.521189E-02,-5.117667E-01,2.680198E-03,-3.067106E-01,5.684395E-04,0.000000E+00,0.000000E+00,4.441129E-02
1.888000E+00,-5.052325E-01,2.665602E-03,-3.047382E-01,-9.294717E-03,-5.120715E-01,2.681015E-03,-3.047885E-01,8.170387E-04,0.000000E+00,0.000000E+00,1.291248E-01
1.889000E+00,-5.055417E-01,2.676249E-03,-3.092586E-01,1.064677E-02,-5.123808E-01,2.669267E-03,-3.093065E-01,-1.174758E-02,0.000000E+00,0.000000E+00,-5.848936E-02
1.890000E+00,-5.058582E-01,2.688670E-03,-3.164250E-01,1.242119E-02,-5.126972E-01,2.672198E-03,-3.163982E-01,2.930136E-03,0.000000E+00,0.000000E+00,-1.380030E-01
1.891000E+00,-5.061792E-01,2.694670E-03,-3.210568E-01,5.999685E-03,-5.130183E-01,2.680879E-03,-3.210394E-01,8.681278E-03,0.000000E+00,0.000000E+00,-1.155377E-01
1.892000E+00,-5.065003E-01,2.692899E-03,-3.210770E-01,-1.770753E-03,-5.133393E-01,2.672351E-03,-3.210557E-01,-8.528290E-03,0.000000E+00,0.000000E+00,-1.721510E-01
1.893000E+00,-5.068203E-01,2.680294E-03,-3.200424E-01,-1.260473E-02,-5.136594E-01,2.668851E-03,-3.200438E-01,-3.499476E-03,0.000000E+00,0.000000E+00,-9.586940E-02
1.894000E+00,-5.071355E-01,2.666692E-03,-3.151979E-01,-1.360193E-02,-5.139746E-01,2.674790E-03,-3.152296E-01,5.939164E-03,0.000000E+00,0.000000E+00,6.784147E-02
1.895000E+00,-5.074399E-01,2.683517E-03,-3.043366E-01,1.682468E-02,-5.142790E-01,2.680329E-03,-3.044581E-01,5.538329E-03,0.000000E+00,0.000000E+00,-2.671230E-02
1.896000E+00,-5.077423E-01,2.690874E-03,-3.024502E-01,7.356906E-03,-5.145815E-01,2.675474E-03,-3.024984E-01,-4.854507E-03,0.000000E+00,0.000000E+00,-1.290136E-01
1.897000E+00,-5.080443E-01,2.682200E-03,-3.019181E-01,-8.674404E-03,-5.148835E-01,2.668602E-03,-3.019695E-01,-6.872002E-03,0.000000E+00,0.000000E+00,-1.139131E-01
1.898000E+00,-5.083450E-01,2.668345E-03,-3.007950E-01,-1.385474E-02,-5.151844E-01,2.668391E-03,-3.008626E-01,-2.106502E-04,0.000000E+00,0.000000E+00,3.899369E-04
1.899000E+00,-5.086464E-01,2.665233E-03,-3.013794E-01,-3.112159E-03,-5.154858E-01,2.670962E-03,-3.014272E-01,2.570387E-03,0.000000E+00,0.000000E+00,4.799457E-02
1.900000E+00,-5.089494E-01,2.671662E-03,-3.029703E-01,6.429484E-03,-5.157888E-01,2.674896E-03,-3.030155E-01,3.933771E-03,0.000000E+00,0.000000E+00,2.708696E-02
1.901000E+00,-5.092539E-01,2.684259E-03,-3.045295E-01,1.259632E-02,-5.160934E-01,2.674938E-03,-3.045518E-01,4.195217E-05,0.000000E+00,0.000000E+00,-7.808433E-02
1.902000E+00,-5.095590E-01,2.686236E-03,-3.050521E-01,1.977203E-03,-5.163984E-01,2.668555E-03,-3.050698E-01,-6.382359E-03,0.000000E+00,0.000000E+00,-1.481139E-01
1.903000E+00,-5.098659E-01,2.679491E-03,-3.069414E-01,-6.745141E-03,-5.167054E-01,2.671110E-03,-3.069909E-01,2.554696E-03,0.000000E+00,0.000000E+00,-7.020673E-02
1.904000E+00,-5.101767E-01,2.671836E-03,-3.107489E-01,-7.654724E-03,-5.170162E-01,2.678803E-03,-3.107694E-01,7.693360E-03,0.000000E+00,0.000000E+00,5.836670E-02
1.905000E+00,-5.104904E-01,2.678605E-03,-3.137574E-01,6.768913E-03,-5.173300E-01,2.670386E-03,-3.137733E-01,-8.417070E-03,0.000000E+00,0.000000E+00,-6.884841E-02
1.906000E+00,-5.108099E-01,2.677716E-03,-3.195203E-01,-8.885121E-04,-5.176495E-01,2.678694E-03,-3.195508E-01,8.307557E-03,0.000000E+00,0.000000E+00,8.188231E-03
1.907000E+00,-5.111323E-01,2.678955E-03,-3.223902E-01,1.238460E-03,-5.179719E-01,2.681079E-03,-3.223991E-01,2.385731E-03,0.000000E+00,0.000000E+00,1.779900E-02
1.908000E+00,-5.114569E-01,2.687196E-03,-3.246027E-01,8.241628E-03,-5.182965E-01,2.675090E-03,-3.245729E-01,-5.989597E-03,0.000000E+00,0.000000E+00,-1.014175E-01
1.909000E+00,-5.117821E-01,2.684264E-03,-3.251167E-01,-2.931865E-03,-5.186216E-01,2.671130E-03,-3.250877E-01,-3.959415E-03,0.000000E+00,0.000000E+00,-1.100259E-01
1.910000E+00,-5.121018E-01,2.673654E-03,-3.197042E-01,-1.061074E-02,-5.189412E-01,2.676467E-03,-3.196345E-01,5.336219E-03,0.000000E+00,0.000000E+00,2.356442E-02
1.911000E+00,-5.124137E-01,2.676044E-03,-3.119834E-01,2.390203E-03,-5.192532E-01,2.686946E-03,-3.119459E-01,1.047949E-02,0.000000E+00,0.000000E+00,9.133077E-02
1.912000E+00,-5.127235E-01,2.675172E-03,-3.097562E-01,-8.722433E-04,-5.195629E-01,2.684980E-03,-3.096957E-01,-1.966275E-03,0.000000E+00,0.000000E+00,8.216650E-02
1.913000E+00,-5.130318E-01,2.672116E-03,-3.083081E-01,-3.055423E-03,-5.198711E-01,2.680624E-03,-3.082681E-01,-4.356204E-03,0.000000E+00,0.000000E+00,7.126982E-02
1.914000E+00,-5.133417E-01,2.673643E-03,-3.099139E-01,1.527171E-03,-5.201810E-01,2.671467E-03,-3.098880E-01,-9.156256E-03,0.000000E+00,0.000000E+00,-1.822969E-02
1.915000E+00,-5.136603E-01,2.679960E-03,-3.185872E-01,6.316832E-03,-5.204996E-01,2.681294E-03,-3.185862E-01,9.826448E-03,0.000000E+00,0.000000E+00,1.117192E-02
1.916000E+00,-5.139804E-01,2.680453E-03,-3.200814E-01,4.925963E-04,-5.208197E-01,2.686266E-03,-3.200874E-01,4.971930E-03,0.000000E+00,0.000000E+00,4.869724E-02
1.917000E+00,-5.143001E-01,2.678848E-03,-3.197538E-01,-1.604923E-03,-5.211395E-01,2.674109E-03,-3.197666E-01,-1.215702E-02,0.000000E+00,0.000000E+00,-3.970222E-02
1.918000E+00,-5.146188E-01,2.672445E-03,-3.186359E-01,-6.402483E-03,-5.214581E-01,2.667852E-03,-3.186364E-01,-6.257078E-03,0.000000E+00,0.000000E+00,-3.848410E-02
1.919000E+00,-5.149272E-01,2.679040E-03,-3.083759E-01,6.594961E-03,-5.217665E-01,2.675248E-03,-3.083794E-01,7.396697E-03,0.000000E+00,0.000000E+00,-3.176761E-02
1.920000E+00,-5.152296E-01,2.685666E-03,-3.024879E-01,6.626023E-03,-5.220690E-01,2.692704E-03,-3.025327E-01,1.745596E-02,0.000000E+00,0.000000E+00,5.895887E-02
1.921000E+00,-5.155321E-01,2.680760E-03,-3.024655E-01,-4.906924E-03,-5.223715E-01,2.700290E-03,-3.024688E-01,7.585681E-03,0.000000E+00,0.000000E+00,1.636134E-01
1.922000E+00,-5.158343E-01,2.668008E-03,-3.021588E-01,-1.275172E-02,-5.226736E-01,2.689804E-03,-3.021301E-01,-1.048631E-02,0.000000E+00,0.000000E+00,1.825922E-01
1.923000E+00,-5.161363E-01,2.661677E-03,-3.019968E-01,-6.331240E-03,-5.229756E-01,2.669547E-03,-3.019977E-01,-2.025659E-02,0.000000E+00,0.000000E+00,6.593463E-02
1.924000E+00,-5.164420E-01,2.666368E-03,-3.057304E-01,4.691863E-03,-5.232813E-01,2.660164E-03,-3.056715E-01,-9.383399E-03,0.000000E+00,0.000000E+00,-5.197977E-02
1.925000E+00,-5.167541E-01,2.675749E-03,-3.120695E-01,9.380421E-03,-5.235933E-01,2.668831E-03,-3.120023E-01,8.667578E-03,0.000000E+00,0.000000E+00,-5.795215E-02
1.926000E+00,-5.170701E-01,2.679867E-03,-3.160619E-01,4.118098E-03,-5.239093E-01,2.680959E-03,-3.160201E-01,1.212773E-02,0.000000E+00,0.000000E+00,9.148966E-03
1.927000E+00,-5.173864E-01,2.677036E-03,-3.163064E-01,-2.831125E-03,-5.242256E-01,2.678273E-03,-3.162711E-01,-2.685694E-03,0.000000E+00,0.000000E+00,1.036738E-02
1.928000E+00,-5.177042E-01,2.676302E-03,-3.177372E-01,-7.339450E-04,-5.245432E-01,2.668758E-03,-3.176700E-01,-9.515504E-03,0.000000E+00,0.000000E+00,-6.320197E-02
1.929000E+00,-5.180266E-01,2.683348E-03,-3.224060E-01,7.046500E-03,-5.248655E-01,2.676081E-03,-3.222992E-01,7.322687E-03,0.000000E+00,0.000000E+00,-6.088911E-02
1.930000E+00,-5.183505E-01,2.676176E-03,-3.238854E-01,-7.172615E-03,-5.251894E-01,2.670228E-03,-3.239118E-01,-5.852805E-03,0.000000E+00,0.000000E+00,-4.983175E-02
1.931000E+00,-5.186810E-01,2.677843E-03,-3.305483E-01,1.666867E-03,-5.255200E-01,2.674864E-03,-3.305493E-01,4.636169E-03,0.000000E+00,0.000000E+00,-2.495547E-02
1.932000E+00,-5.190151E-01,2.682814E-03,-3.340824E-01,4.971169E-03,-5.258540E-01,2.681544E-03,-3.340204E-01,6.680345E-03,0.000000E+00,0.000000E+00,-1.063639E-02
1.933000E+00,-5.193490E-01,2.686422E-03,-3.338583E-01,3.608482E-03,-5.261878E-01,2.669696E-03,-3.337733E-01,-1.184833E-02,0.000000E+00,0.000000E+00,-1.401334E-01
1.934000E+00,-5.196830E-01,2.679090E-03,-3.340459E-01,-7.332380E-03,-5.265218E-01,2.662366E-03,-3.339729E-01,-7.330201E-03,0.000000E+00,0.000000E+00,-1.401167E-01
1.935000E+00,-5.200093E-01,2.672150E-03,-3.263126E-01,-6.939573E-03,-5.268480E-01,2.671837E-03,-3.262258E-01,9.471773E-03,0.000000E+00,0.000000E+00,-2.621223E-03
1.936000E+00,-5.203255E-01,2.681318E-03,-3.162259E-01,9.167548E-03,-5.271642E-01,2.692168E-03,-3.162083E-01,2.033049E-02,0.000000E+00,0.000000E+00,9.090424E-02
1.937000E+00,-5.206413E-01,2.678353E-03,-3.157646E-01,-2.964597E-03,-5.274799E-01,2.701277E-03,-3.156803E-01,9.109286E-03,0.000000E+00,0.000000E+00,1.920636E-01
1.938000E+00,-5.209561E-01,2.669077E-03,-3.148435E-01,-9.276684E-03,-5.277946E-01,2.698340E-03,-3.147513E-01,-2.937346E-03,0.000000E+00,0.000000E+00,2.451791E-01
1.939000E+00,-5.212714E-01,2.674443E-03,-3.152843E-01,5.366368E-03,-5.281099E-01,2.690540E-03,-3.152587E-01,-7.800132E-03,0.000000E+00,0.000000E+00,1.348662E-01
1.940000E+00,-5.215899E-01,2.688816E-03,-3.185167E-01,1.437291E-02,-5.284283E-01,2.672582E-03,-3.184588E-01,-1.795750E-02,0.000000E+00,0.000000E+00,-1.360137E-01
1.941000E+00,-5.219126E-01,2.690913E-03,-3.226092E-01,2.096911E-03,-5.287510E-01,2.669335E-03,-3.226291E-01,-3.247592E-03,0.000000E+00,0.000000E+00,-1.807920E-01
1.942000E+00,-5.222355E-01,2.686681E-03,-3.229657E-01,-4.231510E-03,-5.290740E-01,2.676053E-03,-3.230540E-01,6.718139E-03,0.000000E+00,0.000000E+00,-8.904958E-02
1.943000E+00,-5.225564E-01,2.679705E-03,-3.208498E-01,-6.976527E-03,-5.293950E-01,2.685072E-03,-3.209614E-01,9.018732E-03,0.000000E+00,0.000000E+00,4.496436E-02
1.944000E+00,-5.228755E-01,2.671892E-03,-3.190983E-01,-7.813230E-03,-5.297142E-01,2.682816E-03,-3.191844E-01,-2.255520E-03,0.000000E+00,0.000000E+00,9.152713E-02
1.945000E+00,-5.231903E-01,2.672899E-03,-3.148423E-01,1.007055E-03,-5.300290E-01,2.672127E-03,-3.148709E-01,-1.068875E-02,0.000000E+00,0.000000E+00,-6.462098E-03
1.946000E+00,-5.235016E-01,2.677897E-03,-3.112416E-01,4.998827E-03,-5.303403E-01,2.666983E-03,-3.112649E-01,-5.144712E-03,0.000000E+00,0.000000E+00,-9.144557E-02
1.947000E+00,-5.238125E-01,2.674123E-03,-3.109071E-01,-3.774236E-03,-5.306512E-01,2.668714E-03,-3.109413E-01,1.731120E-03,0.000000E+00,0.000000E+00,-4.532099E-02
1.948000E+00,-5.241237E-01,2.672883E-03,-3.112249E-01,-1.240529E-03,-5.309625E-01,2.676094E-03,-3.112389E-01,7.380078E-03,0.000000E+00,0.000000E+00,2.690288E-02
1.949000E+00,-5.244347E-01,2.676271E-03,-3.110054E-01,3.388723E-03,-5.312735E-01,2.674263E-03,-3.110178E-01,-1.830830E-03,0.000000E+00,0.000000E+00,-1.682671E-02
1.950000E+00,-5.247458E-01,2.675432E-03,-3.111243E-01,-8.390513E-04,-5.315846E-01,2.666316E-03,-3.111316E-01,-7.947177E-03,0.000000E+00,0.000000E+00,-7.637864E-02
1.951000E+00,-5.250582E-01,2.670210E-03,-3.124220E-01,-5.222654E-03,-5.318971E-01,2.664223E-03,-3.124301E-01,-2.092479E-03,0.000000E+00,0.000000E+00,-5.015396E-02
1.952000E+00,-5.253724E-01,2.673416E-03,-3.141270E-01,3.206781E-03,-5.322112E-01,2.664523E-03,-3.141252E-01,2.997646E-04,0.000000E+00,0.000000E+00,-7.450895E-02
1.953000E+00,-5.256888E-01,2.681622E-03,-3.164549E-01,8.205087E-03,-5.325277E-01,2.670437E-03,-3.164598E-01,5.914379E-03,0.000000E+00,0.000000E+00,-9.370041E-02
1.954000E+00,-5.260080E-01,2.681478E-03,-3.192156E-01,-1.436078E-04,-5.328469E-01,2.680860E-03,-3.192136E-01,1.042249E-02,0.000000E+00,0.000000E+00,-5.177711E-03
1.955000E+00,-5.263279E-01,2.678807E-03,-3.198262E-01,-2.670748E-03,-5.331667E-01,2.679860E-03,-3.198011E-01,-1.000112E-03,0.000000E+00,0.000000E+00,8.818915E-03
1.956000E+00,-5.266515E-01,2.673948E-03,-3.235966E-01,-4.858892E-03,-5.334903E-01,2.672488E-03,-3.236596E-01,-7.372054E-03,0.000000E+00,0.000000E+00,-1.223633E-02
1.957000E+00,-5.269835E-01,2.686939E-03,-3.320420E-01,1.299056E-02,-5.338223E-01,2.679395E-03,-3.319750E-01,6.907451E-03,0.000000E+00,0.000000E+00,-6.320096E-02
1.958000E+00,-5.273159E-01,2.687608E-03,-3.324157E-01,6.690927E-04,-5.341547E-01,2.670327E-03,-3.324255E-01,-9.068315E-03,0.000000E+00,0.000000E+00,-1.447809E-01
1.959000E+00,-5.276491E-01,2.680538E-03,-3.331739E-01,-7.069697E-03,-5.344879E-01,2.667124E-03,-3.332003E-01,-3.202906E-03,0.000000E+00,0.000000E+00,-1.123845E-01
1.960000E+00,-5.279776E-01,2.674828E-03,-3.284987E-01,-5.709798E-03,-5.348165E-01,2.674493E-03,-3.286063E-01,7.369517E-03,0.000000E+00,0.000000E+00,-2.806163E-03
1.961000E+00,-5.283001E-01,2.676422E-03,-3.225019E-01,1.593134E-03,-5.351392E-01,2.681522E-03,-3.226294E-01,7.028871E-03,0.000000E+00,0.000000E+00,4.273290E-02
1.962000E+00,-5.286204E-01,2.670342E-03,-3.202939E-01,-6.079872E-03,-5.354595E-01,2.677593E-03,-3.202915E-01,-3.929864E-03,0.000000E+00,0.000000E+00,6.074504E-02
1.963000E+00,-5.289373E-01,2.672504E-03,-3.169589E-01,2.162745E-03,-5.357764E-01,2.671667E-03,-3.169852E-01,-5.925107E-03,0.000000E+00,0.000000E+00,-7.012585E-03
1.964000E+00,-5.292541E-01,2.677034E-03,-3.167832E-01,4.529587E-03,-5.360933E-01,2.673005E-03,-3.168121E-01,1.337403E-03,0.000000E+00,0.000000E+00,-3.375554E-02
1.965000E+00,-5.295730E-01,2.675562E-03,-3.189013E-01,-1.471756E-03,-5.364122E-01,2.674895E-03,-3.189305E-01,1.890399E-03,0.000000E+00,0.000000E+00,-5.588581E-03
1.966000E+00,-5.298924E-01,2.669249E-03,-3.194101E-01,-6.312902E-03,-5.367316E-01,2.669103E-03,-3.194391E-01,-5.792450E-03,0.000000E+00,0.000000E+00,-1.228437E-03
1.967000E+00,-5.302120E-01,2.671521E-03,-3.195988E-01,2.271434E-03,-5.370512E-01,2.670749E-03,-3.196096E-01,1.646051E-03,0.000000E+00,0.000000E+00,-6.467621E-03
1.968000E+00,-5.305289E-01,2.676255E-03,-3.168401E-01,4.734262E-03,-5.373680E-01,2.673563E-03,-3.168192E-01,2.814390E-03,0.000000E+00,0.000000E+00,-2.255153E-02
1.969000E+00,-5.308434E-01,2.676502E-03,-3.145019E-01,2.469178E-04,-5.376825E-01,2.671864E-03,-3.144492E-01,-1.699482E-03,0.000000E+00,0.000000E+00,-3.885795E-02
1.970000E+00,-5.311550E-01,2.675449E-03,-3.115945E-01,-1.052911E-03,-5.379941E-01,2.676504E-03,-3.115845E-01,4.640450E-03,0.000000E+00,0.000000E+00,8.839047E-03
1.971000E+00,-5.314643E-01,2.674155E-03,-3.093239E-01,-1.293975E-03,-5.383034E-01,2.673591E-03,-3.092959E-01,-2.912861E-03,0.000000E+00,0.000000E+00,-4.723444E-03
1.972000E+00,-5.317713E-01,2.674214E-03,-3.070543E-01,5.849512E-05,-5.386104E-01,2.669276E-03,-3.070249E-01,-4.315521E-03,0.000000E+00,0.000000E+00,-4.136779E-02
1.973000E+00,-5.320768E-01,2.675656E-03,-3.054148E-01,1.442215E-03,-5.389158E-01,2.672600E-03,-3.054016E-01,3.324302E-03,0.000000E+00,0.000000E+00,-2.560022E-02
1.974000E+00,-5.323819E-01,2.672175E-03,-3.050899E-01,-3.480782E-03,-5.392209E-01,2.675285E-03,-3.050761E-01,2.684521E-03,0.000000E+00,0.000000E+00,2.605118E-02
1.975000E+00,-5.326872E-01,2.667925E-03,-3.053877E-01,-4.249766E-03,-5.395263E-01,2.669356E-03,-3.053712E-01,-5.928624E-03,0.000000E+00,0.000000E+00,1.198613E-02
1.976000E+00,-5.329932E-01,2.670819E-03,-3.060058E-01,2.893885E-03,-5.398322E-01,2.667962E-03,-3.059949E-01,-1.393853E-03,0.000000E+00,0.000000E+00,-2.393565E-02
1.977000E+00,-5.333007E-01,2.676628E-03,-3.074292E-01,5.808391E-03,-5.401397E-01,2.670889E-03,-3.074088E-01,2.927337E-03,0.000000E+00,0.000000E+00,-4.807267E-02
1.978000E+00,-5.336094E-01,2.673356E-03,-3.087320E-01,-3.271056E-03,-5.404484E-01,2.676935E-03,-3.087324E-01,6.045428E-03,0.000000E+00,0.000000E+00,2.997917E-02
1.979000E+00,-5.339209E-01,2.679476E-03,-3.114731E-01,6.119409E-03,-5.407598E-01,2.675638E-03,-3.114590E-01,-1.297139E-03,0.000000E+00,0.000000E+00,-3.215542E-02
1.980000E+00,-5.342355E-01,2.678555E-03,-3.146259E-01,-9.207788E-04,-5.410745E-01,2.675016E-03,-3.146623E-01,-6.216890E-04,0.000000E+00,0.000000E+00,-2.964954E-02
1.981000E+00,-5.345537E-01,2.678295E-03,-3.181610E-01,-2.605153E-04,-5.413927E-01,2.678211E-03,-3.181897E-01,3.194454E-03,0.000000E+00,0.000000E+00,-7.045079E-04
1.982000E+00,-5.348734E-01,2.680962E-03,-3.197579E-01,2.667429E-03,-5.417125E-01,2.669550E-03,-3.197726E-01,-8.660965E-03,0.000000E+00,0.000000E+00,-9.561079E-02
1.983000E+00,-5.351988E-01,2.679084E-03,-3.253627E-01,-1.878439E-03,-5.420378E-01,2.678623E-03,-3.253746E-01,9.073002E-03,0.000000E+00,0.000000E+00,-3.862518E-03
1.984000E+00,-5.355247E-01,2.668658E-03,-3.259598E-01,-1.042582E-02,-5.423638E-01,2.675081E-03,-3.259075E-01,-3.541989E-03,0.000000E+00,0.000000E+00,5.380874E-02
1.985000E+00,-5.358431E-01,2.677776E-03,-3.183573E-01,9.117878E-03,-5.426821E-01,2.672914E-03,-3.183477E-01,-2.166681E-03,0.000000E+00,0.000000E+00,-4.073097E-02
1.986000E+00,-5.361567E-01,2.675383E-03,-3.136267E-01,-2.392779E-03,-5.429957E-01,2.682018E-03,-3.135968E-01,9.104387E-03,0.000000E+00,0.000000E+00,5.559025E-02
1.987000E+00,-5.364679E-01,2.666204E-03,-3.111590E-01,-9.178792E-03,-5.433068E-01,2.685694E-03,-3.110912E-01,3.676139E-03,0.000000E+00,0.000000E+00,1.632880E-01
1.988000E+00,-5.367743E-01,2.671472E-03,-3.063985E-01,5.267559E-03,-5.436132E-01,2.681592E-03,-3.064094E-01,-4.102214E-03,0.000000E+00,0.000000E+00,8.478901E-02
1.989000E+00,-5.370819E-01,2.681659E-03,-3.075660E-01,1.018707E-02,-5.439207E-01,2.670568E-03,-3.075327E-01,-1.102452E-02,0.000000E+00,0.000000E+00,-9.292008E-02
1.990000E+00,-5.373932E-01,2.689352E-03,-3.113813E-01,7.692865E-03,-5.442321E-01,2.666447E-03,-3.113407E-01,-4.120688E-03,0.000000E+00,0.000000E+00,-1.918939E-01
1.991000E+00,-5.377068E-01,2.686105E-03,-3.135458E-01,-3.246366E-03,-5.445456E-01,2.672944E-03,-3.135701E-01,6.496875E-03,0.000000E+00,0.000000E+00,-1.102653E-01
1.992000E+00,-5.380209E-01,2.673754E-03,-3.141102E-01,-1.235128E-02,-5.448598E-01,2.675939E-03,-3.141232E-01,2.995367E-03,0.000000E+00,0.000000E+00,1.830831E-02
1.993000E+00,-5.383311E-01,2.670927E-03,-3.102198E-01,-2.826437E-03,-5.451700E-01,2.670822E-03,-3.102218E-01,-5.117698E-03,0.000000E+00,0.000000E+00,-8.877680E-04
1.994000E+00,-5.386363E-01,2.677653E-03,-3.052105E-01,6.725763E-03,-5.454753E-01,2.672991E-03,-3.052645E-01,2.169087E-03,0.000000E+00,0.000000E+00,-3.906306E-02
1.995000E+00,-5.389403E-01,2.671011E-03,-3.039998E-01,-6.642407E-03,-5.457793E-01,2.674882E-03,-3.040194E-01,1.890959E-03,0.000000E+00,0.000000E+00,3.242840E-02
1.996000E+00,-5.392393E-01,2.675673E-03,-2.990201E-01,4.662243E-03,-5.460783E-01,2.674346E-03,-2.990456E-01,-5.354007E-04,0.000000E+00,0.000000E+00,-1.111669E-02
1.997000E+00,-5.395362E-01,2.679431E-03,-2.968894E-01,3.757817E-03,-5.463753E-01,2.673310E-03,-2.969410E-01,-1.036333E-03,0.000000E+00,0.000000E+00,-5.128087E-02
1.998000E+00,-5.398327E-01,2.676943E-03,-2.965007E-01,-2.487464E-03,-5.466718E-01,2.672089E-03,-2.965308E-01,-1.220692E-03,0.000000E+00,0.000000E+00,-4.066798E-02
1.999000E+00,-5.401290E-01,2.673675E-03,-2.963106E-01,-3.268494E-03,-5.469681E-01,2.672031E-03,-2.963317E-01,-5.824387E-05,0.000000E+00,0.000000E+00,-1.377333E-02
2.000000E+00,-5.404257E-01,2.675126E-03,-2.966156E-01,1.451203E-03,-5.472648E-01,2.672124E-03,-2.966325E-01,9.292225E-05,0.000000E+00,0.000000E+00,-2.515255E-02
2.001000E+00,-5.407227E-01,2.674266E-03,-2.970603E-01,-8.605388E-04,-5.475618E-01,2.673611E-03,-2.970750E-01,1.486859E-03,0.000000E+00,0.000000E+00,-5.486774E-03
2.002000E+00,-5.410214E-01,2.675998E-03,-2.986592E-01,1.732555E-03,-5.478605E-01,2.676255E-03,-2.986591E-01,2.644224E-03,0.000000E+00,0.000000E+00,2.150879E-03
2.003000E+00,-5.413215E-01,2.673205E-03,-3.000971E-01,-2.793505E-03,-5.481606E-01,2.670900E-03,-3.000987E-01,-5.354526E-03,0.000000E+00,0.000000E+00,-1.930450E-02
2.004000E+00,-5.416273E-01,2.677448E-03,-3.058161E-01,4.243011E-03,-5.484664E-01,2.679269E-03,-3.057766E-01,8.368406E-03,0.000000E+00,0.000000E+00,1.525677E-02
2.005000E+00,-5.419344E-01,2.674300E-03,-3.071180E-01,-3.147721E-03,-5.487735E-01,2.676521E-03,-3.071422E-01,-2.747403E-03,0.000000E+00,0.000000E+00,1.861045E-02
2.006000E+00,-5.422476E-01,2.683853E-03,-3.132179E-01,9.552566E-03,-5.490866E-01,2.676568E-03,-3.131350E-01,4.645815E-05,0.000000E+00,0.000000E+00,-6.102943E-02
2.007000E+00,-5.425630E-01,2.679124E-03,-3.153922E-01,-4.728534E-03,-5.494020E-01,2.674571E-03,-3.153666E-01,-1.996925E-03,0.000000E+00,0.000000E+00,-3.814476E-02
2.008000E+00,-5.428826E-01,2.671415E-03,-3.195730E-01,-7.709137E-03,-5.497215E-01,2.682748E-03,-3.195425E-01,8.177525E-03,0.000000E+00,0.000000E+00,9.495110E-02
2.009000E+00,-5.431992E-01,2.680093E-03,-3.166114E-01,8.678203E-03,-5.500382E-01,2.675454E-03,-3.166364E-01,-7.294391E-03,0.000000E+00,0.000000E+00,-3.886471E-02
2.010000E+00,-5.435133E-01,2.680629E-03,-3.140737E-01,5.363559E-04,-5.503523E-01,2.665741E-03,-3.140866E-01,-9.712936E-03,0.000000E+00,0.000000E+00,-1.247310E-01
2.011000E+00,-5.438215E-01,2.667359E-03,-3.082693E-01,-1.327052E-02,-5.506606E-01,2.678216E-03,-3.083429E-01,1.247536E-02,0.000000E+00,0.000000E+00,9.096174E-02
2.012000E+00,-5.441231E-01,2.667746E-03,-3.015052E-01,3.867055E-04,-5.509622E-01,2.684061E-03,-3.015697E-01,5.844967E-03,0.000000E+00,0.000000E+00,1.366880E-01
2.013000E+00,-5.444235E-01,2.672532E-03,-3.004887E-01,4.786564E-03,-5.512628E-01,2.679035E-03,-3.005777E-01,-5.026227E-03,0.000000E+00,0.000000E+00,5.447956E-02
2.014000E+00,-5.447263E-01,2.684879E-03,-3.027743E-01,1.234648E-02,-5.515656E-01,2.668019E-03,-3.028109E-01,-1.101619E-02,0.000000E+00,0.000000E+00,-1.412408E-01
2.015000E+00,-5.450314E-01,2.691330E-03,-3.051002E-01,6.451208E-03,-5.518707E-01,2.669838E-03,-3.051175E-01,1.818902E-03,0.000000E+00,0.000000E+00,-1.800471E-01
2.016000E+00,-5.453392E-01,2.687813E-03,-3.077894E-01,-3.517316E-03,-5.521785E-01,2.678844E-03,-3.078357E-01,9.006372E-03,0.000000E+00,0.000000E+00,-7.513038E-02
2.017000E+00,-5.456474E-01,2.675393E-03,-3.081989E-01,-1.241954E-02,-5.524867E-01,2.676837E-03,-3.082227E-01,-2.006895E-03,0.000000E+00,0.000000E+00,1.210052E-02
2.018000E+00,-5.459538E-01,2.663305E-03,-3.063486E-01,-1.208823E-02,-5.527931E-01,2.665530E-03,-3.063509E-01,-1.130736E-02,0.000000E+00,0.000000E+00,1.864214E-02
2.019000E+00,-5.462540E-01,2.670275E-03,-3.002899E-01,6.970106E-03,-5.530935E-01,2.662073E-03,-3.003644E-01,-3.457233E-03,0.000000E+00,0.000000E+00,-6.871081E-02
2.020000E+00,-5.465493E-01,2.684306E-03,-2.952727E-01,1.403141E-02,-5.533888E-01,2.664880E-03,-2.953078E-01,2.807219E-03,0.000000E+00,0.000000E+00,-1.627378E-01
2.021000E+00,-5.468427E-01,2.690862E-03,-2.934316E-01,6.555815E-03,-5.536822E-01,2.670287E-03,-2.934549E-01,5.407051E-03,0.000000E+00,0.000000E+00,-1.723606E-01
2.022000E+00,-5.471349E-01,2.685404E-03,-2.921339E-01,-5.458412E-03,-5.539744E-01,2.678224E-03,-2.921900E-01,7.936858E-03,0.000000E+00,0.000000E+00,-6.014562E-02
2.023000E+00,-5.474267E-01,2.670547E-03,-2.918051E-01,-1.485621E-02,-5.542662E-01,2.675101E-03,-2.918263E-01,-3.122699E-03,0.000000E+00,0.000000E+00,3.814756E-02
2.024000E+00,-5.477181E-01,2.665315E-03,-2.914074E-01,-5.232471E-03,-5.545577E-01,2.672732E-03,-2.914232E-01,-2.368760E-03,0.000000E+00,0.000000E+00,6.213704E-02
2.025000E+00,-5.480101E-01,2.671942E-03,-2.919826E-01,6.627130E-03,-5.548497E-01,2.672958E-03,-2.920074E-01,2.250324E-04,0.000000E+00,0.000000E+00,8.506036E-03
2.026000E+00,-5.483033E-01,2.681789E-03,-2.932616E-01,9.846845E-03,-5.551429E-01,2.669398E-03,-2.932697E-01,-3.559327E-03,0.000000E+00,0.000000E+00,-1.037981E-01
2.027000E+00,-5.485972E-01,2.683714E-03,-2.938872E-01,1.925100E-03,-5.554368E-01,2.666355E-03,-2.938940E-01,-3.043213E-03,0.000000E+00,0.000000E+00,-1.454176E-01
2.028000E+00,-5.488925E-01,2.676937E-03,-2.952458E-01,-6.777345E-03,-5.557321E-01,2.668841E-03,-2.952785E-01,2.486393E-03,0.000000E+00,0.000000E+00,-6.781480E-02
2.029000E+00,-5.491910E-01,2.674771E-03,-2.984930E-01,-2.166200E-03,-5.560306E-01,2.677810E-03,-2.984843E-01,8.968920E-03,0.000000E+00,0.000000E+00,2.546419E-02
2.030000E+00,-5.494927E-01,2.673598E-03,-3.017560E-01,-1.173028E-03,-5.563324E-01,2.677385E-03,-3.017749E-01,-4.255812E-04,0.000000E+00,0.000000E+00,3.172548E-02
2.031000E+00,-5.497998E-01,2.680901E-03,-3.071088E-01,7.303110E-03,-5.566395E-01,2.678174E-03,-3.071467E-01,7.890823E-04,0.000000E+00,0.000000E+00,-2.284237E-02
2.032000E+00,-5.501088E-01,2.689079E-03,-3.089744E-01,8.178150E-03,-5.569485E-01,2.671597E-03,-3.089706E-01,-6.576310E-03,0.000000E+00,0.000000E+00,-1.464395E-01
2.033000E+00,-5.504209E-01,2.703690E-03,-3.121381E-01,1.461163E-02,-5.572606E-01,2.673001E-03,-3.120829E-01,1.403127E-03,0.000000E+00,0.000000E+00,-2.570872E-01
2.034000E+00,-5.507338E-01,2.703199E-03,-3.128456E-01,-4.909074E-04,-5.575734E-01,2.671039E-03,-3.128218E-01,-1.961406E-03,0.000000E+00,0.000000E+00,-2.694062E-01
2.035000E+00,-5.510421E-01,2.688130E-03,-3.083589E-01,-1.506997E-02,-5.578818E-01,2.680601E-03,-3.084095E-01,9.561433E-03,0.000000E+00,0.000000E+00,-6.306919E-02
2.036000E+00,-5.513464E-01,2.663534E-03,-3.042936E-01,-2.459513E-02,-5.581860E-01,2.691727E-03,-3.041802E-01,1.112637E-02,0.000000E+00,0.000000E+00,2.361720E-01
2.037000E+00,-5.516449E-01,2.657251E-03,-2.984347E-01,-6.283800E-03,-5.584843E-01,2.692065E-03,-2.983444E-01,3.380936E-04,0.000000E+00,0.000000E+00,2.916471E-01
2.038000E+00,-5.519420E-01,2.654437E-03,-2.970784E-01,-2.813596E-03,-5.587814E-01,2.687243E-03,-2.970366E-01,-4.821634E-03,0.000000E+00,0.000000E+00,2.748274E-01
2.039000E+00,-5.522400E-01,2.657977E-03,-2.980270E-01,3.539735E-03,-5.590794E-01,2.676546E-03,-2.980151E-01,-1.069712E-02,0.000000E+00,0.000000E+00,1.555631E-01
2.040000E+00,-5.525431E-01,2.672665E-03,-3.030877E-01,1.468874E-02,-5.593824E-01,2.668505E-03,-3.029849E-01,-8.041377E-03,0.000000E+00,0.000000E+00,-3.485411E-02
2.041000E+00,-5.528495E-01,2.683182E-03,-3.063915E-01,1.051670E-02,-5.596887E-01,2.669610E-03,-3.062949E-01,1.104830E-03,0.000000E+00,0.000000E+00,-1.137028E-01
2.042000E+00,-5.531570E-01,2.687386E-03,-3.075456E-01,4.203889E-03,-5.599961E-01,2.673238E-03,-3.074633E-01,3.628069E-03,0.000000E+00,0.000000E+00,-1.185282E-01
2.043000E+00,-5.534632E-01,2.686218E-03,-3.061593E-01,-1.168293E-03,-5.603022E-01,2.677145E-03,-3.060881E-01,3.907142E-03,0.000000E+00,0.000000E+00,-7.600890E-02
2.044000E+00,-5.537690E-01,2.676055E-03,-3.058520E-01,-1.016256E-02,-5.606080E-01,2.675272E-03,-3.057786E-01,-1.872816E-03,0.000000E+00,0.000000E+00,-6.559710E-03
2.045000E+00,-5.540728E-01,2.663516E-03,-3.037963E-01,-1.253909E-02,-5.609117E-01,2.675743E-03,-3.037411E-01,4.703213E-04,0.000000E+00,0.000000E+00,1.024316E-01
2.046000E+00,-5.543744E-01,2.657149E-03,-3.016019E-01,-6.366879E-03,-5.612133E-01,2.671837E-03,-3.015615E-01,-3.905275E-03,0.000000E+00,0.000000E+00,1.230553E-01
2.047000E+00,-5.546750E-01,2.657771E-03,-3.005938E-01,6.221742E-04,-5.615139E-01,2.672598E-03,-3.005694E-01,7.603076E-04,0.000000E+00,0.000000E+00,1.242130E-01
2.048000E+00,-5.549759E-01,2.664078E-03,-3.009111E-01,6.306981E-03,-5.618148E-01,2.674784E-03,-3.009025E-01,2.185988E-03,0.000000E+00,0.000000E+00,8.968770E-02
2.049000E+00,-5.552778E-01,2.673219E-03,-3.018749E-01,9.140464E-03,-5.621166E-01,2.674577E-03,-3.018676E-01,-2.068263E-04,0.000000E+00,0.000000E+00,1.137633E-02
2.050000E+00,-5.555802E-01,2.684213E-03,-3.023918E-01,1.099378E-02,-5.624190E-01,2.671780E-03,-3.023659E-01,-2.796769E-03,0.000000E+00,0.000000E+00,-1.041610E-01
2.051000E+00,-5.558822E-01,2.691643E-03,-3.020467E-01,7.430503E-03,-5.627210E-01,2.673368E-03,-3.020271E-01,1.587871E-03,0.000000E+00,0.000000E+00,-1.531110E-01
2.052000E+00,-5.561847E-01,2.688450E-03,-3.024546E-01,-3.192995E-03,-5.630235E-01,2.674567E-03,-3.024604E-01,1.199602E-03,0.000000E+00,0.000000E+00,-1.163097E-01
2.053000E+00,-5.564890E-01,2.677003E-03,-3.043099E-01,-1.144724E-02,-5.633278E-01,2.677516E-03,-3.043069E-01,2.948994E-03,0.000000E+00,0.000000E+00,4.302462E-03
2.054000E+00,-5.567948E-01,2.666571E-03,-3.057822E-01,-1.043236E-02,-5.636336E-01,2.671666E-03,-3.057677E-01,-5.850242E-03,0.000000E+00,0.000000E+00,4.269173E-02
2.055000E+00,-5.571083E-01,2.667280E-03,-3.134823E-01,7.095340E-04,-5.639470E-01,2.679864E-03,-3.134688E-01,8.198147E-03,0.000000E+00,0.000000E+00,1.054319E-01
2.056000E+00,-5.574261E-01,2.684857E-03,-3.178788E-01,1.757701E-02,-5.642649E-01,2.682359E-03,-3.178697E-01,2.494345E-03,0.000000E+00,0.000000E+00,-2.093175E-02
2.057000E+00,-5.577448E-01,2.699840E-03,-3.186547E-01,1.498340E-02,-5.645835E-01,2.671083E-03,-3.185891E-01,-1.127580E-02,0.000000E+00,0.000000E+00,-2.409346E-01
2.058000E+00,-5.580665E-01,2.704650E-03,-3.217194E-01,4.809373E-03,-5.649052E-01,2.671892E-03,-3.217243E-01,8.093830E-04,0.000000E+00,0.000000E+00,-2.744463E-01
2.059000E+00,-5.583869E-01,2.709640E-03,-3.203682E-01,4.990141E-03,-5.652257E-01,2.679406E-03,-3.204387E-01,7.513703E-03,0.000000E+00,0.000000E+00,-2.533013E-01
2.060000E+00,-5.587061E-01,2.704403E-03,-3.192626E-01,-5.237036E-03,-5.655450E-01,2.682203E-03,-3.193466E-01,2.797221E-03,0.000000E+00,0.000000E+00,-1.859884E-01
2.061000E+00,-5.590252E-01,2.678598E-03,-3.190276E-01,-2.580518E-02,-5.658641E-01,2.681643E-03,-3.190499E-01,-5.604165E-04,0.000000E+00,0.000000E+00,2.551091E-02
2.062000E+00,-5.593430E-01,2.650352E-03,-3.178407E-01,-2.824561E-02,-5.661818E-01,2.674621E-03,-3.177917E-01,-7.021848E-03,0.000000E+00,0.000000E+00,2.033231E-01
2.063000E+00,-5.596604E-01,2.639829E-03,-3.173863E-01,-1.052270E-02,-5.664992E-01,2.664897E-03,-3.173839E-01,-9.723804E-03,0.000000E+00,0.000000E+00,2.100162E-01
2.064000E+00,-5.599854E-01,2.648798E-03,-3.250464E-01,8.968456E-03,-5.668242E-01,2.673813E-03,-3.250160E-01,8.915572E-03,0.000000E+00,0.000000E+00,2.095741E-01
2.065000E+00,-5.603200E-01,2.676473E-03,-3.346040E-01,2.767463E-02,-5.671588E-01,2.689419E-03,-3.345619E-01,1.560681E-02,0.000000E+00,0.000000E+00,1.084709E-01
2.066000E+00,-5.606558E-01,2.707580E-03,-3.357751E-01,3.110785E-02,-5.674945E-01,2.684235E-03,-3.357121E-01,-5.184614E-03,0.000000E+00,0.000000E+00,-1.955919E-01
2.067000E+00,-5.609912E-01,2.731445E-03,-3.353647E-01,2.386508E-02,-5.678296E-01,2.664312E-03,-3.350446E-01,-1.992242E-02,0.000000E+00,0.000000E+00,-5.624604E-01
2.068000E+00,-5.613233E-01,2.744358E-03,-3.320737E-01,1.291235E-02,-5.681614E-01,2.659041E-03,-3.318538E-01,-5.271814E-03,0.000000E+00,0.000000E+00,-7.148217E-01
2.069000E+00,-5.616493E-01,2.748359E-03,-3.260653E-01,4.000877E-03,-5.684876E-01,2.674047E-03,-3.262134E-01,1.500612E-02,0.000000E+00,0.000000E+00,-6.226096E-01
2.070000E+00,-5.619710E-01,2.747267E-03,-3.216483E-01,-1.091347E-03,-5.688096E-01,2.700517E-03,-3.220031E-01,2.647023E-02,0.000000E+00,0.000000E+00,-3.916787E-01
2.071000E+00,-5.622928E-01,2.733308E-03,-3.218452E-01,-1.395902E-02,-5.691317E-01,2.720509E-03,-3.220939E-01,1.999225E-02,0.000000E+00,0.000000E+00,-1.072295E-01
2.072000E+00,-5.626150E-01,2.707538E-03,-3.221609E-01,-2.577028E-02,-5.694539E-01,2.733049E-03,-3.222124E-01,1.254016E-02,0.000000E+00,0.000000E+00,2.137295E-01
2.073000E+00,-5.629388E-01,2.679685E-03,-3.238133E-01,-2.785325E-02,-5.697777E-01,2.721292E-03,-3.237825E-01,-1.175764E-02,0.000000E+00,0.000000E+00,3.485746E-01
2.074000E+00,-5.632637E-01,2.657615E-03,-3.248689E-01,-2.206985E-02,-5.701027E-01,2.686788E-03,-3.249954E-01,-3.450401E-02,0.000000E+00,0.000000E+00,2.444009E-01
2.075000E+00,-5.635930E-01,2.651996E-03,-3.293502E-01,-5.619376E-03,-5.704322E-01,2.654017E-03,-3.294666E-01,-3.277068E-02,0.000000E+00,0.000000E+00,1.693549E-02
2.076000E+00,-5.639271E-01,2.656198E-03,-3.341339E-01,4.202608E-03,-5.707663E-01,2.647075E-03,-3.341611E-01,-6.942380E-03,0.000000E+00,0.000000E+00,-7.643235E-02
2.077000E+00,-5.642644E-01,2.663927E-03,-3.372103E-01,7.728477E-03,-5.711036E-01,2.654740E-03,-3.372351E-01,7.665562E-03,0.000000E+00,0.000000E+00,-7.695914E-02
2.078000E+00,-5.646054E-01,2.674323E-03,-3.410609E-01,1.039608E-02,-5.714446E-01,2.669841E-03,-3.410660E-01,1.510054E-02,0.000000E+00,0.000000E+00,-3.754742E-02
2.079000E+00,-5.649503E-01,2.684968E-03,-3.448891E-01,1.064533E-02,-5.717895E-01,2.686779E-03,-3.448889E-01,1.693829E-02,0.000000E+00,0.000000E+00,1.517203E-02
2.080000E+00,-5.652952E-01,2.690169E-03,-3.448852E-01,5.201198E-03,-5.721344E-01,2.686764E-03,-3.449067E-01,-1.465185E-05,0.000000E+00,0.000000E+00,-2.852380E-02
2.081000E+00,-5.656401E-01,2.688283E-03,-3.449387E-01,-1.886507E-03,-5.724794E-01,2.670787E-03,-3.449618E-01,-1.597695E-02,0.000000E+00,0.000000E+00,-1.465656E-01
2.082000E+00,-5.659908E-01,2.675622E-03,-3.506204E-01,-1.266082E-02,-5.728301E-01,2.671955E-03,-3.506988E-01,1.167104E-03,0.000000E+00,0.000000E+00,-3.072252E-02
2.083000E+00,-5.663451E-01,2.673557E-03,-3.543954E-01,-2.064531E-03,-5.731845E-01,2.680166E-03,-3.544179E-01,8.211392E-03,0.000000E+00,0.000000E+00,5.536254E-02
2.084000E+00,-5.666975E-01,2.674476E-03,-3.523540E-01,9.184855E-04,-5.735369E-01,2.674366E-03,-3.523865E-01,-5.800013E-03,0.000000E+00,0.000000E+00,-9.206363E-04
2.085000E+00,-5.670444E-01,2.674317E-03,-3.469207E-01,-1.585035E-04,-5.738838E-01,2.674633E-03,-3.469239E-01,2.668811E-04,0.000000E+00,0.000000E+00,2.642940E-03
2.086000E+00,-5.673815E-01,2.689107E-03,-3.370850E-01,1.478974E-02,-5.742209E-01,2.682774E-03,-3.371129E-01,8.141631E-03,0.000000E+00,0.000000E+00,-5.305008E-02
2.087000E+00,-5.677185E-01,2.687739E-03,-3.370376E-01,-1.368550E-03,-5.745580E-01,2.686079E-03,-3.370511E-01,3.304627E-03,0.000000E+00,0.000000E+00,-1.390160E-02
2.088000E+00,-5.680556E-01,2.673471E-03,-3.370323E-01,-1.426746E-02,-5.748950E-01,2.683149E-03,-3.370392E-01,-2.930398E-03,0.000000E+00,0.000000E+00,8.107174E-02
2.089000E+00,-5.683956E-01,2.673722E-03,-3.400115E-01,2.509137E-04,-5.752351E-01,2.672699E-03,-3.400180E-01,-1.044940E-02,0.000000E+00,0.000000E+00,-8.567355E-03
2.090000E+00,-5.687409E-01,2.678770E-03,-3.452716E-01,5.047612E-03,-5.755803E-01,2.668420E-03,-3.452963E-01,-4.279029E-03,0.000000E+00,0.000000E+00,-8.669846E-02
2.091000E+00,-5.690901E-01,2.682498E-03,-3.492016E-01,3.728654E-03,-5.759296E-01,2.675409E-03,-3.492402E-01,6.988592E-03,0.000000E+00,0.000000E+00,-5.938899E-02
2.092000E+00,-5.694408E-01,2.685938E-03,-3.506927E-01,3.439348E-03,-5.762803E-01,2.677812E-03,-3.507080E-01,2.402662E-03,0.000000E+00,0.000000E+00,-6.807331E-02
2.093000E+00,-5.697909E-01,2.681421E-03,-3.501304E-01,-4.516703E-03,-5.766304E-01,2.672457E-03,-3.501457E-01,-5.354511E-03,0.000000E+00,0.000000E+00,-7.509158E-02
2.094000E+00,-5.701382E-01,2.668871E-03,-3.473486E-01,-1.254999E-02,-5.769778E-01,2.670766E-03,-3.473271E-01,-1.690534E-03,0.000000E+00,0.000000E+00,1.587940E-02
2.095000E+00,-5.704767E-01,2.678617E-03,-3.384387E-01,9.745866E-03,-5.773162E-01,2.671367E-03,-3.384488E-01,6.004756E-04,0.000000E+00,0.000000E+00,-6.073278E-02
2.096000E+00,-5.708115E-01,2.685389E-03,-3.348400E-01,6.771763E-03,-5.776511E-01,2.676502E-03,-3.348818E-01,5.134825E-03,0.000000E+00,0.000000E+00,-7.444516E-02
2.097000E+00,-5.711459E-01,2.677044E-03,-3.343840E-01,-8.344923E-03,-5.779855E-01,2.669558E-03,-3.343685E-01,-6.944175E-03,0.000000E+00,0.000000E+00,-6.271114E-02
2.098000E+00,-5.714788E-01,2.664795E-03,-3.328763E-01,-1.224883E-02,-5.783183E-01,2.667372E-03,-3.328591E-01,-2.185127E-03,0.000000E+00,0.000000E+00,2.159362E-02
2.099000E+00,-5.718107E-01,2.668203E-03,-3.319001E-01,3.408120E-03,-5.786502E-01,2.669649E-03,-3.318949E-01,2.276682E-03,0.000000E+00,0.000000E+00,1.211543E-02
2.100000E+00,-5.721432E-01,2.681010E-03,-3.325593E-01,1.280738E-02,-5.789828E-01,2.674376E-03,-3.325515E-01,4.726424E-03,0.000000E+00,0.000000E+00,-5.557983E-02
2.101000E+00,-5.724759E-01,2.686245E-03,-3.326722E-01,5.234820E-03,-5.793154E-01,2.677684E-03,-3.326649E-01,3.308264E-03,0.000000E+00,0.000000E+00,-7.171891E-02
2.102000E+00,-5.728089E-01,2.680289E-03,-3.329693E-01,-5.955737E-03,-5.796484E-01,2.673822E-03,-3.329708E-01,-3.861739E-03,0.000000E+00,0.000000E+00,-5.417719E-02
2.103000E+00,-5.731425E-01,2.672280E-03,-3.336634E-01,-8.008969E-03,-5.799821E-01,2.675915E-03,-3.336614E-01,2.093023E-03,0.000000E+00,0.000000E+00,3.044868E-02
2.104000E+00,-5.734788E-01,2.670786E-03,-3.362676E-01,-1.493936E-03,-5.803184E-01,2.672902E-03,-3.362967E-01,-3.013318E-03,0.000000E+00,0.000000E+00,1.772052E-02
2.105000E+00,-5.738203E-01,2.679638E-03,-3.414872E-01,8.851192E-03,-5.806599E-01,2.680094E-03,-3.415263E-01,7.192191E-03,0.000000E+00,0.000000E+00,3.822860E-03
2.106000E+00,-5.741627E-01,2.687085E-03,-3.424361E-01,7.447170E-03,-5.810023E-01,2.677147E-03,-3.424547E-01,-2.947249E-03,0.000000E+00,0.000000E+00,-8.325159E-02
2.107000E+00,-5.745067E-01,2.691007E-03,-3.439241E-01,3.921930E-03,-5.813463E-01,2.668328E-03,-3.439189E-01,-8.818901E-03,0.000000E+00,0.000000E+00,-1.899816E-01
2.108000E+00,-5.748550E-01,2.686829E-03,-3.483899E-01,-4.178222E-03,-5.816947E-01,2.674026E-03,-3.484239E-01,5.698149E-03,0.000000E+00,0.000000E+00,-1.072468E-01
2.109000E+00,-5.752022E-01,2.676536E-03,-3.472035E-01,-1.029212E-02,-5.820419E-01,2.674311E-03,-3.471717E-01,2.846983E-04,0.000000E+00,0.000000E+00,-1.864485E-02
2.110000E+00,-5.755447E-01,2.670927E-03,-3.424779E-01,-5.609847E-03,-5.823843E-01,2.677684E-03,-3.424276E-01,3.373444E-03,0.000000E+00,0.000000E+00,5.660900E-02
2.111000E+00,-5.758797E-01,2.679786E-03,-3.349312E-01,8.859786E-03,-5.827192E-01,2.683931E-03,-3.349404E-01,6.246344E-03,0.000000E+00,0.000000E+00,3.471588E-02
2.112000E+00,-5.762144E-01,2.676160E-03,-3.347758E-01,-3.626514E-03,-5.830540E-01,2.681176E-03,-3.347667E-01,-2.754398E-03,0.000000E+00,0.000000E+00,4.202173E-02
2.113000E+00,-5.765484E-01,2.670369E-03,-3.339918E-01,-5.790914E-03,-5.833880E-01,2.666260E-03,-3.339646E-01,-1.491597E-02,0.000000E+00,0.000000E+00,-3.441998E-02
2.114000E+00,-5.768856E-01,2.674879E-03,-3.371995E-01,4.509944E-03,-5.837252E-01,2.669445E-03,-3.372004E-01,3.184932E-03,0.000000E+00,0.000000E+00,-4.551979E-02
2.115000E+00,-5.772281E-01,2.687705E-03,-3.425110E-01,1.282646E-02,-5.840676E-01,2.680926E-03,-3.424710E-01,1.148053E-02,0.000000E+00,0.000000E+00,-5.679518E-02
2.116000E+00,-5.775719E-01,2.685158E-03,-3.437323E-01,-2.547355E-03,-5.844114E-01,2.686905E-03,-3.437400E-01,5.978905E-03,0.000000E+00,0.000000E+00,1.463089E-02
2.117000E+00,-5.779156E-01,2.674645E-03,-3.437459E-01,-1.051287E-02,-5.847551E-01,2.679915E-03,-3.437594E-01,-6.989256E-03,0.000000E+00,0.000000E+00,4.414870E-02
2.118000E+00,-5.782559E-01,2.671807E-03,-3.402567E-01,-2.838505E-03,-5.850954E-01,2.671149E-03,-3.403105E-01,-8.766130E-03,0.000000E+00,0.000000E+00,-5.507936E-03
2.119000E+00,-5.785883E-01,2.678800E-03,-3.324663E-01,6.992903E-03,-5.854279E-01,2.672320E-03,-3.324950E-01,1.171353E-03,0.000000E+00,0.000000E+00,-5.427539E-02
2.120000E+00,-5.789172E-01,2.680223E-03,-3.288758E-01,1.423013E-03,-5.857568E-01,2.672411E-03,-3.288431E-01,9.044851E-05,0.000000E+00,0.000000E+00,-6.543867E-02
2.121000E+00,-5.792424E-01,2.677636E-03,-3.251629E-01,-2.586316E-03,-5.860819E-01,2.677976E-03,-3.251402E-01,5.565468E-03,0.000000E+00,0.000000E+00,2.849655E-03
2.122000E+00,-5.795657E-01,2.673454E-03,-3.233675E-01,-4.182129E-03,-5.864053E-01,2.679185E-03,-3.233576E-01,1.208207E-03,0.000000E+00,0.000000E+00,4.800527E-02
2.123000E+00,-5.798885E-01,2.674923E-03,-3.227982E-01,1.468662E-03,-5.867281E-01,2.674878E-03,-3.227991E-01,-4.306112E-03,0.000000E+00,0.000000E+00,-3.708306E-04
2.124000E+00,-5.802116E-01,2.672802E-03,-3.230411E-01,-2.120263E-03,-5.870511E-01,2.662014E-03,-3.230236E-01,-1.286459E-02,0.000000E+00,0.000000E+00,-9.037773E-02
2.125000E+00,-5.805356E-01,2.675558E-03,-3.240521E-01,2.755474E-03,-5.873751E-01,2.658320E-03,-3.240321E-01,-3.693895E-03,0.000000E+00,0.000000E+00,-1.444053E-01
2.126000E+00,-5.808611E-01,2.675334E-03,-3.254534E-01,-2.240769E-04,-5.877006E-01,2.659761E-03,-3.254546E-01,1.440786E-03,0.000000E+00,0.000000E+00,-1.304585E-01
2.127000E+00,-5.811891E-01,2.676022E-03,-3.280153E-01,6.876336E-04,-5.880286E-01,2.668843E-03,-3.280199E-01,9.082530E-03,0.000000E+00,0.000000E+00,-6.013308E-02
2.128000E+00,-5.815198E-01,2.674620E-03,-3.307108E-01,-1.401111E-03,-5.883593E-01,2.681667E-03,-3.306956E-01,1.282378E-02,0.000000E+00,0.000000E+00,5.903152E-02
2.129000E+00,-5.818521E-01,2.683582E-03,-3.323373E-01,8.961435E-03,-5.886916E-01,2.682794E-03,-3.323175E-01,1.126586E-03,0.000000E+00,0.000000E+00,-6.602572E-03
2.130000E+00,-5.821846E-01,2.685920E-03,-3.324060E-01,2.338508E-03,-5.890240E-01,2.667238E-03,-3.323838E-01,-1.555606E-02,0.000000E+00,0.000000E+00,-1.565095E-01
2.131000E+00,-5.825224E-01,2.679096E-03,-3.378192E-01,-6.824695E-03,-5.893619E-01,2.672675E-03,-3.378548E-01,5.437580E-03,0.000000E+00,0.000000E+00,-5.378540E-02
2.132000E+00,-5.828658E-01,2.679582E-03,-3.434702E-01,4.865931E-04,-5.897053E-01,2.686424E-03,-3.434267E-01,1.374913E-02,0.000000E+00,0.000000E+00,5.731793E-02
2.133000E+00,-5.832104E-01,2.682230E-03,-3.445853E-01,2.647949E-03,-5.900498E-01,2.683885E-03,-3.445452E-01,-2.539114E-03,0.000000E+00,0.000000E+00,1.386465E-02
2.134000E+00,-5.835547E-01,2.674193E-03,-3.442902E-01,-8.037328E-03,-5.903941E-01,2.663476E-03,-3.442279E-01,-2.040896E-02,0.000000E+00,0.000000E+00,-8.977712E-02
2.135000E+00,-5.838888E-01,2.677930E-03,-3.340831E-01,3.736774E-03,-5.907281E-01,2.663309E-03,-3.340833E-01,-1.668446E-04,0.000000E+00,0.000000E+00,-1.224791E-01
2.136000E+00,-5.842149E-01,2.683027E-03,-3.260468E-01,5.097232E-03,-5.910543E-01,2.686278E-03,-3.261600E-01,2.296881E-02,0.000000E+00,0.000000E+00,2.723737E-02
2.137000E+00,-5.845385E-01,2.682011E-03,-3.236494E-01,-1.016062E-03,-5.913780E-01,2.698656E-03,-3.236809E-01,1.237799E-02,0.000000E+00,0.000000E+00,1.394417E-01
2.138000E+00,-5.848620E-01,2.671769E-03,-3.234822E-01,-1.024182E-02,-5.917015E-01,2.696031E-03,-3.235004E-01,-2.625623E-03,0.000000E+00,0.000000E+00,2.032431E-01
2.139000E+00,-5.851881E-01,2.674690E-03,-3.261155E-01,2.921152E-03,-5.920277E-01,2.682197E-03,-3.261935E-01,-1.383392E-02,0.000000E+00,0.000000E+00,6.288287E-02
2.140000E+00,-5.855190E-01,2.690889E-03,-3.309220E-01,1.619858E-02,-5.923586E-01,2.671411E-03,-3.309033E-01,-1.078562E-02,0.000000E+00,0.000000E+00,-1.631663E-01
2.141000E+00,-5.858533E-01,2.694248E-03,-3.342646E-01,3.359483E-03,-5.926929E-01,2.673951E-03,-3.342961E-01,2.540173E-03,0.000000E+00,0.000000E+00,-1.700289E-01
2.142000E+00,-5.861884E-01,2.685430E-03,-3.351065E-01,-8.818507E-03,-5.930280E-01,2.671480E-03,-3.351564E-01,-2.470746E-03,0.000000E+00,0.000000E+00,-1.168527E-01
2.143000E+00,-5.865232E-01,2.672916E-03,-3.348342E-01,-1.251323E-02,-5.933629E-01,2.675642E-03,-3.348803E-01,4.161866E-03,0.000000E+00,0.000000E+00,2.283449E-02
2.144000E+00,-5.868513E-01,2.678106E-03,-3.280645E-01,5.189980E-03,-5.936910E-01,2.671746E-03,-3.280815E-01,-3.896261E-03,0.000000E+00,0.000000E+00,-5.328043E-02
2.145000E+00,-5.871752E-01,2.678851E-03,-3.239076E-01,7.446758E-04,-5.940149E-01,2.676886E-03,-3.239292E-01,5.139963E-03,0.000000E+00,0.000000E+00,-1.646135E-02
2.146000E+00,-5.874974E-01,2.672658E-03,-3.221897E-01,-6.193352E-03,-5.943371E-01,2.677003E-03,-3.222009E-01,1.169318E-04,0.000000E+00,0.000000E+00,3.639927E-02
2.147000E+00,-5.878164E-01,2.675137E-03,-3.190384E-01,2.478758E-03,-5.946562E-01,2.669956E-03,-3.190522E-01,-7.047245E-03,0.000000E+00,0.000000E+00,-4.339897E-02
2.148000E+00,-5.881340E-01,2.675500E-03,-3.175966E-01,3.635462E-04,-5.949738E-01,2.669563E-03,-3.176094E-01,-3.930260E-04,0.000000E+00,0.000000E+00,-4.973659E-02
2.149000E+00,-5.884513E-01,2.675720E-03,-3.172731E-01,2.197763E-04,-5.952911E-01,2.675207E-03,-3.172856E-01,5.644401E-03,0.000000E+00,0.000000E+00,-4.295251E-03
2.150000E+00,-5.887684E-01,2.671693E-03,-3.171295E-01,-4.027160E-03,-5.956082E-01,2.674389E-03,-3.171490E-01,-8.183560E-04,0.000000E+00,0.000000E+00,2.258435E-02
2.151000E+00,-5.890866E-01,2.675601E-03,-3.181567E-01,3.908677E-03,-5.959264E-01,2.670827E-03,-3.181732E-01,-3.561866E-03,0.000000E+00,0.000000E+00,-3.999498E-02
2.152000E+00,-5.894061E-01,2.673728E-03,-3.195550E-01,-1.873849E-03,-5.962460E-01,2.673733E-03,-3.195659E-01,2.905730E-03,0.000000E+00,0.000000E+00,4.260879E-05
2.153000E+00,-5.897279E-01,2.674397E-03,-3.217531E-01,6.691092E-04,-5.965677E-01,2.673411E-03,-3.217636E-01,-3.215578E-04,0.000000E+00,0.000000E+00,-8.255990E-03
2.154000E+00,-5.900533E-01,2.681175E-03,-3.254436E-01,6.778752E-03,-5.968932E-01,2.677524E-03,-3.254332E-01,4.113300E-03,0.000000E+00,0.000000E+00,-3.058393E-02
2.155000E+00,-5.903803E-01,2.677590E-03,-3.269463E-01,-3.585862E-03,-5.972201E-01,2.672087E-03,-3.269654E-01,-5.436984E-03,0.000000E+00,0.000000E+00,-4.609025E-02
2.156000E+00,-5.907132E-01,2.680967E-03,-3.329294E-01,3.377969E-03,-5.975530E-01,2.680716E-03,-3.329195E-01,8.628359E-03,0.000000E+00,0.000000E+00,-2.108972E-03
2.157000E+00,-5.910497E-01,2.679669E-03,-3.364849E-01,-1.298632E-03,-5.978895E-01,2.680780E-03,-3.365020E-01,6.426914E-05,0.000000E+00,0.000000E+00,9.307731E-03
2.158000E+00,-5.913875E-01,2.677688E-03,-3.377692E-01,-1.980626E-03,-5.982273E-01,2.673540E-03,-3.377847E-01,-7.240301E-03,0.000000E+00,0.000000E+00,-3.475121E-02
2.159000E+00,-5.917261E-01,2.680871E-03,-3.386171E-01,3.182852E-03,-5.985660E-01,2.673094E-03,-3.386246E-01,-4.453956E-04,0.000000E+00,0.000000E+00,-6.514401E-02
2.160000E+00,-5.920611E-01,2.679669E-03,-3.350693E-01,-1.202297E-03,-5.989010E-01,2.673103E-03,-3.350596E-01,8.938409E-06,0.000000E+00,0.000000E+00,-5.499790E-02
2.161000E+00,-5.923900E-01,2.668782E-03,-3.288886E-01,-1.088717E-02,-5.992298E-01,2.683333E-03,-3.288329E-01,1.022949E-02,0.000000E+00,0.000000E+00,1.218917E-01
2.162000E+00,-5.927135E-01,2.663804E-03,-3.234720E-01,-4.977736E-03,-5.995532E-01,2.696161E-03,-3.233782E-01,1.282841E-02,0.000000E+00,0.000000E+00,2.710522E-01
2.163000E+00,-5.930360E-01,2.663811E-03,-3.224668E-01,7.367823E-06,-5.998756E-01,2.703547E-03,-3.223882E-01,7.385481E-03,0.000000E+00,0.000000E+00,3.328602E-01
2.164000E+00,-5.933598E-01,2.676314E-03,-3.237980E-01,1.250225E-02,-6.001994E-01,2.700509E-03,-3.238153E-01,-3.037830E-03,0.000000E+00,0.000000E+00,2.026830E-01
2.165000E+00,-5.936840E-01,2.688692E-03,-3.241904E-01,1.237816E-02,-6.005236E-01,2.684877E-03,-3.241718E-01,-1.563204E-02,0.000000E+00,0.000000E+00,-3.195768E-02
2.166000E+00,-5.940092E-01,2.694541E-03,-3.252628E-01,5.849182E-03,-6.008487E-01,2.664515E-03,-3.251393E-01,-2.036212E-02,0.000000E+00,0.000000E+00,-2.515333E-01
2.167000E+00,-5.943360E-01,2.692412E-03,-3.267329E-01,-2.128712E-03,-6.011754E-01,2.663313E-03,-3.266970E-01,-1.202008E-03,0.000000E+00,0.000000E+00,-2.437715E-01
2.168000E+00,-5.946597E-01,2.692400E-03,-3.237024E-01,-1.200220E-05,-6.014991E-01,2.667699E-03,-3.236770E-01,4.386749E-03,0.000000E+00,0.000000E+00,-2.069236E-01
2.169000E+00,-5.949794E-01,2.691885E-03,-3.197498E-01,-5.153287E-04,-6.018188E-01,2.672292E-03,-3.196778E-01,4.592831E-03,0.000000E+00,0.000000E+00,-1.641334E-01
2.170000E+00,-5.952967E-01,2.683979E-03,-3.172928E-01,-7.905858E-03,-6.021359E-01,2.672143E-03,-3.171572E-01,-1.487317E-04,0.000000E+00,0.000000E+00,-9.915167E-02
2.171000E+00,-5.956103E-01,2.670829E-03,-3.136138E-01,-1.314955E-02,-6.024494E-01,2.682004E-03,-3.134719E-01,9.860279E-03,0.000000E+00,0.000000E+00,9.361504E-02
2.172000E+00,-5.959213E-01,2.669471E-03,-3.110183E-01,-1.358272E-03,-6.027603E-01,2.689342E-03,-3.108966E-01,7.338490E-03,0.000000E+00,0.000000E+00,1.664763E-01
2.173000E+00,-5.962330E-01,2.679620E-03,-3.116526E-01,1.014870E-02,-6.030719E-01,2.684201E-03,-3.115629E-01,-5.141019E-03,0.000000E+00,0.000000E+00,3.838262E-02
2.174000E+00,-5.965448E-01,2.684921E-03,-3.117802E-01,5.301479E-03,-6.033835E-01,2.663466E-03,-3.116480E-01,-2.073498E-02,0.000000E+00,0.000000E+00,-1.797521E-01
2.175000E+00,-5.968556E-01,2.679797E-03,-3.108778E-01,-5.124765E-03,-6.036943E-01,2.651365E-03,-3.108053E-01,-1.210166E-02,0.000000E+00,0.000000E+00,-2.382069E-01
2.176000E+00,-5.971670E-01,2.671863E-03,-3.113533E-01,-7.933241E-03,-6.040057E-01,2.651528E-03,-3.113704E-01,1.638804E-04,0.000000E+00,0.000000E+00,-1.703682E-01
2.177000E+00,-5.974811E-01,2.670795E-03,-3.140546E-01,-1.067938E-03,-6.043198E-01,2.663900E-03,-3.140690E-01,1.237192E-02,0.000000E+00,0.000000E+00,-5.776711E-02
2.178000E+00,-5.977980E-01,2.674818E-03,-3.169817E-01,4.022965E-03,-6.046367E-01,2.685399E-03,-3.169758E-01,2.149816E-02,0.000000E+00,0.000000E+00,8.864263E-02
2.179000E+00,-5.981159E-01,2.678831E-03,-3.178310E-01,4.013129E-03,-6.049546E-01,2.691057E-03,-3.178416E-01,5.658161E-03,0.000000E+00,0.000000E+00,1.024248E-01
2.180000E+00,-5.984335E-01,2.679842E-03,-3.176711E-01,1.010783E-03,-6.052723E-01,2.678415E-03,-3.176985E-01,-1.264150E-02,0.000000E+00,0.000000E+00,-1.195588E-02
2.181000E+00,-5.987529E-01,2.677267E-03,-3.193688E-01,-2.575270E-03,-6.055917E-01,2.661512E-03,-3.193717E-01,-1.690314E-02,0.000000E+00,0.000000E+00,-1.319960E-01
2.182000E+00,-5.990811E-01,2.680146E-03,-3.282013E-01,2.878742E-03,-6.059198E-01,2.670508E-03,-3.281821E-01,8.995607E-03,0.000000E+00,0.000000E+00,-8.074869E-02
2.183000E+00,-5.994113E-01,2.681253E-03,-3.301799E-01,1.107675E-03,-6.062500E-01,2.678208E-03,-3.301364E-01,7.699914E-03,0.000000E+00,0.000000E+00,-2.551827E-02
2.184000E+00,-5.997408E-01,2.674916E-03,-3.295148E-01,-6.336904E-03,-6.065794E-01,2.667004E-03,-3.293826E-01,-1.120362E-02,0.000000E+00,0.000000E+00,-6.629376E-02
2.185000E+00,-6.000630E-01,2.675017E-03,-3.222208E-01,1.004500E-04,-6.069015E-01,2.666985E-03,-3.221080E-01,-1.881964E-05,0.000000E+00,0.000000E+00,-6.729415E-02
2.186000E+00,-6.003758E-01,2.681303E-03,-3.127724E-01,6.286436E-03,-6.072142E-01,2.686860E-03,-3.127569E-01,1.987460E-02,0.000000E+00,0.000000E+00,4.655413E-02
2.187000E+00,-6.006872E-01,2.677154E-03,-3.113884E-01,-4.149856E-03,-6.075256E-01,2.701096E-03,-3.113286E-01,1.423675E-02,0.000000E+00,0.000000E+00,2.006073E-01
2.188000E+00,-6.009972E-01,2.672025E-03,-3.100503E-01,-5.128753E-03,-6.078356E-01,2.697975E-03,-3.099980E-01,-3.121655E-03,0.000000E+00,0.000000E+00,2.174254E-01
2.189000E+00,-6.013076E-01,2.679748E-03,-3.103198E-01,7.723561E-03,-6.081459E-01,2.681646E-03,-3.103662E-01,-1.632899E-02,0.000000E+00,0.000000E+00,1.589868E-02
2.190000E+00,-6.016191E-01,2.689310E-03,-3.115833E-01,9.561703E-03,-6.084574E-01,2.661163E-03,-3.114997E-01,-2.048253E-02,0.000000E+00,0.000000E+00,-2.358310E-01
2.191000E+00,-6.019335E-01,2.691410E-03,-3.143608E-01,2.099684E-03,-6.087717E-01,2.657953E-03,-3.143259E-01,-3.210505E-03,0.000000E+00,0.000000E+00,-2.803239E-01
2.192000E+00,-6.022481E-01,2.681726E-03,-3.145867E-01,-9.683754E-03,-6.090864E-01,2.658722E-03,-3.146150E-01,7.693927E-04,0.000000E+00,0.000000E+00,-1.927406E-01
2.193000E+00,-6.025588E-01,2.670129E-03,-3.107580E-01,-1.159661E-02,-6.093971E-01,2.666196E-03,-3.107717E-01,7.474209E-03,0.000000E+00,0.000000E+00,-3.295265E-02
2.194000E+00,-6.028601E-01,2.680752E-03,-3.012372E-01,1.062236E-02,-6.096983E-01,2.674933E-03,-3.011828E-01,8.736558E-03,0.000000E+00,0.000000E+00,-4.875355E-02
2.195000E+00,-6.031588E-01,2.686512E-03,-2.987566E-01,5.760432E-03,-6.099970E-01,2.678709E-03,-2.986622E-01,3.776279E-03,0.000000E+00,0.000000E+00,-6.537914E-02
2.196000E+00,-6.034577E-01,2.680416E-03,-2.988122E-01,-6.095994E-03,-6.102957E-01,2.675066E-03,-2.987203E-01,-3.643399E-03,0.000000E+00,0.000000E+00,-4.482981E-02
2.197000E+00,-6.037552E-01,2.669222E-03,-2.975570E-01,-1.119436E-02,-6.105932E-01,2.673571E-03,-2.974983E-01,-1.494361E-03,0.000000E+00,0.000000E+00,3.644647E-02
2.198000E+00,-6.040531E-01,2.669356E-03,-2.978876E-01,1.340644E-04,-6.108910E-01,2.671709E-03,-2.978436E-01,-1.862269E-03,0.000000E+00,0.000000E+00,1.971923E-02
2.199000E+00,-6.043545E-01,2.679691E-03,-3.013735E-01,1.033531E-02,-6.111924E-01,2.671346E-03,-3.013372E-01,-3.627214E-04,0.000000E+00,0.000000E+00,-6.992098E-02
2.200000E+00,-6.046582E-01,2.690803E-03,-3.037306E-01,1.111204E-02,-6.114961E-01,2.669483E-03,-3.037091E-01,-1.863777E-03,0.000000E+00,0.000000E+00,-1.786472E-01
2.201000E+00,-6.049631E-01,2.694129E-03,-3.048848E-01,3.325688E-03,-6.118010E-01,2.667680E-03,-3.048923E-01,-1.802349E-03,0.000000E+00,0.000000E+00,-2.216151E-01
2.202000E+00,-6.052696E-01,2.691343E-03,-3.064809E-01,-2.785399E-03,-6.121075E-01,2.672113E-03,-3.065160E-01,4.432870E-03,0.000000E+00,0.000000E+00,-1.611319E-01
2.203000E+00,-6.055788E-01,2.683362E-03,-3.092781E-01,-7.981416E-03,-6.124168E-01,2.682419E-03,-3.092792E-01,1.030560E-02,0.000000E+00,0.000000E+00,-7.903302E-03
2.204000E+00,-6.058888E-01,2.673203E-03,-3.099325E-01,-1.015869E-02,-6.127267E-01,2.682413E-03,-3.098840E-01,-6.231718E-06,0.000000E+00,0.000000E+00,7.716585E-02
2.205000E+00,-6.062004E-01,2.674660E-03,-3.115986E-01,1.456414E-03,-6.130382E-01,2.666577E-03,-3.115763E-01,-1.583548E-02,0.000000E+00,0.000000E+00,-6.772609E-02
2.206000E+00,-6.065208E-01,2.683072E-03,-3.204504E-01,8.412006E-03,-6.133586E-01,2.675266E-03,-3.204080E-01,8.688941E-03,0.000000E+00,0.000000E+00,-6.540601E-02
2.207000E+00,-6.068432E-01,2.680489E-03,-3.223299E-01,-2.582471E-03,-6.136810E-01,2.681526E-03,-3.223401E-01,6.259953E-03,0.000000E+00,0.000000E+00,8.686858E-03
2.208000E+00,-6.071651E-01,2.674514E-03,-3.219825E-01,-5.975437E-03,-6.140030E-01,2.671221E-03,-3.219966E-01,-1.030488E-02,0.000000E+00,0.000000E+00,-2.759056E-02
2.209000E+00,-6.074821E-01,2.681070E-03,-3.169971E-01,6.556388E-03,-6.143201E-01,2.666914E-03,-3.171177E-01,-4.307244E-03,0.000000E+00,0.000000E+00,-1.186171E-01
2.210000E+00,-6.077930E-01,2.684494E-03,-3.108268E-01,3.423999E-03,-6.146311E-01,2.677863E-03,-3.110015E-01,1.094949E-02,0.000000E+00,0.000000E+00,-5.555915E-02
2.211000E+00,-6.081010E-01,2.675750E-03,-3.080568E-01,-8.744589E-03,-6.149391E-01,2.679370E-03,-3.080248E-01,1.506250E-03,0.000000E+00,0.000000E+00,3.033135E-02
2.212000E+00,-6.084054E-01,2.657968E-03,-3.043328E-01,-1.778176E-02,-6.152433E-01,2.679775E-03,-3.041557E-01,4.054537E-04,0.000000E+00,0.000000E+00,1.827243E-01
2.213000E+00,-6.087045E-01,2.651334E-03,-2.991497E-01,-6.634087E-03,-6.155423E-01,2.696196E-03,-2.990322E-01,1.642069E-02,0.000000E+00,0.000000E+00,3.759047E-01
2.214000E+00,-6.090060E-01,2.659734E-03,-3.014595E-01,8.400310E-03,-6.158437E-01,2.707537E-03,-3.013787E-01,1.134136E-02,0.000000E+00,0.000000E+00,4.005521E-01
2.215000E+00,-6.093115E-01,2.688979E-03,-3.055682E-01,2.924515E-02,-6.161492E-01,2.707001E-03,-3.055630E-01,-5.362563E-04,0.000000E+00,0.000000E+00,1.510093E-01
2.216000E+00,-6.096184E-01,2.717706E-03,-3.068473E-01,2.872700E-02,-6.164560E-01,2.690672E-03,-3.067031E-01,-1.632918E-02,0.000000E+00,0.000000E+00,-2.265364E-01
2.217000E+00,-6.099258E-01,2.728270E-03,-3.073888E-01,1.056324E-02,-6.167630E-01,2.666371E-03,-3.070840E-01,-2.430030E-02,0.000000E+00,0.000000E+00,-5.186871E-01
2.218000E+00,-6.102313E-01,2.728596E-03,-3.055786E-01,3.261941E-04,-6.170684E-01,2.651799E-03,-3.053790E-01,-1.457222E-02,0.000000E+00,0.000000E+00,-6.435405E-01
2.219000E+00,-6.105327E-01,2.720645E-03,-3.013161E-01,-7.951214E-03,-6.173698E-01,2.651486E-03,-3.014163E-01,-3.130087E-04,0.000000E+00,0.000000E+00,-5.795299E-01
2.220000E+00,-6.108290E-01,2.703807E-03,-2.963239E-01,-1.683740E-02,-6.176665E-01,2.666121E-03,-2.966643E-01,1.463437E-02,0.000000E+00,0.000000E+00,-3.157960E-01
2.221000E+00,-6.111218E-01,2.676442E-03,-2.928550E-01,-2.736533E-02,-6.179596E-01,2.689532E-03,-2.930703E-01,2.341122E-02,0.000000E+00,0.000000E+00,1.096855E-01
2.222000E+00,-6.114153E-01,2.650503E-03,-2.934376E-01,-2.593920E-02,-6.182529E-01,2.693955E-03,-2.933488E-01,4.423682E-03,0.000000E+00,0.000000E+00,3.641069E-01
2.223000E+00,-6.117096E-01,2.640968E-03,-2.943609E-01,-9.534862E-03,-6.185473E-01,2.685453E-03,-2.943722E-01,-8.502603E-03,0.000000E+00,0.000000E+00,3.727557E-01
2.224000E+00,-6.120056E-01,2.645710E-03,-2.959294E-01,4.741872E-03,-6.188434E-01,2.667986E-03,-2.960678E-01,-1.746731E-02,0.000000E+00,0.000000E+00,1.866557E-01
2.225000E+00,-6.123044E-01,2.663905E-03,-2.988144E-01,1.819527E-02,-6.191422E-01,2.656211E-03,-2.988836E-01,-1.177410E-02,0.000000E+00,0.000000E+00,-6.446477E-02
2.226000E+00,-6.126073E-01,2.686060E-03,-3.029087E-01,2.215563E-02,-6.194451E-01,2.657866E-03,-3.028819E-01,1.654355E-03,0.000000E+00,0.000000E+00,-2.362487E-01
2.227000E+00,-6.129128E-01,2.700922E-03,-3.055561E-01,1.486154E-02,-6.197507E-01,2.669310E-03,-3.055665E-01,1.144374E-02,0.000000E+00,0.000000E+00,-2.648863E-01
2.228000E+00,-6.132205E-01,2.704142E-03,-3.076484E-01,3.220211E-03,-6.200584E-01,2.683111E-03,-3.077305E-01,1.380118E-02,0.000000E+00,0.000000E+00,-1.762253E-01
2.229000E+00,-6.135281E-01,2.700610E-03,-3.075750E-01,-3.531811E-03,-6.203661E-01,2.682439E-03,-3.076412E-01,-6.717936E-04,0.000000E+00,0.000000E+00,-1.522596E-01
2.230000E+00,-6.138372E-01,2.697602E-03,-3.091066E-01,-3.008577E-03,-6.206752E-01,2.675103E-03,-3.091122E-01,-7.336288E-03,0.000000E+00,0.000000E+00,-1.885212E-01
2.231000E+00,-6.141500E-01,2.693579E-03,-3.128034E-01,-4.023308E-03,-6.209880E-01,2.672483E-03,-3.128029E-01,-2.619976E-03,0.000000E+00,0.000000E+00,-1.767628E-01
2.232000E+00,-6.144687E-01,2.679122E-03,-3.187030E-01,-1.445645E-02,-6.213068E-01,2.683162E-03,-3.187902E-01,1.067892E-02,0.000000E+00,0.000000E+00,3.384629E-02
2.233000E+00,-6.147880E-01,2.664808E-03,-3.193477E-01,-1.431427E-02,-6.216262E-01,2.673042E-03,-3.194433E-01,-1.011931E-02,0.000000E+00,0.000000E+00,6.899451E-02
2.234000E+00,-6.151070E-01,2.663782E-03,-3.189688E-01,-1.025693E-03,-6.219453E-01,2.667895E-03,-3.190624E-01,-5.146946E-03,0.000000E+00,0.000000E+00,3.446288E-02
2.235000E+00,-6.154175E-01,2.684272E-03,-3.104956E-01,2.049030E-02,-6.222559E-01,2.667268E-03,-3.105811E-01,-6.276524E-04,0.000000E+00,0.000000E+00,-1.424759E-01
2.236000E+00,-6.157215E-01,2.697845E-03,-3.039765E-01,1.357236E-02,-6.225599E-01,2.681667E-03,-3.040752E-01,1.439921E-02,0.000000E+00,0.000000E+00,-1.355461E-01
2.237000E+00,-6.160239E-01,2.692710E-03,-3.024301E-01,-5.134562E-03,-6.228624E-01,2.697682E-03,-3.024897E-01,1.601555E-02,0.000000E+00,0.000000E+00,4.165878E-02
2.238000E+00,-6.163265E-01,2.674770E-03,-3.025507E-01,-1.794015E-02,-6.231649E-01,2.704578E-03,-3.025046E-01,6.895574E-03,0.000000E+00,0.000000E+00,2.497424E-01
2.239000E+00,-6.166302E-01,2.659482E-03,-3.037314E-01,-1.528813E-02,-6.234687E-01,2.695125E-03,-3.037427E-01,-9.453314E-03,0.000000E+00,0.000000E+00,2.986275E-01
2.240000E+00,-6.169389E-01,2.670982E-03,-3.087397E-01,1.149985E-02,-6.237775E-01,2.674343E-03,-3.088380E-01,-2.078121E-02,0.000000E+00,0.000000E+00,2.816497E-02
2.241000E+00,-6.172544E-01,2.702430E-03,-3.154345E-01,3.144838E-02,-6.240927E-01,2.666187E-03,-3.152193E-01,-8.156921E-03,0.000000E+00,0.000000E+00,-3.036675E-01
2.242000E+00,-6.175710E-01,2.722434E-03,-3.166622E-01,2.000333E-02,-6.244092E-01,2.669082E-03,-3.164372E-01,2.895018E-03,0.000000E+00,0.000000E+00,-4.470193E-01
2.243000E+00,-6.178872E-01,2.725891E-03,-3.162168E-01,3.457394E-03,-6.247252E-01,2.671667E-03,-3.160671E-01,2.585663E-03,0.000000E+00,0.000000E+00,-4.543329E-01
2.244000E+00,-6.182030E-01,2.712188E-03,-3.157817E-01,-1.370279E-02,-6.250408E-01,2.666678E-03,-3.156253E-01,-4.989040E-03,0.000000E+00,0.000000E+00,-3.813327E-01
2.245000E+00,-6.185166E-01,2.684305E-03,-3.135428E-01,-2.788323E-02,-6.253543E-01,2.670860E-03,-3.134287E-01,4.181848E-03,0.000000E+00,0.000000E+00,-1.126594E-01
2.246000E+00,-6.188242E-01,2.661926E-03,-3.076407E-01,-2.237863E-02,-6.256617E-01,2.679607E-03,-3.073975E-01,8.746523E-03,0.000000E+00,0.000000E+00,1.481546E-01
2.247000E+00,-6.191283E-01,2.654429E-03,-3.041099E-01,-7.497349E-03,-6.259656E-01,2.681096E-03,-3.039164E-01,1.489819E-03,0.000000E+00,0.000000E+00,2.234697E-01
2.248000E+00,-6.194321E-01,2.655946E-03,-3.038203E-01,1.516793E-03,-6.262693E-01,2.673300E-03,-3.037294E-01,-7.796122E-03,0.000000E+00,0.000000E+00,1.454311E-01
2.249000E+00,-6.197366E-01,2.665992E-03,-3.045036E-01,1.004655E-02,-6.265737E-01,2.670224E-03,-3.044101E-01,-3.075756E-03,0.000000E+00,0.000000E+00,3.546669E-02
2.250000E+00,-6.200426E-01,2.680645E-03,-3.059884E-01,1.465270E-02,-6.268796E-01,2.668138E-03,-3.058451E-01,-2.086733E-03,0.000000E+00,0.000000E+00,-1.048141E-01
2.251000E+00,-6.203497E-01,2.687487E-03,-3.070588E-01,6.841614E-03,-6.271865E-01,2.667442E-03,-3.069551E-01,-6.959570E-04,0.000000E+00,0.000000E+00,-1.679834E-01
2.252000E+00,-6.206587E-01,2.688290E-03,-3.090451E-01,8.035444E-04,-6.274955E-01,2.668894E-03,-3.089774E-01,1.451707E-03,0.000000E+00,0.000000E+00,-1.625532E-01
2.253000E+00,-6.209704E-01,2.682556E-03,-3.117105E-01,-5.733617E-03,-6.278072E-01,2.678161E-03,-3.116934E-01,9.267599E-03,0.000000E+00,0.000000E+00,-3.683577E-02
2.254000E+00,-6.212837E-01,2.672357E-03,-3.132280E-01,-1.019970E-02,-6.281204E-01,2.683028E-03,-3.132140E-01,4.866475E-03,0.000000E+00,0.000000E+00,8.942702E-02
2.255000E+00,-6.215995E-01,2.676253E-03,-3.158504E-01,3.896152E-03,-6.284362E-01,2.677131E-03,-3.157577E-01,-5.897008E-03,0.000000E+00,0.000000E+00,7.355063E-03
2.256000E+00,-6.219180E-01,2.678932E-03,-3.184970E-01,2.678866E-03,-6.287545E-01,2.668332E-03,-3.183637E-01,-8.798181E-03,0.000000E+00,0.000000E+00,-8.883193E-02
2.257000E+00,-6.222430E-01,2.678111E-03,-3.249840E-01,-8.209935E-04,-6.290796E-01,2.677061E-03,-3.250128E-01,8.728345E-03,0.000000E+00,0.000000E+00,-8.800552E-03
2.258000E+00,-6.225695E-01,2.680331E-03,-3.264621E-01,2.220351E-03,-6.294061E-01,2.676331E-03,-3.265157E-01,-7.301310E-04,0.000000E+00,0.000000E+00,-3.352767E-02
2.259000E+00,-6.228952E-01,2.687024E-03,-3.257727E-01,6.692999E-03,-6.297319E-01,2.675157E-03,-3.258422E-01,-1.173192E-03,0.000000E+00,0.000000E+00,-9.945101E-02
2.260000E+00,-6.232186E-01,2.686160E-03,-3.233652E-01,-8.641479E-04,-6.300554E-01,2.677009E-03,-3.234897E-01,1.851100E-03,0.000000E+00,0.000000E+00,-7.669413E-02
2.261000E+00,-6.235400E-01,2.665322E-03,-3.213635E-01,-2.083815E-02,-6.303767E-01,2.679007E-03,-3.213433E-01,1.998833E-03,0.000000E+00,0.000000E+00,1.146912E-01
2.262000E+00,-6.238559E-01,2.658309E-03,-3.159625E-01,-7.013338E-03,-6.306927E-01,2.671226E-03,-3.159529E-01,-7.781507E-03,0.000000E+00,0.000000E+00,1.082537E-01
2.263000E+00,-6.241690E-01,2.660017E-03,-3.131201E-01,1.708624E-03,-6.310059E-01,2.666940E-03,-3.131709E-01,-4.285632E-03,0.000000E+00,0.000000E+00,5.801837E-02
2.264000E+00,-6.244848E-01,2.676483E-03,-3.157686E-01,1.646562E-02,-6.313216E-01,2.667769E-03,-3.157436E-01,8.287608E-04,0.000000E+00,0.000000E+00,-7.302608E-02
2.265000E+00,-6.248042E-01,2.690931E-03,-3.194009E-01,1.444798E-02,-6.316409E-01,2.678839E-03,-3.193247E-01,1.107046E-02,0.000000E+00,0.000000E+00,-1.013324E-01
2.266000E+00,-6.251244E-01,2.694252E-03,-3.201703E-01,3.321215E-03,-6.319611E-01,2.682714E-03,-3.201461E-01,3.874144E-03,0.000000E+00,0.000000E+00,-9.669888E-02
2.267000E+00,-6.254445E-01,2.683520E-03,-3.201137E-01,-1.073204E-02,-6.322812E-01,2.676688E-03,-3.201469E-01,-6.025839E-03,0.000000E+00,0.000000E+00,-5.725779E-02
2.268000E+00,-6.257631E-01,2.670569E-03,-3.186206E-01,-1.295090E-02,-6.325999E-01,2.664984E-03,-3.187015E-01,-1.170398E-02,0.000000E+00,0.000000E+00,-4.680738E-02
2.269000E+00,-6.260769E-01,2.666213E-03,-3.137540E-01,-4.356140E-03,-6.329138E-01,2.666156E-03,-3.139092E-01,1.171866E-03,0.000000E+00,0.000000E+00,-4.800200E-04
2.270000E+00,-6.263844E-01,2.671955E-03,-3.075327E-01,5.741797E-03,-6.332216E-01,2.676831E-03,-3.077259E-01,1.067552E-02,0.000000E+00,0.000000E+00,4.086490E-02
2.271000E+00,-6.266888E-01,2.679325E-03,-3.043804E-01,7.370307E-03,-6.335261E-01,2.681701E-03,-3.045563E-01,4.869714E-03,0.000000E+00,0.000000E+00,1.990929E-02
2.272000E+00,-6.269930E-01,2.676278E-03,-3.042138E-01,-3.047033E-03,-6.338305E-01,2.676081E-03,-3.043748E-01,-5.619548E-03,0.000000E+00,0.000000E+00,-1.647940E-03
2.273000E+00,-6.272954E-01,2.671228E-03,-3.023716E-01,-5.049991E-03,-6.341330E-01,2.674665E-03,-3.025499E-01,-1.416050E-03,0.000000E+00,0.000000E+00,2.880243E-02
2.274000E+00,-6.275970E-01,2.674575E-03,-3.016486E-01,3.347410E-03,-6.344348E-01,2.676844E-03,-3.017533E-01,2.178516E-03,0.000000E+00,0.000000E+00,1.900749E-02
2.275000E+00,-6.278989E-01,2.676178E-03,-3.018483E-01,1.602692E-03,-6.347367E-01,2.671282E-03,-3.019454E-01,-5.562014E-03,0.000000E+00,0.000000E+00,-4.102711E-02
2.276000E+00,-6.282021E-01,2.676902E-03,-3.032319E-01,7.243505E-04,-6.350400E-01,2.672520E-03,-3.032913E-01,1.238065E-03,0.000000E+00,0.000000E+00,-3.672229E-02
2.277000E+00,-6.285066E-01,2.671347E-03,-3.044940E-01,-5.555714E-03,-6.353446E-01,2.673533E-03,-3.045591E-01,1.013228E-03,0.000000E+00,0.000000E+00,1.831938E-02
2.278000E+00,-6.288139E-01,2.670873E-03,-3.073402E-01,-4.738307E-04,-6.356520E-01,2.673316E-03,-3.073888E-01,-2.170737E-04,0.000000E+00,0.000000E+00,2.047061E-02
2.279000E+00,-6.291266E-01,2.681836E-03,-3.126473E-01,1.096316E-02,-6.359646E-01,2.679657E-03,-3.126494E-01,6.340903E-03,0.000000E+00,0.000000E+00,-1.825915E-02
2.280000E+00,-6.294409E-01,2.691813E-03,-3.143063E-01,9.977134E-03,-6.362789E-01,2.678059E-03,-3.142880E-01,-1.597746E-03,0.000000E+00,0.000000E+00,-1.152448E-01
2.281000E+00,-6.297571E-01,2.689868E-03,-3.162455E-01,-1.945321E-03,-6.365952E-01,2.674778E-03,-3.162941E-01,-3.281447E-03,0.000000E+00,0.000000E+00,-1.264392E-01
2.282000E+00,-6.300783E-01,2.689249E-03,-3.211431E-01,-6.188537E-04,-6.369163E-01,2.679430E-03,-3.211225E-01,4.651928E-03,0.000000E+00,0.000000E+00,-8.227612E-02
2.283000E+00,-6.303993E-01,2.683969E-03,-3.209805E-01,-5.279845E-03,-6.372373E-01,2.666541E-03,-3.209736E-01,-1.288836E-02,0.000000E+00,0.000000E+00,-1.460274E-01
2.284000E+00,-6.307209E-01,2.670461E-03,-3.216254E-01,-1.350856E-02,-6.375590E-01,2.663852E-03,-3.216760E-01,-2.689432E-03,0.000000E+00,0.000000E+00,-5.537421E-02
2.285000E+00,-6.310298E-01,2.681561E-03,-3.089651E-01,1.110011E-02,-6.378681E-01,2.674143E-03,-3.090672E-01,1.029094E-02,0.000000E+00,0.000000E+00,-6.215316E-02
2.286000E+00,-6.313307E-01,2.692140E-03,-3.008552E-01,1.057922E-02,-6.381690E-01,2.700112E-03,-3.009915E-01,2.596886E-02,0.000000E+00,0.000000E+00,6.679170E-02
2.287000E+00,-6.316313E-01,2.689335E-03,-3.005546E-01,-2.805220E-03,-6.384696E-01,2.717580E-03,-3.005954E-01,1.746791E-02,0.000000E+00,0.000000E+00,2.366495E-01
2.288000E+00,-6.319312E-01,2.676075E-03,-2.999296E-01,-1.325990E-02,-6.387695E-01,2.720387E-03,-2.998611E-01,2.807092E-03,0.000000E+00,0.000000E+00,3.712675E-01
2.289000E+00,-6.322325E-01,2.662951E-03,-3.012749E-01,-1.312355E-02,-6.390707E-01,2.716679E-03,-3.011991E-01,-3.707851E-03,0.000000E+00,0.000000E+00,4.501591E-01
2.290000E+00,-6.325407E-01,2.683822E-03,-3.082552E-01,2.087079E-02,-6.393790E-01,2.701783E-03,-3.083446E-01,-1.489533E-02,0.000000E+00,0.000000E+00,1.504914E-01
2.291000E+00,-6.328508E-01,2.705248E-03,-3.100505E-01,2.142623E-02,-6.396889E-01,2.674988E-03,-3.098935E-01,-2.679561E-02,0.000000E+00,0.000000E+00,-2.535450E-01
2.292000E+00,-6.331598E-01,2.709255E-03,-3.090060E-01,4.007138E-03,-6.399977E-01,2.647924E-03,-3.087385E-01,-2.706375E-02,0.000000E+00,0.000000E+00,-5.138901E-01
2.293000E+00,-6.334641E-01,2.705463E-03,-3.043160E-01,-3.792321E-03,-6.403019E-01,2.641705E-03,-3.042541E-01,-6.218711E-03,0.000000E+00,0.000000E+00,-5.342243E-01
2.294000E+00,-6.337615E-01,2.688795E-03,-2.974042E-01,-1.666823E-02,-6.405995E-01,2.660279E-03,-2.976142E-01,1.857399E-02,0.000000E+00,0.000000E+00,-2.389289E-01
2.295000E+00,-6.340522E-01,2.664798E-03,-2.906920E-01,-2.399701E-02,-6.408902E-01,2.702140E-03,-2.906654E-01,4.186039E-02,0.000000E+00,0.000000E+00,3.128844E-01
2.296000E+00,-6.343398E-01,2.654219E-03,-2.876628E-01,-1.057911E-02,-6.411776E-01,2.730976E-03,-2.873554E-01,2.883612E-02,0.000000E+00,0.000000E+00,6.431493E-01
2.297000E+00,-6.346270E-01,2.654355E-03,-2.871454E-01,1.357735E-04,-6.414645E-01,2.746488E-03,-2.869717E-01,1.551238E-02,0.000000E+00,0.000000E+00,7.719955E-01
2.298000E+00,-6.349147E-01,2.659459E-03,-2.876885E-01,5.103990E-03,-6.417523E-01,2.747088E-03,-2.878082E-01,5.993573E-04,0.000000E+00,0.000000E+00,7.342422E-01
2.299000E+00,-6.352031E-01,2.672340E-03,-2.883820E-01,1.288157E-02,-6.420411E-01,2.733072E-03,-2.887757E-01,-1.401545E-02,0.000000E+00,0.000000E+00,5.088579E-01
2.300000E+00,-6.354918E-01,2.687121E-03,-2.887589E-01,1.478114E-02,-6.423302E-01,2.706065E-03,-2.890937E-01,-2.700698E-02,0.000000E+00,0.000000E+00,1.587224E-01
2.301000E+00,-6.357803E-01,2.698396E-03,-2.884863E-01,1.127479E-02,-6.426187E-01,2.662795E-03,-2.885189E-01,-4.326991E-02,0.000000E+00,0.000000E+00,-2.982781E-01
2.302000E+00,-6.360711E-01,2.708532E-03,-2.908263E-01,1.013578E-02,-6.429094E-01,2.640386E-03,-2.906517E-01,-2.240939E-02,0.000000E+00,0.000000E+00,-5.709562E-01
2.303000E+00,-6.363647E-01,2.705345E-03,-2.935263E-01,-3.186891E-03,-6.432029E-01,2.636035E-03,-2.935577E-01,-4.350977E-03,0.000000E+00,0.000000E+00,-5.807061E-01
2.304000E+00,-6.366606E-01,2.693282E-03,-2.959651E-01,-1.206318E-02,-6.434991E-01,2.641117E-03,-2.961665E-01,5.082163E-03,0.000000E+00,0.000000E+00,-4.370493E-01
2.305000E+00,-6.369608E-01,2.674990E-03,-3.001570E-01,-1.829185E-02,-6.437995E-01,2.656467E-03,-3.003950E-01,1.535007E-02,0.000000E+00,0.000000E+00,-1.551855E-01
2.306000E+00,-6.372681E-01,2.661025E-03,-3.073468E-01,-1.396524E-02,-6.441069E-01,2.678893E-03,-3.074171E-01,2.242555E-02,0.000000E+00,0.000000E+00,1.496993E-01
2.307000E+00,-6.375791E-01,2.658560E-03,-3.109256E-01,-2.464765E-03,-6.444178E-01,2.696808E-03,-3.109127E-01,1.791529E-02,0.000000E+00,0.000000E+00,3.204421E-01
2.308000E+00,-6.378895E-01,2.662206E-03,-3.104315E-01,3.646614E-03,-6.447283E-01,2.697396E-03,-3.105067E-01,5.879005E-04,0.000000E+00,0.000000E+00,2.948134E-01
2.309000E+00,-6.381982E-01,2.671962E-03,-3.086871E-01,9.755836E-03,-6.450372E-01,2.685745E-03,-3.088425E-01,-1.165097E-02,0.000000E+00,0.000000E+00,1.154676E-01
2.310000E+00,-6.385048E-01,2.682875E-03,-3.066165E-01,1.091220E-02,-6.453439E-01,2.665048E-03,-3.067171E-01,-2.069716E-02,0.000000E+00,0.000000E+00,-1.493462E-01
2.311000E+00,-6.388059E-01,2.679047E-03,-3.010911E-01,-3.827565E-03,-6.456451E-01,2.664803E-03,-3.012117E-01,-2.447162E-04,0.000000E+00,0.000000E+00,-1.193284E-01
2.312000E+00,-6.391005E-01,2.670084E-03,-2.946502E-01,-8.962910E-03,-6.459399E-01,2.684502E-03,-2.947503E-01,1.969922E-02,0.000000E+00,0.000000E+00,1.207870E-01
2.313000E+00,-6.393934E-01,2.673924E-03,-2.929181E-01,3.840270E-03,-6.462328E-01,2.701555E-03,-2.929247E-01,1.705305E-02,0.000000E+00,0.000000E+00,2.314744E-01
2.314000E+00,-6.396867E-01,2.675489E-03,-2.932105E-01,1.564489E-03,-6.465261E-01,2.700204E-03,-2.932933E-01,-1.351049E-03,0.000000E+00,0.000000E+00,2.070477E-01
2.315000E+00,-6.399805E-01,2.676167E-03,-2.938472E-01,6.777213E-04,-6.468201E-01,2.683772E-03,-2.939767E-01,-1.643229E-02,0.000000E+00,0.000000E+00,6.371193E-02
2.316000E+00,-6.402763E-01,2.685408E-03,-2.957756E-01,9.241351E-03,-6.471159E-01,2.665309E-03,-2.958091E-01,-1.846328E-02,0.000000E+00,0.000000E+00,-1.683719E-01
2.317000E+00,-6.405754E-01,2.691146E-03,-2.991304E-01,5.738000E-03,-6.474150E-01,2.658139E-03,-2.991078E-01,-7.170046E-03,0.000000E+00,0.000000E+00,-2.765029E-01
2.318000E+00,-6.408778E-01,2.682655E-03,-3.023741E-01,-8.490495E-03,-6.477174E-01,2.662811E-03,-3.024315E-01,4.672179E-03,0.000000E+00,0.000000E+00,-1.662380E-01
2.319000E+00,-6.411808E-01,2.672702E-03,-3.030539E-01,-9.952937E-03,-6.480205E-01,2.670765E-03,-3.030610E-01,7.954368E-03,0.000000E+00,0.000000E+00,-1.622823E-02
2.320000E+00,-6.414810E-01,2.675212E-03,-3.001683E-01,2.509576E-03,-6.483206E-01,2.675812E-03,-3.001282E-01,5.047222E-03,0.000000E+00,0.000000E+00,5.029746E-03
2.321000E+00,-6.417797E-01,2.675625E-03,-2.986975E-01,4.133683E-04,-6.486192E-01,2.671154E-03,-2.986247E-01,-4.658926E-03,0.000000E+00,0.000000E+00,-3.746168E-02
2.322000E+00,-6.420770E-01,2.677297E-03,-2.972559E-01,1.671463E-03,-6.489164E-01,2.674248E-03,-2.971921E-01,3.094185E-03,0.000000E+00,0.000000E+00,-2.554353E-02
2.323000E+00,-6.423740E-01,2.673035E-03,-2.970780E-01,-4.261894E-03,-6.492134E-01,2.675738E-03,-2.970147E-01,1.490700E-03,0.000000E+00,0.000000E+00,2.264759E-02
2.324000E+00,-6.426696E-01,2.670099E-03,-2.955453E-01,-2.936177E-03,-6.495089E-01,2.671907E-03,-2.954924E-01,-3.831024E-03,0.000000E+00,0.000000E+00,1.515129E-02
2.325000E+00,-6.429643E-01,2.671318E-03,-2.947305E-01,1.219551E-03,-6.498036E-01,2.671595E-03,-2.946920E-01,-3.121396E-04,0.000000E+00,0.000000E+00,2.319725E-03
2.326000E+00,-6.432596E-01,2.679128E-03,-2.952581E-01,7.809866E-03,-6.500988E-01,2.672936E-03,-2.952258E-01,1.340451E-03,0.000000E+00,0.000000E+00,-5.187764E-02
2.327000E+00,-6.435551E-01,2.680147E-03,-2.955651E-01,1.018799E-03,-6.503944E-01,2.674521E-03,-2.955462E-01,1.585082E-03,0.000000E+00,0.000000E+00,-4.713375E-02
2.328000E+00,-6.438513E-01,2.672882E-03,-2.961283E-01,-7.264779E-03,-6.506905E-01,2.675107E-03,-2.961160E-01,5.857764E-04,0.000000E+00,0.000000E+00,1.863432E-02
2.329000E+00,-6.441518E-01,2.675383E-03,-3.004927E-01,2.500438E-03,-6.509909E-01,2.676680E-03,-3.004409E-01,1.573093E-03,0.000000E+00,0.000000E+00,1.086555E-02
2.330000E+00,-6.444563E-01,2.678627E-03,-3.045389E-01,3.244559E-03,-6.512955E-01,2.674955E-03,-3.045287E-01,-1.725065E-03,0.000000E+00,0.000000E+00,-3.076792E-02
2.331000E+00,-6.447647E-01,2.681463E-03,-3.084442E-01,2.835971E-03,-6.516039E-01,2.674677E-03,-3.084033E-01,-2.775617E-04,0.000000E+00,0.000000E+00,-5.685216E-02
2.332000E+00,-6.450778E-01,2.684316E-03,-3.130088E-01,2.852414E-03,-6.519168E-01,2.683756E-03,-3.129338E-01,9.078518E-03,0.000000E+00,0.000000E+00,-4.692147E-03
2.333000E+00,-6.453912E-01,2.675912E-03,-3.134473E-01,-8.403207E-03,-6.522303E-01,2.675961E-03,-3.134544E-01,-7.794878E-03,0.000000E+00,0.000000E+00,4.042757E-04
2.334000E+00,-6.457049E-01,2.673247E-03,-3.137466E-01,-2.665633E-03,-6.525440E-01,2.661825E-03,-3.137479E-01,-1.413547E-02,0.000000E+00,0.000000E+00,-9.568680E-02
2.335000E+00,-6.460131E-01,2.675730E-03,-3.081803E-01,2.483744E-03,-6.528522E-01,2.663945E-03,-3.082045E-01,2.120150E-03,0.000000E+00,0.000000E+00,-9.873253E-02
2.336000E+00,-6.463125E-01,2.679423E-03,-2.994047E-01,3.692578E-03,-6.531516E-01,2.679903E-03,-2.994362E-01,1.595773E-02,0.000000E+00,0.000000E+00,4.021085E-03
2.337000E+00,-6.466116E-01,2.668995E-03,-2.990277E-01,-1.042828E-02,-6.534506E-01,2.685609E-03,-2.989763E-01,5.706436E-03,0.000000E+00,0.000000E+00,1.391930E-01
2.338000E+00,-6.469072E-01,2.664748E-03,-2.955978E-01,-4.246511E-03,-6.537462E-01,2.690132E-03,-2.955945E-01,4.522644E-03,0.000000E+00,0.000000E+00,2.126579E-01
2.339000E+00,-6.472027E-01,2.665482E-03,-2.955000E-01,7.336818E-04,-6.540418E-01,2.685261E-03,-2.955661E-01,-4.870845E-03,0.000000E+00,0.000000E+00,1.657036E-01
2.340000E+00,-6.475021E-01,2.680875E-03,-2.994090E-01,1.539287E-02,-6.543413E-01,2.670851E-03,-2.994888E-01,-1.441058E-02,0.000000E+00,0.000000E+00,-8.397758E-02
2.341000E+00,-6.478085E-01,2.695664E-03,-3.064510E-01,1.478955E-02,-6.546477E-01,2.675015E-03,-3.064694E-01,4.164617E-03,0.000000E+00,0.000000E+00,-1.729875E-01
2.342000E+00,-6.481164E-01,2.697058E-03,-3.078453E-01,1.393727E-03,-6.549556E-01,2.673959E-03,-3.078942E-01,-1.056137E-03,0.000000E+00,0.000000E+00,-1.935097E-01
2.343000E+00,-6.484246E-01,2.686960E-03,-3.082622E-01,-1.009786E-02,-6.552640E-01,2.668007E-03,-3.083162E-01,-5.951790E-03,0.000000E+00,0.000000E+00,-1.587752E-01
2.344000E+00,-6.487324E-01,2.668044E-03,-3.077656E-01,-1.891644E-02,-6.555718E-01,2.669672E-03,-3.078163E-01,1.664705E-03,0.000000E+00,0.000000E+00,1.364072E-02
2.345000E+00,-6.490340E-01,2.662442E-03,-3.015867E-01,-5.602204E-03,-6.558734E-01,2.675933E-03,-3.016017E-01,6.260914E-03,0.000000E+00,0.000000E+00,1.130216E-01
2.346000E+00,-6.493314E-01,2.667786E-03,-2.973775E-01,5.344236E-03,-6.561708E-01,2.677609E-03,-2.974239E-01,1.676086E-03,0.000000E+00,0.000000E+00,8.229190E-02
2.347000E+00,-6.496260E-01,2.679116E-03,-2.946318E-01,1.132982E-02,-6.564655E-01,2.674472E-03,-2.946840E-01,-3.137028E-03,0.000000E+00,0.000000E+00,-3.890027E-02
2.348000E+00,-6.499197E-01,2.679244E-03,-2.937005E-01,1.281793E-04,-6.567592E-01,2.672299E-03,-2.937315E-01,-2.173260E-03,0.000000E+00,0.000000E+00,-5.817960E-02
2.349000E+00,-6.502128E-01,2.670952E-03,-2.930716E-01,-8.291723E-03,-6.570523E-01,2.675144E-03,-2.931026E-01,2.845642E-03,0.000000E+00,0.000000E+00,3.511968E-02
2.350000E+00,-6.505065E-01,2.666976E-03,-2.937596E-01,-3.976361E-03,-6.573461E-01,2.674251E-03,-2.937650E-01,-8.931519E-04,0.000000E+00,0.000000E+00,6.094802E-02
2.351000E+00,-6.508012E-01,2.669224E-03,-2.946377E-01,2.248342E-03,-6.576407E-01,2.672583E-03,-2.946407E-01,-1.667919E-03,0.000000E+00,0.000000E+00,2.814107E-02
2.352000E+00,-6.510977E-01,2.676881E-03,-2.965378E-01,7.656945E-03,-6.579372E-01,2.672288E-03,-2.965295E-01,-2.956194E-04,0.000000E+00,0.000000E+00,-3.847846E-02
2.353000E+00,-6.513959E-01,2.679132E-03,-2.982355E-01,2.250478E-03,-6.582355E-01,2.674858E-03,-2.982232E-01,2.570397E-03,0.000000E+00,0.000000E+00,-3.579853E-02
2.354000E+00,-6.516962E-01,2.675183E-03,-3.003166E-01,-3.948759E-03,-6.585358E-01,2.674060E-03,-3.003036E-01,-7.984216E-04,0.000000E+00,0.000000E+00,-9.407757E-03
2.355000E+00,-6.520024E-01,2.679368E-03,-3.061273E-01,4.185166E-03,-6.588419E-01,2.682163E-03,-3.061040E-01,8.103163E-03,0.000000E+00,0.000000E+00,2.341397E-02
2.356000E+00,-6.523085E-01,2.678448E-03,-3.060867E-01,-9.200156E-04,-6.591480E-01,2.671813E-03,-3.060886E-01,-1.034964E-02,0.000000E+00,0.000000E+00,-5.557967E-02
2.357000E+00,-6.526192E-01,2.679602E-03,-3.107252E-01,1.154339E-03,-6.594587E-01,2.676196E-03,-3.107058E-01,4.383089E-03,0.000000E+00,0.000000E+00,-2.853196E-02
2.358000E+00,-6.529321E-01,2.672328E-03,-3.128677E-01,-7.274383E-03,-6.597716E-01,2.678829E-03,-3.128809E-01,2.632936E-03,0.000000E+00,0.000000E+00,5.446351E-02
2.359000E+00,-6.532426E-01,2.680097E-03,-3.105236E-01,7.769092E-03,-6.600821E-01,2.670765E-03,-3.105427E-01,-8.064317E-03,0.000000E+00,0.000000E+00,-7.817559E-02
2.360000E+00,-6.535486E-01,2.681978E-03,-3.060383E-01,1.880733E-03,-6.603882E-01,2.674151E-03,-3.060662E-01,3.385800E-03,0.000000E+00,0.000000E+00,-6.556715E-02
2.361000E+00,-6.538499E-01,2.668982E-03,-3.013357E-01,-1.299544E-02,-6.606895E-01,2.687963E-03,-3.013059E-01,1.381270E-02,0.000000E+00,0.000000E+00,1.590083E-01
2.362000E+00,-6.541452E-01,2.669627E-03,-2.952386E-01,6.450065E-04,-6.609847E-01,2.691785E-03,-2.952098E-01,3.821805E-03,0.000000E+00,0.000000E+00,1.856213E-01
2.363000E+00,-6.544393E-01,2.675195E-03,-2.940753E-01,5.567981E-03,-6.612788E-01,2.693484E-03,-2.940808E-01,1.699004E-03,0.000000E+00,0.000000E+00,1.532103E-01
2.364000E+00,-6.547351E-01,2.685872E-03,-2.958391E-01,1.067674E-02,-6.615746E-01,2.689936E-03,-2.958341E-01,-3.548185E-03,0.000000E+00,0.000000E+00,3.404580E-02
2.365000E+00,-6.550312E-01,2.687765E-03,-2.961173E-01,1.892627E-03,-6.618707E-01,2.671908E-03,-2.960895E-01,-1.802782E-02,0.000000E+00,0.000000E+00,-1.328320E-01
2.366000E+00,-6.553318E-01,2.683436E-03,-3.005635E-01,-4.328951E-03,-6.621712E-01,2.664806E-03,-3.005512E-01,-7.102496E-03,0.000000E+00,0.000000E+00,-1.560667E-01
2.367000E+00,-6.556334E-01,2.677497E-03,-3.016535E-01,-5.938223E-03,-6.624729E-01,2.668724E-03,-3.016611E-01,3.918009E-03,0.000000E+00,0.000000E+00,-7.349892E-02
2.368000E+00,-6.559330E-01,2.672035E-03,-2.995953E-01,-5.462631E-03,-6.627725E-01,2.676261E-03,-2.995938E-01,7.537568E-03,0.000000E+00,0.000000E+00,3.540678E-02
2.369000E+00,-6.562267E-01,2.680132E-03,-2.936664E-01,8.096773E-03,-6.630662E-01,2.681553E-03,-2.937178E-01,5.291550E-03,0.000000E+00,0.000000E+00,1.190668E-02
2.370000E+00,-6.565185E-01,2.682660E-03,-2.917654E-01,2.528453E-03,-6.633580E-01,2.674087E-03,-2.917827E-01,-7.465473E-03,0.000000E+00,0.000000E+00,-7.181397E-02
2.371000E+00,-6.568098E-01,2.670793E-03,-2.913651E-01,-1.186655E-02,-6.636494E-01,2.665923E-03,-2.913841E-01,-8.164795E-03,0.000000E+00,0.000000E+00,-4.080371E-02
2.372000E+00,-6.570995E-01,2.667718E-03,-2.897173E-01,-3.075143E-03,-6.639391E-01,2.667235E-03,-2.897319E-01,1.312592E-03,0.000000E+00,0.000000E+00,-4.047074E-03
2.373000E+00,-6.573891E-01,2.673388E-03,-2.895240E-01,5.669512E-03,-6.642286E-01,2.670014E-03,-2.895342E-01,2.779080E-03,0.000000E+00,0.000000E+00,-2.826050E-02
2.374000E+00,-6.576795E-01,2.679864E-03,-2.904228E-01,6.476122E-03,-6.645191E-01,2.673499E-03,-2.904250E-01,3.484653E-03,0.000000E+00,0.000000E+00,-5.332032E-02
2.375000E+00,-6.579698E-01,2.675169E-03,-2.903241E-01,-4.694795E-03,-6.648094E-01,2.675274E-03,-2.903276E-01,1.775142E-03,0.000000E+00,0.000000E+00,8.789658E-04
2.376000E+00,-6.582609E-01,2.673439E-03,-2.911319E-01,-1.730138E-03,-6.651005E-01,2.675931E-03,-2.911345E-01,6.571619E-04,0.000000E+00,0.000000E+00,2.087760E-02
2.377000E+00,-6.585535E-01,2.678037E-03,-2.925722E-01,4.597522E-03,-6.653931E-01,2.675110E-03,-2.925670E-01,-8.208141E-04,0.000000E+00,0.000000E+00,-2.451232E-02
2.378000E+00,-6.588474E-01,2.671944E-03,-2.938791E-01,-6.092765E-03,-6.656870E-01,2.671226E-03,-2.938951E-01,-3.884434E-03,0.000000E+00,0.000000E+00,-6.012895E-03
2.379000E+00,-6.591451E-01,2.676833E-03,-2.977348E-01,4.888961E-03,-6.659847E-01,2.675213E-03,-2.977477E-01,3.987462E-03,0.000000E+00,0.000000E+00,-1.356480E-02
2.380000E+00,-6.594461E-01,2.683260E-03,-3.009353E-01,6.427257E-03,-6.662857E-01,2.678483E-03,-3.009585E-01,3.269676E-03,0.000000E+00,0.000000E+00,-4.001590E-02
2.381000E+00,-6.597491E-01,2.681599E-03,-3.030497E-01,-1.660946E-03,-6.665888E-01,2.678316E-03,-3.030900E-01,-1.675685E-04,0.000000E+00,0.000000E+00,-2.750567E-02
2.382000E+00,-6.600540E-01,2.676861E-03,-3.049082E-01,-4.737821E-03,-6.668937E-01,2.671509E-03,-3.049453E-01,-6.806144E-03,0.000000E+00,0.000000E+00,-4.483174E-02
2.383000E+00,-6.603630E-01,2.673870E-03,-3.089527E-01,-2.990755E-03,-6.672027E-01,2.676054E-03,-3.089826E-01,4.544636E-03,0.000000E+00,0.000000E+00,1.829168E-02
2.384000E+00,-6.606718E-01,2.673895E-03,-3.087993E-01,2.447844E-05,-6.675115E-01,2.673823E-03,-3.088099E-01,-2.231160E-03,0.000000E+00,0.000000E+00,-6.035776E-04
2.385000E+00,-6.609731E-01,2.681638E-03,-3.012857E-01,7.742666E-03,-6.678128E-01,2.675298E-03,-3.012945E-01,1.475009E-03,0.000000E+00,0.000000E+00,-5.310696E-02
2.386000E+00,-6.612705E-01,2.682606E-03,-2.974511E-01,9.685123E-04,-6.681103E-01,2.687355E-03,-2.974967E-01,1.205708E-02,0.000000E+00,0.000000E+00,3.978036E-02
2.387000E+00,-6.615674E-01,2.673489E-03,-2.969232E-01,-9.116830E-03,-6.684072E-01,2.684894E-03,-2.969238E-01,-2.460814E-03,0.000000E+00,0.000000E+00,9.553654E-02
2.388000E+00,-6.618639E-01,2.673170E-03,-2.964756E-01,-3.191372E-04,-6.687037E-01,2.673503E-03,-2.964881E-01,-1.139110E-02,0.000000E+00,0.000000E+00,2.788750E-03
2.389000E+00,-6.621651E-01,2.686151E-03,-3.011720E-01,1.298105E-02,-6.690049E-01,2.665446E-03,-3.011384E-01,-8.057363E-03,0.000000E+00,0.000000E+00,-1.734463E-01
2.390000E+00,-6.624705E-01,2.685574E-03,-3.053651E-01,-5.777245E-04,-6.693103E-01,2.672743E-03,-3.054002E-01,7.297431E-03,0.000000E+00,0.000000E+00,-1.074772E-01
2.391000E+00,-6.627787E-01,2.676739E-03,-3.082477E-01,-8.834181E-03,-6.696185E-01,2.683549E-03,-3.082775E-01,1.080579E-02,0.000000E+00,0.000000E+00,5.704264E-02
2.392000E+00,-6.630857E-01,2.671405E-03,-3.070487E-01,-5.334702E-03,-6.699256E-01,2.674179E-03,-3.070643E-01,-9.369729E-03,0.000000E+00,0.000000E+00,2.324212E-02
2.393000E+00,-6.633887E-01,2.677744E-03,-3.029895E-01,6.339841E-03,-6.702286E-01,2.670703E-03,-3.030080E-01,-3.476283E-03,0.000000E+00,0.000000E+00,-5.898490E-02
2.394000E+00,-6.636899E-01,2.670107E-03,-3.011565E-01,-7.637408E-03,-6.705298E-01,2.671596E-03,-3.011613E-01,8.928340E-04,0.000000E+00,0.000000E+00,1.247057E-02
2.395000E+00,-6.639823E-01,2.679801E-03,-2.923704E-01,9.694252E-03,-6.708222E-01,2.674979E-03,-2.923760E-01,3.383178E-03,0.000000E+00,0.000000E+00,-4.039549E-02
2.396000E+00,-6.642727E-01,2.682794E-03,-2.903957E-01,2.992655E-03,-6.711126E-01,2.674556E-03,-2.904059E-01,-4.228490E-04,0.000000E+00,0.000000E+00,-6.900606E-02
2.397000E+00,-6.645625E-01,2.671108E-03,-2.898599E-01,-1.168571E-02,-6.714024E-01,2.670090E-03,-2.898699E-01,-4.466238E-03,0.000000E+00,0.000000E+00,-8.530710E-03
2.398000E+00,-6.648520E-01,2.667141E-03,-2.895089E-01,-3.966999E-03,-6.716919E-01,2.672080E-03,-2.895150E-01,1.990056E-03,0.000000E+00,0.000000E+00,4.136964E-02
2.399000E+00,-6.651434E-01,2.673529E-03,-2.913737E-01,6.387456E-03,-6.719833E-01,2.674683E-03,-2.913785E-01,2.602615E-03,0.000000E+00,0.000000E+00,9.665225E-03
2.400000E+00,-6.654366E-01,2.684850E-03,-2.931854E-01,1.132157E-02,-6.722765E-01,2.673520E-03,-2.931783E-01,-1.162057E-03,0.000000E+00,0.000000E+00,-9.490609E-02
2.401000E+00,-6.657304E-01,2.686912E-03,-2.937788E-01,2.061787E-03,-6.725703E-01,2.669169E-03,-2.937684E-01,-4.351499E-03,0.000000E+00,0.000000E+00,-1.486281E-01
2.402000E+00,-6.660253E-01,2.681425E-03,-2.949076E-01,-5.487230E-03,-6.728652E-01,2.670699E-03,-2.949249E-01,1.529635E-03,0.000000E+00,0.000000E+00,-8.985003E-02
2.403000E+00,-6.663229E-01,2.673942E-03,-2.975745E-01,-7.482519E-03,-6.731628E-01,2.678344E-03,-2.975772E-01,7.645448E-03,0.000000E+00,0.000000E+00,3.687196E-02
2.404000E+00,-6.666226E-01,2.674346E-03,-2.997372E-01,4.033872E-04,-6.734625E-01,2.673457E-03,-2.997377E-01,-4.887358E-03,0.000000E+00,0.000000E+00,-7.446877E-03
2.405000E+00,-6.669281E-01,2.674793E-03,-3.054829E-01,4.473661E-04,-6.737680E-01,2.679490E-03,-3.054836E-01,6.033104E-03,0.000000E+00,0.000000E+00,3.934301E-02
2.406000E+00,-6.672377E-01,2.683700E-03,-3.096478E-01,8.907272E-03,-6.740776E-01,2.679555E-03,-3.096456E-01,6.479946E-05,0.000000E+00,0.000000E+00,-3.472747E-02
2.407000E+00,-6.675498E-01,2.682407E-03,-3.120897E-01,-1.293767E-03,-6.743897E-01,2.675795E-03,-3.121069E-01,-3.759129E-03,0.000000E+00,0.000000E+00,-5.537885E-02
2.408000E+00,-6.678659E-01,2.686348E-03,-3.161167E-01,3.941038E-03,-6.747059E-01,2.679488E-03,-3.161173E-01,3.692710E-03,0.000000E+00,0.000000E+00,-5.745901E-02
2.409000E+00,-6.681819E-01,2.683912E-03,-3.159478E-01,-2.435835E-03,-6.750218E-01,2.668583E-03,-3.159339E-01,-1.090475E-02,0.000000E+00,0.000000E+00,-1.284002E-01
2.410000E+00,-6.684937E-01,2.669752E-03,-3.117785E-01,-1.415948E-02,-6.753336E-01,2.669235E-03,-3.117888E-01,6.518400E-04,0.000000E+00,0.000000E+00,-4.330858E-03
2.411000E+00,-6.687921E-01,2.677651E-03,-2.984268E-01,7.898826E-03,-6.756320E-01,2.683268E-03,-2.984177E-01,1.403226E-02,0.000000E+00,0.000000E+00,4.704683E-02
2.412000E+00,-6.690869E-01,2.685028E-03,-2.948438E-01,7.376924E-03,-6.759268E-01,2.695351E-03,-2.948392E-01,1.208360E-02,0.000000E+00,0.000000E+00,8.647306E-02
2.413000E+00,-6.693820E-01,2.677636E-03,-2.950374E-01,-7.392429E-03,-6.762218E-01,2.702854E-03,-2.949992E-01,7.503015E-03,0.000000E+00,0.000000E+00,2.112476E-01
2.414000E+00,-6.696775E-01,2.666962E-03,-2.955066E-01,-1.067317E-02,-6.765173E-01,2.697530E-03,-2.954805E-01,-5.324102E-03,0.000000E+00,0.000000E+00,2.560555E-01
2.415000E+00,-6.699773E-01,2.677774E-03,-2.998115E-01,1.081132E-02,-6.768172E-01,2.677593E-03,-2.998709E-01,-1.993696E-02,0.000000E+00,0.000000E+00,-1.513554E-03
2.416000E+00,-6.702801E-01,2.691571E-03,-3.027900E-01,1.379739E-02,-6.771199E-01,2.654608E-03,-3.026827E-01,-2.298553E-02,0.000000E+00,0.000000E+00,-3.096342E-01
2.417000E+00,-6.705863E-01,2.696366E-03,-3.062488E-01,4.794575E-03,-6.774261E-01,2.651063E-03,-3.061979E-01,-3.544271E-03,0.000000E+00,0.000000E+00,-3.794874E-01
2.418000E+00,-6.708905E-01,2.694523E-03,-3.041643E-01,-1.843122E-03,-6.777303E-01,2.657911E-03,-3.042204E-01,6.847724E-03,0.000000E+00,0.000000E+00,-3.066854E-01
2.419000E+00,-6.711909E-01,2.681373E-03,-3.003848E-01,-1.314917E-02,-6.780308E-01,2.674011E-03,-3.004830E-01,1.610030E-02,0.000000E+00,0.000000E+00,-6.167034E-02
2.420000E+00,-6.714878E-01,2.666052E-03,-2.969387E-01,-1.532096E-02,-6.783277E-01,2.680405E-03,-2.969071E-01,6.393897E-03,0.000000E+00,0.000000E+00,1.202285E-01
2.421000E+00,-6.717796E-01,2.666574E-03,-2.917585E-01,5.217057E-04,-6.786194E-01,2.676229E-03,-2.917486E-01,-4.175796E-03,0.000000E+00,0.000000E+00,8.087909E-02
2.422000E+00,-6.720671E-01,2.672363E-03,-2.875684E-01,5.788457E-03,-6.789070E-01,2.675616E-03,-2.875765E-01,-6.138863E-04,0.000000E+00,0.000000E+00,2.724838E-02
2.423000E+00,-6.723532E-01,2.681209E-03,-2.860257E-01,8.846240E-03,-6.791930E-01,2.668935E-03,-2.860168E-01,-6.680563E-03,0.000000E+00,0.000000E+00,-1.028154E-01
2.424000E+00,-6.726405E-01,2.684322E-03,-2.873367E-01,3.112947E-03,-6.794803E-01,2.667591E-03,-2.873227E-01,-1.343839E-03,0.000000E+00,0.000000E+00,-1.401488E-01
2.425000E+00,-6.729301E-01,2.681244E-03,-2.895797E-01,-3.078082E-03,-6.797699E-01,2.671885E-03,-2.895862E-01,4.293941E-03,0.000000E+00,0.000000E+00,-7.839537E-02
2.426000E+00,-6.732215E-01,2.671426E-03,-2.913919E-01,-9.818153E-03,-6.800613E-01,2.679534E-03,-2.913871E-01,7.648973E-03,0.000000E+00,0.000000E+00,6.792225E-02
2.427000E+00,-6.735133E-01,2.665936E-03,-2.917988E-01,-5.489617E-03,-6.803531E-01,2.674766E-03,-2.917882E-01,-4.768078E-03,0.000000E+00,0.000000E+00,7.396651E-02
2.428000E+00,-6.738084E-01,2.673741E-03,-2.951548E-01,7.804699E-03,-6.806483E-01,2.671715E-03,-2.951456E-01,-3.050812E-03,0.000000E+00,0.000000E+00,-1.696752E-02
2.429000E+00,-6.741079E-01,2.682445E-03,-2.994810E-01,8.704484E-03,-6.809477E-01,2.673139E-03,-2.994776E-01,1.423413E-03,0.000000E+00,0.000000E+00,-7.795940E-02
2.430000E+00,-6.744105E-01,2.684415E-03,-3.026379E-01,1.969816E-03,-6.812504E-01,2.680227E-03,-3.026487E-01,7.088079E-03,0.000000E+00,0.000000E+00,-3.508483E-02
2.431000E+00,-6.747140E-01,2.685678E-03,-3.034423E-01,1.262997E-03,-6.815538E-01,2.675962E-03,-3.034358E-01,-4.264694E-03,0.000000E+00,0.000000E+00,-8.138903E-02
2.432000E+00,-6.750210E-01,2.687164E-03,-3.069773E-01,1.486323E-03,-6.818608E-01,2.675209E-03,-3.069609E-01,-7.528708E-04,0.000000E+00,0.000000E+00,-1.001464E-01
2.433000E+00,-6.753299E-01,2.677292E-03,-3.088990E-01,-9.872245E-03,-6.821697E-01,2.669629E-03,-3.089095E-01,-5.580121E-03,0.000000E+00,0.000000E+00,-6.419218E-02
2.434000E+00,-6.756393E-01,2.672185E-03,-3.094089E-01,-5.107119E-03,-6.824791E-01,2.673066E-03,-3.094150E-01,3.437538E-03,0.000000E+00,0.000000E+00,7.384511E-03
2.435000E+00,-6.759402E-01,2.683836E-03,-3.009096E-01,1.165114E-02,-6.827800E-01,2.674270E-03,-3.008881E-01,1.203760E-03,0.000000E+00,0.000000E+00,-8.013101E-02
2.436000E+00,-6.762381E-01,2.684575E-03,-2.979735E-01,7.388416E-04,-6.830779E-01,2.665043E-03,-2.978649E-01,-9.227334E-03,0.000000E+00,0.000000E+00,-1.636179E-01
2.437000E+00,-6.765314E-01,2.677964E-03,-2.932867E-01,-6.610687E-03,-6.833711E-01,2.673885E-03,-2.932600E-01,8.842402E-03,0.000000E+00,0.000000E+00,-3.416896E-02
2.438000E+00,-6.768212E-01,2.676412E-03,-2.897343E-01,-1.552302E-03,-6.836608E-01,2.689478E-03,-2.897028E-01,1.559312E-02,0.000000E+00,0.000000E+00,1.094580E-01
2.439000E+00,-6.771134E-01,2.679978E-03,-2.922000E-01,3.565794E-03,-6.839530E-01,2.699716E-03,-2.921365E-01,1.023800E-02,0.000000E+00,0.000000E+00,1.653523E-01
2.440000E+00,-6.774056E-01,2.684494E-03,-2.922255E-01,4.516595E-03,-6.842452E-01,2.682708E-03,-2.922677E-01,-1.700890E-02,0.000000E+00,0.000000E+00,-1.496805E-02
2.441000E+00,-6.776988E-01,2.683394E-03,-2.931600E-01,-1.100057E-03,-6.845384E-01,2.653475E-03,-2.931692E-01,-2.923269E-02,0.000000E+00,0.000000E+00,-2.506341E-01
2.442000E+00,-6.779912E-01,2.678275E-03,-2.924559E-01,-5.119454E-03,-6.848309E-01,2.644407E-03,-2.924920E-01,-9.068243E-03,0.000000E+00,0.000000E+00,-2.837109E-01
2.443000E+00,-6.782769E-01,2.678467E-03,-2.856740E-01,1.925205E-04,-6.851167E-01,2.654656E-03,-2.857868E-01,1.024942E-02,0.000000E+00,0.000000E+00,-1.994627E-01
2.444000E+00,-6.785542E-01,2.687572E-03,-2.773655E-01,9.105158E-03,-6.853942E-01,2.683114E-03,-2.774884E-01,2.845818E-02,0.000000E+00,0.000000E+00,-3.734577E-02
2.445000E+00,-6.788305E-01,2.688062E-03,-2.762410E-01,4.897498E-04,-6.856704E-01,2.704431E-03,-2.762780E-01,2.131692E-02,0.000000E+00,0.000000E+00,1.371159E-01
2.446000E+00,-6.791072E-01,2.681046E-03,-2.766949E-01,-7.016628E-03,-6.859471E-01,2.706896E-03,-2.766865E-01,2.465151E-03,0.000000E+00,0.000000E+00,2.165408E-01
2.447000E+00,-6.793848E-01,2.665861E-03,-2.776049E-01,-1.518504E-02,-6.862247E-01,2.693469E-03,-2.776066E-01,-1.342752E-02,0.000000E+00,0.000000E+00,2.312626E-01
2.448000E+00,-6.796638E-01,2.658871E-03,-2.789621E-01,-6.989558E-03,-6.865037E-01,2.665216E-03,-2.790181E-01,-2.825305E-02,0.000000E+00,0.000000E+00,5.314661E-02
2.449000E+00,-6.799480E-01,2.666372E-03,-2.842804E-01,7.501261E-03,-6.867880E-01,2.652162E-03,-2.842689E-01,-1.305325E-02,0.000000E+00,0.000000E+00,-1.190299E-01
2.450000E+00,-6.802376E-01,2.682078E-03,-2.895325E-01,1.570542E-02,-6.870775E-01,2.654340E-03,-2.894905E-01,2.178056E-03,0.000000E+00,0.000000E+00,-2.323434E-01
2.451000E+00,-6.805302E-01,2.692287E-03,-2.926792E-01,1.020902E-02,-6.873702E-01,2.663026E-03,-2.926724E-01,8.685735E-03,0.000000E+00,0.000000E+00,-2.451035E-01
2.452000E+00,-6.808249E-01,2.699046E-03,-2.946341E-01,6.759265E-03,-6.876648E-01,2.670735E-03,-2.946384E-01,7.708742E-03,0.000000E+00,0.000000E+00,-2.371500E-01
2.453000E+00,-6.811214E-01,2.698275E-03,-2.965443E-01,-7.708020E-04,-6.879614E-01,2.677315E-03,-2.965709E-01,6.579642E-03,0.000000E+00,0.000000E+00,-1.755780E-01
2.454000E+00,-6.814187E-01,2.681043E-03,-2.972525E-01,-1.723196E-02,-6.882587E-01,2.673387E-03,-2.972776E-01,-3.927517E-03,0.000000E+00,0.000000E+00,-6.413210E-02
2.455000E+00,-6.817203E-01,2.667545E-03,-3.016367E-01,-1.349773E-02,-6.885603E-01,2.678701E-03,-3.016306E-01,5.314247E-03,0.000000E+00,0.000000E+00,9.344804E-02
2.456000E+00,-6.820253E-01,2.674659E-03,-3.049736E-01,7.113306E-03,-6.888653E-01,2.670188E-03,-3.049817E-01,-8.513365E-03,0.000000E+00,0.000000E+00,-3.745009E-02
2.457000E+00,-6.823370E-01,2.687621E-03,-3.117456E-01,1.296172E-02,-6.891770E-01,2.673760E-03,-3.117330E-01,3.572055E-03,0.000000E+00,0.000000E+00,-1.161035E-01
2.458000E+00,-6.826517E-01,2.693871E-03,-3.147016E-01,6.250266E-03,-6.894917E-01,2.682484E-03,-3.147083E-01,8.724330E-03,0.000000E+00,0.000000E+00,-9.537922E-02
2.459000E+00,-6.829662E-01,2.687744E-03,-3.144950E-01,-6.126929E-03,-6.898062E-01,2.680032E-03,-3.145022E-01,-2.452326E-03,0.000000E+00,0.000000E+00,-6.459856E-02
2.460000E+00,-6.832802E-01,2.675134E-03,-3.139936E-01,-1.261023E-02,-6.901202E-01,2.672494E-03,-3.139965E-01,-7.538105E-03,0.000000E+00,0.000000E+00,-2.211154E-02
2.461000E+00,-6.835900E-01,2.669509E-03,-3.097789E-01,-5.624747E-03,-6.904300E-01,2.673896E-03,-3.097763E-01,1.402568E-03,0.000000E+00,0.000000E+00,3.675331E-02
2.462000E+00,-6.838933E-01,2.673834E-03,-3.033194E-01,4.325029E-03,-6.907333E-01,2.677817E-03,-3.033166E-01,3.920375E-03,0.000000E+00,0.000000E+00,3.336371E-02
2.463000E+00,-6.841955E-01,2.669928E-03,-3.021474E-01,-3.905843E-03,-6.910355E-01,2.672187E-03,-3.021444E-01,-5.629667E-03,0.000000E+00,0.000000E+00,1.892397E-02
2.464000E+00,-6.844932E-01,2.675033E-03,-2.977542E-01,5.104798E-03,-6.913332E-01,2.668744E-03,-2.977554E-01,-3.442891E-03,0.000000E+00,0.000000E+00,-5.267647E-02
2.465000E+00,-6.847890E-01,2.678892E-03,-2.958098E-01,3.858734E-03,-6.916290E-01,2.673520E-03,-2.958147E-01,4.775261E-03,0.000000E+00,0.000000E+00,-4.499908E-02
2.466000E+00,-6.850851E-01,2.676881E-03,-2.960508E-01,-2.010442E-03,-6.919251E-01,2.676575E-03,-2.960543E-01,3.055159E-03,0.000000E+00,0.000000E+00,-2.566671E-03
2.467000E+00,-6.853802E-01,2.669917E-03,-2.951365E-01,-6.963852E-03,-6.922202E-01,2.671212E-03,-2.951355E-01,-5.362360E-03,0.000000E+00,0.000000E+00,1.084834E-02
2.468000E+00,-6.856729E-01,2.672695E-03,-2.927055E-01,2.777380E-03,-6.925129E-01,2.668990E-03,-2.927005E-01,-2.222767E-03,0.000000E+00,0.000000E+00,-3.103579E-02
2.469000E+00,-6.859640E-01,2.677627E-03,-2.911181E-01,4.932368E-03,-6.928040E-01,2.667902E-03,-2.911089E-01,-1.087675E-03,0.000000E+00,0.000000E+00,-8.146324E-02
2.470000E+00,-6.862536E-01,2.679742E-03,-2.895999E-01,2.115198E-03,-6.930936E-01,2.671838E-03,-2.896008E-01,3.936119E-03,0.000000E+00,0.000000E+00,-6.621014E-02
2.471000E+00,-6.865420E-01,2.673973E-03,-2.883130E-01,-5.769700E-03,-6.933819E-01,2.675603E-03,-2.883181E-01,3.765219E-03,0.000000E+00,0.000000E+00,1.365997E-02
2.472000E+00,-6.868290E-01,2.669353E-03,-2.870720E-01,-4.620029E-03,-6.936690E-01,2.674713E-03,-2.870719E-01,-8.907321E-04,0.000000E+00,0.000000E+00,4.489874E-02
2.473000E+00,-6.871141E-01,2.672089E-03,-2.850369E-01,2.736156E-03,-6.939541E-01,2.673961E-03,-2.850389E-01,-7.510842E-04,0.000000E+00,0.000000E+00,1.568757E-02
2.474000E+00,-6.873978E-01,2.679906E-03,-2.836959E-01,7.817171E-03,-6.942377E-01,2.673255E-03,-2.836929E-01,-7.067735E-04,0.000000E+00,0.000000E+00,-5.571398E-02
2.475000E+00,-6.876813E-01,2.678704E-03,-2.834909E-01,-1.201695E-03,-6.945212E-01,2.674405E-03,-2.834931E-01,1.150756E-03,0.000000E+00,0.000000E+00,-3.600847E-02
2.476000E+00,-6.879650E-01,2.672708E-03,-2.837353E-01,-5.995880E-03,-6.948050E-01,2.671284E-03,-2.837367E-01,-3.120977E-03,0.000000E+00,0.000000E+00,-1.192660E-02
2.477000E+00,-6.882503E-01,2.673343E-03,-2.853536E-01,6.342665E-04,-6.950903E-01,2.675987E-03,-2.853533E-01,4.702707E-03,0.000000E+00,0.000000E+00,2.215304E-02
2.478000E+00,-6.885380E-01,2.678362E-03,-2.876766E-01,5.019372E-03,-6.953780E-01,2.676724E-03,-2.876788E-01,7.363790E-04,0.000000E+00,0.000000E+00,-1.372381E-02
2.479000E+00,-6.888271E-01,2.673226E-03,-2.890983E-01,-5.136144E-03,-6.956671E-01,2.668158E-03,-2.890948E-01,-8.565944E-03,0.000000E+00,0.000000E+00,-4.245383E-02
2.480000E+00,-6.891234E-01,2.683851E-03,-2.963127E-01,1.062527E-02,-6.959634E-01,2.673451E-03,-2.963118E-01,5.293459E-03,0.000000E+00,0.000000E+00,-8.711618E-02
2.481000E+00,-6.894253E-01,2.688127E-03,-3.018984E-01,4.275558E-03,-6.962653E-01,2.683363E-03,-3.019060E-01,9.911800E-03,0.000000E+00,0.000000E+00,-3.990372E-02
2.482000E+00,-6.897278E-01,2.679942E-03,-3.025040E-01,-8.184855E-03,-6.965678E-01,2.677833E-03,-3.025047E-01,-5.529549E-03,0.000000E+00,0.000000E+00,-1.766134E-02
2.483000E+00,-6.900363E-01,2.682326E-03,-3.084261E-01,2.384419E-03,-6.968763E-01,2.682713E-03,-3.084269E-01,4.879380E-03,0.000000E+00,0.000000E+00,3.237893E-03
2.484000E+00,-6.903467E-01,2.687473E-03,-3.104881E-01,5.147088E-03,-6.971867E-01,2.678888E-03,-3.104792E-01,-3.824365E-03,0.000000E+00,0.000000E+00,-7.191223E-02
2.485000E+00,-6.906543E-01,2.679155E-03,-3.075489E-01,-8.318196E-03,-6.974943E-01,2.673279E-03,-3.075420E-01,-5.608867E-03,0.000000E+00,0.000000E+00,-4.921737E-02
2.486000E+00,-6.909546E-01,2.670943E-03,-3.003512E-01,-8.211641E-03,-6.977946E-01,2.677704E-03,-3.003302E-01,4.424333E-03,0.000000E+00,0.000000E+00,5.662921E-02
2.487000E+00,-6.912489E-01,2.677158E-03,-2.942666E-01,6.215048E-03,-6.980889E-01,2.677237E-03,-2.942544E-01,-4.671173E-04,0.000000E+00,0.000000E+00,6.552650E-04
2.488000E+00,-6.915411E-01,2.674162E-03,-2.922212E-01,-2.996711E-03,-6.983811E-01,2.675406E-03,-2.922048E-01,-1.830932E-03,0.000000E+00,0.000000E+00,1.042059E-02
2.489000E+00,-6.918332E-01,2.670500E-03,-2.920587E-01,-3.662047E-03,-6.986731E-01,2.669020E-03,-2.920376E-01,-6.385311E-03,0.000000E+00,0.000000E+00,-1.239130E-02
2.490000E+00,-6.921312E-01,2.679571E-03,-2.980340E-01,9.071525E-03,-6.989711E-01,2.676474E-03,-2.979939E-01,7.453295E-03,0.000000E+00,0.000000E+00,-2.594684E-02
2.491000E+00,-6.924316E-01,2.678897E-03,-3.004058E-01,-6.739238E-04,-6.992715E-01,2.675410E-03,-3.003875E-01,-1.063754E-03,0.000000E+00,0.000000E+00,-2.921242E-02
2.492000E+00,-6.927324E-01,2.674978E-03,-3.007991E-01,-3.918929E-03,-6.995723E-01,2.666556E-03,-3.007800E-01,-8.854189E-03,0.000000E+00,0.000000E+00,-7.055405E-02
2.493000E+00,-6.930318E-01,2.676265E-03,-2.994123E-01,1.287122E-03,-6.998717E-01,2.665884E-03,-2.994032E-01,-6.715038E-04,0.000000E+00,0.000000E+00,-8.696110E-02
2.494000E+00,-6.933268E-01,2.673142E-03,-2.949999E-01,-3.123351E-03,-7.001667E-01,2.677335E-03,-2.950099E-01,1.145034E-02,0.000000E+00,0.000000E+00,3.511953E-02
2.495000E+00,-6.936173E-01,2.675119E-03,-2.904719E-01,1.976537E-03,-7.004571E-01,2.680627E-03,-2.904600E-01,3.292514E-03,0.000000E+00,0.000000E+00,4.614325E-02
2.496000E+00,-6.939066E-01,2.673291E-03,-2.893112E-01,-1.827311E-03,-7.007464E-01,2.669135E-03,-2.892886E-01,-1.149193E-02,0.000000E+00,0.000000E+00,-3.481535E-02
2.497000E+00,-6.941924E-01,2.673605E-03,-2.857312E-01,3.141047E-04,-7.010322E-01,2.667187E-03,-2.857281E-01,-1.948347E-03,0.000000E+00,0.000000E+00,-5.376751E-02
2.498000E+00,-6.944763E-01,2.676604E-03,-2.839304E-01,2.998217E-03,-7.013161E-01,2.672261E-03,-2.839318E-01,5.074311E-03,0.000000E+00,0.000000E+00,-3.637644E-02
2.499000E+00,-6.947608E-01,2.671504E-03,-2.844811E-01,-5.099574E-03,-7.016006E-01,2.672948E-03,-2.844815E-01,6.868417E-04,0.000000E+00,0.000000E+00,1.209532E-02
2.500000E+00,-6.950467E-01,2.669991E-03,-2.859676E-01,-1.512894E-03,-7.018865E-01,2.674829E-03,-2.859653E-01,1.880955E-03,0.000000E+00,0.000000E+00,4.052499E-02
2.501000E+00,-6.953341E-01,2.676862E-03,-2.874014E-01,6.870863E-03,-7.021739E-01,2.675869E-03,-2.873994E-01,1.039576E-03,0.000000E+00,0.000000E+00,-8.322668E-03
2.502000E+00,-6.956224E-01,2.679885E-03,-2.882728E-01,3.022714E-03,-7.024622E-01,2.668996E-03,-2.882596E-01,-6.872285E-03,0.000000E+00,0.000000E+00,-9.121144E-02
2.503000E+00,-6.959138E-01,2.672454E-03,-2.914063E-01,-7.431056E-03,-7.027536E-01,2.670514E-03,-2.914059E-01,1.517297E-03,0.000000E+00,0.000000E+00,-1.625258E-02
2.504000E+00,-6.962107E-01,2.674896E-03,-2.968982E-01,2.441850E-03,-7.030505E-01,2.679048E-03,-2.968641E-01,8.534810E-03,0.000000E+00,0.000000E+00,3.478734E-02
2.505000E+00,-6.965098E-01,2.674324E-03,-2.990488E-01,-5.717198E-04,-7.033495E-01,2.673375E-03,-2.990591E-01,-5.673416E-03,0.000000E+00,0.000000E+00,-7.948953E-03
2.506000E+00,-6.968163E-01,2.688228E-03,-3.064990E-01,1.390409E-02,-7.036560E-01,2.676511E-03,-3.064407E-01,3.135740E-03,0.000000E+00,0.000000E+00,-9.815479E-02
2.507000E+00,-6.971251E-01,2.689245E-03,-3.088230E-01,1.017174E-03,-7.039648E-01,2.676335E-03,-3.088039E-01,-1.759195E-04,0.000000E+00,0.000000E+00,-1.081495E-01
2.508000E+00,-6.974356E-01,2.681010E-03,-3.105376E-01,-8.234823E-03,-7.042753E-01,2.671985E-03,-3.105517E-01,-4.350257E-03,0.000000E+00,0.000000E+00,-7.560858E-02
2.509000E+00,-6.977481E-01,2.675998E-03,-3.124794E-01,-5.012154E-03,-7.045878E-01,2.674623E-03,-3.124771E-01,2.638187E-03,0.000000E+00,0.000000E+00,-1.152212E-02
2.510000E+00,-6.980555E-01,2.679159E-03,-3.073840E-01,3.161210E-03,-7.048952E-01,2.674638E-03,-3.073890E-01,1.486303E-05,0.000000E+00,0.000000E+00,-3.787888E-02
2.511000E+00,-6.983601E-01,2.670286E-03,-3.045829E-01,-8.873420E-03,-7.051997E-01,2.663693E-03,-3.044977E-01,-1.094439E-02,0.000000E+00,0.000000E+00,-5.522793E-02
2.512000E+00,-6.986542E-01,2.676631E-03,-2.941777E-01,6.344941E-03,-7.054939E-01,2.675333E-03,-2.941925E-01,1.163982E-02,0.000000E+00,0.000000E+00,-1.087247E-02
2.513000E+00,-6.989456E-01,2.675310E-03,-2.913860E-01,-1.320871E-03,-7.057852E-01,2.679471E-03,-2.913557E-01,4.137845E-03,0.000000E+00,0.000000E+00,3.485550E-02
2.514000E+00,-6.992376E-01,2.676823E-03,-2.920052E-01,1.513040E-03,-7.060772E-01,2.673231E-03,-2.919552E-01,-6.239898E-03,0.000000E+00,0.000000E+00,-3.009160E-02
2.515000E+00,-6.995304E-01,2.674549E-03,-2.927739E-01,-2.274524E-03,-7.063699E-01,2.667093E-03,-2.927301E-01,-6.138430E-03,0.000000E+00,0.000000E+00,-6.246042E-02
2.516000E+00,-6.998256E-01,2.678349E-03,-2.952124E-01,3.800716E-03,-7.066651E-01,2.665367E-03,-2.951776E-01,-1.725861E-03,0.000000E+00,0.000000E+00,-1.087580E-01
2.517000E+00,-7.001208E-01,2.674136E-03,-2.951889E-01,-4.213376E-03,-7.069603E-01,2.668080E-03,-2.951800E-01,2.713442E-03,0.000000E+00,0.000000E+00,-5.073068E-02
2.518000E+00,-7.004140E-01,2.670340E-03,-2.931648E-01,-3.795561E-03,-7.072534E-01,2.675226E-03,-2.931604E-01,7.145948E-03,0.000000E+00,0.000000E+00,4.092893E-02
2.519000E+00,-7.007030E-01,2.677132E-03,-2.890341E-01,6.791970E-03,-7.075425E-01,2.675957E-03,-2.890380E-01,7.306706E-04,0.000000E+00,0.000000E+00,-9.848028E-03
2.520000E+00,-7.009901E-01,2.677060E-03,-2.871114E-01,-7.190598E-05,-7.078296E-01,2.676118E-03,-2.871101E-01,1.610514E-04,0.000000E+00,0.000000E+00,-7.896490E-03
2.521000E+00,-7.012754E-01,2.674184E-03,-2.852664E-01,-2.876776E-03,-7.081149E-01,2.672815E-03,-2.852710E-01,-3.302561E-03,0.000000E+00,0.000000E+00,-1.146338E-02
2.522000E+00,-7.015574E-01,2.673241E-03,-2.820580E-01,-9.427339E-04,-7.083969E-01,2.673101E-03,-2.820687E-01,2.861694E-04,0.000000E+00,0.000000E+00,-1.168569E-03
2.523000E+00,-7.018383E-01,2.676716E-03,-2.808653E-01,3.475396E-03,-7.086778E-01,2.676182E-03,-2.808745E-01,3.080685E-03,0.000000E+00,0.000000E+00,-4.475141E-03
2.524000E+00,-7.021191E-01,2.673315E-03,-2.807891E-01,-3.401332E-03,-7.089586E-01,2.673059E-03,-2.807980E-01,-3.122992E-03,0.000000E+00,0.000000E+00,-2.143424E-03
2.525000E+00,-7.024007E-01,2.674795E-03,-2.816452E-01,1.480103E-03,-7.092402E-01,2.671583E-03,-2.816460E-01,-1.475761E-03,0.000000E+00,0.000000E+00,-2.690527E-02
2.526000E+00,-7.026836E-01,2.679629E-03,-2.828528E-01,4.834086E-03,-7.095231E-01,2.671933E-03,-2.828483E-01,3.499387E-04,0.000000E+00,0.000000E+00,-6.446987E-02
2.527000E+00,-7.029675E-01,2.677484E-03,-2.839154E-01,-2.145024E-03,-7.098070E-01,2.673304E-03,-2.839252E-01,1.370783E-03,0.000000E+00,0.000000E+00,-3.501722E-02
2.528000E+00,-7.032533E-01,2.671029E-03,-2.857418E-01,-6.455375E-03,-7.100928E-01,2.676554E-03,-2.857487E-01,3.250397E-03,0.000000E+00,0.000000E+00,4.628982E-02
2.529000E+00,-7.035421E-01,2.674154E-03,-2.888733E-01,3.125114E-03,-7.103816E-01,2.676099E-03,-2.888610E-01,-4.552590E-04,0.000000E+00,0.000000E+00,1.629643E-02
2.530000E+00,-7.038342E-01,2.684648E-03,-2.920564E-01,1.049435E-02,-7.106736E-01,2.671887E-03,-2.920192E-01,-4.212244E-03,0.000000E+00,0.000000E+00,-1.069041E-01
2.531000E+00,-7.041322E-01,2.682422E-03,-2.979899E-01,-2.226561E-03,-7.109716E-01,2.680897E-03,-2.979817E-01,9.010195E-03,0.000000E+00,0.000000E+00,-1.277119E-02
2.532000E+00,-7.044321E-01,2.669138E-03,-2.999696E-01,-1.328352E-02,-7.112716E-01,2.684214E-03,-2.999644E-01,3.317307E-03,0.000000E+00,0.000000E+00,1.262980E-01
2.533000E+00,-7.047340E-01,2.667954E-03,-3.018969E-01,-1.184186E-03,-7.115735E-01,2.672932E-03,-3.018948E-01,-1.128266E-02,0.000000E+00,0.000000E+00,4.170069E-02
2.534000E+00,-7.050344E-01,2.675669E-03,-3.003667E-01,7.715187E-03,-7.118738E-01,2.668023E-03,-3.003537E-01,-4.909051E-03,0.000000E+00,0.000000E+00,-6.405594E-02
2.535000E+00,-7.053286E-01,2.682688E-03,-2.942285E-01,7.018983E-03,-7.121680E-01,2.673953E-03,-2.942001E-01,5.930614E-03,0.000000E+00,0.000000E+00,-7.317380E-02
2.536000E+00,-7.056172E-01,2.677785E-03,-2.885727E-01,-4.903305E-03,-7.124565E-01,2.693855E-03,-2.885037E-01,1.990123E-02,0.000000E+00,0.000000E+00,1.346226E-01
2.537000E+00,-7.059042E-01,2.668188E-03,-2.869958E-01,-9.596490E-03,-7.127434E-01,2.702080E-03,-2.868318E-01,8.225843E-03,0.000000E+00,0.000000E+00,2.839321E-01
2.538000E+00,-7.061900E-01,2.666709E-03,-2.858292E-01,-1.479052E-03,-7.130291E-01,2.707855E-03,-2.856885E-01,5.774256E-03,0.000000E+00,0.000000E+00,3.447027E-01
2.539000E+00,-7.064802E-01,2.686035E-03,-2.901216E-01,1.932581E-02,-7.133191E-01,2.710353E-03,-2.900421E-01,2.498824E-03,0.000000E+00,0.000000E+00,2.037357E-01
2.540000E+00,-7.067716E-01,2.711409E-03,-2.914735E-01,2.537360E-02,-7.136105E-01,2.692585E-03,-2.913638E-01,-1.776835E-02,0.000000E+00,0.000000E+00,-1.577031E-01
2.541000E+00,-7.070636E-01,2.720440E-03,-2.919497E-01,9.031676E-03,-7.139022E-01,2.663785E-03,-2.917074E-01,-2.880004E-02,0.000000E+00,0.000000E+00,-4.746636E-01
2.542000E+00,-7.073570E-01,2.721102E-03,-2.934111E-01,6.621400E-04,-7.141954E-01,2.645277E-03,-2.932062E-01,-1.850807E-02,0.000000E+00,0.000000E+00,-6.352812E-01
2.543000E+00,-7.076469E-01,2.712560E-03,-2.899452E-01,-8.542627E-03,-7.144854E-01,2.643252E-03,-2.900167E-01,-2.025195E-03,0.000000E+00,0.000000E+00,-5.806747E-01
2.544000E+00,-7.079316E-01,2.693474E-03,-2.846473E-01,-1.908552E-02,-7.147703E-01,2.658429E-03,-2.849459E-01,1.517732E-02,0.000000E+00,0.000000E+00,-2.936092E-01
2.545000E+00,-7.082110E-01,2.667565E-03,-2.794607E-01,-2.590914E-02,-7.150500E-01,2.690917E-03,-2.796287E-01,3.248822E-02,0.000000E+00,0.000000E+00,1.956414E-01
2.546000E+00,-7.084888E-01,2.652914E-03,-2.777791E-01,-1.465080E-02,-7.153276E-01,2.713669E-03,-2.776404E-01,2.275127E-02,0.000000E+00,0.000000E+00,5.089895E-01
2.547000E+00,-7.087690E-01,2.650686E-03,-2.801364E-01,-2.228356E-03,-7.156077E-01,2.718308E-03,-2.801251E-01,4.639377E-03,0.000000E+00,0.000000E+00,5.665237E-01
2.548000E+00,-7.090526E-01,2.662336E-03,-2.835950E-01,1.165003E-02,-7.158916E-01,2.706803E-03,-2.838467E-01,-1.150489E-02,0.000000E+00,0.000000E+00,3.725295E-01
2.549000E+00,-7.093390E-01,2.686721E-03,-2.864688E-01,2.438513E-02,-7.161783E-01,2.677040E-03,-2.866949E-01,-2.976284E-02,0.000000E+00,0.000000E+00,-8.110155E-02
2.550000E+00,-7.096271E-01,2.705845E-03,-2.880432E-01,1.912353E-02,-7.164661E-01,2.643115E-03,-2.878441E-01,-3.392554E-02,0.000000E+00,0.000000E+00,-5.255202E-01
2.551000E+00,-7.099188E-01,2.718402E-03,-2.917318E-01,1.255742E-02,-7.167577E-01,2.633235E-03,-2.915349E-01,-9.879438E-03,0.000000E+00,0.000000E+00,-7.134886E-01
2.552000E+00,-7.102127E-01,2.724180E-03,-2.939355E-01,5.777926E-03,-7.170516E-01,2.633221E-03,-2.939044E-01,-1.405493E-05,0.000000E+00,0.000000E+00,-7.620090E-01
2.553000E+00,-7.105098E-01,2.721712E-03,-2.970799E-01,-2.468278E-03,-7.173489E-01,2.645498E-03,-2.972995E-01,1.227709E-02,0.000000E+00,0.000000E+00,-6.384702E-01
2.554000E+00,-7.108122E-01,2.708500E-03,-3.023644E-01,-1.321153E-02,-7.176516E-01,2.670284E-03,-3.027109E-01,2.478545E-02,0.000000E+00,0.000000E+00,-3.201481E-01
2.555000E+00,-7.111192E-01,2.693201E-03,-3.069884E-01,-1.529922E-02,-7.179587E-01,2.700699E-03,-3.070812E-01,3.041544E-02,0.000000E+00,0.000000E+00,6.281396E-02
2.556000E+00,-7.114264E-01,2.677619E-03,-3.072247E-01,-1.558224E-02,-7.182658E-01,2.709912E-03,-3.071383E-01,9.212934E-03,0.000000E+00,0.000000E+00,2.705296E-01
2.557000E+00,-7.117344E-01,2.671462E-03,-3.079695E-01,-6.156358E-03,-7.185738E-01,2.689890E-03,-3.080222E-01,-2.002186E-02,0.000000E+00,0.000000E+00,1.543744E-01
2.558000E+00,-7.120447E-01,2.682637E-03,-3.103768E-01,1.117479E-02,-7.188842E-01,2.661207E-03,-3.103603E-01,-2.868307E-02,0.000000E+00,0.000000E+00,-1.795242E-01
2.559000E+00,-7.123532E-01,2.685071E-03,-3.084570E-01,2.434023E-03,-7.191925E-01,2.650101E-03,-3.083653E-01,-1.110595E-02,0.000000E+00,0.000000E+00,-2.929541E-01
2.560000E+00,-7.126538E-01,2.668517E-03,-3.005738E-01,-1.655399E-02,-7.194931E-01,2.668755E-03,-3.005951E-01,1.865394E-02,0.000000E+00,0.000000E+00,1.993491E-03
2.561000E+00,-7.129435E-01,2.656876E-03,-2.897530E-01,-1.164146E-02,-7.197826E-01,2.713346E-03,-2.894528E-01,4.459072E-02,0.000000E+00,0.000000E+00,4.730802E-01
2.562000E+00,-7.132296E-01,2.656152E-03,-2.860369E-01,-7.237511E-04,-7.200682E-01,2.748307E-03,-2.855899E-01,3.496064E-02,0.000000E+00,0.000000E+00,7.720485E-01
2.563000E+00,-7.135132E-01,2.660084E-03,-2.836746E-01,3.932212E-03,-7.203514E-01,2.776789E-03,-2.832572E-01,2.848278E-02,0.000000E+00,0.000000E+00,9.777513E-01
2.564000E+00,-7.137963E-01,2.666630E-03,-2.831154E-01,6.545871E-03,-7.206343E-01,2.796853E-03,-2.828402E-01,2.006324E-02,0.000000E+00,0.000000E+00,1.091017E+00
2.565000E+00,-7.140800E-01,2.676975E-03,-2.836931E-01,1.034502E-02,-7.209179E-01,2.806885E-03,-2.836529E-01,1.003204E-02,0.000000E+00,0.000000E+00,1.088402E+00
2.566000E+00,-7.143635E-01,2.688774E-03,-2.834606E-01,1.179906E-02,-7.212017E-01,2.796964E-03,-2.838059E-01,-9.920380E-03,0.000000E+00,0.000000E+00,9.064208E-01
2.567000E+00,-7.146466E-01,2.697979E-03,-2.831397E-01,9.205158E-03,-7.214853E-01,2.770309E-03,-2.835836E-01,-2.665485E-02,0.000000E+00,0.000000E+00,6.059727E-01
2.568000E+00,-7.149298E-01,2.700446E-03,-2.831470E-01,2.466363E-03,-7.217687E-01,2.731110E-03,-2.834323E-01,-3.919900E-02,0.000000E+00,0.000000E+00,2.569022E-01
2.569000E+00,-7.152127E-01,2.695153E-03,-2.828710E-01,-5.292966E-03,-7.220516E-01,2.675797E-03,-2.828331E-01,-5.531352E-02,0.000000E+00,0.000000E+00,-1.621612E-01
2.570000E+00,-7.154920E-01,2.666824E-03,-2.793835E-01,-2.832851E-02,-7.223307E-01,2.629426E-03,-2.791515E-01,-4.637114E-02,0.000000E+00,0.000000E+00,-3.133284E-01
2.571000E+00,-7.157632E-01,2.653575E-03,-2.711828E-01,-1.324913E-02,-7.226019E-01,2.618604E-03,-2.711428E-01,-1.082170E-02,0.000000E+00,0.000000E+00,-2.929933E-01
2.572000E+00,-7.160333E-01,2.650225E-03,-2.700500E-01,-3.350407E-03,-7.228719E-01,2.619376E-03,-2.700384E-01,7.716888E-04,0.000000E+00,0.000000E+00,-2.584586E-01
2.573000E+00,-7.163050E-01,2.654133E-03,-2.716941E-01,3.907805E-03,-7.231436E-01,2.626736E-03,-2.716615E-01,7.360541E-03,0.000000E+00,0.000000E+00,-2.295324E-01
2.574000E+00,-7.165785E-01,2.662182E-03,-2.734931E-01,8.049010E-03,-7.234170E-01,2.639517E-03,-2.734570E-01,1.278097E-02,0.000000E+00,0.000000E+00,-1.898882E-01
2.575000E+00,-7.168541E-01,2.674219E-03,-2.756827E-01,1.203696E-02,-7.236927E-01,2.652551E-03,-2.756217E-01,1.303350E-02,0.000000E+00,0.000000E+00,-1.815406E-01
2.576000E+00,-7.171319E-01,2.682132E-03,-2.777614E-01,7.913646E-03,-7.239704E-01,2.668207E-03,-2.777043E-01,1.565584E-02,0.000000E+00,0.000000E+00,-1.166748E-01
2.577000E+00,-7.174110E-01,2.678044E-03,-2.791136E-01,-4.087968E-03,-7.242494E-01,2.678887E-03,-2.790744E-01,1.068075E-02,0.000000E+00,0.000000E+00,7.064328E-03
2.578000E+00,-7.176904E-01,2.673713E-03,-2.794052E-01,-4.331636E-03,-7.245288E-01,2.672046E-03,-2.793867E-01,-6.841344E-03,0.000000E+00,0.000000E+00,-1.396335E-02
2.579000E+00,-7.179729E-01,2.680563E-03,-2.824318E-01,6.850794E-03,-7.248112E-01,2.669521E-03,-2.823357E-01,-2.524606E-03,0.000000E+00,0.000000E+00,-9.251676E-02
2.580000E+00,-7.182591E-01,2.677374E-03,-2.862864E-01,-3.189746E-03,-7.250974E-01,2.674589E-03,-2.862764E-01,5.067829E-03,0.000000E+00,0.000000E+00,-2.332946E-02
2.581000E+00,-7.185496E-01,2.672396E-03,-2.904249E-01,-4.977390E-03,-7.253879E-01,2.683768E-03,-2.904509E-01,9.178878E-03,0.000000E+00,0.000000E+00,9.528082E-02
2.582000E+00,-7.188426E-01,2.684483E-03,-2.930231E-01,1.208720E-02,-7.256809E-01,2.675707E-03,-2.930481E-01,-8.060680E-03,0.000000E+00,0.000000E+00,-7.353067E-02
2.583000E+00,-7.191401E-01,2.696723E-03,-2.975205E-01,1.223941E-02,-7.259784E-01,2.677607E-03,-2.974367E-01,1.899611E-03,0.000000E+00,0.000000E+00,-1.601654E-01
2.584000E+00,-7.194384E-01,2.695116E-03,-2.982578E-01,-1.607068E-03,-7.262765E-01,2.676065E-03,-2.981377E-01,-1.542009E-03,0.000000E+00,0.000000E+00,-1.596231E-01
2.585000E+00,-7.197356E-01,2.674252E-03,-2.972122E-01,-2.086334E-02,-7.265735E-01,2.672729E-03,-2.969986E-01,-3.335621E-03,0.000000E+00,0.000000E+00,-1.276155E-02
2.586000E+00,-7.200276E-01,2.664669E-03,-2.919927E-01,-9.583390E-03,-7.268654E-01,2.678822E-03,-2.918525E-01,6.092561E-03,0.000000E+00,0.000000E+00,1.185914E-01
2.587000E+00,-7.203141E-01,2.668980E-03,-2.865509E-01,4.310747E-03,-7.271518E-01,2.677059E-03,-2.864805E-01,-1.763216E-03,0.000000E+00,0.000000E+00,6.769673E-02
2.588000E+00,-7.205965E-01,2.677654E-03,-2.823902E-01,8.674128E-03,-7.274342E-01,2.671279E-03,-2.824042E-01,-5.780034E-03,0.000000E+00,0.000000E+00,-5.342003E-02
2.589000E+00,-7.208776E-01,2.674585E-03,-2.810578E-01,-3.068614E-03,-7.277154E-01,2.673532E-03,-2.811188E-01,2.253060E-03,0.000000E+00,0.000000E+00,-8.827733E-03
2.590000E+00,-7.211584E-01,2.676469E-03,-2.807759E-01,1.884001E-03,-7.279963E-01,2.675356E-03,-2.809614E-01,1.824554E-03,0.000000E+00,0.000000E+00,-9.325605E-03
2.591000E+00,-7.214392E-01,2.679344E-03,-2.808960E-01,2.874992E-03,-7.282774E-01,2.675368E-03,-2.810754E-01,1.177551E-05,0.000000E+00,0.000000E+00,-3.331579E-02
2.592000E+00,-7.217206E-01,2.676218E-03,-2.813477E-01,-3.125957E-03,-7.285589E-01,2.669449E-03,-2.815171E-01,-5.919328E-03,0.000000E+00,0.000000E+00,-5.671958E-02
2.593000E+00,-7.220009E-01,2.674701E-03,-2.802648E-01,-1.517204E-03,-7.288393E-01,2.667907E-03,-2.803670E-01,-1.542122E-03,0.000000E+00,0.000000E+00,-5.692751E-02
2.594000E+00,-7.222766E-01,2.677572E-03,-2.757419E-01,2.870432E-03,-7.291151E-01,2.672267E-03,-2.758084E-01,4.360181E-03,0.000000E+00,0.000000E+00,-4.444522E-02
2.595000E+00,-7.225503E-01,2.672576E-03,-2.736516E-01,-4.995165E-03,-7.293888E-01,2.678779E-03,-2.737022E-01,6.512436E-03,0.000000E+00,0.000000E+00,5.196996E-02
2.596000E+00,-7.228230E-01,2.672612E-03,-2.727546E-01,3.602180E-05,-7.296616E-01,2.673636E-03,-2.727734E-01,-5.143060E-03,0.000000E+00,0.000000E+00,8.577710E-03
2.597000E+00,-7.230936E-01,2.673108E-03,-2.705991E-01,4.957574E-04,-7.299321E-01,2.674434E-03,-2.705732E-01,7.982640E-04,0.000000E+00,0.000000E+00,1.111226E-02
2.598000E+00,-7.233637E-01,2.678063E-03,-2.701248E-01,4.954438E-03,-7.302022E-01,2.673819E-03,-2.700893E-01,-6.150717E-04,0.000000E+00,0.000000E+00,-3.555135E-02
2.599000E+00,-7.236340E-01,2.677152E-03,-2.703063E-01,-9.101974E-04,-7.304725E-01,2.674409E-03,-2.702728E-01,5.900995E-04,0.000000E+00,0.000000E+00,-2.298136E-02
2.600000E+00,-7.239048E-01,2.673396E-03,-2.707712E-01,-3.756214E-03,-7.307432E-01,2.668463E-03,-2.707470E-01,-5.946162E-03,0.000000E+00,0.000000E+00,-4.132989E-02
2.601000E+00,-7.241774E-01,2.673646E-03,-2.726279E-01,2.495820E-04,-7.310159E-01,2.670759E-03,-2.726076E-01,2.295675E-03,0.000000E+00,0.000000E+00,-2.418680E-02
2.602000E+00,-7.244527E-01,2.678110E-03,-2.752218E-01,4.464151E-03,-7.312910E-01,2.677695E-03,-2.751723E-01,6.936361E-03,0.000000E+00,0.000000E+00,-3.473387E-03
2.603000E+00,-7.247287E-01,2.676513E-03,-2.760836E-01,-1.596858E-03,-7.315671E-01,2.674389E-03,-2.760819E-01,-3.305983E-03,0.000000E+00,0.000000E+00,-1.779342E-02
2.604000E+00,-7.250078E-01,2.671302E-03,-2.790332E-01,-5.210885E-03,-7.318461E-01,2.676520E-03,-2.789933E-01,2.130538E-03,0.000000E+00,0.000000E+00,4.371749E-02
2.605000E+00,-7.252912E-01,2.677167E-03,-2.834333E-01,5.864773E-03,-7.321295E-01,2.670763E-03,-2.834211E-01,-5.756840E-03,0.000000E+00,0.000000E+00,-5.365571E-02
2.606000E+00,-7.255811E-01,2.683347E-03,-2.898827E-01,6.180256E-03,-7.324194E-01,2.677718E-03,-2.898604E-01,6.955269E-03,0.000000E+00,0.000000E+00,-4.716231E-02
2.607000E+00,-7.258722E-01,2.689949E-03,-2.911105E-01,6.601892E-03,-7.327104E-01,2.674013E-03,-2.910415E-01,-3.705253E-03,0.000000E+00,0.000000E+00,-1.335236E-01
2.608000E+00,-7.261652E-01,2.685815E-03,-2.930263E-01,-4.133856E-03,-7.330035E-01,2.665139E-03,-2.930356E-01,-8.874241E-03,0.000000E+00,0.000000E+00,-1.732415E-01
2.609000E+00,-7.264610E-01,2.677827E-03,-2.957274E-01,-7.988147E-03,-7.332992E-01,2.664793E-03,-2.957431E-01,-3.462438E-04,0.000000E+00,0.000000E+00,-1.092122E-01
2.610000E+00,-7.267522E-01,2.670452E-03,-2.912395E-01,-7.374608E-03,-7.335905E-01,2.673310E-03,-2.913081E-01,8.516935E-03,0.000000E+00,0.000000E+00,2.393825E-02
2.611000E+00,-7.270331E-01,2.678233E-03,-2.809157E-01,7.780457E-03,-7.338714E-01,2.683306E-03,-2.809131E-01,9.996510E-03,0.000000E+00,0.000000E+00,4.250577E-02
2.612000E+00,-7.273136E-01,2.674926E-03,-2.805370E-01,-3.307097E-03,-7.341519E-01,2.682543E-03,-2.805000E-01,-7.633740E-04,0.000000E+00,0.000000E+00,6.381903E-02
2.613000E+00,-7.275906E-01,2.674665E-03,-2.769028E-01,-2.609600E-04,-7.344289E-01,2.680375E-03,-2.769563E-01,-2.167690E-03,0.000000E+00,0.000000E+00,4.784278E-02
2.614000E+00,-7.278683E-01,2.677040E-03,-2.777563E-01,2.375547E-03,-7.347067E-01,2.672327E-03,-2.778265E-01,-8.048371E-03,0.000000E+00,0.000000E+00,-3.949483E-02
2.615000E+00,-7.281515E-01,2.673396E-03,-2.832312E-01,-3.644764E-03,-7.349901E-01,2.675510E-03,-2.833421E-01,3.183593E-03,0.000000E+00,0.000000E+00,1.771649E-02
2.616000E+00,-7.284409E-01,2.677768E-03,-2.893360E-01,4.372687E-03,-7.352794E-01,2.685951E-03,-2.893421E-01,1.044121E-02,0.000000E+00,0.000000E+00,6.856094E-02
2.617000E+00,-7.287300E-01,2.680644E-03,-2.890878E-01,2.875678E-03,-7.355685E-01,2.674571E-03,-2.891490E-01,-1.138049E-02,0.000000E+00,0.000000E+00,-5.088232E-02
2.618000E+00,-7.290199E-01,2.674063E-03,-2.899300E-01,-6.581016E-03,-7.358585E-01,2.668653E-03,-2.899541E-01,-5.917437E-03,0.000000E+00,0.000000E+00,-4.532250E-02
2.619000E+00,-7.293047E-01,2.669928E-03,-2.847720E-01,-4.134574E-03,-7.361433E-01,2.672937E-03,-2.847744E-01,4.283370E-03,0.000000E+00,0.000000E+00,2.520542E-02
2.620000E+00,-7.295813E-01,2.677787E-03,-2.766692E-01,7.858758E-03,-7.364200E-01,2.680764E-03,-2.766996E-01,7.827337E-03,0.000000E+00,0.000000E+00,2.494205E-02
2.621000E+00,-7.298569E-01,2.678822E-03,-2.756113E-01,1.034882E-03,-7.366956E-01,2.680982E-03,-2.756662E-01,2.176958E-04,0.000000E+00,0.000000E+00,1.809532E-02
2.622000E+00,-7.301322E-01,2.668308E-03,-2.752486E-01,-1.051387E-02,-7.369709E-01,2.668715E-03,-2.752560E-01,-1.226662E-02,0.000000E+00,0.000000E+00,3.410437E-03
2.623000E+00,-7.304059E-01,2.659804E-03,-2.737539E-01,-8.503933E-03,-7.372446E-01,2.664322E-03,-2.737548E-01,-4.392890E-03,0.000000E+00,0.000000E+00,3.785344E-02
2.624000E+00,-7.306810E-01,2.662339E-03,-2.750773E-01,2.534353E-03,-7.375197E-01,2.665536E-03,-2.750705E-01,1.213281E-03,0.000000E+00,0.000000E+00,2.678531E-02
2.625000E+00,-7.309597E-01,2.670821E-03,-2.786459E-01,8.482741E-03,-7.377983E-01,2.673581E-03,-2.786240E-01,8.045578E-03,0.000000E+00,0.000000E+00,2.312275E-02
2.626000E+00,-7.312411E-01,2.684034E-03,-2.814674E-01,1.321247E-02,-7.380798E-01,2.678721E-03,-2.814256E-01,5.139607E-03,0.000000E+00,0.000000E+00,-4.451355E-02
2.627000E+00,-7.315227E-01,2.686291E-03,-2.815967E-01,2.257583E-03,-7.383613E-01,2.670629E-03,-2.815744E-01,-8.092264E-03,0.000000E+00,0.000000E+00,-1.312274E-01
2.628000E+00,-7.318069E-01,2.683371E-03,-2.841846E-01,-2.920451E-03,-7.386455E-01,2.668337E-03,-2.841644E-01,-2.291523E-03,0.000000E+00,0.000000E+00,-1.259585E-01
2.629000E+00,-7.320945E-01,2.678207E-03,-2.875969E-01,-5.163608E-03,-7.389331E-01,2.672223E-03,-2.875487E-01,3.886330E-03,0.000000E+00,0.000000E+00,-5.013586E-02
2.630000E+00,-7.323866E-01,2.673454E-03,-2.921031E-01,-4.753067E-03,-7.392252E-01,2.674737E-03,-2.921055E-01,2.513992E-03,0.000000E+00,0.000000E+00,1.075019E-02
2.631000E+00,-7.326833E-01,2.679954E-03,-2.966706E-01,6.499868E-03,-7.395218E-01,2.674882E-03,-2.966322E-01,1.448848E-04,0.000000E+00,0.000000E+00,-4.249439E-02
2.632000E+00,-7.329857E-01,2.686508E-03,-3.024017E-01,6.554090E-03,-7.398241E-01,2.685947E-03,-3.022860E-01,1.106488E-02,0.000000E+00,0.000000E+00,-4.701228E-03
2.633000E+00,-7.332885E-01,2.684217E-03,-3.028544E-01,-2.291286E-03,-7.401269E-01,2.677656E-03,-3.028380E-01,-8.290930E-03,0.000000E+00,0.000000E+00,-5.496966E-02
2.634000E+00,-7.335915E-01,2.676768E-03,-3.029269E-01,-7.448937E-03,-7.404298E-01,2.662935E-03,-3.029156E-01,-1.472100E-02,0.000000E+00,0.000000E+00,-1.158992E-01
2.635000E+00,-7.338883E-01,2.675591E-03,-2.968543E-01,-1.176953E-03,-7.407267E-01,2.667633E-03,-2.969005E-01,4.697801E-03,0.000000E+00,0.000000E+00,-6.667680E-02
2.636000E+00,-7.341781E-01,2.672257E-03,-2.897341E-01,-3.333673E-03,-7.410165E-01,2.687488E-03,-2.898067E-01,1.985501E-02,0.000000E+00,0.000000E+00,1.276086E-01
2.637000E+00,-7.344627E-01,2.679339E-03,-2.846021E-01,7.081449E-03,-7.413012E-01,2.694734E-03,-2.846993E-01,7.246327E-03,0.000000E+00,0.000000E+00,1.289882E-01
2.638000E+00,-7.347471E-01,2.676232E-03,-2.844542E-01,-3.106913E-03,-7.415858E-01,2.687986E-03,-2.845566E-01,-6.748399E-03,0.000000E+00,0.000000E+00,9.847733E-02
2.639000E+00,-7.350322E-01,2.671222E-03,-2.850421E-01,-5.010287E-03,-7.418710E-01,2.664658E-03,-2.851900E-01,-2.332756E-02,0.000000E+00,0.000000E+00,-5.498706E-02
2.640000E+00,-7.353231E-01,2.677734E-03,-2.909803E-01,6.512038E-03,-7.421620E-01,2.655034E-03,-2.910185E-01,-9.624060E-03,0.000000E+00,0.000000E+00,-1.901738E-01
2.641000E+00,-7.356209E-01,2.677444E-03,-2.977362E-01,-2.899991E-04,-7.424598E-01,2.667830E-03,-2.978321E-01,1.279612E-02,0.000000E+00,0.000000E+00,-8.053820E-02
2.642000E+00,-7.359226E-01,2.673653E-03,-3.017311E-01,-3.790195E-03,-7.427616E-01,2.685492E-03,-3.017724E-01,1.766161E-02,0.000000E+00,0.000000E+00,9.918108E-02
2.643000E+00,-7.362232E-01,2.675956E-03,-3.005700E-01,2.302483E-03,-7.430622E-01,2.684050E-03,-3.005875E-01,-1.441625E-03,0.000000E+00,0.000000E+00,6.781359E-02
2.644000E+00,-7.365221E-01,2.680628E-03,-2.989386E-01,4.671534E-03,-7.433611E-01,2.667941E-03,-2.988976E-01,-1.610976E-02,0.000000E+00,0.000000E+00,-1.062880E-01
2.645000E+00,-7.368192E-01,2.678751E-03,-2.971117E-01,-1.876836E-03,-7.436582E-01,2.661284E-03,-2.970697E-01,-6.657121E-03,0.000000E+00,0.000000E+00,-1.463371E-01
2.646000E+00,-7.371136E-01,2.669696E-03,-2.943325E-01,-9.054528E-03,-7.439525E-01,2.665075E-03,-2.943307E-01,3.791797E-03,0.000000E+00,0.000000E+00,-3.871242E-02
2.647000E+00,-7.374037E-01,2.670151E-03,-2.901533E-01,4.551496E-04,-7.442426E-01,2.678132E-03,-2.901500E-01,1.305676E-02,0.000000E+00,0.000000E+00,6.686240E-02
2.648000E+00,-7.376936E-01,2.673640E-03,-2.899240E-01,3.488566E-03,-7.445326E-01,2.680730E-03,-2.899111E-01,2.598288E-03,0.000000E+00,0.000000E+00,5.940387E-02
2.649000E+00,-7.379852E-01,2.677486E-03,-2.915195E-01,3.846001E-03,-7.448241E-01,2.669125E-03,-2.914974E-01,-1.160565E-02,0.000000E+00,0.000000E+00,-7.004869E-02
2.650000E+00,-7.382761E-01,2.677041E-03,-2.909328E-01,-4.447392E-04,-7.451150E-01,2.660447E-03,-2.908997E-01,-8.678115E-03,0.000000E+00,0.000000E+00,-1.390278E-01
2.651000E+00,-7.385682E-01,2.683614E-03,-2.920750E-01,6.573253E-03,-7.454070E-01,2.659497E-03,-2.920258E-01,-9.500331E-04,0.000000E+00,0.000000E+00,-2.020585E-01
2.652000E+00,-7.388608E-01,2.678879E-03,-2.925960E-01,-4.735533E-03,-7.456996E-01,2.662055E-03,-2.926055E-01,2.558884E-03,0.000000E+00,0.000000E+00,-1.409460E-01
2.653000E+00,-7.391560E-01,2.670700E-03,-2.952841E-01,-8.178760E-03,-7.459949E-01,2.673971E-03,-2.952851E-01,1.191564E-02,0.000000E+00,0.000000E+00,2.740494E-02
2.654000E+00,-7.394554E-01,2.673243E-03,-2.993727E-01,2.542696E-03,-7.462942E-01,2.687194E-03,-2.993465E-01,1.322297E-02,0.000000E+00,0.000000E+00,1.168847E-01
2.655000E+00,-7.397554E-01,2.684230E-03,-2.999678E-01,1.098702E-02,-7.465942E-01,2.679051E-03,-2.999842E-01,-8.142966E-03,0.000000E+00,0.000000E+00,-4.338698E-02
2.656000E+00,-7.400578E-01,2.686084E-03,-3.024200E-01,1.853794E-03,-7.468966E-01,2.667839E-03,-3.024447E-01,-1.121170E-02,0.000000E+00,0.000000E+00,-1.528492E-01
2.657000E+00,-7.403674E-01,2.687495E-03,-3.095522E-01,1.411412E-03,-7.472062E-01,2.677046E-03,-3.095568E-01,9.206453E-03,0.000000E+00,0.000000E+00,-8.754256E-02
2.658000E+00,-7.406779E-01,2.688757E-03,-3.105772E-01,1.262008E-03,-7.475167E-01,2.674897E-03,-3.105385E-01,-2.149144E-03,0.000000E+00,0.000000E+00,-1.161217E-01
2.659000E+00,-7.409876E-01,2.676736E-03,-3.096845E-01,-1.202129E-02,-7.478264E-01,2.666202E-03,-3.096618E-01,-8.694549E-03,0.000000E+00,0.000000E+00,-8.825055E-02
2.660000E+00,-7.412905E-01,2.664743E-03,-3.028952E-01,-1.199307E-02,-7.481293E-01,2.671809E-03,-3.028734E-01,5.607302E-03,0.000000E+00,0.000000E+00,5.920669E-02
2.661000E+00,-7.415797E-01,2.687314E-03,-2.892328E-01,2.257105E-02,-7.484185E-01,2.679448E-03,-2.892714E-01,7.638065E-03,0.000000E+00,0.000000E+00,-6.590281E-02
2.662000E+00,-7.418667E-01,2.701984E-03,-2.869040E-01,1.467005E-02,-7.487054E-01,2.680704E-03,-2.868825E-01,1.256148E-03,0.000000E+00,0.000000E+00,-1.782851E-01
2.663000E+00,-7.421534E-01,2.697999E-03,-2.867632E-01,-3.984610E-03,-7.489922E-01,2.678534E-03,-2.867409E-01,-2.169947E-03,0.000000E+00,0.000000E+00,-1.630824E-01
2.664000E+00,-7.424410E-01,2.684100E-03,-2.875390E-01,-1.389881E-02,-7.492797E-01,2.673492E-03,-2.875213E-01,-5.041867E-03,0.000000E+00,0.000000E+00,-8.887863E-02
2.665000E+00,-7.427345E-01,2.677126E-03,-2.935659E-01,-6.974008E-03,-7.495731E-01,2.682176E-03,-2.934194E-01,8.684298E-03,0.000000E+00,0.000000E+00,4.230940E-02
2.666000E+00,-7.430312E-01,2.668303E-03,-2.966892E-01,-8.823560E-03,-7.498697E-01,2.677930E-03,-2.966210E-01,-4.246472E-03,0.000000E+00,0.000000E+00,8.065837E-02
2.667000E+00,-7.433301E-01,2.666013E-03,-2.988957E-01,-2.290185E-03,-7.501686E-01,2.670689E-03,-2.988754E-01,-7.240471E-03,0.000000E+00,0.000000E+00,3.918313E-02
2.668000E+00,-7.436281E-01,2.671900E-03,-2.979568E-01,5.886994E-03,-7.504666E-01,2.669759E-03,-2.979505E-01,-9.302513E-04,0.000000E+00,0.000000E+00,-1.793455E-02
2.669000E+00,-7.439220E-01,2.679779E-03,-2.938980E-01,7.879817E-03,-7.507605E-01,2.671377E-03,-2.939304E-01,1.618186E-03,0.000000E+00,0.000000E+00,-7.039674E-02
2.670000E+00,-7.442123E-01,2.680621E-03,-2.903246E-01,8.415782E-04,-7.510508E-01,2.673994E-03,-2.902945E-01,2.617172E-03,0.000000E+00,0.000000E+00,-5.552041E-02
2.671000E+00,-7.445007E-01,2.670577E-03,-2.884512E-01,-1.004368E-02,-7.513392E-01,2.676819E-03,-2.884038E-01,2.824902E-03,0.000000E+00,0.000000E+00,5.229825E-02
2.672000E+00,-7.447861E-01,2.667674E-03,-2.853539E-01,-2.903663E-03,-7.516245E-01,2.676537E-03,-2.853398E-01,-2.820748E-04,0.000000E+00,0.000000E+00,7.426329E-02
2.673000E+00,-7.450701E-01,2.670492E-03,-2.839766E-01,2.818052E-03,-7.519085E-01,2.669525E-03,-2.839838E-01,-7.011804E-03,0.000000E+00,0.000000E+00,-8.096010E-03
2.674000E+00,-7.453539E-01,2.676059E-03,-2.838425E-01,5.567103E-03,-7.521923E-01,2.667018E-03,-2.838398E-01,-2.507493E-03,0.000000E+00,0.000000E+00,-7.574885E-02
2.675000E+00,-7.456382E-01,2.675043E-03,-2.843247E-01,-1.016159E-03,-7.524767E-01,2.667685E-03,-2.843350E-01,6.675683E-04,0.000000E+00,0.000000E+00,-6.164169E-02
2.676000E+00,-7.459241E-01,2.674170E-03,-2.858978E-01,-8.728590E-04,-7.527626E-01,2.671359E-03,-2.859092E-01,3.673595E-03,0.000000E+00,0.000000E+00,-2.354934E-02
2.677000E+00,-7.462123E-01,2.676494E-03,-2.881428E-01,2.324186E-03,-7.530507E-01,2.676246E-03,-2.881375E-01,4.887119E-03,0.000000E+00,0.000000E+00,-2.075911E-03
2.678000E+00,-7.465010E-01,2.670704E-03,-2.886827E-01,-5.790267E-03,-7.533394E-01,2.672118E-03,-2.886797E-01,-4.128074E-03,0.000000E+00,0.000000E+00,1.185072E-02
2.679000E+00,-7.467949E-01,2.672532E-03,-2.939073E-01,1.828790E-03,-7.536333E-01,2.675266E-03,-2.938518E-01,3.147584E-03,0.000000E+00,0.000000E+00,2.290038E-02
2.680000E+00,-7.470925E-01,2.679070E-03,-2.976376E-01,6.537783E-03,-7.539309E-01,2.673302E-03,-2.976844E-01,-1.964181E-03,0.000000E+00,0.000000E+00,-4.833329E-02
2.681000E+00,-7.473946E-01,2.686348E-03,-3.021420E-01,7.277699E-03,-7.542331E-01,2.681122E-03,-3.021459E-01,7.820411E-03,0.000000E+00,0.000000E+00,-4.378617E-02
2.682000E+00,-7.476980E-01,2.694222E-03,-3.034032E-01,7.874432E-03,-7.545365E-01,2.677643E-03,-3.033605E-01,-3.478628E-03,0.000000E+00,0.000000E+00,-1.389081E-01
2.683000E+00,-7.480030E-01,2.690795E-03,-3.049662E-01,-3.427850E-03,-7.548415E-01,2.670321E-03,-3.050056E-01,-7.321915E-03,0.000000E+00,0.000000E+00,-1.715334E-01
2.684000E+00,-7.483095E-01,2.684224E-03,-3.064904E-01,-6.570330E-03,-7.551480E-01,2.675259E-03,-3.065552E-01,4.937313E-03,0.000000E+00,0.000000E+00,-7.511660E-02
2.685000E+00,-7.486153E-01,2.665585E-03,-3.057632E-01,-1.863912E-02,-7.554538E-01,2.675010E-03,-3.057796E-01,-2.483054E-04,0.000000E+00,0.000000E+00,7.896870E-02
2.686000E+00,-7.489108E-01,2.670908E-03,-2.955065E-01,5.323361E-03,-7.557494E-01,2.670534E-03,-2.955567E-01,-4.476019E-03,0.000000E+00,0.000000E+00,-3.134151E-03
2.687000E+00,-7.491962E-01,2.686431E-03,-2.854614E-01,1.552280E-02,-7.560349E-01,2.678242E-03,-2.855157E-01,7.707367E-03,0.000000E+00,0.000000E+00,-6.861372E-02
2.688000E+00,-7.494809E-01,2.691013E-03,-2.846524E-01,4.581733E-03,-7.563196E-01,2.681401E-03,-2.847161E-01,3.158954E-03,0.000000E+00,0.000000E+00,-8.053335E-02
2.689000E+00,-7.497656E-01,2.683674E-03,-2.846789E-01,-7.339268E-03,-7.566043E-01,2.675625E-03,-2.847438E-01,-5.775808E-03,0.000000E+00,0.000000E+00,-6.743380E-02
2.690000E+00,-7.500515E-01,2.669120E-03,-2.858998E-01,-1.455398E-02,-7.568903E-01,2.667557E-03,-2.859539E-01,-8.067550E-03,0.000000E+00,0.000000E+00,-1.308982E-02
2.691000E+00,-7.503407E-01,2.669428E-03,-2.892275E-01,3.084282E-04,-7.571795E-01,2.665624E-03,-2.892506E-01,-1.933007E-03,0.000000E+00,0.000000E+00,-3.186851E-02
2.692000E+00,-7.506315E-01,2.678551E-03,-2.908014E-01,9.123200E-03,-7.574703E-01,2.668932E-03,-2.908137E-01,3.307190E-03,0.000000E+00,0.000000E+00,-8.059484E-02
2.693000E+00,-7.509217E-01,2.680601E-03,-2.901681E-01,2.049586E-03,-7.577605E-01,2.675882E-03,-2.901915E-01,6.950495E-03,0.000000E+00,0.000000E+00,-3.953502E-02
2.694000E+00,-7.512114E-01,2.671621E-03,-2.897277E-01,-8.979785E-03,-7.580503E-01,2.676210E-03,-2.897386E-01,3.276697E-04,0.000000E+00,0.000000E+00,3.844234E-02
2.695000E+00,-7.514987E-01,2.669932E-03,-2.873308E-01,-1.689503E-03,-7.583376E-01,2.672755E-03,-2.873470E-01,-3.454983E-03,0.000000E+00,0.000000E+00,2.365120E-02
2.696000E+00,-7.517825E-01,2.674879E-03,-2.838178E-01,4.947295E-03,-7.586214E-01,2.673997E-03,-2.838209E-01,1.242756E-03,0.000000E+00,0.000000E+00,-7.385136E-03
2.697000E+00,-7.520642E-01,2.676345E-03,-2.816137E-01,1.466335E-03,-7.589031E-01,2.676211E-03,-2.816272E-01,2.213610E-03,0.000000E+00,0.000000E+00,-1.124519E-03
2.698000E+00,-7.523451E-01,2.671077E-03,-2.809139E-01,-5.267889E-03,-7.591840E-01,2.671616E-03,-2.809215E-01,-4.594931E-03,0.000000E+00,0.000000E+00,4.513447E-03
2.699000E+00,-7.526240E-01,2.673632E-03,-2.789555E-01,2.554160E-03,-7.594630E-01,2.669852E-03,-2.789729E-01,-1.763634E-03,0.000000E+00,0.000000E+00,-3.166048E-02
2.700000E+00,-7.529027E-01,2.675699E-03,-2.787290E-01,2.067846E-03,-7.597417E-01,2.668523E-03,-2.787317E-01,-1.329966E-03,0.000000E+00,0.000000E+00,-6.012687E-02
2.701000E+00,-7.531822E-01,2.674347E-03,-2.794536E-01,-1.351995E-03,-7.600211E-01,2.670019E-03,-2.794542E-01,1.496652E-03,0.000000E+00,0.000000E+00,-3.626130E-02
2.702000E+00,-7.534633E-01,2.675621E-03,-2.811408E-01,1.273187E-03,-7.603023E-01,2.675820E-03,-2.811371E-01,5.801298E-03,0.000000E+00,0.000000E+00,1.674610E-03
2.703000E+00,-7.537456E-01,2.671689E-03,-2.822220E-01,-3.931882E-03,-7.605845E-01,2.673178E-03,-2.822289E-01,-2.642440E-03,0.000000E+00,0.000000E+00,1.247738E-02
2.704000E+00,-7.540321E-01,2.677368E-03,-2.865439E-01,5.679625E-03,-7.608710E-01,2.676400E-03,-2.865190E-01,3.222339E-03,0.000000E+00,0.000000E+00,-8.109454E-03
2.705000E+00,-7.543213E-01,2.677736E-03,-2.891873E-01,3.677582E-04,-7.611603E-01,2.676574E-03,-2.892233E-01,1.736090E-04,0.000000E+00,0.000000E+00,-9.735964E-03
2.706000E+00,-7.546133E-01,2.680072E-03,-2.920015E-01,2.336269E-03,-7.614522E-01,2.676699E-03,-2.919867E-01,1.249913E-04,0.000000E+00,0.000000E+00,-2.826178E-02
2.707000E+00,-7.549098E-01,2.676522E-03,-2.964729E-01,-3.550387E-03,-7.617488E-01,2.675207E-03,-2.965399E-01,-1.491991E-03,0.000000E+00,0.000000E+00,-1.101670E-02
2.708000E+00,-7.552121E-01,2.677014E-03,-3.022917E-01,4.917964E-04,-7.620511E-01,2.682748E-03,-3.022848E-01,7.541048E-03,0.000000E+00,0.000000E+00,4.804045E-02
2.709000E+00,-7.555146E-01,2.678966E-03,-3.025084E-01,1.952442E-03,-7.623536E-01,2.670106E-03,-3.024924E-01,-1.264231E-02,0.000000E+00,0.000000E+00,-7.423147E-02
2.710000E+00,-7.558153E-01,2.671095E-03,-3.007239E-01,-7.871331E-03,-7.626543E-01,2.662293E-03,-3.007013E-01,-7.812387E-03,0.000000E+00,0.000000E+00,-7.373790E-02
2.711000E+00,-7.561045E-01,2.678629E-03,-2.891826E-01,7.533887E-03,-7.629435E-01,2.668796E-03,-2.891958E-01,6.503099E-03,0.000000E+00,0.000000E+00,-8.237350E-02
2.712000E+00,-7.563876E-01,2.677172E-03,-2.830905E-01,-1.456576E-03,-7.632266E-01,2.690357E-03,-2.831142E-01,2.156028E-02,0.000000E+00,0.000000E+00,1.104571E-01
2.713000E+00,-7.566698E-01,2.669616E-03,-2.822007E-01,-7.555815E-03,-7.635087E-01,2.698992E-03,-2.821552E-01,8.635038E-03,0.000000E+00,0.000000E+00,2.461010E-01
2.714000E+00,-7.569522E-01,2.671156E-03,-2.824326E-01,1.539370E-03,-7.637912E-01,2.695719E-03,-2.824600E-01,-3.272553E-03,0.000000E+00,0.000000E+00,2.057873E-01
2.715000E+00,-7.572370E-01,2.680721E-03,-2.847989E-01,9.565696E-03,-7.640760E-01,2.684010E-03,-2.848198E-01,-1.170939E-02,0.000000E+00,0.000000E+00,2.754928E-02
2.716000E+00,-7.575228E-01,2.688370E-03,-2.857563E-01,7.648846E-03,-7.643617E-01,2.666731E-03,-2.856885E-01,-1.727923E-02,0.000000E+00,0.000000E+00,-1.812941E-01
2.717000E+00,-7.578122E-01,2.687348E-03,-2.894465E-01,-1.021909E-03,-7.646511E-01,2.666770E-03,-2.894198E-01,3.949910E-05,0.000000E+00,0.000000E+00,-1.724025E-01
2.718000E+00,-7.581013E-01,2.681111E-03,-2.891343E-01,-6.237227E-03,-7.649402E-01,2.670026E-03,-2.891065E-01,3.255460E-03,0.000000E+00,0.000000E+00,-9.287448E-02
2.719000E+00,-7.583876E-01,2.674163E-03,-2.862803E-01,-6.948372E-03,-7.652264E-01,2.672430E-03,-2.861874E-01,2.404631E-03,0.000000E+00,0.000000E+00,-1.451583E-02
2.720000E+00,-7.586682E-01,2.677759E-03,-2.806187E-01,3.595871E-03,-7.655069E-01,2.670913E-03,-2.804968E-01,-1.517507E-03,0.000000E+00,0.000000E+00,-5.735701E-02
2.721000E+00,-7.589466E-01,2.678728E-03,-2.783870E-01,9.698506E-04,-7.657852E-01,2.673889E-03,-2.783064E-01,2.976384E-03,0.000000E+00,0.000000E+00,-4.054635E-02
2.722000E+00,-7.592232E-01,2.674726E-03,-2.765455E-01,-4.002364E-03,-7.660617E-01,2.678322E-03,-2.764920E-01,4.432551E-03,0.000000E+00,0.000000E+00,3.012416E-02
2.723000E+00,-7.594991E-01,2.671795E-03,-2.759218E-01,-2.931187E-03,-7.663376E-01,2.678171E-03,-2.758513E-01,-1.509731E-04,0.000000E+00,0.000000E+00,5.341835E-02
2.724000E+00,-7.597759E-01,2.676984E-03,-2.768518E-01,5.188578E-03,-7.666144E-01,2.673209E-03,-2.767973E-01,-4.961839E-03,0.000000E+00,0.000000E+00,-3.162671E-02
2.725000E+00,-7.600531E-01,2.682730E-03,-2.771310E-01,5.746327E-03,-7.668914E-01,2.670771E-03,-2.770932E-01,-2.437339E-03,0.000000E+00,0.000000E+00,-1.001942E-01
2.726000E+00,-7.603298E-01,2.682080E-03,-2.767458E-01,-6.500998E-04,-7.671682E-01,2.672621E-03,-2.767344E-01,1.849963E-03,0.000000E+00,0.000000E+00,-7.924743E-02
2.727000E+00,-7.606069E-01,2.672814E-03,-2.770973E-01,-9.266168E-03,-7.674453E-01,2.677288E-03,-2.770964E-01,4.666513E-03,0.000000E+00,0.000000E+00,3.748864E-02
2.728000E+00,-7.608864E-01,2.673577E-03,-2.794420E-01,7.633120E-04,-7.677247E-01,2.671959E-03,-2.794473E-01,-5.328939E-03,0.000000E+00,0.000000E+00,-1.355579E-02
2.729000E+00,-7.611710E-01,2.681227E-03,-2.845917E-01,7.649778E-03,-7.680093E-01,2.674604E-03,-2.845468E-01,2.644735E-03,0.000000E+00,0.000000E+00,-5.549127E-02
2.730000E+00,-7.614587E-01,2.679380E-03,-2.877703E-01,-1.846834E-03,-7.682970E-01,2.680241E-03,-2.877655E-01,5.637165E-03,0.000000E+00,0.000000E+00,7.214401E-03
2.731000E+00,-7.617480E-01,2.676935E-03,-2.892565E-01,-2.445090E-03,-7.685863E-01,2.676416E-03,-2.892133E-01,-3.824438E-03,0.000000E+00,0.000000E+00,-4.342686E-03
2.732000E+00,-7.620407E-01,2.673357E-03,-2.927035E-01,-3.577753E-03,-7.688790E-01,2.664436E-03,-2.927373E-01,-1.198092E-02,0.000000E+00,0.000000E+00,-7.474982E-02
2.733000E+00,-7.623402E-01,2.677721E-03,-2.994870E-01,4.363517E-03,-7.691784E-01,2.671992E-03,-2.994555E-01,7.556420E-03,0.000000E+00,0.000000E+00,-4.799785E-02
2.734000E+00,-7.626395E-01,2.670775E-03,-2.992932E-01,-6.945698E-03,-7.694777E-01,2.676873E-03,-2.992424E-01,4.880730E-03,0.000000E+00,0.000000E+00,5.109246E-02
2.735000E+00,-7.629332E-01,2.673350E-03,-2.937075E-01,2.575305E-03,-7.697714E-01,2.675949E-03,-2.937144E-01,-9.232941E-04,0.000000E+00,0.000000E+00,2.177856E-02
2.736000E+00,-7.632211E-01,2.682660E-03,-2.879434E-01,9.309985E-03,-7.700594E-01,2.671212E-03,-2.879649E-01,-4.737550E-03,0.000000E+00,0.000000E+00,-9.592173E-02
2.737000E+00,-7.635060E-01,2.674842E-03,-2.848405E-01,-7.817694E-03,-7.703442E-01,2.677309E-03,-2.848609E-01,6.097183E-03,0.000000E+00,0.000000E+00,2.066692E-02
2.738000E+00,-7.637873E-01,2.673596E-03,-2.813118E-01,-1.246033E-03,-7.706255E-01,2.678658E-03,-2.813150E-01,1.348788E-03,0.000000E+00,0.000000E+00,4.240810E-02
2.739000E+00,-7.640679E-01,2.674760E-03,-2.806066E-01,1.163425E-03,-7.709062E-01,2.670787E-03,-2.806217E-01,-7.870952E-03,0.000000E+00,0.000000E+00,-3.328803E-02
2.740000E+00,-7.643502E-01,2.674098E-03,-2.823035E-01,-6.621242E-04,-7.711885E-01,2.669790E-03,-2.823082E-01,-9.968424E-04,0.000000E+00,0.000000E+00,-3.609250E-02
2.741000E+00,-7.646334E-01,2.678536E-03,-2.832547E-01,4.437926E-03,-7.714717E-01,2.673033E-03,-2.832579E-01,3.242495E-03,0.000000E+00,0.000000E+00,-4.610859E-02
2.742000E+00,-7.649161E-01,2.675896E-03,-2.826822E-01,-2.639111E-03,-7.717544E-01,2.673498E-03,-2.826825E-01,4.654909E-04,0.000000E+00,0.000000E+00,-2.009620E-02
2.743000E+00,-7.651974E-01,2.667863E-03,-2.813140E-01,-8.033664E-03,-7.720357E-01,2.671006E-03,-2.813083E-01,-2.491885E-03,0.000000E+00,0.000000E+00,2.633649E-02
2.744000E+00,-7.654755E-01,2.671032E-03,-2.780436E-01,3.169386E-03,-7.723138E-01,2.667423E-03,-2.780564E-01,-3.582623E-03,0.000000E+00,0.000000E+00,-3.023627E-02
2.745000E+00,-7.657505E-01,2.674618E-03,-2.749991E-01,3.585524E-03,-7.725888E-01,2.670727E-03,-2.750254E-01,3.303843E-03,0.000000E+00,0.000000E+00,-3.259626E-02
2.746000E+00,-7.660228E-01,2.678776E-03,-2.723269E-01,4.157803E-03,-7.728611E-01,2.675704E-03,-2.723347E-01,4.976645E-03,0.000000E+00,0.000000E+00,-2.573547E-02
2.747000E+00,-7.662945E-01,2.673325E-03,-2.717010E-01,-5.450995E-03,-7.731328E-01,2.675908E-03,-2.716994E-01,2.044529E-04,0.000000E+00,0.000000E+00,2.164931E-02
2.748000E+00,-7.665647E-01,2.672502E-03,-2.702233E-01,-8.229857E-04,-7.734031E-01,2.670448E-03,-2.702268E-01,-5.460037E-03,0.000000E+00,0.000000E+00,-1.720272E-02
2.749000E+00,-7.668341E-01,2.673392E-03,-2.693648E-01,8.901673E-04,-7.736724E-01,2.669926E-03,-2.693682E-01,-5.226256E-04,0.000000E+00,0.000000E+00,-2.903994E-02
2.750000E+00,-7.671034E-01,2.675407E-03,-2.693492E-01,2.015491E-03,-7.739418E-01,2.672249E-03,-2.693538E-01,2.323102E-03,0.000000E+00,0.000000E+00,-2.646257E-02
2.751000E+00,-7.673735E-01,2.678800E-03,-2.701058E-01,3.392784E-03,-7.742119E-01,2.677826E-03,-2.701101E-01,5.577254E-03,0.000000E+00,0.000000E+00,-8.159774E-03
2.752000E+00,-7.676440E-01,2.673607E-03,-2.704203E-01,-5.193138E-03,-7.744824E-01,2.670704E-03,-2.704574E-01,-7.121903E-03,0.000000E+00,0.000000E+00,-2.431997E-02
2.753000E+00,-7.679181E-01,2.673043E-03,-2.741536E-01,-5.635656E-04,-7.747565E-01,2.666460E-03,-2.741322E-01,-4.244140E-03,0.000000E+00,0.000000E+00,-5.515799E-02
2.754000E+00,-7.681980E-01,2.676914E-03,-2.798910E-01,3.870666E-03,-7.750363E-01,2.675568E-03,-2.798503E-01,9.107867E-03,0.000000E+00,0.000000E+00,-1.127781E-02
2.755000E+00,-7.684799E-01,2.675141E-03,-2.818785E-01,-1.772984E-03,-7.753182E-01,2.677378E-03,-2.818809E-01,1.809570E-03,0.000000E+00,0.000000E+00,1.873905E-02
2.756000E+00,-7.687660E-01,2.685549E-03,-2.861107E-01,1.040777E-02,-7.756042E-01,2.675023E-03,-2.860056E-01,-2.354749E-03,0.000000E+00,0.000000E+00,-8.819455E-02
2.757000E+00,-7.690545E-01,2.682965E-03,-2.885459E-01,-2.583836E-03,-7.758928E-01,2.667087E-03,-2.885643E-01,-7.935302E-03,0.000000E+00,0.000000E+00,-1.330326E-01
2.758000E+00,-7.693472E-01,2.676672E-03,-2.926913E-01,-6.292845E-03,-7.761856E-01,2.669228E-03,-2.928010E-01,2.140899E-03,0.000000E+00,0.000000E+00,-6.236780E-02
2.759000E+00,-7.696407E-01,2.677737E-03,-2.934457E-01,1.065320E-03,-7.764791E-01,2.674219E-03,-2.935292E-01,4.990276E-03,0.000000E+00,0.000000E+00,-2.948186E-02
2.760000E+00,-7.699313E-01,2.677026E-03,-2.906190E-01,-7.111921E-04,-7.767698E-01,2.678070E-03,-2.907046E-01,3.851426E-03,0.000000E+00,0.000000E+00,8.745865E-03
2.761000E+00,-7.702171E-01,2.676917E-03,-2.857740E-01,-1.091962E-04,-7.770556E-01,2.672684E-03,-2.857768E-01,-5.385778E-03,0.000000E+00,0.000000E+00,-3.546334E-02
2.762000E+00,-7.704962E-01,2.673656E-03,-2.791152E-01,-3.261394E-03,-7.773347E-01,2.679429E-03,-2.791480E-01,6.745158E-03,0.000000E+00,0.000000E+00,4.837510E-02
2.763000E+00,-7.707728E-01,2.673683E-03,-2.766273E-01,2.758108E-05,-7.776114E-01,2.679875E-03,-2.766552E-01,4.458906E-04,0.000000E+00,0.000000E+00,5.187963E-02
2.764000E+00,-7.710496E-01,2.673605E-03,-2.767432E-01,-7.805842E-05,-7.778882E-01,2.671229E-03,-2.767674E-01,-8.646613E-03,0.000000E+00,0.000000E+00,-1.991026E-02
2.765000E+00,-7.713289E-01,2.674270E-03,-2.793311E-01,6.645827E-04,-7.781675E-01,2.668896E-03,-2.793345E-01,-2.333009E-03,0.000000E+00,0.000000E+00,-4.502487E-02
2.766000E+00,-7.716116E-01,2.677653E-03,-2.826679E-01,3.383320E-03,-7.784501E-01,2.677515E-03,-2.826406E-01,8.619371E-03,0.000000E+00,0.000000E+00,-1.155828E-03
2.767000E+00,-7.718944E-01,2.671992E-03,-2.828517E-01,-5.660798E-03,-7.787330E-01,2.677560E-03,-2.828344E-01,4.538815E-05,0.000000E+00,0.000000E+00,4.665245E-02
2.768000E+00,-7.721758E-01,2.672006E-03,-2.813956E-01,1.329270E-05,-7.790144E-01,2.668646E-03,-2.813913E-01,-8.914965E-03,0.000000E+00,0.000000E+00,-2.815142E-02
2.769000E+00,-7.724536E-01,2.677049E-03,-2.778085E-01,5.043861E-03,-7.792922E-01,2.668916E-03,-2.778079E-01,2.703269E-04,0.000000E+00,0.000000E+00,-6.814564E-02
2.770000E+00,-7.727292E-01,2.672813E-03,-2.756351E-01,-4.236724E-03,-7.795678E-01,2.674159E-03,-2.756316E-01,5.242865E-03,0.000000E+00,0.000000E+00,1.127747E-02
2.771000E+00,-7.730002E-01,2.675867E-03,-2.709445E-01,3.054190E-03,-7.798388E-01,2.678398E-03,-2.709734E-01,4.239000E-03,0.000000E+00,0.000000E+00,2.120412E-02
2.772000E+00,-7.732700E-01,2.673109E-03,-2.698348E-01,-2.758130E-03,-7.801086E-01,2.670490E-03,-2.698267E-01,-7.907234E-03,0.000000E+00,0.000000E+00,-2.193665E-02
2.773000E+00,-7.735383E-01,2.668673E-03,-2.683156E-01,-4.435769E-03,-7.803769E-01,2.667886E-03,-2.683116E-01,-2.604770E-03,0.000000E+00,0.000000E+00,-6.595973E-03
2.774000E+00,-7.738059E-01,2.669880E-03,-2.675761E-01,1.207424E-03,-7.806445E-01,2.669988E-03,-2.675824E-01,2.102029E-03,0.000000E+00,0.000000E+00,8.993112E-04
2.775000E+00,-7.740740E-01,2.677377E-03,-2.681269E-01,7.496278E-03,-7.809126E-01,2.671434E-03,-2.681295E-01,1.445965E-03,0.000000E+00,0.000000E+00,-4.979205E-02
2.776000E+00,-7.743429E-01,2.677430E-03,-2.688864E-01,5.368762E-05,-7.811815E-01,2.674075E-03,-2.688943E-01,2.641192E-03,0.000000E+00,0.000000E+00,-2.811312E-02
2.777000E+00,-7.746132E-01,2.673979E-03,-2.702658E-01,-3.451294E-03,-7.814518E-01,2.675249E-03,-2.702768E-01,1.173832E-03,0.000000E+00,0.000000E+00,1.063752E-02
2.778000E+00,-7.748856E-01,2.676134E-03,-2.724542E-01,2.155026E-03,-7.817242E-01,2.672154E-03,-2.724454E-01,-3.094972E-03,0.000000E+00,0.000000E+00,-3.334848E-02
2.779000E+00,-7.751626E-01,2.674265E-03,-2.769056E-01,-1.868906E-03,-7.820012E-01,2.676890E-03,-2.769070E-01,4.736557E-03,0.000000E+00,0.000000E+00,2.199402E-02
2.780000E+00,-7.754427E-01,2.683898E-03,-2.801935E-01,9.633090E-03,-7.822813E-01,2.669956E-03,-2.801838E-01,-6.934722E-03,0.000000E+00,0.000000E+00,-1.168159E-01
2.781000E+00,-7.757283E-01,2.687252E-03,-2.855283E-01,3.353828E-03,-7.825668E-01,2.675391E-03,-2.855048E-01,5.435847E-03,0.000000E+00,0.000000E+00,-9.937255E-02
2.782000E+00,-7.760185E-01,2.689687E-03,-2.902531E-01,2.434917E-03,-7.828570E-01,2.686708E-03,-2.901868E-01,1.131634E-02,0.000000E+00,0.000000E+00,-2.496138E-02
2.783000E+00,-7.763088E-01,2.686097E-03,-2.902431E-01,-3.589991E-03,-7.831472E-01,2.681255E-03,-2.902101E-01,-5.453242E-03,0.000000E+00,0.000000E+00,-4.057266E-02
2.784000E+00,-7.765982E-01,2.677746E-03,-2.894545E-01,-8.351313E-03,-7.834367E-01,2.667747E-03,-2.894347E-01,-1.350741E-02,0.000000E+00,0.000000E+00,-8.377299E-02
2.785000E+00,-7.768819E-01,2.671140E-03,-2.836943E-01,-6.605743E-03,-7.837204E-01,2.674485E-03,-2.837211E-01,6.737617E-03,0.000000E+00,0.000000E+00,2.802387E-02
2.786000E+00,-7.771537E-01,2.681717E-03,-2.718191E-01,1.057742E-02,-7.839922E-01,2.690255E-03,-2.718402E-01,1.577011E-02,0.000000E+00,0.000000E+00,7.153023E-02
2.787000E+00,-7.774255E-01,2.677379E-03,-2.717974E-01,-4.338463E-03,-7.842640E-01,2.701284E-03,-2.717951E-01,1.102967E-02,0.000000E+00,0.000000E+00,2.002901E-01
2.788000E+00,-7.776970E-01,2.664197E-03,-2.714386E-01,-1.318217E-02,-7.845354E-01,2.710364E-03,-2.713680E-01,9.079568E-03,0.000000E+00,0.000000E+00,3.868073E-01
2.789000E+00,-7.779706E-01,2.669735E-03,-2.736549E-01,5.537764E-03,-7.848092E-01,2.706751E-03,-2.737598E-01,-3.612792E-03,0.000000E+00,0.000000E+00,3.101374E-01
2.790000E+00,-7.782487E-01,2.695387E-03,-2.780654E-01,2.565244E-02,-7.850874E-01,2.683381E-03,-2.782334E-01,-2.337045E-02,0.000000E+00,0.000000E+00,-1.005893E-01
2.791000E+00,-7.785286E-01,2.717365E-03,-2.799272E-01,2.197795E-02,-7.853671E-01,2.653433E-03,-2.797218E-01,-2.994805E-02,0.000000E+00,0.000000E+00,-5.356350E-01
2.792000E+00,-7.788121E-01,2.732611E-03,-2.834560E-01,1.524604E-02,-7.856504E-01,2.645182E-03,-2.832376E-01,-8.250795E-03,0.000000E+00,0.000000E+00,-7.325005E-01
2.793000E+00,-7.790919E-01,2.737825E-03,-2.798105E-01,5.214330E-03,-7.859302E-01,2.647520E-03,-2.798085E-01,2.338048E-03,0.000000E+00,0.000000E+00,-7.565961E-01
2.794000E+00,-7.793660E-01,2.729002E-03,-2.741154E-01,-8.823558E-03,-7.862046E-01,2.668027E-03,-2.744716E-01,2.050695E-02,0.000000E+00,0.000000E+00,-5.108486E-01
2.795000E+00,-7.796359E-01,2.704343E-03,-2.699434E-01,-2.465857E-02,-7.864749E-01,2.703406E-03,-2.702446E-01,3.537871E-02,0.000000E+00,0.000000E+00,-7.853972E-03
2.796000E+00,-7.799063E-01,2.665548E-03,-2.703566E-01,-3.879538E-02,-7.867449E-01,2.733505E-03,-2.700492E-01,3.009921E-02,0.000000E+00,0.000000E+00,5.693441E-01
2.797000E+00,-7.801768E-01,2.648019E-03,-2.705371E-01,-1.752830E-02,-7.870150E-01,2.752508E-03,-2.700908E-01,1.900265E-02,0.000000E+00,0.000000E+00,8.754179E-01
2.798000E+00,-7.804511E-01,2.652594E-03,-2.742828E-01,4.574605E-03,-7.872893E-01,2.757524E-03,-2.742852E-01,5.016359E-03,0.000000E+00,0.000000E+00,8.791181E-01
2.799000E+00,-7.807307E-01,2.682094E-03,-2.795582E-01,2.949968E-02,-7.875694E-01,2.745258E-03,-2.800780E-01,-1.226546E-02,0.000000E+00,0.000000E+00,5.291896E-01
2.800000E+00,-7.810118E-01,2.715116E-03,-2.810682E-01,3.302191E-02,-7.878507E-01,2.716303E-03,-2.813644E-01,-2.895507E-02,0.000000E+00,0.000000E+00,9.950341E-03
2.801000E+00,-7.812930E-01,2.746026E-03,-2.812875E-01,3.091018E-02,-7.881316E-01,2.669715E-03,-2.808645E-01,-4.658853E-02,0.000000E+00,0.000000E+00,-6.393322E-01
2.802000E+00,-7.815760E-01,2.765303E-03,-2.829862E-01,1.927735E-02,-7.884139E-01,2.643007E-03,-2.823094E-01,-2.670819E-02,0.000000E+00,0.000000E+00,-1.024633E+00
2.803000E+00,-7.818606E-01,2.776292E-03,-2.845611E-01,1.098842E-02,-7.886981E-01,2.634123E-03,-2.841668E-01,-8.883983E-03,0.000000E+00,0.000000E+00,-1.191153E+00
2.804000E+00,-7.821481E-01,2.777492E-03,-2.875451E-01,1.200300E-03,-7.889857E-01,2.639469E-03,-2.876278E-01,5.346791E-03,0.000000E+00,0.000000E+00,-1.156408E+00
2.805000E+00,-7.824411E-01,2.766985E-03,-2.929859E-01,-1.050687E-02,-7.892793E-01,2.660465E-03,-2.935476E-01,2.099594E-02,0.000000E+00,0.000000E+00,-8.924402E-01
2.806000E+00,-7.827394E-01,2.747134E-03,-2.982971E-01,-1.985073E-02,-7.895782E-01,2.692042E-03,-2.989044E-01,3.157682E-02,0.000000E+00,0.000000E+00,-4.615575E-01
2.807000E+00,-7.830377E-01,2.723120E-03,-2.982823E-01,-2.401463E-02,-7.898767E-01,2.708021E-03,-2.984900E-01,1.597851E-02,0.000000E+00,0.000000E+00,-1.264965E-01
2.808000E+00,-7.833359E-01,2.694721E-03,-2.981630E-01,-2.839866E-02,-7.901748E-01,2.708688E-03,-2.981710E-01,6.675513E-04,0.000000E+00,0.000000E+00,1.170154E-01
2.809000E+00,-7.836329E-01,2.668182E-03,-2.969902E-01,-2.653853E-02,-7.904718E-01,2.699068E-03,-2.969567E-01,-9.620621E-03,0.000000E+00,0.000000E+00,2.587507E-01
2.810000E+00,-7.839264E-01,2.659761E-03,-2.935324E-01,-8.421326E-03,-7.907654E-01,2.682822E-03,-2.936119E-01,-1.624529E-02,0.000000E+00,0.000000E+00,1.932012E-01
2.811000E+00,-7.842166E-01,2.659665E-03,-2.902607E-01,-9.611676E-05,-7.910557E-01,2.659829E-03,-2.903109E-01,-2.299345E-02,0.000000E+00,0.000000E+00,1.372902E-03
2.812000E+00,-7.845021E-01,2.662270E-03,-2.854935E-01,2.604815E-03,-7.913412E-01,2.655017E-03,-2.855012E-01,-4.812078E-03,0.000000E+00,0.000000E+00,-6.076370E-02
2.813000E+00,-7.847871E-01,2.668416E-03,-2.849755E-01,6.145991E-03,-7.916262E-01,2.656720E-03,-2.849859E-01,1.703367E-03,0.000000E+00,0.000000E+00,-9.798252E-02
2.814000E+00,-7.850727E-01,2.675474E-03,-2.856300E-01,7.057880E-03,-7.919118E-01,2.658823E-03,-2.856527E-01,2.102592E-03,0.000000E+00,0.000000E+00,-1.394958E-01
2.815000E+00,-7.853591E-01,2.678783E-03,-2.863665E-01,3.309399E-03,-7.921982E-01,2.661792E-03,-2.864007E-01,2.969213E-03,0.000000E+00,0.000000E+00,-1.423451E-01
2.816000E+00,-7.856455E-01,2.674126E-03,-2.863577E-01,-4.657599E-03,-7.924847E-01,2.665126E-03,-2.864113E-01,3.333804E-03,0.000000E+00,0.000000E+00,-7.539567E-02
2.817000E+00,-7.859299E-01,2.670707E-03,-2.844644E-01,-3.418053E-03,-7.927692E-01,2.673239E-03,-2.845258E-01,8.112879E-03,0.000000E+00,0.000000E+00,2.120526E-02
2.818000E+00,-7.862116E-01,2.673983E-03,-2.816463E-01,3.275228E-03,-7.930509E-01,2.678565E-03,-2.816949E-01,5.325988E-03,0.000000E+00,0.000000E+00,3.838522E-02
2.819000E+00,-7.864913E-01,2.677373E-03,-2.797351E-01,3.389877E-03,-7.933306E-01,2.672511E-03,-2.797636E-01,-6.053283E-03,0.000000E+00,0.000000E+00,-4.072405E-02
2.820000E+00,-7.867692E-01,2.674762E-03,-2.779165E-01,-2.610860E-03,-7.936086E-01,2.668358E-03,-2.779437E-01,-4.152971E-03,0.000000E+00,0.000000E+00,-5.364271E-02
2.821000E+00,-7.870447E-01,2.674510E-03,-2.754511E-01,-2.518223E-04,-7.938841E-01,2.670320E-03,-2.754937E-01,1.962040E-03,0.000000E+00,0.000000E+00,-3.509617E-02
2.822000E+00,-7.873191E-01,2.672865E-03,-2.744393E-01,-1.645317E-03,-7.941585E-01,2.674618E-03,-2.744635E-01,4.297885E-03,0.000000E+00,0.000000E+00,1.469183E-02
2.823000E+00,-7.875926E-01,2.673695E-03,-2.734484E-01,8.301869E-04,-7.944320E-01,2.676346E-03,-2.734607E-01,1.727631E-03,0.000000E+00,0.000000E+00,2.220993E-02
2.824000E+00,-7.878657E-01,2.675638E-03,-2.731674E-01,1.943364E-03,-7.947052E-01,2.668096E-03,-2.731773E-01,-8.250412E-03,0.000000E+00,0.000000E+00,-6.318594E-02
2.825000E+00,-7.881393E-01,2.676025E-03,-2.736032E-01,3.873677E-04,-7.949788E-01,2.666108E-03,-2.736057E-01,-1.987598E-03,0.000000E+00,0.000000E+00,-8.308158E-02
2.826000E+00,-7.884136E-01,2.673133E-03,-2.742942E-01,-2.892944E-03,-7.952531E-01,2.668030E-03,-2.743052E-01,1.922038E-03,0.000000E+00,0.000000E+00,-4.274523E-02
2.827000E+00,-7.886901E-01,2.672343E-03,-2.764460E-01,-7.897811E-04,-7.955295E-01,2.675879E-03,-2.764403E-01,7.848774E-03,0.000000E+00,0.000000E+00,2.962203E-02
2.828000E+00,-7.889682E-01,2.674578E-03,-2.781022E-01,2.234889E-03,-7.958076E-01,2.674447E-03,-2.781080E-01,-1.432096E-03,0.000000E+00,0.000000E+00,-1.097200E-03
2.829000E+00,-7.892494E-01,2.677427E-03,-2.812109E-01,2.848979E-03,-7.960888E-01,2.674633E-03,-2.812018E-01,1.862643E-04,0.000000E+00,0.000000E+00,-2.340343E-02
2.830000E+00,-7.895336E-01,2.677160E-03,-2.842165E-01,-2.669017E-04,-7.963731E-01,2.668434E-03,-2.842264E-01,-6.198820E-03,0.000000E+00,0.000000E+00,-7.309645E-02
2.831000E+00,-7.898251E-01,2.681020E-03,-2.914903E-01,3.860077E-03,-7.966645E-01,2.681979E-03,-2.914566E-01,1.354505E-02,0.000000E+00,0.000000E+00,8.036858E-03
2.832000E+00,-7.901185E-01,2.679630E-03,-2.934103E-01,-1.390305E-03,-7.969580E-01,2.681760E-03,-2.934367E-01,-2.192741E-04,0.000000E+00,0.000000E+00,1.784684E-02
2.833000E+00,-7.904132E-01,2.679910E-03,-2.946527E-01,2.803254E-04,-7.972526E-01,2.671457E-03,-2.946573E-01,-1.030319E-02,0.000000E+00,0.000000E+00,-7.081380E-02
2.834000E+00,-7.907104E-01,2.674292E-03,-2.972111E-01,-5.617543E-03,-7.975498E-01,2.671382E-03,-2.972248E-01,-7.471074E-05,0.000000E+00,0.000000E+00,-2.438014E-02
2.835000E+00,-7.910004E-01,2.675015E-03,-2.900247E-01,7.230834E-04,-7.978399E-01,2.678077E-03,-2.900316E-01,6.695125E-03,0.000000E+00,0.000000E+00,2.564896E-02
2.836000E+00,-7.912835E-01,2.689673E-03,-2.831047E-01,1.465786E-02,-7.981230E-01,2.677479E-03,-2.831023E-01,-5.984460E-04,0.000000E+00,0.000000E+00,-1.021563E-01
2.837000E+00,-7.915651E-01,2.691572E-03,-2.815922E-01,1.898973E-03,-7.984046E-01,2.679358E-03,-2.816220E-01,1.879019E-03,0.000000E+00,0.000000E+00,-1.023231E-01
2.838000E+00,-7.918450E-01,2.675436E-03,-2.799440E-01,-1.613670E-02,-7.986846E-01,2.685728E-03,-2.799689E-01,6.370660E-03,0.000000E+00,0.000000E+00,8.622475E-02
2.839000E+00,-7.921264E-01,2.659587E-03,-2.813702E-01,-1.584886E-02,-7.989659E-01,2.677270E-03,-2.813772E-01,-8.458819E-03,0.000000E+00,0.000000E+00,1.481319E-01
2.840000E+00,-7.924156E-01,2.674974E-03,-2.891879E-01,1.538736E-02,-7.992552E-01,2.663583E-03,-2.892132E-01,-1.368681E-02,0.000000E+00,0.000000E+00,-9.542592E-02
2.841000E+00,-7.927136E-01,2.702742E-03,-2.980440E-01,2.776791E-02,-7.995531E-01,2.672122E-03,-2.979716E-01,8.539515E-03,0.000000E+00,0.000000E+00,-2.565054E-01
2.842000E+00,-7.930124E-01,2.722665E-03,-2.988074E-01,1.992311E-02,-7.998519E-01,2.679206E-03,-2.987282E-01,7.083686E-03,0.000000E+00,0.000000E+00,-3.640649E-01
2.843000E+00,-7.933111E-01,2.729746E-03,-2.986216E-01,7.081247E-03,-8.001504E-01,2.675190E-03,-2.985094E-01,-4.016120E-03,0.000000E+00,0.000000E+00,-4.570335E-01
2.844000E+00,-7.936069E-01,2.731740E-03,-2.957917E-01,1.993898E-03,-8.004461E-01,2.676705E-03,-2.957800E-01,1.515182E-03,0.000000E+00,0.000000E+00,-4.610445E-01
2.845000E+00,-7.939019E-01,2.724216E-03,-2.950282E-01,-7.524170E-03,-8.007412E-01,2.673925E-03,-2.950667E-01,-2.779702E-03,0.000000E+00,0.000000E+00,-4.212979E-01
2.846000E+00,-7.941955E-01,2.699842E-03,-2.936138E-01,-2.437366E-02,-8.010350E-01,2.675428E-03,-2.937495E-01,1.502667E-03,0.000000E+00,0.000000E+00,-2.045242E-01
2.847000E+00,-7.944889E-01,2.664066E-03,-2.933659E-01,-3.577644E-02,-8.013284E-01,2.674406E-03,-2.933953E-01,-1.022301E-03,0.000000E+00,0.000000E+00,8.661815E-02
2.848000E+00,-7.947830E-01,2.650788E-03,-2.940970E-01,-1.327755E-02,-8.016224E-01,2.671390E-03,-2.940712E-01,-3.015526E-03,0.000000E+00,0.000000E+00,1.725854E-01
2.849000E+00,-7.950808E-01,2.654323E-03,-2.978321E-01,3.534372E-03,-8.019203E-01,2.670755E-03,-2.978393E-01,-6.346742E-04,0.000000E+00,0.000000E+00,1.376604E-01
2.850000E+00,-7.953830E-01,2.672838E-03,-3.021882E-01,1.851534E-02,-8.022225E-01,2.673343E-03,-3.022024E-01,2.587553E-03,0.000000E+00,0.000000E+00,4.230056E-03
2.851000E+00,-7.956885E-01,2.695959E-03,-3.055105E-01,2.312142E-02,-8.025279E-01,2.673338E-03,-3.054692E-01,-5.463873E-06,0.000000E+00,0.000000E+00,-1.895091E-01
2.852000E+00,-7.959945E-01,2.715546E-03,-3.060241E-01,1.958670E-02,-8.028338E-01,2.669815E-03,-3.058998E-01,-3.522330E-03,0.000000E+00,0.000000E+00,-3.831013E-01
2.853000E+00,-7.963014E-01,2.732354E-03,-3.068935E-01,1.680737E-02,-8.031406E-01,2.671354E-03,-3.067630E-01,1.538991E-03,0.000000E+00,0.000000E+00,-5.110127E-01
2.854000E+00,-7.966102E-01,2.738168E-03,-3.087648E-01,5.814233E-03,-8.034494E-01,2.675797E-03,-3.087539E-01,4.442974E-03,0.000000E+00,0.000000E+00,-5.225004E-01
2.855000E+00,-7.969213E-01,2.730926E-03,-3.111341E-01,-7.242008E-03,-8.037606E-01,2.678542E-03,-3.112530E-01,2.744574E-03,0.000000E+00,0.000000E+00,-4.388353E-01
2.856000E+00,-7.972344E-01,2.720583E-03,-3.130505E-01,-1.034323E-02,-8.040737E-01,2.674550E-03,-3.131272E-01,-3.991685E-03,0.000000E+00,0.000000E+00,-3.856240E-01
2.857000E+00,-7.975523E-01,2.715316E-03,-3.179000E-01,-5.266851E-03,-8.043916E-01,2.675055E-03,-3.179120E-01,5.048290E-04,0.000000E+00,0.000000E+00,-3.372740E-01
2.858000E+00,-7.978727E-01,2.707155E-03,-3.204133E-01,-8.160795E-03,-8.047121E-01,2.673697E-03,-3.204078E-01,-1.357928E-03,0.000000E+00,0.000000E+00,-2.802860E-01
2.859000E+00,-7.981915E-01,2.679961E-03,-3.188624E-01,-2.719423E-02,-8.050310E-01,2.671076E-03,-3.189098E-01,-2.621202E-03,0.000000E+00,0.000000E+00,-7.443119E-02
2.860000E+00,-7.985016E-01,2.653878E-03,-3.100626E-01,-2.608314E-02,-8.053409E-01,2.683577E-03,-3.099523E-01,1.250130E-02,0.000000E+00,0.000000E+00,2.488038E-01
2.861000E+00,-7.988039E-01,2.648751E-03,-3.023303E-01,-5.126123E-03,-8.056431E-01,2.694561E-03,-3.022076E-01,1.098425E-02,0.000000E+00,0.000000E+00,3.837698E-01
2.862000E+00,-7.991036E-01,2.651519E-03,-2.996937E-01,2.768032E-03,-8.059428E-01,2.696281E-03,-2.996620E-01,1.720050E-03,0.000000E+00,0.000000E+00,3.749924E-01
2.863000E+00,-7.994031E-01,2.656146E-03,-2.995068E-01,4.626699E-03,-8.062423E-01,2.688847E-03,-2.995193E-01,-7.434685E-03,0.000000E+00,0.000000E+00,2.739497E-01
2.864000E+00,-7.997040E-01,2.664792E-03,-3.008576E-01,8.646229E-03,-8.065432E-01,2.674031E-03,-3.008484E-01,-1.481602E-02,0.000000E+00,0.000000E+00,7.739478E-02
2.865000E+00,-8.000115E-01,2.680770E-03,-3.075587E-01,1.597764E-02,-8.068506E-01,2.672584E-03,-3.074100E-01,-1.446574E-03,0.000000E+00,0.000000E+00,-6.857966E-02
2.866000E+00,-8.003224E-01,2.683750E-03,-3.108675E-01,2.980411E-03,-8.071613E-01,2.674849E-03,-3.107582E-01,2.264638E-03,0.000000E+00,0.000000E+00,-7.457743E-02
2.867000E+00,-8.006351E-01,2.675546E-03,-3.126661E-01,-8.204784E-03,-8.074739E-01,2.676687E-03,-3.125671E-01,1.838637E-03,0.000000E+00,0.000000E+00,9.565574E-03
2.868000E+00,-8.009472E-01,2.665859E-03,-3.120932E-01,-9.686672E-03,-8.077859E-01,2.675555E-03,-3.120003E-01,-1.132164E-03,0.000000E+00,0.000000E+00,8.123658E-02
2.869000E+00,-8.012545E-01,2.671549E-03,-3.073586E-01,5.690201E-03,-8.080932E-01,2.674134E-03,-3.073128E-01,-1.421097E-03,0.000000E+00,0.000000E+00,2.165727E-02
2.870000E+00,-8.015578E-01,2.680829E-03,-3.032944E-01,9.279699E-03,-8.083964E-01,2.671958E-03,-3.032403E-01,-2.176496E-03,0.000000E+00,0.000000E+00,-7.432562E-02
2.871000E+00,-8.018584E-01,2.679127E-03,-3.006192E-01,-1.702020E-03,-8.086970E-01,2.675932E-03,-3.005800E-01,3.974244E-03,0.000000E+00,0.000000E+00,-2.676853E-02
2.872000E+00,-8.021579E-01,2.669416E-03,-2.994774E-01,-9.710442E-03,-8.089964E-01,2.674306E-03,-2.994169E-01,-1.626349E-03,0.000000E+00,0.000000E+00,4.096293E-02
2.873000E+00,-8.024542E-01,2.670698E-03,-2.962932E-01,1.281257E-03,-8.092927E-01,2.673440E-03,-2.962748E-01,-8.655611E-04,0.000000E+00,0.000000E+00,2.297611E-02
2.874000E+00,-8.027486E-01,2.676767E-03,-2.943776E-01,6.069026E-03,-8.095871E-01,2.675895E-03,-2.943702E-01,2.454994E-03,0.000000E+00,0.000000E+00,-7.303757E-03
2.875000E+00,-8.030428E-01,2.674741E-03,-2.942198E-01,-2.025713E-03,-8.098813E-01,2.671941E-03,-2.942114E-01,-3.954277E-03,0.000000E+00,0.000000E+00,-2.346211E-02
2.876000E+00,-8.033375E-01,2.674829E-03,-2.946794E-01,8.810172E-05,-8.101760E-01,2.672208E-03,-2.946671E-01,2.677626E-04,0.000000E+00,0.000000E+00,-2.195688E-02
2.877000E+00,-8.036335E-01,2.675360E-03,-2.959584E-01,5.311940E-04,-8.104719E-01,2.673440E-03,-2.959588E-01,1.231649E-03,0.000000E+00,0.000000E+00,-1.608815E-02
2.878000E+00,-8.039308E-01,2.672643E-03,-2.973875E-01,-2.717759E-03,-8.107693E-01,2.676367E-03,-2.973921E-01,2.927373E-03,0.000000E+00,0.000000E+00,3.120928E-02
2.879000E+00,-8.042303E-01,2.676036E-03,-2.994483E-01,3.393939E-03,-8.110688E-01,2.672191E-03,-2.994552E-01,-4.176427E-03,0.000000E+00,0.000000E+00,-3.221857E-02
2.880000E+00,-8.045333E-01,2.672969E-03,-3.029617E-01,-3.067930E-03,-8.113718E-01,2.674384E-03,-3.029986E-01,2.192756E-03,0.000000E+00,0.000000E+00,1.185768E-02
2.881000E+00,-8.048420E-01,2.677971E-03,-3.087398E-01,5.002710E-03,-8.116805E-01,2.675914E-03,-3.087165E-01,1.529904E-03,0.000000E+00,0.000000E+00,-1.723890E-02
2.882000E+00,-8.051531E-01,2.675056E-03,-3.110915E-01,-2.914822E-03,-8.119916E-01,2.672717E-03,-3.111013E-01,-3.196209E-03,0.000000E+00,0.000000E+00,-1.959645E-02
2.883000E+00,-8.054698E-01,2.676480E-03,-3.167347E-01,1.423753E-03,-8.123083E-01,2.677857E-03,-3.166677E-01,5.139396E-03,0.000000E+00,0.000000E+00,1.153484E-02
2.884000E+00,-8.057866E-01,2.672809E-03,-3.168078E-01,-3.670944E-03,-8.126250E-01,2.666659E-03,-3.167218E-01,-1.119830E-02,0.000000E+00,0.000000E+00,-5.153369E-02
2.885000E+00,-8.060965E-01,2.674877E-03,-3.099065E-01,2.068089E-03,-8.129348E-01,2.662550E-03,-3.098090E-01,-4.108305E-03,0.000000E+00,0.000000E+00,-1.032846E-01
2.886000E+00,-8.063969E-01,2.681899E-03,-3.003459E-01,7.021628E-03,-8.132352E-01,2.681845E-03,-3.003826E-01,1.929426E-02,0.000000E+00,0.000000E+00,-4.557936E-04
2.887000E+00,-8.066954E-01,2.678919E-03,-2.985482E-01,-2.980282E-03,-8.135337E-01,2.697780E-03,-2.985479E-01,1.593595E-02,0.000000E+00,0.000000E+00,1.580366E-01
2.888000E+00,-8.069931E-01,2.671522E-03,-2.976298E-01,-7.396975E-03,-8.138313E-01,2.697021E-03,-2.975730E-01,-7.592609E-04,0.000000E+00,0.000000E+00,2.136530E-01
2.889000E+00,-8.072920E-01,2.678389E-03,-2.988997E-01,6.867406E-03,-8.141302E-01,2.692274E-03,-2.988757E-01,-4.746951E-03,0.000000E+00,0.000000E+00,1.163406E-01
2.890000E+00,-8.075916E-01,2.688590E-03,-2.996314E-01,1.020051E-02,-8.144298E-01,2.671352E-03,-2.995925E-01,-2.092257E-02,0.000000E+00,0.000000E+00,-1.444329E-01
2.891000E+00,-8.078950E-01,2.690520E-03,-3.034423E-01,1.930779E-03,-8.147332E-01,2.658788E-03,-3.034252E-01,-1.256401E-02,0.000000E+00,0.000000E+00,-2.658811E-01
2.892000E+00,-8.082002E-01,2.684109E-03,-3.051910E-01,-6.411477E-03,-8.150384E-01,2.658292E-03,-3.052332E-01,-4.953262E-04,0.000000E+00,0.000000E+00,-2.163102E-01
2.893000E+00,-8.085040E-01,2.666903E-03,-3.037733E-01,-1.720621E-02,-8.153423E-01,2.662543E-03,-3.038459E-01,4.250480E-03,0.000000E+00,0.000000E+00,-3.652983E-02
2.894000E+00,-8.087995E-01,2.664920E-03,-2.955203E-01,-1.983009E-03,-8.156378E-01,2.671351E-03,-2.955641E-01,8.808630E-03,0.000000E+00,0.000000E+00,5.388966E-02
2.895000E+00,-8.090870E-01,2.682298E-03,-2.874919E-01,1.737813E-02,-8.159254E-01,2.677538E-03,-2.875906E-01,6.186937E-03,0.000000E+00,0.000000E+00,-3.987677E-02
2.896000E+00,-8.093730E-01,2.688995E-03,-2.860392E-01,6.696750E-03,-8.162115E-01,2.676201E-03,-2.860893E-01,-1.337359E-03,0.000000E+00,0.000000E+00,-1.071898E-01
2.897000E+00,-8.096586E-01,2.684683E-03,-2.855424E-01,-4.311354E-03,-8.164971E-01,2.670197E-03,-2.856004E-01,-6.004225E-03,0.000000E+00,0.000000E+00,-1.213724E-01
2.898000E+00,-8.099434E-01,2.669543E-03,-2.848267E-01,-1.514055E-02,-8.167820E-01,2.670204E-03,-2.849027E-01,7.250027E-06,0.000000E+00,0.000000E+00,5.541495E-03
2.899000E+00,-8.102289E-01,2.662168E-03,-2.855058E-01,-7.374891E-03,-8.170675E-01,2.671816E-03,-2.855308E-01,1.611795E-03,0.000000E+00,0.000000E+00,8.083426E-02
2.900000E+00,-8.105163E-01,2.668905E-03,-2.874083E-01,6.736983E-03,-8.173550E-01,2.671080E-03,-2.874391E-01,-7.356487E-04,0.000000E+00,0.000000E+00,1.822654E-02
2.901000E+00,-8.108066E-01,2.681367E-03,-2.902266E-01,1.246176E-02,-8.176452E-01,2.672386E-03,-2.902366E-01,1.305933E-03,0.000000E+00,0.000000E+00,-7.523935E-02
2.902000E+00,-8.110981E-01,2.686343E-03,-2.915175E-01,4.976183E-03,-8.179368E-01,2.675371E-03,-2.915351E-01,2.984521E-03,0.000000E+00,0.000000E+00,-9.192565E-02
2.903000E+00,-8.113900E-01,2.678858E-03,-2.919515E-01,-7.484860E-03,-8.182287E-01,2.670990E-03,-2.919945E-01,-4.380396E-03,0.000000E+00,0.000000E+00,-6.591548E-02
2.904000E+00,-8.116853E-01,2.675708E-03,-2.953046E-01,-3.149641E-03,-8.185240E-01,2.673387E-03,-2.952904E-01,2.396572E-03,0.000000E+00,0.000000E+00,-1.944859E-02
2.905000E+00,-8.119852E-01,2.673576E-03,-2.998959E-01,-2.131964E-03,-8.188240E-01,2.679413E-03,-2.999303E-01,6.026277E-03,0.000000E+00,0.000000E+00,4.890219E-02
2.906000E+00,-8.122869E-01,2.678035E-03,-3.016313E-01,4.459143E-03,-8.191256E-01,2.671815E-03,-3.016778E-01,-7.598461E-03,0.000000E+00,0.000000E+00,-5.211744E-02
2.907000E+00,-8.125952E-01,2.683959E-03,-3.083220E-01,5.923473E-03,-8.194339E-01,2.679434E-03,-3.082852E-01,7.619128E-03,0.000000E+00,0.000000E+00,-3.791135E-02
2.908000E+00,-8.129056E-01,2.677881E-03,-3.104228E-01,-6.077560E-03,-8.197444E-01,2.682760E-03,-3.104457E-01,3.326170E-03,0.000000E+00,0.000000E+00,4.087393E-02
2.909000E+00,-8.132148E-01,2.673415E-03,-3.092002E-01,-4.465953E-03,-8.200536E-01,2.668003E-03,-3.092352E-01,-1.475677E-02,0.000000E+00,0.000000E+00,-4.534303E-02
2.910000E+00,-8.135164E-01,2.678075E-03,-3.016368E-01,4.660048E-03,-8.203553E-01,2.666646E-03,-3.017014E-01,-1.357173E-03,0.000000E+00,0.000000E+00,-9.575452E-02
2.911000E+00,-8.138106E-01,2.677213E-03,-2.941904E-01,-8.623436E-04,-8.206496E-01,2.688025E-03,-2.943159E-01,2.137881E-02,0.000000E+00,0.000000E+00,9.057900E-02
2.912000E+00,-8.141024E-01,2.670536E-03,-2.917893E-01,-6.676787E-03,-8.209414E-01,2.698347E-03,-2.918132E-01,1.032230E-02,0.000000E+00,0.000000E+00,2.329919E-01
2.913000E+00,-8.143918E-01,2.671347E-03,-2.894191E-01,8.105023E-04,-8.212309E-01,2.699132E-03,-2.894989E-01,7.847559E-04,0.000000E+00,0.000000E+00,2.327735E-01
2.914000E+00,-8.146822E-01,2.675259E-03,-2.904122E-01,3.912599E-03,-8.215215E-01,2.687459E-03,-2.905513E-01,-1.167295E-02,0.000000E+00,0.000000E+00,1.022019E-01
2.915000E+00,-8.149752E-01,2.685667E-03,-2.929466E-01,1.040770E-02,-8.218145E-01,2.665867E-03,-2.929798E-01,-2.159217E-02,0.000000E+00,0.000000E+00,-1.658757E-01
2.916000E+00,-8.152726E-01,2.684314E-03,-2.973676E-01,-1.353148E-03,-8.221119E-01,2.657398E-03,-2.973834E-01,-8.468404E-03,0.000000E+00,0.000000E+00,-2.254823E-01
2.917000E+00,-8.155722E-01,2.673868E-03,-2.995924E-01,-1.044551E-02,-8.224115E-01,2.655881E-03,-2.996546E-01,-1.517287E-03,0.000000E+00,0.000000E+00,-1.506860E-01
2.918000E+00,-8.158686E-01,2.668303E-03,-2.964117E-01,-5.564901E-03,-8.227079E-01,2.655686E-03,-2.964266E-01,-1.946501E-04,0.000000E+00,0.000000E+00,-1.056975E-01
2.919000E+00,-8.161571E-01,2.678755E-03,-2.884950E-01,1.045145E-02,-8.229964E-01,2.662157E-03,-2.884979E-01,6.470183E-03,0.000000E+00,0.000000E+00,-1.390497E-01
2.920000E+00,-8.164424E-01,2.681527E-03,-2.853539E-01,2.772223E-03,-8.232818E-01,2.673481E-03,-2.853923E-01,1.132415E-02,0.000000E+00,0.000000E+00,-6.740715E-02
2.921000E+00,-8.167265E-01,2.674051E-03,-2.840702E-01,-7.475915E-03,-8.235659E-01,2.683854E-03,-2.841024E-01,1.037359E-02,0.000000E+00,0.000000E+00,8.212297E-02
2.922000E+00,-8.170093E-01,2.671120E-03,-2.828435E-01,-2.931613E-03,-8.238488E-01,2.687632E-03,-2.828695E-01,3.777706E-03,0.000000E+00,0.000000E+00,1.383279E-01
2.923000E+00,-8.172935E-01,2.671602E-03,-2.841903E-01,4.824311E-04,-8.241330E-01,2.681104E-03,-2.842175E-01,-6.528371E-03,0.000000E+00,0.000000E+00,7.959675E-02
2.924000E+00,-8.175800E-01,2.676572E-03,-2.864697E-01,4.970173E-03,-8.244195E-01,2.663094E-03,-2.864825E-01,-1.800933E-02,0.000000E+00,0.000000E+00,-1.129066E-01
2.925000E+00,-8.178681E-01,2.679629E-03,-2.881401E-01,3.056594E-03,-8.247076E-01,2.652022E-03,-2.881136E-01,-1.107224E-02,0.000000E+00,0.000000E+00,-2.312661E-01
2.926000E+00,-8.181578E-01,2.681005E-03,-2.896344E-01,1.375914E-03,-8.249972E-01,2.648417E-03,-2.896252E-01,-3.605558E-03,0.000000E+00,0.000000E+00,-2.729965E-01
2.927000E+00,-8.184492E-01,2.679484E-03,-2.914293E-01,-1.520425E-03,-8.252887E-01,2.653470E-03,-2.914658E-01,5.053926E-03,0.000000E+00,0.000000E+00,-2.179216E-01
2.928000E+00,-8.187444E-01,2.679305E-03,-2.951818E-01,-1.793175E-04,-8.255839E-01,2.667040E-03,-2.952042E-01,1.356991E-02,0.000000E+00,0.000000E+00,-1.027425E-01
2.929000E+00,-8.190430E-01,2.678837E-03,-2.986660E-01,-4.680936E-04,-8.258826E-01,2.680754E-03,-2.986442E-01,1.371365E-02,0.000000E+00,0.000000E+00,1.606002E-02
2.930000E+00,-8.193427E-01,2.670834E-03,-2.997025E-01,-8.002421E-03,-8.261823E-01,2.679048E-03,-2.997326E-01,-1.706016E-03,0.000000E+00,0.000000E+00,6.880577E-02
2.931000E+00,-8.196467E-01,2.684378E-03,-3.039271E-01,1.354392E-02,-8.264862E-01,2.671453E-03,-3.039195E-01,-7.594821E-03,0.000000E+00,0.000000E+00,-1.082764E-01
2.932000E+00,-8.199572E-01,2.692875E-03,-3.105308E-01,8.496702E-03,-8.267967E-01,2.681389E-03,-3.105289E-01,9.935586E-03,0.000000E+00,0.000000E+00,-9.622270E-02
2.933000E+00,-8.202680E-01,2.688381E-03,-3.108076E-01,-4.494292E-03,-8.271076E-01,2.678912E-03,-3.108459E-01,-2.477232E-03,0.000000E+00,0.000000E+00,-7.932508E-02
2.934000E+00,-8.205781E-01,2.679142E-03,-3.101176E-01,-9.238946E-03,-8.274177E-01,2.668208E-03,-3.101584E-01,-1.070353E-02,0.000000E+00,0.000000E+00,-9.159344E-02
2.935000E+00,-8.208829E-01,2.672781E-03,-3.047976E-01,-6.361330E-03,-8.277226E-01,2.673627E-03,-3.048775E-01,5.418608E-03,0.000000E+00,0.000000E+00,7.087576E-03
2.936000E+00,-8.211780E-01,2.677548E-03,-2.950986E-01,4.767911E-03,-8.280177E-01,2.688423E-03,-2.951329E-01,1.479636E-02,0.000000E+00,0.000000E+00,9.109494E-02
2.937000E+00,-8.214725E-01,2.672925E-03,-2.944560E-01,-4.623407E-03,-8.283122E-01,2.687016E-03,-2.944439E-01,-1.406806E-03,0.000000E+00,0.000000E+00,1.180402E-01
2.938000E+00,-8.217634E-01,2.673017E-03,-2.909528E-01,9.165568E-05,-8.286032E-01,2.684160E-03,-2.909824E-01,-2.856634E-03,0.000000E+00,0.000000E+00,9.334232E-02
2.939000E+00,-8.220540E-01,2.675988E-03,-2.906112E-01,2.971753E-03,-8.288938E-01,2.676680E-03,-2.906453E-01,-7.479530E-03,0.000000E+00,0.000000E+00,5.793099E-03
2.940000E+00,-8.223469E-01,2.676843E-03,-2.928495E-01,8.549427E-04,-8.291867E-01,2.666450E-03,-2.928565E-01,-1.023028E-02,0.000000E+00,0.000000E+00,-8.706603E-02
2.941000E+00,-8.226459E-01,2.677998E-03,-2.989925E-01,1.154775E-03,-8.294857E-01,2.670581E-03,-2.990034E-01,4.131665E-03,0.000000E+00,0.000000E+00,-6.212903E-02
2.942000E+00,-8.229482E-01,2.675984E-03,-3.023148E-01,-2.014445E-03,-8.297880E-01,2.674500E-03,-3.023230E-01,3.918457E-03,0.000000E+00,0.000000E+00,-1.243013E-02
2.943000E+00,-8.232509E-01,2.674080E-03,-3.027502E-01,-1.903240E-03,-8.300908E-01,2.677686E-03,-3.027487E-01,3.185827E-03,0.000000E+00,0.000000E+00,3.020007E-02
2.944000E+00,-8.235508E-01,2.678616E-03,-2.998162E-01,4.535043E-03,-8.303906E-01,2.676738E-03,-2.998366E-01,-9.474115E-04,0.000000E+00,0.000000E+00,-1.572542E-02
2.945000E+00,-8.238497E-01,2.673406E-03,-2.989374E-01,-5.209702E-03,-8.306895E-01,2.672499E-03,-2.989483E-01,-4.239601E-03,0.000000E+00,0.000000E+00,-7.599071E-03
2.946000E+00,-8.241439E-01,2.676432E-03,-2.942005E-01,3.026644E-03,-8.309838E-01,2.674312E-03,-2.942172E-01,1.813582E-03,0.000000E+00,0.000000E+00,-1.776059E-02
2.947000E+00,-8.244366E-01,2.673444E-03,-2.926504E-01,-2.988762E-03,-8.312764E-01,2.674331E-03,-2.926685E-01,1.841343E-05,0.000000E+00,0.000000E+00,7.429781E-03
2.948000E+00,-8.247278E-01,2.672176E-03,-2.912322E-01,-1.267486E-03,-8.315677E-01,2.674069E-03,-2.912507E-01,-2.618800E-04,0.000000E+00,0.000000E+00,1.585343E-02
2.949000E+00,-8.250186E-01,2.672252E-03,-2.907993E-01,7.569869E-05,-8.318585E-01,2.672107E-03,-2.908106E-01,-1.962155E-03,0.000000E+00,0.000000E+00,-1.217085E-03
2.950000E+00,-8.253096E-01,2.676094E-03,-2.910029E-01,3.842305E-03,-8.321495E-01,2.672918E-03,-2.910089E-01,8.111248E-04,0.000000E+00,0.000000E+00,-2.660835E-02
2.951000E+00,-8.256008E-01,2.675414E-03,-2.912011E-01,-6.807209E-04,-8.324407E-01,2.673927E-03,-2.912072E-01,1.008907E-03,0.000000E+00,0.000000E+00,-1.245484E-02
2.952000E+00,-8.258923E-01,2.670589E-03,-2.915376E-01,-4.824372E-03,-8.327322E-01,2.672158E-03,-2.915443E-01,-1.768953E-03,0.000000E+00,0.000000E+00,1.313943E-02
2.953000E+00,-8.261870E-01,2.674349E-03,-2.946287E-01,3.760288E-03,-8.330269E-01,2.672714E-03,-2.946343E-01,5.559216E-04,0.000000E+00,0.000000E+00,-1.370251E-02
2.954000E+00,-8.264851E-01,2.683970E-03,-2.981322E-01,9.620982E-03,-8.333250E-01,2.675370E-03,-2.981253E-01,2.656478E-03,0.000000E+00,0.000000E+00,-7.204191E-02
2.955000E+00,-8.267850E-01,2.682505E-03,-2.999119E-01,-1.465448E-03,-8.336249E-01,2.674390E-03,-2.999190E-01,-9.804177E-04,0.000000E+00,0.000000E+00,-6.797890E-02
2.956000E+00,-8.270888E-01,2.685273E-03,-3.038171E-01,2.767884E-03,-8.339287E-01,2.680462E-03,-3.038078E-01,6.071846E-03,0.000000E+00,0.000000E+00,-4.030278E-02
2.957000E+00,-8.273935E-01,2.676339E-03,-3.046686E-01,-8.933401E-03,-8.342334E-01,2.667933E-03,-3.046940E-01,-1.252870E-02,0.000000E+00,0.000000E+00,-7.041914E-02
2.958000E+00,-8.277034E-01,2.666700E-03,-3.098772E-01,-9.639043E-03,-8.345433E-01,2.670542E-03,-3.099025E-01,2.609151E-03,0.000000E+00,0.000000E+00,3.217958E-02
2.959000E+00,-8.280124E-01,2.673032E-03,-3.090139E-01,6.331399E-03,-8.348524E-01,2.676341E-03,-3.090295E-01,5.798864E-03,0.000000E+00,0.000000E+00,2.771867E-02
2.960000E+00,-8.283165E-01,2.684323E-03,-3.041615E-01,1.129144E-02,-8.351565E-01,2.671054E-03,-3.041519E-01,-5.287080E-03,0.000000E+00,0.000000E+00,-1.111530E-01
2.961000E+00,-8.286160E-01,2.685816E-03,-2.995064E-01,1.492745E-03,-8.354560E-01,2.676939E-03,-2.995153E-01,5.885343E-03,0.000000E+00,0.000000E+00,-7.435788E-02
2.962000E+00,-8.289124E-01,2.678362E-03,-2.963854E-01,-7.454104E-03,-8.357524E-01,2.691583E-03,-2.963864E-01,1.464389E-02,0.000000E+00,0.000000E+00,1.107481E-01
2.963000E+00,-8.292093E-01,2.663794E-03,-2.968224E-01,-1.456825E-02,-8.360492E-01,2.697641E-03,-2.967558E-01,6.058085E-03,0.000000E+00,0.000000E+00,2.835273E-01
2.964000E+00,-8.295095E-01,2.670771E-03,-3.002725E-01,6.977493E-03,-8.363495E-01,2.689047E-03,-3.003339E-01,-8.594390E-03,0.000000E+00,0.000000E+00,1.530871E-01
2.965000E+00,-8.298151E-01,2.696279E-03,-3.056188E-01,2.550768E-02,-8.366551E-01,2.661679E-03,-3.055582E-01,-2.736771E-02,0.000000E+00,0.000000E+00,-2.898291E-01
2.966000E+00,-8.301240E-01,2.715843E-03,-3.088594E-01,1.956403E-02,-8.369637E-01,2.649999E-03,-3.086287E-01,-1.167991E-02,0.000000E+00,0.000000E+00,-5.515537E-01
2.967000E+00,-8.304335E-01,2.731270E-03,-3.094507E-01,1.542683E-02,-8.372730E-01,2.650718E-03,-3.092884E-01,7.192975E-04,0.000000E+00,0.000000E+00,-6.747601E-01
2.968000E+00,-8.307404E-01,2.739377E-03,-3.069173E-01,8.107556E-03,-8.375799E-01,2.658569E-03,-3.069047E-01,7.851106E-03,0.000000E+00,0.000000E+00,-6.769094E-01
2.969000E+00,-8.310436E-01,2.737493E-03,-3.032023E-01,-1.884352E-03,-8.378833E-01,2.675042E-03,-3.033768E-01,1.647236E-02,0.000000E+00,0.000000E+00,-5.231355E-01
2.970000E+00,-8.313444E-01,2.725425E-03,-3.007864E-01,-1.206757E-02,-8.381842E-01,2.695396E-03,-3.009734E-01,2.035436E-02,0.000000E+00,0.000000E+00,-2.515441E-01
2.971000E+00,-8.316454E-01,2.700147E-03,-3.010507E-01,-2.527793E-02,-8.384853E-01,2.709115E-03,-3.010698E-01,1.371897E-02,0.000000E+00,0.000000E+00,7.512084E-02
2.972000E+00,-8.319474E-01,2.665304E-03,-3.019489E-01,-3.484336E-02,-8.387871E-01,2.710414E-03,-3.017651E-01,1.298431E-03,0.000000E+00,0.000000E+00,3.778750E-01
2.973000E+00,-8.322531E-01,2.650904E-03,-3.057474E-01,-1.440024E-02,-8.390928E-01,2.692566E-03,-3.057428E-01,-1.784741E-02,0.000000E+00,0.000000E+00,3.489996E-01
2.974000E+00,-8.325644E-01,2.657069E-03,-3.112587E-01,6.165149E-03,-8.394042E-01,2.666998E-03,-3.113576E-01,-2.556800E-02,0.000000E+00,0.000000E+00,8.317590E-02
2.975000E+00,-8.328828E-01,2.683073E-03,-3.184077E-01,2.600430E-02,-8.397225E-01,2.656806E-03,-3.183551E-01,-1.019191E-02,0.000000E+00,0.000000E+00,-2.200339E-01
2.976000E+00,-8.332039E-01,2.706549E-03,-3.211178E-01,2.347630E-02,-8.400435E-01,2.653608E-03,-3.209557E-01,-3.198551E-03,0.000000E+00,0.000000E+00,-4.434888E-01
2.977000E+00,-8.335258E-01,2.722761E-03,-3.218848E-01,1.621101E-02,-8.403652E-01,2.656015E-03,-3.217541E-01,2.407640E-03,0.000000E+00,0.000000E+00,-5.591226E-01
2.978000E+00,-8.338494E-01,2.734307E-03,-3.236073E-01,1.154665E-02,-8.406888E-01,2.660875E-03,-3.235334E-01,4.859970E-03,0.000000E+00,0.000000E+00,-6.151394E-01
2.979000E+00,-8.341760E-01,2.748831E-03,-3.266364E-01,1.452372E-02,-8.410154E-01,2.672768E-03,-3.266256E-01,1.189241E-02,0.000000E+00,0.000000E+00,-6.371812E-01
2.980000E+00,-8.345071E-01,2.751745E-03,-3.310525E-01,2.914489E-03,-8.413466E-01,2.692886E-03,-3.312270E-01,2.011775E-02,0.000000E+00,0.000000E+00,-4.930649E-01
2.981000E+00,-8.348384E-01,2.748143E-03,-3.312845E-01,-3.602668E-03,-8.416780E-01,2.697892E-03,-3.313466E-01,5.006526E-03,0.000000E+00,0.000000E+00,-4.209453E-01
2.982000E+00,-8.351699E-01,2.738456E-03,-3.315272E-01,-9.686578E-03,-8.420095E-01,2.686785E-03,-3.314998E-01,-1.110666E-02,0.000000E+00,0.000000E+00,-4.328424E-01
2.983000E+00,-8.355019E-01,2.714132E-03,-3.319913E-01,-2.432410E-02,-8.423414E-01,2.664326E-03,-3.319663E-01,-2.245938E-02,0.000000E+00,0.000000E+00,-4.172239E-01
2.984000E+00,-8.358308E-01,2.680586E-03,-3.289349E-01,-3.354639E-02,-8.426705E-01,2.657496E-03,-3.290443E-01,-6.830312E-03,0.000000E+00,0.000000E+00,-1.934236E-01
2.985000E+00,-8.361490E-01,2.666922E-03,-3.182026E-01,-1.366349E-02,-8.429886E-01,2.682046E-03,-3.181004E-01,2.455056E-02,0.000000E+00,0.000000E+00,1.266961E-01
2.986000E+00,-8.364618E-01,2.667733E-03,-3.127665E-01,8.112914E-04,-8.433011E-01,2.704697E-03,-3.125733E-01,2.265026E-02,0.000000E+00,0.000000E+00,3.096497E-01
2.987000E+00,-8.367736E-01,2.672623E-03,-3.118489E-01,4.889243E-03,-8.436129E-01,2.714914E-03,-3.117632E-01,1.021772E-02,0.000000E+00,0.000000E+00,3.542911E-01
2.988000E+00,-8.370858E-01,2.674246E-03,-3.122156E-01,1.622897E-03,-8.439251E-01,2.708429E-03,-3.121943E-01,-6.485183E-03,0.000000E+00,0.000000E+00,2.863690E-01
2.989000E+00,-8.373985E-01,2.671292E-03,-3.126684E-01,-2.953218E-03,-8.442377E-01,2.682140E-03,-3.126403E-01,-2.628859E-02,0.000000E+00,0.000000E+00,9.087999E-02
2.990000E+00,-8.377141E-01,2.673531E-03,-3.155993E-01,2.238798E-03,-8.445532E-01,2.653197E-03,-3.154610E-01,-2.894311E-02,0.000000E+00,0.000000E+00,-1.703499E-01
2.991000E+00,-8.380351E-01,2.679392E-03,-3.209683E-01,5.860364E-03,-8.448741E-01,2.654851E-03,-3.208766E-01,1.653735E-03,0.000000E+00,0.000000E+00,-2.055941E-01
2.992000E+00,-8.383584E-01,2.681435E-03,-3.233585E-01,2.043262E-03,-8.451974E-01,2.667199E-03,-3.233671E-01,1.234794E-02,0.000000E+00,0.000000E+00,-1.192641E-01
2.993000E+00,-8.386825E-01,2.672600E-03,-3.240612E-01,-8.835126E-03,-8.455215E-01,2.680526E-03,-3.241000E-01,1.332695E-02,0.000000E+00,0.000000E+00,6.640452E-02
2.994000E+00,-8.390033E-01,2.673632E-03,-3.208313E-01,1.032596E-03,-8.458424E-01,2.678371E-03,-3.208617E-01,-2.154505E-03,0.000000E+00,0.000000E+00,3.970366E-02
2.995000E+00,-8.393217E-01,2.674849E-03,-3.183695E-01,1.216253E-03,-8.461608E-01,2.667913E-03,-3.184343E-01,-1.045877E-02,0.000000E+00,0.000000E+00,-5.810570E-02
2.996000E+00,-8.396379E-01,2.673762E-03,-3.161798E-01,-1.086530E-03,-8.464771E-01,2.664214E-03,-3.162390E-01,-3.698424E-03,0.000000E+00,0.000000E+00,-7.998645E-02
2.997000E+00,-8.399522E-01,2.674080E-03,-3.143017E-01,3.181311E-04,-8.467914E-01,2.668237E-03,-3.143562E-01,4.022952E-03,0.000000E+00,0.000000E+00,-4.894876E-02
2.998000E+00,-8.402653E-01,2.674960E-03,-3.131319E-01,8.801062E-04,-8.471046E-01,2.674222E-03,-3.131737E-01,5.984956E-03,0.000000E+00,0.000000E+00,-6.182931E-03
2.999000E+00,-8.405775E-01,2.670131E-03,-3.121513E-01,-4.829409E-03,-8.474168E-01,2.674918E-03,-3.121908E-01,6.959737E-04,0.000000E+00,0.000000E+00,4.010536E-02
3.000000E+00,-8.408884E-01,2.672106E-03,-3.109410E-01,1.975216E-03,-8.477278E-01,2.673662E-03,-3.109692E-01,-1.255740E-03,0.000000E+00,0.000000E+00,1.303835E-02
