id,cost,elapsed_min,velocity_scene1,velocity_scene2,velocity_scene4,velocity_scene_wheel,cost_scene1,cost_scene2,cost_scene4,cost_scene_wheel,velocity_scene1_f10,velocity_scene1_f30,velocity_scene1_f50,velocity_scene2_f10,velocity_scene2_f30,velocity_scene2_f50,velocity_scene4_f10,velocity_scene4_f30,velocity_scene4_f50,velocity_scene_wheel_f10,velocity_scene_wheel_f30,cost_scene1_f10,cost_scene1_f30,cost_scene1_f50,cost_scene2_f10,cost_scene2_f30,cost_scene2_f50,cost_scene4_f10,cost_scene4_f30,cost_scene4_f50,cost_scene_wheel_f10,cost_scene_wheel_f30,lateral_scene1_f10,lateral_scene1_f30,lateral_scene1_f50,lateral_scene2_f10,lateral_scene2_f30,lateral_scene2_f50,lateral_scene4_f10,lateral_scene4_f30,lateral_scene4_f50,lateral_scene_wheel_f10,lateral_scene_wheel_f30,tumble_scene1_f10,tumble_scene1_f30,tumble_scene1_f50,tumble_scene2_f10,tumble_scene2_f30,tumble_scene2_f50,tumble_scene4_f10,tumble_scene4_f30,tumble_scene4_f50,tumble_scene_wheel_f10,tumble_scene_wheel_f30,yaw_scene1_f10,yaw_scene1_f30,yaw_scene1_f50,yaw_scene2_f10,yaw_scene2_f30,yaw_scene2_f50,yaw_scene4_f10,yaw_scene4_f30,yaw_scene4_f50,yaw_scene_wheel_f10,yaw_scene_wheel_f30,pitch_rms_scene1_f10,pitch_rms_scene1_f30,pitch_rms_scene1_f50,pitch_rms_scene2_f10,pitch_rms_scene2_f30,pitch_rms_scene2_f50,pitch_rms_scene4_f10,pitch_rms_scene4_f30,pitch_rms_scene4_f50,pitch_rms_scene_wheel_f10,pitch_rms_scene_wheel_f30,sliding_friction,torsional_friction,rolling_friction,solref_timeconst,solref_dampratio,solimp_dmin,solimp_delta_d,solimp_width,solimp_midpoint,solimp_power,magnetic_moment_fudge,magnetic_field_fudge,dof_damping,solimp_dmax
06c53abb,13.007383636159599,0.1,-0.028304090714060016,0.03926438166982145,0.05975279995652497,0.0,6.910474129177012,3.481197913334516,2.55879998154191,0,,,-0.028304090714060016,,,0.03926438166982145,,,0.05975279995652497,,,,,6.910474129177012,,,3.481197913334516,,,2.55879998154191,,,,,0.08888383188656498,,,0.1157617187442948,,,0.04284904024234806,,,,,0.07232513363373982,,,0.06351155952038012,,,0.0,,,,,130.95085556656414,,,144.2859957360653,,,92.77725586552258,,,,,37.36672576970878,,,30.62489027861992,,,8.867963676318723,,,0.0002614979762194783,0.005432328662224165,0.0003011476334516712,0.0037728856464702113,0.22052369946140576,0.4908369567187846,0.10992052932513735,0.00016129413330830879,0.48480943809223176,5.647127733018558,0.8050681908295749,1.1296814335170355,5.372165803452657e-11,0.5467934358961211
88aa8846,9.35355548954731,0.1,-0.011818699971418304,0.04553118920503934,0.17487625689050684,0.0,5.359131116304806,2.6606173519538956,1.206900644915446,0,,,-0.011818699971418304,,,0.04553118920503934,,,0.17487625689050684,,,,,5.359131116304806,,,2.6606173519538956,,,1.206900644915446,,,,,0.028831500866436682,,,0.03128128330155978,,,0.060416527887551266,,,,,0.0,,,0.0,,,0.0,,,,,57.51937686773576,,,48.1511726012595,,,140.0145556246235,,,,,11.943732754165607,,,7.072818661656256,,,2.7522902889839287,,,0.000664127954459555,0.004205325564594854,0.008198115685048054,0.008920451827200753,0.28754272438327566,0.4949734631215149,0.36959099402395507,0.00018593960128774045,0.4948157857018022,5.095652485047435,0.8565049851174205,1.0268087652828286,1.1149834080621329e-11,0.6815897637955074
f9b2e345,1000000.0,0.1,0.0,0.0,0.0,0.0,1000000.0,1000000.0,1000000.0,0,,,0.0,,,0.0,,,0.0,,,,,1000000.0,,,1000000.0,,,1000000.0,,,,,0.0,,,0.0,,,0.0,,,,,0.0,,,0.0,,,0.0,,,,,0.0,,,0.0,,,0.0,,,,,0.0,,,0.0,,,0.0,,,0.009023287603830216,0.0005593166969550576,0.006391618023644451,0.0027348062864465503,0.09880028203548076,0.2714184987983925,0.018783112227817977,0.0006436157124550062,0.4176849502091097,5.847658444995787,0.8321434456200326,0.9898196240214481,6.849860016788594e-11,0.2851016485913516
3f15586e,11.787305876066362,0.1,-0.02627614827301617,0.012439884498395453,0.111071763898516,0.0,6.08957252632642,3.99474068378802,1.613583036554169,0,,,-0.02627614827301617,,,0.012439884498395453,,,0.111071763898516,,,,,6.08957252632642,,,3.99474068378802,,,1.613583036554169,,,,,0.0693378912942954,,,0.04558521993522571,,,0.05730378641064774,,,,,0.07705869740502852,,,0.023644489167987358,,,0.0,,,,,99.07362489191215,,,51.012133601441164,,,60.67219636000808,,,,,34.48674445332402,,,19.24647502051115,,,3.120372431497042,,,0.0005351482618581149,0.0033950034419202805,0.005475648275380821,0.0026707779668415396,0.43217338392949395,0.2746997744943372,0.9105078397538883,5.752471833005536e-05,0.512429643712363,5.801583039545268,1.0860752497491715,1.0798687100855888,1.7436937266835086e-10,0.935000265208531
296c0bcb,1000000.0,0.1,0.0,0.0,0.0,0.0,1000000.0,1000000.0,1000000.0,0,,,0.0,,,0.0,,,0.0,,,,,1000000.0,,,1000000.0,,,1000000.0,,,,,0.0,,,0.0,,,0.0,,,,,0.0,,,0.0,,,0.0,,,,,0.0,,,0.0,,,0.0,,,,,0.0,,,0.0,,,0.0,,,0.0023079966298254497,0.006314805525845742,0.003437203991768564,0.0014023638813385445,0.22414696446476468,0.4704778441866776,0.134792215827855,0.0021037611660941584,0.5485609754672106,4.831707353520143,0.8008514669333174,0.9515748929234585,9.16769640648269e-11,0.5418398296771152
e79ea1fe,1000000.0,0.1,0.0,0.0,0.0,0.0,1000000.0,1000000.0,1000000.0,0,,,0.0,,,0.0,,,0.0,,,,,1000000.0,,,1000000.0,,,1000000.0,,,,,0.0,,,0.0,,,0.0,,,,,0.0,,,0.0,,,0.0,,,,,0.0,,,0.0,,,0.0,,,,,0.0,,,0.0,,,0.0,,,0.0044095379854800975,0.003740143416186299,0.002398899685410297,0.0018691959390213905,0.20674662254521883,0.8267722958910894,0.6905236474442814,0.00096141098705326,0.33082392698032537,5.434700748818536,0.9771325458659189,1.1999870959943626,1.0534010063847581e-11,0.9463210696060287
a5b12a51,15.8585181694751,0.1,-0.032978089328511075,-0.04894844732396517,0.02192710508874968,0.0,6.724421283884992,6.144789182085681,2.9561968168280006,0,,,-0.032978089328511075,,,-0.04894844732396517,,,0.02192710508874968,,,,,6.724421283884992,,,6.144789182085681,,,2.9561968168280006,,,,,0.22855252150171632,,,0.17570414213407456,,,0.011050763514680052,,,,,0.07787939674671453,,,0.06693316053376613,,,0.0456590236032625,,,,,86.94008187331389,,,35.95413342455703,,,65.92449326961493,,,,,37.37658072011349,,,34.63062653581136,,,11.953950567676726,,,0.007232913834852856,0.004601701680193526,0.0034584629674142414,0.001753452568306742,0.2969415226847262,0.13080210310208518,0.9334093061608497,0.00010045831718846358,0.30635006410050813,6.0633135851145745,0.9449994540205522,0.9679597801927375,5.218611948898835e-11,0.9420261680314216
b4f3ce3a,1000000.0,0.1,0.0854679579048777,0.04007755064599818,0.007418217384212942,0.0,3.305058196001523,4.053075796045515,3.3134280079725773,0,,,0.0854679579048777,,,0.04007755064599818,,,0.007418217384212942,,,,,3.305058196001523,,,4.053075796045515,,,3.3134280079725773,,,,,0.00036104738511040995,,,0.1377711975800083,,,0.007221975196980149,,,,,0.06309922089662624,,,0.07445463582789066,,,0.03179252257883883,,,,,65.87127985628365,,,83.74277813126312,,,85.75177000799869,,,,,36.54127094719705,,,27.877658347501384,,,8.428639811872317,,,0.003734471380160317,0.0009729900434423199,0.005410137777201251,0.006367951307223459,0.16025218281491654,0.5744668877213439,0.6697384470576251,8.978223993413058e-05,0.9609819435604814,5.0628586409287095,1.0386003568459308,0.8347491081936477,2.943752967719421e-11,0.8593957996657433
e2ba6896,2.9239516638438565,0.3,0.03249335868418741,0.2126606908602542,0.39971600903346044,0.0,2.398345281277416,0.132908108656088,0.05476422377110317,0,,,0.03249335868418741,,,0.2126606908602542,,,0.39971600903346044,,,,,2.398345281277416,,,0.132908108656088,,,0.05476422377110317,,,,,0.007352355647087429,,,0.1327029736905452,,,0.027360639960342215,,,,,0.0,,,0.0,,,0.0,,,,,18.228230524063793,,,37.9970401374563,,,34.15545281926752,,,,,10.297688445473927,,,5.027974657781461,,,2.4056949743585365,,,0.00010905016226697787,0.0033390296463998775,0.0026847202387939853,0.005548213024455788,0.519137197091037,0.7351523568497691,0.3465961505106193,0.00031676545157298527,0.7220849098807128,5.0136282116787685,0.8687242239608495,0.8520913072608727,8.893528128925598e-11,0.8269128708223983
4f3a1956,19.160177518376564,0.3,-0.07116436221862936,-0.020245147929940775,0.05242410969646027,0.0,10.853114176091417,4.972947303661027,3.1945264469675028,0,,,-0.07116436221862936,,,-0.020245147929940775,,,0.05242410969646027,,,,,10.853114176091417,,,4.972947303661027,,,3.1945264469675028,,,,,0.14013958826045297,,,0.13297201186042873,,,0.030148345663607384,,,,,0.06494073531042967,,,0.08647111793395376,,,0.039641302952581996,,,,,66.62379015499401,,,108.73374591720003,,,111.05445604463851,,,,,36.732241101667015,,,34.61866137783334,,,19.476435287131824,,,0.004259118131864063,0.026497061536415425,0.003389276926323356,0.0027570673782561636,0.20947016538293864,0.5509960280106018,0.5190976447798505,0.00013806035627726766,0.9745011461160408,5.741829486734701,0.9578695169057478,0.9946685095274393,3.5432620165019005e-10,0.7840210226026184
82a7be79,8.182633530395549,0.3,0.07586066669458967,0.008808416408426403,0.15504287312240947,0.0,1.934105947369906,4.203687236047318,1.950685786822571,0,,,0.07586066669458967,,,0.008808416408426403,,,0.15504287312240947,,,,,1.934105947369906,,,4.203687236047318,,,1.950685786822571,,,,,0.15744141001560621,,,0.02054028592164021,,,0.08792262473780868,,,,,0.07352095130910369,,,0.0406309550158286,,,0.0,,,,,89.87850597683406,,,134.07949773668344,,,160.5422412029381,,,,,36.53678340011975,,,28.62070242079881,,,5.15169133864874,,,0.0001880630334349587,0.0016281445668549243,0.005001791632185293,0.0014835184094817485,0.42190856194850224,0.860928657326129,0.7960669823689961,0.0006677928971532969,0.8205081208382372,5.620145606902879,0.9105839727001109,1.021980377596155,3.2381587245307585e-11,0.9715591547242852
ce313823,10.749690356595892,0.3,-0.011720086522063359,0.06946239263704142,0.14999590986543562,0.0,5.032316863201302,3.668459067037105,1.9502789679852381,0,,,-0.011720086522063359,,,0.06946239263704142,,,0.14999590986543562,,,,,5.032316863201302,,,3.668459067037105,,,1.9502789679852381,,,,,0.003592873886654599,,,0.05968789667319035,,,0.035080548649477,,,,,0.07314191485141344,,,0.0923910673560837,,,0.0,,,,,43.02337613921926,,,33.63099564009356,,,134.55918158197835,,,,,17.29852726523797,,,8.186669719152492,,,2.3722117610755085,,,9.739067486108564e-05,0.002716027007242309,0.004396045943984161,0.006340453355808449,0.37717341462643816,0.9155824122078313,0.7629562336450011,0.001251691839301423,0.11474660903814543,4.599657778352156,0.9352813357574487,1.136348317347019,1.5899611388064206e-10,0.9799130414197761
905b006a,1000000.0,0.3,0.0,0.039521082490160626,0.02326630023534814,0.0,1000000.0,7.448337430532834,2.968948183757344,0,,,0.0,,,0.039521082490160626,,,0.02326630023534814,,,,,1000000.0,,,7.448337430532834,,,2.968948183757344,,,,,0.0,,,0.3965683248447672,,,0.02601031964832685,,,,,0.0,,,0.07599432097241195,,,0.07810121666798654,,,,,0.0,,,25.652411100064665,,,80.1429196771675,,,,,0.0,,,36.903160898345334,,,23.74310715789438,,,0.0005463319192933252,0.0029165999197106884,0.004461281858857315,0.01029769594862781,0.09243488373110106,0.0023119546420230803,0.542497780162755,5.115589519404954e-05,0.5726901812110281,5.462766429285054,0.8212028227001198,1.157167072804228,3.519717677265278e-11,0.5435012547656273
90e6440c,6.135355330970616,0.3,0.0008584710304442723,0.09628908826702284,0.20147538784666622,0.0,4.173406383688835,1.4891470908725513,0.3475845638889111,0,,,0.0008584710304442723,,,0.09628908826702284,,,0.20147538784666622,,,,,4.173406383688835,,,1.4891470908725513,,,0.3475845638889111,,,,,0.04520581365747474,,,0.03736683834249827,,,0.09757811597730556,,,,,0.05890242772083784,,,0.0,,,0.0,,,,,80.83056933248938,,,21.558663269163603,,,26.41356489602411,,,,,13.521299720112781,,,5.352145287444682,,,2.412711183502572,,,0.004356159755626271,0.005928053397287203,0.0020398611238235573,0.007952858501792379,0.3648371456124609,0.3472013019124726,0.4473707212400454,0.00010417714645594121,0.4402170609173879,5.252707109656542,0.9756206836266712,0.8308675945211215,5.7644419600583847e-11,0.6391995892283284
382fc8fe,10.854621639728114,0.3,-0.005082641848408895,0.013348817327288721,0.07297860916428811,0.0,5.225985315384536,3.699856058041977,1.9058881907373395,0,,,-0.005082641848408895,,,0.013348817327288721,,,0.07297860916428811,,,,,5.225985315384536,,,3.699856058041977,,,1.9058881907373395,,,,,0.08775036633048501,,,0.0381163373164001,,,0.024765840226106513,,,,,0.10173228640939419,,,0.05783689048418239,,,0.0,,,,,125.60319011791452,,,30.842854869408963,,,94.23080864999635,,,,,23.141233061571675,,,17.20927888895943,,,3.9986648132983547,,,0.0008080658119307874,0.01336092648564685,0.005814809679910718,0.010853570664953693,0.15520006326822605,0.5549120223141274,0.28426534525546154,0.0003566912740394944,0.7353230965243513,5.902079393819385,0.8923216248932317,0.9934361265791019,1.0041064784518464e-11,0.6814066834255316
1edc1a55,0.5292326861320981,0.3,0.11999507265799123,0.29654590586132024,0.3928813989686596,0.0,0.2940935726781779,0.16468387481629482,0.012947470644512512,0,,,0.11999507265799123,,,0.29654590586132024,,,0.3928813989686596,,,,,0.2940935726781779,,,0.16468387481629482,,,0.012947470644512512,,,,,0.07488683286057594,,,0.042490957744149405,,,0.04881410318053496,,,,,0.0,,,0.0,,,0.0,,,,,29.280850497324543,,,17.580701050963498,,,16.06168700177738,,,,,5.306382683656226,,,5.13508889742122,,,2.6825828160533103,,,0.0008732691874529374,0.0017127927693748903,0.01020197027500011,0.0025223819339170637,1.2058917457485672,0.5932080190984166,0.6788020158334812,5.25629443919966e-05,0.2905054824509894,5.43340815013081,0.8027736383882594,1.0429914105384501,3.552848924749783e-11,0.8692713555577231
45dce8c9,1.7190206710272662,0.4,0.10312834013968614,0.2786501358557971,0.3422718532133507,0.0,0.23638758536145743,0.05478742535927581,1.3713182494245106,0,,,0.10312834013968614,,,0.2786501358557971,,,0.3422718532133507,,,,,0.23638758536145743,,,0.05478742535927581,,,1.3713182494245106,,,,,0.019816701222977504,,,0.06965755830049142,,,0.018995738276332528,,,,,0.0,,,0.0,,,0.0,,,,,31.969043225280785,,,12.063448332529434,,,162.6701169624365,,,,,4.888952310227347,,,6.08630008237007,,,2.375894023202755,,,0.00015171853253470965,0.0010231113161714206,0.0012711853425923392,0.002563563802092318,1.4014834930227738,0.5012033443404368,0.7118630949413383,8.025444205107716e-05,0.17335145848378558,5.750294485299931,0.8106068416649143,0.8962814238324074,5.395712603938831e-11,0.8562070890751483
226de741,1.0101483342302005,0.4,0.11000127280851958,0.35338198155390654,0.3859917167222248,0.0,0.14524618453996307,0.3467266864983116,0.38967943043294395,0,,,0.11000127280851958,,,0.35338198155390654,,,0.3859917167222248,,,,,0.14524618453996307,,,0.3467266864983116,,,0.38967943043294395,,,,,0.022035332476540468,,,0.0977525273981344,,,0.15614436413828786,,,,,0.0,,,0.0,,,0.0,,,,,17.72283925539421,,,2.454519698043289,,,24.291696866206802,,,,,4.543074207988846,,,4.574342905423256,,,2.3444259907075797,,,0.0002571184381982111,0.0011185241913099632,0.0019683380034307882,0.0035640555512426253,1.398103848027092,0.441442288839423,0.7761153786164516,5.52066112119949e-05,0.6466372413712939,5.160633804691177,0.8001752979066629,0.8455719004889918,3.453104832835179e-11,0.8748699067780912
10522092,4.685475444256798,0.4,0.041639655265148644,0.1372623813514046,0.23756041211433407,0.0,2.856046034841868,1.648028805881274,0.11530051101997557,0,,,0.041639655265148644,,,0.1372623813514046,,,0.23756041211433407,,,,,2.856046034841868,,,1.648028805881274,,,0.11530051101997557,,,,,0.017425286543379163,,,0.08979235655994502,,,0.06624489602540393,,,,,0.08302532590408722,,,0.0,,,0.0,,,,,120.40700593242045,,,161.90943707684113,,,6.0201875923479555,,,,,16.728296211169166,,,5.519992855782926,,,3.0200535791942875,,,0.00040213498735633494,0.0012189639046656087,0.007150115961850288,0.0004321134393681639,1.0129163840864763,0.6050852424933699,0.732462690950703,0.0006822211796550098,0.31500927799332035,5.302276288160604,0.9294156005928271,0.9667622443932822,1.2275809006552168e-11,0.8942723222037254
9481cfe2,1000000.0,0.4,0.0,0.0,-0.005517163153087393,0.0,1000000.0,1000000.0,4.392991600996608,0,,,0.0,,,0.0,,,-0.005517163153087393,,,,,1000000.0,,,1000000.0,,,4.392991600996608,,,,,0.0,,,0.0,,,0.13885942361194514,,,,,0.0,,,0.0,,,0.07840502309527811,,,,,0.0,,,0.0,,,129.8126472314627,,,,,0.0,,,0.0,,,29.82913288883339,,,0.003297990961490041,0.0022329114565504066,0.0002425757577948244,0.0019065458910614132,0.23564372001838482,0.9984840056048945,0.46558621233764713,0.00019825130975920452,0.1212987642135942,6.0410837668658,0.8404106438615163,0.9844814189773581,2.8019221151990043e-11,0.999143273072003
3295f816,3.5158717055065365,0.4,0.027584320963193,0.3162524116043023,0.3007295286428389,0.0,2.8958692295353052,0.08137099251235855,0.17265440120394013,0,,,0.027584320963193,,,0.3162524116043023,,,0.3007295286428389,,,,,2.8958692295353052,,,0.08137099251235855,,,0.17265440120394013,,,,,0.004545732446541871,,,0.07457393056290074,,,0.14228835249644128,,,,,0.0,,,0.0,,,0.0,,,,,73.20519338812129,,,29.31650908675561,,,79.53928209625144,,,,,5.343776812627133,,,4.188838733444896,,,2.397013653756359,,,0.00010420046421021826,0.007904977290626586,0.0030985309484848596,0.004638710907071345,2.93116904714442,0.4828724540283489,0.9881196873932037,0.00022265989822224173,0.5948742385868139,5.681307804935214,0.803780724259529,0.9660319069540025,1.647015283063706e-11,0.9937575511275321
566dce8f,1000000.0,0.4,0.0,0.0,0.0007467550482796038,0.0,1000000.0,8.89463070609851,3.463741981575908,0,,,0.0,,,0.0,,,0.0007467550482796038,,,,,1000000.0,,,8.89463070609851,,,3.463741981575908,,,,,0.0,,,0.11617285589627294,,,0.050560177807822494,,,,,0.0,,,0.06285471396629103,,,0.06417929601374807,,,,,0.0,,,116.70649953905261,,,26.913148224794856,,,,,0.0,,,36.216957461196756,,,23.61965173986074,,,0.0001515464688128383,0.0010146036087842851,0.010093592011707012,0.0026121762353875796,0.20167095177375063,0.38180675468795094,0.3642967113659381,0.00013831537179308215,0.23018851793251294,5.600577498287634,0.8072616638204458,1.02254011233876,1.7742861148235508e-11,0.6069760912726305
a8fdd699,4.187760922426479,0.4,0.010560628457113138,0.2326174445676699,0.3204227875265555,0.0,3.8171931673728494,0.0018013859474221375,0.03713398464282337,0,,,0.010560628457113138,,,0.2326174445676699,,,0.3204227875265555,,,,,3.8171931673728494,,,0.0018013859474221375,,,0.03713398464282337,,,,,0.01265739020628836,,,0.0044635795898354405,,,0.044974804099990086,,,,,0.0,,,0.0,,,0.0,,,,,28.886232286657965,,,24.92090253175562,,,59.6895598870824,,,,,6.688245737384124,,,5.041444854892474,,,2.151668715041742,,,0.00028295673801303757,0.004191962809874671,0.007553869341678538,0.006271555891122087,0.5404162768973562,0.37085346550679665,0.8076049794838646,0.00012030572136047525,0.06822160297276653,5.885193523477191,0.9232210712910452,0.8039639757157558,8.635410881464912e-11,0.8788745790905762
9faa64e0,6.596516007918202,0.4,0.03263735730853454,0.04512185155958538,0.20231793355400546,0.0,3.4636591123227474,2.82332123190983,0.22951022259341225,0,,,0.03263735730853454,,,0.04512185155958538,,,0.20231793355400546,,,,,3.4636591123227474,,,2.82332123190983,,,0.22951022259341225,,,,,0.0996669752298079,,,0.04402781539964246,,,0.013753245899132264,,,,,0.07295575914285744,,,0.0,,,0.0,,,,,114.97564711517248,,,69.58040913653545,,,22.319843868852942,,,,,30.92987086568785,,,11.90462916676735,,,4.575915667462949,,,0.00011632947937421794,0.000678748561307226,0.0012269683817454748,0.0011564388133498676,0.6616865914597362,0.7294374865856316,0.8152466367262925,9.490164624698171e-05,0.8981107028595083,5.656964079318257,0.9417718024210212,0.9754643789071993,2.6390647136714144e-11,0.9499311410072352
272657e2,0.33443687879115047,0.6,0.1166874164839135,0.2800628749533497,0.37286249603843086,0.0,0.15342564781568915,0.13134862644240083,0.003837788939039044,0,,,0.1166874164839135,,,0.2800628749533497,,,0.37286249603843086,,,,,0.15342564781568915,,,0.13134862644240083,,,0.003837788939039044,,,,,0.08784492924481102,,,0.10706651547100297,,,0.027704833293268682,,,,,0.0,,,0.0,,,0.0,,,,,66.28043678460662,,,10.1688689011492,,,11.34076055443019,,,,,5.44588566884165,,,5.212207820951946,,,2.381638215425436,,,0.0010616660142114447,0.00010407851291183639,0.0023534102786358473,0.0026212731234936874,1.112602838250404,0.40027590293036275,0.6340502977495125,1.2043419241435677e-05,0.3463779401303315,5.246780733052171,0.9011423286591832,0.8021171297152826,1.6956870052682395e-11,0.7804677402151488
cdfb535d,5.935465557635597,0.6,0.025348329506992312,0.08536068015874465,0.15622411078890022,0.0,3.321029737279112,1.733668360952614,0.8495064988187375,0,,,0.025348329506992312,,,0.08536068015874465,,,0.15622411078890022,,,,,3.321029737279112,,,1.733668360952614,,,0.8495064988187375,,,,,0.033595984863680005,,,0.10219128851093831,,,0.09666657647763745,,,,,0.0,,,0.0,,,0.0,,,,,127.94153344502085,,,102.66867221547814,,,42.70013644997779,,,,,8.95486403455101,,,7.384619004714493,,,3.5445185529684404,,,0.0003901024577391924,0.004413773115502731,0.004428482607422315,0.0008632503218411131,3.4586055429170024,0.08299288602813071,0.5609256778011327,0.00026309883730017805,0.2547618000851362,5.502317636549095,0.862680867546324,0.8014401311101516,1.1148861725892212e-11,0.597309630413482
209f3e19,3.7417244519441892,0.6,0.029313682767825908,0.17865071256042028,0.3880461272283741,0.0,3.1052472262347166,0.26544974624000767,0.04585430592144944,0,,,0.029313682767825908,,,0.17865071256042028,,,0.3880461272283741,,,,,3.1052472262347166,,,0.26544974624000767,,,0.04585430592144944,,,,,0.07411820531224755,,,0.08974466174789875,,,0.06875973551747058,,,,,0.0,,,0.0,,,0.0,,,,,146.0189156975637,,,45.73262445996106,,,11.6722296000873,,,,,5.322777047334504,,,4.0919609124082035,,,2.3663452224643775,,,0.0010042334739637567,0.000773850658718713,0.015601404360418627,0.004876873104884785,0.6688513745569881,0.3980518655053472,0.9814171390830231,7.109809877382514e-05,0.14621733660863084,5.0782285193933685,0.8623762823372372,0.8878566577357109,3.273162677801072e-11,0.9887159398235439
d5078200,3.562254186049048,0.6,0.0653892362921773,0.19350837740706772,0.2781683118963337,0.0,2.018612158452367,1.1412335638429008,0.3431564030624087,0,,,0.0653892362921773,,,0.19350837740706772,,,0.2781683118963337,,,,,2.018612158452367,,,1.1412335638429008,,,0.3431564030624087,,,,,0.016929836620711486,,,0.020133986851532545,,,0.04093641590723597,,,,,0.0,,,0.0,,,0.0,,,,,153.70694446762863,,,137.13561153796462,,,110.9591624526855,,,,,5.242708494829903,,,4.5409429643953265,,,2.7385161798853628,,,0.0005752724419477873,0.007466266735987554,0.0015775292129839456,0.001243167422113185,7.632342402927805,0.07991618207485018,0.9732964526349033,0.0003165013255022446,0.5617811317326952,5.434090024564833,1.032131979911259,0.9917991699431952,2.4080767432559573e-11,0.9753331685429133
ed92431e,3.69127475266325,0.6,0.0694319761647296,0.3573971891436161,0.37672970488977164,0.0,1.6079635673494728,1.5931521116641663,0.20145406426488113,0,,,0.0694319761647296,,,0.3573971891436161,,,0.37672970488977164,,,,,1.6079635673494728,,,1.5931521116641663,,,0.20145406426488113,,,,,0.054435847222186806,,,0.03276977925677961,,,0.09962806875034058,,,,,0.0,,,0.0,,,0.0,,,,,117.26764157912322,,,11.540687110181455,,,22.450178572330213,,,,,5.820092300128064,,,5.209745066512667,,,2.379872232394055,,,0.00045723227269450843,0.0005450264850201763,0.0018252977760668332,0.0037977283425052783,1.4983407900071468,0.4784750070426837,0.6097079735142638,3.81177419930102e-05,0.25503888730772284,4.890675619945659,0.8372734880045908,1.0190474508170195,1.1735850507139634e-10,0.7963919828383783
bc5cf855,2.4581358545242296,0.6,0.1265049368768297,0.1699207246517781,0.22470133802594938,0.0,0.17103441436958228,1.3478632569149567,0.923103860235979,0,,,0.1265049368768297,,,0.1699207246517781,,,0.22470133802594938,,,,,0.17103441436958228,,,1.3478632569149567,,,0.923103860235979,,,,,0.05335077640694495,,,0.049131680149728546,,,0.038987049014976904,,,,,0.0,,,0.0,,,0.0,,,,,56.23969465689198,,,145.11068697909664,,,145.02041550003634,,,,,6.03306726697992,,,4.170781480309472,,,2.741894303875822,,,9.290545651390024e-05,0.0013087869226106057,0.0008444122960577356,0.0005132805745827971,2.3047400753135925,0.5749128458180268,0.7903877075144478,4.897689653321743e-05,0.5409209301341469,5.431974633266925,0.8796308604537798,1.0237252418370826,1.658931076964488e-11,0.9108174683350058
870d3ca5,4.7843297652053165,0.6,0.06092663520411289,0.08261288516727,0.19564998855715235,0.0,1.49524303165551,2.1675213780568283,1.0938190807557082,0,,,0.06092663520411289,,,0.08261288516727,,,0.19564998855715235,,,,,1.49524303165551,,,2.1675213780568283,,,1.0938190807557082,,,,,0.02763471973885797,,,0.053375183448225304,,,0.15380716413436923,,,,,0.0,,,0.0,,,0.0,,,,,94.82699341807007,,,93.84009365761071,,,142.96541949439995,,,,,7.905467550198656,,,5.050595535716969,,,3.665290616493312,,,0.00025592945847593317,0.00539678632983664,0.0038642297184520976,0.0009372169538509947,1.9406486013719504,0.23569808651159502,0.5738439543485033,6.93894306143831e-05,0.6776886254736414,6.348826088317312,0.841568564493037,0.8778106134224293,4.236499653396494e-11,0.6742307344684741
5ffc7833,3.0227020730507452,0.6,0.06849450677678265,0.2921558084154267,0.26645840793671033,0.0,1.903276580892887,0.027846518807677544,0.9513765184664983,0,,,0.06849450677678265,,,0.2921558084154267,,,0.26645840793671033,,,,,1.903276580892887,,,0.027846518807677544,,,0.9513765184664983,,,,,0.026039663074161806,,,0.06564275001812277,,,0.09867305023236993,,,,,0.0,,,0.0,,,0.0,,,,,147.6138556114688,,,32.75987732691795,,,145.50922044125514,,,,,5.793726224896696,,,4.814189371373526,,,2.3508995510655555,,,0.00013233903151713616,0.01878592624662278,0.004633004310626641,0.0027915064749737314,1.0361580138021564,0.8346106577287464,0.7202517478012276,0.00010807397507150377,0.18028735127591772,5.937145062521269,0.9298498471989363,0.9011959603367762,2.0579974407901203e-11,0.9536605953925321
434def86,1000000.0,0.7,0.07942827505741684,0.06473874107090544,0.02034846651206714,0.0,1.5757927372547536,2.2364808553265823,3.19924598347171,0,,,0.07942827505741684,,,0.06473874107090544,,,0.02034846651206714,,,,,1.5757927372547536,,,2.2364808553265823,,,3.19924598347171,,,,,0.12319870046130713,,,0.07613341223880281,,,0.04631519392040095,,,,,0.0811807494496369,,,0.0743471939705706,,,0.06326269751115245,,,,,63.8280359943771,,,37.2638045811098,,,81.15842989690508,,,,,37.04296297402954,,,35.45034635436165,,,25.28442376390803,,,0.0019972177829975777,0.0001941453603187977,0.0021885649783964876,0.0006682308205171468,0.9597233250106668,0.34950127011902665,0.2623827992792891,0.00010103584669498642,0.9167138042421799,4.978859734152786,0.9556491942238398,1.0392551734460655,3.87686087244301e-12,0.5201547095128907
982cec8b,0.5895435739821387,0.7,0.09558256182368856,0.23173672065214623,0.28418043975663754,0.0,0.5313746741844176,0.0058061161390144745,0.02889731800109012,0,,,0.09558256182368856,,,0.23173672065214623,,,0.28418043975663754,,,,,0.5313746741844176,,,0.0058061161390144745,,,0.02889731800109012,,,,,0.02760211168539401,,,0.025794184629573783,,,0.0752732051293102,,,,,0.0,,,0.0,,,0.0,,,,,15.92813686191817,,,17.6002458807998,,,12.79661877541394,,,,,5.906235124383122,,,4.733165057840014,,,2.4830787671364054,,,0.0005342171700422747,0.0005946407956645552,0.016767205249402867,0.0007704082743757762,3.350442248114867,0.9623847444188222,0.9038682090143938,2.2247422438967876e-05,0.12266498601263132,5.921189919625322,1.0359020452960948,0.9269836946427152,2.0842447267547288e-10,0.9962935912916986
3631c15a,1000000.0,0.7,0.0,0.0,0.0,0.0,1000000.0,1000000.0,1000000.0,0,,,0.0,,,0.0,,,0.0,,,,,1000000.0,,,1000000.0,,,1000000.0,,,,,0.0,,,0.0,,,0.0,,,,,0.0,,,0.0,,,0.0,,,,,0.0,,,0.0,,,0.0,,,,,0.0,,,0.0,,,0.0,,,0.0004800914914429685,0.0007373563161346287,0.004201972811562635,0.0019590455656331666,0.15537041105617033,0.33099005241588997,0.8998016811909068,3.055237014597776e-05,0.13924284218025562,5.347360283598196,0.8984752228576398,0.963446541143727,1.5415375841076387e-11,0.9328763478173935
958f4a4f,4.445513435476726,0.7,0.030845753821823838,0.11652530227666576,0.28598939565221054,0.0,2.856361638140223,1.4010570262881503,0.03616950591834034,0,,,0.030845753821823838,,,0.11652530227666576,,,0.28598939565221054,,,,,2.856361638140223,,,1.4010570262881503,,,0.03616950591834034,,,,,0.02616891867295378,,,0.07399176936165701,,,0.06860064561560493,,,,,0.0074106305480976945,,,0.0,,,0.0,,,,,124.71841726582534,,,63.13405217513383,,,12.05322560433078,,,,,12.492342630685638,,,6.236674497550295,,,2.7639071568196183,,,0.0006402463277174047,0.00045005796807802293,0.0007680592764627732,0.0006345765060185263,0.991844791557675,0.6599179619444784,0.9776404059648278,3.1911532018607825e-05,0.8615442811592251,5.807543659375479,0.8274660320210435,0.8031519627701915,1.653059304482057e-11,0.992298139649828
8a03ac92,2.117883596104549,0.7,0.08908340015983958,0.343914919843973,0.36926551762535215,0.0,1.5382604681539638,0.22572994888085474,0.17447137542205288,0,,,0.08908340015983958,,,0.343914919843973,,,0.36926551762535215,,,,,1.5382604681539638,,,0.22572994888085474,,,0.17447137542205288,,,,,0.012193871401864327,,,0.040583471312931114,,,0.05465694278234362,,,,,0.0,,,0.0,,,0.0,,,,,126.24813941849362,,,4.364021210197913,,,38.507385796926414,,,,,4.378077533740013,,,4.882007843195326,,,2.470251437223388,,,0.0005280237252907179,0.0009217238326483849,0.0049166235811750215,0.003558865109871872,1.4245255757457518,0.5859569619467911,0.42326041551155164,7.302314316891299e-05,0.14770711127208205,6.065143676797212,0.8303078162775794,0.8481262315940559,2.1605439354931243e-11,0.7611626642313063
a23a80e8,6.041052751775486,0.7,0.0069299697004461275,0.11616745960008633,0.2650161740370528,0.0,3.8453727302571514,1.8189982106271638,0.1826877576728268,0,,,0.0069299697004461275,,,0.11616745960008633,,,0.2650161740370528,,,,,3.8453727302571514,,,1.8189982106271638,,,0.1826877576728268,,,,,0.004576247096149014,,,0.04776232540004993,,,0.19002163228172672,,,,,0.08577165604486453,,,0.0,,,0.0,,,,,108.19521361967968,,,137.63456955410464,,,30.518539693421474,,,,,17.312105178195768,,,7.429020159295975,,,2.48920486086383,,,0.0010308593859214327,0.0008324048889466387,0.0007861256089162746,0.003606663348836008,0.4313628385442423,0.4719399861587932,0.2903902239785151,1.5915216539539374e-06,0.4200942804810733,5.808775385303601,0.8897399832399537,0.8056140191022209,5.90934876182626e-11,0.6252544128298412
93744aa3,1.4922685538039238,0.7,0.10073570216770805,0.1811585945237182,0.22483905138195276,0.0,0.8128223563811887,0.41345147961766887,0.2659648849528728,0,,,0.10073570216770805,,,0.1811585945237182,,,0.22483905138195276,,,,,0.8128223563811887,,,0.41345147961766887,,,0.2659648849528728,,,,,0.022418972537757362,,,0.05097913507846933,,,0.1714222834033268,,,,,0.0,,,0.0,,,0.0,,,,,124.47831649327128,,,29.58865505834409,,,39.709001380265796,,,,,5.227038709310913,,,5.018074660078386,,,3.1100732819590946,,,0.00027002471608600793,0.001219034041176629,0.0024933067134992066,0.001152210600511697,3.153156816806199,0.6404034128882506,0.7810037544686167,1.15100313916911e-05,0.04016807365673128,5.539559351160408,1.0658225956320388,0.9474122447500984,2.5844105282063315e-11,0.921171597141181
a6c796c6,5.1632113564287305,0.7,0.034747448488843584,0.16128631848371464,0.2123149506567452,0.0,2.2965499692113185,1.390347959451622,1.4061105191610512,0,,,0.034747448488843584,,,0.16128631848371464,,,0.2123149506567452,,,,,2.2965499692113185,,,1.390347959451622,,,1.4061105191610512,,,,,0.028778071003173315,,,0.07301725860943603,,,0.020752206394501482,,,,,0.0,,,0.0,,,0.0,,,,,100.37910113615898,,,161.04891824996892,,,160.25490308719642,,,,,5.116905543367845,,,3.7019734518934118,,,2.1861438225449406,,,0.0002479448169815354,0.00032007529031030446,0.0011060012848433905,0.003239132882499586,6.7459800256542,0.5605262369675268,0.9883684765407391,2.984360819773275e-05,0.6096181918139371,5.579230797359012,1.115797160545205,0.8092269562100423,5.112150698429431e-12,0.9947894137679041
3655cca6,2.720051075985943,0.9,0.09369387199795048,0.19651258295947566,0.21170783670099938,0.0,2.1176436969380843,0.22730212331312583,0.3699304832157648,0,,,0.09369387199795048,,,0.19651258295947566,,,0.21170783670099938,,,,,2.1176436969380843,,,0.22730212331312583,,,0.3699304832157648,,,,,0.04264150514908123,,,0.1901616468153403,,,0.12177621305970533,,,,,0.0,,,0.0,,,0.0,,,,,150.9642152230974,,,47.71710109151567,,,102.46961153339849,,,,,6.439486697875286,,,4.135221504789807,,,3.152631445492405,,,0.0005020911594454929,0.0008864971338863543,0.017415076001365208,0.0005844630572364702,1.6158337609895412,0.8777317530009449,0.425802398065561,1.317938405040855e-05,0.04335288382049795,6.330192407245491,1.0806573056499502,0.9461457887369781,7.756064160537874e-11,0.9297512855406083
3558ff72,0.5106730371987899,0.9,0.09592613127174965,0.29438299919310623,0.35986610485533693,0.0,0.3556020233577489,0.014710960006893958,0.045471906950996364,0,,,0.09592613127174965,,,0.29438299919310623,,,0.35986610485533693,,,,,0.3556020233577489,,,0.014710960006893958,,,0.045471906950996364,,,,,0.014688020674090248,,,0.050241618893212804,,,0.0953644660772516,,,,,0.0,,,0.0,,,0.0,,,,,13.432650520124003,,,6.473092222387911,,,12.314991052335424,,,,,5.148824543410826,,,5.070041997404317,,,2.3894272533852834,,,0.0008907301934991887,0.00011705578328957666,0.002109796001644768,0.0016912743846627153,4.076044116815301,0.8351889518663731,0.9492093569435365,1.5476239783847928e-05,0.1499352700993492,6.624906024094655,1.0526058848196378,0.8640655843179873,7.249486816279197e-11,0.9915342199467889
2c562810,4.894799269474858,0.9,0.05279801515034563,0.1316026941976528,0.1461263015094304,0.0,3.0310861648175225,0.8104850934719714,1.0461848155381304,0,,,0.05279801515034563,,,0.1316026941976528,,,0.1461263015094304,,,,,3.0310861648175225,,,0.8104850934719714,,,1.0461848155381304,,,,,0.0071514215873603884,,,0.06926891507835081,,,0.04482435638721805,,,,,0.0,,,0.0,,,0.0,,,,,138.31991110246778,,,47.35566098955802,,,88.92561532197917,,,,,5.37879168945426,,,4.367380428819282,,,3.485850400823007,,,0.000111783420491175,0.007056590986744204,0.005295105186638207,0.000555956677189404,5.273909302077274,0.9350269217217982,0.6243770780871417,1.792876376271082e-05,0.12611842592582484,5.857197597054115,1.1999405288418248,1.0200290355468296,9.500783767982811e-11,0.9755321847836603
3b62efc0,0.5409164205349828,0.9,0.09615004639724407,0.2788589897800122,0.3887835179442905,0.0,0.3648272911127055,0.02040204180202819,0.04993874451684187,0,,,0.09615004639724407,,,0.2788589897800122,,,0.3887835179442905,,,,,0.3648272911127055,,,0.02040204180202819,,,0.04993874451684187,,,,,0.06024503963182433,,,0.05732278223075595,,,0.09175658684338132,,,,,0.0,,,0.0,,,0.0,,,,,27.243931120538218,,,3.7419146907229512,,,11.122118951476436,,,,,5.262153812427485,,,5.135531584784463,,,2.532045414552395,,,0.00024380448657704344,0.003996530128130846,0.0043241225986689795,0.001938753613583488,7.584895643314195,0.7380997975316402,0.985093102187621,9.642667761534e-05,0.02822941044017429,5.520799522527801,0.8000619807706346,0.9644044933478728,1.506287477346748e-10,0.995997371134544
e4334350,3.283373752457507,0.9,0.0674837055852709,0.14129161930780562,0.1475765525795642,0.0,1.593274804488607,0.6735510776430169,1.0134267736300764,0,,,0.0674837055852709,,,0.14129161930780562,,,0.1475765525795642,,,,,1.593274804488607,,,0.6735510776430169,,,1.0134267736300764,,,,,0.03617009946438869,,,0.07552786647088672,,,0.10877169553886991,,,,,0.0,,,0.0,,,0.0,,,,,126.39525187767254,,,58.21872084413558,,,9.365917061254873,,,,,5.638114432146715,,,4.908405013882236,,,2.940734609835661,,,0.0017634471147975877,0.00033880600269606243,0.0009155065253266946,0.0005073402895214071,2.2195711171757777,0.5735636272908039,0.9785876086610134,1.7879903916647878e-05,0.23707543996855618,5.40228031616929,1.1457014966225767,1.0357630922417267,1.1233243631320435e-10,0.9907711187455066
ec5c1840,0.20021659520428578,0.9,0.11050169989375415,0.22217199221609343,0.33573894933857024,0.0,0.15022164797950344,0.01741257691350491,0.005618740106428165,0,,,0.11050169989375415,,,0.22217199221609343,,,0.33573894933857024,,,,,0.15022164797950344,,,0.01741257691350491,,,0.005618740106428165,,,,,0.0480397640127293,,,0.007180193367766328,,,0.033522351070377404,,,,,0.0,,,0.0,,,0.0,,,,,5.332007731398744,,,3.2876645644084816,,,6.854145826273567,,,,,6.8992647581574,,,5.356167449397085,,,2.118576591549629,,,0.0014932537139930255,0.0004713919343795225,0.004594522897600012,0.0002242522072544708,6.9084749523501925,0.9150000364282846,0.9182557537315976,1.8990786164817016e-05,0.16515708840475352,5.660082866881176,1.0106552093090804,0.8892509569209173,2.9513010167452197e-10,0.9929599164696153
0e9b540e,5.044887180813122,0.9,0.05728982381940828,0.11373188230667294,0.16524366827909837,0.0,2.1099220756207995,1.138245353368397,1.791964757652135,0,,,0.05728982381940828,,,0.11373188230667294,,,0.16524366827909837,,,,,2.1099220756207995,,,1.138245353368397,,,1.791964757652135,,,,,0.04933964633619744,,,0.035580390495943345,,,0.0993066043601026,,,,,0.0,,,0.0,,,0.0,,,,,148.2594732749053,,,54.68384224939587,,,162.40202203676634,,,,,5.651771981683074,,,4.368197142176789,,,3.1558789467491417,,,0.0010719052968342733,0.001029270424419167,0.020212504994779844,0.00027261182298143427,2.0538608469210096,0.7740891879537016,0.9083243712380079,3.458996760545096e-05,0.43675176778344876,5.917173664745503,1.1852662395486697,0.9251461537282601,6.128792765510713e-11,0.9791986518243996
696e2a66,3.2229270519457898,0.9,0.05793222871110522,0.3085184094112981,0.3303810142641522,0.0,1.366872204421412,0.10436508974460698,1.5252330502632012,0,,,0.05793222871110522,,,0.3085184094112981,,,0.3303810142641522,,,,,1.366872204421412,,,0.10436508974460698,,,1.5252330502632012,,,,,0.043692677029587255,,,0.028819461884021753,,,0.07202930445654847,,,,,0.0,,,0.0,,,0.0,,,,,12.438246047498934,,,64.18133470041373,,,170.17451512089002,,,,,5.460004888020464,,,4.767353997660201,,,2.505899027694705,,,0.0007452755714311038,0.0004431854557374672,0.00938556564564579,0.0019519369520717468,2.757317761743804,0.9711850135702347,0.8934019537832224,5.161070212542653e-05,0.09185757930229464,6.0336917969283475,0.9273283920426141,1.0519781723530088,1.18996805861667e-10,0.9968390385494458
94a7d4c1,2.1599535611284164,1.0,0.061888397163906296,0.18120655973543326,0.21947861095417448,0.0,1.4004317165279214,0.3316443085270818,0.3972694858100193,0,,,0.061888397163906296,,,0.18120655973543326,,,0.21947861095417448,,,,,1.4004317165279214,,,0.3316443085270818,,,0.3972694858100193,,,,,0.013041872354848931,,,0.07517130067076615,,,0.018877151892601706,,,,,0.0,,,0.0,,,0.0,,,,,14.9669415855645,,,55.32806433768233,,,73.46118134483987,,,,,6.077168406882432,,,4.412273326950956,,,2.5668610979246678,,,2.1732198544845337e-05,0.001489100055202788,0.00933465435401374,0.0004835141348222337,6.379992348067476,0.9645916258904675,0.7437955298462914,1.441185608514959e-05,0.07379608194229254,5.950130014310078,1.0827283829117076,1.0023490061710174,1.1983605082718323e-10,0.9908538367192783
415ddd2d,2.338332596766167,1.0,0.07553162807794288,0.2598278980833401,0.31376264965465916,0.0,1.0343508668274612,1.2049663057782238,0.003361768519981718,0,,,0.07553162807794288,,,0.2598278980833401,,,0.31376264965465916,,,,,1.0343508668274612,,,1.2049663057782238,,,0.003361768519981718,,,,,0.048070298634168014,,,0.012521357659662969,,,0.02592978411009902,,,,,0.0,,,0.0,,,0.0,,,,,102.62834976917743,,,152.99026115059993,,,8.816164636418666,,,,,5.250154591319296,,,5.218426690479389,,,2.470919542225188,,,0.001478809117517257,0.001698788320912149,0.030426695441742143,0.0013123786026566062,9.926014293539502,0.9964085839473528,0.47348648189037434,6.439705044169771e-05,0.33402780458958914,6.037382393443581,1.0928728424501584,0.8021439383128389,1.0233233976268578e-10,0.9980617222509363
bf6c4f10,4.956256321470749,1.0,0.019983214267398308,0.22448312004627854,0.3304381919351671,0.0,3.1017413889452867,0.29124551374034857,1.2733502072433043,0,,,0.019983214267398308,,,0.22448312004627854,,,0.3304381919351671,,,,,3.1017413889452867,,,0.29124551374034857,,,1.2733502072433043,,,,,0.012004868396724235,,,0.04084680681959066,,,0.04242477639338943,,,,,0.0,,,0.0,,,0.0,,,,,87.33372499829373,,,106.28131152972388,,,161.425628414693,,,,,7.670009439306099,,,4.860783305703065,,,2.816945523909153,,,0.0027359039604692827,0.00340598087812192,0.0045449945443372455,0.003686878881040611,6.035150368120142,0.9613599468175678,0.5069589492852611,7.891407052062561e-06,0.19030970747335285,6.029791754295637,1.062923179161084,0.9950901069832333,2.7592944139159105e-10,0.9808981716843317
c0a1beb1,0.04779116281952299,1.0,0.15027843746896843,0.26701181133148727,0.30482729011713233,0.0,0.007509717205926872,0.007843958663421335,0.029400229531590414,0,,,0.15027843746896843,,,0.26701181133148727,,,0.30482729011713233,,,,,0.007509717205926872,,,0.007843958663421335,,,0.029400229531590414,,,,,0.038754915058420325,,,0.039607975619618166,,,0.07668145738259076,,,,,0.0,,,0.0,,,0.0,,,,,28.779777193103453,,,11.207898502996743,,,41.99172590193675,,,,,5.347079069136256,,,5.408159244730141,,,3.306457043213459,,,0.0015424728169623335,0.00032005332035004873,0.004368964448042894,0.000316618294493009,6.386213448990425,0.8586323907567782,0.7534009771140139,3.769706424402011e-06,0.2879209474621056,6.419444945567963,0.8694160303884536,0.949746270916091,2.2913517759267655e-11,0.9650635455951823
5b7b686e,0.5963695595592265,1.0,0.12228611224071483,0.328873940447708,0.3576485754133769,0.0,0.20674862861561843,0.13453644683181196,0.193656278306744,0,,,0.12228611224071483,,,0.328873940447708,,,0.3576485754133769,,,,,0.20674862861561843,,,0.13453644683181196,,,0.193656278306744,,,,,0.01172190230510213,,,0.02536977487200618,,,0.08020276290051676,,,,,0.0,,,0.0,,,0.0,,,,,24.62603558188002,,,15.689799110566891,,,36.60601967074287,,,,,9.786549686739445,,,6.672755734095551,,,3.1646621811165736,,,0.0010344261666027834,0.0013158340933953274,0.00026920955722052023,0.00339479134192875,2.62362738028884,0.6947449659245493,0.5803034018144193,0.00018645927593986992,0.27995757544636624,6.023363956042396,1.0986115682037436,0.8009467951818654,8.74973608479684e-10,0.8718274702793284
77440a76,0.8084467218642253,1.0,0.08237796018417666,0.21819914020266487,0.32423783791351646,0.0,0.6431166520515663,0.03435244868723953,0.06655957627019105,0,,,0.08237796018417666,,,0.21819914020266487,,,0.32423783791351646,,,,,0.6431166520515663,,,0.03435244868723953,,,0.06655957627019105,,,,,0.10089830697480448,,,0.06076030154895337,,,0.11537727355956288,,,,,0.0,,,0.0,,,0.0,,,,,27.984479894728448,,,6.875192585179952,,,10.27092976206879,,,,,5.507156479173198,,,5.028865146869088,,,2.3587131872288722,,,0.00379011038229055,0.0005301993185397746,0.002192226422991689,0.0004703721689669254,6.311925898051215,0.6284313730700061,0.985097708658959,4.038625834848758e-05,0.5841826931514634,6.525070798489266,0.8878139398923031,0.8000332025416186,2.1921055635861384e-10,0.9943642662974328
395420c0,0.24860060768527753,1.0,0.10931486431365565,0.24462249987645,0.3009748577151841,0.0,0.1617275183440252,0.0033122848347420836,0.06797784995063837,0,,,0.10931486431365565,,,0.24462249987645,,,0.3009748577151841,,,,,0.1617275183440252,,,0.0033122848347420836,,,0.06797784995063837,,,,,0.02495093699435372,,,0.025738239390999857,,,0.11660004283930463,,,,,0.0,,,0.0,,,0.0,,,,,32.0429947286585,,,8.247177383124257,,,21.551529929107847,,,,,5.720808670399673,,,4.764734925060714,,,2.3554128960249283,,,0.0008864663330376433,0.0003408322518469298,0.010056597275281305,0.0004678542698049642,5.007538363506846,0.9909060634058641,0.9887912781135482,5.0997278941327644e-05,0.2001805913471577,5.815074201178956,0.9345567227439013,0.8436315390954449,1.1159520056136871e-10,0.999799189466052
71e9bcd3,0.12590037294495124,1.0,0.11934256827988526,0.22770043808312102,0.34899489689175134,0.0,0.058879665471891794,0.03370609511282845,0.008356743572923426,0,,,0.11934256827988526,,,0.22770043808312102,,,0.34899489689175134,,,,,0.058879665471891794,,,0.03370609511282845,,,0.008356743572923426,,,,,0.00475332972547146,,,0.0261269390041092,,,0.04088213197210592,,,,,0.0,,,0.0,,,0.0,,,,,14.510395783165766,,,3.3846266444801634,,,23.71838927290864,,,,,5.711830530693295,,,5.106407049712278,,,2.587386259357437,,,0.0005083967550642462,0.00020598450780007343,0.0035493298441875145,0.0007666940401836502,3.4231494273275955,0.9122983490927066,0.7022912643706238,1.9025132790631666e-06,0.0100034550129671,5.748373764788424,0.8812539923758641,0.8655879463961348,2.59051637032132e-10,0.9738202232693437
39e85353,2.731615904226864,1.1,0.042574532175266855,0.18947229927216752,0.2708171542062909,0.0,2.4454090202803194,0.17687939600213384,0.00036186162357627677,0,,,0.042574532175266855,,,0.18947229927216752,,,0.2708171542062909,,,,,2.4454090202803194,,,0.17687939600213384,,,0.00036186162357627677,,,,,0.014269407545606651,,,0.0443277949599164,,,0.0016651039191712637,,,,,0.0,,,0.0,,,0.0,,,,,42.75132166243023,,,18.357773165080594,,,11.87751425739688,,,,,6.098400114171858,,,5.1318228261335115,,,2.838435380692455,,,0.0013899268960124208,0.00032582583884574934,0.001409042473974776,0.00011057376892603881,1.5927693909550844,0.6073271609770098,0.39682448341925597,1.4629606773998657e-05,0.174224380246848,5.532266096409748,0.8000093764405217,0.8566130427430592,9.855585353537495e-11,0.7631096750267385
d2532c64,1.8654812321856815,1.1,0.08079678237930149,0.17557579285349287,0.2941775567353226,0.0,0.7038158397012922,1.0225392662959372,0.09608645203619745,0,,,0.08079678237930149,,,0.17557579285349287,,,0.2941775567353226,,,,,0.7038158397012922,,,1.0225392662959372,,,0.09608645203619745,,,,,0.06082767903673631,,,0.11921117427946094,,,0.061801801344282904,,,,,0.0,,,0.0,,,0.0,,,,,12.983294557143122,,,143.71539158223771,,,44.39341603925014,,,,,6.124174273697208,,,4.5964263022185845,,,3.1881482415611546,,,0.0013048957221366588,0.0005113201602990257,0.0038234092536698597,0.0002684966681387102,1.3766362293797378,0.998570736467115,0.9656628215133529,1.3247152889023457e-06,0.10695827189256454,6.40729531081681,0.9387507073932676,0.9450560924823165,1.4973876858501877e-11,0.9998543568408156
dce00323,1.3052103933220665,1.1,0.10901059537902935,0.250339142762995,0.2998091832082535,0.0,0.3293218051217795,0.012703567563483764,0.9453192883036886,0,,,0.10901059537902935,,,0.250339142762995,,,0.2998091832082535,,,,,0.3293218051217795,,,0.012703567563483764,,,0.9453192883036886,,,,,0.008580841136357478,,,0.050405490898281634,,,0.06682407509290259,,,,,0.0,,,0.0,,,0.0,,,,,3.113813414991806,,,16.219955005962387,,,134.65402093150263,,,,,7.656707005026159,,,7.162379553811499,,,4.864669531802046,,,0.0006701268392625933,5.734041042574854e-05,0.006312908419152373,0.0017007458540792665,9.883351187777722,0.7755670545345338,0.8460994692220624,6.88342149259049e-06,0.05733081487864078,5.683556652613439,0.8126317930151853,0.8820029486480261,1.3742275670952728e-09,0.9653750406218866
1f40f060,0.2921038274821374,1.1,0.10564767858497716,0.24310048450732333,0.3247095719370468,0.0,0.2327136796741136,0.02738939708115874,0.003728162382069381,0,,,0.10564767858497716,,,0.24310048450732333,,,0.3247095719370468,,,,,0.2327136796741136,,,0.02738939708115874,,,0.003728162382069381,,,,,0.07010209963886824,,,0.07401269766892535,,,0.027306271741376124,,,,,0.0,,,0.0,,,0.0,,,,,6.41786884061976,,,13.137161363004774,,,29.945680821021348,,,,,5.828313164882935,,,4.990058842613732,,,2.4813203677241815,,,0.0004284856761569136,0.00013647546857887443,0.0031040096272742105,0.0006664496527721554,3.272429358631729,0.9786898101121424,0.7778225893217212,2.5193692060139064e-06,0.21754140357902294,5.770398779484621,0.9379944537764121,0.9048995388586167,1.7196464659570138e-10,0.9951875749307212
e0574d4c,2.2129445643453605,1.1,0.09631880037363842,0.35411330859687434,0.33020204548252763,0.0,1.7273776858397178,0.30639704600008316,0.017910312353149504,0,,,0.09631880037363842,,,0.35411330859687434,,,0.33020204548252763,,,,,1.7273776858397178,,,0.30639704600008316,,,0.017910312353149504,,,,,0.025053074485274916,,,0.01061852421810868,,,0.059850333922459455,,,,,0.10592563516450562,,,0.0,,,0.00333363193475313,,,,,163.94114272004487,,,7.259483711549673,,,26.971042546300403,,,,,30.524009464219834,,,9.482586824405493,,,3.4711410248648353,,,0.0053553624245964125,0.0004728842204781701,0.006609470388054088,0.004137308730759355,2.3708066384696505,0.7683749352079895,0.8196231868213754,5.841519798945184e-06,0.2633164354510804,5.3486878359618295,0.8466121641609804,1.0103828755206048,1.7078351442995267e-09,0.9581382466418426
e5d1c8f8,0.31397450500498936,1.1,0.10262514745805365,0.2562747669568775,0.3590084386585854,0.0,0.24497716252582075,0.011382922284406889,0.0002886539150265637,0,,,0.10262514745805365,,,0.2562747669568775,,,0.3590084386585854,,,,,0.24497716252582075,,,0.011382922284406889,,,0.0002886539150265637,,,,,0.027332507367535334,,,0.04363331454366156,,,0.007598077586160379,,,,,0.0,,,0.0,,,0.0,,,,,15.82501475281064,,,10.782742854499482,,,10.745373595397616,,,,,5.2286162273520755,,,5.120889603464253,,,2.2588484207718516,,,0.00649866138908356,0.00022322696425059458,0.007575930948572412,0.0013711303160918165,1.8678268650429337,0.9807055571901487,0.9781841446884668,4.87100899587114e-06,0.166204823663186,6.624833022088564,0.957870412146016,0.8719546644697872,8.411885049510468e-11,0.9994812568128748
5d973b30,0.5205945810319074,1.1,0.09835487276906951,0.25327873452786587,0.3343068053166534,0.0,0.45771732931081965,0.004874224937707743,0.008933271270498975,0,,,0.09835487276906951,,,0.25327873452786587,,,0.3343068053166534,,,,,0.45771732931081965,,,0.004874224937707743,,,0.008933271270498975,,,,,0.0335448515841347,,,0.008271525188423426,,,0.04226883312914842,,,,,0.0,,,0.0,,,0.0,,,,,21.74245369909227,,,14.717483152968644,,,13.500840117205675,,,,,5.775393200819602,,,4.5297048230450345,,,2.649185490978074,,,0.00025677563240438786,0.0004786471713133465,0.0032993617164556914,0.0005026777505482013,4.234695520019079,0.7243759139043032,0.6079631359772292,1.3653664271992011e-06,0.16600339310335904,5.875809373623082,0.8159824948882706,0.9896792927932212,1.425806522952589e-10,0.8918844013243031
04cbe433,9.210838398822276,1.1,-0.020278174135013073,0.09229324993888514,0.1147843569718948,0.0,5.514117888662529,2.2063896528512963,1.384793859794827,0,,,-0.020278174135013073,,,0.09229324993888514,,,0.1147843569718948,,,,,5.514117888662529,,,2.2063896528512963,,,1.384793859794827,,,,,0.05602998708865906,,,0.031621913904987815,,,0.043728394046822924,,,,,0.0,,,0.0,,,0.0,,,,,48.866292665770175,,,104.09927979366024,,,102.71268156178894,,,,,7.0589422158486395,,,4.8084285026960645,,,2.291005751814598,,,0.005827139515886305,9.565577167093645e-05,0.003400160618606193,0.006521577850535242,0.5206923442680327,0.848636170475739,0.8075373703947736,6.967244963996865e-06,0.018439707883806083,6.009543383137013,1.0101300479369053,1.0482155888572062,6.577003667860912e-11,0.9707873656056041
7ca2ab9c,0.133779723988593,1.3,0.13131448606646298,0.22735894392674816,0.331808345010066,0.0,0.028135618727479418,0.061183262284273184,0.03571494231306587,0,,,0.13131448606646298,,,0.22735894392674816,,,0.331808345010066,,,,,0.028135618727479418,,,0.061183262284273184,,,0.03571494231306587,,,,,0.029730074499085796,,,0.05870747794005778,,,0.08451620236743469,,,,,0.0,,,0.0,,,0.0,,,,,11.948131614692736,,,35.43155805941074,,,12.495193407000045,,,,,5.798882118776373,,,4.578027404192929,,,2.214249708350518,,,0.000512742253992961,2.9085109235130486e-05,0.008935025282386422,0.0007961768806767271,7.5443888486519475,0.75905686977584,0.7963513337423244,4.368566924198267e-06,0.5854529883310284,5.977766919620289,0.902389898414411,0.9008230906733875,1.028582361138108e-10,0.9508526177525262
5204c648,0.18744456955658506,1.3,0.11508619836404316,0.25649597274892283,0.37905960813441086,0.0,0.10132670221368957,0.0008994339182340228,0.036617141407208814,0,,,0.11508619836404316,,,0.25649597274892283,,,0.37905960813441086,,,,,0.10132670221368957,,,0.0008994339182340228,,,0.036617141407208814,,,,,0.033038688834263474,,,0.013412187876957457,,,0.08557703127265961,,,,,0.0,,,0.0,,,0.0,,,,,18.22461287630604,,,12.444953754890664,,,6.606439297997023,,,,,7.042668219789076,,,5.4639891826928615,,,2.8879107843737506,,,0.003836041689550207,9.028773856266973e-05,0.003136269834884668,0.001169102304556576,2.322017696678107,0.7929176565724768,0.7851183753898857,1.3312137313383532e-05,0.39379231090742217,5.776064767137549,1.0037918107704906,0.9248833138974613,4.949070873747091e-10,0.9554232977786852
3519cce2,2.685651113305524,1.3,0.10351995874616524,0.22242964509804902,0.27577793421319147,0.0,0.22909957842749523,1.0574492453822408,1.3896903039002866,0,,,0.10351995874616524,,,0.22242964509804902,,,0.27577793421319147,,,,,0.22909957842749523,,,1.0574492453822408,,,1.3896903039002866,,,,,0.018766707363769664,,,0.035527894815019806,,,0.055511280769779854,,,,,0.0,,,0.0,,,0.0,,,,,24.819243352123582,,,139.02686994664944,,,162.94007537143176,,,,,4.674393713563499,,,4.4962051455919445,,,2.9312628575084005,,,0.0008857228605383564,0.000370630247861554,0.004984870049245589,0.00028731777325727504,9.826363674473162,0.9977004961492917,0.8900447503913885,1.161978796079529e-06,0.1410355481268768,6.233559453925371,0.9876712060653816,0.9836583412364766,6.273707903514026e-11,0.9996581530050803
d30d0970,0.21316651820865537,1.3,0.11335422445170285,0.21381411417837845,0.33336771336315907,0.0,0.10882924005754104,0.042201994479993364,0.03786147401332321,0,,,0.11335422445170285,,,0.21381411417837845,,,0.33336771336315907,,,,,0.10882924005754104,,,0.042201994479993364,,,0.03786147401332321,,,,,0.008136512737012548,,,0.016718846979302718,,,0.08701893358726388,,,,,0.0,,,0.0,,,0.0,,,,,3.714611364396865,,,16.088390717598674,,,16.95629474245886,,,,,5.6291649259538445,,,5.253104898273932,,,2.516457118709418,,,0.0004716374107375938,5.408223146074735e-05,0.006058400159800508,0.0003394418210134073,9.729530517027522,0.680520853070985,0.5670249337675566,6.691090843176763e-07,0.2495751531819848,6.300142275840038,0.8035284091422257,0.8240181904535133,3.5012635978781466e-10,0.8616167927051485
c5776c6d,4.350761424818257,1.3,0.06517002555888199,0.20418337757992458,0.19383901313589522,0.0,2.567570013528586,0.10407898308434257,1.6413680196039597,0,,,0.06517002555888199,,,0.20418337757992458,,,0.19383901313589522,,,,,2.567570013528586,,,0.10407898308434257,,,1.6413680196039597,,,,,0.019272238628216528,,,0.03228013458380456,,,0.07709246041627901,,,,,0.0,,,0.0,,,0.0,,,,,166.32417933869849,,,21.04010736743325,,,163.72055777266527,,,,,5.851200588058613,,,4.2902682554314495,,,2.304672546388889,,,0.0004566777524223256,0.0002291688636025324,0.002813113525020652,0.0005123784990004787,8.191271128302946,0.9551107297748264,0.8028802626345414,6.019632203453874e-07,0.12085153153239617,5.756581681047668,1.1928253730915077,0.909546107348374,1.985322487442495e-10,0.9910711508164233
80ffd3af,3.172777307848795,1.3,0.1129586355279051,0.18927193189055164,0.28038538568847665,0.0,0.16834878749937154,1.835560416854884,1.1622620974556523,0,,,0.1129586355279051,,,0.18927193189055164,,,0.28038538568847665,,,,,0.16834878749937154,,,1.835560416854884,,,1.1622620974556523,,,,,0.013646214396946063,,,0.01476402797262886,,,0.01959066383197309,,,,,0.030333257579485073,,,0.11405291562850035,,,0.0,,,,,6.810948520035473,,,171.12992376351295,,,156.94730180856504,,,,,17.976954303610295,,,14.34195135069121,,,4.592863131752932,,,0.0012317335124243304,0.00017122782752269187,0.01070337141549533,7.545378165834003e-05,4.017977093047826,0.6882220387686746,0.8802868341724811,1.4918168391823065e-06,0.10138352120109781,6.012423748711975,0.8109994574978479,0.938935995864837,1.6696187739461344e-09,0.9625880445423314
1841bd25,1.3351725225578495,1.3,0.08730114735984805,0.230293392608727,0.3288768717151783,0.0,1.1917492283770326,0.02753479249161209,0.05554258136320787,0,,,0.08730114735984805,,,0.230293392608727,,,0.3288768717151783,,,,,1.1917492283770326,,,0.02753479249161209,,,0.05554258136320787,,,,,0.06891457302560619,,,0.061796141843549715,,,0.10539694622066416,,,,,0.0,,,0.0,,,0.0,,,,,133.24515516227564,,,12.878507278533029,,,8.768946094316236,,,,,5.143654119390198,,,4.621708877246775,,,2.4338732041720372,,,0.0007196359332064691,0.00039810807881218024,0.0002770629032255031,0.0008275731988005108,3.541495585766938,0.6863387537118844,0.7672341101613886,3.065399470942631e-06,0.34975888129931204,6.348052083318007,0.834682701235961,0.878089091227659,8.25899760086341e-11,0.9269136374888428
993b1b69,0.11720358099640052,1.3,0.12367545247302734,0.2166584506927758,0.3198008946774022,0.0,0.03205146747707275,0.0703407380173659,0.004984714491221478,0,,,0.12367545247302734,,,0.2166584506927758,,,0.3198008946774022,,,,,0.03205146747707275,,,0.0703407380173659,,,0.004984714491221478,,,,,0.07406544257422228,,,0.016419006221992084,,,0.03157440257937267,,,,,0.0,,,0.0,,,0.0,,,,,14.16631749339446,,,12.965004735353736,,,8.184584041379102,,,,,5.726447099685581,,,5.119959909876589,,,2.4473974880788947,,,0.0002304924078379481,0.0003864805002589112,0.001121724932299616,0.0008825146476933199,2.442751410087299,0.8061472299545902,0.9124117525647993,1.0807249679826056e-05,0.18005936290043928,6.288247309055603,0.9314319075870261,0.8213619352933716,8.94204724630449e-11,0.9829295344360072
d5f7c8ea,0.5050805573621233,1.4,0.12142200901121017,0.2348707324935695,0.3360096497074269,0.0,0.36472576199308837,0.10598663181460465,0.019597389898930073,0,,,0.12142200901121017,,,0.2348707324935695,,,0.3360096497074269,,,,,0.36472576199308837,,,0.10598663181460465,,,0.019597389898930073,,,,,0.03440026473178716,,,0.14522355285489788,,,0.06260573440018107,,,,,0.0,,,0.0,,,0.0,,,,,96.97098300553219,,,11.797288120095176,,,10.78947541246147,,,,,5.612264848560954,,,5.651565685188291,,,2.460320512141846,,,0.0013105616321977501,0.00036898687028766476,0.0019829052009069097,0.0006788011189632612,5.760671521802743,0.783908241305968,0.9143405909024366,2.164877725785479e-06,0.012803237979407009,6.686113471364094,0.8536061266849773,0.8942597019372551,5.281064328554463e-11,0.9813982735803257
3630f95c,0.32219936533149596,1.4,0.10318694945409934,0.2269542476228524,0.36139010025012785,0.0,0.25521507653364855,0.008193545625247536,0.0026607778659069378,0,,,0.10318694945409934,,,0.2269542476228524,,,0.36139010025012785,,,,,0.25521507653364855,,,0.008193545625247536,,,0.0026607778659069378,,,,,0.028001285238790346,,,0.01803619843305167,,,0.02306849741923794,,,,,0.0,,,0.0,,,0.0,,,,,28.65014359277079,,,6.3260262050892475,,,7.731042881737804,,,,,5.361166280964972,,,5.132790057233783,,,2.4435569485470996,,,0.0015144885423773757,8.768699224101297e-05,0.002798683776708091,0.00029672019976663297,7.93815890199486,0.9091141143999513,0.9860904854243192,1.0540399801859185e-05,0.4502477090202905,6.859700202402622,0.8094147113364976,0.8416618402376993,1.5906102067573874e-10,0.99863721240098
dc8326d9,0.19703658416662884,1.4,0.11910139695543158,0.30480304811096515,0.403680459320525,0.0,0.059621949546301255,0.025169905384105958,0.04198805941863036,0,,,0.11910139695543158,,,0.30480304811096515,,,0.403680459320525,,,,,0.059621949546301255,,,0.025169905384105958,,,0.04198805941863036,,,,,0.015041272536119359,,,0.02071290337516979,,,0.028303629407511924,,,,,0.0,,,0.0,,,0.0,,,,,21.452951854824693,,,2.3691461243700846,,,3.0719158167997143,,,,,7.626882711356276,,,6.094337989327376,,,3.4952187871250415,,,0.00034824580091249383,0.00017545790033011868,0.0016208690113265665,0.0015718661157862978,2.245311702154024,0.9741899796895859,0.7130103664684948,1.2793858774212701e-05,0.20602441277107747,5.902540990954144,0.935701339315955,1.0343895934463017,5.010221833381067e-10,0.9925214906930268
227aac63,1.6168202985170335,1.4,0.13552991499774797,0.2407046012798184,0.273397899638068,0.0,0.0020523230802321313,0.0032439449786385347,1.608751678700548,0,,,0.13552991499774797,,,0.2407046012798184,,,0.273397899638068,,,,,0.0020523230802321313,,,0.0032439449786385347,,,1.608751678700548,,,,,0.020259926358366317,,,0.02547133674795469,,,0.055457800733652494,,,,,0.0,,,0.0,,,0.0,,,,,7.970869808170141,,,18.989848209010734,,,167.66731206090697,,,,,5.249715787545193,,,4.34284524732881,,,2.445925655983001,,,0.00014838850653464653,0.00014504820694396278,0.004359956566386896,0.0006244750295764101,9.525178592815044,0.9968524166774021,0.4584462712217872,9.715460018974701e-06,0.7120518719959301,6.291245696197644,0.8058819131007727,0.927354490881091,5.4797607643569906e-11,0.9982495698878848
0b2e470b,2.240536612484414,1.4,0.0437480776246529,0.24029587182580256,0.258743550065492,0.0,1.9033039581119546,0.007391215824897336,0.1872279814555264,0,,,0.0437480776246529,,,0.24029587182580256,,,0.258743550065492,,,,,1.9033039581119546,,,0.007391215824897336,,,0.1872279814555264,,,,,0.02276303075324297,,,0.038447927967310114,,,0.017741419148058154,,,,,0.0,,,0.0,,,0.0,,,,,38.18299600922302,,,17.193998697389247,,,68.37193602802922,,,,,6.476863616267038,,,4.657563582674249,,,2.584485452329092,,,0.00019445929438516633,0.0002396732135308119,0.000855649798045912,0.002951554898237911,7.175949471286289,0.45011737903110616,0.9784384567102106,3.0559310425377925e-05,0.7093805700406958,5.78159192841718,1.077655569776387,0.9617995602942151,1.9209519202882503e-10,0.9880458382180053
2cb9f823,0.6314012108987686,1.4,0.09936132624937616,0.3354398094146591,0.34115000412822605,0.0,0.3116650875571788,0.18359888887365308,0.012361424533418337,0,,,0.09936132624937616,,,0.3354398094146591,,,0.34115000412822605,,,,,0.3116650875571788,,,0.18359888887365308,,,0.012361424533418337,,,,,0.048596066881559916,,,0.05528935563039296,,,0.04972207665296842,,,,,0.0,,,0.0,,,0.0,,,,,29.3697954781825,,,2.0761716348215273,,,1.4249903014199583,,,,,5.753443180266091,,,5.713703039175291,,,2.528631022628868,,,0.00036603173666899784,0.0005717044092917751,0.002467732235322217,0.003022278050138816,2.0397434608434897,0.40413855532112475,0.4476977747203866,7.424108730996653e-06,0.44673960430947945,5.865325486945187,0.9456473218275838,0.8327536790663661,1.1207141437006592e-10,0.6708596283680599
de0c3cf6,0.17321603861855173,1.4,0.12105909555386707,0.2901388890283263,0.3985542748770868,0.0,0.06586724111195208,0.003644589296567339,0.04687925388339449,0,,,0.12105909555386707,,,0.2901388890283263,,,0.3985542748770868,,,,,0.06586724111195208,,,0.003644589296567339,,,0.04687925388339449,,,,,0.020232955349878103,,,0.026649735569021185,,,0.04267648503728637,,,,,0.0,,,0.0,,,0.0,,,,,9.15753904729931,,,5.164302715152291,,,15.223628080790242,,,,,6.54124173649282,,,5.902213897860409,,,2.85650300257936,,,0.0005172657728612437,0.00018125305650892797,0.0020189794202344776,0.0019200450982748802,1.5660519862467641,0.5167824573645061,0.8639252859905764,1.7770410223315597e-05,0.3788771639006781,6.251543337004254,1.0116924194656414,0.8007056923080239,4.472814506802232e-10,0.9341599185529397
cefab61b,0.11804778990690003,1.4,0.1236634136752452,0.24655131991560397,0.3939413218750372,0.0,0.030589644054055815,0.005389250178592811,0.03359052577514018,0,,,0.1236634136752452,,,0.24655131991560397,,,0.3939413218750372,,,,,0.030589644054055815,,,0.005389250178592811,,,0.03359052577514018,,,,,0.03305553025540255,,,0.030914547891793084,,,0.04634579628059212,,,,,0.0,,,0.0,,,0.0,,,,,14.45512745510696,,,5.514460142526341,,,29.824885598332987,,,,,7.975715988703702,,,6.075639169565578,,,2.9710743516677005,,,0.0009758331616993251,0.00013168374599153025,0.002520757236029995,0.0005371799150703657,2.9005664334316785,0.8454703646325503,0.7421147383208203,5.400242323586799e-05,0.11708145441960291,6.238912429269503,0.81772686367363,1.0666184298989303,4.4021671099510064e-10,0.9600748730722449
f3531bed,0.08141429979587078,1.6,0.1446837826261082,0.26636915650494525,0.4063005246253036,0.0,0.0015981722095651293,0.003785465367467065,0.048404524091101894,0,,,0.1446837826261082,,,0.26636915650494525,,,0.4063005246253036,,,,,0.0015981722095651293,,,0.003785465367467065,,,0.048404524091101894,,,,,0.01338594577564391,,,0.02751532433923709,,,0.019612953834635117,,,,,0.0,,,0.0,,,0.0,,,,,9.065217141096852,,,3.830793483776422,,,12.567991052319094,,,,,9.124176611691308,,,7.09521130544944,,,3.1748752453147016,,,0.003647329475958894,0.0004098954681759833,0.003187766806589912,0.0013323452889657604,4.936043176430656,0.8104627679820513,0.7653003142821219,4.606322615420146e-05,0.012645268060315537,6.062483847954274,0.9680177392017456,0.9258038489087841,6.37796250168097e-10,0.9554391411821227
a94abc22,6.168933261477694,1.6,0.045324452577797034,0.07958045386206378,0.3026640354731744,0.0,2.550959849245475,3.44608645290695,0.0007560712841241027,0,,,0.045324452577797034,,,0.07958045386206378,,,0.3026640354731744,,,,,2.550959849245475,,,3.44608645290695,,,0.0007560712841241027,,,,,0.003865473480332139,,,0.007031840083393147,,,0.012296920623669185,,,,,0.0808105943500705,,,0.042064195458405736,,,0.0,,,,,131.66673535624452,,,173.45274747881606,,,9.963507445173315,,,,,32.987847332480854,,,14.222284575689141,,,5.701676727597886,,,0.0006296367106861203,0.00010618048602846089,0.0025346689089383177,0.0007985017660040232,0.8665603397237834,0.8735503847572044,0.4653170952557554,1.4438765606733121e-05,0.40471040597245767,6.788871087037087,0.8386684524571228,0.9409413609767808,1.6170992179612492e-09,0.9323430207086644
d0768057,3.883929177884579,1.6,0.08922071894450831,0.12267998523383962,0.19347266018315756,0.0,2.3202018125021553,1.0965096946173676,0.4596282737370452,0,,,0.08922071894450831,,,0.12267998523383962,,,0.19347266018315756,,,,,2.3202018125021553,,,1.0965096946173676,,,0.4596282737370452,,,,,0.003007520975581348,,,0.012805554803582616,,,0.020109979137391785,,,,,0.08735096172368874,,,0.0554136668974782,,,0.0,,,,,178.3532757655469,,,10.291392583092401,,,32.25443608213676,,,,,39.96547429015431,,,25.082663493830843,,,9.865807640182986,,,0.0011052461251791312,0.0001311233088039872,0.003170946966613216,0.00037721838066533673,1.1777099479598034,0.9692411915854369,0.7176204616816666,1.9600526531105803e-05,0.2727853861866429,6.711173281334229,0.9325284117155548,0.9489769454499624,2.158230619815658e-09,0.9912425798345055
a6fa8ff1,3.0293108463994147,1.6,0.07433670872194054,0.3491514736165335,0.2348732334830127,0.0,0.8456493689684967,1.8453372158772374,0.09443809876290639,0,,,0.07433670872194054,,,0.3491514736165335,,,0.2348732334830127,,,,,0.8456493689684967,,,1.8453372158772374,,,0.09443809876290639,,,,,0.014789647505467216,,,0.012429558793287021,,,0.05218771367082028,,,,,0.0,,,0.02085868400901637,,,0.0,,,,,31.314741979378258,,,178.94613526245857,,,87.62828779451232,,,,,8.411715728239031,,,7.332426552171496,,,2.8805303599782452,,,0.00588682907091442,3.304338981753597e-05,0.0007816322480499559,0.00437312232102394,4.195419293489653,0.6369336447422562,0.9678218053323254,2.615698175662273e-05,0.11046931520221581,6.304857268117016,0.8942144985704429,0.800172281950831,1.2101789442153962e-09,0.9882203979627
afe4e53a,0.47545168144564204,1.6,0.10657914852346294,0.23314245745703985,0.36396919342060013,0.0,0.19096180243316688,0.10891715468720824,0.12369106376593159,0,,,0.10657914852346294,,,0.23314245745703985,,,0.36396919342060013,,,,,0.19096180243316688,,,0.10891715468720824,,,0.12369106376593159,,,,,0.030758569003911017,,,0.0260726262152832,,,0.08197074509936834,,,,,0.0,,,0.0,,,0.0,,,,,21.98797513096085,,,53.681717210738185,,,35.59824244982577,,,,,5.180335142418574,,,4.870921524976957,,,2.4983803750121725,,,0.0003285217689984129,0.00010878212268397693,0.0010337686720104427,0.0015721343090063149,9.143025795664162,0.4605063184284755,0.5381686035792566,9.868017758570049e-06,0.13288745788996484,6.500998559147893,0.8137021586528705,0.94343857804509,9.143165532450796e-11,0.7507910628192971
3e5f91c8,1000000.0,1.6,0.0,0.0,-0.0028464082275267,0.0,1000000.0,1000000.0,3.5739248132267405,0,,,0.0,,,0.0,,,-0.0028464082275267,,,,,1000000.0,,,1000000.0,,,3.5739248132267405,,,,,0.0,,,0.0,,,0.23157762649078706,,,,,0.0,,,0.0,,,0.07622363678996755,,,,,0.0,,,0.0,,,53.786022709323895,,,,,0.0,,,0.0,,,36.22459737188487,,,0.0001184137641390794,8.67969508089145e-05,0.005807083206985606,0.0006177054795488295,0.4087168446988915,0.7479830100231113,0.3652451622594544,1.8509919834501402e-05,0.8286615103130774,6.012098382087634,0.8693079941014041,0.8113551605221639,1.3408964925401034e-10,0.8399944719031334
7459c143,12.653712055868645,1.6,-0.0022704021660270106,-0.005648206850623179,0.02254563228129659,0.0,4.477000304383263,4.8633852634935195,3.3099310780798077,0,,,-0.0022704021660270106,,,-0.005648206850623179,,,0.02254563228129659,,,,,4.477000304383263,,,4.8633852634935195,,,3.3099310780798077,,,,,0.013904591351050398,,,0.02078655764059213,,,0.020051337492632507,,,,,0.07357544576737185,,,0.08910042136428317,,,0.0,,,,,87.26756108625857,,,111.90500887796566,,,70.83007032215433,,,,,20.946952599095447,,,15.917456552910396,,,11.127039054294505,,,0.0004113828160927281,6.998080755427728e-05,0.0016622461360992768,0.0013339754437847518,1.7220356578850216,0.17532753743742524,0.23557121156521788,4.693529958592899e-05,0.11906817337268982,5.951182672069729,0.9663091925156262,0.8455425551408066,6.140944876281398e-11,0.36957307146660623
d0833406,22.676969938297084,1.6,-0.111265178153456,-0.0159206661243136,0.04726100489476223,0.0,14.161642930366186,4.82126666250398,3.401141986089519,0,,,-0.111265178153456,,,-0.0159206661243136,,,0.04726100489476223,,,,,14.161642930366186,,,4.82126666250398,,,3.401141986089519,,,,,0.05334253670950067,,,0.0801817507715535,,,0.040095230700705455,,,,,0.06918507059902443,,,0.07078177234457708,,,0.06093559263617811,,,,,108.35069223535808,,,74.82970981738373,,,155.82916742645943,,,,,37.285851855029044,,,34.21032133765753,,,14.727678003290308,,,0.000452676040077745,0.0005794488068406019,0.005534289821517176,0.0006340743627916511,0.5260119812527511,0.769388949563407,0.9292259930479619,1.811284054403929e-05,0.018915042055790345,6.366604143073876,0.8821762255238925,1.0260908552564734,2.9618801396210664e-10,0.983585809313879
81f49f83,0.07229264245979675,1.7,0.1281057332719878,0.24332638651150928,0.3565876939043151,0.0,0.021647722501101467,0.007187037053627507,0.025316685742372523,0,,,0.1281057332719878,,,0.24332638651150928,,,0.3565876939043151,,,,,0.021647722501101467,,,0.007187037053627507,,,0.025316685742372523,,,,,0.017145560144902424,,,0.027811387756591255,,,0.07115712999042685,,,,,0.0,,,0.0,,,0.0,,,,,1.5315130374742512,,,1.5758715694824768,,,5.056150307595298,,,,,6.64991576886429,,,6.267032993628476,,,2.8749153667939673,,,0.008399316679623571,0.00037224288990148904,0.0031719288878249165,0.0008283804106619773,3.1755232313912054,0.8089864118933164,0.43913729778505733,1.4912624249552851e-05,0.346390079390692,5.871138434613682,0.8383990791150656,0.8909151788463121,7.037018995185956e-10,0.8928236890849349
34df5100,1.5306933471925201,1.7,0.10658056224220011,0.2837593673475831,0.3719260697650919,0.0,0.18866385135609967,1.2006843172117934,0.07324559457650594,0,,,0.10658056224220011,,,0.2837593673475831,,,0.3719260697650919,,,,,0.18866385135609967,,,1.2006843172117934,,,0.07324559457650594,,,,,0.015342997069065424,,,0.0420962050049467,,,0.017468836635869338,,,,,0.0,,,0.0,,,0.0,,,,,23.52018260941793,,,152.93393966676297,,,73.83639492583006,,,,,6.148492215367817,,,5.820924537821895,,,2.513264069026105,,,0.0003073904000690924,0.00047649839014194805,0.0006926785376660905,0.0028120974302462336,4.871556849807414,0.44256926770942784,0.5275495973583039,8.835039964740967e-05,0.07830746714215439,5.958767246719596,0.8904601580223933,0.9643103140416739,1.786446433349207e-10,0.7365888711247278
e877409b,0.28172148459504187,1.7,0.1183173919299615,0.22020086764713234,0.3138626220302622,0.0,0.06502038431651971,0.023592173571849607,0.18370586530985863,0,,,0.1183173919299615,,,0.22020086764713234,,,0.3138626220302622,,,,,0.06502038431651971,,,0.023592173571849607,,,0.18370586530985863,,,,,0.013933927451852129,,,0.006444300298658578,,,0.029234097634260287,,,,,0.0,,,0.0,,,0.0,,,,,7.777449571431874,,,7.597597144833051,,,8.747267429749497,,,,,8.993008885081002,,,5.5004971724203315,,,3.83588605850935,,,0.0028866450116526105,0.00016146340720905492,0.002425860718226229,0.0005442783093160422,8.508870627112893,0.686514682280321,0.8998129893250681,3.102577452821421e-05,0.30829990539722174,6.462199816163803,0.8889767165005239,0.818300681401687,9.542048100149174e-10,0.9685028618282516
00fe7e93,3.9161781406175447,1.7,0.03993933189953328,0.287683671030258,0.35849189141108373,0.0,3.436204665593973,0.1698650134159435,0.007993271556493375,0,,,0.03993933189953328,,,0.287683671030258,,,0.35849189141108373,,,,,3.436204665593973,,,0.1698650134159435,,,0.007993271556493375,,,,,0.004953531677098239,,,0.04181719065659263,,,0.03998317535287405,,,,,0.0,,,0.0,,,0.0,,,,,165.36426435394628,,,45.89520036764152,,,32.24514715983816,,,,,6.706301813007869,,,5.2689512329469395,,,2.614956369011537,,,0.008972190225709276,0.0012620593665977418,0.0025504462719760854,0.004386792334482475,4.214712113293249,0.5793529383580888,0.8792737210318948,7.279636228508747e-05,0.01178249962596419,6.194765361383073,0.8562039885706616,1.0890331058026839,2.617268807999025e-10,0.9491289181170017
4cd86128,0.07650835105304435,1.7,0.12421630559929779,0.23732889984270944,0.32225237200243956,0.0,0.03455729084303012,0.001069724380352934,0.033669321221279226,0,,,0.12421630559929779,,,0.23732889984270944,,,0.32225237200243956,,,,,0.03455729084303012,,,0.001069724380352934,,,0.033669321221279226,,,,,0.01265622109709077,,,0.01462685461986229,,,0.08206012578747272,,,,,0.0,,,0.0,,,0.0,,,,,13.133872534289214,,,3.7143289698534985,,,23.612155055152822,,,,,6.819872350254611,,,5.953082927585756,,,2.763824300027974,,,0.0007375951014910343,8.346027228676488e-05,0.0008814151518035185,0.00064955490002715,2.8272552363097443,0.787898257458986,0.8073315790386472,1.2091285474235436e-05,0.04926220236689735,6.279828569888514,0.94868826773928,0.8658654387040139,4.5038880919066695e-10,0.9590539590235676
8e6cf092,0.14355162300811874,1.7,0.12344759972232981,0.23922916099782351,0.39099915322883155,0.0,0.032217593954958774,0.006084777581641505,0.05672991888544528,0,,,0.12344759972232981,,,0.23922916099782351,,,0.39099915322883155,,,,,0.032217593954958774,,,0.006084777581641505,,,0.05672991888544528,,,,,0.01278111028634816,,,0.025327757440871013,,,0.02899800422650343,,,,,0.0,,,0.0,,,0.0,,,,,12.072802115461176,,,4.578441989446234,,,44.52582083637471,,,,,6.236779718114283,,,5.146544107941043,,,3.010335293830525,,,0.001047789761107325,0.00014069139073265492,0.0010592931507730303,0.0011256408064620612,8.853328699210527,0.6800121285142301,0.33677507021754943,3.635328628493474e-05,0.2986888124868839,6.425035829831849,0.8006873303698957,0.8083057911043456,7.775591478491967e-10,0.7877423888955927
879883e7,0.43264552500698533,1.7,0.10379189535352308,0.2220613299098698,0.3438162853333493,0.0,0.27459018280280145,0.025928023006084024,0.09078778601821887,0,,,0.10379189535352308,,,0.2220613299098698,,,0.3438162853333493,,,,,0.27459018280280145,,,0.025928023006084024,,,0.09078778601821887,,,,,0.05766569527905602,,,0.04673586060492937,,,0.13474998034747082,,,,,0.0,,,0.0,,,0.0,,,,,35.32837006005522,,,22.199871491383416,,,9.813694421555684,,,,,4.726111969724627,,,5.078587306401002,,,2.4576479011764185,,,0.0006499960626787655,0.0001004890689255613,0.00026973481219045057,0.0010485997495474548,8.782689166880994,0.990513556400901,0.781144933301398,1.2887918485361812e-05,0.184043954124456,6.992706201720932,0.8244846149488686,0.8186150279374238,9.806325126978702e-11,0.9978457292600565
894dba3b,0.14447473358896917,1.7,0.11411751246859925,0.23782249279177622,0.3451768761892374,0.0,0.1069418094272772,0.009639230728779834,0.0008247205709685409,0,,,0.11411751246859925,,,0.23782249279177622,,,0.3451768761892374,,,,,0.1069418094272772,,,0.009639230728779834,,,0.0008247205709685409,,,,,0.0454962860791188,,,0.04390724479805089,,,0.012843057042375393,,,,,0.0,,,0.0,,,0.0,,,,,6.073484253746113,,,3.0784459365621615,,,12.287431994168585,,,,,5.441049042692504,,,5.102781292055716,,,2.46441519508236,,,0.0006297534408900262,0.00010944110287869737,0.0017948572864261382,0.00024108734025365714,9.727107700323545,0.7511601975149099,0.9868065539536747,4.714757524612693e-05,0.4639698802282934,6.462665678330085,0.9238506982239337,0.8774024039497916,1.62335254004774e-10,0.9966182648363393
dfe6ab84,0.7307836867700797,1.9,0.10277240537418549,0.24261308106666282,0.3722533127846041,0.0,0.6080125233268998,0.01339882524096582,0.043643405159085005,0,,,0.10277240537418549,,,0.24261308106666282,,,0.3722533127846041,,,,,0.6080125233268998,,,0.01339882524096582,,,0.043643405159085005,,,,,0.03014714986292951,,,0.04735187254431595,,,0.07136036238368902,,,,,0.0,,,0.0,,,0.0,,,,,67.38181813646307,,,17.558077055714367,,,3.7642711463157936,,,,,5.580595012904082,,,5.750566356365425,,,2.666248495063434,,,0.0017661743680138081,0.0009572670211715168,0.0022253775488577272,0.0015354937996216041,3.0906760917924183,0.8061368165465039,0.6878068301600929,2.313099999592539e-05,0.11807032001538348,5.825323934846206,0.801536934419535,0.8759383615708924,2.6799380758194033e-10,0.9394084575593816
35d49ae6,4.613471693461623,1.9,0.013392708163182875,0.16380759465368497,0.27263110667511936,0.0,4.017574319082352,0.3937297600955914,0.00697841126925958,0,,,0.013392708163182875,,,0.16380759465368497,,,0.27263110667511936,,,,,4.017574319082352,,,0.3937297600955914,,,0.00697841126925958,,,,,0.006043636703591156,,,0.054553470665008284,,,0.037358831002213065,,,,,0.09789210787859061,,,0.0,,,0.0,,,,,98.08831888660761,,,13.580931239799318,,,17.16054279200336,,,,,16.392828015569755,,,5.758107522320923,,,2.694986310191332,,,0.002960813792368925,0.00010743178353428386,0.00391740169741088,0.0008593842677706046,1.056028893910412,0.7116670667394809,0.7584229579862403,3.386777176628421e-05,0.18568649294894732,6.023986321362448,0.8889207524086925,0.9764830579960915,1.9916581478241517e-10,0.9302695405719743
2d951c61,0.11108202505160869,1.9,0.1196396793821038,0.2722610959250835,0.37938738612198986,0.0,0.05585130082212132,0.0016063702261594976,0.01114360560641001,0,,,0.1196396793821038,,,0.2722610959250835,,,0.37938738612198986,,,,,0.05585130082212132,,,0.0016063702261594976,,,0.01114360560641001,,,,,0.012691927732367261,,,0.01792411909221481,,,0.04720933298916648,,,,,0.0,,,0.0,,,0.0,,,,,19.308043390142746,,,15.049698491778933,,,12.008164119523588,,,,,6.922795319766111,,,5.931174920069948,,,2.756743474388148,,,0.001132747758399646,7.658850802426486e-05,0.01588372322672926,0.0018415085400062432,1.980077018052007,0.9313845032156807,0.9720687662818336,9.779260308357793e-06,0.3238922399569671,6.534631935123293,1.016129226359332,0.8210781288648777,4.168021778731744e-10,0.9979862776460009
31f7fa8b,2.7474533381746804,1.9,0.07082984773334053,0.3601170466045685,0.5240936686169843,0.0,0.9422609339527085,0.40811472027540807,0.9286146466399592,0,,,0.07082984773334053,,,0.3601170466045685,,,0.5240936686169843,,,,,0.9422609339527085,,,0.40811472027540807,,,0.9286146466399592,,,,,0.007045515808865957,,,0.08473776207213388,,,0.05528916042911186,,,,,0.0,,,0.0,,,0.0,,,,,8.698473819200448,,,5.476895394169577,,,12.587429309309487,,,,,5.348879440929058,,,3.5499220849762585,,,2.1376341964611285,,,0.001356739310049934,0.0002929118682258717,0.002617021053594649,0.006226532334746895,1.2288801044858015,0.8713682570883233,0.7723317794521196,3.2870039540154546e-05,0.1576764879246743,5.1618645820224165,0.8057136848189577,0.8037061527547213,4.3419089343870485e-10,0.970637406807381
7287fb1a,0.20341901041645996,1.9,0.1143809044213614,0.21531544208634942,0.3570067694101884,0.0,0.10520232502957702,0.05246623291377974,0.006113360099817503,0,,,0.1143809044213614,,,0.21531544208634942,,,0.3570067694101884,,,,,0.10520232502957702,,,0.05246623291377974,,,0.006113360099817503,,,,,0.010877326096296993,,,0.0577066629175116,,,0.034966727327039065,,,,,0.0,,,0.0,,,0.0,,,,,1.8714931834838984,,,2.27990589581112,,,15.509473535007501,,,,,5.6514733795315575,,,5.306725500476334,,,2.456105373123394,,,0.003434334694573859,0.0004279891786374355,0.006237798903842358,0.0009499967876603115,6.098694151952636,0.7711358525025674,0.42763792559218017,4.841057617494056e-05,0.20650950327069043,5.6963095202894225,0.8256743815886471,0.814654930250665,4.304858017389001e-10,0.868964077988233
ffc477f3,2.8341542251294047,1.9,0.05143218223911463,0.12184197411619388,0.20159574220240614,0.0,1.6051818061953527,0.974698727082427,0.23001226787042084,0,,,0.05143218223911463,,,0.12184197411619388,,,0.20159574220240614,,,,,1.6051818061953527,,,0.974698727082427,,,0.23001226787042084,,,,,0.04445842776916752,,,0.04066568423072274,,,0.09875785595846794,,,,,0.0,,,0.0,,,0.0,,,,,6.951706529140285,,,17.08251645433043,,,20.62092701579534,,,,,7.230276239973637,,,5.582953442831679,,,4.03774204881455,,,0.007401041897726308,0.00015230712788073946,0.0010299933590780684,0.0005758136046472391,9.343983516333584,0.4053488260114978,0.327213728233509,3.246705355604844e-05,0.026660401430947292,6.222480336840785,0.8700623998712481,0.8028483048796515,4.1045227544866423e-10,0.5998941322778852
a425feb0,0.3199488225313131,1.9,0.10096120776613862,0.2192515774373249,0.29069326225253433,0.0,0.26842675555995055,0.03365647387265937,0.0025298394739228015,0,,,0.10096120776613862,,,0.2192515774373249,,,0.29069326225253433,,,,,0.26842675555995055,,,0.03365647387265937,,,0.0025298394739228015,,,,,0.019544638829448634,,,0.025460505337650964,,,0.022493730121626344,,,,,0.0,,,0.0,,,0.0,,,,,19.632826781471742,,,2.957572119812187,,,41.09008592262719,,,,,6.2060341172765385,,,4.604825173162282,,,2.8553734200587404,,,0.0023032171079312136,0.00039618420544111177,0.00026316878486436435,0.0009658929467748023,1.5389854184598364,0.9228240128088867,0.5096747918757757,8.353856228046451e-06,0.34341185423955645,6.12397888683869,0.9622797437131952,0.8930299925243466,1.450228731035444e-10,0.9621077005391373
1df76211,4.858040667347258,1.9,0.1085118435136833,0.1964803733763093,0.2954516748694076,0.0,1.6824216010697404,1.8156054300170312,1.3480690150779393,0,,,0.1085118435136833,,,0.1964803733763093,,,0.2954516748694076,,,,,1.6824216010697404,,,1.8156054300170312,,,1.3480690150779393,,,,,0.0021684666585368197,,,0.002722700165881588,,,0.06828543194578185,,,,,0.07818896115466377,,,0.00981616125954664,,,0.0,,,,,168.08634721282434,,,177.52353848016395,,,163.44973524286806,,,,,30.01093472822104,,,12.921844651397354,,,5.142088306144439,,,0.0005134323749213032,0.0007261650418857652,0.0006282497504315512,0.0003552511097815501,2.0076810484020227,0.9676535412920134,0.5841403438202499,2.7766998444417698e-05,0.05408994553347383,5.806873380689964,0.8611620170847114,0.9421892986741182,1.5840155674858776e-09,0.9864899987686822
4825b827,0.18012324793522425,2.0,0.11329022529118156,0.25182256474520953,0.35313009058537115,0.0,0.11007493686337,0.011287937253873366,0.025206897475894288,0,,,0.11329022529118156,,,0.25182256474520953,,,0.35313009058537115,,,,,0.11007493686337,,,0.011287937253873366,,,0.025206897475894288,,,,,0.017927001427639963,,,0.04383328678704572,,,0.07100267245096382,,,,,0.0,,,0.0,,,0.0,,,,,11.723914615209164,,,7.732788462776123,,,12.372818382302004,,,,,6.782894059036686,,,5.472072451014358,,,2.284114788827986,,,0.003675541682190985,0.0001908387314586012,0.007814143267592276,0.001064774597273532,5.979085741555825,0.9937179570262822,0.7401381024696554,1.1510817815004327e-05,0.10447701384880798,5.9434071699262665,0.9369120220741357,0.8012550165258446,4.3441563707837357e-10,0.9982935225822356
d3ae2d19,0.4095082223404422,2.0,0.10079552804403964,0.2951412008408209,0.35388313750225564,0.0,0.2719695591749764,0.010285132489069907,0.047856544887276704,0,,,0.10079552804403964,,,0.2951412008408209,,,0.35388313750225564,,,,,0.2719695591749764,,,0.010285132489069907,,,0.047856544887276704,,,,,0.023946632193628737,,,0.04512637304251888,,,0.09783306689179963,,,,,0.0,,,0.0,,,0.0,,,,,24.070716345440445,,,7.659520647431783,,,5.911846023728997,,,,,5.7750412859668305,,,5.1357872517039285,,,2.1696056772677803,,,0.0011279301793463256,0.0001333990139716243,0.0027817153774882227,0.0027952127278010495,2.1768662506193968,0.8162881241458894,0.8643521797142621,1.9113650479058368e-05,0.4760091607945769,5.981367969246447,0.9229334244870135,0.8041420757853142,2.1610578767074325e-10,0.9749934492618144
798ec621,0.07431625922615251,2.0,0.13018346093669117,0.2379391023344277,0.37353225294789655,0.0,0.036785976570573316,0.0024690589380961525,0.007028549507316521,0,,,0.13018346093669117,,,0.2379391023344277,,,0.37353225294789655,,,,,0.036785976570573316,,,0.0024690589380961525,,,0.007028549507316521,,,,,0.009805480042725856,,,0.022221876329851863,,,0.006291673322827498,,,,,0.0,,,0.0,,,0.0,,,,,11.150295246576007,,,3.672239945654041,,,8.056450459479759,,,,,11.26342686346786,,,9.02537348221624,,,3.5188233206228836,,,0.0018707231799400604,0.0002878932823350409,0.010429696885298682,0.0005253924020576914,3.8651874689932515,0.8164359937547967,0.8511332151271163,2.9141579045419955e-05,0.528367945367648,6.278166311728327,0.9079268282746532,0.9847758670318535,9.547015474302905e-10,0.9725883032503779
a2eee3f9,4.25508628596824,2.0,0.04357525271052279,0.1425544987971948,0.25766855626943314,0.0,2.5347512249132826,0.6886774562220617,0.9505807598154159,0,,,0.04357525271052279,,,0.1425544987971948,,,0.25766855626943314,,,,,2.5347512249132826,,,0.6886774562220617,,,0.9505807598154159,,,,,0.025321820600697296,,,0.065862933902569,,,0.054616557180715654,,,,,0.029150347007986153,,,0.0,,,0.0,,,,,134.41382448574024,,,22.22634973402319,,,146.75978471848364,,,,,11.553493088174216,,,4.458892542688412,,,3.0909697784541357,,,0.003314984173621396,0.00023805368982653975,0.006710462032304592,0.0009754116155808522,1.0600013591477089,0.32768569708698736,0.8869321436261098,1.3913410989247911e-05,0.03565223367199801,5.711692767962704,0.8646157624563622,0.9101501151451056,8.364587223411023e-11,0.9238941697457568
aefcf03c,0.30854426756219827,2.0,0.10636609274162696,0.22512101428704018,0.3431791692830621,0.0,0.20171408272442953,0.03101287594169803,0.03896447899302591,0,,,0.10636609274162696,,,0.22512101428704018,,,0.3431791692830621,,,,,0.20171408272442953,,,0.03101287594169803,,,0.03896447899302591,,,,,0.05039795172923821,,,0.036426053211171226,,,0.03145797341331223,,,,,0.0,,,0.0,,,0.0,,,,,8.72691976805408,,,13.031244292210904,,,16.036481155862806,,,,,5.63649972591835,,,4.901021642872801,,,2.456768903513581,,,0.002293832411358344,0.00021429578693024637,0.006974198645564796,0.0009449089092399489,7.937849744458996,0.7854672800856393,0.7799261394777794,1.25355521896812e-05,0.13792148660474704,6.524378159590046,0.8700385945831333,0.846542709981011,2.0880316023213256e-10,0.9527089635061666
246d1980,1.2437629435078397,2.0,0.08484399395306746,0.3353206787128445,0.3604849513622976,0.0,0.5831779334218598,0.42507042020961333,0.05739911332944817,0,,,0.08484399395306746,,,0.3353206787128445,,,0.3604849513622976,,,,,0.5831779334218598,,,0.42507042020961333,,,0.05739911332944817,,,,,0.03657855565906377,,,0.0771882353424149,,,0.08289836400919105,,,,,0.0,,,0.0,,,0.0,,,,,16.149789507578497,,,30.090715043801683,,,11.880610099951845,,,,,5.843620838819313,,,4.940423425589819,,,2.3644776441516493,,,0.0011653880752715352,8.388976978896518e-05,0.003336476893909862,0.003392423862229532,3.6683262345934415,0.7141234177275867,0.5456124835303581,1.853785408844762e-05,0.38692290411502417,6.301450186559414,0.9501557139612048,0.8337355667381675,2.1042603988481526e-10,0.8700466885160558
83f1c58d,3.1123509721560856,2.0,0.06853289455367109,0.17917099158749716,0.3192857844836019,0.0,2.769311114199276,0.24767166871408117,0.006965309210390141,0,,,0.06853289455367109,,,0.17917099158749716,,,0.3192857844836019,,,,,2.769311114199276,,,0.24767166871408117,,,0.006965309210390141,,,,,0.0021841983125799953,,,0.00611572519489747,,,0.03732374367715581,,,,,0.03700606717273004,,,0.0,,,0.0,,,,,164.42932871583332,,,9.748602712762958,,,21.89659086482434,,,,,13.86552518302494,,,7.086344548691186,,,3.284265218570979,,,0.0006998464608273004,0.0004600106632932213,0.011490641366164575,0.0007325687721438857,1.068706126920883,0.9659968273074684,0.8008156188515269,7.31588270412931e-05,0.4044743203558939,6.345486333602915,0.9075761366993728,0.8712161038722497,8.496398740783091e-10,0.9931470175282683
cf92861e,1.3474647542385947,2.0,0.0654320498147395,0.19353096021240251,0.28463914497546444,0.0,1.1081006464173602,0.14380704807351033,0.03162039219590198,0,,,0.0654320498147395,,,0.19353096021240251,,,0.28463914497546444,,,,,1.1081006464173602,,,0.14380704807351033,,,0.03162039219590198,,,,,0.024313606544379886,,,0.0297175701981166,,,0.07952407458864515,,,,,0.0,,,0.0,,,0.0,,,,,6.316052685226051,,,11.865529730266232,,,24.538723464935128,,,,,7.683283618891476,,,5.424182550919197,,,2.5536094061474115,,,0.0072738592427729065,0.00019758127365124753,0.002266194237095118,0.00024756229953769066,1.2015158913696906,0.9406831999896806,0.7860306347041264,3.6643633231603365e-05,0.013877642949506006,6.08353564408758,0.9765939674583197,0.8434948255735606,2.0831689660900896e-10,0.9872294188869393
1f6dc6bf,3.0550060899982148,2.2,0.11442011878871841,0.18165295704085885,0.1817238389883946,0.0,0.270423535728831,1.248978448418436,1.5196662364188371,0,,,0.11442011878871841,,,0.18165295704085885,,,0.1817238389883946,,,,,0.270423535728831,,,1.248978448418436,,,1.5196662364188371,,,,,0.004968998220576406,,,0.010791937577763,,,0.034954462583895576,,,,,0.0669528256115861,,,0.0714120597135793,,,0.03201197340953738,,,,,14.245507859895502,,,152.4277757625716,,,94.46581422172875,,,,,35.727805049585854,,,27.212288382049188,,,7.449978506679996,,,0.001530189556779493,0.0004545204109079502,0.008014159931587357,0.0010021825438513402,3.6132528371715726,0.7704472421659878,0.9539460713081458,2.5451811464783308e-05,0.17194352687412054,6.72952214342467,0.8353115603291423,0.9417047355710912,2.0908365693983514e-09,0.9893327990525631
a7581e63,1.0837006241861167,2.2,0.10451028273541876,0.20024577760809206,0.18640422457685846,0.0,0.21424791629248466,0.10086089550891471,0.7557054752430614,0,,,0.10451028273541876,,,0.20024577760809206,,,0.18640422457685846,,,,,0.21424791629248466,,,0.10086089550891471,,,0.7557054752430614,,,,,0.004897104336539691,,,0.010470858938259593,,,0.06359575679110875,,,,,0.0,,,0.0,,,0.0,,,,,15.359672812865927,,,23.00063723923003,,,89.58989901508174,,,,,7.637927845587705,,,7.099536500633995,,,4.525654739167739,,,0.0017397510829427242,0.00011376263061203454,0.005156702840617824,0.0008552252677928852,9.424886843755324,0.9598310161213822,0.7182475681851723,9.515794641293716e-06,0.33070613531022514,6.379795690417111,0.8105055587484417,0.8231823080077327,1.5079578445288241e-09,0.9886104663518503
73ea7163,0.05189928360195206,2.2,0.12766977883436711,0.24754892555855704,0.3726787073407847,0.0,0.01309135737308762,0.0002532755543069219,0.011333739426539417,0,,,0.12766977883436711,,,0.24754892555855704,,,0.3726787073407847,,,,,0.01309135737308762,,,0.0002532755543069219,,,0.011333739426539417,,,,,0.011940443695967484,,,0.007117240396486856,,,0.018262970775961115,,,,,0.0,,,0.0,,,0.0,,,,,14.4976434089961,,,4.44875502169991,,,40.28555704259988,,,,,10.40998261888432,,,7.439441337284326,,,4.373689881024453,,,0.0024615765284511115,0.0002066991712580098,0.012735924280461108,0.0010705980323580644,4.393692805127986,0.7526551502144436,0.9826081252921991,2.1397674014726968e-05,0.2443482117615124,6.440147789428334,1.0421946207293402,0.9552138371274217,7.998690855489336e-10,0.9955999485503806
f3262fa6,0.07940132112589347,2.2,0.12102361542797249,0.2373647429281082,0.36346786909498296,0.0,0.04632793269917592,0.0013746593207766874,0.001181231344634263,0,,,0.12102361542797249,,,0.2373647429281082,,,0.36346786909498296,,,,,0.04632793269917592,,,0.0013746593207766874,,,0.001181231344634263,,,,,0.021310788196830292,,,0.0014059527673975834,,,0.015370304776641633,,,,,0.0,,,0.0,,,0.0,,,,,22.39881340000011,,,5.720261627110667,,,1.852793410240128,,,,,6.7506979285589805,,,5.580588602762494,,,2.572558498732032,,,0.01252306396060763,0.00021077778234323711,0.005023283776585462,0.0005756326987172471,6.798334739539361,0.9015484762074163,0.40004366765356636,3.343343682490947e-05,0.4236376018808262,6.226916905620037,0.8146381284154048,0.9253520617414707,4.885033403526669e-10,0.9408933805047185
e5c30312,0.24272228162954285,2.2,0.12871176199084755,0.20774278561531762,0.35287155196153025,0.0,0.09532014276556958,0.10292235316835235,0.014771601255669616,0,,,0.12871176199084755,,,0.20774278561531762,,,0.35287155196153025,,,,,0.09532014276556958,,,0.10292235316835235,,,0.014771601255669616,,,,,0.00593471089093619,,,0.0027614853398121382,,,0.03147309192153589,,,,,0.07750995654030698,,,0.05652771599260225,,,0.0,,,,,8.71060353200902,,,3.5304864372739733,,,65.38234533636572,,,,,28.009194634658183,,,17.58828898041864,,,5.121760118824587,,,0.0026068773868283715,0.00020104822706831665,0.0070074191515434175,0.0005774713582092762,3.242939330564897,0.7480139255425071,0.6357041560426275,5.309778288228882e-05,0.4115744779621491,6.477834690668798,0.8960644650260319,1.046902814896648,1.438812110910794e-09,0.9081389499243981
ea49361c,0.23220288253724258,2.2,0.1067395887372832,0.23652843992948103,0.3440299254963205,0.0,0.18962854236892787,0.0009594682506212765,0.00501016073467737,0,,,0.1067395887372832,,,0.23652843992948103,,,0.3440299254963205,,,,,0.18962854236892787,,,0.0009594682506212765,,,0.00501016073467737,,,,,0.03310363677632628,,,0.013852568358403986,,,0.03165489135876909,,,,,0.0,,,0.0,,,0.0,,,,,16.627962277540227,,,7.220842233954231,,,3.9216243178968315,,,,,7.55225145880532,,,5.9963346387624235,,,2.9010388458741976,,,0.0017855028774475834,0.00019633107599643473,0.004543614775699999,0.0009584982170555068,3.089807899742974,0.7486806220252011,0.7748601942336546,2.8570586880946553e-05,0.6883115441681635,5.935291429262878,0.9157081985475117,1.0915109034545523,4.150149701696855e-10,0.9433405180380117
6487ef02,3.303032329168017,2.2,0.11223244554721647,0.19893708448755903,0.2865363379028924,0.0,1.390919708525308,1.8063118874626534,0.09950493618351765,0,,,0.11223244554721647,,,0.19893708448755903,,,0.2865363379028924,,,,,1.390919708525308,,,1.8063118874626534,,,0.09950493618351765,,,,,0.004206461410127073,,,0.013744335838773141,,,0.061822149646982044,,,,,0.126400293920111,,,0.09332274568051334,,,0.026785568618463516,,,,,154.46567793095687,,,171.83452479314283,,,51.38977868620648,,,,,24.015297921787024,,,15.637746304481917,,,5.581499787699008,,,0.0028796035651923475,0.0004667582763302505,0.0079632613689211,0.0009177556767313552,5.968771620141945,0.7618100358503987,0.9317384888373296,1.8432416886808954e-05,0.5106526296263443,5.96735041585631,0.9907006682662364,0.8222341187105017,1.5657125465820717e-09,0.9836476192544822
51473991,0.8393894164811784,2.2,0.10476819084583307,0.19572115893543077,0.19174584985600387,0.0,0.3344339321164404,0.13550444441268458,0.36038120421404746,0,,,0.10476819084583307,,,0.19572115893543077,,,0.19174584985600387,,,,,0.3344339321164404,,,0.13550444441268458,,,0.36038120421404746,,,,,0.020015841945257913,,,0.011520090972624429,,,0.1108546188348331,,,,,0.06656467450833557,,,0.008350473311104625,,,0.16039359481899856,,,,,26.61923542093067,,,13.203327653635807,,,53.24664822507871,,,,,28.092354389901402,,,10.822933872900686,,,4.587803083775894,,,0.0038505202616918783,0.00030170979394148785,0.005845864529069699,0.0015105807231190521,2.625549201558991,0.8063484030158649,0.6922884532242667,9.441821513849043e-06,0.010058668002140966,6.346074047325913,0.9948780764559204,0.8338409695545972,1.8167970895077728e-09,0.9403419387110984
02adc567,0.29816280199065504,2.3,0.10569156184882286,0.21844208901695986,0.3740096829794515,0.0,0.19854846590694175,0.027764069941087387,0.0060507372691111765,0,,,0.10569156184882286,,,0.21844208901695986,,,0.3740096829794515,,,,,0.19854846590694175,,,0.027764069941087387,,,0.0060507372691111765,,,,,0.010837282022731053,,,0.016083662625565646,,,0.03478717369695669,,,,,0.0,,,0.0,,,0.0,,,,,3.88651323162897,,,3.707824764652627,,,2.226333514348303,,,,,9.029763441511307,,,7.07291481790395,,,3.3254197096693656,,,0.005700741406459335,0.00016622395963964592,0.016276307108240077,0.0007124716154759454,1.8016988751249212,0.9981344735711148,0.5125783416499831,1.3763256478654346e-05,0.7123543072696656,6.030052621647882,0.9233366147050734,0.8714175044908383,9.905972694782179e-10,0.999039444180172
063de758,0.0990521058390167,2.3,0.12586926733903464,0.2339217185279016,0.3591845926895626,0.0,0.06511595623273536,0.002204494582734606,0.008002184086642999,0,,,0.12586926733903464,,,0.2339217185279016,,,0.3591845926895626,,,,,0.06511595623273536,,,0.002204494582734606,,,0.008002184086642999,,,,,0.013023022871006349,,,0.008863418870558769,,,0.04000545984398379,,,,,0.0,,,0.0,,,0.0,,,,,10.198118758303561,,,8.510147349051806,,,6.866086053672913,,,,,11.529369486267797,,,6.870191147680929,,,4.297023027116686,,,0.007007401962323537,0.00023596049576720863,0.007648504534487523,0.0008671603023346702,4.839243943239982,0.5982322247810273,0.6666387611185326,1.5647482498390144e-05,0.08747135238585674,5.943932233186025,0.9765426811162449,0.8979424751728416,9.189410657081346e-10,0.8659995328342405
b93e8fe0,0.25163574795389493,2.3,0.12671325483674595,0.3247828578189106,0.4051591781555377,0.0,0.023451573997590913,0.09288840062933876,0.0707513252128632,0,,,0.12671325483674595,,,0.3247828578189106,,,0.4051591781555377,,,,,0.023451573997590913,,,0.09288840062933876,,,0.0707513252128632,,,,,0.033037173625176997,,,0.010414882860480602,,,0.08737655192848946,,,,,0.0,,,0.0,,,0.0,,,,,54.68141452300712,,,10.299649897869752,,,8.27375532339919,,,,,8.128378936565639,,,6.27231588513937,,,2.8597561194136922,,,0.011628870550525805,9.235842072381943e-05,0.014398218313510673,0.002125568901176681,4.232434929544186,0.6837582538619056,0.7154096512631336,2.4571378889006692e-05,0.5881612977758041,6.086056425970385,0.9372173076309404,0.9374700341316143,4.706079195393429e-10,0.9099291102162779
f6638716,0.04235799140113459,2.3,0.12997597402673197,0.2569607121389147,0.3873176001471453,0.0,0.006359180175097374,0.0017965783346169265,0.001587182146594755,0,,,0.12997597402673197,,,0.2569607121389147,,,0.3873176001471453,,,,,0.006359180175097374,,,0.0017965783346169265,,,0.001587182146594755,,,,,0.00881984031817724,,,0.018955623622645214,,,0.01477229686255674,,,,,0.0,,,0.0,,,0.0,,,,,10.573334322553356,,,4.226593664962002,,,21.58708565631379,,,,,7.306882236227949,,,5.801858580359027,,,2.9720384146482544,,,0.002615688009749099,0.00018985616852803738,0.008235117883836351,0.0004831129933833124,5.442042228588913,0.9004224642721647,0.7896385686292172,9.606792851227992e-06,0.5616794540562453,6.363570939009151,0.8142166155962077,0.9692578678805973,5.686601267057178e-10,0.9789737631950544
379e4aac,0.049555702072945365,2.3,0.13016322080296033,0.25571752285663035,0.38556610881383613,0.0,0.008168771228947543,0.005330458428055659,0.0046470176313067385,0,,,0.13016322080296033,,,0.25571752285663035,,,0.38556610881383613,,,,,0.008168771228947543,,,0.005330458428055659,,,0.0046470176313067385,,,,,0.005028187624423503,,,0.032651059486808874,,,0.029461360975001703,,,,,0.0,,,0.0,,,0.0,,,,,7.285847467616293,,,18.268538284405334,,,11.901724737677178,,,,,7.251997057501904,,,5.78643374221035,,,3.1148130910687786,,,0.00900841971946842,5.579581784678826e-05,0.009022062413199234,0.000630334152564805,4.36167516140088,0.6716889119407317,0.9133280785922705,7.5623004601317585e-06,0.6374905628923019,6.299514366342222,0.8395545061246631,0.9271771288469138,6.336103569367138e-10,0.9714533143705817
0a1565d0,1.6976820624899447,2.3,0.14410106713123622,0.25215500598380236,0.39834559785093465,0.0,1.6448938989382886,0.003564628346830095,0.020930731686764275,0,,,0.14410106713123622,,,0.25215500598380236,,,0.39834559785093465,,,,,1.6448938989382886,,,0.003564628346830095,,,0.020930731686764275,,,,,0.022854125600231857,,,0.0267006679573006,,,0.024930493424626308,,,,,0.15471176930715408,,,0.0,,,0.0,,,,,169.56859129764362,,,1.55337555101608,,,9.138008120850877,,,,,15.25892152246345,,,6.7678420693321595,,,3.1788322837598737,,,0.0057058232815269715,0.00011100013348389884,0.006742318265017686,0.001175931806650778,9.983767422883403,0.7190759041092624,0.9801227168135593,1.2162126671912957e-05,0.25293315167238506,6.837545386765974,1.0071843529728792,0.9305519497290005,8.550138905780331e-10,0.9943179799204036
dc38240d,2.3039778999040124,2.3,0.11782378456420531,0.2219747031741381,0.2990161426205392,0.0,0.09669931820967456,1.341255767193479,0.8612652744363005,0,,,0.11782378456420531,,,0.2219747031741381,,,0.2990161426205392,,,,,0.09669931820967456,,,1.341255767193479,,,0.8612652744363005,,,,,0.010774022248739164,,,0.008416452773109147,,,0.026306642033502022,,,,,0.03980973296607692,,,0.01147217902070062,,,0.09854059013399138,,,,,11.580907124913212,,,162.88974386019638,,,138.2946306536782,,,,,20.13109306007929,,,14.263465551693036,,,5.32245249596992,,,0.004306515456541746,0.00022430754633534465,0.003136045190416143,0.00039813827901802654,6.340638566976798,0.8658991136683423,0.24962928648446536,9.328774601926834e-05,0.10685341091297357,6.413113073575691,0.9032991705715292,0.969250827176793,1.3982883553993007e-09,0.8993496593115999
18da18c0,1.6975399992885212,2.3,0.12854013606824663,0.2283540594778913,0.32135246748617624,0.0,1.6122299170883925,0.07449575526676849,0.00498630722835627,0,,,0.12854013606824663,,,0.2283540594778913,,,0.32135246748617624,,,,,1.6122299170883925,,,0.07449575526676849,,,0.00498630722835627,,,,,0.0036167347250068236,,,0.011518779896562427,,,0.03157944657005968,,,,,0.07393079362815906,,,0.026256803934015072,,,0.0,,,,,171.2565298816512,,,2.82727331234522,,,6.281130086097065,,,,,26.312762335038286,,,15.571838625697875,,,4.174186165797855,,,0.004144063660046515,0.00016411867220087934,0.013943087823011407,0.0008710682161355326,2.9156555398201625,0.7947058799199718,0.8749599448820777,3.8127783343847344e-05,0.5141321933362751,5.861886900993273,0.931934642188047,0.9944347961067488,1.3264987059059512e-09,0.9742425159153197
d2009d34,1.0410057684952703,2.4,0.13200522532353032,0.21763846007077323,0.3829801359175176,0.0,0.9001573563135646,0.057618415109164746,0.03878333093650326,0,,,0.13200522532353032,,,0.21763846007077323,,,0.3829801359175176,,,,,0.9001573563135646,,,0.057618415109164746,,,0.03878333093650326,,,,,0.00130203155648985,,,0.002380681070649283,,,0.011856782378933412,,,,,0.0780145050592677,,,0.007090693176452471,,,0.0,,,,,139.56104483490913,,,6.367923856821531,,,26.144131749497348,,,,,30.4730403418298,,,13.229132286153487,,,3.7958928855615417,,,0.0024265182974323586,6.653612461969702e-05,0.011506576026305422,0.0003809961306219891,8.08133270505414,0.5169897485321279,0.989995558946402,1.4391842714204158e-05,0.7043989661225007,6.538690374952328,0.8311493507917896,1.1021748004049257,1.4544581804272358e-09,0.9950687528550115
f4011aa4,0.14611214739954181,2.4,0.11590793306899393,0.22591712176621695,0.3359849292911861,0.0,0.08509040112270695,0.009843935529250026,0.03029211313133718,0,,,0.11590793306899393,,,0.22591712176621695,,,0.3359849292911861,,,,,0.08509040112270695,,,0.009843935529250026,,,0.03029211313133718,,,,,0.012455672933747655,,,0.0022957251496173252,,,0.07783586979193742,,,,,0.0,,,0.0,,,0.0,,,,,8.907272310120534,,,7.297095932548992,,,10.44727816658209,,,,,6.437326063025554,,,5.147869617900081,,,2.5816219714157294,,,0.005583620855714251,0.00039916335216499255,0.019786534082481277,0.000946246862833016,5.08515061045261,0.6616893636259246,0.919735727404868,1.4676586495593598e-05,0.5732319325924603,6.397702254397538,0.9451762709703672,0.8377041523304185,3.8065053859343665e-10,0.9727537692874981
ad519855,2.72189757927126,2.4,0.07588939539032956,0.21863480910042332,0.33454345051157663,0.0,2.5653442893164193,0.05720082592930849,0.010824721277169552,0,,,0.07588939539032956,,,0.21863480910042332,,,0.33454345051157663,,,,,2.5653442893164193,,,0.05720082592930849,,,0.010824721277169552,,,,,0.04105951042851178,,,0.0493280052988987,,,0.046528961469539706,,,,,0.0,,,0.0,,,0.0,,,,,170.21955645087468,,,19.47365807314287,,,1.8828505170456065,,,,,6.01095154498132,,,4.815620164194783,,,2.6446233354478617,,,0.0035543894820164886,0.00024069311292126535,0.014377814119254097,0.00043046609905079156,6.1264424044272054,0.9804243261361905,0.9896240790090414,1.7182864491499503e-05,0.41842079587644004,6.186290905656665,0.8996361594061126,0.9793782387387538,2.2150123508209812e-10,0.9996979219467435
620d7515,0.0669963267893891,2.4,0.13718466118729197,0.2498157903479205,0.4018606213111044,0.0,0.00419646691354941,0.00023659245345681448,0.024865500446459403,0,,,0.13718466118729197,,,0.2498157903479205,,,0.4018606213111044,,,,,0.00419646691354941,,,0.00023659245345681448,,,0.024865500446459403,,,,,0.014497874306134587,,,0.006878843703077058,,,0.018793017771767197,,,,,0.0,,,0.0,,,0.0,,,,,3.557802713122113,,,10.529193436649031,,,8.611980368796138,,,,,7.702742045420564,,,6.480374247111657,,,3.213175220483571,,,0.0027168390343191317,6.217255587363541e-05,0.0047317778738737385,0.0006512413303466348,4.5780576638634844,0.7483441510806709,0.986983044326103,1.0505158888645219e-05,0.8495607165228456,6.180135780507754,0.827739651488146,1.038494845073315,5.500055219956345e-10,0.9966255086651076
2f57a08e,0.06551134195289907,2.4,0.12350018802840199,0.23647942192883142,0.36130732640322755,0.0,0.031120422099611293,0.0007736715138564395,0.006994555819549109,0,,,0.12350018802840199,,,0.23647942192883142,,,0.36130732640322755,,,,,0.031120422099611293,,,0.0007736715138564395,,,0.006994555819549109,,,,,0.0018871445885111613,,,0.01243922436373297,,,0.03740202085328842,,,,,0.0,,,0.0,,,0.0,,,,,21.778259086021507,,,2.279561815033303,,,3.605734700456816,,,,,7.186656344661357,,,5.480656908391778,,,2.5412721083036747,,,0.001760368223477946,6.590299306679632e-05,0.006168861702784599,0.0002243346795106725,7.404562961759665,0.4138679766807271,0.8017802596724448,8.836566341737006e-06,0.7843906264705853,6.235152631815358,0.8789152893226506,0.8008624329607947,6.758519110446886e-10,0.8837368845140219
996ad390,0.09230489362469924,2.4,0.12076205207120477,0.22798244263535436,0.36664104798909813,0.0,0.04746089281890588,0.008362486117933254,0.0008084793505581474,0,,,0.12076205207120477,,,0.22798244263535436,,,0.36664104798909813,,,,,0.04746089281890588,,,0.008362486117933254,,,0.0008084793505581474,,,,,0.0020407931340178957,,,0.017160912685413122,,,0.012715969098406518,,,,,0.0,,,0.0,,,0.0,,,,,6.363462389234395,,,6.968955370459592,,,3.658433007238608,,,,,7.00562762090696,,,5.875632178783363,,,3.6985970168167017,,,0.007130619572894417,0.00029653926801141825,0.004581812600606939,0.00039353301164612005,4.473851043212984,0.47810073137520337,0.6494464164639642,1.5084130578572521e-05,0.23819444735459783,5.840489255854705,0.8006957967641639,0.8543081579367274,9.825838697982442e-10,0.8169813964970949
0d6b56e6,0.18724981098667504,2.4,0.11711559481579853,0.22933449988210952,0.407841650842551,0.0,0.07441819376468384,0.0051046511577530415,0.028855788893593626,0,,,0.11711559481579853,,,0.22933449988210952,,,0.407841650842551,,,,,0.07441819376468384,,,0.0051046511577530415,,,0.028855788893593626,,,,,0.0036219802528894922,,,0.005956154998226226,,,0.03071049892216329,,,,,0.0,,,0.0,,,0.0,,,,,8.295843545999043,,,4.751133703022265,,,9.068350031129807,,,,,7.4147450821673715,,,6.539561907806564,,,2.9948572623631327,,,0.007241655562086796,0.00011004838256214495,0.01555579600953889,0.0005243382094494531,3.444639198558419,0.6582483312479306,0.7896630783923227,1.4461355840514819e-05,0.5176662204673438,6.353778437391258,0.8011975447640024,0.8790279308605482,9.701444298728754e-10,0.9280380397325638
e46a4a07,0.1302222740543203,2.4,0.1291622989127056,0.27732988395531244,0.41738785032650466,0.0,0.012417743387957418,1.3785597125751935e-05,0.06324040152457566,0,,,0.1291622989127056,,,0.27732988395531244,,,0.41738785032650466,,,,,0.012417743387957418,,,1.3785597125751935e-05,,,0.06324040152457566,,,,,0.007639458500514085,,,0.0016604575951075617,,,0.02133760709834636,,,,,0.0,,,0.0,,,0.0,,,,,13.42714116975275,,,12.356428591688596,,,2.7991371890681918,,,,,7.371631891511393,,,8.552997893267259,,,2.8617392277886595,,,0.004287178685106451,5.552287718237239e-05,0.005904743609787552,0.0014124685852085067,6.464088150847469,0.7870577451693036,0.7604744973149677,1.0722690053644419e-05,0.42227302976027126,6.426003314531088,0.8485043736204986,0.9365745832484711,8.688575598839367e-10,0.9489188519190617
80b1b13d,2.2869039708216916,2.6,0.11368526069024823,0.1930425313799763,0.2187461951677436,0.0,0.1870577168836774,0.199560997563056,1.8969428783487117,0,,,0.11368526069024823,,,0.1930425313799763,,,0.2187461951677436,,,,,0.1870577168836774,,,0.199560997563056,,,1.8969428783487117,,,,,0.004274785320970543,,,0.010140438113296266,,,0.03906103019124605,,,,,0.05986077426732902,,,0.0,,,0.0,,,,,30.51836053388938,,,7.974665390298031,,,177.63483260543276,,,,,16.449521907165604,,,8.85461232105499,,,8.133934696516913,,,0.004030692043896802,0.00015761503450270858,0.006368512496873035,0.00017571221940060854,8.635717982308206,0.5389177330565407,0.43819885719872737,5.794228116616807e-06,0.45578328005538127,5.862758103722149,0.8467256662724384,0.9058072958667195,1.6175058062911695e-09,0.7409196356200433
13cdd981,0.05574062896348436,2.6,0.12885278892269011,0.22443311084692794,0.369918190669709,0.0,0.009540925444388516,0.01350761531906926,0.0003835663385314296,0,,,0.12885278892269011,,,0.22443311084692794,,,0.369918190669709,,,,,0.009540925444388516,,,0.01350761531906926,,,0.0003835663385314296,,,,,0.00873852294488282,,,0.021661908813532766,,,0.008758611060338616,,,,,0.0,,,0.0,,,0.0,,,,,11.010116410444029,,,15.975675020965316,,,9.300122421414844,,,,,8.541698571949286,,,6.211750376452316,,,3.6124171947626684,,,0.0031992668047898212,0.0001410102992749047,0.0039878257848313245,0.0002724576455556459,5.093487930039169,0.42418314751115566,0.6317584991967692,3.1706042540466176e-05,0.9357987827085805,5.919185781890186,0.842512586562301,0.8759701135040247,8.411929285936208e-10,0.7878971622017956
25dbd019,0.13096852151944358,2.6,0.12379406175734971,0.23705355326608124,0.39725146013252827,0.0,0.030673473693833966,0.0027533823935335933,0.04295822013968517,0,,,0.12379406175734971,,,0.23705355326608124,,,0.39725146013252827,,,,,0.030673473693833966,,,0.0027533823935335933,,,0.04295822013968517,,,,,0.014810621171394008,,,0.02346649694152748,,,0.06964332598086757,,,,,0.0,,,0.0,,,0.0,,,,,4.375823224709238,,,7.557911495708925,,,6.427238939206461,,,,,6.875312222833433,,,5.322365959468937,,,2.917418064307586,,,0.00542469550051751,7.262237360158761e-05,0.0020782587060328784,0.0001079990835770001,7.297647105078875,0.5898875524917997,0.8448497794928707,1.9729071287873554e-05,0.8141224791134622,6.149784246958542,0.8580280887833855,0.8249378867994572,6.271358107925141e-10,0.9362864783584349
5aa8e413,1.701273186696737,2.6,0.12054167405481107,0.19716224461032728,0.3015412229481797,0.0,0.13799227602525213,0.11920662805113587,1.4339724475781754,0,,,0.12054167405481107,,,0.19716224461032728,,,0.3015412229481797,,,,,0.13799227602525213,,,0.11920662805113587,,,1.4339724475781754,,,,,0.01140236208557753,,,0.03539739883688534,,,0.028316011859152244,,,,,0.0,,,0.0,,,0.0,,,,,1.6706965532186944,,,3.475261071284175,,,164.63489501722847,,,,,9.484915948325533,,,8.48876688037099,,,5.244234489208415,,,0.0034835103120174167,0.00014204188507695775,0.004951745707686874,0.00028970460280576337,7.105055134690193,0.27918446366866323,0.6085900681455336,1.825592999067064e-05,0.7760580418121921,6.0018309079284045,0.8992357977894898,0.8643103945565467,1.1928382917783928e-09,0.7178047810380963
9c17f5c7,0.10449847857284758,2.6,0.12108767474059835,0.2433917060184982,0.36402921603263433,0.0,0.04539088632577467,0.001311851743564306,0.028009653499741594,0,,,0.12108767474059835,,,0.2433917060184982,,,0.36402921603263433,,,,,0.04539088632577467,,,0.001311851743564306,,,0.028009653499741594,,,,,0.004756768587988611,,,0.016197850126262472,,,0.07484604665544012,,,,,0.0,,,0.0,,,0.0,,,,,8.769339858742432,,,27.766429577474284,,,5.540744075192782,,,,,6.67973391576434,,,5.452157826319144,,,3.0633703242212937,,,0.011292278967717239,8.136775232795319e-05,0.012169302169961918,0.00027540674413234376,4.709400663455016,0.6981682249277238,0.837870908810027,1.3669322030082118e-05,0.5690083535143238,6.005332747866312,0.8938589586747735,0.8456098905984075,6.987315781613609e-10,0.9509805015243945
7f969270,0.5807716986042866,2.6,0.1074569453780806,0.20884557631866785,0.21038382798880037,0.0,0.17499026187884528,0.07681161749000048,0.32139019431437116,0,,,0.1074569453780806,,,0.20884557631866785,,,0.21038382798880037,,,,,0.17499026187884528,,,0.07681161749000048,,,0.32139019431437116,,,,,0.013435107424167132,,,0.032128917542621566,,,0.04650761229612686,,,,,0.0,,,0.0,,,0.0,,,,,9.04463676387095,,,6.955549662384044,,,93.022754215791,,,,,6.879574448743138,,,6.65156736316425,,,3.445108969111171,,,0.0038168163277754927,7.074134456838476e-05,0.006504071987334827,0.0003583003701315652,5.63844011485357,0.6414786438754775,0.9596979398088015,4.471821421332183e-06,0.8180505842976055,6.145965904421115,0.8165626604806429,0.8012196856993746,1.3494189683219393e-09,0.9854548809316586
6d1f3a48,0.16574064597248467,2.6,0.11523447198233853,0.2394216212594977,0.37642475322146646,0.0,0.09079161828071748,0.00022131370445425583,0.02712541693844192,0,,,0.11523447198233853,,,0.2394216212594977,,,0.37642475322146646,,,,,0.09079161828071748,,,0.00022131370445425583,,,0.02712541693844192,,,,,0.00693342298788605,,,0.002689177732951298,,,0.0736551653836198,,,,,0.0,,,0.0,,,0.0,,,,,7.836937176412567,,,6.386821032683022,,,8.38122306964632,,,,,5.947393007728345,,,5.825295762706285,,,2.6107637076875,,,0.002189808616403263,0.00010979060850437352,0.00750079184182783,0.00030600061646975064,5.733041771427315,0.6643029609716659,0.9085145445815352,3.5106876047780942e-06,0.5479538856036917,6.000933466942914,0.8453938524458681,0.8153740578076978,4.653398216376389e-10,0.9691977520474045
38ca94f0,0.07745467640274527,2.6,0.122207951394234,0.23753738815259537,0.3665029520677542,0.0,0.03849695307231689,0.0019696984212294747,0.005753275679897858,0,,,0.122207951394234,,,0.23753738815259537,,,0.3665029520677542,,,,,0.03849695307231689,,,0.0019696984212294747,,,0.005753275679897858,,,,,0.019691657067894126,,,0.01984791385123119,,,0.03392130799334795,,,,,0.0,,,0.0,,,0.0,,,,,7.749239495689585,,,3.4832713254129635,,,3.551664528281736,,,,,5.808511806466979,,,5.53981672528597,,,2.727550500919508,,,0.002260071979776292,4.064543144197147e-05,0.0055466495278342865,0.0005506098666371649,8.936500064220581,0.5770047070526304,0.7958663507802062,1.7625374863280152e-05,0.6241006729233938,6.301866086275052,0.8264832406576759,0.8002184670436806,4.4913995842948877e-10,0.9135728406127797
016b2a90,0.12247111265644368,2.7,0.11689717197016807,0.22934623877346888,0.3635032178901348,0.0,0.07954236648970053,0.004913318989991352,0.0007299046945581764,0,,,0.11689717197016807,,,0.22934623877346888,,,0.3635032178901348,,,,,0.07954236648970053,,,0.004913318989991352,,,0.0007299046945581764,,,,,0.02140227383278004,,,0.009536207866629882,,,0.012082257194400195,,,,,0.0,,,0.0,,,0.0,,,,,10.33462558604833,,,9.819626993056296,,,4.9540058832524565,,,,,6.815809366218025,,,6.757331128559499,,,2.954765169264743,,,0.007540412605609489,6.356838875147677e-05,0.0057928042287964335,0.0004269396843039287,3.8018187921890387,0.8933636695010339,0.6580152912216183,2.823742862815592e-05,0.5951063701921439,5.958789101610818,0.859005099413121,0.8303300232483641,7.823141009808247e-10,0.9634662040399936
eaed0bb1,0.15842405516384958,2.7,0.11312406663762305,0.23002252605326273,0.3296801316101098,0.0,0.11216290031861807,0.01609846406754848,0.010235058397098972,0,,,0.11312406663762305,,,0.23002252605326273,,,0.3296801316101098,,,,,0.11216290031861807,,,0.01609846406754848,,,0.010235058397098972,,,,,0.005901708810400651,,,0.024609712977307033,,,0.03803939976740539,,,,,0.0,,,0.0,,,0.0,,,,,23.987367942916958,,,1.0132931006183779,,,19.541353546982158,,,,,6.450619013077645,,,5.027176839291478,,,2.768535479381129,,,0.004891239861464417,0.00014437897197431933,0.005161518455869046,7.626403231539755e-05,7.285249640199151,0.548343499165394,0.8701304002849026,1.8992561760160193e-05,0.7260978851631786,6.2620344457394355,0.9107542417933963,0.8052505409375459,3.441983148871563e-10,0.9412565379878597
c57727dd,0.23912246454502856,2.7,0.11595177557174566,0.19540671760504813,0.3105035685975734,0.0,0.08791372669576332,0.1285339880984909,0.006709221552758598,0,,,0.11595177557174566,,,0.19540671760504813,,,0.3105035685975734,,,,,0.08791372669576332,,,0.1285339880984909,,,0.006709221552758598,,,,,0.022783557765650518,,,0.011560681096811022,,,0.036631193135792335,,,,,0.0,,,0.0,,,0.0,,,,,3.01951418377364,,,11.328608207861402,,,17.03763025709694,,,,,8.168160633728247,,,5.217398842387606,,,3.2534943996622725,,,0.0030089764681302295,8.642457331423734e-05,0.00337502548479131,0.00032184300524750863,5.4302465456439215,0.47226857869325145,0.48065366197324844,2.3874544034101753e-05,0.9851726478560714,6.164078179508757,0.8796699629140032,0.8367600228276154,4.498333744976705e-10,0.7258765535164899
e1518bfe,2.74332452833419,2.7,0.1321613370453164,0.22050528593072344,0.25227184054808277,0.0,1.1325744958512771,0.021337579417498902,1.5845413011485197,0,,,0.1321613370453164,,,0.22050528593072344,,,0.25227184054808277,,,,,1.1325744958512771,,,0.021337579417498902,,,1.5845413011485197,,,,,0.003774160119352725,,,0.0023343565883376135,,,0.028772932051498695,,,,,0.08918566226148136,,,0.0,,,0.0,,,,,151.52648034770402,,,4.236749089991258,,,171.73492711865447,,,,,26.044453940717613,,,8.149283097447377,,,5.567676142283773,,,0.004475752369039572,3.9133707380881694e-05,0.010292508793204118,0.00023487042422716802,9.622936308068649,0.7245561895175754,0.5846346202189977,2.597345487557969e-05,0.9749655706420388,6.320972196967998,0.9341316438106729,0.9740463553398442,1.41139865604656e-09,0.8855317135886194
12b396fa,4.976438739025391,2.7,0.1236980076806308,0.20974442708485008,0.2394658184240547,0.0,1.7602132924902882,1.8198140590991034,1.3928112193636473,0,,,0.1236980076806308,,,0.20974442708485008,,,0.2394658184240547,,,,,1.7602132924902882,,,1.8198140590991034,,,1.3928112193636473,,,,,0.017134563091328492,,,0.007638232627654512,,,0.016091012203219793,,,,,0.09929299710539298,,,0.12574517338947455,,,0.0,,,,,174.8525349899266,,,174.55488092109323,,,163.90481242990506,,,,,31.48610297878298,,,21.373176334686804,,,6.188568066448848,,,0.00999865312154861,0.00015547692608825463,0.013168928031544581,0.0007183467862006876,3.691882560488886,0.8254176797690418,0.6831457468166321,1.9554876126606054e-05,0.7360170486857982,5.447361704527328,0.9395449575956246,0.9631253315031915,1.6088633726276803e-09,0.9446145347295185
d6623758,0.15574159077621108,2.7,0.11706784067246374,0.24013209798794385,0.38316047504802997,0.0,0.07696332890495886,0.00018442559534202933,0.028182787857714386,0,,,0.11706784067246374,,,0.24013209798794385,,,0.38316047504802997,,,,,0.07696332890495886,,,0.00018442559534202933,,,0.028182787857714386,,,,,0.02105960888938649,,,0.006073312034500275,,,0.07507701093905429,,,,,0.0,,,0.0,,,0.0,,,,,10.46633177839045,,,4.4154204201977665,,,27.77099552120228,,,,,6.821798679037953,,,5.360653179126233,,,2.5014364065400083,,,0.008098929541972883,8.323929052477503e-05,0.03305179639710632,0.0007664925375209981,5.491028092635027,0.682681453070768,0.8593019645021638,1.1321746790134076e-05,0.449907167747569,6.117649270080968,0.8703315061646196,0.8055781264487842,7.020502485675144e-10,0.955267973623579
0bda1b2a,0.20158079776942942,2.7,0.12736349804630168,0.21342420328655942,0.3577126268398595,0.0,0.12587806787463682,0.04481798166299976,0.0005506393625692069,0,,,0.12736349804630168,,,0.21342420328655942,,,0.3577126268398595,,,,,0.12587806787463682,,,0.04481798166299976,,,0.0005506393625692069,,,,,0.0040810456940934756,,,0.015256806728273222,,,0.010494182793997891,,,,,0.11029465050639498,,,0.0,,,0.0,,,,,6.538021947173418,,,6.764699322885472,,,11.875977614298742,,,,,21.2482490104214,,,8.251397266065704,,,4.062448322026954,,,0.00529889255635688,0.00021847775448522748,0.006551238184543468,0.00033021620088478844,2.000232664778339,0.7778537936484766,0.5255635207423588,2.7153428517075884e-05,0.9879775061538941,6.287074395029816,0.931773369173675,1.0210595768707145,1.2153546675019318e-09,0.8945531796260675
3113b351,1.3577463104789371,2.7,0.08001672144378273,0.14615361056838286,0.26579299094228065,0.0,0.6932366449648938,0.6044283710968519,0.02890572040530362,0,,,0.08001672144378273,,,0.14615361056838286,,,0.26579299094228065,,,,,0.6932366449648938,,,0.6044283710968519,,,0.02890572040530362,,,,,0.03300509371702595,,,0.016196237680194014,,,0.07512951141848129,,,,,0.0,,,0.0,,,0.0,,,,,10.377676077180059,,,3.622691788745242,,,23.860051694344385,,,,,6.555014024973222,,,6.151616934500014,,,3.586975795367811,,,0.00950342836857569,8.47377334861388e-05,0.002212356596499624,0.00030556726782300745,7.794816290995181,0.5194680683522473,0.2098408332419185,1.4174783986809862e-05,0.9814253561475618,5.8529848048244615,0.8002431450440287,0.8000650243294145,4.402870632446621e-10,0.6202823052052362
06e84b4d,0.16981804220609967,2.9,0.11209535560026875,0.24106425067698853,0.351396760296677,0.0,0.12411590607025566,0.01186045297322661,0.0002548352868435414,0,,,0.11209535560026875,,,0.24106425067698853,,,0.351396760296677,,,,,0.12411590607025566,,,0.01186045297322661,,,0.0002548352868435414,,,,,0.017372791585902148,,,0.026384164048558992,,,0.007139121610443983,,,,,0.0,,,0.0,,,0.0,,,,,4.155153199431232,,,6.8395612409011965,,,3.452834361507884,,,,,6.958463086700871,,,5.295650565738283,,,2.577758669255661,,,0.02417720914195886,9.565319343580867e-05,0.005611840603106414,0.0004551398915014394,7.2244724701516265,0.4854008961098899,0.9025024586965151,1.6665750595283546e-05,0.6048528833536925,5.6826177202056565,0.8643468922352833,0.8793903843923128,3.9028395414232823e-10,0.9497376023678681
304cef1b,0.11490864767713674,2.9,0.12150961538098422,0.22430498031818116,0.34684523971789233,0.0,0.05402664319600181,0.016359933132784138,0.02191456950073291,0,,,0.12150961538098422,,,0.22430498031818116,,,0.34684523971789233,,,,,0.05402664319600181,,,0.016359933132784138,,,0.02191456950073291,,,,,0.04742669425804979,,,0.02687679234267408,,,0.0662035792094852,,,,,0.0,,,0.0,,,0.0,,,,,8.276551463588756,,,4.656341355548462,,,11.767131339412957,,,,,5.984535612414245,,,4.733061916381657,,,2.533686880409494,,,0.0073002017331489834,7.008523135152999e-05,0.013564142728277315,0.0005176423152932406,4.688252394428773,0.6861143904192937,0.8488387149768111,3.017399818608898e-05,0.24966336422532476,6.27462771250123,0.8287332261201179,0.8013054879722472,5.173886154317111e-10,0.9524677640339958
99ee429e,0.12386189655370114,2.9,0.11817741347653338,0.22702929912245645,0.3460868470697545,0.0,0.07954910348337957,0.017553890030419177,0.0023292475288342715,0,,,0.11817741347653338,,,0.22702929912245645,,,0.3460868470697545,,,,,0.07954910348337957,,,0.017553890030419177,,,0.0023292475288342715,,,,,0.02711505600817375,,,0.04357749057406064,,,0.021583547108083377,,,,,0.0,,,0.0,,,0.0,,,,,10.417178337196704,,,16.857132934814352,,,11.481188765501324,,,,,6.89877533119278,,,5.615080573414439,,,2.652955711987944,,,0.0019122197571455073,5.74200777189481e-05,0.009192526500822362,0.0003601487802319499,2.7334857739629106,0.997762649602909,0.4550687748727427,4.657318458480257e-06,0.5573850529263416,5.997436587607797,0.8530446145205873,0.8900983234946144,3.757246884522028e-10,0.9987352910295869
4cf60fda,0.43341052735225294,2.9,0.10431404404075291,0.19873785987173043,0.32590856594375983,0.0,0.2907736242471464,0.10893952971365817,0.0012875803824071279,0,,,0.10431404404075291,,,0.19873785987173043,,,0.32590856594375983,,,,,0.2907736242471464,,,0.10893952971365817,,,0.0012875803824071279,,,,,0.048756922121259205,,,0.009122826277311273,,,0.016047307452698275,,,,,0.0,,,0.0,,,0.0,,,,,32.762713011801935,,,11.944563973645716,,,16.250324339557476,,,,,5.705536329929005,,,4.720173557776895,,,2.4233097124814473,,,0.0060907090420576045,4.4617369924074754e-05,0.0061108159754435735,0.0003308343426093957,9.700723680946055,0.36744524308406823,0.6831773228682787,3.033484439793149e-05,0.5685642628333162,5.777311229937163,0.802935993570675,0.8000485989745592,2.28352068501387e-10,0.7995239907492024
446c2906,1.5104937954043667,2.9,0.11102279206192113,0.20008140553773593,0.21379883659785748,0.0,0.22117034343469477,0.1337190065157871,1.1510061414602035,0,,,0.11102279206192113,,,0.20008140553773593,,,0.21379883659785748,,,,,0.22117034343469477,,,0.1337190065157871,,,1.1510061414602035,,,,,0.007012529025561121,,,0.02880113295406692,,,0.10724552603320923,,,,,0.08803211184343882,,,0.026968691135225768,,,0.0,,,,,26.2932062479548,,,22.311565464248506,,,148.9948623304911,,,,,22.35769864184871,,,12.870824720835255,,,4.716150470553391,,,0.0069489769348537395,3.545120465886041e-05,0.005998489485572811,0.0003992660261407219,2.6415848162227253,0.9703414833780885,0.6154811954869334,2.0522334369672366e-05,0.6215832431315046,5.694810907432325,0.8335575130698019,0.8793511258106802,1.595674610912589e-09,0.988534194525363
837fa02f,0.12842230943033825,2.9,0.13233320720859415,0.27300621340574394,0.4209477360327653,0.0,0.002029037440384154,0.001095227291647185,0.07250202388148339,0,,,0.13233320720859415,,,0.27300621340574394,,,0.4209477360327653,,,,,0.002029037440384154,,,0.001095227291647185,,,0.07250202388148339,,,,,0.008336941583398287,,,0.014800184401872734,,,0.02324489954741708,,,,,0.0,,,0.0,,,0.0,,,,,4.045081201378786,,,15.289838207389405,,,13.165115571436438,,,,,7.596694284345742,,,6.546871618965387,,,2.7472888582781874,,,0.005808561078375747,5.438816327876309e-05,0.00813682210468229,0.001282908014234894,4.0583816255580665,0.7907089620804226,0.749864994327913,1.6103601897866653e-05,0.3140163709469466,6.375045867638434,0.8308448652094227,0.9193730796701598,6.886444013763276e-10,0.9475739985434367
d608286d,0.10719919067516352,2.9,0.12045581820435433,0.23514536933847666,0.38448784676589604,0.0,0.04976514810125229,0.001310527137514896,0.007947067966180676,0,,,0.12045581820435433,,,0.23514536933847666,,,0.38448784676589604,,,,,0.04976514810125229,,,0.001310527137514896,,,0.007947067966180676,,,,,0.025315949962450294,,,0.006250512182201696,,,0.02411656136965013,,,,,0.0,,,0.0,,,0.0,,,,,2.8246054688965327,,,1.8314700640211903,,,9.572813486229688,,,,,6.6679169894363755,,,6.142864189470354,,,2.878152252312318,,,0.03295057961922708,5.321824587571743e-05,0.009272051494530174,0.00033586515622865363,8.070948776610543,0.8707658405020846,0.7045449776723631,4.290424693855233e-05,0.7549979610827223,5.876259662970168,0.8804809279900314,0.8165564063692088,7.379907733554705e-10,0.9617466640222828
44eef24c,10.417307669630672,2.9,0.301708838625449,0.1118353495024211,0.03849590864288163,0.0,5.221540050967843,1.1848526559941,2.5976074774953632,0,,,0.301708838625449,,,0.1118353495024211,,,0.03849590864288163,,,,,5.221540050967843,,,1.1848526559941,,,2.5976074774953632,,,,,0.028527879310534264,,,0.01408082007464147,,,0.09251707834756395,,,,,0.06538813033774564,,,0.04312448081003422,,,0.007506673279435282,,,,,73.97770301893969,,,70.45054435484357,,,78.04510141148484,,,,,47.71172149284587,,,34.302620086033336,,,10.022535581022224,,,0.011416470531797554,9.719700175304358e-05,0.007766011813409676,0.00018440011921429158,4.672168276444699,0.964637129975253,0.6926048937493792,2.1756195811464282e-05,0.275218072886681,6.0616647505451065,0.9146166547910236,0.8789503579878052,2.8942571217898736e-09,0.9890603663220411
480e547c,0.19500935527358215,3.0,0.11024572233571829,0.2249819852440474,0.3506155403663286,0.0,0.14181891527207263,0.013567807454486196,0.002634359926037355,0,,,0.11024572233571829,,,0.2249819852440474,,,0.3506155403663286,,,,,0.14181891527207263,,,0.013567807454486196,,,0.002634359926037355,,,,,0.033734411202927785,,,0.020420284527363584,,,0.022953692191180725,,,,,0.0,,,0.0,,,0.0,,,,,9.782839685560255,,,9.250211657381582,,,3.4099398239802077,,,,,5.824582940462533,,,4.847667465721786,,,2.457475247937773,,,0.0191689982482695,9.602268083395101e-05,0.008992533122419072,0.00020859740296190658,9.986397365660086,0.6077932559198053,0.9868682463111053,2.11914100761244e-05,0.7488363947256137,6.345614415765743,0.8013732771465344,0.8151449305306209,3.000519102292727e-10,0.9947509508169844
62cb4578,0.22711126229080214,3.0,0.10845459178662806,0.24125054096879303,0.36413049200397224,0.0,0.16273971014406652,0.008729154667982898,0.007275102537561757,0,,,0.10845459178662806,,,0.24125054096879303,,,0.36413049200397224,,,,,0.16273971014406652,,,0.008729154667982898,,,0.007275102537561757,,,,,0.025805949570413,,,0.04178314173918208,,,0.03814473105833034,,,,,0.0,,,0.0,,,0.0,,,,,45.976376070349865,,,6.131466596211971,,,3.843472254397334,,,,,6.311494880982217,,,5.8098635686027125,,,2.85913326943785,,,0.013870607741385956,5.126846126614663e-05,0.004028871389285554,0.00047389138914116097,9.877596076807594,0.7285717986114806,0.8172760423120518,1.045261307788954e-05,0.7889160873902197,5.683995361542683,0.9248587565064305,0.951393589712455,3.441974456246696e-10,0.9503218372099371
152c820a,0.09339195116587973,3.0,0.12211795835389917,0.23660842327280907,0.3830111051760955,0.0,0.03933600563462581,0.0016542576645719887,0.008132115783980053,0,,,0.12211795835389917,,,0.23660842327280907,,,0.3830111051760955,,,,,0.03933600563462581,,,0.0016542576645719887,,,0.008132115783980053,,,,,0.009252233158378536,,,0.01818932469649156,,,0.0403289369658563,,,,,0.0,,,0.0,,,0.0,,,,,12.851803560198206,,,10.751707169465796,,,7.148656591970869,,,,,6.877544179480259,,,5.881972216711989,,,2.808630184176363,,,0.010945417438373843,0.00023186483323489097,0.008479960331311659,0.0008906295477736749,4.006982007058516,0.9494351511002991,0.6266536154579728,3.774774515991039e-05,0.2894905431904429,5.909754877417252,0.8646709721652702,0.8727657137796934,6.8803110192981e-10,0.981059131116837
86fb6fdc,0.11256021476512901,3.0,0.11684785622891476,0.23357504710012214,0.34684835333029834,0.0,0.07660236607819841,0.0026020038986704274,0.008193621784270357,0,,,0.11684785622891476,,,0.23357504710012214,,,0.34684835333029834,,,,,0.07660236607819841,,,0.0026020038986704274,,,0.008193621784270357,,,,,0.020486738600082526,,,0.005235306592733832,,,0.040481160517629323,,,,,0.0,,,0.0,,,0.0,,,,,15.465414665311151,,,8.364271844011379,,,31.502617607721913,,,,,6.410086898261256,,,5.8755225253869785,,,2.9226324650952584,,,0.014429652013938742,2.9211223827074603e-05,0.013542001771302253,0.0003413985102610817,5.856435870758067,0.6072460162766307,0.468611116608093,5.232507093527461e-05,0.7177175739280206,5.992152045755951,0.9001108663794616,0.8060169379475225,7.552115041650679e-10,0.7912480380298548
32ddd429,0.29458655305292003,3.0,0.11072721050537516,0.2058364046357633,0.38144184607622905,0.0,0.136207925624541,0.07587494493607874,0.010674106361336417,0,,,0.11072721050537516,,,0.2058364046357633,,,0.38144184607622905,,,,,0.136207925624541,,,0.07587494493607874,,,0.010674106361336417,,,,,0.002159559656172084,,,0.01740160487352617,,,0.02221796935737498,,,,,0.0,,,0.0,,,0.0,,,,,17.96222271707949,,,3.571883024719802,,,8.85661931817116,,,,,7.567666136002153,,,5.918070141959771,,,3.5969332525835402,,,0.022828778825863,5.355875129912011e-05,0.004168174117497189,0.00015289754904706957,2.5479113502090986,0.8317816341311515,0.6104665545098928,9.584147308477496e-06,0.7968356009291637,5.752889893760346,0.8361403332358301,0.8076099884729644,1.0331607411711134e-09,0.934412273692941
03685e4c,0.12421838592669548,3.0,0.11903793830493783,0.2216038630232281,0.3526527762634715,0.0,0.06430348925387627,0.03015067323692059,0.0003652569394284829,0,,,0.11903793830493783,,,0.2216038630232281,,,0.3526527762634715,,,,,0.06430348925387627,,,0.03015067323692059,,,0.0003652569394284829,,,,,0.03136201244735365,,,0.020752560152518015,,,0.008547010464817309,,,,,0.0,,,0.0,,,0.0,,,,,5.676292726242473,,,7.46079039210618,,,3.6528606317293355,,,,,6.0517335195676605,,,5.282118715112378,,,2.5953405998495334,,,0.008150337067397697,5.9576982595987127e-05,0.008844794444090117,0.00022188335304965044,3.9494522543634956,0.9739987314421771,0.6426605835620061,1.0776927219342653e-05,0.7556874293568207,6.000753910897833,0.8217154430124155,0.8294832494474259,3.583543388564672e-10,0.9906444558085438
7402d98a,0.07591717567590048,3.0,0.12580589791095342,0.2417469657976308,0.38011209089517284,0.0,0.020121028248946193,0.003609794025280038,0.01626950944611538,0,,,0.12580589791095342,,,0.2417469657976308,,,0.38011209089517284,,,,,0.020121028248946193,,,0.003609794025280038,,,0.01626950944611538,,,,,0.014067676401306826,,,0.026869291115621335,,,0.057042982821930655,,,,,0.0,,,0.0,,,0.0,,,,,3.3918674553150607,,,10.860600924328692,,,13.015574605568144,,,,,6.691641001950014,,,5.062056789199751,,,2.7120512512937,,,0.02106832413867942,8.99133905424011e-05,0.02271310170158783,0.0003282859764522914,5.4153626067820495,0.9674795988862158,0.6569341779549158,1.8524010569232712e-05,0.513514587027995,6.290986691710517,0.8141621355367713,0.8749484228121677,6.607183801628077e-10,0.9887776684408682
ac6e0d6c,1.6977926873050009,3.0,0.11746290491711182,0.22195265100452988,0.34711386616973633,0.0,1.494240308436049,0.020006536331148298,0.1565030157052739,0,,,0.11746290491711182,,,0.22195265100452988,,,0.34711386616973633,,,,,1.494240308436049,,,0.020006536331148298,,,0.1565030157052739,,,,,0.006236219148301862,,,0.008726621855704745,,,0.05358134728243373,,,,,0.1618881629022535,,,0.0,,,0.0,,,,,163.758119283989,,,8.068827494195327,,,4.253766346164158,,,,,19.806893436903692,,,7.308954253072294,,,4.019275157239464,,,0.013895633189051005,4.115880793538545e-05,0.04451253278937138,0.0003975435389256733,8.066450531770029,0.9560281756170496,0.7457417172646398,5.192033607067768e-05,0.5577754083859249,5.682411701098676,0.8671082511163688,0.9123528596938333,1.2958479457639376e-09,0.9887452252719238
90ce7fe5,0.24655945158825765,3.2,0.11204163822037094,0.22348170173273765,0.393670760190468,0.0,0.12226124972438594,0.014613653077100257,0.03557583230449495,0,,,0.11204163822037094,,,0.22348170173273765,,,0.393670760190468,,,,,0.12226124972438594,,,0.014613653077100257,,,0.03557583230449495,,,,,0.011333223317665128,,,0.006980148279783651,,,0.051673802830421126,,,,,0.0,,,0.0,,,0.0,,,,,9.640121069191649,,,11.630657400308413,,,12.502259761504288,,,,,9.005165626636026,,,5.772996131823587,,,3.0271736888203424,,,0.02619855132057655,9.602656844659961e-05,0.011657865774941581,0.00022682411342028915,9.999364983647459,0.9636595171739297,0.7119985751624938,2.5732018685282024e-05,0.3886135785417106,5.8961662866612174,0.8283277965848145,0.8750265928554198,1.0946077631635574e-09,0.9894626893092926
0cf9ec5f,0.10725743241181965,3.2,0.1207302958898576,0.2381404838610835,0.36845843290091124,0.0,0.04989509930027756,0.01518911652971253,0.00797256687953488,0,,,0.1207302958898576,,,0.2381404838610835,,,0.36845843290091124,,,,,0.04989509930027756,,,0.01518911652971253,,,0.00797256687953488,,,,,0.019990923593587496,,,0.055116452225651334,,,0.039931358302804774,,,,,0.0,,,0.0,,,0.0,,,,,15.174847494717113,,,15.449726640553106,,,3.787817398022135,,,,,6.556970882574138,,,6.000812423485145,,,2.808092669781817,,,0.011674657960934849,0.00015656928133752317,0.026898801498150788,0.0005842934375589548,5.912669450099774,0.6123822602136737,0.6701360616498785,1.4106969346536313e-05,0.4570480689795036,6.288319706282016,0.8286502172698001,0.8539272126963966,5.553440771886883e-10,0.8720718721735448
54f574f2,0.3550632255072378,3.2,0.11989473390770608,0.22827852484278097,0.39422563327913906,0.0,0.053346888136365435,0.08225609822217754,0.15865716542774919,0,,,0.11989473390770608,,,0.22827852484278097,,,0.39422563327913906,,,,,0.053346888136365435,,,0.08225609822217754,,,0.15865716542774919,,,,,0.012258434858325725,,,0.029349514346331908,,,0.029888634834238027,,,,,0.0,,,0.0,,,0.0,,,,,11.3736237478767,,,4.5130718678658726,,,13.56033293523887,,,,,7.683425675951497,,,8.753108293953991,,,3.084177947543351,,,0.01443454734428531,2.862726316964534e-05,0.01748831783306274,0.0012113500263379153,4.071393380870106,0.781420787283358,0.848639328911037,9.09378447205606e-05,0.41922394969650206,6.09112198122488,0.9138062340200375,0.8000266261975211,9.609643373555677e-10,0.9668308397442208
bf14ef75,1.2583423505102767,3.2,0.07506330883205632,0.19282448073910327,0.35673054080633265,0.0,0.9944113963563325,0.1454257087409988,0.0031337985623136645,0,,,0.07506330883205632,,,0.19282448073910327,,,0.35673054080633265,,,,,0.9944113963563325,,,0.1454257087409988,,,0.0031337985623136645,,,,,0.004545389059174702,,,0.012678403330502713,,,0.025035169511364065,,,,,0.0,,,0.0,,,0.0,,,,,2.43123367013341,,,4.435021553426592,,,11.394420605942713,,,,,11.435296810225667,,,6.358822204638306,,,3.0775468151128145,,,0.021092423756501617,0.00017172297993133382,0.032770274615387354,0.0005097802586047093,1.1568575681676974,0.8396900503913556,0.8353967094423894,5.8193096598001115e-06,0.5531686010410576,6.346083367618645,0.8611453294276469,0.9065521965956416,7.336795648105024e-10,0.9735289151143481
bafc2e4a,0.056902255502140064,3.2,0.12746998732368675,0.23796866449939813,0.3785239576889317,0.0,0.013753146343876041,0.007802371698889873,0.0012088520724488866,0,,,0.12746998732368675,,,0.23796866449939813,,,0.3785239576889317,,,,,0.013753146343876041,,,0.007802371698889873,,,0.0012088520724488866,,,,,0.005805289828616062,,,0.02483062963021589,,,0.015548968277341662,,,,,0.0,,,0.0,,,0.0,,,,,4.371932836315531,,,10.616367863924127,,,3.742716078801665,,,,,8.05995481332923,,,6.574493460839421,,,2.723369349372062,,,0.006149417466815214,0.00013437222098294438,0.017440793449677913,0.00031242275019841134,3.8019279574599856,0.9035399266839835,0.6599515260561304,6.590681577357077e-05,0.3689026873544565,5.655891848022003,0.9271966260449751,0.8479396625397128,7.31800442130289e-10,0.9671329041197692
acb983b4,0.2823281952158537,3.2,0.11234507891764871,0.21644285740140914,0.4020198371995043,0.0,0.11895454462516854,0.040397552294614274,0.036279002556894,0,,,0.11234507891764871,,,0.21644285740140914,,,0.4020198371995043,,,,,0.11895454462516854,,,0.040397552294614274,,,0.036279002556894,,,,,0.006337876426250426,,,0.026858740930376244,,,0.06229716519144168,,,,,0.0,,,0.0,,,0.0,,,,,5.189579436936565,,,3.261476825859549,,,8.086491319905024,,,,,6.366711055311485,,,5.6063503693908245,,,3.107533493575734,,,0.03482983913966836,0.0003033403117891652,0.01563656898498945,0.0004900806905263217,5.272576145551974,0.8991442791019301,0.6874354486014493,1.7833430101157414e-05,0.38749185200228997,6.344021334024246,0.8005348856725485,0.8110553066696439,9.989122467014468e-10,0.9684073332966572
5445bdc4,0.0785954180313777,3.2,0.12427910011747753,0.2217518732113097,0.36094993276637755,0.0,0.027596467291766125,0.01931247695533295,0.0010882699144711219,0,,,0.12427910011747753,,,0.2217518732113097,,,0.36094993276637755,,,,,0.027596467291766125,,,0.01931247695533295,,,0.0010882699144711219,,,,,0.01789586656529049,,,0.01348589680180137,,,0.014753100789129869,,,,,0.0,,,0.0,,,0.0,,,,,22.545286579900225,,,6.781682188964617,,,13.513970269117232,,,,,6.378493085018119,,,5.269094071189373,,,2.7763617642609715,,,0.02129298526967616,7.418817391445443e-05,0.01573082737134637,0.0006297275526233295,6.288581033814984,0.889123949642435,0.7276991932963496,2.4732274837147127e-05,0.5158137611016156,5.955681739837845,0.8182095507722682,0.8949121827320304,3.938648411247889e-10,0.9697355921241908
96417513,0.07968881079906379,3.2,0.12570737142788171,0.23496717117725469,0.37167949577227083,0.0,0.031151674304543808,0.005476127251414371,0.011130618059520911,0,,,0.12570737142788171,,,0.23496717117725469,,,0.37167949577227083,,,,,0.031151674304543808,,,0.005476127251414371,,,0.011130618059520911,,,,,0.029683676661167113,,,0.03154740008796683,,,0.021841758985225508,,,,,0.0,,,0.0,,,0.0,,,,,4.810361968624465,,,7.89884263491601,,,28.259210072788434,,,,,6.803646840841163,,,5.542448482253572,,,2.8487413085169426,,,0.009835993976790284,0.00010422725382798893,0.01286191192215919,0.00017419839982979072,6.620762391200863,0.934807652280984,0.5096640434578062,5.408539538076575e-06,0.4238447362431156,6.1950882054406184,0.8353734608505838,0.9076703866711091,4.399440733419726e-10,0.9679828814176192
c5cd0b4d,0.051163805826048854,3.3,0.12294711985772445,0.24498659585825847,0.3302187059445059,0.0,0.035442676350716816,0.0007322844169674489,0.004180839410442095,0,,,0.12294711985772445,,,0.24498659585825847,,,0.3302187059445059,,,,,0.035442676350716816,,,0.0007322844169674489,,,0.004180839410442095,,,,,0.016189458126053213,,,0.0121019371752414,,,0.028916567605585884,,,,,0.0,,,0.0,,,0.0,,,,,8.940271451371714,,,2.054538882390632,,,31.928545986945128,,,,,7.420424877651954,,,5.813522596289561,,,2.7742558335099625,,,0.00817784968540904,9.501521919871354e-05,0.018012710251869377,0.00018047068520847534,7.44241349562329,0.937135358465409,0.5703623511432403,2.1588227115560303e-05,0.10347630096695432,5.497676464176839,0.9412123805859819,0.8252756912024325,5.90409169447768e-10,0.972933946979741
696c5b12,0.11850260508499699,3.3,0.12137723401192521,0.2333320229731374,0.37624090961408724,0.0,0.05263572650813041,0.002309380960500037,0.02286209911936596,0,,,0.12137723401192521,,,0.2333320229731374,,,0.37624090961408724,,,,,0.05263572650813041,,,0.002309380960500037,,,0.02286209911936596,,,,,0.027146301032568203,,,0.006195714333801062,,,0.06761967039163376,,,,,0.0,,,0.0,,,0.0,,,,,10.510310577789507,,,1.4975331481632614,,,9.648931573549838,,,,,5.887182387632488,,,4.928933497532216,,,2.5869701873629394,,,0.006649254311360123,8.194855320954916e-05,0.015451458818201109,0.0007695769890237095,9.974580801893701,0.6454607202792388,0.7535605916650638,7.702845815126003e-05,0.7262490139895242,6.069410563842918,0.8018410788950865,0.8017943049650273,4.1674625339655376e-10,0.9125521936149548
31dfeb2a,0.19493965123868318,3.3,0.11171624225259164,0.24561463203654893,0.3240691499102531,0.0,0.13858931098099792,0.011810459813453092,0.024225571454382405,0,,,0.11171624225259164,,,0.24561463203654893,,,0.3240691499102531,,,,,0.13858931098099792,,,0.011810459813453092,,,0.024225571454382405,,,,,0.016367403639843212,,,0.0360256418858002,,,0.06960685520030682,,,,,0.0,,,0.0,,,0.0,,,,,27.72342615904171,,,31.31580930481593,,,25.64018095607629,,,,,6.6204116593927065,,,5.014068211509438,,,2.4250405203879577,,,0.009284877993861598,6.376034870579213e-05,0.014778617835001569,0.0006216399224384401,5.528436204385751,0.7784763747162353,0.6515277178564673,1.8472778813320572e-05,0.3376714772111368,5.901180703455846,0.9267381752035331,0.8772604603053467,2.9017861298486773e-10,0.9227400039768721
0962881e,0.11557224290532858,3.3,0.11867173795478306,0.24803706333142417,0.3734101983539572,0.0,0.06573904619164217,0.002715611308261451,0.008155145508177697,0,,,0.11867173795478306,,,0.24803706333142417,,,0.3734101983539572,,,,,0.06573904619164217,,,0.002715611308261451,,,0.008155145508177697,,,,,0.007770310882250882,,,0.015844613635202433,,,0.04038600130782372,,,,,0.0,,,0.0,,,0.0,,,,,8.67927266760263,,,6.467649156777579,,,6.0897201445361535,,,,,8.931915960685025,,,5.7437862708145495,,,3.0867145013865387,,,0.012024193914187393,0.0001118565291453979,0.022799309320786842,0.00016766480471821658,1.9907639222185007,0.8641525405921512,0.6812408532946784,4.485864220340224e-05,0.46564247723968755,5.820802302073114,0.8828983347159809,1.0077245022059305,5.374903160014832e-10,0.9566292556717388
624e1e54,0.1304907570241731,3.3,0.11938739101191902,0.234670939045792,0.38979055642834387,0.0,0.06007232273577772,0.008498600605908738,0.007332755542073048,0,,,0.11938739101191902,,,0.234670939045792,,,0.38979055642834387,,,,,0.06007232273577772,,,0.008498600605908738,,,0.007332755542073048,,,,,0.02540470873770684,,,0.031832512357530915,,,0.020191004908338125,,,,,0.0,,,0.0,,,0.0,,,,,5.519778401003688,,,8.021436350294483,,,5.500111116744572,,,,,6.4312858190770825,,,5.373249693577767,,,2.5477137353107926,,,0.0031115847027807023,8.361356362093633e-05,0.02444704257829642,0.0007754885581014668,6.165616360740685,0.6988906609301533,0.816624265599732,5.799025449328213e-05,0.5380081239486268,5.730847584952615,0.835315954797366,0.8233700908572107,4.860147388213795e-10,0.9447021913867276
c1d88d23,0.10255949739279364,3.3,0.11815987734710623,0.2378776517898949,0.35185363557706156,0.0,0.06609581868485323,0.0010526155050021395,0.00920000145522565,0,,,0.11815987734710623,,,0.2378776517898949,,,0.35185363557706156,,,,,0.06609581868485323,,,0.0010526155050021395,,,0.00920000145522565,,,,,0.004198777994124814,,,0.01398990946545373,,,0.04289522457156659,,,,,0.0,,,0.0,,,0.0,,,,,5.218200465485852,,,11.958820011929706,,,2.2913559087469517,,,,,7.023716518875718,,,5.780855306370532,,,2.492459780013934,,,0.0031655543754310336,0.00010807588513275382,0.022175738126661085,0.00019610489610603376,4.0481638602374135,0.9778571828695222,0.825043146968543,1.7625015907144533e-05,0.48045031798489335,5.870046979542057,0.8930604898997292,0.8061414847892914,5.133028223038775e-10,0.9960434580829037
d721581d,0.026093874445913743,3.3,0.13225157804211848,0.23787427666585412,0.36537208451563047,0.0,0.0036375877125632322,0.0005258590156889422,0.0006913616127309104,0,,,0.13225157804211848,,,0.23787427666585412,,,0.36537208451563047,,,,,0.0036375877125632322,,,0.0005258590156889422,,,0.0006913616127309104,,,,,0.026972533112643433,,,0.010247671484517162,,,0.011758925229211303,,,,,0.0,,,0.0,,,0.0,,,,,4.61704073889375,,,8.217059162246946,,,10.122429323323642,,,,,6.882150159457642,,,5.1625806705389765,,,2.414610954106161,,,0.013900533083663198,0.00014245448762273362,0.00835790809583215,0.0006762594374083257,7.099996254726298,0.7962895018495202,0.5328023722055533,3.622129460481732e-05,0.35448490389518544,5.865142891339336,0.8326061237059488,0.8817217234882534,4.828865374408977e-10,0.9047736582700503
d8d5bdc8,0.13180723118216192,3.3,0.11517305444534445,0.2306460795022445,0.35500052874969884,0.0,0.0913083399696604,0.0062376432553242584,0.0013864248934328594,0,,,0.11517305444534445,,,0.2306460795022445,,,0.35500052874969884,,,,,0.0913083399696604,,,0.0062376432553242584,,,0.0013864248934328594,,,,,0.006724554801745932,,,0.0048509640465507166,,,0.016651876131132247,,,,,0.0,,,0.0,,,0.0,,,,,6.591498654638033,,,4.5169978426944635,,,3.3046385679135066,,,,,6.56576637621141,,,5.240249861826948,,,2.8525712442932187,,,0.0061667988937673624,6.570335519908758e-05,0.012905003111699532,0.0006049118879104992,3.5758780664600276,0.8679534002271784,0.7822638413766825,2.2189899621618547e-05,0.5883309227151647,6.143528818440975,0.890303243928804,0.8087031683352716,5.001940288035883e-10,0.9711704542220575
53602ae1,0.0668930150395527,3.5,0.12809877214590457,0.23448448511926853,0.38354723950332575,0.0,0.013421056661872134,0.009653118469346439,0.005079196647216807,0,,,0.12809877214590457,,,0.23448448511926853,,,0.38354723950332575,,,,,0.013421056661872134,,,0.009653118469346439,,,0.005079196647216807,,,,,0.01348147295373089,,,0.04231564785031317,,,0.023622209532863928,,,,,0.0,,,0.0,,,0.0,,,,,13.35636706883399,,,6.4008228350995315,,,17.155995171810794,,,,,6.83589054000053,,,5.796033033567393,,,2.707101834528928,,,0.009644076626345246,0.0002792404952870214,0.007324786917381937,0.0008853189794360927,4.325245934938686,0.9656863892698837,0.5238408077018983,2.029497250169393e-05,0.1320464326160327,5.287400703043668,0.8619046269983732,0.8705500501444288,5.902779881325191e-10,0.9836088747491462
df8f8058,0.1826610388638546,3.5,0.1149787496592541,0.22097868933989234,0.3736900378272363,0.0,0.09364143846425396,0.022961011867622,0.015085687997237408,0,,,0.1149787496592541,,,0.22097868933989234,,,0.3736900378272363,,,,,0.09364143846425396,,,0.022961011867622,,,0.015085687997237408,,,,,0.008640784461183547,,,0.02496742965594922,,,0.05492847712660057,,,,,0.0,,,0.0,,,0.0,,,,,11.7133035285931,,,9.178175914466815,,,12.449536106883503,,,,,6.513824752191367,,,4.958017118888997,,,2.7708458749584612,,,0.015472465640135795,0.000144344682710206,0.00999766603141375,0.0004986418175007876,2.588396597777294,0.83528048915809,0.536776351860117,3.853627042299014e-05,0.2612766675141612,5.854866836361252,0.8245581735067311,0.8117501221109901,8.364070666558681e-10,0.9236443496328074
a91b1b7b,0.39004794909761176,3.5,0.1016288539292837,0.21931594192592224,0.32121468551133153,0.0,0.32662694404865056,0.028810438734705235,0.005441614727733991,0,,,0.1016288539292837,,,0.21931594192592224,,,0.32121468551133153,,,,,0.32662694404865056,,,0.028810438734705235,,,0.005441614727733991,,,,,0.035166548962053484,,,0.025908668508788302,,,0.03298974000423159,,,,,0.0,,,0.0,,,0.0,,,,,19.04003682631797,,,10.061894411112961,,,18.648191165736417,,,,,6.178010101475507,,,5.604424625409449,,,2.3124328727968186,,,0.008594317488799463,0.00011215121948432705,0.00947968163333926,0.00036213063258779183,9.014082157048783,0.8704315770625727,0.5783587888277834,3.1579536213296364e-05,0.24242860893336068,5.911047878417677,0.8763879873128912,0.8059502090210292,2.6341183615198257e-10,0.9453107773441064
6966b0fd,0.08284842339587492,3.5,0.12403579706906415,0.25631268495381754,0.3930080369592898,0.0,0.029598432105279716,0.0015257097661822369,0.006660304318240984,0,,,0.12403579706906415,,,0.25631268495381754,,,0.3930080369592898,,,,,0.029598432105279716,,,0.0015257097661822369,,,0.006660304318240984,,,,,0.007394435213006064,,,0.01746831283314011,,,0.02419336426624949,,,,,0.0,,,0.0,,,0.0,,,,,11.480852584550211,,,8.451416782916214,,,0.6986491693354456,,,,,8.98676107119234,,,5.98743569244489,,,2.802865102708354,,,0.02137016796363122,6.247824986882765e-05,0.011198270431304917,0.0004648547781333547,5.795226248591282,0.8854658154176163,0.6207940030752791,1.9699476249688143e-05,0.03299736975539407,5.906836740038678,0.9431157332821881,0.9068068487512277,6.540092464359201e-10,0.9565058709531696
e54372a2,0.07817118600096794,3.5,0.12175700198775281,0.2294149480988187,0.3578622851871729,0.0,0.0416584375690041,0.0077833429782963835,0.00079750363310631,0,,,0.12175700198775281,,,0.2294149480988187,,,0.3578622851871729,,,,,0.0416584375690041,,,0.0077833429782963835,,,0.00079750363310631,,,,,0.010712158179504695,,,0.023327505917982536,,,0.009234002636563914,,,,,0.0,,,0.0,,,0.0,,,,,15.19899777284946,,,5.233117219877429,,,6.980116263592653,,,,,6.657760251975841,,,5.384133430762749,,,2.7474256069157983,,,0.023547221927676644,0.00017730549232151623,0.006797789702754442,0.0002876766423563022,6.704915651537139,0.7654958730539873,0.5724147742869662,3.059633581448707e-05,0.3604966838947315,5.444144061174734,0.8419702624420559,0.8390671611435747,7.56748438990753e-10,0.8996722584717225
db4ba3a6,0.059825641724750724,3.5,0.12344216746102558,0.24300094944386302,0.35804322748511114,0.0,0.03143307815410087,0.002416849586512703,0.0025173430231393637,0,,,0.12344216746102558,,,0.24300094944386302,,,0.35804322748511114,,,,,0.03143307815410087,,,0.002416849586512703,,,0.0025173430231393637,,,,,0.015689742412303954,,,0.021985675275109032,,,0.022438106083800227,,,,,0.0,,,0.0,,,0.0,,,,,11.938592618075445,,,11.627173848488852,,,19.584118999356832,,,,,6.345770272092491,,,5.159468856884265,,,2.5508489475441434,,,0.0080992938951322,0.00014760832733929993,0.01984476728597737,0.0004201235516417642,5.367530498913831,0.9422093503487494,0.9014408523947921,2.6536789938934897e-05,0.027561008496684435,5.816845854168389,0.8486221899772584,0.835576544471413,4.698354803453857e-10,0.9942140587455821
400685cd,0.28518043865523035,3.5,0.10903623474563974,0.20533877835388947,0.32517049170684953,0.0,0.1557190818999335,0.08891648097629708,0.015203453998550519,0,,,0.10903623474563974,,,0.20533877835388947,,,0.32517049170684953,,,,,0.1557190818999335,,,0.08891648097629708,,,0.015203453998550519,,,,,0.007483422177867838,,,0.028664437213542414,,,0.05514245913731182,,,,,0.0,,,0.0,,,0.0,,,,,5.559686649894017,,,3.1561341735895896,,,19.34802177943329,,,,,6.326391782222798,,,5.183193265818088,,,2.4840317508836445,,,0.00495874667102192,6.937859701508639e-05,0.015944107008686703,0.0004947810671324928,3.709910407636993,0.6453882150802861,0.44332183496360145,1.977912249993759e-05,0.1499800454070113,6.003931715800799,0.8684192220741322,0.8002027420235266,3.9636256459296005e-10,0.8025510300871153
19ed72db,0.16977546315265676,3.5,0.1114282946635092,0.23326169838067876,0.35174106988815823,0.0,0.1300640443996677,0.002849835074595865,0.0017678480886654043,0,,,0.1114282946635092,,,0.23326169838067876,,,0.35174106988815823,,,,,0.1300640443996677,,,0.002849835074595865,,,0.0017678480886654043,,,,,0.017844191331781736,,,0.01727677806933297,,,0.014970087179846648,,,,,0.0,,,0.0,,,0.0,,,,,10.645697663550463,,,10.067373619330963,,,10.667004413340543,,,,,6.371853457983747,,,5.265757550296825,,,2.6999793603285114,,,0.011168214832607224,5.826311167322482e-05,0.022265749492343886,0.00017750931622393233,5.609931677337892,0.658598243045244,0.7917549862678881,2.2578399071379508e-05,0.2154880445549196,5.920112803314365,0.8370659815573422,0.800258872560844,4.863539230884038e-10,0.9288256109361629
4fa0adb2,0.14809575261861413,3.6,0.11862113744782135,0.2220086085141475,0.3891488816890536,0.0,0.06455336418288488,0.018030492589901886,0.004999349023977623,0,,,0.11862113744782135,,,0.2220086085141475,,,0.3891488816890536,,,,,0.06455336418288488,,,0.018030492589901886,,,0.004999349023977623,,,,,0.020323811420321008,,,0.009982255074661208,,,0.005065016608001741,,,,,0.0,,,0.0,,,0.0,,,,,9.389707060102824,,,2.374210155692119,,,9.812919039546122,,,,,6.261578534661475,,,5.234474688913132,,,2.9231525277064914,,,0.005569514263670272,0.00015882782073274663,0.011979927620625715,0.00040102969634637055,9.426477327717237,0.8241620659814922,0.8317825117536886,2.1479538356706344e-05,0.30558985018468454,5.619943526571997,0.8128053183095271,0.8311103013626119,7.448293271628133e-10,0.9703378061498107
a0ea694e,0.1980946523622509,3.6,0.11065034467384682,0.2323034496024219,0.3643512138242688,0.0,0.14239860341706095,0.004911882748642646,0.004961152846134548,0,,,0.11065034467384682,,,0.2323034496024219,,,0.3643512138242688,,,,,0.14239860341706095,,,0.004911882748642646,,,0.004961152846134548,,,,,0.03280343552750481,,,0.009759717592537265,,,0.03149969157352036,,,,,0.0,,,0.0,,,0.0,,,,,13.608656819934431,,,6.4404160373264725,,,0.6977274462774955,,,,,6.040038427461757,,,4.883333774897254,,,2.6487640363262654,,,0.01233119878375219,0.00023079561090032303,0.009575619732055327,0.0008150367382664824,3.8837714479603607,0.7671524854693658,0.862797834518908,2.065724003462783e-05,0.27171496990546984,5.756108991775223,0.8023722762523998,0.8266721675328684,4.2614041218934836e-10,0.9679665369960551
ac3b5d35,0.1493444491407015,3.6,0.11870396240739266,0.23232581938507732,0.3936033037593246,0.0,0.061897166362925735,0.00580093251224488,0.021548445508208326,0,,,0.11870396240739266,,,0.23232581938507732,,,0.3936033037593246,,,,,0.061897166362925735,,,0.00580093251224488,,,0.021548445508208326,,,,,0.0025253560781395602,,,0.004993380107626682,,,0.04045994751461565,,,,,0.0,,,0.0,,,0.0,,,,,18.1019775219478,,,2.044116382171746,,,3.9158698391277653,,,,,7.384395308113194,,,5.756283159112205,,,3.2856896307823855,,,0.008758608088007434,0.0002294342804853923,0.018867154385880113,0.00027501889604195117,4.834711647955028,0.9461364948863062,0.8572235114315423,5.023589000943904e-05,0.23895500686700863,5.4066029926743076,0.8528064395388357,0.8520511817119321,8.057119525137616e-10,0.9922238355267345
2a2f1065,0.07532623849928446,3.6,0.1307875653626301,0.274190701502635,0.39971021562185743,0.0,0.010152691487957253,0.005917961571501974,0.02091524638404592,0,,,0.1307875653626301,,,0.274190701502635,,,0.39971021562185743,,,,,0.010152691487957253,,,0.005917961571501974,,,0.02091524638404592,,,,,0.017587959381436747,,,0.03440337649563477,,,0.02071390354308178,,,,,0.0,,,0.0,,,0.0,,,,,8.848634253222551,,,6.561395234159179,,,10.526661170239393,,,,,6.675619717384484,,,5.485487200529534,,,2.5767732979074585,,,0.008547732348687893,0.0002460727777789196,0.005194010871683026,0.001192663367195078,4.001888347870005,0.9422880865816043,0.6943600400635179,4.333635407257499e-05,0.2163572573455709,5.4384399207764105,0.8523258569618011,0.8909696604140835,5.932409904272641e-10,0.9822914970909374
3bd61073,0.046361189971345314,3.6,0.13056253947291163,0.24833307789790587,0.3753468838574632,0.0,0.007072940825719123,0.004785289144843916,0.00871400586587907,0,,,0.13056253947291163,,,0.24833307789790587,,,0.3753468838574632,,,,,0.007072940825719123,,,0.004785289144843916,,,0.00871400586587907,,,,,0.03152345599945366,,,0.02434356827150894,,,0.04121872864732104,,,,,0.0,,,0.0,,,0.0,,,,,8.593391420326233,,,7.003955423060475,,,11.336171413385452,,,,,7.662613354797403,,,6.317007769049124,,,2.7176485947258837,,,0.00842195544260382,0.0003411392502444614,0.00805258800883817,0.0005640457048547229,8.482704633672373,0.9972668000373994,0.674262864459326,3.061709629742066e-05,0.06747516347313828,5.757173835960352,0.833632934512173,0.9407871600756224,4.846090307275447e-10,0.9990422689868766
59d0d48e,1.7152776340155795,3.6,0.11013444515943972,0.21453275736533126,0.26425967736243344,0.0,0.1435411032843051,0.0398382840611344,1.5298043564927541,0,,,0.11013444515943972,,,0.21453275736533126,,,0.26425967736243344,,,,,0.1435411032843051,,,0.0398382840611344,,,1.5298043564927541,,,,,0.022215159750893398,,,0.006449113826790154,,,0.06491824091103719,,,,,0.0,,,0.0,,,0.0,,,,,3.4929350372072974,,,4.421681412632321,,,170.4502188274921,,,,,7.4492998073597745,,,6.291498549278817,,,4.343274782233314,,,0.01140669253555412,0.00012194070875394067,0.006650862989857406,0.000601375855941344,8.014596740512857,0.9328552049318227,0.848028510038696,3.5804770963619265e-05,0.010727866838538736,5.531215684226792,0.9121775242955948,0.8001795632182374,1.1638561078723388e-09,0.9897111025993388
868d536d,0.0978280532088556,3.6,0.12113066647095697,0.24797889246224886,0.37917676170588666,0.0,0.047432228410600505,0.001648523137356873,0.008980704549642577,0,,,0.12113066647095697,,,0.24797889246224886,,,0.37917676170588666,,,,,0.047432228410600505,,,0.001648523137356873,,,0.008980704549642577,,,,,0.02204506312324598,,,0.01815777044329437,,,0.042380902655895794,,,,,0.0,,,0.0,,,0.0,,,,,13.047267223154744,,,5.417633910016231,,,3.926124962976457,,,,,6.642815061685339,,,5.8689045486074445,,,2.7327950464992794,,,0.009357550109634741,7.330488238756487e-05,0.00761096818853451,0.000575044637568063,8.932650674155592,0.9972703806289337,0.8186160282675506,1.223344241439908e-05,0.26831747475481865,5.496696858137829,0.8286832586742234,0.9227236356555468,5.270291571878172e-10,0.9994230291943315
21be0064,0.11569370461296835,3.6,0.13097531332283766,0.21119325484147763,0.3739153883700428,0.0,0.013196155694252714,0.05111478070561673,0.00934202503916107,0,,,0.13097531332283766,,,0.21119325484147763,,,0.3739153883700428,,,,,0.013196155694252714,,,0.05111478070561673,,,0.00934202503916107,,,,,0.033479515998329074,,,0.012828731139426836,,,0.04168752730369668,,,,,0.0,,,0.0,,,0.0,,,,,5.057455037405669,,,3.7499110136182066,,,4.690023991985808,,,,,6.334604176270812,,,4.844674377590301,,,2.58369596809094,,,0.014455073285616973,0.00018623110918951935,0.008727919606749037,0.000508871447180512,5.478697391151466,0.7303118417432836,0.7618105129412109,2.3167668612368013e-05,0.13692399374622388,5.359397107535207,0.8174721232679955,0.8550906929873838,3.8110887089582256e-10,0.935686934867709
11e00c63,0.9519160048983231,3.8,0.07475373268684005,0.24125970690108856,0.34898216818303973,0.0,0.8312723207168088,0.002904938791223485,0.004852341177291799,0,,,0.07475373268684005,,,0.24125970690108856,,,0.34898216818303973,,,,,0.8312723207168088,,,0.002904938791223485,,,0.004852341177291799,,,,,0.010774518507634875,,,0.0232636083186904,,,0.03115233916511503,,,,,0.0,,,0.0,,,0.0,,,,,12.335889194589784,,,5.2205110031944555,,,8.764060451294878,,,,,5.175854131967798,,,4.7170970585662015,,,2.4807014028867456,,,0.006909148181519054,0.00016601698303771978,0.004514877547173293,0.0007164926974608263,8.803766240044652,0.8558895352613809,0.5438505474619927,1.077611481182725e-05,0.12993839388114267,5.551400882235851,0.805368636030238,0.8641850811221227,3.67235907151187e-10,0.9342097053497349
9ce4c181,0.47466176479507,3.8,0.10175540847176327,0.2355768902364886,0.3542143393224741,0.0,0.26246254584474965,0.005704055532106282,0.15423703597739494,0,,,0.10175540847176327,,,0.2355768902364886,,,0.3542143393224741,,,,,0.26246254584474965,,,0.005704055532106282,,,0.15423703597739494,,,,,0.040414269725014905,,,0.0328149813029211,,,0.09999518588866521,,,,,0.0,,,0.0,,,0.0,,,,,18.466839321324855,,,6.83591089720397,,,11.668414862516228,,,,,5.7815457059226,,,5.464630436443464,,,2.4027907611678017,,,0.008870747143898811,0.00033282625822106003,0.002078675187058264,0.0011764112636341315,6.00146378329068,0.998907064365285,0.6910891534525675,4.530359787823533e-05,0.30416668060371793,5.699158996838391,0.8194967393959272,0.8954164323654952,2.7469600604383734e-10,0.9995932714125131
5525c548,0.0852081098945789,3.8,0.1338331048582742,0.27621599098578825,0.4101118617668703,0.0,0.001267391920091955,0.008158887807351313,0.034544903764336256,0,,,0.1338331048582742,,,0.27621599098578825,,,0.4101118617668703,,,,,0.001267391920091955,,,0.008158887807351313,,,0.034544903764336256,,,,,0.008176991373180849,,,0.040395266572585735,,,0.007179940440916255,,,,,0.0,,,0.0,,,0.0,,,,,21.806746997105815,,,8.770133530195022,,,3.737783619721786,,,,,7.10546934794884,,,6.270961299344395,,,2.7466127152778106,,,0.003016942781384565,0.00017080256807836843,0.008341697689388637,0.0013760946195271778,3.9500802230696936,0.8121897786000537,0.5958501055211403,1.7222016869644715e-05,0.25544115184433364,5.862580215965734,0.8312080771018208,0.9013317227605315,6.281033952997605e-10,0.9240369338286083
54e35a78,0.08480845560203953,3.8,0.12184862943631333,0.2507774292670959,0.37892534565513497,0.0,0.040897306336844096,0.0052056920135124364,0.0005207443632822198,0,,,0.12184862943631333,,,0.2507774292670959,,,0.37892534565513497,,,,,0.040897306336844096,,,0.0052056920135124364,,,0.0005207443632822198,,,,,0.00861136466312823,,,0.03226667635041588,,,0.010205335499455369,,,,,0.0,,,0.0,,,0.0,,,,,8.622464293350044,,,19.537733688674777,,,2.7398172713546085,,,,,7.896110155687565,,,6.169513277044529,,,2.7880463178934645,,,0.013513871010358478,0.00012667019562306295,0.004014938259772228,0.0012755696566895075,7.91915944658257,0.9422365938841696,0.6719190446665337,4.117346979610069e-05,0.07152866849412201,5.675101829810366,0.8739649900985902,0.9083395127991616,5.53029625832344e-10,0.9809817346337367
93470991,0.07278878427910854,3.8,0.13615421401356914,0.2515032835787762,0.4062437624930781,0.0,0.00048463312700598266,0.0001541648678538738,0.030571652274446918,0,,,0.13615421401356914,,,0.2515032835787762,,,0.4062437624930781,,,,,0.00048463312700598266,,,0.0001541648678538738,,,0.030571652274446918,,,,,0.001448169664480849,,,0.005552744688059659,,,0.04276348238205046,,,,,0.0,,,0.0,,,0.0,,,,,12.21328402897559,,,4.938013287412646,,,15.116275332346863,,,,,10.161362082288665,,,7.216731999544343,,,3.307022551061877,,,0.008301587409996076,0.00015439355866894347,0.004104933525423354,0.00043633299496270857,4.235478961752053,0.7789109775677865,0.8722105062573917,3.3864471083351947e-05,0.17517928704653782,6.0577973584518485,0.8646158841719228,0.9578032292283283,8.036056437083118e-10,0.9716599247007136
3642cc33,0.12683977966787646,3.8,0.11798545484409861,0.22931109504877786,0.3828365346077814,0.0,0.06748024771217723,0.005313948934120158,0.001956031253105213,0,,,0.11798545484409861,,,0.22931109504877786,,,0.3828365346077814,,,,,0.06748024771217723,,,0.005313948934120158,,,0.001956031253105213,,,,,0.022808542045999722,,,0.025078611847645,,,0.019778934516829834,,,,,0.0,,,0.0,,,0.0,,,,,6.117458556794913,,,2.9436935770758983,,,7.825458317141297,,,,,7.221346467561135,,,6.834498445194714,,,3.150769382420652,,,0.006187454004993088,0.00020121296284351494,0.007984294623419009,0.000363343711717408,7.44018328624069,0.8021249359485148,0.6533314715844298,2.225699218629613e-05,0.1371770775366443,5.595145342490553,0.8218186947881471,0.8968853866040812,8.001956115667435e-10,0.9313376095879765
6425f529,0.14304931626265355,3.8,0.11504310696679647,0.23271181142777544,0.3477909574870802,0.0,0.10880790344774913,0.0027742130929711197,0.0035493923139868905,0,,,0.11504310696679647,,,0.23271181142777544,,,0.3477909574870802,,,,,0.10880790344774913,,,0.0027742130929711197,,,0.0035493923139868905,,,,,0.04592372078510995,,,0.014497585970516204,,,0.02664354448637377,,,,,0.0,,,0.0,,,0.0,,,,,1.255042156267702,,,12.538896485819286,,,17.575170773411962,,,,,6.666639657061922,,,5.513037789996739,,,2.3747705051002206,,,0.01220913805602642,0.0001972208298874886,0.009546520236816434,0.0008375800462711428,6.970272781736705,0.9712189801793792,0.6662107228291687,4.128566963014088e-05,0.24275299370978132,5.4183767720248825,0.8471261134579811,0.8484218157057493,3.8441731339733207e-10,0.9903265831255528
99e5bc4f,0.02651182083269364,3.8,0.13733267971434576,0.23927412647317856,0.36562446672322924,0.0,0.0004344838700816227,0.0033303542454958105,0.004984347170029135,0,,,0.13733267971434576,,,0.23927412647317856,,,0.36562446672322924,,,,,0.0004344838700816227,,,0.0033303542454958105,,,0.004984347170029135,,,,,0.007327249671213793,,,0.025808348438037684,,,0.03157323920673688,,,,,0.0,,,0.0,,,0.0,,,,,13.893365054714042,,,6.031441928332896,,,16.141372885454132,,,,,7.345429447685846,,,5.769129533684273,,,3.2425914500303956,,,0.014466937278356403,0.00014675565512384755,0.005396373367425407,0.0004587810750363596,9.23379012527125,0.9962459149734273,0.728421628873603,5.841786654641918e-05,0.05530665624816259,5.806094144769116,0.8264235624973758,0.9517942704920879,5.438379819926931e-10,0.998907629540526
4d7c770d,0.07848925746271408,3.9,0.1280310644511109,0.23890808499984828,0.3685357786849939,0.0,0.012157661864967691,0.0037951915412243902,0.036225754503634265,0,,,0.1280310644511109,,,0.23890808499984828,,,0.3685357786849939,,,,,0.012157661864967691,,,0.0037951915412243902,,,0.036225754503634265,,,,,0.006284648626657926,,,0.027550649869737702,,,0.08511845217534711,,,,,0.0,,,0.0,,,0.0,,,,,13.666716290009543,,,12.97707967116539,,,10.479530181090938,,,,,6.894647344738858,,,5.307348275137976,,,2.9784578467005107,,,0.011215143831707955,9.3093159107976e-05,0.008413124931799989,0.0006130273875945966,7.733288121625207,0.9685841438390433,0.6732998084056456,4.023245303534359e-05,0.12905822141090517,5.886581139327248,0.8139689805124145,0.8886350236495747,7.266766168845293e-10,0.9896691037922742
0967cc66,0.14151165563030974,3.9,0.11722161633066185,0.2141065961993114,0.32451486314061206,0.0,0.07386905126231,0.05109187989252551,0.0004374380717635921,0,,,0.11722161633066185,,,0.2141065961993114,,,0.32451486314061206,,,,,0.07386905126231,,,0.05109187989252551,,,0.0004374380717635921,,,,,0.008782867770352042,,,0.053119385274875294,,,0.009353481402810315,,,,,0.0,,,0.0,,,0.0,,,,,7.110523928949343,,,9.120082186119264,,,22.00203535152137,,,,,5.90700309574429,,,4.775784188547017,,,2.4861773230307636,,,0.03656917749358585,0.00014325985753105261,0.005396387320355271,0.0008844133886710806,4.917873424809935,0.9801959331167813,0.9756550751597203,7.255778888230486e-05,0.010381976301986465,5.788524690133323,0.8421410122651426,0.8534056988317859,3.132153414381553e-10,0.9994203059726802
04f11fe3,0.040342900274033054,3.9,0.130719561683151,0.24860176043164886,0.3840516811299645,0.0,0.004571255285343236,0.0009714147383823909,0.0033935454172437725,0,,,0.130719561683151,,,0.24860176043164886,,,0.3840516811299645,,,,,0.004571255285343236,,,0.0009714147383823909,,,0.0033935454172437725,,,,,0.007946219173865553,,,0.006322096175581397,,,0.006300908905271272,,,,,0.0,,,0.0,,,0.0,,,,,8.17855022214488,,,10.668605968383693,,,3.4868178283256395,,,,,7.543468191439329,,,6.023814825638564,,,2.986206855372294,,,0.010307413415631371,0.00011715956703343337,0.007220690190744897,0.00041257929536156224,7.002863032691804,0.9630007792631571,0.9399096367564966,6.563505428544565e-05,0.09405769306385046,5.6745691563903025,0.858111919218537,0.9423691561976153,6.79489812473852e-10,0.9976827124225209
04efb666,0.03040802657788614,3.9,0.1326636984201815,0.2478808541034881,0.36966023352682686,0.0,0.0022255538702333935,0.0014706200703772292,0.0061777852205274555,0,,,0.1326636984201815,,,0.2478808541034881,,,0.36966023352682686,,,,,0.0022255538702333935,,,0.0014706200703772292,,,0.0061777852205274555,,,,,0.017342095845527754,,,0.01715004414208447,,,0.03515049137786684,,,,,0.0,,,0.0,,,0.0,,,,,11.417142267277184,,,10.499364760702619,,,6.580096615382244,,,,,7.252022604988164,,,5.805038873204053,,,2.811523001612327,,,0.016796215990590925,0.0001586881647421877,0.004990048638064789,0.0007942205863945039,3.3541211976859784,0.9732505653213066,0.693402587499722,3.442988467067394e-05,0.2623690731487919,5.689815664263979,0.8325768336487761,0.9023190093576797,5.699601983318775e-10,0.9917293522829175
63574c2d,0.10130537008705223,3.9,0.12206343723328608,0.22389768251190484,0.36539969533800304,0.0,0.039796026330762915,0.016948876576177538,0.009630576029282705,0,,,0.12206343723328608,,,0.22389768251190484,,,0.36539969533800304,,,,,0.039796026330762915,,,0.016948876576177538,,,0.009630576029282705,,,,,0.015383215344244156,,,0.05793020537564888,,,0.043887529047060066,,,,,0.0,,,0.0,,,0.0,,,,,6.015372910220701,,,10.103690908546609,,,6.994513041468426,,,,,5.467935417595787,,,5.184446538259645,,,2.495570584794862,,,0.006340099048645438,9.485859471634027e-05,0.007631866607359708,0.00045637858381984686,7.295071218387761,0.9305277507222337,0.9044384200541797,3.360198037651765e-05,0.3150851689176573,6.0369287618388405,0.8005505136280432,0.8282232380014672,4.2308295123312716e-10,0.9932706782546213
927a9aea,0.053435820269754034,3.9,0.12740353559500547,0.25336264622433347,0.3869509703220235,0.0,0.013917593009420944,7.150042720821008e-05,0.0032068614937393555,0,,,0.12740353559500547,,,0.25336264622433347,,,0.3869509703220235,,,,,0.013917593009420944,,,7.150042720821008e-05,,,0.0032068614937393555,,,,,0.004435912899867532,,,0.0037815453774405535,,,0.022265276141387676,,,,,0.0,,,0.0,,,0.0,,,,,6.276436403176152,,,9.719084851713584,,,4.961436925812106,,,,,7.414527879891977,,,6.1398930283956314,,,2.6298248940998987,,,0.016276464848779978,0.00019554798248958794,0.013669003646167124,0.0006435683291565276,9.217070235980556,0.7514544849119751,0.8099482287414724,3.0070257450393505e-05,0.19957616103370787,5.787968440335203,0.8487135316073091,0.9078953641533001,6.024545103718556e-10,0.9526824897962837
2ff5d9b8,0.04549195954924276,3.9,0.13396083786145246,0.2468883410570796,0.3726216921680776,0.0,0.003107150405276733,0.0022557912190248504,0.018684553049724127,0,,,0.13396083786145246,,,0.2468883410570796,,,0.3726216921680776,,,,,0.003107150405276733,,,0.0022557912190248504,,,0.018684553049724127,,,,,0.015329887560515124,,,0.021240485959717826,,,0.03764471723983928,,,,,0.0,,,0.0,,,0.0,,,,,10.36678534405765,,,6.338373936197193,,,32.10510788296493,,,,,6.770924990657404,,,5.804993171784905,,,2.827225738125231,,,0.03538404302432272,5.2658539848447313e-05,0.0030165799778096537,0.0006246379106343683,8.445034125033693,0.8617239532156284,0.5610456662691512,6.022395630785328e-05,0.031559814478011164,5.9483507501094675,0.8000134009096105,0.952087189371671,5.825691182101774e-10,0.9392470254462036
cbacce76,0.10288260687707695,3.9,0.12647917763601543,0.24360432091303363,0.39149998272727105,0.0,0.04094637323710176,5.6028425733387345e-05,0.01831402375410074,0,,,0.12647917763601543,,,0.24360432091303363,,,0.39149998272727105,,,,,0.04094637323710176,,,5.6028425733387345e-05,,,0.01831402375410074,,,,,0.004311420400392036,,,0.003347489379621311,,,0.05270858078595657,,,,,0.0,,,0.0,,,0.0,,,,,13.461116849503329,,,8.76095422355902,,,16.684338221634633,,,,,8.045939000659525,,,5.605918985827069,,,3.0736276119772605,,,0.014996187107155752,0.00014335154147627105,0.0033839839065487394,0.00022237440707256146,9.944585150555646,0.8266016386307159,0.7830583812436158,2.47124242019736e-05,0.18413959810167096,5.409079451973004,0.8024626640247148,0.944149617089535,9.692946610296434e-10,0.9623043729567187
521d1db8,0.23558126665799484,4.0,0.1108811444393834,0.2446678037963654,0.37663958261225544,0.0,0.15841599960752056,0.0011042706998773911,0.02182706830614499,0,,,0.1108811444393834,,,0.2446678037963654,,,0.37663958261225544,,,,,0.15841599960752056,,,0.0011042706998773911,,,0.02182706830614499,,,,,0.0781089341788182,,,0.014861162134082187,,,0.06594899872944972,,,,,0.0,,,0.0,,,0.0,,,,,18.770357434449917,,,10.651838385610398,,,7.033937173004501,,,,,6.685054368816145,,,5.304502370222997,,,2.564442665033951,,,0.013507007795897101,9.289706004653223e-05,0.0076594565806884654,0.0005386349259526189,9.896382761572285,0.8466410834404682,0.6292126143254603,3.236501028008736e-05,0.04547116926452099,5.333725899775228,0.8103454783931037,0.9313939644838504,3.9672485276632316e-10,0.9430735269975787
41de1c90,0.02537384059917879,4.0,0.14206196064832707,0.26715292989292744,0.37318636789120735,0.0,0.00038928821767781734,0.0007097719318476702,0.012722475529739085,0,,,0.14206196064832707,,,0.26715292989292744,,,0.37318636789120735,,,,,0.00038928821767781734,,,0.0007097719318476702,,,0.012722475529739085,,,,,0.008823697837956798,,,0.01191446122867224,,,0.05044298866986191,,,,,0.0,,,0.0,,,0.0,,,,,11.399497182787119,,,12.699458763131572,,,3.4609238145231407,,,,,8.381972822934067,,,5.881888910728812,,,3.4401595572691224,,,0.010843916403835242,0.00011181927412964811,0.0016836825848058747,0.000441177600064803,4.367794493230713,0.808546842356767,0.7525753645255969,0.00013861826315608305,0.39778301388446036,5.8269749582469,0.8210916641381829,1.0180898389025508,6.367837954886872e-10,0.952554514723247
be6875c1,0.09933648760643397,4.0,0.11977342074370789,0.2327811127990749,0.3450042445134705,0.0,0.05874801237211439,0.007314019012929073,0.012115830677982678,0,,,0.11977342074370789,,,0.2327811127990749,,,0.3450042445134705,,,,,0.05874801237211439,,,0.007314019012929073,,,0.012115830677982678,,,,,0.02038079006871003,,,0.033583398958957976,,,0.04922566541547748,,,,,0.0,,,0.0,,,0.0,,,,,5.871441733968246,,,13.515499810974452,,,4.061163201803938,,,,,7.291749238506484,,,5.558471497833386,,,2.7219104114162156,,,0.009846753721993434,0.00012792966252028686,0.010601218736455309,0.0007510608369819831,5.374613952477376,0.9972482307338565,0.6410281341603168,4.4929825017720986e-05,0.439685007406499,5.580208094777042,0.8511416747538945,0.9100830961710605,4.0670682731752294e-10,0.9989480894387561
b4933fdf,0.05974645855778159,4.0,0.13478259007180143,0.25925067145084474,0.3990372748030714,0.0,0.0005728869175319454,0.0008217674619869388,0.023539236087433354,0,,,0.13478259007180143,,,0.25925067145084474,,,0.3990372748030714,,,,,0.0005728869175319454,,,0.0008217674619869388,,,0.023539236087433354,,,,,0.003714492594150598,,,0.012820042605131535,,,0.02271991681830317,,,,,0.0,,,0.0,,,0.0,,,,,9.6439234147359,,,11.895222444823656,,,16.827963793255034,,,,,7.648064084126915,,,6.018374752941081,,,3.347268744999332,,,0.034690071654003944,8.079610979409765e-05,0.004877844531513673,0.0004854801697592779,6.504860835158448,0.8110644167867466,0.6608760281340754,7.202025322011727e-05,0.15078442564647027,5.588537379775695,0.8233825138669101,0.9510115698368725,7.069737714625455e-10,0.9358613269911031
27d9beb1,0.07769351577752351,4.0,0.12881229623398524,0.26069339543453085,0.3990977026960577,0.0,0.009287384042692123,0.005375759747638091,0.0208227695353001,0,,,0.12881229623398524,,,0.26069339543453085,,,0.3990977026960577,,,,,0.009287384042692123,,,0.005375759747638091,,,0.0208227695353001,,,,,0.009470935364367413,,,0.03278950974820481,,,0.04179750948200436,,,,,0.0,,,0.0,,,0.0,,,,,21.020948946999173,,,9.749607813521898,,,0.7125647797736416,,,,,8.169903214162742,,,5.3725601907083185,,,2.940625941177977,,,0.019507586389646902,0.00019869186781823,0.0026484749994071283,0.0008513403952098227,3.394659675375456,0.8612515211211825,0.6482024846746295,0.0001069044066118371,0.13405605396005282,5.486090688308612,0.8145031744272637,0.9144030134213025,7.861453640364682e-10,0.9511238096267899
5c42727b,0.07929954105435073,4.0,0.12506040008551378,0.23130471513787904,0.3665839539416264,0.0,0.028078009116431997,0.013113470116467874,0.007928959194163868,0,,,0.12506040008551378,,,0.23130471513787904,,,0.3665839539416264,,,,,0.028078009116431997,,,0.013113470116467874,,,0.007928959194163868,,,,,0.0246896178975921,,,0.02014561864344038,,,0.03560906532219952,,,,,0.0,,,0.0,,,0.0,,,,,17.75397290721087,,,9.494568087362936,,,6.545677647136579,,,,,6.287567461530841,,,5.782878630882353,,,2.7201863376924846,,,0.03854035453409244,0.00010606416170264023,0.007070757861191306,0.0003169181243850621,9.999560504728885,0.7873485739666986,0.7331348718790602,4.133998755264733e-05,0.11153180745806453,5.931531809156623,0.8516899663683339,0.9482078799241346,3.5224622052947067e-10,0.9431774364593346
55c3b2f1,0.15853516709652127,4.0,0.11445496209663916,0.22602879142200044,0.3554220840170442,0.0,0.09847805229030976,0.00966324455916066,0.015375660280375436,0,,,0.11445496209663916,,,0.22602879142200044,,,0.3554220840170442,,,,,0.09847805229030976,,,0.00966324455916066,,,0.015375660280375436,,,,,0.015713039044762393,,,0.0011499106379573396,,,0.05545387322879338,,,,,0.0,,,0.0,,,0.0,,,,,5.884824130206956,,,6.639608295335578,,,11.259709486613353,,,,,6.779965253593594,,,5.694936869015893,,,2.394426715303008,,,0.014259104478544837,0.00013214960286935288,0.009833766523244226,0.00048355682038850377,7.894110821516146,0.9772712817994302,0.6046768271656084,2.8522591476952376e-05,0.16605308766064328,5.935285278450574,0.8511036709759047,0.8980442366767006,3.390633524830569e-10,0.9909543433237754
7d48978b,0.08653401060868182,4.0,0.13011573884443556,0.2480195552795473,0.40204412538849,0.0,0.005907940946732094,0.002073112354926318,0.03212900438061192,0,,,0.13011573884443556,,,0.2480195552795473,,,0.40204412538849,,,,,0.005907940946732094,,,0.002073112354926318,,,0.03212900438061192,,,,,0.0027040900048896847,,,0.020148213627278994,,,0.08016109328173103,,,,,0.0,,,0.0,,,0.0,,,,,7.30291826242554,,,7.85592833420459,,,9.736445965886137,,,,,7.276056079693229,,,6.27710129084385,,,2.908338072387438,,,0.032120127582264166,0.00012830364070728702,0.0067020750254398395,0.0009097294042864866,9.19845228939066,0.8564465637624259,0.7194068529003627,0.00021703916264948116,0.414627626314168,5.665215537895083,0.812425499759707,0.9342855591908091,6.293319980253917e-10,0.959647948863842
05e39264,0.07912790666502106,4.2,0.12715044679636087,0.24666833280372508,0.3976528134608872,0.0,0.014982512857278574,0.00018573378956135607,0.017062053353820213,0,,,0.12715044679636087,,,0.24666833280372508,,,0.3976528134608872,,,,,0.014982512857278574,,,0.00018573378956135607,,,0.017062053353820213,,,,,0.004303723065394106,,,0.006094814017857412,,,0.04922538367509788,,,,,0.0,,,0.0,,,0.0,,,,,17.334259447716086,,,8.08168127710271,,,6.37481387007219,,,,,7.323702363994267,,,5.7764115016260345,,,3.319850068470029,,,0.018974074829230476,0.00027719906545953704,0.0014820286305824767,0.0007877677857411522,3.9621742150280124,0.7040474568010561,0.6176782363421089,0.00015828880890386243,0.24570544873926323,5.812314733624652,0.8011605312039543,0.9789784569013797,8.707233696665615e-10,0.8867891339015074
8f2512f5,0.030685927207311305,4.2,0.1335344134360756,0.25148882251643107,0.3848497639693113,0.0,0.0008577648250902416,0.0012288973666037006,0.00033599158601549015,0,,,0.1335344134360756,,,0.25148882251643107,,,0.3848497639693113,,,,,0.0008577648250902416,,,0.0012288973666037006,,,0.00033599158601549015,,,,,0.0067389295566885705,,,0.01567735543134556,,,0.007137482039860348,,,,,0.0,,,0.0,,,0.0,,,,,5.128886984568819,,,2.1247269608239354,,,10.981796918917368,,,,,10.081484339896026,,,7.4458570498452135,,,3.5354679923103984,,,0.031100202280827015,0.00014630703940805595,0.0006732357318947777,0.0004690015860055819,4.647314008136004,0.8762031658840935,0.4762931824879174,0.00016095226500955462,0.11644765965214005,5.7418607892516835,0.809239578312834,1.0464524073520771,8.266032830896645e-10,0.9351191246688386
9d4ff1ca,0.09823901807216873,4.2,0.12026567525286715,0.23000485916566835,0.33284471819244366,0.0,0.0583291961911664,0.00800354224445561,0.017086485230075405,0,,,0.12026567525286715,,,0.23000485916566835,,,0.33284471819244366,,,,,0.0583291961911664,,,0.00800354224445561,,,0.017086485230075405,,,,,0.036498545277542226,,,0.04000885463108288,,,0.05845765173195962,,,,,0.0,,,0.0,,,0.0,,,,,43.22946162336481,,,18.14625417859467,,,14.918378820002678,,,,,7.764306598700147,,,5.7054598266169885,,,2.957469431096466,,,0.018255480428309972,5.096699487842919e-05,0.0026791619531040495,0.00040153662830485283,4.685565200327517,0.5505415042527428,0.6675768688336854,8.679818807523012e-05,0.4744064668452006,5.894620176867378,0.8932869446302758,1.0961440708948296,4.223123515518821e-10,0.8505228418275117
094c4b40,0.032095409783235565,4.2,0.13168582164842407,0.23458643701183643,0.3647875321147906,0.0,0.0028786308044542173,0.0006725306265894853,0.006093854264461301,0,,,0.13168582164842407,,,0.23458643701183643,,,0.3647875321147906,,,,,0.0028786308044542173,,,0.0006725306265894853,,,0.006093854264461301,,,,,0.0037690946893571037,,,0.0030726656600889657,,,0.03491089876947112,,,,,0.0,,,0.0,,,0.0,,,,,6.8264959204750815,,,5.275020578942687,,,15.507869441340388,,,,,7.3749157441873505,,,6.078476185418621,,,2.827290700220513,,,0.00798511531967357,0.00010717018782454457,0.0021886322316083625,0.00032010510836289233,4.24119954058081,0.9803960190919118,0.7715213824848095,0.00019910208551250964,0.21941257096458114,5.206333009399742,0.8123413098448703,0.963894118255036,4.248126520820077e-10,0.9954437574060774
9c96468b,0.049665688963960855,4.2,0.13281466979940326,0.24483048623182788,0.38546400643899276,0.0,0.0013448071181340743,0.0021280645947924603,0.014676923384551089,0,,,0.13281466979940326,,,0.24483048623182788,,,0.38546400643899276,,,,,0.0013448071181340743,,,0.0021280645947924603,,,0.014676923384551089,,,,,0.003201645311942608,,,0.02063038824061467,,,0.026134234301293635,,,,,0.0,,,0.0,,,0.0,,,,,10.995321102754703,,,5.007840704020718,,,5.3010782393481035,,,,,7.478273415101526,,,5.58528936323051,,,3.39850451699655,,,0.01892595292874005,0.00014009489933497,0.002399729477148338,0.00023762723707575206,7.734445010353369,0.7649415010794187,0.5957384024624491,3.7636433271054177e-05,0.3593147918009183,5.8905416463911635,0.8007575991511803,0.9261154696555058,7.157674382350774e-10,0.904915301871341
c895de3e,0.0194993377655112,4.2,0.1427831460185412,0.24628217620020815,0.34959891162697093,0.0,0.0004125027375528925,0.002724257205212464,0.009847502065183582,0,,,0.1427831460185412,,,0.24628217620020815,,,0.34959891162697093,,,,,0.0004125027375528925,,,0.002724257205212464,,,0.009847502065183582,,,,,0.0033697408881733803,,,0.023342053059713767,,,0.044379053764548836,,,,,0.0,,,0.0,,,0.0,,,,,5.295531620107025,,,9.549674158639752,,,16.714938989283226,,,,,9.15651300814442,,,6.162253534021449,,,3.26885334927281,,,0.019207964576733863,9.172489618605441e-05,0.0015691079526519566,0.00023009901012680867,9.994490572119977,0.5009168936024886,0.6143750683753689,8.727446387655763e-05,0.45763940424093597,5.620695652554241,0.8809836110460665,0.9895235297734695,6.617030511844605e-10,0.8074796737136136
0a9fb176,0.043071907365234016,4.2,0.12881022107253795,0.24585543638014035,0.3662775111495539,0.0,0.010689964067588856,0.0032856109152335643,0.006639545861644322,0,,,0.12881022107253795,,,0.24585543638014035,,,0.3662775111495539,,,,,0.010689964067588856,,,0.0032856109152335643,,,0.006639545861644322,,,,,0.01469983927630618,,,0.02563439453247751,,,0.036440488091254546,,,,,0.0,,,0.0,,,0.0,,,,,8.908752552705124,,,11.681367603001517,,,10.436660526129332,,,,,7.158442540387039,,,5.347812214174242,,,3.0559524720170637,,,0.007212748461071197,0.0001238187984113732,0.0031515241162164654,0.0004723062651031559,5.029735660265744,0.7940100024761035,0.8107032773759884,4.7923920014618066e-05,0.46923393620756865,5.585159801626225,0.8224357470506461,0.9058222447707979,5.772252772232715e-10,0.9609256982476605
7a01d5cc,0.034412086463620886,4.2,0.13071355460384448,0.25802581479289083,0.3784557856526986,0.0,0.004603541950059407,0.0022930330682831884,0.0017272969913470734,0,,,0.13071355460384448,,,0.25802581479289083,,,0.3784557856526986,,,,,0.004603541950059407,,,0.0022930330682831884,,,0.0017272969913470734,,,,,0.005724141844299958,,,0.021415102466638764,,,0.01858653809264691,,,,,0.0,,,0.0,,,0.0,,,,,25.168981360101608,,,7.692314027853392,,,1.920901414409515,,,,,7.737276842599507,,,6.428468829397401,,,2.799623019775075,,,0.013327820869102946,0.00010684215865034235,0.0008456822898014621,0.00030397501940883224,9.477499640998554,0.7579877534540482,0.8272497785622057,0.00011935611014250087,0.2478865974180287,5.633450223344287,0.8109270340635636,1.0394924899392326,4.759290153003534e-10,0.9581096058406726
bcdeca34,0.1435385524598278,4.3,0.1343352097233084,0.2436973542145455,0.40578308674564706,0.0,0.07079679296355218,9.270850682849722e-05,0.025944484568861573,0,,,0.1343352097233084,,,0.2436973542145455,,,0.40578308674564706,,,,,0.07079679296355218,,,9.270850682849722e-05,,,0.025944484568861573,,,,,0.0032433105756103603,,,0.004306007590065239,,,0.01861229607496655,,,,,0.059667901098391644,,,0.0,,,0.0,,,,,12.163019130063724,,,3.624436249705765,,,3.497874148508422,,,,,19.290499524184344,,,7.693837999849208,,,3.786118779060789,,,0.018216913386669503,4.8261023079754786e-05,0.0008918917251330815,0.0001334966793780378,3.0969090852279835,0.8121169307948073,0.8200292908947592,0.00017644739387567292,0.31364143660939087,5.262650589991093,0.9139877406749723,1.0115347593647501,1.017028525370822e-09,0.966104547877183
79717ab2,0.12755501262635605,4.3,0.1174807762388973,0.2429076024781412,0.3581224345651488,0.0,0.07232130128124505,0.000660504723896164,0.024055377514896305,0,,,0.1174807762388973,,,0.2429076024781412,,,0.3581224345651488,,,,,0.07232130128124505,,,0.000660504723896164,,,0.024055377514896305,,,,,0.013720145199308652,,,0.011418953208306836,,,0.06936191680583273,,,,,0.0,,,0.0,,,0.0,,,,,19.1644823630044,,,14.254456044621817,,,5.059403490988851,,,,,6.3464805652544785,,,5.571907672871477,,,2.6695989422446473,,,0.006234624874987908,8.581026341754444e-05,0.0008855706544046288,0.0004613731015686383,3.9026548595503545,0.6450518167389786,0.6529472011498512,0.00016454496792618102,0.03559385356644351,5.244563230074639,0.867641001418049,0.9663276780110207,3.886588439664734e-10,0.876748944832372
e848e9ed,0.045409735992960595,4.3,0.12865306774489596,0.22549250455725184,0.34230912571344546,0.0,0.01352854043843531,0.016550848626355363,0.0003116985571142506,0,,,0.12865306774489596,,,0.22549250455725184,,,0.34230912571344546,,,,,0.01352854043843531,,,0.016550848626355363,,,0.0003116985571142506,,,,,0.027509832271048893,,,0.019728016822374524,,,0.007895550102611604,,,,,0.0,,,0.0,,,0.0,,,,,22.43851144840961,,,3.99052587815093,,,0.6911594143732191,,,,,7.054129831357467,,,5.760805257475592,,,2.6710798273356486,,,0.01778844817043806,0.00013133186917748784,0.0008501660009356333,0.0003087426472194952,9.989410624517781,0.6390835603624262,0.5093921970076201,8.568177652751949e-05,0.5457574470963079,5.351102414829213,0.8000405190140415,0.9371411978943921,4.5880908089965185e-10,0.8228806392658773
170d732c,0.24596386340747617,4.3,0.10746847970481191,0.22916391322017343,0.37362201459897193,0.0,0.17730880244343444,0.009036363434082258,5.187657235083773e-05,0,,,0.10746847970481191,,,0.22916391322017343,,,0.37362201459897193,,,,,0.17730880244343444,,,0.009036363434082258,,,5.187657235083773e-05,,,,,0.02209331100219205,,,0.014305160316260895,,,0.0032210734965485567,,,,,0.0,,,0.0,,,0.0,,,,,5.597900048241966,,,8.267222855143428,,,13.313334730377868,,,,,7.490719763608168,,,5.3811350604946036,,,2.8806941524997196,,,0.021582909190931865,0.0001437699525713661,0.0012012363072185618,0.0007184439385463703,2.1458700249126728,0.7078408506237213,0.41018701352114606,0.00012382239814912228,0.3462206880429758,5.581235410362449,0.8386219691037795,0.9869419605633637,3.502124074564743e-10,0.8276397208779034
69f369d6,1.3815336907313183,4.3,0.09795584100844242,0.250296461611854,0.345619975887697,0.0,1.3088824572419,0.002226923360611906,0.014578015349090253,0,,,0.09795584100844242,,,0.250296461611854,,,0.345619975887697,,,,,1.3088824572419,,,0.002226923360611906,,,0.014578015349090253,,,,,0.014696648148875842,,,0.021104138743914216,,,0.05399632459545789,,,,,0.0,,,0.0,,,0.0,,,,,149.4208395119607,,,7.836911528916069,,,6.500604605517504,,,,,6.276512383546415,,,6.81704252090874,,,2.7990038948945193,,,0.02568016407650565,0.0001007818122819279,0.0018263865161515529,0.0003595252554857244,5.297381833149686,0.8244651787804954,0.7089632101569077,6.867688734627165e-05,0.4589094793998981,5.735431543488992,0.9217596064396261,1.0410445899717329,2.978414381477382e-10,0.9488420128055786
770b16d3,0.2057835940127029,4.3,0.10960528295973199,0.24247576594713005,0.3417640423067523,0.0,0.15220322216648885,2.0498700469324876e-06,0.022226589501872257,0,,,0.10960528295973199,,,0.24247576594713005,,,0.3417640423067523,,,,,0.15220322216648885,,,2.0498700469324876e-06,,,0.022226589501872257,,,,,0.010249716901355297,,,0.0006402921281622143,,,0.06667321726431424,,,,,0.0,,,0.0,,,0.0,,,,,8.035441538613576,,,9.620041214729827,,,0.9697853197176763,,,,,7.655119034619567,,,5.525916380388641,,,2.8988677341608784,,,0.054694814156723684,0.00011204650078504506,0.0006400045026699613,0.00020811537516370998,3.026812425027673,0.9752642561661289,0.36431152346645523,0.00015221742244771503,0.37409823470245757,5.684077135585436,0.9285582944880088,1.0842971897884242,3.774356213896912e-10,0.9842393415339759
b16588c5,0.0343793011686581,4.3,0.13096551013200486,0.25229993798963235,0.3589778558692018,0.0,0.0043345134486845295,0.0030057399181192017,0.01142530965977104,0,,,0.13096551013200486,,,0.25229993798963235,,,0.3589778558692018,,,,,0.0043345134486845295,,,0.0030057399181192017,,,0.01142530965977104,,,,,0.009392456751002936,,,0.024518319347456106,,,0.04780232140758656,,,,,0.0,,,0.0,,,0.0,,,,,14.792338001065591,,,6.331179368190931,,,3.7339508887076747,,,,,7.978948232154819,,,5.965825766356788,,,2.9035959383275687,,,0.014637733334978434,2.7499333109524924e-05,0.001898426768961846,0.00021749620527202482,7.793600350422744,0.9946537286678725,0.669719351828317,0.00019975300014741292,0.4105333964739899,5.590880019286037,0.8152433920402367,1.0360864626550428,4.644707074077549e-10,0.9981672581039405
b2841622,0.05055206821958645,4.3,0.1297014740394295,0.25612417108597874,0.3878983318026299,0.0,0.008178166319358991,0.0014928800383288922,0.007366290683569624,0,,,0.1297014740394295,,,0.25612417108597874,,,0.3878983318026299,,,,,0.008178166319358991,,,0.0014928800383288922,,,0.007366290683569624,,,,,0.011029265021481681,,,0.017279352061514878,,,0.03534709945021293,,,,,0.0,,,0.0,,,0.0,,,,,6.053727016136869,,,10.32362263863575,,,6.1073584436650235,,,,,8.956723572386615,,,5.89658778400939,,,3.3002269116103515,,,0.027995379058991497,5.677317381287632e-05,0.0006405996480720557,0.00039400455253569595,5.189451134603198,0.9989940983210636,0.5670785384113363,0.0001225822942438269,0.236483898786847,5.453632926921086,0.8519477210378418,0.9842519131074257,8.047691886163019e-10,0.9995078157210993
ffce9e63,0.10722273057564888,4.5,0.11878576765385497,0.23858053097469442,0.37700127439356995,0.0,0.06133551567850713,0.000738955286985494,0.002008498298713961,0,,,0.11878576765385497,,,0.23858053097469442,,,0.37700127439356995,,,,,0.06133551567850713,,,0.000738955286985494,,,0.002008498298713961,,,,,0.004057223676065992,,,0.008115526723114183,,,0.02004244645103966,,,,,0.0,,,0.0,,,0.0,,,,,5.221736129896607,,,13.854700508029905,,,15.516079972010738,,,,,8.755681383513505,,,6.689504978699415,,,2.9001787695864576,,,0.025864060194026452,2.6963338898303347e-05,0.0029958727333608357,0.00015397449156213626,9.868487278569601,0.9989920587210304,0.5158626160064302,0.00022902336976860117,0.2300996188893297,5.581346633607258,0.8692484548172664,0.9080713035551118,7.886331451612092e-10,0.9994604316843799
6d9fbf02,0.3013499639447949,4.5,0.10454150384307984,0.22642019592517112,0.3350968053410333,0.0,0.21449549930077186,0.027064279351377545,0.025951730133844088,0,,,0.10454150384307984,,,0.22642019592517112,,,0.3350968053410333,,,,,0.21449549930077186,,,0.027064279351377545,,,0.025951730133844088,,,,,0.04581149808168597,,,0.058932711352349766,,,0.07204405615155783,,,,,0.0,,,0.0,,,0.0,,,,,11.708513220307385,,,20.603506046318106,,,8.582130615738983,,,,,5.215819296917825,,,4.4814111068482605,,,2.3135050266465513,,,0.012680915678146096,2.9035715012461567e-05,0.001094559499642633,0.00022248533540980856,9.730242231073337,0.9676074942998811,0.701495749746055,3.8662755189167335e-05,0.261263266385977,5.203535080829534,0.8082651274882883,0.8422388173481503,1.880679778908365e-10,0.9902605497971648
37fe5e3c,0.04473868282886953,4.5,0.13946332236925657,0.26323459309179487,0.39836587422574354,0.0,0.001769313527950647,0.0017206537774626287,0.013031609226563504,0,,,0.13946332236925657,,,0.26323459309179487,,,0.39836587422574354,,,,,0.001769313527950647,,,0.0017206537774626287,,,0.013031609226563504,,,,,0.008596074785582048,,,0.018550761587938263,,,0.019731508896388094,,,,,0.0,,,0.0,,,0.0,,,,,14.455871139662294,,,8.849922966793548,,,2.8203018995168754,,,,,9.445264029144543,,,7.9733399194204555,,,3.414143377720488,,,0.022876657993293983,1.9730147545670288e-05,0.003739574063094364,0.00018471492640454164,5.7945733054090285,0.768549537416403,0.7820508850733114,0.00010624708706183734,0.5191972435205413,5.818071062710846,0.8318511084674077,1.0050693895306477,8.008573783127656e-10,0.949477371442025
dcaca3c7,0.03113596084165584,4.5,0.14189497464294887,0.25948303141302,0.39332170800534844,0.0,0.0005584604247862182,0.0011683939503586947,0.005584236735068287,0,,,0.14189497464294887,,,0.25948303141302,,,0.39332170800534844,,,,,0.0005584604247862182,,,0.0011683939503586947,,,0.005584236735068287,,,,,0.010568447613403004,,,0.015286555860354514,,,0.01108784284107749,,,,,0.0,,,0.0,,,0.0,,,,,16.348226978685386,,,15.774789570959097,,,11.90733310746402,,,,,8.440079309054497,,,5.966314760673919,,,2.9924290047391002,,,0.009794861110603108,2.967802049862866e-05,0.001041365479695882,0.000324536111445777,6.651078201600551,0.9674617557899853,0.76668873765914,0.000209057173158931,0.41723282849090265,5.98436129530048,0.8230040863286722,1.0077515926479288,7.398571842810692e-10,0.9923317922952404
232f7f54,0.23218303816617802,4.5,0.10963605132711829,0.2501135476321587,0.35259110707434316,0.0,0.16951525175564627,0.011626380285486706,0.012260539218989766,0,,,0.10963605132711829,,,0.2501135476321587,,,0.35259110707434316,,,,,0.16951525175564627,,,0.011626380285486706,,,0.012260539218989766,,,,,0.0205971536155013,,,0.0482211162987476,,,0.0495187625430801,,,,,0.0,,,0.0,,,0.0,,,,,33.019396717924415,,,15.785073329046154,,,12.327328488749854,,,,,7.317647977297316,,,5.585429581312649,,,2.7966696922595484,,,0.012853580290534202,3.417502319470713e-05,0.0019916807677848804,0.0005593066815283628,6.067283185972236,0.6476676113266087,0.5231536141383959,0.00016586405883318517,0.5032633131404518,5.722229748748982,0.8966352457975098,0.9217617247920366,3.5378931850182546e-10,0.8319392584776936
69b4b65e,0.07081941425047819,4.5,0.12897464575217557,0.2574895030076625,0.39734509083735475,0.0,0.00999111625150366,0.0015945461197563538,0.017994590181475513,0,,,0.12897464575217557,,,0.2574895030076625,,,0.39734509083735475,,,,,0.00999111625150366,,,0.0015945461197563538,,,0.017994590181475513,,,,,0.015364284179602053,,,0.017858029677186416,,,0.03072227566641319,,,,,0.0,,,0.0,,,0.0,,,,,10.371221986023832,,,14.981869884757044,,,12.307102734689195,,,,,7.994300125669,,,6.142044976443031,,,3.286802184428196,,,0.028970003790249707,3.053571478720719e-05,0.0008859849736451058,0.00024859430598797604,7.123339035240547,0.6728862454953666,0.9654047818019525,0.00015789856226339533,0.4215949110233966,5.485036855669987,0.8007810606546603,0.9593420772218266,8.648236577074696e-10,0.9885868878091495
c0a096fb,0.3432442604100607,4.5,0.12881276005040737,0.21639701201760858,0.28863467278027405,0.0,0.09278666410899435,0.06707676887893091,0.18206512427380725,0,,,0.12881276005040737,,,0.21639701201760858,,,0.28863467278027405,,,,,0.09278666410899435,,,0.06707676887893091,,,0.18206512427380725,,,,,0.005596843248739813,,,0.0077106715726387096,,,0.009692024043522266,,,,,0.048638213597494845,,,0.034355807941582876,,,0.0,,,,,17.61601450172404,,,13.14834639018938,,,12.028501737080257,,,,,21.18445223966543,,,17.195367042321244,,,4.351409771945556,,,0.014914130399825504,3.5710167369616486e-05,0.00040892810279623704,0.0002361656574851908,3.5524946062322083,0.9241889006667762,0.6200297992084144,0.00046438013826117234,0.22222388812099889,5.706906441716344,0.8660206834646368,1.069168529903697,1.3797413809181237e-09,0.9711320383842033
a1ef18c0,0.29347975808366694,4.5,0.12743931270889797,0.20349650020232926,0.32716714331781954,0.0,0.07711546285177864,0.08390939127390665,0.11504842212671536,0,,,0.12743931270889797,,,0.20349650020232926,,,0.32716714331781954,,,,,0.07711546285177864,,,0.08390939127390665,,,0.11504842212671536,,,,,0.005352807920775765,,,0.0015648161022271008,,,0.008140904718940424,,,,,0.06336445372313611,,,0.0,,,0.04177237769069452,,,,,18.61843080441043,,,15.277368502382082,,,84.30744432434707,,,,,22.47452764421404,,,11.91165029030114,,,6.609095288766083,,,0.020228653318294747,1.540566083578845e-05,0.0005223388008893849,0.00039860389879943297,7.156425120879814,0.8252891960864287,0.5498941324353094,0.00020506677663543633,0.3528349129262728,5.68295042031565,0.8049212622569434,1.0935313219296021,1.5507373847220402e-09,0.9213066526183139
85453bb6,1.1356302758449104,4.6,0.12823470715689483,0.24974875582523134,0.3889864681615333,0.0,1.0959999507495972,0.00017087784177057522,0.0018998434483576505,0,,,0.12823470715689483,,,0.24974875582523134,,,0.3889864681615333,,,,,1.0959999507495972,,,0.00017087784177057522,,,0.0018998434483576505,,,,,0.0066710489298600645,,,0.005845987372045465,,,0.0067551481286760385,,,,,0.021394560363235792,,,0.0,,,0.0,,,,,153.2965575366537,,,3.3512524184781602,,,6.74707741201134,,,,,14.847167106312968,,,9.104329788518848,,,3.4642449723329922,,,0.011682405703848462,3.8562596958904056e-05,0.0022151849774162697,0.000475918533961986,7.149895431833046,0.9876848703358434,0.8365599463060663,0.0003481449216785134,0.39045129158795255,6.005233745773868,0.9255317182879416,0.979472962674659,1.0363171989778863e-09,0.9979035585518119
d27b6854,1.85275858372037,4.6,0.1066639678027638,0.19450653764200934,0.3442619105112446,0.0,0.18570880064711237,0.13393437442934558,1.4867589608135916,0,,,0.1066639678027638,,,0.19450653764200934,,,0.3442619105112446,,,,,0.18570880064711237,,,0.13393437442934558,,,1.4867589608135916,,,,,0.010766816852904385,,,0.025209053342911607,,,0.0392913087410045,,,,,0.0,,,0.0,,,0.0,,,,,12.772102974253087,,,7.159843606550984,,,166.6559356855717,,,,,9.18410467969789,,,7.883638169496807,,,4.978064832980552,,,0.023882995430969205,8.66934088629028e-06,0.0009862367390872603,9.332813974161299e-05,7.829065574388008,0.9668935857104062,0.9124040936190938,0.00020385927909268063,0.7038138551306397,6.12961583239678,0.8402128320453296,0.8480763726816878,1.434458939542231e-09,0.9970087732239193
2f550c58,0.03581252989425815,4.6,0.13316283531192957,0.25337780264785326,0.38358325651667646,0.0,0.006411715015822773,0.00023706628156622462,0.0018647185343133677,0,,,0.13316283531192957,,,0.25337780264785326,,,0.38358325651667646,,,,,0.006411715015822773,,,0.00023706628156622462,,,0.0018647185343133677,,,,,0.005951665639156902,,,0.006885728451895625,,,0.015753121311424405,,,,,0.0,,,0.0,,,0.0,,,,,17.220634662391436,,,5.402145131735507,,,4.160966849810965,,,,,7.31243189757955,,,6.300786142129598,,,2.6675756915365993,,,0.011139350439454455,1.451663324264381e-05,0.001219508049684786,0.00037606440003881675,5.348828421436598,0.9741041299651765,0.8129744958809764,0.00016799315103551744,0.22639920625249188,6.043523108897303,0.8548192429722438,0.9854875946717617,7.059889017735038e-10,0.9950755144025484
a97f4f41,0.28601231204897404,4.6,0.10707312682312392,0.2209259811261463,0.36032367253277653,0.0,0.19137910809127098,0.02467885584039173,0.019867880723639274,0,,,0.10707312682312392,,,0.2209259811261463,,,0.36032367253277653,,,,,0.19137910809127098,,,0.02467885584039173,,,0.019867880723639274,,,,,0.04800157304028879,,,0.015430595986176868,,,0.022154638212101518,,,,,0.0,,,0.0,,,0.0,,,,,28.74167791998989,,,13.406778508866845,,,12.390812226058141,,,,,6.767667538365595,,,6.4613023100435125,,,2.7032957451405606,,,0.021775240159039484,0.00013759110851659112,0.0009017992920209333,0.00035724738800980277,2.1280924666186705,0.47114366830779325,0.5715895456219577,0.00027389097430410825,0.586719079572798,5.631479255589403,0.829863494139564,0.9482866126241072,3.7563137885139987e-10,0.773375259684475
4c8b8cc8,1.4083318551727257,4.6,0.1330303677882262,0.2513028038143103,0.37816357744673235,0.0,1.3819955465406053,0.0001665067620534198,0.0017002337448377115,0,,,0.1330303677882262,,,0.2513028038143103,,,0.37816357744673235,,,,,1.3819955465406053,,,0.0001665067620534198,,,0.0017002337448377115,,,,,0.0069609402440594615,,,0.005770732398117587,,,0.00702647465597488,,,,,0.08877367479621669,,,0.0,,,0.0,,,,,162.34050851746983,,,7.749634437669704,,,8.849524795417464,,,,,15.870882526951673,,,8.344164179758078,,,3.2146480644194444,,,0.015755366743158045,3.819047282553143e-05,0.0010606393718064313,0.00046757570423428197,2.9536967589839396,0.8998282050517695,0.839409490754555,0.0005017102900824289,0.21955722056023486,5.786815572983615,0.8365073281111017,1.0290919619377727,9.042425984135516e-10,0.9838294194881579
5f80ac37,0.07769369107673983,4.6,0.1407502424447357,0.256853455916967,0.3940261306050707,0.0,0.042500085124743084,0.003428192478758015,0.005676684008147458,0,,,0.1407502424447357,,,0.256853455916967,,,0.3940261306050707,,,,,0.042500085124743084,,,0.003428192478758015,,,0.005676684008147458,,,,,0.022003069358926552,,,0.024851950775889396,,,0.001441389099571501,,,,,0.0,,,0.0,,,0.0,,,,,16.28519909203852,,,5.502309386885872,,,9.321127210869138,,,,,7.696235610933229,,,8.65022283013139,,,2.965640139931444,,,0.026830824234358164,2.2133289512518058e-05,0.0032260747860907626,0.00013449091604956457,6.675201159089853,0.9098408624840879,0.9447888587407961,0.00013832370925916736,0.3814794243353986,6.0463872453751355,0.8925200528633764,0.9256145958546189,8.392094533188295e-10,0.9949277322369269
622195a1,0.30607934694831035,4.6,0.14086990444353648,0.2577076784922839,0.41501424437998397,0.0,0.0019477336704736962,0.0025453405890403192,0.26043003571619566,0,,,0.14086990444353648,,,0.2577076784922839,,,0.41501424437998397,,,,,0.0019477336704736962,,,0.0025453405890403192,,,0.26043003571619566,,,,,0.015078065580865985,,,0.02256253792923269,,,0.04172973289067017,,,,,0.0,,,0.0,,,0.0,,,,,4.486793968036375,,,4.4892844885872405,,,60.00031908818632,,,,,12.384950267633423,,,7.061300737898301,,,3.971026276631888,,,0.016242219050413655,4.602337360492746e-05,0.0009517246108766598,0.0003439273992491382,9.999525277808187,0.34121523484450744,0.9876980992754598,0.00013818318258081668,0.4465933640135309,5.802171152515452,0.8110714921303819,1.0282909180004294,9.942985958171784e-10,0.9917969254102901
0edc2969,0.0644556535643276,4.6,0.12747657618718405,0.24835217611860472,0.3710717640938382,0.0,0.018097856996505835,0.015223981694140023,0.004883639045160837,0,,,0.12747657618718405,,,0.24835217611860472,,,0.3710717640938382,,,,,0.018097856996505835,,,0.015223981694140023,,,0.004883639045160837,,,,,0.017702607041229446,,,0.014496013217501562,,,0.02739064280740945,,,,,0.0,,,0.0,,,0.0,,,,,3.1064218253739466,,,5.054853349941584,,,12.142460925645072,,,,,10.080040559739585,,,7.563681226691022,,,3.029969964230844,,,0.028414887804540528,3.501526979276867e-05,0.002294440446951885,0.00021144635338698456,6.528615583977484,0.9974364133399877,0.9649384187568495,0.00017552691194006446,0.2196157909420814,5.697528330580201,0.8665068350986124,0.9853201655093267,9.132740486865463e-10,0.9998136227561705
f50bc724,0.03494739403009875,4.8,0.13365176140404575,0.25641795937070017,0.38275380361445305,0.0,0.004499176119626224,0.0034032149851165746,0.001461996360179514,0,,,0.13365176140404575,,,0.25641795937070017,,,0.38275380361445305,,,,,0.004499176119626224,,,0.0034032149851165746,,,0.001461996360179514,,,,,0.005447386363774022,,,0.02608913561280471,,,0.017099686313962102,,,,,0.0,,,0.0,,,0.0,,,,,12.093581350755562,,,6.99509801768837,,,9.209893628738698,,,,,7.9623879574817265,,,5.6700648666945055,,,2.954520840865472,,,0.03325636160074402,1.659161737968095e-05,0.0034816775190685003,0.0003722226554043286,9.910638610737822,0.9693942530769457,0.7223226688397368,0.00016522108760251843,0.2646348188140642,6.513312312446975,0.8096686112874624,0.961250428481097,8.144929372573863e-10,0.9914292456093559
5cd7646d,0.03588920956999991,4.8,0.12938178896048766,0.26984189386372026,0.36970522830662456,0.0,0.009545341546366427,0.0031959008708348493,0.0009123568681660309,0,,,0.12938178896048766,,,0.26984189386372026,,,0.36970522830662456,,,,,0.009545341546366427,,,0.0031959008708348493,,,0.0009123568681660309,,,,,0.01613043129019182,,,0.02528201285829453,,,0.01350819653518582,,,,,0.0,,,0.0,,,0.0,,,,,11.708556442779054,,,7.777089712763298,,,13.634460772784353,,,,,7.604693742216553,,,6.569220643916714,,,3.0678032385426857,,,0.016459069557508484,4.128876647523047e-05,0.002052217157257908,0.0003150061725119028,9.839852337440055,0.8993871199216742,0.8029622590412079,8.39847283160657e-05,0.26674130510130595,5.518690067903506,0.8251736210393217,1.0322779961546784,5.65990402741147e-10,0.9800951691721047
98a7eec3,1.7643747903265423,4.8,0.12170096294893795,0.214470155091496,0.24022498659625385,0.0,0.06728054950558608,0.04181407007806008,1.6521423805281301,0,,,0.12170096294893795,,,0.214470155091496,,,0.24022498659625385,,,,,0.06728054950558608,,,0.04181407007806008,,,1.6521423805281301,,,,,0.003934990861845196,,,0.007474888744010423,,,0.020016625931267653,,,,,0.03415370819415998,,,0.0,,,0.0,,,,,0.926050658391714,,,7.024694165778442,,,173.510958005194,,,,,18.931955852346327,,,12.250415128970152,,,4.126035664760981,,,0.03159268374754763,2.4820203812685546e-05,0.002089412586226166,0.0002979978530327701,5.838079917565302,0.9892218046166982,0.6900946950063273,0.00016738529700028925,0.4726410887839942,6.039863627229819,0.8629737319041267,0.9815351939655276,1.4050722166272663e-09,0.9965907706029559
7b8ca925,0.08266213020631274,4.8,0.12769793423729084,0.2392609037838346,0.38608610803796,0.0,0.03939893559918943,0.0004868218621186134,0.003510441345335151,0,,,0.12769793423729084,,,0.2392609037838346,,,0.38608610803796,,,,,0.03939893559918943,,,0.0004868218621186134,,,0.003510441345335151,,,,,0.008557865238679513,,,0.00986733866975907,,,0.004003490179277413,,,,,0.0,,,0.0,,,0.0,,,,,6.349921167578828,,,9.094626278714985,,,4.375565906212328,,,,,13.277903773761697,,,7.486845669832838,,,3.2467212265517738,,,0.011344460123410793,1.8771359640278543e-05,0.003313535857555416,0.0003180609162776543,5.152754070092165,0.9675914389302109,0.9886862591097422,5.30351329467828e-05,0.037779195164875684,6.470019859388707,0.840593373099864,1.0134069983049463,1.0314992961633734e-09,0.9995344693115193
d66e6685,0.054466408405154154,4.8,0.13002614204043322,0.2548364034484741,0.3949979881594359,0.0,0.006091235391030651,0.00032125696974427616,0.009403261923493566,0,,,0.13002614204043322,,,0.2548364034484741,,,0.3949979881594359,,,,,0.006091235391030651,,,0.00032125696974427616,,,0.009403261923493566,,,,,0.010448663729292526,,,0.008015696722609659,,,0.015830391042857578,,,,,0.0,,,0.0,,,0.0,,,,,20.187208022519535,,,14.16282969279277,,,5.126612439516,,,,,9.061161350857194,,,6.204887318104324,,,2.9327526936614916,,,0.007149106416044527,2.0805334690615268e-05,0.0022166997829328773,0.00014304668627059778,4.3803715637362926,0.9435701037855868,0.986992071257581,0.0001690023984820366,0.4684367038381432,5.72981473045751,0.947271084553749,0.9261419538068263,6.91894031720152e-10,0.9991672647239751
737b2a4f,0.22192262753433953,4.8,0.11995744618300999,0.23468906608182538,0.3858211716007701,0.0,0.1300722962349314,0.0007859776183977544,0.040886978888266236,0,,,0.11995744618300999,,,0.23468906608182538,,,0.3858211716007701,,,,,0.1300722962349314,,,0.0007859776183977544,,,0.040886978888266236,,,,,0.003097334343464709,,,0.005913518359293173,,,0.02084432450364566,,,,,0.0,,,0.0,,,0.0,,,,,11.475032361723576,,,7.512182702359671,,,56.00399097744698,,,,,15.037559379574772,,,7.291046382973686,,,4.014502618272989,,,0.01202670729389076,5.204926552180196e-06,0.006830433029164831,0.0005787830830574866,7.760973742119219,0.9614806110273497,0.9877629941946736,0.00010931960028733683,0.09957688998155556,6.183203058454314,0.8528080123986328,0.9788041535971791,1.252136715568925e-09,0.9994298617141046
15e575eb,0.0328448326533987,4.8,0.13832952794700035,0.2601153843264312,0.38623441528058894,0.0,0.0005513943202622134,0.00017817303085091146,0.009714733832637039,0,,,0.13832952794700035,,,0.2601153843264312,,,0.38623441528058894,,,,,0.0005513943202622134,,,0.00017817303085091146,,,0.009714733832637039,,,,,0.010501374388738013,,,0.005969472855301571,,,0.022537771233964245,,,,,0.0,,,0.0,,,0.0,,,,,7.074240019476534,,,10.318853861824087,,,14.422459879307132,,,,,7.693648016108556,,,6.568606301140499,,,3.3538555503285856,,,0.03478345379906362,4.9030978019568486e-05,0.0017502116497233398,0.0002784276442304346,4.644682220610143,0.8879367008000221,0.9191806838781109,0.0002295704472731757,0.05019309104341675,5.75588942231378,0.834168826006827,1.0117466884873327,5.673727859039037e-10,0.9908512027279074
54c48de1,0.045597899937736976,4.8,0.14770380235664826,0.2744926858991572,0.4001192081956744,0.0,0.0029480208872048287,0.00035178996499716256,0.02328536232934069,0,,,0.14770380235664826,,,0.2744926858991572,,,0.4001192081956744,,,,,0.0029480208872048287,,,0.00035178996499716256,,,0.02328536232934069,,,,,0.02428176635751538,,,0.00838796715536205,,,0.04385202562864584,,,,,0.0,,,0.0,,,0.0,,,,,8.14421560975731,,,5.877128407633581,,,3.3498114670871875,,,,,9.287216941958066,,,7.428715971246693,,,2.9197969720695047,,,0.017638658217607694,1.4929374239078824e-05,0.0014301995302234674,0.0002500914890434463,8.116983203520208,0.6534089710208145,0.7385494005438205,0.0002353206352226348,0.2953281822014763,5.906922075159294,0.8637623539850872,1.0648974714917516,6.897606065405764e-10,0.9093097127672034
59d1234d,0.06877077135237143,4.9,0.12874941474460297,0.2578960450813198,0.3985655792137416,0.0,0.009506484364051734,0.0007131638320959789,0.016124555856000568,0,,,0.12874941474460297,,,0.2578960450813198,,,0.3985655792137416,,,,,0.009506484364051734,,,0.0007131638320959789,,,0.016124555856000568,,,,,0.03538446815469153,,,0.011942896064991765,,,0.01227799569687925,,,,,0.0,,,0.0,,,0.0,,,,,2.0358861955072856,,,5.325591184345697,,,7.5219812173184,,,,,7.581784348489751,,,6.003276120957682,,,3.0700672668022158,,,0.06393896376980342,5.760074466780982e-05,0.0015062929721539548,0.0003569283479918732,9.57608566896435,0.876364335424345,0.8965268202195842,0.00022989316235578336,0.1423430914658742,5.662262371586354,0.8075768060054297,1.039667263985838,5.603365865566181e-10,0.9871173719700701
91c4687a,0.1022229156223074,4.9,0.12206266403583743,0.24217677298385887,0.39000719142847956,0.0,0.039252280992180096,0.003815238656830431,0.010584981165349953,0,,,0.12206266403583743,,,0.24217677298385887,,,0.39000719142847956,,,,,0.039252280992180096,,,0.003815238656830431,,,0.010584981165349953,,,,,0.001714169273996128,,,0.02760962686494204,,,0.02581603763645773,,,,,0.0,,,0.0,,,0.0,,,,,20.425998401893775,,,3.292525722834026,,,1.6929533483107118,,,,,6.865976822343328,,,6.34434825355423,,,3.03924434824784,,,0.14326246701393358,3.590032107174708e-05,0.001216766969262965,0.00013036779187624448,7.315666401382721,0.8701402005465182,0.7383717835688449,0.00016996960800401355,0.3083744792670988,5.872635094939121,0.8108637027025156,0.9623898027295905,5.269597060581547e-10,0.9659511751045212
55a92ad5,0.10265625078434015,4.9,0.12428349338385207,0.23990407795446925,0.3999160519398219,0.0,0.02712716573973115,6.87628281041367e-05,0.020197959025798077,0,,,0.12428349338385207,,,0.23990407795446925,,,0.3999160519398219,,,,,0.02712716573973115,,,6.87628281041367e-05,,,0.020197959025798077,,,,,0.01334956435800721,,,0.003708445175653449,,,0.021018979319634624,,,,,0.0,,,0.0,,,0.0,,,,,6.004220998694291,,,7.748796004396125,,,4.649196870729093,,,,,9.567089491520113,,,7.589683047859811,,,3.23918628843604,,,0.05277146654219335,4.7470726530157424e-05,0.001979733701061167,0.00046639611245089473,7.603258550345049,0.9790504359858103,0.7747616682673233,0.0001610857220595891,0.11820731230031968,6.274312379522808,0.8427452600589449,1.0037156677124484,1.0895156225531675e-09,0.9952038789840902
f9457a48,0.02467823776280706,4.9,0.13212839696466794,0.2567300809636341,0.36877531696755866,0.0,0.004514956965822424,0.00011035571527842606,0.0010761642394566384,0,,,0.13212839696466794,,,0.2567300809636341,,,0.36877531696755866,,,,,0.004514956965822424,,,0.00011035571527842606,,,0.0010761642394566384,,,,,0.024599717948541933,,,0.004697993513797695,,,0.014670816197176206,,,,,0.0,,,0.0,,,0.0,,,,,18.071793218142524,,,6.913626720866069,,,7.491834523075969,,,,,7.820486079513527,,,6.348842841407044,,,3.0687081003140144,,,0.0238167850681921,2.9280557389201896e-05,0.004121224859954086,0.0002703336114517737,5.285791658164617,0.9930772674067984,0.8973387170584382,0.0001656183662746082,0.056801450191556496,5.985555311872622,0.8164920273370896,1.0553870868142943,5.912658107903628e-10,0.9991995695188147
92cfa6a1,0.067767380562541,4.9,0.14066020980934543,0.25080938238995515,0.402663813939013,0.0,0.001616495692264683,0.0006381905270489364,0.03082166181050109,0,,,0.14066020980934543,,,0.25080938238995515,,,0.402663813939013,,,,,0.001616495692264683,,,0.0006381905270489364,,,0.03082166181050109,,,,,0.006421753831430423,,,0.011297703545844496,,,0.03759706635653387,,,,,0.0,,,0.0,,,0.0,,,,,10.201590305646668,,,5.52056818108746,,,39.13371528952696,,,,,7.922386178560716,,,6.3896491003458955,,,3.2340716393530657,,,0.04054039726314597,2.0674424875103614e-05,0.0032031562946604935,0.00021106574782718557,9.360401200279272,0.9272194190773475,0.9482063991835405,0.00017582812141225826,0.23853023987728175,6.0110348583234225,0.8220586895772684,0.979859595098668,7.711330803751161e-10,0.9961356110045838
b745798d,0.039253020043019,4.9,0.138083720979645,0.24903167818975305,0.3914748665021906,0.0,0.0016286577774759388,0.0010372096463976124,0.007103335687003836,0,,,0.138083720979645,,,0.24903167818975305,,,0.3914748665021906,,,,,0.0016286577774759388,,,0.0010372096463976124,,,0.007103335687003836,,,,,0.014898185436021437,,,0.01440284448570915,,,0.03757969444289905,,,,,0.0,,,0.0,,,0.0,,,,,11.064971048193073,,,15.627767799782589,,,1.8996550738329,,,,,8.83179890920925,,,7.3645374028014885,,,3.0697376657352886,,,0.04806412885224067,3.621723354252734e-05,0.0029298578538242024,0.0002293317969459671,8.988750308065898,0.9310000609399126,0.8562829744265744,0.00037259898473779394,0.21927735618127747,5.747971333915758,0.8094076268734148,1.0371710451713916,8.480805936007633e-10,0.9899979056960939
797b494e,0.0560110588630462,4.9,0.13301594558353919,0.25166996197650315,0.398718431808771,0.0,0.002249031277927134,0.0017445400422707027,0.013109259824549472,0,,,0.13301594558353919,,,0.25166996197650315,,,0.398718431808771,,,,,0.002249031277927134,,,0.0017445400422707027,,,0.013109259824549472,,,,,0.010374828497344647,,,0.01867907943272742,,,0.01780180436791273,,,,,0.0,,,0.0,,,0.0,,,,,12.091193020017782,,,6.344503542005449,,,7.483439487578641,,,,,8.600982212239018,,,5.616526577849911,,,3.021330068839161,,,0.05501081548464215,4.334152582129118e-05,0.0034802591427453263,0.00019653894215805148,8.091198037133198,0.6434162345494381,0.9515107754477314,0.00011429396326202684,0.22009408252419288,6.076281598613312,0.8595663923986537,0.9493550459918,7.894651117843115e-10,0.9826143786478294
bd75fd5d,0.06086880457771804,4.9,0.12712307664553885,0.23820147712524992,0.3886342827971833,0.0,0.015593396916273558,0.0007772645648390227,0.002105714230411554,0,,,0.12712307664553885,,,0.23820147712524992,,,0.3886342827971833,,,,,0.015593396916273558,,,0.0007772645648390227,,,0.002105714230411554,,,,,0.012345712228523003,,,0.009488767002881295,,,0.00987534523843449,,,,,0.0,,,0.0,,,0.0,,,,,6.474373371962216,,,4.06133460203416,,,7.85615290440052,,,,,8.488098283407686,,,6.398507523099511,,,3.311779973882758,,,0.021186941069013813,3.813024430029102e-05,0.004387913827770221,0.00021290680735140254,4.76812989020954,0.9307603218276789,0.6956450508917127,5.9730538560981665e-05,0.021375546335436466,6.080629587089698,0.8003723839420182,0.9509921158473957,8.67114490871664e-10,0.9788569967684998
b617b5df,0.15594604044677457,5.1,0.1358955742625898,0.2729198732010765,0.4262859602454126,0.0,0.007798174434997034,0.0002657068585072577,0.09595321348328036,0,,,0.1358955742625898,,,0.2729198732010765,,,0.4262859602454126,,,,,0.007798174434997034,,,0.0002657068585072577,,,0.09595321348328036,,,,,0.015121924916609877,,,0.007289812871497562,,,0.018196846035479552,,,,,0.0,,,0.0,,,0.0,,,,,7.460377568467301,,,9.394195318820406,,,8.211547343503202,,,,,9.58858201656462,,,8.666401332978644,,,3.489810788931201,,,0.03534300766942064,1.856212372419975e-05,0.008279905679387243,0.0001963135343397782,9.988911326146123,0.8413312340956888,0.9848055416842099,0.00014089371390409728,0.2827298039468779,6.054172602901338,0.8465239926904331,1.04787760723626,7.633216538801619e-10,0.9974906334962806
0e79c3af,0.1225946482183885,5.1,0.1288944752891066,0.23125408187820157,0.3864120778865468,0.0,0.07242507518046978,0.0030355510710750266,0.005347075154556552,0,,,0.1288944752891066,,,0.23125408187820157,,,0.3864120778865468,,,,,0.07242507518046978,,,0.0030355510710750266,,,0.005347075154556552,,,,,0.004572773933459339,,,0.005558515880979469,,,0.028744923053400755,,,,,0.0,,,0.0,,,0.0,,,,,14.164487385866309,,,3.6218657704017105,,,7.900090012484872,,,,,9.996440790496779,,,6.731892873377477,,,2.9061108276745067,,,0.03713451600059852,1.8493977212169444e-05,0.005863523722136828,0.00028359043978925705,9.743124270092714,0.9989542786026857,0.9808160113878928,0.00014752263779199766,0.16313930020106454,6.670531865080805,0.8152047263278895,1.0204641717049565,1.04149440264274e-09,0.9998818572914837
740746c7,0.1157277156224041,5.1,0.13944795989799483,0.25924376567249346,0.4000817511665527,0.0,5.701672806098693e-05,0.00031411626251956715,0.08476359894164937,0,,,0.13944795989799483,,,0.25924376567249346,,,0.4000817511665527,,,,,5.701672806098693e-05,,,0.00031411626251956715,,,0.08476359894164937,,,,,0.0033768840092898342,,,0.007926112067332472,,,0.028785913058211588,,,,,0.0,,,0.0,,,0.0,,,,,9.134903301561812,,,4.606811140421717,,,37.64544517378952,,,,,8.412748511669987,,,6.044888948584175,,,4.325368105681454,,,0.02562780854251498,3.4852785407501186e-05,0.0020067018979114414,0.00023477093140911092,5.74483477290977,0.560879403286157,0.9300658026365437,0.00019916691300145826,0.45992641930518874,6.171525750715543,0.8027829087107029,1.0156598629117586,1.0767077494758264e-09,0.9691974469427918
7c33026c,0.02836714150126992,5.1,0.13642719841630213,0.2641663704682287,0.3766002611370759,0.0,0.002700659069301706,0.0015529267225752655,0.005978870496692998,0,,,0.13642719841630213,,,0.2641663704682287,,,0.3766002611370759,,,,,0.002700659069301706,,,0.0015529267225752655,,,0.005978870496692998,,,,,0.005746721928170379,,,0.017623431689516463,,,0.034579966734203195,,,,,0.0,,,0.0,,,0.0,,,,,3.2215837351861474,,,2.013262795563216,,,8.516522879594445,,,,,8.325853097739635,,,6.529232651195122,,,3.1460486454662426,,,0.021004661242706894,3.8301023379612893e-05,0.005591997548627253,0.0003765370811561808,9.269695143864226,0.85136878744776,0.8589542116537731,0.00015444448356407046,0.01004396151737616,5.995623362757718,0.8235415685594742,1.0741062328299458,5.43126315268213e-10,0.9789502980315483
165834e6,0.023634340243451395,5.1,0.13998423377394123,0.2590284947641657,0.38461347545682634,0.0,0.0006047076225647897,0.0014956218531581677,0.0012363874020383215,0,,,0.13998423377394123,,,0.2590284947641657,,,0.38461347545682634,,,,,0.0006047076225647897,,,0.0014956218531581677,,,0.0012363874020383215,,,,,0.008129287907204416,,,0.01729521236156508,,,0.015725058995363556,,,,,0.0,,,0.0,,,0.0,,,,,8.187405851780905,,,6.205168539306201,,,4.659927323747698,,,,,8.707177557257841,,,6.6629636845338664,,,3.2616320176818125,,,0.007705930543344758,7.428923584973049e-05,0.003690993134053267,0.0001670668553078903,9.613832128025184,0.9552102879565748,0.9881984113837847,0.00017734225287663154,0.018777432227941895,6.1750364062843826,0.8705442589534246,1.0286405789916586,7.10771817307139e-10,0.9993725904030863
66a807c8,1.8723997230783729,5.1,0.1265359703456401,0.22433327948958337,0.33199482365066113,0.0,0.04607477771565256,0.013148835071213963,1.8015964803887305,0,,,0.1265359703456401,,,0.22433327948958337,,,0.33199482365066113,,,,,0.04607477771565256,,,0.013148835071213963,,,1.8015964803887305,,,,,0.0036954644516376013,,,0.005355605966311165,,,0.03769817626076454,,,,,0.028699447985134637,,,0.0,,,0.0,,,,,1.5518632219162958,,,9.41420265429053,,,177.62797719438774,,,,,22.58660268347403,,,6.68032724775241,,,4.695559266482477,,,0.06007385299998933,3.241993991251761e-05,0.0031986752738824204,0.00014402692797940527,3.4428188667490356,0.9959940254495858,0.9468498040277672,0.00029374039599316585,0.09274677812349977,5.976671387917893,0.8005220787389815,1.0858290246274744,1.3260182146565328e-09,0.9996923966871829
fea0b60f,1.4035932506134938,5.1,0.1329809450818092,0.24037930472665145,0.37884651338596514,0.0,1.3654026013748293,0.001424669277161104,0.008384236350855114,0,,,0.1329809450818092,,,0.24037930472665145,,,0.37884651338596514,,,,,1.3654026013748293,,,0.001424669277161104,,,0.008384236350855114,,,,,0.02368063549684636,,,0.01423244717904227,,,0.028979862890361006,,,,,0.14914818276350264,,,0.0,,,0.0,,,,,161.27631281848318,,,8.038230191260718,,,9.167377787474472,,,,,19.26183732531832,,,7.463924614563786,,,3.6273437312701318,,,0.022270460736379147,2.4718292538585288e-05,0.010205677134738224,8.050021118375941e-05,6.780668329316281,0.9843683369751862,0.95736528637422,3.295102282654947e-05,0.028348833891068397,6.358163331752005,0.9080394966184704,1.003406019214089,1.0178015988231534e-09,0.999237811994805
99ef8c55,0.09916758370516811,5.1,0.1237754281331881,0.24417153590167381,0.3991558019514718,0.0,0.02967342277137172,0.00045283005122423247,0.015346685061204787,0,,,0.1237754281331881,,,0.24417153590167381,,,0.3991558019514718,,,,,0.02967342277137172,,,0.00045283005122423247,,,0.015346685061204787,,,,,0.014932459901710705,,,0.009509929204665112,,,0.01745307406939099,,,,,0.0,,,0.0,,,0.0,,,,,7.035156963892556,,,6.171135671363548,,,9.449610166766362,,,,,9.206877901233707,,,6.526729112118872,,,3.0329584927611566,,,0.03008585363059679,6.1002469642801485e-05,0.0028808214621368006,0.00042080045473028683,4.739262910671095,0.9908237364758588,0.56305475339262,0.0004959656178880911,0.09708056152194444,5.849376863651246,0.8230942927605088,1.0480363392653258,8.522793589669258e-10,0.9959341697961706
2634122e,0.2580095518620954,5.2,0.11429535506426736,0.24518720900181526,0.3632448339515105,0.0,0.10009511214815377,0.007179510376842696,0.11244263146562251,0,,,0.11429535506426736,,,0.24518720900181526,,,0.3632448339515105,,,,,0.10009511214815377,,,0.007179510376842696,,,0.11244263146562251,,,,,0.03980626487657064,,,0.037485972046200244,,,0.057005302957889095,,,,,0.0,,,0.0,,,0.0,,,,,27.292015825701363,,,29.436294372090398,,,5.251536671166823,,,,,7.090131632145627,,,6.5110380714510425,,,2.8440777566665627,,,0.011492566193976572,7.240143791298451e-05,0.0026843514921864493,0.00015848222779594857,7.400347968713618,0.911709761694239,0.9845825440638076,0.00023507326222748485,0.01196609187992466,5.882165794726215,0.8013590686987841,1.086060398700388,2.926315758026361e-10,0.9985403308869186
a66cba28,0.07972561784623394,5.2,0.12622288562097586,0.25428762333230565,0.3941591251481046,0.0,0.01848504497949978,0.0009361378809768295,0.017126482895226676,0,,,0.12622288562097586,,,0.25428762333230565,,,0.3941591251481046,,,,,0.01848504497949978,,,0.0009361378809768295,,,0.017126482895226676,,,,,0.007825285742080138,,,0.013683112810883564,,,0.03935854075570073,,,,,0.0,,,0.0,,,0.0,,,,,8.938602885040074,,,7.966882906937591,,,5.273824805057739,,,,,9.711849027282105,,,7.48620022928823,,,2.846597087792598,,,0.00821543049773503,2.64628068609999e-05,0.005333564524535568,0.00017561834767039074,4.280795622136869,0.8576336581979553,0.9134224818841078,0.0001552280273207388,0.01168029814925285,5.9865940409062075,0.8449202857860931,0.9770608618880707,8.533713130488267e-10,0.9875829332153518
0277caa7,0.07561684567524186,5.2,0.12906638442170404,0.26228733594122833,0.4032089123174739,0.0,0.008681021065982418,0.00010413666204669591,0.021999650012087393,0,,,0.12906638442170404,,,0.26228733594122833,,,0.4032089123174739,,,,,0.008681021065982418,,,0.00010413666204669591,,,0.021999650012087393,,,,,0.005059151009290017,,,0.004563697230244266,,,0.003030677245294412,,,,,0.0,,,0.0,,,0.0,,,,,5.367932531335145,,,3.321109844196036,,,4.4313156966426765,,,,,8.9207558923486,,,6.409108817292049,,,3.052404543955347,,,0.025604269426789446,3.519631658695762e-05,0.008592551676828661,0.0002875414865563286,6.280445654260129,0.7313192475143157,0.9183097509084408,0.0001936853536305566,0.09485657645968258,6.163940153464689,0.8098230898658231,0.9930934155186256,8.913248749796222e-10,0.9779595714282461
8738c5b4,1.8791930979414948,5.2,0.11127949045554492,0.26073231750748277,0.34291056562716915,0.0,1.8410858708759452,0.00035245295714843886,0.004639289523706857,0,,,0.11127949045554492,,,0.26073231750748277,,,0.34291056562716915,,,,,1.8410858708759452,,,0.00035245295714843886,,,0.004639289523706857,,,,,0.030885658420809488,,,0.008395867520970527,,,0.03046076008147813,,,,,0.0,,,0.0,,,0.0,,,,,168.84796061860152,,,4.612171838101514,,,10.27593180763621,,,,,7.802428396858944,,,6.3123548632596735,,,3.039110911351644,,,0.005453158649190438,0.00015171456804026395,0.0049140882145636555,9.028923211811627e-05,4.75759224126463,0.9327001684131575,0.7360397936083812,0.00018765800966942693,0.13591177662803275,6.1039579742784005,0.9107762054865881,1.073478415629653,5.176310419002335e-10,0.982161918584855
8700c953,1.3441705807020397,5.2,0.1320144816488229,0.25467486848151644,0.3846010435975355,0.0,1.3064832941683868,0.00022971699453923594,0.0085824745048751,0,,,0.1320144816488229,,,0.25467486848151644,,,0.3846010435975355,,,,,1.3064832941683868,,,0.00022971699453923594,,,0.0085824745048751,,,,,0.0022919928435916497,,,0.006778156010881366,,,0.04128574405311001,,,,,0.013977254081539601,,,0.0,,,0.0,,,,,155.67871558004126,,,7.411663975254926,,,1.431267083172074,,,,,16.41498796803539,,,7.346668241255923,,,3.9338497497815834,,,0.011022986810901294,3.822260263688221e-05,0.0023597236908984307,0.0001349442530623849,6.127507036742649,0.9210849981306375,0.9736305091398849,7.74608895736998e-05,0.010147632398691611,5.954981124422257,0.8718963970186506,1.0326692065972085,8.895216239283379e-10,0.9978216885285659
0fbea388,0.15639914096018526,5.2,0.12780082418655747,0.24535224111829054,0.4218736060934535,0.0,0.012470776780096088,0.003124120575165001,0.07095877118318782,0,,,0.12780082418655747,,,0.24535224111829054,,,0.4218736060934535,,,,,0.012470776780096088,,,0.003124120575165001,,,0.07095877118318782,,,,,0.002194164778988801,,,0.024996482053141002,,,0.036635408757003315,,,,,0.0,,,0.0,,,0.0,,,,,24.489978378666574,,,5.144671490207843,,,6.870655728382472,,,,,10.165376969573783,,,7.801956111272439,,,3.019695663818568,,,0.005677256580131417,3.54231413362191e-05,0.003809837200618606,0.00024277583845545565,9.67931109174757,0.9620899631176626,0.8663783306081102,0.00024239107795778062,0.07434468346916379,6.231242104085061,0.8015740571586986,1.084491158679595,8.662272533256521e-10,0.9948477597520131
fa82a678,0.02500614645628618,5.2,0.14086942536072858,0.2919890978255452,0.3858742850996467,0.0,0.0002875971722790971,0.0026231729859768974,0.0037712595624664527,0,,,0.14086942536072858,,,0.2919890978255452,,,0.3858742850996467,,,,,0.0002875971722790971,,,0.0026231729859768974,,,0.0037712595624664527,,,,,0.007584156805856497,,,0.019893633932246576,,,0.02288266502697672,,,,,0.0,,,0.0,,,0.0,,,,,22.58534099275215,,,7.803013107659229,,,8.432910773981552,,,,,10.701011758348628,,,8.275607576652892,,,3.4439568950425232,,,0.02364452644079408,3.750517198456506e-05,0.0016944542974326232,0.00023868525531501773,9.993256541101847,0.8873368037961769,0.9579666967820961,0.0003626825116269844,0.1130142872216516,5.829622970415384,0.8722428328486624,1.1471614778929156,7.764834604349018e-10,0.9951685970427883
b3a51e5f,0.050018882512853954,5.2,0.1386438463993741,0.2699393230511823,0.39667603236875376,0.0,0.00022431837956057962,0.008603481242960967,0.014643790784633275,0,,,0.1386438463993741,,,0.2699393230511823,,,0.39667603236875376,,,,,0.00022431837956057962,,,0.008603481242960967,,,0.014643790784633275,,,,,0.006698035227745217,,,0.03950781183566525,,,0.034407686695360665,,,,,0.0,,,0.0,,,0.0,,,,,12.031328041960933,,,9.439777223525017,,,7.238038734505919,,,,,9.126303038094235,,,7.014940803234442,,,3.3409027343927917,,,0.018186745657905727,7.251252447485156e-05,0.003077707618381291,0.00012609740394150127,5.4847281227001945,0.7599390342578736,0.9138862521929161,0.000435766034498809,0.08905377281084076,6.381882687534081,0.9719569302662264,1.073536304003182,6.956049290492374e-10,0.9792360619125382
ae4b01a6,1.7016577663714365,5.4,0.13683599281294803,0.24127464706337243,0.38064270986365367,0.0,1.6714587547048705,0.0004908469509616465,0.003429168091550497,0,,,0.13683599281294803,,,0.24127464706337243,,,0.38064270986365367,,,,,1.6714587547048705,,,0.0004908469509616465,,,0.003429168091550497,,,,,0.0037075516232291726,,,0.006542108236957192,,,0.013692991522327221,,,,,0.03986759797093633,,,0.0,,,0.0,,,,,171.5351250564412,,,24.389085041906245,,,2.4013980537454267,,,,,20.046558648984586,,,9.097027933481261,,,4.116592120213245,,,0.02480258830248678,3.251039514988724e-05,0.00403748582690943,0.00024026119577141616,8.668744073681632,0.911634630204322,0.8054253873417173,0.0003843493198576879,0.01506070277129156,5.838194418636396,0.9120294484021795,1.0246310428020935,1.0641943421944137e-09,0.9827257998608658
3dcb3162,0.07646106049754536,5.4,0.12414173548636281,0.2618833135215439,0.3698051651535118,0.0,0.030192580767876235,0.0037614632230984074,0.013946571564042536,0,,,0.12414173548636281,,,0.2618833135215439,,,0.3698051651535118,,,,,0.030192580767876235,,,0.0037614632230984074,,,0.013946571564042536,,,,,0.003458093777749488,,,0.02601811957774536,,,0.008124745043217693,,,,,0.0,,,0.0,,,0.0,,,,,9.636177641222762,,,13.188823584041682,,,1.145626066461192,,,,,8.93905111179863,,,6.850624005434214,,,3.2319511224979176,,,0.009166588543201409,6.098325478165056e-05,0.0007859198273900602,0.00020330596502238075,8.78757814695659,0.8462371760561987,0.9572135734300781,0.00015170838411577073,0.09717282848234576,6.124317685960536,0.8923244951189592,1.1389768824715978,5.773384255988782e-10,0.9933253168668017
a7f826bc,0.0640451820697023,5.4,0.13837637275836998,0.26654468997001907,0.3908815250625227,0.0,0.0004919369848224223,0.006355194930773608,0.03336020599525591,0,,,0.13837637275836998,,,0.26654468997001907,,,0.3908815250625227,,,,,0.0004919369848224223,,,0.006355194930773608,,,0.03336020599525591,,,,,0.009919042139465104,,,0.01148989820473995,,,0.0816825636170363,,,,,0.0,,,0.0,,,0.0,,,,,27.558943900761076,,,3.4277624196082166,,,4.370020162796915,,,,,9.53204620009915,,,5.806621746709893,,,3.006365655249868,,,0.025166807361550792,0.00011414329024382219,0.0023176646450603308,0.0002729800338612503,9.88793584278396,0.6107403032424633,0.9890847314118896,0.00024330726274771847,0.0895334905352537,5.916162706037064,0.878292137615752,1.1085144291996343,5.107840372782596e-10,0.9956522173862239
6121a558,0.15334206606470618,5.4,0.15742214874762325,0.26344275539286105,0.40406890444339494,0.0,0.10952558867764844,0.0035008486794237256,0.020734679446755302,0,,,0.15742214874762325,,,0.26344275539286105,,,0.40406890444339494,,,,,0.10952558867764844,,,0.0035008486794237256,,,0.020734679446755302,,,,,0.015765620559825482,,,0.012641727068794423,,,0.0023942721110773524,,,,,0.027788700505355552,,,0.0,,,0.0,,,,,19.76248133342913,,,4.886876399365233,,,6.161929848660033,,,,,19.837369554644233,,,11.148365757798896,,,3.2853538119106145,,,0.02686033266099359,2.267915409707863e-05,0.00458962845125924,0.00027609351949623497,9.47115602241686,0.7579553843786353,0.9347442004460756,0.000340267951218968,0.28912077318514584,6.011995779383142,0.8580689087938315,1.1521003984414386,1.0112608583629986e-09,0.9841117106598609
702d3589,1.6229900078976054,5.4,0.11221688964410624,0.2238129871190356,0.367063301327591,0.0,0.33224831517634834,1.1968032432090432,0.04615041500609753,0,,,0.11221688964410624,,,0.2238129871190356,,,0.367063301327591,,,,,0.33224831517634834,,,1.1968032432090432,,,0.04615041500609753,,,,,0.02842068930183323,,,0.007116002593662359,,,0.09195738895500973,,,,,0.0,,,0.0,,,0.0,,,,,100.17647863895883,,,158.38305073219357,,,2.1142161698463218,,,,,8.6758312670701,,,6.219457843145849,,,3.289074715709879,,,0.018477361367018347,3.6184292496443717e-05,0.0020229658892072025,0.00015944364438908078,9.239977115018654,0.7872628132457482,0.9793112887263642,0.0005274539159554621,0.05989512682083285,6.316572283546796,0.8939897251763003,1.1913766709330147,4.421321429621433e-10,0.9955008106372031
e8c88b8a,1.126651565737283,5.4,0.14243414120535725,0.2577805358028334,0.4201353985919752,0.0,1.0143832153721386,0.0025161881959166288,0.06595418407054263,0,,,0.14243414120535725,,,0.2577805358028334,,,0.4201353985919752,,,,,1.0143832153721386,,,0.0025161881959166288,,,0.06595418407054263,,,,,0.007808014809334147,,,0.022432958770151692,,,0.01804353225108343,,,,,0.07959613691236048,,,0.0,,,0.0,,,,,144.34682735557863,,,5.337514194997338,,,4.500209519239513,,,,,13.302434355183644,,,8.060428529467853,,,3.7321856724347446,,,0.057460082060526066,4.469003315871153e-05,0.0019501814012821675,0.0002341917215395315,3.0783915559422343,0.803519779924762,0.9860435903306173,0.00037343913403366485,0.07582104799935868,6.3292927877474225,0.9425197958131692,1.129104997623421,8.439775629675629e-10,0.9971592371976664
fe540507,0.1813598398978254,5.4,0.14942062809084605,0.29827232190248226,0.4365400574223252,0.0,0.0018635727224435767,0.008796936766918855,0.13468860957723247,0,,,0.14942062809084605,,,0.29827232190248226,,,0.4365400574223252,,,,,0.0018635727224435767,,,0.008796936766918855,,,0.13468860957723247,,,,,0.018052804931191317,,,0.010163892849109839,,,0.013975905709569223,,,,,0.0,,,0.0,,,0.0,,,,,12.964821646916258,,,17.094558398120732,,,4.993865836744694,,,,,10.354706340546525,,,7.133887737080941,,,3.21970823856002,,,0.014167407193396285,0.0001028679684515772,0.0016931320392436684,0.0001452834410865616,6.645398565370469,0.6299768101489458,0.968549915920716,0.0004445233500685324,0.18016759605633131,5.954414326353565,0.8948229082184999,1.082780670925543,7.022421303009505e-10,0.9882658845763075
15467ef3,0.14079102264607019,5.4,0.13622728244030793,0.2557246056198793,0.40590474714379227,0.0,0.07483069541361605,0.0010516803338657833,0.02534101288312196,0,,,0.13622728244030793,,,0.2557246056198793,,,0.40590474714379227,,,,,0.07483069541361605,,,0.0010516803338657833,,,0.02534101288312196,,,,,0.022767291293202256,,,0.014502967516103615,,,0.013185902001113732,,,,,0.04518864909465548,,,0.0,,,0.0,,,,,33.378556084830365,,,8.050154134482986,,,5.691450439963405,,,,,14.17118016875709,,,7.119283201747073,,,3.2096743003840627,,,0.00939891963762122,4.76293291949923e-05,0.0018007762209586613,0.0002872533655065463,3.7381757954075385,0.9988776754765938,0.8854674616954651,0.00015309444945093415,0.010022705857803531,6.19153325492435,0.8515555704073184,1.0911021098905078,8.715596826815603e-10,0.9997829105773633
313d2f97,2.0871178381838127,5.5,0.10154191726346745,0.25807395266892813,0.37045930408933897,0.0,1.8707508759614595,0.0006344003484312609,0.1468788165428153,0,,,0.10154191726346745,,,0.25807395266892813,,,0.37045930408933897,,,,,1.8707508759614595,,,0.0006344003484312609,,,0.1468788165428153,,,,,0.033133475366996144,,,0.01126410536555177,,,0.029276979400287406,,,,,0.0,,,0.0,,,0.0,,,,,173.27785047284212,,,17.84232419527018,,,5.8541371753431735,,,,,8.736179867568419,,,5.864556136242836,,,3.338855199663962,,,0.01798208053511928,7.069942977040177e-05,0.0010449225579476644,0.0004249237373390744,2.439622862059693,0.6097229353845905,0.9672238652287524,0.00023611761661067391,0.052214758147010244,5.714191617195986,0.8463070283370312,1.1419651810199598,5.111154126978049e-10,0.9871115039455156
be878fc2,0.06540291492857167,5.5,0.14083248211954794,0.2577269148628294,0.3967214509124184,0.0,0.004973153568010682,0.00203454662460524,0.030887686333102283,0,,,0.14083248211954794,,,0.2577269148628294,,,0.3967214509124184,,,,,0.004973153568010682,,,0.00203454662460524,,,0.030887686333102283,,,,,0.02348566381321877,,,0.0201719935782522,,,0.02665722743966287,,,,,0.0,,,0.0,,,0.0,,,,,21.728960466373806,,,12.716788134081396,,,2.6543958096999236,,,,,12.082095349894324,,,7.466708306758228,,,3.2267848884160073,,,0.03789792552858642,0.0001824132453754979,0.002007928660235948,0.00026117813736256337,7.283400042553089,0.8601675781767665,0.8136875381652098,0.0001556863482863721,0.1327915698256441,5.996095590131887,0.9012150585749524,1.0621749771742692,7.259113830794525e-10,0.973866108491976
67b19d1b,0.05266462357206497,5.5,0.14902141786809417,0.2535556930804256,0.40286227222834775,0.0,0.0021638006407931096,0.0004162885417448165,0.022481180058516497,0,,,0.14902141786809417,,,0.2535556930804256,,,0.40286227222834775,,,,,0.0021638006407931096,,,0.0004162885417448165,,,0.022481180058516497,,,,,0.020784328161748813,,,0.00912456620059076,,,0.02856202909665845,,,,,0.0,,,0.0,,,0.0,,,,,14.194066398106981,,,10.99546584564827,,,2.8311478429932575,,,,,10.627075018663733,,,8.099972208135261,,,3.1256404146567784,,,0.032299015977042385,9.911566904405006e-05,0.004350516476848686,0.00025748247560704123,8.038013932033463,0.7661457832914728,0.9087462426500403,8.744768918943048e-05,0.01070341408787287,6.038810596411281,0.8929288335684612,1.1095705941075649,6.52833431255199e-10,0.9785690494289502
513b307a,0.03814427506679453,5.5,0.13492182512186043,0.2709191114357022,0.3946236838026381,0.0,0.0010111461115377615,0.0007822055520723633,0.006873000582429703,0,,,0.13492182512186043,,,0.2709191114357022,,,0.3946236838026381,,,,,0.0010111461115377615,,,0.0007822055520723633,,,0.006873000582429703,,,,,0.01047404274453055,,,0.012507642080523117,,,0.032539913196794175,,,,,0.0,,,0.0,,,0.0,,,,,11.528768811876917,,,3.719163803101131,,,23.99970166589567,,,,,9.08764089539992,,,7.42531167598746,,,3.3566853719910523,,,0.009840393239752467,7.34773313535843e-05,0.0011493296627874984,0.00020363537076402115,3.1667591766098533,0.817224955049605,0.9898037523464088,0.00016032554730725668,0.11176354866689465,5.782037953185474,0.8928886807401034,1.0719437042456916,7.179734181259842e-10,0.9980374000015548
b5995236,0.22093773188547683,5.5,0.11097673747655588,0.2679384459442377,0.36629590244513044,0.0,0.13644075857419896,0.005335447008574098,0.030270679099168044,0,,,0.11097673747655588,,,0.2679384459442377,,,0.36629590244513044,,,,,0.13644075857419896,,,0.005335447008574098,,,0.030270679099168044,,,,,0.03442593729549795,,,0.0326663343782987,,,0.045912622904933344,,,,,0.0,,,0.0,,,0.0,,,,,8.559831173872531,,,5.490627688560398,,,2.9851356030182283,,,,,7.839779762136306,,,5.699300085543507,,,2.869141554285141,,,0.021718549416364565,6.167707226560245e-05,0.0003633721784513689,0.00012296323577004928,7.437009053885292,0.5675797141264607,0.905221530260623,0.00018593482816152903,0.22410921422729912,6.163291545034968,0.958798146793271,1.0783973780473906,4.299375609550335e-10,0.9589253448676159
c2c9dd81,0.2485102848611442,5.5,0.10928281564431626,0.26384729136731394,0.3725246436398768,0.0,0.18099862840303083,0.007682759067413705,0.004387753695248979,0,,,0.10928281564431626,,,0.26384729136731394,,,0.3725246436398768,,,,,0.18099862840303083,,,0.007682759067413705,,,0.004387753695248979,,,,,0.023027468605825403,,,0.03919887515583503,,,0.029623482898703788,,,,,0.0,,,0.0,,,0.0,,,,,29.5678060247798,,,2.019348073894828,,,9.333600105231955,,,,,7.806742555104397,,,5.994074011948804,,,2.966776130955535,,,0.038694381029319616,8.851872197521656e-05,0.0032687875963229884,9.649110718525544e-05,8.480126763492787,0.9177595270473049,0.907182039273163,0.00022280282903327256,0.07592936337611882,5.585004867719377,0.9407961917730667,1.0869085612073037,5.04007560651094e-10,0.9922758888073929
fb033529,0.11831280179360291,5.5,0.12667212681327353,0.2435329382676093,0.4092256606498215,0.0,0.016695120814726253,0.0013298131959317624,0.040896321042838184,0,,,0.12667212681327353,,,0.2435329382676093,,,0.4092256606498215,,,,,0.016695120814726253,,,0.0013298131959317624,,,0.040896321042838184,,,,,0.007108860074161455,,,0.016308361020849167,,,0.028181635764419684,,,,,0.0,,,0.0,,,0.0,,,,,3.882879505103213,,,7.069089286797737,,,8.174455078374267,,,,,15.494657416538846,,,8.115998765970826,,,3.212487542560064,,,0.0403774824230399,0.00012151869437881989,0.004903217901092643,0.0001273337580500581,9.871363359878234,0.908134879464909,0.8912320433166109,0.00022131658615663147,0.01852918899760749,5.920479005541261,0.8164750141043303,1.1029801938963673,1.117319560725816e-09,0.9899188953445932
215d7a38,0.1499958769636901,5.5,0.12393581364200544,0.253421713574599,0.3675754218288449,0.0,0.08277365726263196,0.03444392649275944,0.005197527939758942,0,,,0.12393581364200544,,,0.253421713574599,,,0.3675754218288449,,,,,0.08277365726263196,,,0.03444392649275944,,,0.005197527939758942,,,,,0.010959142435006,,,0.07243239630983275,,,0.032241364548539014,,,,,0.0,,,0.0,,,0.0,,,,,47.32246189469428,,,8.747967772882909,,,15.733316640902718,,,,,7.577306283726661,,,5.800318693625885,,,2.9819774082461623,,,0.024554971481657067,5.184309378586365e-05,0.0005576027662115128,0.00012653748653377572,5.913112886535085,0.5674660228739814,0.7909384525069388,0.00014593414016872587,0.39101745798991383,5.795237361250251,0.886094051340877,1.1138285678100686,4.340330342653905e-10,0.9094946835534555
df547d4b,0.03461474251058522,5.7,0.13684197135949025,0.260402361452561,0.3930967586427593,0.0,0.0003138500140094092,0.001448590913998952,0.004755615786025587,0,,,0.13684197135949025,,,0.260402361452561,,,0.3930967586427593,,,,,0.0003138500140094092,,,0.001448590913998952,,,0.004755615786025587,,,,,0.007922752223935937,,,0.01702110991680009,,,0.005513504801179268,,,,,0.0,,,0.0,,,0.0,,,,,7.044000030575245,,,4.809540240912112,,,18.646734955992862,,,,,7.575019496826025,,,5.780099226702852,,,3.296293682886667,,,0.03748044430870591,8.557325505804883e-05,0.0026247497756561457,0.00017624467310582535,8.30569859163364,0.8805498639573762,0.9890631210954272,0.00017114499623828365,0.17754927886088862,5.952420379780681,0.8431721216726004,1.1235340345114766,5.696605347834272e-10,0.9985946820148576
8b33e3cf,0.15663356804578898,5.7,0.13199396333443983,0.24755403751042065,0.39904796364027223,0.0,0.10147241633159772,0.0010121818890728113,0.012313283515216506,0,,,0.13199396333443983,,,0.24755403751042065,,,0.39904796364027223,,,,,0.10147241633159772,,,0.0010121818890728113,,,0.012313283515216506,,,,,0.0019240711587845158,,,0.008712510602678252,,,0.016807166920559072,,,,,0.09913339058117333,,,0.0,,,0.0,,,,,8.508788649057207,,,10.148504881691471,,,8.773158088150717,,,,,22.222471912601673,,,9.965579587617185,,,3.8521193600762467,,,0.03689483748730144,6.400513366640988e-05,0.0019913357347045506,0.00021754242627334798,5.6924420142151035,0.6432074817921867,0.8182116842077777,0.00011784441739276127,0.09524682632250774,5.75734281436382,0.9085802867258861,1.0642771099287454,1.1069854282439508e-09,0.9350574678593151
f58a4a9c,0.06689694175860916,5.7,0.13614724961299463,0.2573853998811798,0.4061174460243725,0.0,0.0018330282799301606,9.566116200614567e-05,0.025728124457772648,0,,,0.13614724961299463,,,0.2573853998811798,,,0.4061174460243725,,,,,0.0018330282799301606,,,9.566116200614567e-05,,,0.025728124457772648,,,,,0.01914694899941064,,,0.00437404074069151,,,0.012385923842951369,,,,,0.0,,,0.0,,,0.0,,,,,6.248597088938368,,,11.570733107499558,,,13.412008426132472,,,,,8.319393357639786,,,6.4074378557846465,,,3.2693603645203924,,,0.02360827402345806,0.00018680313029217205,0.0036727329568488924,0.0003407067715902623,4.741637392699191,0.7788132475783289,0.7275972124283574,0.00010325657090287855,0.010560027300192761,5.9051334603926575,0.8264552253614396,1.0483145044285385,6.632612513618345e-10,0.9396753523451752
28044979,0.09818032466628192,5.7,0.12266533596132691,0.2531540031942942,0.335585555829737,0.0,0.03578291878692345,0.0021922827677684415,0.04659903640469984,0,,,0.12266533596132691,,,0.2531540031942942,,,0.335585555829737,,,,,0.03578291878692345,,,0.0021922827677684415,,,0.04659903640469984,,,,,0.007230764137412952,,,0.020939354181867414,,,0.09653914895491864,,,,,0.0,,,0.0,,,0.0,,,,,21.046997746785202,,,8.583095493578973,,,5.723093545000207,,,,,7.49437748825262,,,6.393153768652449,,,2.6535897922069682,,,0.00744192566854951,0.00011446806046063551,0.0019916472330962784,0.000282796349699461,4.718955547939138,0.9613954156447337,0.8338150148812482,9.742148157726674e-05,0.11539405727360841,6.09152234079433,0.802129876709519,1.1037580115946557,3.2818460412233535e-10,0.9935011162219164
8560da41,0.08507919030612054,5.7,0.12303949467297046,0.24997457353029343,0.38696862126349785,0.0,0.03498075934760645,0.0031123549119482833,0.004204917474901153,0,,,0.12303949467297046,,,0.24997457353029343,,,0.38696862126349785,,,,,0.03498075934760645,,,0.0031123549119482833,,,0.004204917474901153,,,,,0.011130923157165932,,,0.024949368376567305,,,0.027222669544233996,,,,,0.0,,,0.0,,,0.0,,,,,51.22754344365271,,,6.904878809847617,,,3.4880524102068273,,,,,8.412923278326163,,,5.905455340109707,,,3.593125272560705,,,0.01910504056606772,0.00011029174131575498,0.0009314961658623497,0.0002613935919522078,6.389868483054989,0.9280816425354116,0.8932524567654643,0.0002578201360915168,0.027916464368537647,5.703574681663873,0.9201378740097007,1.0766517673265752,5.308846037702091e-10,0.9922335667815155
4a5bf624,0.055767261226592486,5.7,0.13772332526652772,0.2562540009043811,0.39394313998874003,0.0,0.019111926526738824,0.0011414206174275095,0.0065637247018215765,0,,,0.13772332526652772,,,0.2562540009043811,,,0.39394313998874003,,,,,0.019111926526738824,,,0.0011414206174275095,,,0.0065637247018215765,,,,,0.004705431040087182,,,0.015109074210073292,,,0.010153402567869793,,,,,0.01895433443999024,,,0.0,,,0.0,,,,,4.615624815129641,,,14.778933904555027,,,7.7138465886105285,,,,,17.728865848417378,,,8.917790311258878,,,3.541011769324807,,,0.029437874711768692,0.00014907211424218354,0.002281498059101914,0.0004884889889676413,6.844409120597286,0.8392710316815133,0.9855069745128867,0.00010241406707519899,0.09647455009262482,5.997903670438302,0.8961183779256136,1.126724139101385,8.828298942258478e-10,0.9975720002681915
14173e41,0.04420801163972339,5.7,0.14121493393872223,0.25132854559571377,0.38728340341390755,0.0,0.002947129841237694,0.00020854128341371976,0.017636048768330394,0,,,0.14121493393872223,,,0.25132854559571377,,,0.38728340341390755,,,,,0.002947129841237694,,,0.00020854128341371976,,,0.017636048768330394,,,,,0.024278096470842576,,,0.006458192988967111,,,0.059390317002572725,,,,,0.0,,,0.0,,,0.0,,,,,19.240969486330485,,,33.1843203269668,,,2.037626859407949,,,,,8.572057096626594,,,7.538660618914107,,,2.9238878047849988,,,0.03479221385497716,5.860228396100036e-05,0.002830976858055565,0.00012636482799348244,4.487842508302145,0.7311115892356514,0.988793217667164,0.00013093225786147927,0.015016146378350335,5.8620750000360236,0.8914127657472904,1.100405699478557,5.331582386088509e-10,0.996887746786975
166a2ec4,0.046125819918915,5.7,0.15181874307276189,0.25305096574030456,0.39754794426579315,0.0,0.012667965250928337,0.000365928371804838,0.009907754274905176,0,,,0.15181874307276189,,,0.25305096574030456,,,0.39754794426579315,,,,,0.012667965250928337,,,0.000365928371804838,,,0.009907754274905176,,,,,0.002764408859717842,,,0.008554862614967443,,,0.024841587632654635,,,,,0.011880084937042077,,,0.0,,,0.0,,,,,14.249608825659703,,,0.8630237485636751,,,13.243380723567832,,,,,19.279967272462045,,,8.473736515189932,,,3.8662773060849105,,,0.026301284290685952,0.00010648588065631584,0.0024944398406610197,0.0002411840807032868,8.062733493377474,0.6027493023501289,0.9583486392477784,0.00016797803832346625,0.16359621532942475,5.897416871577582,1.0066667449098368,1.0748450648637673,1.048405843899212e-09,0.9833581330191887
df8cd068,3.2260829689359447,5.8,0.12567946613219977,0.2112150848555639,0.3912051762168601,0.0,1.7346085608898323,1.425222506247576,0.004704671262328871,0,,,0.12567946613219977,,,0.2112150848555639,,,0.3912051762168601,,,,,1.7346085608898323,,,1.425222506247576,,,0.004704671262328871,,,,,0.007327798068471846,,,0.006327979350204088,,,0.014955772915446055,,,,,0.10656976226991027,,,0.03582563378780488,,,0.0,,,,,176.0177700704444,,,162.043782587198,,,5.176093665670928,,,,,30.223005507058634,,,16.069352842779335,,,5.024649617494184,,,0.02227938613419691,7.04085230709484e-05,0.003117912124700375,0.00022140621348356695,4.944284758996719,0.8514956307317009,0.985825273682438,0.0002556267305105446,0.015116626306341918,6.105423442237559,0.8570674316021738,1.1452937304577642,1.4507336104392323e-09,0.9977964086812915
2e48da00,0.045546482636980176,5.8,0.13249760205341718,0.2614409421468495,0.3928499375277589,0.0,0.006931344866476149,0.0011362775392259115,0.004888529680215798,0,,,0.13249760205341718,,,0.2614409421468495,,,0.3928499375277589,,,,,0.006931344866476149,,,0.0011362775392259115,,,0.004888529680215798,,,,,0.023536567891737515,,,0.01507499611426757,,,0.010110849395510439,,,,,0.0,,,0.0,,,0.0,,,,,24.650521099791366,,,8.708580908413118,,,15.150045917548852,,,,,7.218338910359889,,,6.118326448296672,,,2.545252002114506,,,0.11447462412729496,7.762030582392629e-05,0.002064776963431689,0.00015265627724387557,6.9437866939945145,0.8193830335683463,0.9730172758251724,0.00017525146281529872,0.20067444325970385,5.812824381258582,0.8339593806357826,1.0586198123159636,4.1406986349627164e-10,0.9950291604858981
ee25cdd4,0.07954716759359015,5.8,0.13448336032357414,0.2848667569367691,0.39321139066493166,0.0,0.0024158394706976674,0.0018245367104517479,0.0461115795820409,0,,,0.13448336032357414,,,0.2848667569367691,,,0.39321139066493166,,,,,0.0024158394706976674,,,0.0018245367104517479,,,0.0461115795820409,,,,,0.007240432539742487,,,0.019102548052297882,,,0.024587551561315285,,,,,0.0,,,0.0,,,0.0,,,,,20.87963282856953,,,6.166820820378653,,,21.561810489584495,,,,,10.134832212904183,,,7.586200691170658,,,3.688174845662653,,,0.023054768912628643,0.00011376887253760635,0.0019596672335169445,0.0001785933457380282,8.621037649904833,0.5667192401669126,0.9803129995312863,9.482675598101537e-05,0.12823132759226805,5.737486983580579,0.9114980196276647,1.0687849993847482,8.785583269874377e-10,0.9913719701781283
005f836e,0.08098552099869274,5.8,0.13041946345359143,0.25614920229742955,0.40515179500118736,0.0,0.008660942700249261,0.002612941599591894,0.023720027595748157,0,,,0.13041946345359143,,,0.25614920229742955,,,0.40515179500118736,,,,,0.008660942700249261,,,0.002612941599591894,,,0.023720027595748157,,,,,0.02632595502587372,,,0.02220215290947749,,,0.022927688775701643,,,,,0.0,,,0.0,,,0.0,,,,,23.719198217016785,,,6.837416024374547,,,18.790286389824338,,,,,7.582478860386415,,,5.701612165080213,,,2.748320349687358,,,0.08021617707547947,6.803195079511138e-05,0.0014887511063504783,0.00011104328940284595,9.133050777045913,0.8739665553309534,0.9870383763347104,0.0003989026383803265,0.03443735747289229,5.7639460544929015,0.8364072674855008,1.1199695518117163,4.1812488120471797e-10,0.9982676980833263
ff5880f9,0.09298130987205429,5.8,0.13725924914001172,0.27742311728276364,0.3955722524492763,0.0,0.009783965749400403,0.0020259194044351414,0.05445895160269992,0,,,0.13725924914001172,,,0.27742311728276364,,,0.3955722524492763,,,,,0.009783965749400403,,,0.0020259194044351414,,,0.05445895160269992,,,,,0.024779355849403283,,,0.020003945029886547,,,0.04779818926386949,,,,,0.0,,,0.0,,,0.0,,,,,8.365738110103914,,,7.347499137153466,,,3.7753395715452434,,,,,9.284856459381704,,,6.430633523451357,,,3.2993553829479123,,,0.03832858924305309,5.934734657511672e-05,0.0029011567682617357,0.00035052131082263934,7.268137331939393,0.758874609541489,0.9667967030332091,0.0003436594076850282,0.21343305229563797,6.129645686159204,0.8675430482338297,1.1638009621530934,5.304785605638431e-10,0.9918971623840693
50e2aa46,0.0715315540668044,5.8,0.1260289301766378,0.2570848243990449,0.37735502521462017,0.0,0.020731432184943666,0.0006924359607319871,0.019280273595052348,0,,,0.1260289301766378,,,0.2570848243990449,,,0.37735502521462017,,,,,0.020731432184943666,,,0.0006924359607319871,,,0.019280273595052348,,,,,0.030982140646762125,,,0.011768058129801934,,,0.03138857513734405,,,,,0.0,,,0.0,,,0.0,,,,,55.32210060047292,,,3.006943556660507,,,16.73431615261691,,,,,7.844307628439782,,,5.752126029628568,,,2.9421347742714765,,,0.03556500316101051,4.848525070288491e-05,0.0017638302863054707,0.0002182693510424938,9.068209897626906,0.9983019799747811,0.9803906059028101,0.00021816410123636583,0.2721254444494068,5.897350857600497,0.8227344940988774,1.1408068521454076,4.549970609405993e-10,0.9998686637955503
bf15a8c5,0.0643161621781022,5.8,0.13357587310160843,0.2486545742382048,0.399580077830277,0.0,0.00896231321197696,0.0009356867385922796,0.01433571352619407,0,,,0.13357587310160843,,,0.2486545742382048,,,0.399580077830277,,,,,0.00896231321197696,,,0.0009356867385922796,,,0.01433571352619407,,,,,0.011490102382264477,,,0.01293679427975891,,,0.004882026823757922,,,,,0.0,,,0.0,,,0.0,,,,,17.197583002197224,,,2.8731543641995287,,,8.225912052855398,,,,,11.464103799735222,,,6.236988926046026,,,3.0868395386024994,,,0.02004965633661443,5.5740052383373326e-05,0.0030545397546530625,0.00016483766923162442,9.275179933033602,0.7532245021813617,0.950856142392561,8.396709188544588e-05,0.033366837597153934,5.73927832607091,0.8621146586679143,0.9878530683649156,9.096228479099348e-10,0.9877774144599567
7cf315a1,0.078192925516748,5.8,0.14480444162487946,0.2919457032196886,0.41432472355982936,0.0,1.4624326969604667e-05,0.004000892015949601,0.046257585396105555,0,,,0.14480444162487946,,,0.2919457032196886,,,0.41432472355982936,,,,,1.4624326969604667e-05,,,0.004000892015949601,,,0.046257585396105555,,,,,0.001710223784748924,,,0.028287424824291096,,,0.009868416291172868,,,,,0.0,,,0.0,,,0.0,,,,,5.375394512429159,,,16.137577653602378,,,8.13273543495456,,,,,8.310593847706482,,,7.234397576028582,,,2.9374695200814167,,,0.042588213580998915,0.0002536498045168757,0.0026942251330096495,0.0002638582723688511,7.254311037183678,0.6876786584671901,0.9871990678854988,0.0001845064130932906,0.12878196199697245,6.140191811207495,0.8108575176212355,1.1854868101638205,5.971368222000848e-10,0.9959032758023401
998d7435,0.03451825497678181,6.0,0.13738479071314277,0.2646330968230926,0.3817038995133441,0.0,0.004269876307437363,0.0012094229740608887,0.009174665247465824,0,,,0.13738479071314277,,,0.2646330968230926,,,0.3817038995133441,,,,,0.004269876307437363,,,0.0012094229740608887,,,0.009174665247465824,,,,,0.02922285512210387,,,0.015552639480556917,,,0.04283611851572414,,,,,0.0,,,0.0,,,0.0,,,,,15.899033475139237,,,17.13101152957332,,,10.510175823702241,,,,,8.385931658268683,,,6.312791348229496,,,2.8497475262656535,,,0.029250477083198775,4.7036501535051386e-05,0.0012360289106665417,0.0001666142171797805,6.771445859126238,0.7919726200513584,0.7802521637022812,0.00023590597537748227,0.23707664186132205,5.813867179558665,0.8830673506671883,1.074510826861964,5.416084311772564e-10,0.9542084081492324
c0250672,0.16737144393485165,6.0,0.11643154606056969,0.24244717170050364,0.3584241564306366,0.0,0.08142987577653436,0.0028165763842341353,0.05100107212610974,0,,,0.11643154606056969,,,0.24244717170050364,,,0.3584241564306366,,,,,0.08142987577653436,,,0.0028165763842341353,,,0.05100107212610974,,,,,0.016407746188060377,,,0.023734263773010255,,,0.10099611094107509,,,,,0.0,,,0.0,,,0.0,,,,,36.33602919000695,,,23.679667329716196,,,8.38559363476772,,,,,7.373925620133537,,,5.231052330129644,,,2.909032370221867,,,0.06246423048127876,4.479800798352701e-05,0.0035719845872936354,0.00017736362324342688,8.92846707407182,0.8657092966169714,0.9855144354250536,7.492107950099559e-05,0.09973327535151551,5.786298572051875,0.8198796319376902,1.0710940789488084,3.067302291223067e-10,0.9979561719007877
0fa6029d,0.11805781613794702,6.0,0.13934499536020065,0.26913209519742987,0.4196879048803686,0.0,0.0004038748318626351,0.005369495534097191,0.0697471228065989,0,,,0.13934499536020065,,,0.26913209519742987,,,0.4196879048803686,,,,,0.0004038748318626351,,,0.005369495534097191,,,0.0697471228065989,,,,,0.008987489436573877,,,0.032770399857484776,,,0.052903413441080196,,,,,0.0,,,0.0,,,0.0,,,,,19.000914651106704,,,8.584398001390877,,,4.071280532477653,,,,,8.44954984889595,,,6.997009495459839,,,3.0443600018024437,,,0.039609828990478976,6.873514187763674e-05,0.00295487322952462,7.001471088458809e-05,8.26158473432329,0.9774026493032459,0.9865745636422141,6.270439084950015e-05,0.28464685752260555,5.575399988687809,0.8025955033448996,1.1484829715025668,6.361651725593589e-10,0.9995979632500019
9a36689e,0.08627365900435442,6.0,0.13184376131272083,0.26254767326698514,0.4079431165903031,0.0,0.002921420413000325,0.009330485361631497,0.029343507583364785,0,,,0.13184376131272083,,,0.26254767326698514,,,0.4079431165903031,,,,,0.002921420413000325,,,0.009330485361631497,,,0.029343507583364785,,,,,0.02074102743884813,,,0.04319834571284298,,,0.011129068217459077,,,,,0.0,,,0.0,,,0.0,,,,,20.087278719388724,,,1.6658913029675657,,,6.807272370724058,,,,,7.842417265678901,,,6.370039073862111,,,3.103842252172375,,,0.05813998925604473,5.6835931735363485e-05,0.0028166522120054794,0.0001685456931283697,9.541754754210068,0.8606289305430088,0.9584325134289208,0.00013063986261408524,0.2739445413338231,5.863359020727332,0.8523245318796527,1.0344784684751718,5.928233386327388e-10,0.9941108516906068
b954d82b,0.14119794768173735,6.0,0.13452948627404795,0.26293128007822303,0.39127661136035485,0.0,0.00043667661376176135,0.0011886917793561076,0.11070644432618151,0,,,0.13452948627404795,,,0.26293128007822303,,,0.39127661136035485,,,,,0.00043667661376176135,,,0.0011886917793561076,,,0.11070644432618151,,,,,0.008178806030914273,,,0.015418766353739897,,,0.007353195550351969,,,,,0.0,,,0.0,,,0.0,,,,,3.569922365321693,,,3.0337217054456858,,,7.765462941704095,,,,,10.595602335350204,,,5.999376721867672,,,3.0037304683652004,,,0.04513849869339378,6.551147622334109e-05,0.002831609292570667,0.0001463649538214788,5.462284211012227,0.7488792599667704,0.8179867224964417,0.00015914357322297805,0.32825824747000565,5.8144870750562525,0.879543947246053,0.9786459978449757,9.049762358318649e-10,0.9542108923851832
fde11a1f,0.14173190352126838,6.0,0.1320668779311154,0.2429699688093064,0.4034557574661472,0.0,0.07335015418924548,0.0011360410800571015,0.01976977323668949,0,,,0.1320668779311154,,,0.2429699688093064,,,0.4034557574661472,,,,,0.07335015418924548,,,0.0011360410800571015,,,0.01976977323668949,,,,,0.005495242169893351,,,0.007948086512803373,,,0.013307849249372602,,,,,0.07105772156034794,,,0.0,,,0.0,,,,,6.7122219155779055,,,23.878061237316633,,,3.808494656165621,,,,,21.293915999538903,,,9.365181118408238,,,3.5754322639353897,,,0.02527693232027973,0.0002048425045576007,0.003592690848406337,0.0002422477029469095,9.99417432526362,0.6686743683411471,0.9111616840063553,0.00017474661399288687,0.041455057676832795,5.754629541131143,0.8242340313914948,1.0988527650264572,1.108952250731192e-09,0.9704744726694963
487be6f9,0.1968738857158506,6.0,0.11030620313472193,0.24796464913663988,0.3666392444601071,0.0,0.1410634716843817,0.004831573597406376,0.0037980039522863066,0,,,0.11030620313472193,,,0.24796464913663988,,,0.3666392444601071,,,,,0.1410634716843817,,,0.004831573597406376,,,0.0037980039522863066,,,,,0.005946015318011761,,,0.03108560309019716,,,0.027560856127073798,,,,,0.0,,,0.0,,,0.0,,,,,9.519112430079653,,,5.925315892643493,,,12.227601438013926,,,,,7.421412287775615,,,5.6908338921573485,,,2.882626861189769,,,0.03039263677622833,8.872666591724667e-05,0.0015024623314052988,0.00010653515411684958,4.446398798685858,0.81139011153233,0.9591879163306076,0.0001345243665966202,0.08822023375289757,5.901580145040951,0.8360514976732542,1.1077774383066143,3.895468431295331e-10,0.9922065186593496
07d9d00a,1.1854821213792202,6.0,0.10553721480791954,0.2536544307280824,0.33630516691453105,0.0,1.133734802439925,0.005679512347591982,0.008954213088726059,0,,,0.10553721480791954,,,0.2536544307280824,,,0.33630516691453105,,,,,1.133734802439925,,,0.005679512347591982,,,0.008954213088726059,,,,,0.04780392363834635,,,0.03370315221931617,,,0.04231834847610681,,,,,0.0,,,0.0,,,0.0,,,,,138.30874760091066,,,10.300308151574267,,,5.574160037999792,,,,,7.020078183708572,,,5.5000117823838295,,,2.845375377962078,,,0.031875304715032554,2.5333322407772425e-05,0.0013830245138509718,8.51453492176897e-05,9.981130288339978,0.7887816334181166,0.9524719791999261,0.00018502995020168848,0.19623540373747747,5.916756881684653,0.8737107000586581,1.132938364936654,3.6556724797044434e-10,0.9898659618818186
9fe3a752,0.0920859306201785,6.1,0.12184863568157345,0.2379471805916039,0.3376353995797923,0.0,0.05324586370647765,0.003018105010690986,0.02094440950865417,0,,,0.12184863568157345,,,0.2379471805916039,,,0.3376353995797923,,,,,0.05324586370647765,,,0.003018105010690986,,,0.02094440950865417,,,,,0.050436838302869616,,,0.024171576220478497,,,0.06472157215126062,,,,,0.0,,,0.0,,,0.0,,,,,14.466791464579709,,,17.496477631708643,,,3.327963114793373,,,,,7.193644651133453,,,6.195008016464803,,,2.8128543417828458,,,0.043842369677491964,4.665278361526408e-05,0.003315856537344433,7.827537374778198e-05,9.848484132710027,0.9976440042248145,0.8474765698463045,0.00015252154744023328,0.05155567231317973,5.747738854122025,0.8751423549714894,1.0110854525243942,3.7396154071280155e-10,0.9995559077859565
5340f8d0,0.03448296019239225,6.1,0.144299335826988,0.273609688583026,0.39878662797052666,0.0,6.144147564904144e-05,0.001235805850038614,0.011761886574478051,0,,,0.144299335826988,,,0.273609688583026,,,0.39878662797052666,,,,,6.144147564904144e-05,,,0.001235805850038614,,,0.011761886574478051,,,,,0.00350546646394004,,,0.01572136031034601,,,0.021732871695890364,,,,,0.0,,,0.0,,,0.0,,,,,6.14726951281991,,,2.1038885687850426,,,7.996746179498273,,,,,8.999150007380415,,,7.52953852643019,,,2.764609017758132,,,0.03633414881349766,6.755644549880431e-05,0.002170480361126174,8.000253136276446e-05,9.98803829702611,0.7090141671790604,0.8811966718205143,0.00026930567416652877,0.013662466151835351,5.671844298009025,0.906054218462077,1.0554735690724717,7.251619508155816e-10,0.9653417949406109
db375c05,0.12426243948251164,6.1,0.11839718659007037,0.233724714775637,0.3664169920014288,0.0,0.07429479648759585,0.006159978992668267,0.007255096461086501,0,,,0.11839718659007037,,,0.233724714775637,,,0.3664169920014288,,,,,0.07429479648759585,,,0.006159978992668267,,,0.007255096461086501,,,,,0.03269227215999844,,,0.035099797699326606,,,0.03809224714055736,,,,,0.0,,,0.0,,,0.0,,,,,13.28735260944039,,,12.18288696931913,,,8.532957859446258,,,,,7.1531078660774865,,,5.666381455039789,,,2.676980222362758,,,0.029697303253396472,3.8117763303860197e-05,0.0026168510564151502,0.00015332168149474512,7.718878475174387,0.98474531278277,0.989076760317453,0.00015890541686382074,0.22863812651587134,6.107572337814976,0.812401926526423,1.0659749100260663,2.8223777093520476e-10,0.9997344617192122
a8b024d3,0.07762471936637114,6.1,0.12304932856243363,0.24067919014399478,0.35780266021467205,0.0,0.04207976896430515,0.00252312986729465,0.008952421850098143,0,,,0.12304932856243363,,,0.24067919014399478,,,0.35780266021467205,,,,,0.04207976896430515,,,0.00252312986729465,,,0.008952421850098143,,,,,0.04942970350888141,,,0.022463881531447988,,,0.042314115493764355,,,,,0.0,,,0.0,,,0.0,,,,,9.413757518398064,,,4.427012785601551,,,6.801313953419401,,,,,7.205734593010507,,,5.6381066948884655,,,2.7592422190532946,,,0.04740279140551346,7.211738755351727e-05,0.0012391722466654253,0.00013803994208148315,6.361318981819164,0.8607703112138345,0.9112002789737536,0.00022000213725937434,0.23794224146761103,5.749343024632918,0.8745505662563178,1.0793540902183247,3.639108368995947e-10,0.98754532244932
ab728dd2,0.2314077018198093,6.1,0.1455989018784142,0.2710641156269025,0.4429150868139675,0.0,0.0011998587802308264,5.332611808646919e-05,0.17582275056120958,0,,,0.1455989018784142,,,0.2710641156269025,,,0.4429150868139675,,,,,0.0011998587802308264,,,5.332611808646919e-05,,,0.17582275056120958,,,,,0.006417385450367384,,,0.0032657653953237116,,,0.007423483383643279,,,,,0.0,,,0.0,,,0.0,,,,,13.265700145207301,,,2.564900456627519,,,1.484661096563599,,,,,10.91445843470093,,,6.541365943440754,,,2.962810216386562,,,0.045166846600826815,3.8616734819767e-05,0.0027258680049221085,0.00014920713511245011,7.962114254567793,0.7567731313818308,0.8607264340485854,0.0002760877705597828,0.4004359673864535,5.860262629531241,0.8135947306890159,1.0833421460072867,8.422798127008254e-10,0.9660388540289465
46b2f6e4,0.07411755795012694,6.1,0.1267215530726421,0.25068427321137415,0.38497272724785364,0.0,0.01921663064964986,0.005817299519516035,0.012892121553117917,0,,,0.1267215530726421,,,0.25068427321137415,,,0.38497272724785364,,,,,0.01921663064964986,,,0.005817299519516035,,,0.012892121553117917,,,,,0.009972872920001215,,,0.034109528051604686,,,0.023094862545342775,,,,,0.0,,,0.0,,,0.0,,,,,8.912499851607619,,,12.325572039438462,,,10.002242230348871,,,,,7.6131626928744565,,,5.732832182628752,,,3.088911632334613,,,0.052744335152876735,2.8402564198826984e-05,0.0018769457792700607,0.00014154147030492737,9.388836416937524,0.991947635059816,0.9845468626382275,0.00012053600310432128,0.20739635003550036,5.77807213974379,0.8134109565464797,1.1095330927957228,5.101454012933308e-10,0.9997771110122284
0873ae88,0.12512824523745647,6.1,0.12651108553675094,0.2583897532334696,0.3899692101978515,0.0,0.02078628341965002,0.0018490160936709276,0.06366624984621203,0,,,0.12651108553675094,,,0.2583897532334696,,,0.3899692101978515,,,,,0.02078628341965002,,,0.0018490160936709276,,,0.06366624984621203,,,,,0.03526640481449446,,,0.01923026829594911,,,0.02406249473678837,,,,,0.0,,,0.0,,,0.0,,,,,15.015623205180844,,,8.445942569439215,,,23.601783952750967,,,,,8.60781565871986,,,6.799456186841653,,,3.0340271228063647,,,0.03764012745495263,7.448941200695217e-05,0.001601499807686573,0.0001780444880729795,9.943806208419554,0.7008366158535599,0.9898377761983133,0.0002579673319045031,0.07084803282737354,5.773500269217666,0.8831755586685828,1.1072960580655105,4.97148743209666e-10,0.9968608509594141
35bc4b0f,0.1046876477802556,6.1,0.12838767344447274,0.24161979054179714,0.402718026671444,0.0,0.03431310797150556,0.00031387142331745684,0.018280105398612575,0,,,0.12838767344447274,,,0.24161979054179714,,,0.402718026671444,,,,,0.03431310797150556,,,0.00031387142331745684,,,0.018280105398612575,,,,,0.008566993026920478,,,0.007923022444969556,,,0.02618569042622556,,,,,0.0,,,0.0,,,0.0,,,,,23.416571044127867,,,3.0514858206660307,,,2.8384023346108584,,,,,14.5825193734975,,,6.98877500438265,,,3.308221788698175,,,0.04214179037920887,3.459809954290623e-05,0.0018948068977263212,7.080363145991675e-05,6.118845114048727,0.9934238772990371,0.8577948953931781,0.00020393442835868667,0.272018484736722,5.843113090806059,0.8426614343212057,1.0116138827785406,9.358357902374474e-10,0.998979062293863
1ebb4b2d,0.043017568315675575,6.3,0.14369118738385717,0.2615338127886432,0.3923116543504916,0.0,0.0056021448490608475,0.002005416983929134,0.014253340213621363,0,,,0.14369118738385717,,,0.2615338127886432,,,0.3923116543504916,,,,,0.0056021448490608475,,,0.002005416983929134,,,0.014253340213621363,,,,,0.0334728094102089,,,0.02002706660461853,,,0.03792384842305539,,,,,0.0,,,0.0,,,0.0,,,,,20.10850510873376,,,5.928049095915317,,,15.383672664219594,,,,,8.960737545925342,,,7.19374308293257,,,3.1710510454730505,,,0.11669945892012915,2.0003364958604412e-05,0.0021279924882686655,0.00011095306739051844,9.973814094060673,0.7690966525853647,0.989944875216503,0.0001399068172353988,0.022478680448174356,5.763514305622511,0.9219510341443725,1.0443967179218772,6.117451770839725e-10,0.997579243541297
069a930d,0.1309901431489428,6.3,0.13141978381212838,0.25846111590547993,0.4060684304887181,0.0,0.05096065616597929,0.0005983733592673133,0.034673994187494235,0,,,0.13141978381212838,,,0.25846111590547993,,,0.4060684304887181,,,,,0.05096065616597929,,,0.0005983733592673133,,,0.034673994187494235,,,,,0.0030797104460738188,,,0.010939591941816781,,,0.04365187661856807,,,,,0.0,,,0.0,,,0.0,,,,,15.444364363960384,,,20.488581063632463,,,8.163863271828706,,,,,14.364857955430047,,,7.985983874896589,,,3.387625606801176,,,0.02560788021125243,3.530811224208023e-05,0.002507729026647093,8.255456888105665e-05,9.7840637336185,0.873127234616591,0.9678517380197412,0.0001604744993815518,0.1147516709375958,5.879052668034194,0.8993664271428199,1.0568128153232523,9.118666968302465e-10,0.9958244759264923
d26444dc,0.0765207623741297,6.3,0.12527353235174046,0.24314363011549112,0.3821667479883367,0.0,0.02243878013741688,0.0018632222524811348,0.014510658955148496,0,,,0.12527353235174046,,,0.24314363011549112,,,0.3821667479883367,,,,,0.02243878013741688,,,0.0018632222524811348,,,0.014510658955148496,,,,,0.0032761340619867317,,,0.017186866424947246,,,0.021586984708733957,,,,,0.0,,,0.0,,,0.0,,,,,2.6209085930872904,,,9.033439790171332,,,8.145683245127154,,,,,10.963485259535428,,,7.814853386259901,,,3.670367532938163,,,0.11444212190448745,5.397482126954101e-05,0.004964942345223609,0.00015982979102359892,8.570236993518742,0.9485653913026494,0.9151835214212218,0.0001757415697252356,0.013278716613824204,5.946286403129349,0.8819655268762269,0.9856035608154123,1.014868117066368e-09,0.9955459792610712
932adefa,0.11048021914636214,6.3,0.143048191080259,0.25234399407565905,0.41846947883078095,0.0,0.00036751963895520175,0.0010861246732386466,0.06444449523977143,0,,,0.143048191080259,,,0.25234399407565905,,,0.41846947883078095,,,,,0.00036751963895520175,,,0.0010861246732386466,,,0.06444449523977143,,,,,0.008573443170106183,,,0.014738552664618373,,,0.017234611543883935,,,,,0.0,,,0.0,,,0.0,,,,,3.9834519485769344,,,14.405270832842387,,,5.457487050982037,,,,,8.529474381535765,,,6.116557102375313,,,2.8508153957324693,,,0.034927316763597865,2.987085512172055e-05,0.002389109668145674,0.00011618573150126226,9.902209750520722,0.7939742677546155,0.9864871967219369,0.0001203825025789079,0.3698428018470245,5.838471042437884,0.8316504106930928,1.0687919250477682,6.224666397401286e-10,0.997117366090277
070d9675,0.05642234711935258,6.3,0.13591333206532322,0.2660332542153643,0.3968084255735913,0.0,2.680041970659185e-06,0.008623885762161726,0.01739533070495293,0,,,0.13591333206532322,,,0.2660332542153643,,,0.3968084255735913,,,,,2.680041970659185e-06,,,0.008623885762161726,,,0.01739533070495293,,,,,0.00073212594144166,,,0.041530436458486024,,,0.05846841421591163,,,,,0.0,,,0.0,,,0.0,,,,,1.3312768620568012,,,7.164640721693204,,,14.039320590802644,,,,,7.978334928932605,,,8.567580304238996,,,2.8315609158437827,,,0.02577466650328935,6.0022884169356466e-05,0.004327497932178912,0.000165769678156624,7.915980228609695,0.754465920857905,0.8119656786163831,0.00018985292575548083,0.18866852309124843,5.893055111836456,0.8539485733112312,1.0628990781819707,6.71520750151428e-10,0.9537499694841033
1119c663,0.023867811072408283,6.3,0.14675145417999017,0.26664710917777673,0.39123312122551485,0.0,0.0002795480096879313,0.00013953745732240557,0.006571395567215409,0,,,0.14675145417999017,,,0.26664710917777673,,,0.39123312122551485,,,,,0.0002795480096879313,,,0.00013953745732240557,,,0.006571395567215409,,,,,0.007477272359462791,,,0.005282754155218764,,,0.02611337807314931,,,,,0.0,,,0.0,,,0.0,,,,,19.10394309894937,,,4.929150603208256,,,1.492716870031514,,,,,11.8590512054296,,,6.860541791896124,,,3.709138029348248,,,0.040610430286217795,2.271613892445107e-05,0.0015921858244894271,0.0001209483974384737,5.942268957515734,0.740062756412771,0.8019042548651919,0.00011829117887893786,0.18339316261947286,5.874102731740597,0.8735300123629357,1.0841635419179718,7.951015192593447e-10,0.9484273476178132
ac04386e,0.1007212231031394,6.3,0.14425505986626957,0.2776167393761628,0.37913303602629184,0.0,0.001381270363160015,0.0022078516454493865,0.08563461232466045,0,,,0.14425505986626957,,,0.2776167393761628,,,0.37913303602629184,,,,,0.001381270363160015,,,0.0022078516454493865,,,0.08563461232466045,,,,,0.014802171403155037,,,0.02101357487649061,,,0.045375281094305865,,,,,0.0,,,0.0,,,0.0,,,,,31.925893873588418,,,1.7969524114741178,,,15.198339874996742,,,,,11.806459382009946,,,6.237181719348534,,,3.6524566464851898,,,0.03589517433279362,7.21442654269435e-05,0.0024175220086594703,0.0001296860697452735,8.955265051085737,0.7888375251941045,0.9741805741566489,0.0002025170184791612,0.15782233146721142,5.840181755980919,0.8880216261696341,1.0426730226217211,7.925653095266335e-10,0.9944504880834351
516c0aa4,0.07158671974513121,6.3,0.12294778909883455,0.26585530813937697,0.3631081959181009,0.0,0.03841250092398949,0.0008822177248935847,0.005420938414117265,0,,,0.12294778909883455,,,0.26585530813937697,,,0.3631081959181009,,,,,0.03841250092398949,,,0.0008822177248935847,,,0.005420938414117265,,,,,0.014790017987294663,,,0.013283205372902918,,,0.03292700537284636,,,,,0.0,,,0.0,,,0.0,,,,,63.72227189638573,,,5.23524030355189,,,18.43719578618222,,,,,7.643801902568154,,,6.868147531512354,,,2.7617794453595685,,,0.01321028656867039,8.341439319344402e-05,0.002341182807290619,0.0001637116088723509,9.567347742519878,0.9649531746744948,0.9109261162089798,0.00012979444334729285,0.2459596535205236,5.535781460823317,0.845245624889424,1.056076568360016,4.354966623042802e-10,0.9967871505420909
9485408f,1.575771497991904,6.4,0.14013351358591208,0.24616634198486115,0.42840774175225477,0.0,1.4142821357671027,0.0006297580359485618,0.10044633099848656,0,,,0.14013351358591208,,,0.24616634198486115,,,0.42840774175225477,,,,,1.4142821357671027,,,0.0006297580359485618,,,0.10044633099848656,,,,,0.003313860668758311,,,0.011222816366211842,,,0.029220052593508256,,,,,0.09526974329806004,,,0.0,,,0.0,,,,,163.25803892916593,,,4.569579021302505,,,20.382943231097265,,,,,21.150907952642907,,,8.89831363420725,,,3.429871023190093,,,0.04913709111845526,2.648826878851017e-05,0.0018711093424067088,0.0001113764010861799,5.8244922355731115,0.6855418824763545,0.8155064869476832,0.00013295892851432952,0.2816396792168992,5.888116122698843,0.8567265436309964,1.0691936583405937,1.0861371079483012e-09,0.9419029665415496
b5d4f9b0,0.022947093859609524,6.4,0.14384892160450988,0.26236010777037333,0.3884426030109579,0.0,0.0004585675439322135,0.0008227984695445357,0.003074472885589834,0,,,0.14384892160450988,,,0.26236010777037333,,,0.3884426030109579,,,,,0.0004585675439322135,,,0.0008227984695445357,,,0.003074472885589834,,,,,0.009576717015054935,,,0.012828082238156534,,,0.016261473353421402,,,,,0.0,,,0.0,,,0.0,,,,,17.242002005448402,,,0.32927511601466075,,,6.031842317802189,,,,,8.396083982439954,,,7.751293822135942,,,3.4726811019786097,,,0.04554844926526259,1.252515556924169e-05,0.0020903943378931854,8.356066138246737e-05,9.444436988271082,0.617788956963253,0.8437078611709878,9.583577964889814e-05,0.09927960080871882,6.003966169224224,0.8965703248356844,1.101606987040911,7.73411889231701e-10,0.9401790478136021
d64e32f9,0.07449638920289606,6.4,0.1365263858995489,0.2655289998827346,0.4069714117026669,0.0,0.00012222055185730484,0.0006320448645700701,0.036696418778057543,0,,,0.1365263858995489,,,0.2655289998827346,,,0.4069714117026669,,,,,0.00012222055185730484,,,0.0006320448645700701,,,0.036696418778057543,,,,,0.004944098539821083,,,0.0112431745034049,,,0.04448011313140651,,,,,0.0,,,0.0,,,0.0,,,,,20.805083357342546,,,11.249130819706243,,,15.440709280821396,,,,,8.225348794164104,,,7.121912490613977,,,3.2600499497046185,,,0.03953420747805415,5.1925914397391994e-05,0.0015947133133827718,0.00019258883696551035,5.493205796685225,0.720892706538602,0.9870285659520295,0.0001612160725202761,0.34792637652553715,5.604997795562302,0.8754551321945087,1.052029146180639,5.959850213380759e-10,0.9962808752939627
e6bbbc83,0.0991787911255224,6.4,0.14196109105440796,0.27721038783028074,0.3935030150715239,0.0,6.219612921562853e-05,0.00634034562338402,0.07250757902010496,0,,,0.14196109105440796,,,0.27721038783028074,,,0.3935030150715239,,,,,6.219612921562853e-05,,,0.00634034562338402,,,0.07250757902010496,,,,,0.003526928669979832,,,0.035609958223463335,,,0.0965351234892159,,,,,0.0,,,0.0,,,0.0,,,,,6.201464845917247,,,6.679942187162657,,,15.197054249322445,,,,,9.035158531748662,,,7.163580815312854,,,3.171295360531224,,,0.05396683378500225,2.253649382167898e-05,0.0022075759943913495,0.00012599988365158301,7.573660737150153,0.7207562495982498,0.9895221399208313,0.0001249645947758138,0.02723944017466874,5.874318746059811,0.87408655689482,1.0546896573708462,6.894084775534499e-10,0.9969751708413161
a81c8d00,0.05315951329849297,6.4,0.1413781918003102,0.2566973431070259,0.3987599593606894,0.0,0.0024366425587383717,6.421642691308523e-05,0.021866625317924163,0,,,0.1413781918003102,,,0.2566973431070259,,,0.3987599593606894,,,,,0.0024366425587383717,,,6.421642691308523e-05,,,0.021866625317924163,,,,,0.022075518380044314,,,0.00358375297455294,,,0.030984658473544417,,,,,0.0,,,0.0,,,0.0,,,,,5.950034717156695,,,8.508987657984745,,,8.715848481860988,,,,,8.686289792475836,,,8.975260786046354,,,3.1870914440077707,,,0.029921507556485795,1.8022423368709473e-05,0.0014241310184544775,0.00010634152313271327,8.135332529457461,0.7087744849948274,0.8844996184339223,0.00010271111375063462,0.12578708609680495,6.101109227810127,0.8441058205861589,1.093421811070437,8.048734165351956e-10,0.9662748919332818
1221ef60,0.11240384873992654,6.4,0.13331497154421798,0.2608512028069347,0.4162850122583226,0.0,0.003503466174451976,0.0014480329271564167,0.057221295027669344,0,,,0.13331497154421798,,,0.2608512028069347,,,0.4162850122583226,,,,,0.003503466174451976,,,0.0014480329271564167,,,0.057221295027669344,,,,,0.016005046403142723,,,0.017017831396252677,,,0.033294959285970586,,,,,0.0,,,0.0,,,0.0,,,,,5.368797735704004,,,14.036901483553391,,,8.543429330041322,,,,,11.920302898904776,,,7.620823410919211,,,3.1858097107408025,,,0.07542564163049158,3.463429583712373e-05,0.0015611300288487766,0.00011118334576211826,8.731205919221434,0.8517547866645414,0.8605713238388475,0.00019923945773058966,0.08784777120203856,5.783915269688928,0.9235566541246882,1.1361529996382007,8.255551777341645e-10,0.9792443090250255
1d0199d9,0.06255330195787735,6.4,0.14190609228786735,0.26612504909581697,0.4042829996077865,0.0,0.005813586834423418,0.001959439297102076,0.02580861706583695,0,,,0.14190609228786735,,,0.26612504909581697,,,0.4042829996077865,,,,,0.005813586834423418,,,0.001959439297102076,,,0.02580861706583695,,,,,0.02069649948842039,,,0.01979615769336098,,,0.030592963177613296,,,,,0.0,,,0.0,,,0.0,,,,,7.285252531729827,,,10.243117853977122,,,3.5933664015848636,,,,,13.71255919545053,,,7.416911448668129,,,3.559375275197479,,,0.07949411487995693,2.4314661509606374e-05,0.002850974249716479,0.00011988358438656438,6.769068781393172,0.78571006556789,0.7057605407217662,0.00011676155852547167,0.10109896925732825,5.5755272771624425,0.8968698351373451,1.1020452316302387,8.426555571886918e-10,0.9368768695098556
101d31bb,0.08509580659473609,6.4,0.14094195669367138,0.26256349188255806,0.41085410655428206,0.0,0.006544834920468295,0.002467252666775521,0.04023276838948275,0,,,0.14094195669367138,,,0.26256349188255806,,,0.41085410655428206,,,,,0.006544834920468295,,,0.002467252666775521,,,0.04023276838948275,,,,,0.03617964875580827,,,0.02221374649524713,,,0.028434335000620422,,,,,0.0,,,0.0,,,0.0,,,,,22.39349233757114,,,18.564341103553836,,,21.3116123564358,,,,,8.179387143111057,,,6.845953074212841,,,3.074274999619975,,,0.10987724977698561,2.2847866056393762e-05,0.002352468374456461,8.799765044660752e-05,9.610039203707583,0.7368760049972226,0.9636617410404855,0.00012208941445968915,0.2748604020898988,5.629006382895655,0.8367698042327825,1.1235960488582013,5.973696666760212e-10,0.9903421659570231
8a77fdb0,0.046092527478328996,6.5,0.13210144654734313,0.24210086543681694,0.37324536854724266,0.0,0.004453181826641073,0.0008049785309165961,0.01603608733661468,0,,,0.13210144654734313,,,0.24210086543681694,,,0.37324536854724266,,,,,0.004453181826641073,,,0.0008049785309165961,,,0.01603608733661468,,,,,0.0026288747915901916,,,0.012688408339240948,,,0.022523996448190798,,,,,0.0,,,0.0,,,0.0,,,,,14.166152679824474,,,18.80358345125634,,,7.871685684968699,,,,,8.55161150977767,,,6.617433716873888,,,3.092077188574179,,,0.10991503694541038,2.3905138044431333e-05,0.0012208490488190922,9.724974859436016e-05,6.484251539603031,0.6145378267951139,0.8998081673698433,0.00010914441547254989,0.03994741488433897,6.145989096330387,0.8923677535934132,1.086728066708475,5.193460100007401e-10,0.9612898576402626
bacbe6e7,0.016093506391288846,6.5,0.15056075022614201,0.25753164071371937,0.36644511896630644,0.0,0.006037193241794461,0.0005708349978287475,0.0023461413565497103,0,,,0.15056075022614201,,,0.25753164071371937,,,0.36644511896630644,,,,,0.006037193241794461,,,0.0005708349978287475,,,0.0023461413565497103,,,,,0.026782834560103243,,,0.01068489586124963,,,0.018369434353878934,,,,,0.0,,,0.0,,,0.0,,,,,18.379535983034575,,,12.402293363039728,,,7.915987186999309,,,,,7.9582976491897846,,,7.293219901783683,,,3.4200163490671733,,,0.0737939691824883,3.2602747224478606e-05,0.0029492457547982825,9.799421211185779e-05,9.19903838194541,0.5715158276990034,0.9019907731319368,0.00010791665891807862,0.11676792776982586,5.931076805420766,0.8608724755911339,1.128610866081496,5.605371321103689e-10,0.9579143984702642
38127e5b,0.12234982490911339,6.5,0.12932405477527484,0.25989591163625997,0.4170367294076479,0.0,0.008229023033195821,0.002756207652266267,0.054291198572888034,0,,,0.12932405477527484,,,0.25989591163625997,,,0.4170367294076479,,,,,0.008229023033195821,,,0.002756207652266267,,,0.054291198572888034,,,,,0.0023374996625447346,,,0.023478533396557234,,,0.007100349694850401,,,,,0.0,,,0.0,,,0.0,,,,,0.5376400273122067,,,8.160938175671372,,,5.264658596417579,,,,,8.016197957873137,,,7.073773984791367,,,3.300599855584777,,,0.04204930269891875,1.2853099521090256e-05,0.002256807918151872,8.703968855935118e-05,9.392224057403643,0.7265859981028459,0.9198112670318318,7.072810265283532e-05,0.21546519654635274,6.033160140881266,0.8634719121917349,1.0841393981333494,7.386262641632019e-10,0.9779832964854077
fc87fd1d,0.06781147484066816,6.5,0.13103938608994423,0.24724366479303778,0.38719654033982576,0.0,0.007509405121212926,0.0021542980812073523,0.024405346968460237,0,,,0.13103938608994423,,,0.24724366479303778,,,0.38719654033982576,,,,,0.007509405121212926,,,0.0021542980812073523,,,0.024405346968460237,,,,,0.013965342960886121,,,0.02075715819281316,,,0.02539129804516944,,,,,0.0,,,0.0,,,0.0,,,,,16.02373165912826,,,3.4043302975606164,,,5.626754264253498,,,,,13.405728665770466,,,6.624706684067299,,,3.5124642943495306,,,0.0388416724737476,1.2848149002140141e-05,0.002824495798665992,0.00015363226696849547,7.188246723326079,0.7065016274200071,0.8298563906860331,8.181436691161524e-05,0.016890177021547284,5.840978816646198,0.8291202018701606,1.0636766393469956,9.551912029320871e-10,0.949980141922396
ad4d378b,0.12176119289686715,6.5,0.14225172999418165,0.26247315645126595,0.4069454686765356,0.0,0.05564542928717971,0.0008319079150138611,0.033618464605370095,0,,,0.14225172999418165,,,0.26247315645126595,,,0.4069454686765356,,,,,0.05564542928717971,,,0.0008319079150138611,,,0.033618464605370095,,,,,0.001460978101335175,,,0.012898898518973325,,,0.031476679840529986,,,,,0.0556347570021168,,,0.0,,,0.0,,,,,8.669768198214111,,,12.625124723090849,,,8.262569079893401,,,,,21.822226424586866,,,8.763269195410528,,,3.901377354062532,,,0.02548943501184895,2.6511921120274904e-05,0.001535318264805515,0.00010456459359104196,9.957018187804529,0.426653664578991,0.8621220752342293,8.585886858430342e-05,0.12891034035312862,6.306259964486095,0.8565061599169917,1.1510032622658994,1.03566359987067e-09,0.9208619848925684
100d03c1,4.856657817960333,6.5,0.12906047819318184,0.23257620323766554,0.3477510117573796,0.0,1.7007522385199636,1.4624742116630431,1.67810260225002,0,,,0.12906047819318184,,,0.23257620323766554,,,0.3477510117573796,,,,,1.7007522385199636,,,1.4624742116630431,,,1.67810260225002,,,,,0.008948489045916832,,,0.011396266236636155,,,0.035585565528167884,,,,,0.08716709645659398,,,0.1003533064500537,,,0.0,,,,,172.37562306839123,,,164.92864161481288,,,175.98644567683542,,,,,22.318547647427124,,,17.062951509755177,,,5.339762277374739,,,0.03203741513714494,1.6392005070331682e-05,0.0006872662440058513,9.779274246059636e-05,9.65650730926966,0.6427691710847082,0.9723576550078386,0.00015696843520061367,0.11262986943822147,6.007453015118539,0.8570379404263436,1.0900372929601907,1.3758705888740021e-09,0.9900280664197869
3772805f,0.06549847664060292,6.5,0.14685224669077315,0.2682525106087015,0.40909691656945546,0.0,0.006688936548022893,8.839755628987037e-05,0.03176931237146734,0,,,0.14685224669077315,,,0.2682525106087015,,,0.40909691656945546,,,,,0.006688936548022893,,,8.839755628987037e-05,,,0.03176931237146734,,,,,0.006677703685032232,,,0.004204701090205352,,,0.01175820957422518,,,,,0.0,,,0.0,,,0.0,,,,,11.847112670367371,,,8.32741150498198,,,0.7282802531256588,,,,,14.60859648977313,,,7.630495271051573,,,4.127950025005317,,,0.060315304525063354,1.3682447759616592e-05,0.0019517254971296938,7.841763108874129e-05,9.767932116001166,0.6404334241808716,0.731860304942879,0.00011626648949828522,0.0814074468410171,6.03288753847008,0.8866362769013546,1.1539179690189012,8.250000531245015e-10,0.9035127419766315
a5d811b3,0.051031971064973446,6.5,0.1369819581748919,0.2653383252829764,0.4003055283124729,0.0,0.0003527777342734207,0.0030022361982796437,0.015973601108851116,0,,,0.1369819581748919,,,0.2653383252829764,,,0.4003055283124729,,,,,0.0003527777342734207,,,0.0030022361982796437,,,0.015973601108851116,,,,,0.0049071328749614625,,,0.024504024968480764,,,0.022382397371860215,,,,,0.0,,,0.0,,,0.0,,,,,10.783642080621403,,,6.9285478653638455,,,15.103075929001399,,,,,7.823443923688118,,,6.379805508312389,,,3.0798160128060053,,,0.01972838706406271,7.866942883396211e-06,0.001438726124680884,5.9468027503753934e-05,9.981593975260072,0.5715861069612709,0.8345732307376198,0.00010513784233137114,0.2069288530149903,5.847982321929001,0.8463781425514086,1.087286833465272,5.419993571707947e-10,0.9290454164444104
0627c0b0,0.03904738854472441,6.7,0.13004769719446185,0.2544425182542345,0.3642101324670174,0.0,0.00786001445551181,0.0005473462661574415,0.011795536571097259,0,,,0.13004769719446185,,,0.2544425182542345,,,0.3642101324670174,,,,,0.00786001445551181,,,0.0005473462661574415,,,0.011795536571097259,,,,,0.01910408972604463,,,0.010462755527655623,,,0.04855077942004039,,,,,0.0,,,0.0,,,0.0,,,,,4.327153917030708,,,13.153935008030881,,,5.967325118533503,,,,,10.305921830176008,,,7.134725843391722,,,3.5513607936113187,,,0.07042545427476596,1.1169171867910353e-05,0.0011514276340617953,9.114963049343642e-05,6.960627759127337,0.42583169900685425,0.9393507619645329,9.687567176168095e-05,0.08060127649105672,6.081710131337074,0.9748539596116057,1.1007661318727997,6.158171370223906e-10,0.9650831949644506
33fa61f5,0.034820973924665065,6.7,0.1393581127808615,0.2712769346841794,0.3916052591176902,0.0,0.0010612593178264142,0.0006154753301747101,0.010601526479452303,0,,,0.1393581127808615,,,0.2712769346841794,,,0.3916052591176902,,,,,0.0010612593178264142,,,0.0006154753301747101,,,0.010601526479452303,,,,,0.014568866241588013,,,0.011094821586440318,,,0.02886926236059034,,,,,0.0,,,0.0,,,0.0,,,,,25.32749106292895,,,8.600288568465544,,,5.879205930029961,,,,,8.728261488557807,,,7.406189434636198,,,3.5652895875061557,,,0.08386181043024098,2.5846224187231658e-05,0.002531649443867491,0.0001645589819613737,9.456884945886431,0.6264757460868212,0.8260589490450989,0.00010461573990007022,0.1664902988258633,6.136506248781596,0.8966027252620303,1.1028292772815962,7.292202576816171e-10,0.9349461928222919
1120a794,0.07233744227716868,6.7,0.14243937284176736,0.26400012869136263,0.4103886446632182,0.0,0.00047779745219892215,0.0019331219122131053,0.036474074803023095,0,,,0.14243937284176736,,,0.26400012869136263,,,0.4103886446632182,,,,,0.00047779745219892215,,,0.0019331219122131053,,,0.036474074803023095,,,,,0.00977545346466262,,,0.019662766398516284,,,0.01722373739237358,,,,,0.0,,,0.0,,,0.0,,,,,13.88608595551193,,,12.755521212119216,,,9.75355478909057,,,,,9.864008956293203,,,7.512779089886185,,,3.7792967407947007,,,0.07057448924112383,2.5868962728762897e-05,0.0033978814349086388,0.0001296732876325631,6.94960582336955,0.6107771819550127,0.8290766913283198,0.0001070238550258715,0.01662297218574919,6.090998377339844,0.8862891502409347,1.0935349209471192,8.39495665167431e-10,0.9333898404601026
72f35418,0.032767039615178656,6.7,0.14730096233885479,0.2898758798849801,0.39372326223614795,0.0,4.6664701791259246e-05,0.0006617470776272834,0.01745071937230571,0,,,0.14730096233885479,,,0.2898758798849801,,,0.39372326223614795,,,,,4.6664701791259246e-05,,,0.0006617470776272834,,,0.01745071937230571,,,,,0.0030549861469819873,,,0.009588052644303987,,,0.019943159220338014,,,,,0.0,,,0.0,,,0.0,,,,,15.576051764593606,,,2.2567856766792747,,,11.963080330771728,,,,,9.235641939165186,,,6.81015452173021,,,3.0911159587780697,,,0.0695332465758818,2.0649071960048585e-05,0.0024840637845439523,3.7731760867201704e-05,9.606845285095437,0.5046930561069329,0.918486158599858,0.00017812643708546393,0.14769903020364078,6.098870174592333,0.8720142607894658,1.1851727165464117,6.208883686206384e-10,0.9595337797152516
c0231f30,0.04134974333915826,6.7,0.14207278411604587,0.26791939265765463,0.39352932678624364,0.0,0.0006013399455945689,0.004591481967962264,0.014582374949169087,0,,,0.14207278411604587,,,0.26791939265765463,,,0.39352932678624364,,,,,0.0006013399455945689,,,0.004591481967962264,,,0.014582374949169087,,,,,0.010966676302276537,,,0.030303405643466095,,,0.017416016666961444,,,,,0.0,,,0.0,,,0.0,,,,,15.339165911245384,,,12.191222878027695,,,4.5738620772303955,,,,,7.967718634135752,,,6.828310364432261,,,3.359089858367416,,,0.1247628673519646,2.8267801800830746e-05,0.00415049078501832,0.00010650033327645533,7.728865183508727,0.635995548266923,0.8932492955552455,9.50648831514191e-05,0.06668321506676259,5.992536351181634,0.8243934328374353,1.071038704692154,6.783042267002183e-10,0.9610529434269118
34ae0ba0,0.11953083659622475,6.7,0.13096788862575473,0.2601144785243728,0.4097007409628326,0.0,0.01220040616271551,0.003647493832041048,0.05568210271296221,0,,,0.13096788862575473,,,0.2601144785243728,,,0.4097007409628326,,,,,0.01220040616271551,,,0.003647493832041048,,,0.05568210271296221,,,,,0.033674933135706915,,,0.027009234835667032,,,0.045101135916083834,,,,,0.0,,,0.0,,,0.0,,,,,9.45888157298555,,,9.730479748604978,,,7.010973457961569,,,,,7.062263242660805,,,6.903151139700806,,,2.9805199227053016,,,0.09051688624486805,1.2217692182507953e-05,0.001126705132724107,8.667345621313544e-05,9.480716413473576,0.6909086200932805,0.8740321566893323,0.00022448192409347948,0.05548220288931446,6.052854438317783,0.8316953573232635,1.112599061939581,5.004138486380765e-10,0.9609770222715635
2a1e17b0,0.024332680573989192,6.7,0.13993574891491858,0.24735689377667658,0.3605485810235093,0.0,0.01196321183874643,0.0005660574473046316,0.0004591183992439926,0,,,0.13993574891491858,,,0.24735689377667658,,,0.3605485810235093,,,,,0.01196321183874643,,,0.0005660574473046316,,,0.0004591183992439926,,,,,0.015474209333156264,,,0.01064008879008659,,,0.007098931689330567,,,,,0.0,,,0.0,,,0.0,,,,,8.341721107734118,,,4.698578917713618,,,19.01891714078078,,,,,8.602872962320259,,,6.530517883781161,,,2.873302125456804,,,0.06332502672578488,2.745532883950143e-05,0.0021784830059583394,7.687690702952256e-05,4.956169552932862,0.6433058801374355,0.5610900198231146,8.425812635689956e-05,0.10375306525198087,5.820642271174621,0.8375052599587915,1.0774557774663456,5.798711865421836e-10,0.843387281919928
f1006026,0.02363851793572266,6.7,0.14080884236569338,0.2517497634127515,0.374295800769307,0.0,5.872657052319082e-05,0.0014567995025818398,0.005991559330738602,0,,,0.14080884236569338,,,0.2517497634127515,,,0.374295800769307,,,,,5.872657052319082e-05,,,0.0014567995025818398,,,0.005991559330738602,,,,,0.0034271437239541272,,,0.01706926772056634,,,0.018050551253853735,,,,,0.0,,,0.0,,,0.0,,,,,10.415469828750048,,,6.741875200692863,,,11.649111788484547,,,,,9.559823280747354,,,8.547738351132725,,,3.08772944516419,,,0.03315769799116377,2.359327827992413e-05,0.0018691802194965783,0.00010499264295137979,3.4727020356681355,0.7285066991100878,0.9428688328664895,0.0001774787209922182,0.053097560167529353,6.016173472587533,0.9260165459489441,1.1114873211561742,6.436759447404379e-10,0.9843949839679433
a3b53e96,0.05467568238694984,6.8,0.1390990212843784,0.2562687724109788,0.391896671886854,0.0,0.00026481207972940993,0.004603888892653042,0.023497565199427122,0,,,0.1390990212843784,,,0.2562687724109788,,,0.391896671886854,,,,,0.00026481207972940993,,,0.004603888892653042,,,0.023497565199427122,,,,,0.007277528148065247,,,0.030344320366925477,,,0.06293729142619073,,,,,0.0,,,0.0,,,0.0,,,,,32.8489617160805,,,4.555523909918634,,,9.874487066107887,,,,,9.24590303625874,,,6.301246690881941,,,3.6211068958800823,,,0.026022787406354317,4.6674495624925934e-05,0.0013170993993366813,6.271431650694638e-05,6.979721520316813,0.750727173826713,0.8488489298978612,8.298154682013767e-05,0.2083040551945883,5.70165141547526,0.8314253991710561,1.10573154297743,5.582476225063442e-10,0.9622372606835334
3919bb3a,0.014386022405546968,6.8,0.16552215451831231,0.275125175015501,0.37742425030085297,0.0,0.005369122443817143,0.0006119384361102474,0.004392833155200073,0,,,0.16552215451831231,,,0.275125175015501,,,0.37742425030085297,,,,,0.005369122443817143,,,0.0006119384361102474,,,0.004392833155200073,,,,,0.010156150651997556,,,0.01106289687297362,,,0.02964062467357958,,,,,0.0,,,0.0,,,0.0,,,,,16.171614135225806,,,5.084255062709107,,,14.867259093447329,,,,,9.413022560818552,,,6.712503286328302,,,3.731494490625994,,,0.06740718630098631,1.6354441890216624e-05,0.002126061063370402,4.7073711064359664e-05,5.711726532901509,0.5527054727747969,0.820564342998085,0.00024936173225574934,0.22746015810097062,6.134072133531938,0.9525832392978957,1.1011264018697167,7.398857650183151e-10,0.9196573561996849
a280c8af,0.03603273549116635,6.8,0.13623736553728338,0.26745190186200984,0.39249499637677665,0.0,8.801145901094508e-05,0.001386114371961481,0.007573984091696491,0,,,0.13623736553728338,,,0.26745190186200984,,,0.39249499637677665,,,,,8.801145901094508e-05,,,0.001386114371961481,,,0.007573984091696491,,,,,0.0033891559608201284,,,0.016650011243008103,,,0.02069392067811165,,,,,0.0,,,0.0,,,0.0,,,,,2.3667976817118057,,,5.453739344595854,,,8.916271191083526,,,,,7.860967162594928,,,6.724412303302733,,,3.322204693942988,,,0.053132739713969014,2.3468621702455474e-05,0.0015710507581811683,9.909657931449182e-05,2.6358530000803153,0.576767188206186,0.7672158645137628,0.00015586270946517903,0.027875577395055286,5.9448670036325115,0.8535113534850034,1.1418592520654822,7.084923549994656e-10,0.9014013942107163
5ced8be2,0.268419645914279,6.8,0.1098527399883507,0.2543241791665177,0.329024160877526,0.0,0.2376656858736624,0.0025361864219895945,0.0010994099020520825,0,,,0.1098527399883507,,,0.2543241791665177,,,0.329024160877526,,,,,0.2376656858736624,,,0.0025361864219895945,,,0.0010994099020520825,,,,,0.021774764089526697,,,0.02252192896707382,,,0.014828418000933765,,,,,0.0,,,0.0,,,0.0,,,,,14.645004588095198,,,6.6284694359036225,,,7.879742424719745,,,,,6.9388933701612405,,,5.136378477705113,,,2.634000179045852,,,0.03216195744871425,2.427116741058834e-05,0.0010678820835786464,0.000118515878719633,3.7320523353007506,0.7103679810942556,0.9099740815004465,0.00012002697611825019,0.13958869530971116,5.836461457191449,0.9177524019347552,1.068205892863741,3.3293812953779767e-10,0.9738346140629803
025da469,0.07373931247460365,6.8,0.1322972832253485,0.2774821292427978,0.36273521517195456,0.0,0.02697261418850301,0.0013784885202824254,0.028571058756780537,0,,,0.1322972832253485,,,0.2774821292427978,,,0.36273521517195456,,,,,0.02697261418850301,,,0.0013784885202824254,,,0.028571058756780537,,,,,0.012315844416184612,,,0.01660414719449587,,,0.024720611433105517,,,,,0.0,,,0.0,,,0.0,,,,,12.930820567963687,,,2.535622466916946,,,16.033464160301758,,,,,8.316501492467609,,,6.000139724707168,,,3.200976121813234,,,0.08439101277767638,1.771085609618932e-05,0.0013672457806166137,5.393104170739118e-05,6.440525492606362,0.6627408425476361,0.9217118406876929,0.00021503874779230269,0.3355591767197147,6.052737093028078,0.848484278570579,1.151323564472624,4.4600471638840004e-10,0.9735044301677661
4df965f7,0.1309404332382607,6.8,0.14742411728148258,0.25990331187190524,0.4261734790912367,0.0,0.00019358885527452827,8.394569138598008e-05,0.08763353809199187,0,,,0.14742411728148258,,,0.25990331187190524,,,0.4261734790912367,,,,,0.00019358885527452827,,,8.394569138598008e-05,,,0.08763353809199187,,,,,0.006222360569342286,,,0.00409745509764244,,,0.017806017851240752,,,,,0.0,,,0.0,,,0.0,,,,,9.639763253014863,,,8.78609441538663,,,4.057313186936144,,,,,10.966355622450605,,,6.8743059715323644,,,3.231064501992538,,,0.059153517622502844,1.2312151820539122e-05,0.0024178773299794497,8.170124093261854e-05,5.695622657251582,0.6231619319188743,0.9284510710468598,9.58782858571345e-05,0.042519449560945534,5.847261694549089,0.8367304053897069,1.1292940767991322,8.781121717281585e-10,0.9729447947329202
beccf904,0.4112093056753663,6.8,0.09729439990392126,0.2547095907274803,0.3723280395539039,0.0,0.32669020828156314,0.00478032935176011,0.0003431397880302654,0,,,0.09729439990392126,,,0.2547095907274803,,,0.3723280395539039,,,,,0.32669020828156314,,,0.00478032935176011,,,0.0003431397880302654,,,,,0.02377888897012506,,,0.03092031484885013,,,0.008284199273680775,,,,,0.0,,,0.0,,,0.0,,,,,34.9879598363135,,,0.7092034380295957,,,5.372579843763683,,,,,7.268701482776797,,,6.02954082080654,,,2.7250051618684976,,,0.048356717370494184,3.161701495541039e-05,0.0038456961315426036,9.095274859269415e-05,4.638758938233908,0.7323315935576554,0.8603344312397512,0.00010027810486677369,0.06521452113200893,6.018989040699504,0.8937270474139571,1.0972263168809946,4.2832050625732565e-10,0.9625299063319566
d6950d30,0.02940421167490941,6.8,0.13500480002638487,0.25079792965943276,0.38349993740287436,0.0,0.0013062512617935073,0.00023631622919418474,0.0016867687089248873,0,,,0.13500480002638487,,,0.25079792965943276,,,0.38349993740287436,,,,,0.0013062512617935073,,,0.00023631622919418474,,,0.0016867687089248873,,,,,0.01610955420071165,,,0.006874826967919771,,,0.018367191995103047,,,,,0.0,,,0.0,,,0.0,,,,,19.301466006581613,,,7.268395225260009,,,6.042128346802372,,,,,8.784893527001248,,,6.97615456034456,,,3.975809920082845,,,0.0886673951214246,2.1586458994981938e-05,0.003213078486105597,4.666731321463521e-05,5.541174031605108,0.5463330540151138,0.6641863305021632,6.702785634575638e-05,0.08859158484492471,6.015316889900998,0.8797596681253097,1.0914945161836984,8.288842484803935e-10,0.8475860195058882
1f93914a,0.7067459378624266,7.0,0.14806618268485408,0.27467696185229606,0.40591633602095295,0.0,0.655429249339815,0.00036023038534953056,0.028971572080305937,0,,,0.14806618268485408,,,0.27467696185229606,,,0.40591633602095295,,,,,0.655429249339815,,,0.00036023038534953056,,,0.028971572080305937,,,,,0.0182005052907705,,,0.008487996057368672,,,0.005782959718834616,,,,,0.0,,,0.0,,,0.0,,,,,132.83121428374432,,,7.6809290180359735,,,11.665765626249796,,,,,10.622914531924224,,,8.808542868359709,,,3.378532652087872,,,0.0361214606249887,1.3029772094714655e-05,0.00151327889177878,6.359326056030284e-05,4.695886715878245,0.6389096872002522,0.716904300035127,0.00039311601266045054,0.11706173658966072,5.786358340153916,0.9500315783802863,1.1082854283576782,8.3563369679131e-10,0.8977051947174169
dab1a59c,0.08312381659285235,7.0,0.1536688899791866,0.23234295184665507,0.35391380842329023,0.0,0.05865871290213243,0.00395759134803045,0.006045970517271616,0,,,0.1536688899791866,,,0.23234295184665507,,,0.35391380842329023,,,,,0.05865871290213243,,,0.00395759134803045,,,0.006045970517271616,,,,,0.005001056812517003,,,0.015793850838124734,,,0.013867725544311689,,,,,0.029304277244918787,,,0.0,,,0.0,,,,,24.093837384702763,,,5.656835768768953,,,36.74241014497999,,,,,24.75435063992017,,,11.217660263466113,,,4.669530254584729,,,0.08321461354617499,1.5088162440607003e-05,0.0016447441789613057,5.038975690722828e-05,5.770169572170933,0.4804080643656545,0.6382479852112648,0.00018273763452537903,0.2193206354457019,6.434173052109259,0.948154745690719,1.0973994184670848,1.2037779498934607e-09,0.8119727456177755
a4318549,0.08381654579185853,7.0,0.14517003565328793,0.27219775111577316,0.38583386064617814,0.0,0.000375670825922354,0.0004658849536370009,0.06880131469539896,0,,,0.14517003565328793,,,0.27219775111577316,,,0.38583386064617814,,,,,0.000375670825922354,,,0.0004658849536370009,,,0.06880131469539896,,,,,0.0033376574792873194,,,0.0035372738720334004,,,0.03480219394800316,,,,,0.0,,,0.0,,,0.0,,,,,4.642924246257053,,,6.275485666550148,,,16.236215451659497,,,,,11.391548059439856,,,7.925330667935794,,,3.8063960793560465,,,0.0814721854730265,1.7066223441946517e-05,0.0024550818353885626,4.204678840848749e-05,3.8323630790382177,0.6335872500969472,0.76694779816172,0.0003235440162672808,0.12704841639251668,6.252254529656786,0.9315584526122304,1.0605568163433212,9.286645864323923e-10,0.9145300070736584
99f3ceca,0.018137651801523928,7.0,0.1390247068087145,0.2764327351978771,0.358912216547442,0.0,0.002424029287111996,0.004024618436671301,0.0027991028688187556,0,,,0.1390247068087145,,,0.2764327351978771,,,0.358912216547442,,,,,0.002424029287111996,,,0.004024618436671301,,,0.0027991028688187556,,,,,0.018348569505099718,,,0.019079524367655882,,,0.018223206862264783,,,,,0.0,,,0.0,,,0.0,,,,,5.009599670656614,,,15.044999817422983,,,4.179506678768784,,,,,12.598916122003908,,,9.260514557352003,,,3.2248488826335553,,,0.026784206320085508,1.3765681644917404e-05,0.002383335986839671,3.623221116704945e-05,4.251461939094317,0.52635732723106,0.7932234544736395,0.00013097569742496297,0.021088974733551924,6.024764754653526,0.9940362149847346,1.0730473957997977,8.769292659979691e-10,0.9019824819655189
6aaf5908,0.07223664554937645,7.0,0.1286973590436545,0.26328510390517573,0.3992009322746393,0.0,0.011579605922257903,0.0008614852919623156,0.01776850424345335,0,,,0.1286973590436545,,,0.26328510390517573,,,0.3992009322746393,,,,,0.011579605922257903,,,0.0008614852919623156,,,0.01776850424345335,,,,,0.019831399234575175,,,0.013126197407949612,,,0.017347179159169362,,,,,0.0,,,0.0,,,0.0,,,,,2.860011576887551,,,4.80526163163733,,,7.828729403861443,,,,,8.422936998184605,,,6.238819446067319,,,2.907546378069888,,,0.04845445325303869,2.4879232572300648e-05,0.00256588688969307,5.3858639016330436e-05,8.295440321430421,0.5774242573006606,0.8668258044363932,0.00012967952463529148,0.12659678892566864,6.078588875930485,0.8786983658755536,1.0763221472101712,5.295180560820808e-10,0.9436371328208781
3ba8baac,1.2864375850205674,7.0,0.14625767354441255,0.2597331811476472,0.3904845288154721,0.0,1.2451043945206228,0.00018546056992883053,0.02222451152803397,0,,,0.14625767354441255,,,0.2597331811476472,,,0.3904845288154721,,,,,1.2451043945206228,,,0.00018546056992883053,,,0.02222451152803397,,,,,0.022960005798886837,,,0.006090329546565285,,,0.008626825820483734,,,,,0.006526138607585145,,,0.0,,,0.0,,,,,160.0556535999394,,,9.413767208684295,,,10.845886755952957,,,,,13.419413524838696,,,8.46814791719791,,,3.460736528458581,,,0.05164507757924389,1.2197624960242864e-05,0.0006862433761734196,5.265610404810708e-05,6.405420626024279,0.6103543492670003,0.6489697966268066,0.00018430325400988878,0.206093744473234,5.984817789105309,0.9579189645386093,1.0449552089080252,7.751383344736071e-10,0.8631577110000521
c39662b3,1.7919840134229335,7.0,0.13609136975729763,0.2619515471087736,0.40586978265543944,0.0,1.7272161472549548,8.206078910542825e-05,0.027003714790317608,0,,,0.13609136975729763,,,0.2619515471087736,,,0.40586978265543944,,,,,1.7272161472549548,,,8.206078910542825e-05,,,0.027003714790317608,,,,,0.011446833186844542,,,0.004051192148131912,,,0.017507729156797568,,,,,0.06830662957167641,,,0.0,,,0.0,,,,,175.8331038789973,,,12.149154996016826,,,17.879530008161733,,,,,13.413006246377464,,,7.599263547498994,,,3.5690451286668554,,,0.09892930840599773,2.9308316207158813e-05,0.0021252483596917553,2.8105743379003993e-05,2.0887568412735704,0.6862906133221355,0.76497506301842,0.0002642754206362793,0.12726039170980877,5.970847499427126,0.9117215571403592,1.1180659668378097,8.413021694832038e-10,0.926193973659203
3e424c53,0.1296832319744407,7.0,0.14365468194865233,0.2551449467071036,0.41113176790217026,0.0,0.050764115458883076,0.0027258066469707416,0.03961141609932963,0,,,0.14365468194865233,,,0.2551449467071036,,,0.41113176790217026,,,,,0.050764115458883076,,,0.0027258066469707416,,,0.03961141609932963,,,,,0.010945040450738013,,,0.012887077392051405,,,0.023221069375227298,,,,,0.05046557811099377,,,0.0,,,0.0,,,,,32.311549641168625,,,18.85891247341282,,,6.696525642137318,,,,,16.21638550262592,,,7.801674430558207,,,3.4967441947744424,,,0.07165265046645121,3.342632197467948e-05,0.0022065194478257588,3.777614943062967e-05,9.773382459714513,0.609820955355471,0.9748781655911928,0.00013538103825424616,0.15709648916647675,6.068876694464111,0.902451675987932,1.0752605843020397,9.530370894052124e-10,0.9901004988340945
fa03f719,0.07114074653526678,7.1,0.1418819002725824,0.2530420701162897,0.3500101953053577,0.0,0.06479953270928412,0.000648912577273763,0.00029085788888640984,0,,,0.1418819002725824,,,0.2530420701162897,,,0.3500101953053577,,,,,0.06479953270928412,,,0.000648912577273763,,,0.00029085788888640984,,,,,0.00553799311624869,,,0.011392212930539554,,,0.007627029420244947,,,,,0.06464622883217908,,,0.0,,,0.0,,,,,11.462216025324269,,,9.99107506197988,,,5.780646832553597,,,,,22.48338935731039,,,6.995063945209332,,,4.018238433136197,,,0.0620441516012313,7.407935282453909e-06,0.0021272845066230657,4.1157184562917086e-05,6.511052298974127,0.5066731541265174,0.7177700492143899,0.0001347192841222476,0.0850291222935432,6.024553477691218,0.902647331138161,1.0856554634581335,1.1030071438812075e-09,0.8606966115629853
f21d3a32,0.2495365506686059,7.1,0.11509783338967644,0.26543537764532454,0.3931314438333012,0.0,0.10498845599484262,0.004386835957479732,0.07987922558109811,0,,,0.11509783338967644,,,0.26543537764532454,,,0.3931314438333012,,,,,0.10498845599484262,,,0.004386835957479732,,,0.07987922558109811,,,,,0.00861820777097148,,,0.029620384729033254,,,0.05178370130505589,,,,,0.0,,,0.0,,,0.0,,,,,70.16129383984574,,,12.751715071489146,,,9.02228536468371,,,,,9.00568177083501,,,6.5856761044331025,,,3.5372840086830446,,,0.025743060945852766,3.0023620324374824e-05,0.0027420437622637395,4.9257369430626504e-05,9.717769108230927,0.5591254777351216,0.7793280729143872,0.00022850766399907022,0.014726018447345514,6.208869690709198,0.8838921232579713,1.1237342005450557,5.541571630695205e-10,0.9026334367615689
985fde3d,0.03608554898253524,7.1,0.1645946094978157,0.2842389215276598,0.3406920501794072,0.0,0.005444312465441825,0.007886123189254083,0.021147167061007922,0,,,0.1645946094978157,,,0.2842389215276598,,,0.3406920501794072,,,,,0.005444312465441825,,,0.007886123189254083,,,0.021147167061007922,,,,,0.032997916496172376,,,0.020549362886587257,,,0.008280259443356013,,,,,0.0,,,0.0,,,0.0,,,,,1.0045616626770966,,,7.604526539830436,,,15.925725899142966,,,,,9.257783817368217,,,6.280542043250811,,,3.0806321313285734,,,0.02960919958491467,2.6871043429463273e-05,0.00177106077215283,3.963310182755953e-05,5.439320374418064,0.3046911701777738,0.8906751456726195,0.00024324364973005725,0.44185418927970166,5.96474829993521,0.9079372039953448,1.0798928114389785,6.252408925550929e-10,0.9238963959525764
50671a83,0.06344584569828188,7.1,0.14246246535414617,0.2749521447863596,0.40781586014085164,0.0,0.00034323588765283394,0.0002808045531244405,0.034209594548356176,0,,,0.14246246535414617,,,0.2749521447863596,,,0.40781586014085164,,,,,0.00034323588765283394,,,0.0002808045531244405,,,0.034209594548356176,,,,,0.008285359227611486,,,0.007494058354782681,,,0.03311751286933895,,,,,0.0,,,0.0,,,0.0,,,,,8.75299505522595,,,20.061612444247306,,,6.859653509389733,,,,,8.758365880382057,,,6.479802146369069,,,3.238304381551923,,,0.023676339621734762,2.8901494379641696e-05,0.0014093707359601332,4.446009276092778e-05,5.971153312697769,0.6326843325054028,0.8569739382777612,0.00018357432246575903,0.021413305468671054,5.846199700767835,0.9488413776625733,1.0546091294984954,7.344632433415813e-10,0.9473785892755446
6cfb80e1,0.08784363976269328,7.1,0.14743682864219296,0.2631183887366536,0.35160424232009413,0.0,0.0020474551769516292,0.0021788621219813037,0.08096084484144721,0,,,0.14743682864219296,,,0.2631183887366536,,,0.35160424232009413,,,,,0.0020474551769516292,,,0.0021788621219813037,,,0.08096084484144721,,,,,0.020235884843275962,,,0.020875162859155392,,,0.0353553094775849,,,,,0.0,,,0.0,,,0.0,,,,,29.577280509214653,,,1.6563055951090353,,,10.283566322323157,,,,,10.478357871620966,,,6.757386584906559,,,3.59209245646463,,,0.036259146788177224,1.9560576443186996e-05,0.0031722915525488273,5.01143674430611e-05,4.024339936816436,0.7408658224075009,0.7940836234837858,0.00016338106835204458,0.013678199643618725,5.868504208980537,0.9144832866560123,1.1266922726108215,7.30625021602042e-10,0.9465606207562951
607bf7b4,0.10637748045295277,7.1,0.15742301781126014,0.2671316980766312,0.3930825763005099,0.0,0.0009509626023380763,0.0030042288344436156,0.08993884376073909,0,,,0.15742301781126014,,,0.2671316980766312,,,0.3930825763005099,,,,,0.0009509626023380763,,,0.0030042288344436156,,,0.08993884376073909,,,,,0.01379103043530886,,,0.024512155492504593,,,0.02498837195266355,,,,,0.0,,,0.0,,,0.0,,,,,6.879538951550046,,,7.029607916132668,,,5.837287283480425,,,,,8.635383025785927,,,6.093460524225779,,,3.29670057062452,,,0.04316650890131422,1.5206663899478691e-05,0.0034334953184892067,5.569094614371133e-05,5.713884344578364,0.5892639734398343,0.9343610223950681,8.35345757565362e-05,0.026415228418865636,6.028209311367929,0.882297279988332,1.1215947381654598,7.135747298059883e-10,0.972946271048839
89776661,0.030788421993668297,7.1,0.1442953074203727,0.25042676605263453,0.389188032181595,0.0,0.00041302153679974166,0.0024836009352771655,0.004896601958098662,0,,,0.1442953074203727,,,0.25042676605263453,,,0.389188032181595,,,,,0.00041302153679974166,,,0.0024836009352771655,,,0.004896601958098662,,,,,0.007719848543892785,,,0.022287220263088735,,,0.0249417423629496,,,,,0.0,,,0.0,,,0.0,,,,,12.6653567219436,,,4.525687573281535,,,12.217984493854464,,,,,9.403937376338671,,,6.468470590582125,,,3.997352065728862,,,0.0099384589056346,1.611094454035599e-05,0.0017305855760732839,4.9102782769383287e-05,7.454336555702884,0.4290954679013845,0.8359502265594251,0.00022541186250002167,0.010713810821593159,5.971702009443111,0.9018655853458891,0.9956759872390628,8.706725651000107e-10,0.9062596458303687
84572aeb,0.02557522952790836,7.1,0.13854999167383553,0.2844880001883432,0.3904574372043663,0.0,0.0002487350940579932,0.00018885571500013674,0.002761027959079322,0,,,0.13854999167383553,,,0.2844880001883432,,,0.3904574372043663,,,,,0.0002487350940579932,,,0.00018885571500013674,,,0.002761027959079322,,,,,0.007053156655824302,,,0.006145823215813106,,,0.010872034364314873,,,,,0.0,,,0.0,,,0.0,,,,,35.9567540293062,,,8.706705198494003,,,23.996282556886754,,,,,12.436926191917278,,,8.710554406393557,,,3.2842426866085717,,,0.02667560834864666,2.5350084756618004e-05,0.0015730920206296001,5.755045357335067e-05,6.554490925378596,0.5040822232576189,0.8230242966252811,0.00014762989191565294,0.12013899445282321,5.970028435927628,0.9211437166410031,1.050062445911442,8.214320873735146e-10,0.9121523002153278
65e551a0,0.027866247937021332,7.3,0.15230374972000735,0.276012797184273,0.3961524418849918,0.0,0.0003012860855427,0.003791018559561864,0.010420129364281393,0,,,0.15230374972000735,,,0.276012797184273,,,0.3961524418849918,,,,,0.0003012860855427,,,0.003791018559561864,,,0.010420129364281393,,,,,0.004897520638947013,,,0.02753549912226711,,,0.02168420188127911,,,,,0.0,,,0.0,,,0.0,,,,,33.673818503111825,,,3.640219515315894,,,28.178648917644917,,,,,10.713529034612545,,,7.15277142365847,,,3.5255431376396613,,,0.02344809789641642,3.0150288265104374e-05,0.001624700471738375,0.0001066412167960421,5.177607445792227,0.4186815272661125,0.7845688025822962,0.00028191766290371393,0.3778432119618659,5.771392524794166,0.9133686882977599,1.0178753223560542,8.928239657251739e-10,0.8746874084576497
aa457fd7,0.08268182143541641,7.3,0.1480248301592116,0.2793998073612872,0.3839244142590756,0.0,0.00277705204799647,0.003502720902537445,0.06599040744383342,0,,,0.1480248301592116,,,0.2793998073612872,,,0.3839244142590756,,,,,0.00277705204799647,,,0.003502720902537445,,,0.06599040744383342,,,,,0.023567146827719602,,,0.026467795157653178,,,0.05057748852170628,,,,,0.0,,,0.0,,,0.0,,,,,15.114302746309763,,,9.022574666892105,,,11.533095424256802,,,,,9.865775238814743,,,6.608979495131481,,,3.296926323739878,,,0.017018534166050304,2.1664455799840025e-05,0.0023541518983808923,4.339275472277761e-05,6.41573184228306,0.35688089470236395,0.9110139567631542,0.00014230782446121007,0.20397111026738593,6.44095528162533,0.9295265126342499,1.0654844153583216,7.269908769272654e-10,0.9426802740938667
3346d96a,1.8263948186656331,7.3,0.13746139181136272,0.2599494067700036,0.36990218189344165,0.0,1.8057986347966108,0.0009529671139977631,0.005169571596306652,0,,,0.13746139181136272,,,0.2599494067700036,,,0.36990218189344165,,,,,1.8057986347966108,,,0.0009529671139977631,,,0.005169571596306652,,,,,0.007283143749114254,,,0.007229203615997712,,,0.023922738569032927,,,,,0.07022147790476717,,,0.0,,,0.0,,,,,175.36161377512894,,,17.117202946545106,,,6.3952502535371885,,,,,17.886491808140825,,,7.523747842714029,,,3.9042022979586917,,,0.016134571338125393,3.145539266658327e-05,0.0008717214364293373,9.221070450925635e-05,4.343775877392101,0.4506173006490285,0.763202475535061,0.00010873428231951686,0.1907509649697054,6.1234750810788725,0.908978221391321,1.0368368589790131,9.636805542391444e-10,0.8698312165622706
e192f16f,0.06190484428536644,7.3,0.150166094396848,0.2852637578172198,0.40922576510687686,0.0,0.001699456664328632,0.005899281678625437,0.03451184107305704,0,,,0.150166094396848,,,0.2852637578172198,,,0.40922576510687686,,,,,0.001699456664328632,,,0.005899281678625437,,,0.03451184107305704,,,,,0.014027162405548032,,,0.034349036896616,,,0.022042155295168574,,,,,0.0,,,0.0,,,0.0,,,,,4.607779765439685,,,6.0390365712054646,,,6.34791534820318,,,,,8.855676935531076,,,7.910743265218111,,,3.3112727913297046,,,0.023901179844154588,2.1306784909715422e-05,0.0016974052127544266,6.945449197174172e-05,5.962063206362557,0.2934574993575644,0.9343163908654715,0.00035214471074159365,0.3165534457199567,6.264436487803034,0.8505129616284235,1.0702838334966225,5.800532917172782e-10,0.9534983069117834
52cd62ad,0.07342184802765815,7.3,0.12627399237089484,0.23922806617493014,0.3571921147972678,0.0,0.019615614604153557,0.009348593583385316,0.02358942911616571,0,,,0.12627399237089484,,,0.23922806617493014,,,0.3571921147972678,,,,,0.019615614604153557,,,0.009348593583385316,,,0.02358942911616571,,,,,0.006573168368871485,,,0.03730487764581119,,,0.06437201899178943,,,,,0.0,,,0.0,,,0.0,,,,,17.9273989829816,,,12.493142895914612,,,7.963442553246297,,,,,7.488863964261801,,,6.25919783478195,,,2.7612633711732486,,,0.036885710355675484,2.0434727439638235e-05,0.001288391759138482,6.292474639564667e-05,9.84531364778098,0.6338440945326365,0.6379869141142663,0.0001021875184416979,0.14763936389776328,6.000498318539465,0.8259514107838051,1.0465144882913708,4.1710796683661223e-10,0.8673829720550633
3ddc9177,0.03529241923118715,7.3,0.13424962623093617,0.2617850177571749,0.37258316637704403,0.0,0.0002663801157685269,0.004614881255613987,0.012020490043336761,0,,,0.13424962623093617,,,0.2617850177571749,,,0.37258316637704403,,,,,0.0002663801157685269,,,0.004614881255613987,,,0.012020490043336761,,,,,0.004477129394586324,,,0.030380524207505002,,,0.04903160214257079,,,,,0.0,,,0.0,,,0.0,,,,,8.910920267250624,,,0.7043399330652916,,,9.122982532153666,,,,,8.047972976074764,,,6.645619530145662,,,3.1287153876912632,,,0.04549251229592027,3.8001153271936813e-05,0.0030820285961162827,4.2635742832334165e-05,7.788322400996857,0.5397248224990296,0.8699297773918616,8.905137073956471e-05,0.12499317013383465,5.882884984416281,0.8454882645881963,0.9979992036046547,6.205313069518872e-10,0.9400449122237092
2c57352b,0.031030172081975418,7.3,0.13730165177370643,0.23717949090914525,0.351860609572464,0.0,0.007801020168691721,0.007372847755705818,0.004070192955203746,0,,,0.13730165177370643,,,0.23717949090914525,,,0.351860609572464,,,,,0.007801020168691721,,,0.007372847755705818,,,0.004070192955203746,,,,,0.03480930959085059,,,0.015476809306006827,,,0.028531361534997753,,,,,0.0,,,0.0,,,0.0,,,,,6.354288099119288,,,8.21985711320747,,,8.231938376763287,,,,,8.13549882058619,,,6.908415622700286,,,2.864903750196253,,,0.026015604111382182,2.834275389026299e-05,0.0008364276495082079,3.751330920911164e-05,5.056541313312483,0.2755514382597777,0.7066777533946244,0.00021065547745506962,0.0413031276349207,6.0070118198346805,0.8731988564655132,1.0492005636662964,5.694569842850582e-10,0.7874324525449854
87c585e5,2.924786162480873,7.3,0.13809860041796465,0.24512551225784335,0.4060140791885271,0.0,1.3011624503591672,1.5513641809748369,0.02981701170435319,0,,,0.13809860041796465,,,0.24512551225784335,,,0.4060140791885271,,,,,1.3011624503591672,,,1.5513641809748369,,,0.02981701170435319,,,,,0.008000145004245366,,,0.00547452716125965,,,0.022498811877937484,,,,,0.10816739411857063,,,0.031133829884893507,,,0.0,,,,,160.53839332464622,,,170.96239020812027,,,15.392486415586852,,,,,20.38645445353942,,,12.354755584912326,,,4.048115788693461,,,0.018463228874697882,1.3479134230257129e-05,0.0013901965268146809,5.351664124789506e-05,9.98529865759103,0.3339166659422534,0.9475285285573813,9.514761424945869e-05,0.32183334189131285,6.09341261316525,0.8997400157844637,1.094236166613525,9.772264625202933e-10,0.964954874505729
9231b953,0.02163868214126577,7.4,0.14614358233737734,0.2693724844084932,0.38918378380352,0.0,0.0011144986668982072,0.001410729080100244,0.0035214069974902227,0,,,0.14614358233737734,,,0.2693724844084932,,,0.38918378380352,,,,,0.0011144986668982072,,,0.001410729080100244,,,0.0035214069974902227,,,,,0.014929826970854064,,,0.01679719667147018,,,0.026538300614358194,,,,,0.0,,,0.0,,,0.0,,,,,1.8208208918953404,,,8.375706736884638,,,4.632157325866551,,,,,7.30986098087336,,,7.424541942023268,,,3.251016087675484,,,0.014498988691782495,5.983757819455473e-05,0.000930277764074495,6.883838295626359e-05,6.776855179233309,0.4948845700022861,0.8207368487831579,0.00022598548730774033,0.24034440084832276,5.708285683952245,0.8817600045219784,1.0533101465353827,6.401469172831264e-10,0.9093693426054812
ade70e67,1.886260479993937,7.4,0.15171625786344656,0.26971107618824336,0.4235105980956795,0.0,1.7558587188223773,0.0014439024851729497,0.09658977779272898,0,,,0.15171625786344656,,,0.26971107618824336,,,0.4235105980956795,,,,,1.7558587188223773,,,0.0014439024851729497,,,0.09658977779272898,,,,,0.016434074643121438,,,0.01699354280409444,,,0.05571627525327768,,,,,0.07106642584913428,,,0.0,,,0.0,,,,,174.11265045101584,,,7.792514524411668,,,12.723852793928497,,,,,16.951408684971586,,,9.079383906824066,,,3.4604544775939825,,,0.035839112239262706,1.6165088965587943e-05,0.0011359105004047486,6.695489168150571e-05,6.132401082063418,0.5433072445155012,0.7960981775271311,0.0003034732969915192,0.2897328558444475,6.059153347848439,0.8415700880595941,1.1065604475953257,8.956029084431715e-10,0.9067999050288017
1cf56785,0.03458284160206132,7.4,0.1538067991188325,0.27231079906526656,0.3989588661600116,0.0,0.0006587233972228769,0.004632328676344371,0.014422952089671075,0,,,0.1538067991188325,,,0.27231079906526656,,,0.3989588661600116,,,,,0.0006587233972228769,,,0.004632328676344371,,,0.014422952089671075,,,,,0.011478008513874495,,,0.011416176632206206,,,0.05370838312530191,,,,,0.0,,,0.0,,,0.0,,,,,13.747321685224417,,,9.397040010775935,,,9.290819792680182,,,,,9.927495779050087,,,6.064198948983127,,,3.375586677443692,,,0.022967041156193073,2.7698635732622725e-05,0.0010621526232591765,0.00011433528506179684,6.828375469023567,0.41972332505878773,0.654262270539896,0.00029505586071621457,0.2568191965389396,5.75658560730128,0.8746332390418025,1.073594705006188,7.617314778637415e-10,0.7993110337201125
de1e460a,1.797916461849424,7.4,0.14047889403875682,0.2507821389315376,0.3985516455487724,0.0,1.748956833110554,0.0004585583144788392,0.016697948149033876,0,,,0.14047889403875682,,,0.2507821389315376,,,0.3985516455487724,,,,,1.748956833110554,,,0.0004585583144788392,,,0.016697948149033876,,,,,0.01314193428739091,,,0.009576620640694077,,,0.016862880776087854,,,,,0.081498908655505,,,0.0,,,0.0,,,,,173.63454907470026,,,8.365125543688977,,,4.454666778145058,,,,,15.833494601423203,,,6.57894718935416,,,3.3700970205584984,,,0.020520753013773825,2.5373378774061564e-05,0.0015925305535694587,3.1560244038013236e-05,7.500443163876891,0.44242182022793336,0.7058776688549672,0.0002603383636839893,0.12656462993654455,5.751774080999017,0.848689010018075,0.9720604848479962,9.375274171302903e-10,0.8359332182029502
d0247258,0.5759890809002577,7.4,0.15461500738840508,0.2918148361403813,0.3507811172474054,0.0,0.0005244125185780604,0.004441167154831251,0.5695768005296963,0,,,0.15461500738840508,,,0.2918148361403813,,,0.3507811172474054,,,,,0.0005244125185780604,,,0.004441167154831251,,,0.5695768005296963,,,,,0.010241215929547237,,,0.027521682095441025,,,0.030121357663794507,,,,,0.0,,,0.0,,,0.0,,,,,10.079787425192618,,,16.999100235789598,,,103.2440517617413,,,,,8.703036866649667,,,8.143624929104396,,,3.131527621230054,,,0.020788740902724905,2.4156221081415297e-05,0.00082220758973658,5.249848860558914e-05,4.2977765351488815,0.29904721072712315,0.8637559297590809,0.00040349715941227613,0.3586863416033679,5.93085547235696,0.9048687008408676,0.9372721241115857,6.861592773794088e-10,0.9044129633497621
c843591c,1.2770294289587607,7.4,0.15440304116028142,0.2632873790228219,0.41674936018128966,0.0,1.1847208357404364,0.00022841915850267073,0.06321117623162968,0,,,0.15440304116028142,,,0.2632873790228219,,,0.41674936018128966,,,,,1.1847208357404364,,,0.00022841915850267073,,,0.06321117623162968,,,,,0.013428016411136588,,,0.006758981557937123,,,0.011665817611394357,,,,,0.06979695258487223,,,0.0,,,0.0,,,,,155.0307405586391,,,6.336763992658871,,,11.959522466333803,,,,,17.14260657208579,,,6.816904957383599,,,2.7175890522795516,,,0.02965128721347344,2.284992397236746e-05,0.0010500589255404236,8.445574751545968e-05,5.120893150371504,0.45529782256146656,0.6792420968301922,0.0003060085126726995,0.3521564858755992,5.960121769386201,0.8644171408511722,1.0156857046727608,9.958708040744192e-10,0.8252145475031044
b7a18066,1.6035803623507436,7.4,0.15272704050737632,0.2796599185212353,0.38870443452933423,0.0,1.5923119288001746,0.000532422456921036,0.00152086075760392,0,,,0.15272704050737632,,,0.2796599185212353,,,0.38870443452933423,,,,,1.5923119288001746,,,0.000532422456921036,,,0.00152086075760392,,,,,0.0004082971327595008,,,0.010319132298028125,,,0.005813588638377516,,,,,0.00027100072516691396,,,0.0,,,0.0,,,,,171.01427464749108,,,11.62944301400695,,,7.0920567072594825,,,,,15.457631667422811,,,7.612163384434437,,,3.5819227315330684,,,0.04918324059195455,2.6334193344710056e-05,0.0014803094775930452,7.58060386397417e-05,5.551716593386691,0.5136938949520838,0.8939494858091098,0.0003271762533055465,0.13137930524968858,6.080893516962704,0.9237866424354243,1.0645291803489971,8.257388324620511e-10,0.9483375925569185
509c0414,1.5953782594605808,7.4,0.1308226187622473,0.2561011172761489,0.3939625497536146,0.0,1.5252478448095372,0.0033195763102675125,0.030247970631595247,0,,,0.1308226187622473,,,0.2561011172761489,,,0.3939625497536146,,,,,1.5252478448095372,,,0.0033195763102675125,,,0.030247970631595247,,,,,0.004301013498576514,,,0.013244003985858475,,,0.02729653034920208,,,,,0.08054184118950983,,,0.0,,,0.0,,,,,168.80635054769155,,,11.999552356525918,,,7.292671168980356,,,,,16.03938166362398,,,9.138213212251292,,,3.552626288751947,,,0.011925890131440282,4.9165396937815266e-05,0.0017051710075451248,0.00014492666244666745,4.981902375080373,0.6492698222183613,0.984576004719369,0.00024900631966391006,0.1474437881353986,5.999136135617628,0.9198759930968686,0.9430803202748237,1.0433248897057335e-09,0.9944918817926491
9dde4787,0.0693571608799265,7.6,0.17526741774002003,0.28618499976854805,0.37281537487549954,0.0,0.05911806205340159,0.0025907448151025027,0.004636249701853673,0,,,0.17526741774002003,,,0.28618499976854805,,,0.37281537487549954,,,,,0.05911806205340159,,,0.0025907448151025027,,,0.004636249701853673,,,,,0.0194606882602938,,,0.022762885647924794,,,0.03045077897806121,,,,,0.0,,,0.0,,,0.0,,,,,12.182075266987097,,,0.8856027366402148,,,2.772342950993586,,,,,9.643249392414576,,,6.8083897351819385,,,2.96231185327716,,,0.011599647738904194,2.7827631475815062e-05,0.0006844679472533336,4.121804103090303e-05,5.635468822130091,0.40569464406606925,0.621242643036375,0.0005054047828289073,0.39513710899533644,5.587149067076848,0.894976521886023,1.02376865474285,7.636794153170696e-10,0.7748403498928343
eee024ed,0.042229468554035754,7.6,0.14756942705373735,0.2642739976190676,0.4023418788092315,0.0,0.00073182595219754,0.00026329331477802976,0.017797770968309735,0,,,0.14756942705373735,,,0.2642739976190676,,,0.4023418788092315,,,,,0.00073182595219754,,,0.00026329331477802976,,,0.017797770968309735,,,,,0.012098148223571572,,,0.00725662889747064,,,0.026604154750244115,,,,,0.0,,,0.0,,,0.0,,,,,11.78047586235305,,,9.02863478571219,,,6.295758815202229,,,,,8.170717992177543,,,5.813612455060022,,,2.871970399057221,,,0.02566889594918915,6.167348317234062e-05,0.0007592413331819395,0.0001007731572687491,5.019030889721597,0.5825597763141164,0.8549834794666538,0.00015655232651551738,0.2798719804535508,5.720620881907097,0.8938047255581231,1.057830675021619,6.318441114871307e-10,0.9393787728824647
2efe6787,3.70648433205588,7.6,0.1555521795268436,0.2589540989282298,0.44143249774531146,0.0,1.7675763305283396,1.6546553006818796,0.2338090157198782,0,,,0.1555521795268436,,,0.2589540989282298,,,0.44143249774531146,,,,,1.7675763305283396,,,1.6546553006818796,,,0.2338090157198782,,,,,0.0052724186683705074,,,0.011640485658857953,,,0.013843150314002907,,,,,0.09151862632447447,,,0.10834753946028645,,,0.0,,,,,174.57037271584312,,,171.80981680773888,,,8.337637878377391,,,,,20.31029453678382,,,13.85338293561423,,,3.687819937684214,,,0.0416305264224363,2.0628416275542224e-05,0.000995230253660186,4.332975488571498e-05,9.99940107063747,0.35714751948776224,0.7271031302127905,0.0002700658049266675,0.18377388449936116,5.830737849625406,0.8787559634068094,1.0634914190511444,9.915898780526687e-10,0.824494860020246
be128d6a,0.05524574429568684,7.6,0.1347716376131809,0.255639242005786,0.39780854871387095,0.0,0.002725990852736966,8.309327134885055e-05,0.017486926295267404,0,,,0.1347716376131809,,,0.255639242005786,,,0.39780854871387095,,,,,0.002725990852736966,,,8.309327134885055e-05,,,0.017486926295267404,,,,,0.0073981713472365054,,,0.0040765983699366445,,,0.016653312223309413,,,,,0.0,,,0.0,,,0.0,,,,,1.269406842341344,,,5.41300036147305,,,15.653964894700241,,,,,7.813076022452687,,,6.297017328161461,,,3.792190025877659,,,0.018111021867038956,6.066551591341352e-05,0.0017711449585365467,4.407802430002151e-05,8.493320538382541,0.5523701552023248,0.8135568642369146,0.00019723961768554338,0.1443371239366419,5.676098115169905,0.8649571172407748,0.934765864975347,7.969985580471583e-10,0.9164611323883545
096b0a9b,0.05111522942609361,7.6,0.1614178188149357,0.29055712861662303,0.396888987860788,0.0,0.005420202384767669,0.01905104654611558,0.020561337414299753,0,,,0.1614178188149357,,,0.29055712861662303,,,0.396888987860788,,,,,0.005420202384767669,,,0.01905104654611558,,,0.020561337414299753,,,,,0.017319859585801806,,,0.029023263950277756,,,0.04808986280373207,,,,,0.0,,,0.0,,,0.0,,,,,26.0382577155836,,,13.424304867460013,,,18.289010041685735,,,,,9.979600971892145,,,6.985423319796007,,,3.263341715499942,,,0.017973075077280538,6.23092042942156e-05,0.0006294654960585833,0.0001974809219374789,4.841965546104865,0.46671757083957754,0.809876888112859,0.0004990703123232848,0.2990205653902189,5.569555484943715,0.8499084288670945,1.0489902976684364,7.217263203917116e-10,0.8985296973644754
56a4f8c0,0.22857269847826486,7.6,0.15393647674529798,0.2569493246613327,0.36048962721667027,0.0,0.036252878787273464,0.0010056418821159524,0.18609011655372718,0,,,0.15393647674529798,,,0.2569493246613327,,,0.36048962721667027,,,,,0.036252878787273464,,,0.0010056418821159524,,,0.18609011655372718,,,,,0.004359734299803736,,,0.014181973643438718,,,0.026936512680716954,,,,,0.023744776824423098,,,0.0,,,0.0,,,,,8.468024863998322,,,15.854709391196405,,,16.94487470452733,,,,,23.441700240631096,,,12.564157552624717,,,3.930681938036296,,,0.0656121281922083,3.684962565294716e-05,0.0017282109576220526,6.622936356018306e-05,7.994315815070079,0.3956737175348993,0.8174604471642267,0.0002474070774340272,0.2884517231197491,5.85532149668555,0.8887936583708924,1.0741459707625867,1.0707823184315664e-09,0.8896048045871989
da60ab34,0.0863019243840397,7.6,0.1475979245014674,0.26863734477260015,0.41148188692004833,0.0,0.003699857752642549,0.0006877792011425624,0.054139110875292544,0,,,0.1475979245014674,,,0.26863734477260015,,,0.41148188692004833,,,,,0.003699857752642549,,,0.0006877792011425624,,,0.054139110875292544,,,,,0.027202418100759164,,,0.011728420193210699,,,0.028468870928996838,,,,,0.0,,,0.0,,,0.0,,,,,38.43998424043797,,,5.482143153294018,,,21.037754172628826,,,,,8.936983094814469,,,7.473394014678552,,,3.52590343359196,,,0.032100720015688526,2.270011581493113e-05,0.0007858079063863536,4.757287098654212e-05,6.893056016025979,0.5024128248696805,0.8900246964392038,0.00019671828885591312,0.3086983664172397,5.876061328833004,0.9010665125594118,1.056402882841563,6.999224947248588e-10,0.9451886968974401
e944987f,0.03397940033398934,7.6,0.14570532570071093,0.2552060495083393,0.39537776105558764,0.0,0.0009863991658048573,0.0005622823330837646,0.00850254514988237,0,,,0.14570532570071093,,,0.2552060495083393,,,0.39537776105558764,,,,,0.0009863991658048573,,,0.0005622823330837646,,,0.00850254514988237,,,,,0.014045633953687226,,,0.010604549335863024,,,0.01901143015094708,,,,,0.0,,,0.0,,,0.0,,,,,5.916024428873135,,,0.8817622874416022,,,3.1411822155438895,,,,,8.614425504183044,,,6.93941353489087,,,3.2440497981270697,,,0.009329564894169244,8.668016308649269e-05,0.0003580474116731473,0.0001320483850032187,4.8484245853267725,0.42033633925953773,0.8266931573183351,0.00018092274328488294,0.25103841429136464,5.679008965348106,0.8360097666454693,1.0068869817021493,7.156799622101119e-10,0.8994576518240429
6a23ea7c,0.08497537386218765,7.7,0.14961893469370266,0.2714869659599735,0.39240966130646066,0.0,3.761102929048187e-05,6.27602960883894e-05,0.07053865736804621,0,,,0.14961893469370266,,,0.2714869659599735,,,0.39240966130646066,,,,,3.761102929048187e-05,,,6.27602960883894e-05,,,0.07053865736804621,,,,,0.0027426640075110136,,,0.0035428885415262333,,,0.030470162095379984,,,,,0.0,,,0.0,,,0.0,,,,,6.316997251275506,,,8.401681454700094,,,20.728101471031145,,,,,11.689763089526625,,,6.780819813290763,,,3.333116229010088,,,0.028625952894763114,3.101054253588394e-05,0.0005396638111190753,0.00013238411044095235,7.365772283494223,0.4392089277228569,0.7044356114684562,0.00033433868222888905,0.2673170550396682,5.581444040495802,0.8279545723129975,1.071294799424506,8.75748626674922e-10,0.8341796860673105
3a435d7d,0.08336819791963856,7.7,0.1474516064669499,0.2671684463284566,0.41295552979121347,0.0,0.0005336892877204837,0.0005473792052507923,0.052831404685618484,0,,,0.1474516064669499,,,0.2671684463284566,,,0.41295552979121347,,,,,0.0005336892877204837,,,0.0005473792052507923,,,0.052831404685618484,,,,,0.007049771404270163,,,0.0104630703452743,,,0.04333112659706907,,,,,0.0,,,0.0,,,0.0,,,,,5.619803873165349,,,9.12702262078407,,,15.395341123717069,,,,,8.740131160702697,,,6.3129948354777525,,,3.073051398401008,,,0.02950156594519189,6.971979387659925e-05,0.0007705134354404517,0.00010603826431452757,9.151948526051846,0.4445620172221273,0.8264540221352461,0.00019924864856067716,0.12735747861404434,5.612753354677495,0.8548352115297831,0.9739146935388989,8.501988738025483e-10,0.9035233267333742
e2283bfc,0.034967565290359465,7.7,0.14547668553720944,0.28444980807782494,0.400294506409331,0.0,0.0003201853929303128,0.0004365662372811946,0.0145353161598545,0,,,0.14547668553720944,,,0.28444980807782494,,,0.400294506409331,,,,,0.0003201853929303128,,,0.0004365662372811946,,,0.0145353161598545,,,,,0.008002317076076314,,,0.009344155791522256,,,0.017414799483125826,,,,,0.0,,,0.0,,,0.0,,,,,3.9906561771003908,,,12.265775183218505,,,4.260686746160458,,,,,8.179980246281868,,,6.028092959626828,,,3.636043767712298,,,0.01045283556388756,3.346215181055785e-05,0.00048255807906865447,0.00014223829017125656,7.795442183506614,0.5469324743769546,0.8513227046644735,0.00020397489216507583,0.10978968324526642,5.699464100699654,0.8547144796315665,1.0552401056334788,5.854369673558517e-10,0.9325540134155398
0d88ff1c,0.1936408019892252,7.7,0.161769339257103,0.2765690353238794,0.44068307276582186,0.0,0.0001293319158970193,0.0025077795317401193,0.15675033120152196,0,,,0.161769339257103,,,0.2765690353238794,,,0.44068307276582186,,,,,0.0001293319158970193,,,0.0025077795317401193,,,0.15675033120152196,,,,,0.004434394717048067,,,0.012038327866447757,,,0.010553210529655833,,,,,0.0,,,0.0,,,0.0,,,,,11.396867548292585,,,5.558232643520325,,,5.834593903972164,,,,,11.778411719563765,,,7.0898984815886905,,,3.1077242218903525,,,0.013737841117917277,4.3714836522455325e-05,0.00043515497024349534,0.0001155924427884242,6.8709633099248455,0.46259881674449904,0.7669937626659696,0.0004298899722071782,0.43408552006857315,5.824525736402163,0.8797484786986536,1.0565690735819189,8.506672901597281e-10,0.8747054729745134
c91ef104,0.07406677850999391,7.7,0.137245514099611,0.25939640134547726,0.3813733928399235,0.0,0.0004696775651148684,0.0005279645586515898,0.052366605447943984,0,,,0.137245514099611,,,0.25939640134547726,,,0.3813733928399235,,,,,0.0004696775651148684,,,0.0005279645586515898,,,0.052366605447943984,,,,,0.00969203348234898,,,0.010275841168990399,,,0.07228266477882078,,,,,0.0,,,0.0,,,0.0,,,,,21.80972322048224,,,5.549617609827366,,,20.435482096408194,,,,,10.315029805561851,,,7.93191425054014,,,3.292077803940056,,,0.008240710318640624,8.52181064603992e-05,0.00031550533176420535,0.00011570618902125724,6.485334757701746,0.35423876765267537,0.6877465127619048,0.0001400030167023205,0.3235088682686723,5.576841079964805,0.8559483179758958,1.0256170187769678,7.282240200937349e-10,0.7982900286251018
5124a980,0.31671991410391376,7.7,0.15117596782660767,0.2702549601349983,0.4568183138391999,0.0,0.000690231863171835,0.00019104696730208522,0.25419004071214435,0,,,0.15117596782660767,,,0.2702549601349983,,,0.4568183138391999,,,,,0.000690231863171835,,,0.00019104696730208522,,,0.25419004071214435,,,,,0.01174931370907965,,,0.0061813747225368115,,,0.026624090941455878,,,,,0.0,,,0.0,,,0.0,,,,,1.4849150772005653,,,8.987062720794553,,,25.432278923715927,,,,,9.516586560406115,,,7.714471442552796,,,3.1010074475957077,,,0.03575258337909323,4.537516044317627e-05,0.00038803451788118633,0.00012049840992827622,7.898849256468262,0.2807918685875246,0.7163656054739627,0.00029965953221547587,0.27984628418544827,5.689365191092827,0.8131830118054114,1.0732901804464043,7.824217888749159e-10,0.7959362005480725
329152f0,0.035664373388246386,7.7,0.13834713178469613,0.2732504542221157,0.38568681638292784,0.0,0.00332683982809903,0.0020938287025524826,0.010073380658487579,0,,,0.13834713178469613,,,0.2732504542221157,,,0.38568681638292784,,,,,0.00332683982809903,,,0.0020938287025524826,,,0.010073380658487579,,,,,0.025794727477137767,,,0.020463766527951215,,,0.04412855168949716,,,,,0.0,,,0.0,,,0.0,,,,,13.925297397020818,,,5.2684659766820126,,,10.591400814286306,,,,,7.87904089218718,,,6.726623547540428,,,3.1013298775284315,,,0.01569512433778204,8.67378087098399e-05,0.0006418879490042675,0.0001030816567666151,6.828935042537774,0.7397798293785902,0.9715372220618573,0.00021217786573732734,0.3658651097295872,6.005891732521743,0.8806296948864629,1.0915568245546627,5.277995723819486e-10,0.992496257346371
41286eab,0.0820665100414537,7.7,0.14980685603280788,0.27403284591588206,0.4067808024174818,0.0,0.00039776399025127825,0.000995840104594391,0.05943300991515483,0,,,0.14980685603280788,,,0.27403284591588206,,,0.4067808024174818,,,,,0.00039776399025127825,,,0.000995840104594391,,,0.05943300991515483,,,,,0.008919237526283043,,,0.01411269006670515,,,0.023807762188048694,,,,,0.0,,,0.0,,,0.0,,,,,11.84945688970983,,,13.835699495295097,,,3.9369459562216003,,,,,9.864796076723684,,,7.5368665852923495,,,3.3926598021611367,,,0.006773599764695836,0.0001215234727802823,0.0002383034121641571,0.0001173374196055668,4.152841506962649,0.3724629581572728,0.8343138613444468,0.00021802960363505514,0.35417539726900926,5.516808165871538,0.8765525318296719,0.9812996364100743,8.31056275927691e-10,0.8959423792876158
900147af,0.013668824728736824,7.9,0.1477878239312082,0.26038097539728366,0.3664105381112661,0.0,0.0003226387985600022,0.0014560596641244796,0.004767306981135608,0,,,0.1477878239312082,,,0.26038097539728366,,,0.3664105381112661,,,,,0.0003226387985600022,,,0.0014560596641244796,,,0.004767306981135608,,,,,0.008032917260373123,,,0.017064932839741736,,,0.030878170221486922,,,,,0.0,,,0.0,,,0.0,,,,,12.642444831072229,,,7.035575653913782,,,7.996692814576433,,,,,8.696788011770554,,,6.256050081244576,,,2.697195734683626,,,0.005655363309129218,3.960109359112061e-05,0.0003858138830547353,0.00011535033775940393,9.549719184789215,0.4190085613677289,0.7512924125045991,0.00016163270938934074,0.06005622098611321,5.899426155108773,0.8813287769122778,0.9599668262562505,5.597636225581504e-10,0.8554278917010352
addf612c,0.05079096439497119,7.9,0.14231139960089653,0.26023872532709275,0.40181864386832533,0.0,0.003958401735642057,0.0015011591871421674,0.016538478622560356,0,,,0.14231139960089653,,,0.26023872532709275,,,0.40181864386832533,,,,,0.003958401735642057,,,0.0015011591871421674,,,0.016538478622560356,,,,,0.01787621947577068,,,0.017327199353283654,,,0.03455739688314784,,,,,0.0,,,0.0,,,0.0,,,,,12.94988282087118,,,11.397163614317492,,,1.5723456642534914,,,,,12.158736072284283,,,6.275894646835582,,,3.219227095966072,,,0.015206264215986651,4.231327082652904e-05,0.0002924263593184707,8.198617212452957e-05,6.819545256164589,0.532004096785061,0.863084953790625,0.00010708837528985585,0.24183733827959755,5.854486323016814,0.8523426070295329,1.070726427378865,7.748552674270957e-10,0.9358380107901494
97876f76,1.0703933733807682,7.9,0.13409409749348794,0.26501619095341206,0.2846792767283427,0.0,0.9974871443503113,0.00019901882408669957,0.06594262139499193,0,,,0.13409409749348794,,,0.26501619095341206,,,0.2846792767283427,,,,,0.9974871443503113,,,0.00019901882408669957,,,0.06594262139499193,,,,,0.01904708910514293,,,0.005311220974485459,,,0.008253103504178932,,,,,0.03672588319687654,,,0.0,,,0.0,,,,,145.70638886894824,,,9.281742023426187,,,17.372493023395688,,,,,22.875659411766776,,,11.45530610802906,,,4.455468173271775,,,0.0036876707873572593,2.3036111680871817e-05,0.00031062673796804,0.00010743017617635456,8.622826146830095,0.5131824532486847,0.9024518523222648,0.00023622915217666042,0.456819553611877,5.77188408512071,0.8924341627299684,1.0211661080685461,1.19595395021074e-09,0.9524216048721577
3bde6415,1.7060468438341052,7.9,0.14668960390987984,0.2607902305939473,0.4155677924310317,0.0,1.5789650777524304,0.001451440319359225,0.09091152292083697,0,,,0.14668960390987984,,,0.2607902305939473,,,0.4155677924310317,,,,,1.5789650777524304,,,0.001451440319359225,,,0.09091152292083697,,,,,0.004154750567150044,,,0.017037842113127033,,,0.01637032682058498,,,,,0.07267809370051556,,,0.0,,,0.0,,,,,170.54484149867093,,,0.9506622691411517,,,9.869838119055325,,,,,19.960768706132253,,,7.625496005110399,,,3.927254295842423,,,0.006440661845230785,5.477509989745081e-05,0.0009623190490829383,7.805791449790808e-05,6.7864312753175415,0.542154559428987,0.8742874501043394,0.00022846079805182397,0.28071438731469456,5.958195775097368,0.905339199568086,0.9771477456644052,1.0633317263783172e-09,0.9423556534627053
20e0279b,0.10236885867961708,7.9,0.12380667556237858,0.26063348384788554,0.37281896286089006,0.0,0.031031268615146004,0.0024210046289005077,0.038129933033869856,0,,,0.12380667556237858,,,0.26063348384788554,,,0.37281896286089006,,,,,0.031031268615146004,,,0.0024210046289005077,,,0.038129933033869856,,,,,0.03372382006581115,,,0.02200456602117164,,,0.041293966447394574,,,,,0.0,,,0.0,,,0.0,,,,,20.391670560322115,,,9.041293039829249,,,10.255842927868105,,,,,7.832546265055721,,,7.13484884563836,,,2.7248451691727316,,,0.005091123780870469,7.195769500460466e-05,0.00038489451887001243,0.0002969926040442573,7.840696350265959,0.7994266952735615,0.9594079068213865,0.00016502182790602748,0.07469723891153232,5.544266170916171,0.8054389081896495,1.0874365474491188,4.549612845210788e-10,0.9917623689347199
ed91f903,0.11985732273290256,7.9,0.13726060908277746,0.2645661142038559,0.41768743532024377,0.0,0.00127163718674813,3.932137898315053e-05,0.07358005819004938,0,,,0.13726060908277746,,,0.2645661142038559,,,0.41768743532024377,,,,,0.00127163718674813,,,3.932137898315053e-05,,,0.07358005819004938,,,,,0.015947646765263706,,,0.002804331613170972,,,0.019566319388274158,,,,,0.0,,,0.0,,,0.0,,,,,11.042203633405702,,,8.07872963407841,,,4.15697804148897,,,,,8.068156644831,,,8.20347854097403,,,3.1752290135399974,,,0.00814835473804479,5.2224858259734204e-05,0.000374415282453924,8.814641821272284e-05,6.080854700742985,0.2039770805288726,0.8909740727790516,0.0001739246543529833,0.18515910964701665,5.8904096064166716,0.8980362858760069,1.0678355642199522,6.30712670157076e-10,0.9131237657082563
afc0a719,0.051514696183275345,7.9,0.14904047392989742,0.23736704568149505,0.40017884952055116,0.0,6.552343970318097e-05,0.0002056231913873719,0.015503134816445325,0,,,0.14904047392989742,,,0.23736704568149505,,,0.40017884952055116,,,,,6.552343970318097e-05,,,0.0002056231913873719,,,0.015503134816445325,,,,,0.0036200397705876373,,,0.003827678643308966,,,0.012866093618628184,,,,,0.0,,,0.0,,,0.0,,,,,8.452159779927898,,,21.726725807320488,,,7.829424610637901,,,,,12.223786512293534,,,6.597821188846438,,,3.150376808847397,,,0.005651087641864225,2.533041696053883e-05,0.0002461294384718271,0.00012326872349230656,4.2053687947953255,0.3604238162281548,0.5707566446283916,0.00022429855365899842,0.4380881547304024,5.699225927785146,0.8653974960283527,1.0625543259291805,7.86186424667452e-10,0.7254090971975419
b787c28e,0.06546763128221408,7.9,0.1349240272981925,0.2631731474817765,0.4039771251217898,0.0,0.00021998164708517955,0.0010547847940598901,0.026856146320887217,0,,,0.1349240272981925,,,0.2631731474817765,,,0.4039771251217898,,,,,0.00021998164708517955,,,0.0010547847940598901,,,0.026856146320887217,,,,,0.006632972894339001,,,0.01452435743198225,,,0.014297997199532075,,,,,0.0,,,0.0,,,0.0,,,,,16.50704077183095,,,3.3096158609050597,,,8.567921499546461,,,,,7.952803120238528,,,6.466598666341951,,,3.14250873886226,,,0.005619467787096307,9.915893391997617e-05,0.0008471347151371514,0.00019016565113104907,8.280188220817044,0.7603872993916594,0.9025379090416089,0.00017313907459594492,0.1362469335684855,5.777199109366918,0.811693296828382,1.0076593429677903,7.225319021691691e-10,0.97655659138762
55830da2,0.03865711577499936,8.0,0.1328227590725015,0.24921536915189965,0.3805379795501476,0.0,0.007796937826000105,0.0010523711435430122,0.003081772384707566,0,,,0.1328227590725015,,,0.24921536915189965,,,0.3805379795501476,,,,,0.007796937826000105,,,0.0010523711435430122,,,0.003081772384707566,,,,,0.006550550119815014,,,0.014507729964008927,,,0.024826487406427702,,,,,0.0,,,0.0,,,0.0,,,,,12.647831275430413,,,1.5410524313473781,,,6.873204978186022,,,,,8.142445949427554,,,7.597038190582641,,,3.7223100219705394,,,0.004089454267947613,3.238140427075333e-05,0.00039226737326041435,9.071807992508387e-05,9.124274987892449,0.3941020364686819,0.7702284902444999,9.301200269856698e-05,0.17539223739153564,5.823942965184302,0.8629829062045956,0.9683785792842576,8.264756440911459e-10,0.8607048873126016
d83930a8,0.049507544048888345,8.0,0.1264945458334804,0.2587888626495515,0.37413140359795743,0.0,0.01739520558801796,0.002466136006459228,0.0015573595199176614,0,,,0.1264945458334804,,,0.2587888626495515,,,0.37413140359795743,,,,,0.01739520558801796,,,0.002466136006459228,,,0.0015573595199176614,,,,,0.009561013582460939,,,0.02220871903761776,,,0.01764856662688311,,,,,0.0,,,0.0,,,0.0,,,,,12.60268104790306,,,6.187730294408415,,,6.001794317028694,,,,,8.249988141569409,,,7.984911388199497,,,3.0546524620514695,,,0.006610528092951497,2.13495112457395e-05,0.0006728085273214053,7.527600848997915e-05,3.7044420337050297,0.6383053460722546,0.709372068464065,6.575056336800655e-05,0.16421766308182675,5.877289688763129,0.840074220200135,0.9747241123051147,6.583935171080711e-10,0.8948104936745271
d0638216,0.04618658268243746,8.0,0.14925170394417195,0.27082166919950285,0.3949336496347059,0.0,0.0018022490949896614,0.004605897865125687,0.023775768554558954,0,,,0.14925170394417195,,,0.27082166919950285,,,0.3949336496347059,,,,,0.0018022490949896614,,,0.004605897865125687,,,0.023775768554558954,,,,,0.018985516031910545,,,0.030350940232967038,,,0.025770252181664496,,,,,0.0,,,0.0,,,0.0,,,,,4.6401421172719255,,,11.298049016550069,,,21.730818449854446,,,,,7.748129541235009,,,6.398779461355008,,,3.2461762437753787,,,0.004947987338067992,3.620809123306386e-05,0.00022072967612482087,0.000142362684370615,7.773578851175865,0.41765463945244174,0.660596500292416,0.00022891916346056397,0.22448255538323744,5.797904462980035,0.8849863954494451,0.990712598476349,6.573186257308848e-10,0.8022838869416546
314cad76,0.05155339229631418,8.0,0.125684648613087,0.2296860665835908,0.32639951960143887,0.0,0.028069408101851198,0.005957480402146938,0.008976138257824253,0,,,0.125684648613087,,,0.2296860665835908,,,0.32639951960143887,,,,,0.028069408101851198,,,0.005957480402146938,,,0.008976138257824253,,,,,0.015479735766370696,,,0.01697321072611285,,,0.04237012687690291,,,,,0.0,,,0.0,,,0.0,,,,,19.747947457743244,,,15.862316435194613,,,1.9608131919308438,,,,,8.527799477579192,,,6.136918620899492,,,3.837205904947,,,0.007144966900018336,5.8903628379907524e-05,0.00033702362659691415,7.497894524968672e-05,6.723363192638786,0.05962449418810989,0.6859397146023454,0.0001944011253377844,0.16903085567375775,5.778072726698386,0.8523362486215376,0.9103407170228487,6.500122370814768e-10,0.7045968062922937
d40705f1,0.02817314047240362,8.0,0.14309163888350915,0.25393768984815357,0.3888143889048725,0.0,0.00031267664877779,0.0034137131833235535,0.0023605388227104533,0,,,0.14309163888350915,,,0.25393768984815357,,,0.3888143889048725,,,,,0.00031267664877779,,,0.0034137131833235535,,,0.0023605388227104533,,,,,0.007907928284674692,,,0.02612934435964115,,,0.01136998226681041,,,,,0.0,,,0.0,,,0.0,,,,,6.580768768052571,,,5.11746297110209,,,8.79886694682211,,,,,9.28717120373158,,,6.856786564619938,,,3.230899924480912,,,0.007546207786198563,0.00011827351779845953,0.0003397677068030425,0.00011017899597797353,9.928577078628049,0.24991408506435192,0.7747299762646788,0.00019330702247867648,0.013349535998911517,5.915295821320271,0.9099719662938742,0.9928874055594009,7.596950733688145e-10,0.83095065514129
aa6d1b5b,0.10309629905336293,8.0,0.14613493025775703,0.25647415833727066,0.40981894536866054,0.0,0.002704489547883452,8.646773848106158e-05,0.06738093433730033,0,,,0.14613493025775703,,,0.25647415833727066,,,0.40981894536866054,,,,,0.002704489547883452,,,8.646773848106158e-05,,,0.06738093433730033,,,,,0.01192995961516247,,,0.004158551153492321,,,0.029720060960750094,,,,,0.0,,,0.0,,,0.0,,,,,9.161461587799282,,,8.143530662876762,,,5.27250951025281,,,,,9.535377574017392,,,6.410838869007517,,,3.409125162955347,,,0.005892758478088907,3.863714725494763e-05,0.00047514920983793735,0.00015692287525553205,6.50261851606578,0.6523114011549539,0.7904293560094892,0.0001768172607223862,0.08448013180538815,5.84275639885065,0.8338620448515106,1.0509138874109694,6.819945777139593e-10,0.9270556334962843
7cbdf4e2,0.05783750400829274,8.0,0.13931506973412633,0.2608593224050116,0.38066803762784746,0.0,0.005367719697597195,0.0050870498658441305,0.02914633805045052,0,,,0.13931506973412633,,,0.2608593224050116,,,0.38066803762784746,,,,,0.005367719697597195,,,0.0050870498658441305,,,0.02914633805045052,,,,,0.01866108390719247,,,0.031896864629126574,,,0.023573726367122606,,,,,0.0,,,0.0,,,0.0,,,,,3.998722787102764,,,3.819129065934325,,,26.15791969552609,,,,,9.825828516513209,,,7.549468128387342,,,3.8983319663249363,,,0.009190258628878076,2.4960107372688308e-05,0.00039407785425357185,9.525211197649062e-05,3.90691636340801,0.44967134648048346,0.7514567829461354,0.0001388848530129564,0.31765633360690093,5.958747633467081,0.9305690735223748,1.070564813223965,7.644168158778113e-10,0.8631444003390432
be9ec091,0.0997416914227826,8.0,0.14757715785423647,0.27371755369093703,0.4128722947080583,0.0,0.015882154897521174,0.000179941114314943,0.056621934693543735,0,,,0.14757715785423647,,,0.27371755369093703,,,0.4128722947080583,,,,,0.015882154897521174,,,0.000179941114314943,,,0.056621934693543735,,,,,0.01410341115305999,,,0.004995719845818553,,,0.06335786940755264,,,,,0.01426609263415076,,,0.0,,,0.0,,,,,1.114035900058889,,,19.624005338276206,,,4.52659665658853,,,,,15.711269432189452,,,9.399873606944459,,,4.016742635604146,,,0.0046050143627364174,3.454048256310528e-05,0.00035294155935069565,0.00010235293962510443,9.986769090640935,0.4997200362187801,0.740534510251199,0.0002144138482999627,0.23850786301264582,5.8418365600424815,0.8445491304505709,1.097937347725905,9.673929555576876e-10,0.8701205607349682
38857e03,0.05477351743267603,8.2,0.14420575793086238,0.2720693421466721,0.3706858692634652,0.0,0.0010731140762093368,0.00035724601481037783,0.044668763472850995,0,,,0.14420575793086238,,,0.2720693421466721,,,0.3706858692634652,,,,,0.0010731140762093368,,,0.00035724601481037783,,,0.044668763472850995,,,,,0.01465001075910415,,,0.00845276303714209,,,0.025529486790194417,,,,,0.0,,,0.0,,,0.0,,,,,4.403942624267433,,,3.0061415966271854,,,7.490075116586923,,,,,8.608846899755218,,,5.505591448178648,,,3.1621508577400164,,,0.010474660439365463,4.7433804266375454e-05,0.00037819681944776753,4.677795535567272e-05,9.996678710560039,0.3314263841689119,0.8138125762474675,0.0001954578589064628,0.29591315338646584,5.77046545607733,0.8581575586720109,0.9295460020439114,6.666859940296212e-10,0.8754386196218696
1833a0f3,0.05290190010009775,8.2,0.1430967314361104,0.27509619508609373,0.3924543360771356,0.0,0.025347127271409548,0.004536217564458404,0.004191302908812398,0,,,0.1430967314361104,,,0.27509619508609373,,,0.3924543360771356,,,,,0.025347127271409548,,,0.004536217564458404,,,0.004191302908812398,,,,,0.009478501564736634,,,0.01945093302503325,,,0.020579290458631473,,,,,0.02437322490229778,,,0.0,,,0.0,,,,,8.51571180425217,,,28.586569998525924,,,9.72690547255271,,,,,13.031870933274204,,,8.600280774911475,,,3.540084928914336,,,0.0041133185849927326,6.616295061738207e-05,0.0002350290598368156,0.00015875008852680905,8.548082707115617,0.5713258577998583,0.7676159662743873,0.000301954428087721,0.16522258845480878,5.941716200994961,0.9208753237866968,1.001144741651091,9.339625148463428e-10,0.9003062120850367
75b0e9ea,0.02967804919100256,8.2,0.14252975966843134,0.25350081474961345,0.3773390040072235,0.0,0.0006590261177638336,0.008128254938964763,0.004744704607404605,0,,,0.14252975966843134,,,0.25350081474961345,,,0.3773390040072235,,,,,0.0006590261177638336,,,0.008128254938964763,,,0.004744704607404605,,,,,0.011480645606966827,,,0.04031936244278861,,,0.028596076507504856,,,,,0.0,,,0.0,,,0.0,,,,,1.7908504406245165,,,11.305013969091602,,,16.24453809270491,,,,,11.468049516826946,,,6.609250219698672,,,3.595983090738629,,,0.005818809698087912,7.735755806807206e-05,0.00037634288345721103,7.395853616330389e-05,9.184907801936943,0.19125130205580448,0.7770821257043189,0.00013107291263022308,0.10083711304120799,5.850744653909028,0.8871169483284111,0.9841170651734391,7.009693356397118e-10,0.8196377512023096
2953b731,0.014719340085112421,8.2,0.14737008053336423,0.26221535444482097,0.375950275333488,0.0,6.32105569323674e-05,0.0033397157608689707,0.0008447558008062826,0,,,0.14737008053336423,,,0.26221535444482097,,,0.375950275333488,,,,,6.32105569323674e-05,,,0.0033397157608689707,,,0.0008447558008062826,,,,,0.003366609636335414,,,0.025844596189025553,,,0.012998121408928927,,,,,0.0,,,0.0,,,0.0,,,,,3.6958161010566584,,,10.431539489004626,,,8.022343537842797,,,,,8.437796115030494,,,6.820555029400694,,,3.084011763392345,,,0.002358616560813234,0.00013109482237388733,0.0005252115255376946,0.0001247987598138553,6.550135883428566,0.1629984229922229,0.7658585997301826,0.00016009771404341483,0.011505943601220342,5.813636414571094,0.9324339039024462,0.9816357943763505,6.456591788786149e-10,0.8039466928713807
5ebd5fd2,0.04713244406596856,8.2,0.13309513527432962,0.25350177687710224,0.38458573774563704,0.0,0.0045657840994540785,5.380902580466928e-05,0.014513870676350652,0,,,0.13309513527432962,,,0.25350177687710224,,,0.38458573774563704,,,,,0.0045657840994540785,,,5.380902580466928e-05,,,0.014513870676350652,,,,,0.026677844245283428,,,0.0032805190383434534,,,0.024940205914184724,,,,,0.0,,,0.0,,,0.0,,,,,0.8986882810324966,,,3.7433901588916676,,,9.738430178294902,,,,,8.617557792958861,,,5.973414235207887,,,3.2913090712184645,,,0.004200159182831546,7.014995656762243e-05,0.00048316785547166427,9.967262341488886e-05,9.946803319202367,0.513924479569366,0.6851441308573717,0.00014907839441298564,0.012420681813570316,5.726484552842648,0.9030162703190288,0.9816375473475683,6.171138685953447e-10,0.8468877551327716
b16e84fe,0.025521433937454995,8.2,0.15641006238540084,0.27246174506602133,0.3740301395728009,0.0,0.002731471875858148,0.0021746055389617073,0.016242489668717934,0,,,0.15641006238540084,,,0.27246174506602133,,,0.3740301395728009,,,,,0.002731471875858148,,,0.0021746055389617073,,,0.016242489668717934,,,,,0.023372941089465603,,,0.020854762232937144,,,0.05699559573987789,,,,,0.0,,,0.0,,,0.0,,,,,5.97870749828549,,,13.043524523820073,,,10.263509823781451,,,,,9.352523505904545,,,7.399294843298188,,,2.935287559372628,,,0.005734749911190711,5.589466913880991e-05,0.00017973287597052883,0.00010044984187159955,6.854983716420469,0.21516635313047935,0.8290215070029082,0.00020445962913970123,0.07627959115757225,5.986152147532068,0.8830805284747375,1.0286227442329707,7.258031609494221e-10,0.8657274236541374
c221bb8f,0.02785356114833641,8.2,0.1373039063790138,0.26187442472464095,0.3607590580202714,0.0,0.006374954315614114,0.0008216745152124952,0.010161777015995077,0,,,0.1373039063790138,,,0.26187442472464095,,,0.3607590580202714,,,,,0.006374954315614114,,,0.0008216745152124952,,,0.010161777015995077,,,,,0.011677931798862522,,,0.012819317573197844,,,0.02779686646569772,,,,,0.0,,,0.0,,,0.0,,,,,16.470075884472433,,,10.832989664560845,,,28.205135952516596,,,,,8.385153656019098,,,6.316001919670747,,,3.608984248146976,,,0.004924779667960954,5.301360020530446e-05,0.0004445618304424283,0.0001104605048580453,5.721236807393576,0.5034549783419509,0.7236437963821807,0.00012506678523027903,0.021540318956878905,5.980319221000598,0.8595113830977357,0.972369593351855,7.165318651475896e-10,0.8627043385096155
5abe7c78,0.23512039808399005,8.2,0.11314649589702078,0.2018208835124701,0.3138934602480268,0.0,0.11289541320474827,0.0941728351298064,0.01131826633381478,0,,,0.11314649589702078,,,0.2018208835124701,,,0.3138934602480268,,,,,0.11289541320474827,,,0.0941728351298064,,,0.01131826633381478,,,,,0.022137338494523554,,,0.0202712503239034,,,0.046045511906318774,,,,,0.0,,,0.0,,,0.0,,,,,5.124611298345424,,,9.133274624716396,,,10.17845385220675,,,,,9.668541685985808,,,7.308269653290668,,,4.1192004581288755,,,0.004082452690548479,6.489527608179166e-05,0.00032538831633265714,7.720204273101162e-05,4.259597939096105,0.2911478292990851,0.4986610494603074,0.00010289718334757183,0.08076147924462194,5.8537390079260625,0.9680178769894897,0.9659662113662174,6.944539481468562e-10,0.6445749305480744
e64f318d,0.09505368112919332,8.3,0.14436285339909063,0.258541104183525,0.41303677975927355,0.0,0.0006039853256184619,0.0007994302386273115,0.05781013234643434,0,,,0.14436285339909063,,,0.258541104183525,,,0.41303677975927355,,,,,0.0006039853256184619,,,0.0007994302386273115,,,0.05781013234643434,,,,,0.010990771816560127,,,0.012644605479233519,,,0.007849317115964592,,,,,0.0,,,0.0,,,0.0,,,,,14.352951493330792,,,9.44474930501602,,,3.470930851532854,,,,,8.603399677482216,,,7.831352886647886,,,3.3946867256438824,,,0.000701706971138842,0.0001546553418376013,0.00017484145830484456,0.00010738695300387443,8.720422423636453,0.15513260835107204,0.9883996808545106,0.00011285741235724172,0.110161897302435,5.918845510785327,0.8942422575328911,1.0121828989407786,7.331372281186032e-10,0.9901004286531698
f8561b55,0.03409827437973144,8.3,0.12632645122833475,0.23338881254144286,0.32846266373543453,0.0,0.018067581594381654,0.001638099898471268,0.00599819552951379,0,,,0.12632645122833475,,,0.23338881254144286,,,0.32846266373543453,,,,,0.018067581594381654,,,0.001638099898471268,,,0.00599819552951379,,,,,0.0219942396787418,,,0.004205696601779712,,,0.03463580670206424,,,,,0.0,,,0.0,,,0.0,,,,,9.848929037059323,,,6.514824083953565,,,8.507944912318626,,,,,8.07687453627581,,,6.512730779012121,,,3.23299042490051,,,0.0023502411643080584,8.618901628249702e-05,0.00032741748727637646,0.00011481664969510745,5.574293686932756,0.15631140551952194,0.6936152095584531,0.0001087665808142575,0.12058436209422257,6.161916200570017,0.9217272535462024,0.9251028944450822,6.54881981336152e-10,0.7414372852612197
85522b4a,0.20223806962300317,8.3,0.11151643063377659,0.25840063263529717,0.3800609598309264,0.0,0.14366040963488053,0.0024178149481717246,0.00015452327562328325,0,,,0.11151643063377659,,,0.25840063263529717,,,0.3800609598309264,,,,,0.14366040963488053,,,0.0024178149481717246,,,0.00015452327562328325,,,,,0.02209169629526095,,,0.02199006570327485,,,0.005559195546538784,,,,,0.0,,,0.0,,,0.0,,,,,13.891560018658383,,,7.108834232864921,,,7.687620314123967,,,,,8.156492890406406,,,5.7369713675451575,,,3.1202246087763235,,,0.00504928240812406,5.5587678764824134e-05,0.00022057310762113624,0.0001640319635915595,6.013608841479683,0.052695803359142895,0.8440283437916488,0.0002683754566303374,0.14582125807792326,6.086352977118306,0.9048669257740137,1.0335584390048969,4.6347769712191706e-10,0.8521629926824248
858c4881,0.0194651457209562,8.3,0.14108046464585,0.2506640494326251,0.37370488188620793,0.0,0.001641288425125655,0.0002984967233228725,0.0015198360979553757,0,,,0.14108046464585,,,0.2506640494326251,,,0.37370488188620793,,,,,0.001641288425125655,,,0.0002984967233228725,,,0.0015198360979553757,,,,,0.018117883017205155,,,0.007726535100844006,,,0.0174346557061238,,,,,0.0,,,0.0,,,0.0,,,,,15.654454005655488,,,7.7289271449262165,,,6.911280525733596,,,,,9.304429605510611,,,5.867088460226803,,,3.122263616220298,,,0.0019345612741279437,5.214360922093365e-05,0.00019435944380951796,6.738235550423687e-05,3.667091166597684,0.1392631870991953,0.8205907367112018,0.0001455859069313412,0.18032540932600832,5.8775708110850395,0.844347133320834,0.9711985260503646,6.688255908936322e-10,0.8454937834382473
99b10eb0,0.019740295441088344,8.3,0.13040383361535324,0.25793519002858184,0.3533185818826908,0.0,0.005287530224189636,6.938075484929656e-05,0.0010712702773273243,0,,,0.13040383361535324,,,0.25793519002858184,,,0.3533185818826908,,,,,0.005287530224189636,,,6.938075484929656e-05,,,0.0010712702773273243,,,,,0.004606550733402229,,,0.003725070599312087,,,0.014637419699710223,,,,,0.0,,,0.0,,,0.0,,,,,5.19681304901422,,,3.594680525815003,,,8.453534925849555,,,,,7.4026276171849235,,,6.71505332957151,,,3.1563056080900895,,,0.0019678655457193517,0.00018434605777637784,0.00026872170330644946,8.205371521225451e-05,6.612701313790453,0.04581436413355505,0.9890229786206449,0.00012544576115138442,0.1488367099418076,5.829032354612671,0.9112556055678412,0.9977858551371536,5.70459946071491e-10,0.9894269815773584
01784875,0.03773971039508049,8.3,0.13377121579795972,0.2593196946404042,0.3863568557622048,0.0,0.0018318153015005137,0.0056790339896938494,0.003056946546635279,0,,,0.13377121579795972,,,0.2593196946404042,,,0.3863568557622048,,,,,0.0018318153015005137,,,0.0056790339896938494,,,0.003056946546635279,,,,,0.0160316892880389,,,0.03370173286255129,,,0.024726287819384775,,,,,0.0,,,0.0,,,0.0,,,,,7.461661382211364,,,25.24815475633775,,,5.4570643663725065,,,,,8.423714131989943,,,6.577983496923042,,,3.359937433741585,,,0.002775930852056131,8.310995618993903e-05,0.000967642362225081,0.00018440158737469874,9.754527111504892,0.33136295862551945,0.9805394724596465,0.00013005145849020642,0.2232422512479295,6.0014112261251515,0.941351865591592,1.0068482322729517,5.815818779478533e-10,0.9868899164945855
d0485f6a,0.298820170080754,8.3,0.10529133015997393,0.25367194368376167,0.39172022398569856,0.0,0.20650792757727132,0.001354115892921943,0.012027806754758839,0,,,0.10529133015997393,,,0.25367194368376167,,,0.39172022398569856,,,,,0.20650792757727132,,,0.001354115892921943,,,0.012027806754758839,,,,,0.009314248275188342,,,0.016456706188796973,,,0.009040532602148313,,,,,0.0,,,0.0,,,0.0,,,,,11.818702517535344,,,3.3853577391837644,,,3.0597842500300705,,,,,7.767792083755242,,,6.539103695647731,,,3.2882373297696805,,,0.0021914993876995946,7.86262965423105e-05,0.0006141921508242884,7.084776575584528e-05,6.881905488930097,0.33051673257989583,0.832099628066715,0.00010580706563794267,0.16758092599253366,5.87045897636754,0.9052498975819185,0.9961241669535499,6.365970230672641e-10,0.8875103004342468
fa208387,0.06617250725655704,8.3,0.133369042911255,0.237189706300951,0.3852325617817155,0.0,0.000988724977352524,0.0030048971929885334,0.028183345924516857,0,,,0.133369042911255,,,0.237189706300951,,,0.3852325617817155,,,,,0.000988724977352524,,,0.0030048971929885334,,,0.028183345924516857,,,,,0.006731548022998579,,,0.01487005477296957,,,0.011715075765510122,,,,,0.0,,,0.0,,,0.0,,,,,18.11580810059842,,,12.248747358765964,,,36.67561230230519,,,,,10.251117435119601,,,7.005506108720552,,,3.776930538087131,,,0.003401935287319576,6.103436345618273e-05,0.0003970494009962055,7.638796840295e-05,3.9395917872324393,0.3091254505266922,0.8347446399935723,0.00020447432918328898,0.047348797373529025,5.733496251336037,0.9611280682141807,0.9131125844050866,9.416582070721795e-10,0.8857458031435106
be603383,0.06863313076601765,8.4,0.13596927732772113,0.24887378441107638,0.3751515670374961,0.0,0.0016628724653177534,0.004097000165796516,0.0420952644154864,0,,,0.13596927732772113,,,0.24887378441107638,,,0.3751515670374961,,,,,0.0016628724653177534,,,0.004097000165796516,,,0.0420952644154864,,,,,0.018236625045867195,,,0.028625164334188602,,,0.07024944108320076,,,,,0.0,,,0.0,,,0.0,,,,,19.558828298772443,,,16.790871674450266,,,9.980199361910147,,,,,7.634658006354441,,,5.422216044642396,,,2.8355597135250536,,,0.0011610186645176512,0.00018060622131658465,0.00015187785274104645,0.0002597257284747365,5.426147589990229,0.04920778071913959,0.7987957024910146,0.0002546802940480678,0.12101280168651427,5.6875105438663045,0.8456616367303283,0.9520725922840371,4.819406735586458e-10,0.8086166398723362
96b53636,0.035351195866810986,8.4,0.14577711893434778,0.25364993564890526,0.3672639923818275,0.0,0.002208678226199514,0.0006288868189714882,0.022572121840080308,0,,,0.14577711893434778,,,0.25364993564890526,,,0.3672639923818275,,,,,0.002208678226199514,,,0.0006288868189714882,,,0.022572121840080308,,,,,0.00590740760655946,,,0.00476565556058274,,,0.06035950411559431,,,,,0.0,,,0.0,,,0.0,,,,,38.77862269359334,,,17.96413712087206,,,5.975603304898874,,,,,8.604744872318735,,,7.316031707784142,,,2.9930589157750864,,,0.0015680815964626478,0.00011982015245085752,0.00031508975825256187,0.00013982249684037746,5.352378801990808,0.1473062349885977,0.9582688727493748,0.00014113907756129737,0.24018289133993662,5.96514988402195,0.9207012579687989,0.9514592248362685,7.003002812694087e-10,0.9643203010992195
14ac7aa7,1.4271073650823989,8.4,0.14994240396633157,0.2700299687986825,0.3983202842764446,0.0,1.394643156532857,0.0007005798656589927,0.014216997812624433,0,,,0.14994240396633157,,,0.2700299687986825,,,0.3983202842764446,,,,,1.394643156532857,,,0.0007005798656589927,,,0.014216997812624433,,,,,0.02025669727890655,,,0.011837059310985923,,,0.025568369413601928,,,,,0.14694662911112644,,,0.0,,,0.0,,,,,160.4476149733667,,,28.85675408183047,,,14.228428311620595,,,,,13.894804787554458,,,7.210981061949264,,,3.5803696507480742,,,0.004375086887094321,3.652602090470645e-05,0.0003268535541056616,4.663602816539323e-05,6.401295259441653,0.09429662528005603,0.9451616122986436,0.00020288122897567005,0.19666721660102698,5.971022574009935,0.8957784656885276,0.9995731750280757,7.488598792195006e-10,0.950238171033451
6c6bc033,0.05215029824114427,8.4,0.1407541650490148,0.2532535272762218,0.3808394549943245,0.0,0.0018179188221585675,0.001179377257450163,0.029918085015111742,0,,,0.1407541650490148,,,0.2532535272762218,,,0.3808394549943245,,,,,0.0018179188221585675,,,0.001179377257450163,,,0.029918085015111742,,,,,0.019067872572253924,,,0.015358237252042717,,,0.015283140466874916,,,,,0.0,,,0.0,,,0.0,,,,,5.697378849097651,,,5.585052164592466,,,31.41316532948742,,,,,8.281258060389835,,,6.475760694260543,,,3.2450743158037807,,,0.0018356209134062014,6.01179627862628e-05,0.00024756424407649174,4.247607887064538e-05,4.825006641361235,0.001467286642199736,0.9201821143843542,0.00011131784428168413,0.08605348087367962,6.100511265602982,0.8481426112962236,0.9651327676475154,6.761921808464441e-10,0.9202072118902882
1c2e23b2,0.02735134996112789,8.4,0.13895214203678088,0.24027813863936054,0.3759185697908416,0.0,0.00312482848099164,0.0017212443067868661,0.00012004644464548594,0,,,0.13895214203678088,,,0.24027813863936054,,,0.3759185697908416,,,,,0.00312482848099164,,,0.0017212443067868661,,,0.00012004644464548594,,,,,0.024999313914552294,,,0.01855394463065397,,,0.0048999274412073884,,,,,0.0,,,0.0,,,0.0,,,,,19.945651329158025,,,10.38753764656685,,,16.513101215471583,,,,,8.34022479305445,,,6.047629334270948,,,3.438732920983744,,,0.0011122790754436167,0.00011829299510226656,9.843694172906863e-05,0.00014392610958118866,4.947362800536601,0.35476222484837505,0.7704613714998118,0.00011984668594972838,0.12979397239144352,5.834354440104729,0.8319718355676571,1.0059601570674221,5.669476127134545e-10,0.8518159598980333
0c0aef5a,0.047643916548847844,8.4,0.13272922035156798,0.23764113797777323,0.3740901108377197,0.0,0.0016232143327613085,0.0005964278971718587,0.018981312616175628,0,,,0.13272922035156798,,,0.23764113797777323,,,0.3740901108377197,,,,,0.0016232143327613085,,,0.0005964278971718587,,,0.018981312616175628,,,,,0.011560197610928876,,,0.010921793782816618,,,0.06161381763237144,,,,,0.0,,,0.0,,,0.0,,,,,10.705365055266448,,,15.886673929137443,,,8.495802995026986,,,,,6.714592238490957,,,5.2524109901286105,,,3.584277523113124,,,0.0017799092954565033,0.00010484742549646634,0.00035660889843918255,0.00011524961735733926,8.04572282481628,0.2654296010451045,0.7187897900296074,8.611192374309694e-05,0.1538990893050936,5.886776675963451,0.8004976796982602,0.9220651180525075,6.207092733314082e-10,0.7933594248928558
afa0c28c,0.03921496010937821,8.4,0.13463591489592125,0.22989668830315835,0.2952029683767942,0.0,0.0013766515527636784,0.0067075032791044,0.030673492583739945,0,,,0.13463591489592125,,,0.22989668830315835,,,0.2952029683767942,,,,,0.0013766515527636784,,,0.0067075032791044,,,0.030673492583739945,,,,,0.01659308020087698,,,0.01274193694202376,,,0.07606076374495208,,,,,0.0,,,0.0,,,0.0,,,,,3.2582525072100457,,,15.260060151714027,,,2.8597912503587932,,,,,8.805006193468865,,,6.136846611864197,,,3.230921301893408,,,0.0015430947129945053,7.21657044437802e-05,0.00018836671269251384,0.00011266687698082156,3.77610500859537,0.02136912471088646,0.7677236456131917,0.00022310487568822694,0.12970617149348296,6.2112293742988935,0.917929952861362,1.0267093114916428,5.701046875614181e-10,0.7726104156329122
f05c7692,0.018080165555649275,8.4,0.14188309205286137,0.26054395931176133,0.3725091048275896,0.0,0.0008212340123197713,0.0029950207680523866,0.0018567659619842544,0,,,0.14188309205286137,,,0.26054395931176133,,,0.3725091048275896,,,,,0.0008212340123197713,,,0.0029950207680523866,,,0.0018567659619842544,,,,,0.012815880869606827,,,0.024474561356855353,,,0.019270526521007435,,,,,0.0,,,0.0,,,0.0,,,,,7.471447897833453,,,3.464941900077142,,,6.2773824302236445,,,,,8.097782881521393,,,7.162013066363747,,,3.4777518818373876,,,0.004699344488020273,5.0121469304275085e-05,0.00024374939443688734,5.935610498031656e-05,6.480842172561003,0.28564641126789536,0.724238649151653,0.00012600717256961084,0.20106764771255953,6.0828141273271,0.9161532919947125,1.0085224603003897,6.620521579935734e-10,0.8029364655229552
996a33a2,0.02611564200440534,8.6,0.13506619914173315,0.25584202941188583,0.3666685680776229,0.0,0.0029358261867917738,0.002663125548979845,0.005083780786091125,0,,,0.13506619914173315,,,0.25584202941188583,,,0.3666685680776229,,,,,0.0029358261867917738,,,0.002663125548979845,,,0.005083780786091125,,,,,0.012960502594497245,,,0.021966576460799497,,,0.00531614106191058,,,,,0.0,,,0.0,,,0.0,,,,,39.13409773411405,,,3.149723182293437,,,65.15481672351501,,,,,15.127349109580965,,,7.728758966115799,,,3.9134157130319323,,,0.004886577342029933,5.904951148601796e-05,0.000263250961614502,0.0001623365016158663,2.977598820850781,0.4680571677092078,0.769621274035827,0.00019432202069598385,0.20362655894336515,6.097978446093703,0.9301246555747866,0.9841371111053189,9.363735205760311e-10,0.8773747258836699
bbae7baa,0.04127091412841246,8.6,0.13508990191330708,0.261072830662151,0.3821723293031843,0.0,8.675977983810334e-05,0.0005429386746243871,0.017726763697763596,0,,,0.13508990191330708,,,0.261072830662151,,,0.3821723293031843,,,,,8.675977983810334e-05,,,0.0005429386746243871,,,0.017726763697763596,,,,,0.004098877473000029,,,0.010420543888150821,,,0.04235743661485692,,,,,0.0,,,0.0,,,0.0,,,,,27.31938180604881,,,1.5661395810887695,,,17.09471968080823,,,,,8.568165033792162,,,6.345956469076671,,,3.053729072660122,,,0.003530068824477282,0.00010196857174956507,0.0003796310346377213,0.00012255880444798342,5.8722632365925405,0.7012112160109436,0.7010145276610343,8.28509690022958e-05,0.22189862521055917,6.342982707484675,0.8711826575424433,0.9987950918427977,6.372282057340706e-10,0.9105963928366807
cc59db78,0.019005027550763005,8.6,0.14258565888475258,0.2667400347857722,0.38524199508861223,0.0,0.0006237023300494547,0.00026162163293836103,0.001288271947911296,0,,,0.14258565888475258,,,0.2667400347857722,,,0.38524199508861223,,,,,0.0006237023300494547,,,0.00026162163293836103,,,0.001288271947911296,,,,,0.011168727143676263,,,0.0072335555978835335,,,0.00951579726216386,,,,,0.0,,,0.0,,,0.0,,,,,17.064513246731845,,,4.704092272245134,,,3.060145988979058,,,,,8.72426891561909,,,6.869773340214101,,,3.152709074708918,,,0.0051800384029796346,6.792346937020608e-05,0.0001392277641833558,7.309733532722384e-05,9.994636502422692,0.39837257913068724,0.7704326567144094,0.00013726363007426025,0.19337788446761717,6.053002673248218,0.8230093431384198,1.0440314948702238,6.377619657917862e-10,0.8618089480775986
44cb50d6,0.059571502986545954,8.6,0.1557561325597211,0.2329232237429917,0.34975147461009426,0.0,0.03774809596662065,0.001767386250559497,0.00639248816795676,0,,,0.1557561325597211,,,0.2329232237429917,,,0.34975147461009426,,,,,0.03774809596662065,,,0.001767386250559497,,,0.00639248816795676,,,,,0.01459139471638344,,,0.006538836839213868,,,0.03575608526658577,,,,,0.03666459370213181,,,0.0,,,0.0,,,,,31.893431584312555,,,4.467440136400863,,,6.2073613242218375,,,,,21.483554071287784,,,7.484652943217889,,,4.488255574911127,,,0.002289615408430316,3.80806949924412e-05,0.0001414517918730021,7.600784689145561e-05,2.34961354175572,0.14274900337086097,0.7139172131059203,0.00017605223689601913,0.3354586257599657,6.356934195496819,0.951434799845997,1.069082631802923,8.715216641529331e-10,0.7546838540952979
c2ec2a24,0.07536697051154514,8.6,0.15435932967778682,0.2581391877347449,0.3662659325072849,0.0,0.0040832031937633115,0.00016686095110248506,0.06470661602839722,0,,,0.15435932967778682,,,0.2581391877347449,,,0.3662659325072849,,,,,0.0040832031937633115,,,0.00016686095110248506,,,0.06470661602839722,,,,,0.028576924935210617,,,0.005776866816925678,,,0.06261661655645417,,,,,0.0,,,0.0,,,0.0,,,,,4.28103162024982,,,9.421881682672547,,,8.046490241948227,,,,,9.46196980161473,,,6.20302151094711,,,3.427840281912722,,,0.0011471817264930013,0.0002296131504196944,0.00013925458903908672,6.750265516362362e-05,5.968624511135734,0.09875383335887666,0.832198769190819,0.00021832682547959705,0.3830291857695205,5.685330941329862,0.8594223142697408,0.924473507785923,6.579085454619523e-10,0.8486865640986442
ead8925a,0.0368609883247691,8.6,0.139976051948307,0.2566440495236117,0.37093045584872275,0.0,0.00018239784256326587,0.00565511732020221,0.017302446513299832,0,,,0.139976051948307,,,0.2566440495236117,,,0.37093045584872275,,,,,0.00018239784256326587,,,0.00565511732020221,,,0.017302446513299832,,,,,0.0033610068085199864,,,0.03363069229201864,,,0.05882592372976362,,,,,0.0,,,0.0,,,0.0,,,,,25.847080163311393,,,4.754138436769582,,,4.65124185298402,,,,,7.495434092618579,,,6.000033420593059,,,3.276529436447981,,,0.00179225506727874,6.873819525716321e-05,0.0001768932334346625,0.0001938051504576237,4.573526487873167,0.2702870853641546,0.7402754672975445,0.00018391946151604627,0.2800254585262366,5.81581855668278,0.8569352673022105,0.9237772291287237,5.65038556363085e-10,0.8104016266925285
4e0f9677,0.04111189765006961,8.6,0.1297445129164925,0.266284558752303,0.35311721211551417,0.0,0.012872706194250192,0.004390557110941223,0.009488611928600356,0,,,0.1297445129164925,,,0.266284558752303,,,0.35311721211551417,,,,,0.012872706194250192,,,0.004390557110941223,,,0.009488611928600356,,,,,0.026304819880916867,,,0.029632944878770395,,,0.034528533874745256,,,,,0.0,,,0.0,,,0.0,,,,,7.897540631900231,,,7.322818356162375,,,18.969452805720685,,,,,7.264181123057662,,,6.087088656892319,,,3.0724094168074805,,,0.0030781701495952328,7.880757319988864e-05,0.00019730346237978687,5.570777869396577e-05,5.774565030512101,0.6148671478182892,0.8505029878825758,0.00018343882655925655,0.03638294711028255,5.813001594128852,0.9198302784202467,1.0670402901030418,5.219716744987647e-10,0.9423387390317843
4d4049af,0.025322958389247703,8.6,0.141543106259101,0.2520590336158779,0.3725230523825846,0.0,0.0012398608199577757,0.0007088087349632481,0.008657874678725965,0,,,0.141543106259101,,,0.2520590336158779,,,0.3725230523825846,,,,,0.0012398608199577757,,,0.0007088087349632481,,,0.008657874678725965,,,,,0.011348483056222719,,,0.01190637421689112,,,0.04161219695888686,,,,,0.0,,,0.0,,,0.0,,,,,20.29902020757895,,,8.340835645950916,,,13.627427072105268,,,,,9.377027831541925,,,6.231173332097546,,,3.443199567996434,,,0.0033999088274384907,7.347259361649406e-05,0.00015574886109497642,0.00012722485360785636,4.1300673132356165,0.353991054620582,0.6889027284725507,0.00015321641722082095,0.1646943876763654,6.119564412197316,0.9489174269011729,0.9487481658658485,7.061267194881703e-10,0.7989594894372909
35a8e798,0.026298880921657428,8.7,0.135745032968432,0.23704884794473785,0.3550999594845299,0.0,0.0038221659341722363,0.002100187776231283,0.006410800704789683,0,,,0.135745032968432,,,0.23704884794473785,,,0.3550999594845299,,,,,0.0038221659341722363,,,0.002100187776231283,,,0.006410800704789683,,,,,0.027648384886543503,,,0.020494817765626915,,,0.011420438743820208,,,,,0.0,,,0.0,,,0.0,,,,,9.591842344696305,,,13.322763657678557,,,7.2861618298150646,,,,,7.5138656715551875,,,6.207810911701157,,,3.075022837370243,,,0.006105294522618321,0.00017584206685514062,0.00018638278409934515,8.890656276717999e-05,5.673776590631093,0.31285563009513484,0.7628839363228974,0.0001657272793409343,0.010002181850017585,6.046278773645383,0.8539554850734588,0.9900084489273663,5.447691205447615e-10,0.8369907434366431
7103deb1,0.033702091453834,8.7,0.13392279351364866,0.2513479437614554,0.3689680584389259,0.0,0.005615378755129268,0.0019604031177770233,0.007792766746294978,0,,,0.13392279351364866,,,0.2513479437614554,,,0.3689680584389259,,,,,0.005615378755129268,,,0.0019604031177770233,,,0.007792766746294978,,,,,0.010877658943103424,,,0.019801025820785263,,,0.02504183382374074,,,,,0.0,,,0.0,,,0.0,,,,,1.6648408819868983,,,4.412632187207,,,3.2605670659139863,,,,,8.805030968734782,,,6.085066528736214,,,3.3583219245559244,,,0.004370509110022678,0.00014016146961417884,4.999304747694962e-05,0.00012589481472142158,9.987380350811714,0.01337374717362234,0.7943518288266261,0.00015312009438596172,0.2682768872989272,5.728710552396032,0.84391286069215,1.06481215323725,6.698016788215e-10,0.797022680291734
4bcafe28,0.4224917994029489,8.7,0.09432451349889076,0.23828702952170738,0.2938236984908255,0.0,0.3801479968032154,0.009761852762364893,0.001308143755039277,0,,,0.09432451349889076,,,0.23828702952170738,,,0.2938236984908255,,,,,0.3801479968032154,,,0.009761852762364893,,,0.001308143755039277,,,,,0.022917356116759213,,,0.009956780556411169,,,0.016174942071236466,,,,,0.0,,,0.0,,,0.0,,,,,17.29180211453205,,,20.555443400458618,,,30.14829080669831,,,,,7.763244878875362,,,5.321233760439058,,,3.3148102393520253,,,0.0033529800957099423,6.715459434775859e-05,0.00013471564690487446,5.863601359331916e-05,2.8387046879675872,0.47680314459674217,0.5802083663327983,6.116328526188129e-05,0.23519166292508142,6.198185967245157,0.9307841734246265,1.110432131618949,4.956545248880753e-10,0.7803083165040904
89b19601,0.02071934318487455,8.7,0.14065691683781037,0.2642967631222105,0.3394617627059153,0.0,0.0011509676957900052,0.0002949753345789697,0.01661468453489025,0,,,0.14065691683781037,,,0.2642967631222105,,,0.3394617627059153,,,,,0.0011509676957900052,,,0.0002949753345789697,,,0.01661468453489025,,,,,0.015172130343429067,,,0.007680824624725781,,,0.02993685070322752,,,,,0.0,,,0.0,,,0.0,,,,,12.942520831998017,,,3.599127345504481,,,12.507594518642483,,,,,8.750333598815217,,,6.572660088834345,,,3.9253334285447994,,,0.002846087504514697,0.00011630573712061013,0.00019636697083207582,0.00025140302545904446,7.0514399332043665,0.3699263490723941,0.792812836537027,0.00019189127634400475,0.22718820638642748,6.122366454907588,0.8376133276792583,0.9633157880736849,8.237567860063685e-10,0.8693775462078963
d69ef996,0.01560137670707735,8.7,0.14802788690440588,0.23011740703083666,0.3281701498580691,0.0,0.0009524913804856835,0.004499594969870337,0.0030555440850724715,0,,,0.14802788690440588,,,0.23011740703083666,,,0.3281701498580691,,,,,0.0009524913804856835,,,0.004499594969870337,,,0.0030555440850724715,,,,,0.01380211129128934,,,0.020928143766649938,,,0.018428877568145725,,,,,0.0,,,0.0,,,0.0,,,,,14.061107515513878,,,2.734250849935809,,,21.12043423238066,,,,,11.147541197649446,,,7.0320387056192315,,,3.629213045324558,,,0.003366960797498533,4.392407918568982e-05,0.00024981994879397907,9.317931192690748e-05,4.914465400112701,0.1112304775844879,0.6998460815487746,0.0001199259532683996,0.3432074691970438,6.26548055369123,0.8919618793182643,1.0718832050707647,7.323880328491238e-10,0.7331623606388049
aa8eec0a,0.1250723741399763,8.7,0.11618144498356157,0.24126842079785743,0.34102455111945207,0.0,0.09710175662734619,0.0046792006920857365,0.0010638279947134512,0,,,0.11618144498356157,,,0.24126842079785743,,,0.34102455111945207,,,,,0.09710175662734619,,,0.0046792006920857365,,,0.0010638279947134512,,,,,0.02212385144916355,,,0.0168584942284073,,,0.01458648686088224,,,,,0.0,,,0.0,,,0.0,,,,,59.01042594237321,,,19.014161299417285,,,20.644047652149514,,,,,8.249530741655443,,,5.173129975703146,,,2.8992547784984377,,,0.0017426564625584314,0.0001983321893155149,6.227704716504959e-05,0.00012451211688255758,6.36321914649729,0.2131949234441318,0.7182456019896652,0.0002082901039693749,0.21309315489932876,6.132695153185655,0.861342143637356,1.0612764786818896,4.308094993175278e-10,0.7782423847433271
9097b68e,0.17465471143618302,8.7,0.13721747164996376,0.26894009601643415,0.4261055755225522,0.0,0.003693535408086153,0.010635637633893677,0.10938850686110099,0,,,0.13721747164996376,,,0.26894009601643415,,,0.4261055755225522,,,,,0.003693535408086153,,,0.010635637633893677,,,0.10938850686110099,,,,,0.021030789022737265,,,0.03114937952018051,,,0.053502749394271916,,,,,0.0,,,0.0,,,0.0,,,,,16.66216110391884,,,59.64173958661555,,,14.19181594797138,,,,,9.69761987890824,,,6.755968841921788,,,2.9591919205787964,,,0.0029174994351758693,0.00013774518042266207,8.391811854301189e-05,9.54174275291353e-05,6.1849867612971146,0.2961515446866123,0.8715542476573273,0.00024429308821829213,0.17554509901484203,5.700033516869571,0.865888662400177,1.0465498635973554,6.371395501346887e-10,0.9095065001972781
5971c168,0.04995393410481583,8.7,0.14406246205020076,0.24618361607690584,0.3929116074050722,0.0,0.0010495659739523987,0.0033238317106162388,0.018047737297134075,0,,,0.14406246205020076,,,0.24618361607690584,,,0.3929116074050722,,,,,0.0010495659739523987,,,0.0033238317106162388,,,0.018047737297134075,,,,,0.014488381372343833,,,0.025783063086515685,,,0.004844964735389727,,,,,0.0,,,0.0,,,0.0,,,,,1.5010153801101738,,,11.100162926612656,,,7.676328723202139,,,,,8.67341685892697,,,7.193982667754208,,,3.232772549429978,,,0.004993404245066037,0.00012535642777972158,0.00019008782606238562,8.386062411050273e-05,8.56058388737224,0.3023717518080959,0.738110894583952,0.0002016028743941972,0.14618974701701945,5.890966840207906,0.8596384901559728,1.0859982026789377,5.797541181896686e-10,0.8172249510785992
2c8e744d,0.08823364153222098,8.9,0.14386157563662788,0.2182887128120214,0.32439351226338875,0.0,0.04808445699007105,0.027298195985371157,0.002520691681996635,0,,,0.14386157563662788,,,0.2182887128120214,,,0.32439351226338875,,,,,0.04808445699007105,,,0.027298195985371157,,,0.002520691681996635,,,,,0.007010500296604891,,,0.0057198667730399035,,,0.005289500503923876,,,,,0.047838721418027565,,,0.0,,,0.0,,,,,9.149222830903488,,,7.299118221527509,,,38.170653120751965,,,,,22.469337527844356,,,8.087734331765153,,,4.741150415325318,,,0.003224478548078723,0.00017702740900754518,0.00021963521231161263,0.00018459702275941094,4.916955463239166,0.08502959720266093,0.6519809839109825,0.00017468348461481024,0.3169785083232034,6.075697833295493,0.9193568799284632,0.9932212636580641,1.081611284998258e-09,0.6815077025695069
0f973704,0.03412038172769788,8.9,0.14450554534915525,0.26325314924423293,0.3895197661470332,0.0,0.001251425487801743,1.2429455747279968e-05,0.014394949827354791,0,,,0.14450554534915525,,,0.26325314924423293,,,0.3895197661470332,,,,,0.001251425487801743,,,1.2429455747279968e-05,,,0.014394949827354791,,,,,0.01582040130844817,,,0.0015766709071508846,,,0.016923815779823617,,,,,0.0,,,0.0,,,0.0,,,,,2.805839906721243,,,8.798474002835409,,,9.671128323538642,,,,,9.658621780454148,,,7.980967019364948,,,3.8380774437396425,,,0.006409108725439779,0.00010170048182510684,0.00043852416413490275,8.235920170091206e-05,4.740461411765539,0.1422881726433813,0.9258371583934532,0.00018739268620430788,0.22201609501120828,6.243252477613157,0.838037019100014,1.0318410210253728,7.312397018331827e-10,0.9362970698878499
44ceff55,0.04742453811515479,8.9,0.14331200998716742,0.2628817913937595,0.3978005530149704,0.0,0.007508465091834303,0.0052339704652027575,0.01028572371634152,0,,,0.14331200998716742,,,0.2628817913937595,,,0.3978005530149704,,,,,0.007508465091834303,,,0.0052339704652027575,,,0.01028572371634152,,,,,0.0387516840713647,,,0.032354197456289216,,,0.03833642502037995,,,,,0.0,,,0.0,,,0.0,,,,,19.97304756204909,,,3.0141456369780264,,,9.056943866151787,,,,,8.652238230200599,,,6.696058018674533,,,3.3250121746588372,,,0.010371176593855334,6.27453212653062e-05,0.00021485185457095622,0.00011170905038781532,8.092926185884679,0.5262882613284505,0.8947072381769892,9.258066747440304e-05,0.0400633691715433,6.389171427535095,0.8815286134160994,1.0106531437518307,6.300462280062518e-10,0.9500321120034745
23d821c2,0.10967995401551545,8.9,0.12718947681395784,0.20858049094720474,0.34103682814694003,0.0,0.018022970540647262,0.06095773817076383,0.008392473938347762,0,,,0.12718947681395784,,,0.20858049094720474,,,0.34103682814694003,,,,,0.018022970540647262,,,0.06095773817076383,,,0.008392473938347762,,,,,0.019442162921919984,,,0.011481730021888856,,,0.022565510200692553,,,,,0.0,,,0.0,,,0.0,,,,,17.63736325755692,,,18.911274923577587,,,7.218559668658708,,,,,8.903423040427267,,,6.194419262021663,,,4.60302243611542,,,0.003969169232762313,6.703051767426398e-05,0.00013144221359177554,9.95409352305681e-05,5.26015200929276,0.10939431272565173,0.6089700050069432,0.00016784925155431755,0.22719313992454568,6.108769572971066,0.8003650411104909,1.0511297267205388,6.250556010324687e-10,0.651685565563823
e284d766,0.04421501923496274,8.9,0.13442930431269318,0.26299579133768636,0.39444511940392246,0.0,0.001934307193550133,0.00025324554683635244,0.010931289799127494,0,,,0.13442930431269318,,,0.26299579133768636,,,0.39444511940392246,,,,,0.001934307193550133,,,0.00025324554683635244,,,0.010931289799127494,,,,,0.012924946229039105,,,0.007116818767347563,,,0.031051955067493784,,,,,0.0,,,0.0,,,0.0,,,,,8.578689480181563,,,12.201216924446808,,,4.240747529936992,,,,,9.112349390438787,,,6.6205146371268055,,,3.0690419283751083,,,0.0021202656763906653,0.0001255347736694995,0.00025108201781270055,0.00010886939135703359,7.384368489969747,0.17273727950540274,0.943402855832377,7.64458970164708e-05,0.1769365513605603,6.3318966651287925,0.83298909004293,0.9708071905294,7.765880263704784e-10,0.9530849522580841
ad08cd05,0.16281125215576006,8.9,0.1597548257627723,0.28445701021171943,0.4350348333325317,0.0,0.002104458723709116,0.002853014393072088,0.13008181868045832,0,,,0.1597548257627723,,,0.28445701021171943,,,0.4350348333325317,,,,,0.002104458723709116,,,0.002853014393072088,,,0.13008181868045832,,,,,0.02051564633985055,,,0.02388729533903781,,,0.0059968526357500815,,,,,0.0,,,0.0,,,0.0,,,,,4.186895816264297,,,14.722409825742833,,,9.49017220612928,,,,,10.465259862292505,,,6.788051549069893,,,3.438560266119409,,,0.0052278305418333145,0.00011306361971823631,0.00023678557068919988,0.00012699543940240885,6.588685313987986,0.3102914170667144,0.791032941358514,0.0002748082460146879,0.29605635520954104,5.858989346956056,0.8392719436577877,1.0526678556980598,7.248938578027261e-10,0.8557945228105082
bc766c72,0.7937173953811089,8.9,0.1375717162195095,0.23165359544071745,0.3441077585470937,0.0,0.00046622404490434196,0.002615280828178169,0.780229684226937,0,,,0.1375717162195095,,,0.23165359544071745,,,0.3441077585470937,,,,,0.00046622404490434196,,,0.002615280828178169,,,0.780229684226937,,,,,0.00965633517339101,,,0.0036073121279963944,,,0.061299258528671303,,,,,0.0,,,0.0,,,0.0,,,,,16.70479794802473,,,12.321557454228648,,,138.20289180596208,,,,,8.911134668253858,,,6.49589584291423,,,4.480311432399699,,,0.0020835110915710955,7.335120773964601e-05,7.593501426788342e-05,0.00013899841478780275,4.4050045136478015,0.09689374791606323,0.6864658793582646,0.00016216110230114032,0.37131745775945274,6.1800375442230155,0.8272040610345115,1.0203530287414737,6.829548662185651e-10,0.7167767288188737
aa4f5d16,0.045761459783850975,8.9,0.14868634346392842,0.23204057062097863,0.32233812654751637,0.0,0.03620534841618461,0.003501529874918783,0.000341381061139335,0,,,0.14868634346392842,,,0.23204057062097863,,,0.32233812654751637,,,,,0.03620534841618461,,,0.003501529874918783,,,0.000341381061139335,,,,,0.0103597838954999,,,0.008936992340904866,,,0.008048981744806562,,,,,0.035668722804377315,,,0.0,,,0.0,,,,,8.956318068893317,,,7.354322040587644,,,39.71555449091265,,,,,18.823910172747414,,,6.853658009528481,,,4.097062733979891,,,0.0039624833403077405,9.146299140700659e-05,0.00036143029166486434,0.00013976922441431692,3.939892611461333,0.22541876244229203,0.68557917536016,0.00020388836906625783,0.08991746442944992,6.233905817019931,0.8798556784006998,1.0327579951275765,1.0276930907272736e-09,0.7563869706190216
7ea30013,0.0417257250818786,9.0,0.138033057646397,0.2596855912943149,0.39517071364410444,0.0,0.0006105579555885178,0.000492750062338173,0.012155435825557854,0,,,0.138033057646397,,,0.2596855912943149,,,0.39517071364410444,,,,,0.0006105579555885178,,,0.000492750062338173,,,0.012155435825557854,,,,,0.011050411355135317,,,0.009142252821369004,,,0.031497875209982235,,,,,0.0,,,0.0,,,0.0,,,,,7.068087756570842,,,11.255061468431835,,,6.552393298691085,,,,,10.299212767512497,,,6.759240832240842,,,3.5331494596608928,,,0.004994802945276463,6.76172846654713e-05,0.0003322479477765725,5.887951687405646e-05,6.627502949422338,0.009396054256962355,0.8903645610623382,0.00011128933445075054,0.2304414788357758,6.4929280260502695,0.8226005745192962,1.0467082734846498,8.269650596524082e-10,0.8913056651389761
cb3105ef,0.12235758301335739,9.0,0.13759229846668272,0.2510772369715178,0.41330104170215426,0.0,0.0015386895489574554,0.00032816291556824053,0.07427734135195296,0,,,0.13759229846668272,,,0.2510772369715178,,,0.41330104170215426,,,,,0.0015386895489574554,,,0.00032816291556824053,,,0.07427734135195296,,,,,0.017542460197802676,,,0.008101393899425463,,,0.012869965138701147,,,,,0.0,,,0.0,,,0.0,,,,,9.220724372792676,,,6.200469089768214,,,15.750623254641793,,,,,11.038089565934179,,,7.804558967179637,,,3.563417515763809,,,0.0024862315330183068,8.788908675305183e-05,0.00022439398987323652,9.522017682628698e-05,3.868116646467257,0.14461261771448525,0.8963713092264587,9.517076379571777e-05,0.27509522622961424,6.38119011184888,0.8664683301349257,1.0122760380097053,8.963215070356115e-10,0.9112676883386228
7604b22f,0.10310277438540853,9.0,0.12398466934177452,0.2663332303505629,0.40397142537890307,0.0,0.028845794078005298,0.0007396417623551442,0.0205148972375908,0,,,0.12398466934177452,,,0.2663332303505629,,,0.40397142537890307,,,,,0.028845794078005298,,,0.0007396417623551442,,,0.0205148972375908,,,,,0.010071822592576314,,,0.012162580008823327,,,0.007938319853460336,,,,,0.0,,,0.0,,,0.0,,,,,11.774320867867338,,,2.51033224735539,,,14.833087505037078,,,,,8.923390841734927,,,6.577136381207779,,,3.353153185285192,,,0.0020739965372448834,0.00017298537375678253,0.00020884075797260234,0.00012932757223155773,4.3737874891801525,0.03360377767894039,0.961055045861326,0.00013475949875191163,0.24441133174027757,6.072026567554535,0.8528719508079337,1.0346173841512203,7.258575086768038e-10,0.9622676379373324
90c06f1f,0.13155830365567361,9.0,0.13897218041905302,0.25434139143354784,0.3821941686248064,0.0,0.0007348811286746887,0.0009648448022448535,0.10887867128419214,0,,,0.13897218041905302,,,0.25434139143354784,,,0.3821941686248064,,,,,0.0007348811286746887,,,0.0009648448022448535,,,0.10887867128419214,,,,,0.012123375179170929,,,0.013891326806643442,,,0.06089735475172266,,,,,0.0,,,0.0,,,0.0,,,,,19.07458407032392,,,17.840177550497117,,,5.85628239045085,,,,,7.608104822973498,,,5.8458470657235795,,,3.1262073548371356,,,0.002775194358318668,6.127497052717516e-05,0.00024857439265534725,8.479036329587101e-05,4.88602800034939,0.32932070703187244,0.8792933246567061,0.0001141023672564888,0.24095062625647365,5.830740468669517,0.8590039439030043,0.9602692351390935,6.299090300486532e-10,0.9189566029917606
4878fd20,1.4395894281266657,9.0,0.1366878640874968,0.2507162296523188,0.40514972106979313,0.0,1.3729352351244812,0.0024838685127579227,0.02372037916439336,0,,,0.1366878640874968,,,0.2507162296523188,,,0.40514972106979313,,,,,1.3729352351244812,,,0.0024838685127579227,,,0.02372037916439336,,,,,0.01768292108858187,,,0.022288420817805476,,,0.010689180409284904,,,,,0.011767878401254097,,,0.0,,,0.0,,,,,164.3985601255417,,,5.528426097971573,,,12.00490357266319,,,,,18.000103926594807,,,8.091559106453934,,,3.290925711515517,,,0.007123165341007843,7.306767544020547e-05,0.0004794293551523846,0.000155029380651892,4.484185522236792,0.24360437095976212,0.896435076648907,0.00010219237567851132,0.12833614434873486,6.088919040483885,0.8953952996524446,1.0027874939250374,9.246536306216898e-10,0.9215743011476811
925e59e7,0.04966535275477216,9.0,0.15098083377602337,0.2475695685527107,0.3843318556118861,0.0,6.274940202341164e-05,0.0006946924958488738,0.030037047847600917,0,,,0.15098083377602337,,,0.2475695685527107,,,0.3843318556118861,,,,,6.274940202341164e-05,,,0.0006946924958488738,,,0.030037047847600917,,,,,0.0035425810371369527,,,0.01178721761781697,,,0.05177119192956163,,,,,0.0,,,0.0,,,0.0,,,,,6.206649753641166,,,9.337850915671474,,,13.104115482955901,,,,,9.805839536269533,,,6.643135886894383,,,3.3412212786409157,,,0.005850840165984632,0.00010793182104831246,0.00020925301130630044,0.00014278388720359667,3.315064952656877,0.12552729228795712,0.8220465364515839,0.00020132161838575435,0.3141200734404506,6.104939461039683,0.8421586969153443,1.0098514332655084,6.381505410673262e-10,0.844302348230435
fdc24b6e,0.030914286819319466,9.0,0.13939632513135866,0.24884745910331488,0.3784882272552247,0.0,0.004024284741703257,0.0052095939804321974,0.0014115858286227472,0,,,0.13939632513135866,,,0.24884745910331488,,,0.3784882272552247,,,,,0.004024284741703257,,,0.0052095939804321974,,,0.0014115858286227472,,,,,0.018432650165567308,,,0.0322787669542447,,,0.014711843213427079,,,,,0.0,,,0.0,,,0.0,,,,,20.87850774823227,,,4.636960810265634,,,4.361462945508929,,,,,7.858587738966527,,,5.806214543653659,,,2.9722063704727555,,,0.004889156491309109,8.657938750275667e-05,0.00046492510960596237,6.986002404549224e-05,3.4047929299888557,0.12832939885077366,0.8789667568822063,0.00015157222800279844,0.18342207541486666,6.284333311693444,0.8153311070481641,0.9919700179786339,5.169499232816113e-10,0.894410983536784
2ce0860f,0.02602643847319663,9.0,0.14825376428222692,0.26820208082093266,0.3697439947145367,0.0,0.0004942585430437483,0.0031066892583593137,0.015886716186396702,0,,,0.14825376428222692,,,0.26820208082093266,,,0.3697439947145367,,,,,0.0004942585430437483,,,0.0031066892583593137,,,0.015886716186396702,,,,,0.009942419655634622,,,0.024926649427306966,,,0.04028802458072192,,,,,0.0,,,0.0,,,0.0,,,,,12.770690267713288,,,1.8176752208384477,,,3.5962006894034526,,,,,9.21211371875689,,,7.085717846920594,,,3.3428910755774264,,,0.004591755963195039,6.099797594571401e-05,0.00015207345699708117,3.261827425167526e-05,6.655664542051086,0.08986604382192515,0.8325673083756254,0.00019248683563237752,0.17301748958003044,6.513945378137742,0.8828106795255461,1.01693794069554,6.507915175254157e-10,0.8475305652475267
867d8c0f,0.02373833790347728,9.2,0.14039082640596356,0.2559288293633718,0.38258724654460996,0.0,0.0005669372686447761,0.00021905247937186446,0.0032825865762416656,0,,,0.14039082640596356,,,0.2559288293633718,,,0.38258724654460996,,,,,0.0005669372686447761,,,0.00021905247937186446,,,0.0032825865762416656,,,,,0.004794012653454253,,,0.006618949756145071,,,0.019714925274398148,,,,,0.0,,,0.0,,,0.0,,,,,10.578171468675269,,,2.0497261601831203,,,8.651782071647657,,,,,14.166125546865171,,,6.529972941448116,,,3.646240423126605,,,0.00413844616998365,3.7040533276336485e-05,0.00021324663900428983,8.58731989025263e-05,5.747481347864516,0.09092183944392922,0.8443915451877907,0.00021840629739720553,0.11034549321171265,6.374380861714071,0.8193051388658984,1.08095811547266,8.867605276317601e-10,0.8584553129778255
abb1336e,0.03523612442691995,9.2,0.12729076069725015,0.2411983176454247,0.34957228425899284,0.0,0.017363303509874438,0.0022754040208069703,2.299230659263032e-06,0,,,0.12729076069725015,,,0.2411983176454247,,,0.34957228425899284,,,,,0.017363303509874438,,,0.0022754040208069703,,,2.299230659263032e-06,,,,,0.025065591750944523,,,0.02133262300237348,,,0.0006781195557220027,,,,,0.0,,,0.0,,,0.0,,,,,19.84976042757571,,,5.054973868991927,,,37.73475255594331,,,,,7.871185982765268,,,6.001745858964401,,,3.3646182509020037,,,0.0033344775857927457,5.5894535979607584e-05,0.00023739902663594622,5.2063771868565685e-05,3.0681194419609312,0.11183349787924149,0.7504347133951906,0.00012006675047599606,0.3288656512616427,6.217733381995495,0.8648493213202558,1.017977887504321,6.802918408074613e-10,0.7782694288741023
0e58cb72,0.03141913613368109,9.2,0.132011989899338,0.23532919293581234,0.36441316974443966,0.0,0.00233722274203763,0.005754513182421855,0.0015995775134166584,0,,,0.132011989899338,,,0.23532919293581234,,,0.36441316974443966,,,,,0.00233722274203763,,,0.005754513182421855,,,0.0015995775134166584,,,,,0.010868510488097904,,,0.03392495595405204,,,0.017886181892269006,,,,,0.0,,,0.0,,,0.0,,,,,11.20742925199802,,,10.73132096770017,,,17.368775389403503,,,,,7.896997504622174,,,6.297992625261258,,,3.188709452572992,,,0.00302515835143261,4.729892114649154e-05,0.0002906780156242603,3.893623102738601e-05,6.275401395260005,0.0746844111607315,0.7608713648873863,9.254689664648017e-05,0.3014703066341817,6.459050417638256,0.8936909346714527,0.9999101786659601,6.025304032404544e-10,0.7786544590559525
472f6557,0.041363135028355424,9.2,0.14387699813709737,0.26067159451259353,0.3885101094857518,0.0,0.0027156550714958734,0.001894120249958099,0.017659663542105457,0,,,0.14387699813709737,,,0.26067159451259353,,,0.3885101094857518,,,,,0.0027156550714958734,,,0.001894120249958099,,,0.017659663542105457,,,,,0.02330517140677525,,,0.01946340283690444,,,0.03059488156965479,,,,,0.0,,,0.0,,,0.0,,,,,2.5609180532508966,,,29.04777715863862,,,10.79899866763245,,,,,8.723803808971125,,,6.334672044583557,,,3.197374938103436,,,0.010944923150083542,4.310835115492301e-05,0.0003428672818096147,2.523255683869739e-05,4.766001273496464,0.15741976467406407,0.9502973108665387,0.00023229476570814015,0.14306943407903586,6.685059514103138,0.853224033247115,0.9810515557783063,6.112906883390123e-10,0.9580264667625097
21c412de,1.3050174989047094,9.2,0.15318616811914124,0.26492859608610725,0.39139049153676564,0.0,1.2539429813485659,0.0005574254463779002,0.036529393842480606,0,,,0.15318616811914124,,,0.26492859608610725,,,0.39139049153676564,,,,,1.2539429813485659,,,0.0005574254463779002,,,0.036529393842480606,,,,,0.023129196512699585,,,0.010558649974100857,,,0.05000718708395638,,,,,0.0,,,0.0,,,0.0,,,,,157.6589008896667,,,2.6238940467172567,,,31.272461055062685,,,,,10.421537785050742,,,6.646931172061057,,,3.7972331185965915,,,0.005197890205438027,2.3585717057063458e-05,0.00012119263236675549,5.709663590879235e-05,7.168673212411236,0.05576397037801861,0.7681231936819383,0.00024266118404554963,0.31780090781920645,6.558482519630073,0.8744443906678762,1.0616014138309522,6.208796412601287e-10,0.7809767527214401
6afe3118,0.030042147718339303,9.2,0.12918045854707833,0.23184955044732608,0.34594810318342206,0.0,0.008320311298399665,0.002410447643261651,0.0047469412234858975,0,,,0.12918045854707833,,,0.23184955044732608,,,0.34594810318342206,,,,,0.008320311298399665,,,0.002410447643261651,,,0.0047469412234858975,,,,,0.0040607666624554815,,,0.01140841179863532,,,0.030812144435225203,,,,,0.0,,,0.0,,,0.0,,,,,5.786999469137942,,,12.747905990751876,,,8.726478703449716,,,,,8.299796403990282,,,6.132203694273768,,,3.6584925157307606,,,0.005187760882014081,7.823218132209623e-05,0.000369382948042184,5.3287761049299684e-05,2.0420401980675824,0.06604359318941506,0.8064843355193283,0.00021137525167349484,0.17293069403736713,6.57965761623635,0.8385493010761297,1.0241342691859008,5.943662587354475e-10,0.8191841569065172
a04347cc,0.09629225407957241,9.2,0.12025526401674876,0.2514596786712854,0.35674318562879465,0.0,0.06496907336360498,0.0012603436913707889,0.00415534926763827,0,,,0.12025526401674876,,,0.2514596786712854,,,0.35674318562879465,,,,,0.06496907336360498,,,0.0012603436913707889,,,0.00415534926763827,,,,,0.03848650302395897,,,0.015853726975104,,,0.028828282181351944,,,,,0.0,,,0.0,,,0.0,,,,,13.69708541325636,,,8.068240529752696,,,9.253701087620781,,,,,7.5501774291458945,,,5.721540121174733,,,2.9051145185337903,,,0.007585012057105977,5.258522613988504e-05,0.00021179199134879265,3.728551438116557e-05,2.949059446273445,0.08122199711359851,0.8136212839539643,0.00017101023158467063,0.21736283094165018,6.558178055592617,0.8744381769432781,0.980347051103307,5.015450810780184e-10,0.8286779733622962
d13805e0,0.03124445450081026,9.2,0.14955830656737726,0.2695085695787917,0.3987236282489494,0.0,0.0007365567455066549,0.0005286806268437107,0.011801133932459662,0,,,0.14955830656737726,,,0.2695085695787917,,,0.3987236282489494,,,,,0.0007365567455066549,,,0.0005286806268437107,,,0.011801133932459662,,,,,0.012137188681953123,,,0.010282807270815793,,,0.01054056752364246,,,,,0.0,,,0.0,,,0.0,,,,,4.876746092981028,,,10.869392829653835,,,3.7777669112803323,,,,,8.54661056762221,,,7.242568410696919,,,3.1459868680986487,,,0.003803354963637866,0.00010434902286976243,0.00025983723390304105,5.527983006225899e-05,3.9527296427085545,0.3445429692322841,0.8587020055705086,0.00026892505884605974,0.09346115982835806,6.381867375480278,0.8446327192692765,1.017190226248657,5.993726633278907e-10,0.9072993659172552
746820b0,0.1720726892298085,9.3,0.1385586055401544,0.2683399202837961,0.43041059500122414,0.0,0.002596515555217474,0.005345622359440618,0.11098532669043257,0,,,0.1385586055401544,,,0.2683399202837961,,,0.43041059500122414,,,,,0.002596515555217474,,,0.005345622359440618,,,0.11098532669043257,,,,,0.02278822307779821,,,0.03269746889115614,,,0.0307145635542214,,,,,0.0,,,0.0,,,0.0,,,,,11.105763753169532,,,2.8472022053386192,,,1.8441147066409906,,,,,7.869762261266207,,,6.524329268271287,,,3.6262388625924906,,,0.0038128796377384666,5.482340285616752e-05,0.00026286563921611606,7.411152580836104e-05,4.887256460558194,0.09665015894546679,0.8634591293901654,0.0002358415404145663,0.08833702554662429,6.261178117326693,0.8002563224652364,1.083539939405059,5.325065455516093e-10,0.8765694803242193
5d4d8c3f,0.0497976240257957,9.3,0.15327961215337912,0.2700436480727156,0.39509093945075774,0.0,0.002901072927204698,0.0005523678374765982,0.03237415773336873,0,,,0.15327961215337912,,,0.2700436480727156,,,0.39509093945075774,,,,,0.002901072927204698,,,0.0005523678374765982,,,0.03237415773336873,,,,,0.010370525354410054,,,0.010510640679583697,,,0.02706662133771033,,,,,0.0,,,0.0,,,0.0,,,,,25.692497379942548,,,4.911483539411153,,,8.800873831365369,,,,,10.282977301558926,,,6.995163280395542,,,3.5662510817231716,,,0.0038164513893537808,2.0018832382577538e-05,0.0003956224697870218,5.275150293436346e-05,3.423532922201889,0.24958011081144849,0.8382543291735091,0.0002625323638457966,0.24673897698142797,6.395592156037998,0.8122851509164524,1.054991613595214,7.954762412890061e-10,0.8785390061887394
8fc11a2c,0.053565858119375434,9.3,0.1298117558808766,0.22965193308290183,0.3759974315369826,0.0,0.006604038050256075,0.0045805651435084,0.008848681576806386,0,,,0.1298117558808766,,,0.22965193308290183,,,0.3759974315369826,,,,,0.006604038050256075,,,0.0045805651435084,,,0.008848681576806386,,,,,0.023013959125197717,,,0.01038431438601717,,,0.017557882061852523,,,,,0.0,,,0.0,,,0.0,,,,,10.037598015224686,,,14.859376996824432,,,9.670422481732274,,,,,15.05627790809113,,,7.076872861933385,,,4.050849441791702,,,0.0037722761380068913,2.341646694834618e-05,0.000164388167626986,7.47589200882897e-05,2.0895018337141362,0.1767714768943701,0.7193780016370411,0.0002183869539617284,0.14068480141769085,6.4650579970484445,0.8271562065742533,1.0759568242208246,8.122079134858329e-10,0.7689120289365472
0b0107cc,0.03910114906413962,9.3,0.15335303723265145,0.2657033451156733,0.39537955541227016,0.0,0.00015593630879345103,0.004133411400598137,0.019222735115191875,0,,,0.15335303723265145,,,0.2657033451156733,,,0.39537955541227016,,,,,0.00015593630879345103,,,0.004133411400598137,,,0.019222735115191875,,,,,0.005584555645589916,,,0.028752083057052187,,,0.040120467888000944,,,,,0.0,,,0.0,,,0.0,,,,,10.26970451598015,,,19.130964008541618,,,9.080231015181726,,,,,8.464213019165213,,,6.932012925842712,,,3.1513917760345667,,,0.003975383883972049,5.6025841342238215e-05,0.00034430819814920254,0.00010561694025106494,4.131980554788772,0.16822134199230843,0.8984460109608846,0.0002900908199272042,0.1308598074003748,6.546638541734823,0.8596204185611097,1.0760348262253996,5.129693633100336e-10,0.9154397146806207
5853a699,0.16665753774346753,9.3,0.14617639058990342,0.2613617732654543,0.43177039650940535,0.0,0.00041516480657495964,0.0027085865972276196,0.11522727381028204,0,,,0.14617639058990342,,,0.2613617732654543,,,0.43177039650940535,,,,,0.00041516480657495964,,,0.0027085865972276196,,,0.11522727381028204,,,,,0.009112242386755958,,,0.023274821577093215,,,0.029249974516756868,,,,,0.0,,,0.0,,,0.0,,,,,7.43367094628874,,,26.39230938675038,,,10.05051340939317,,,,,9.811011552698027,,,7.0887974696337235,,,3.4492636203347367,,,0.0020547340579123883,9.132312251247256e-05,0.0002685039569691827,0.00010031870676968535,2.969909507157328,0.1474304483801011,0.912892002603255,0.0001734395948950138,0.2668973483505098,6.2805115986240105,0.8362488219710755,1.043325499503201,8.502802138151699e-10,0.9256430845166894
e52a72e9,0.11528296348511705,9.3,0.1493687191917207,0.27227759439218546,0.42313573743900373,0.0,0.00033299849979954755,0.0002147745095584929,0.08167022311963604,0,,,0.1493687191917207,,,0.27227759439218546,,,0.42313573743900373,,,,,0.00033299849979954755,,,0.0002147745095584929,,,0.08167022311963604,,,,,0.00816086392239875,,,0.006553998925213414,,,0.03613734475423748,,,,,0.0,,,0.0,,,0.0,,,,,11.400452488936521,,,6.440875453741751,,,13.212352180463837,,,,,9.375830210640395,,,6.691143280974432,,,3.489519645277329,,,0.005242725184422299,3.311499206116136e-05,0.00019679564235304013,6.126609540445114e-05,5.231710935536676,0.30779926160683174,0.8642109941740983,0.000228033212483466,0.18589989822294445,6.496865717883106,0.8628242267540183,1.0270654730887114,7.417473383400708e-10,0.9059203288022193
64545c87,0.05282852280814837,9.3,0.14608946348231988,0.2669931303919589,0.40387401873739537,0.0,0.0015678283647180887,0.0025328232845228805,0.0241087838971058,0,,,0.14608946348231988,,,0.2669931303919589,,,0.40387401873739537,,,,,0.0015678283647180887,,,0.0025328232845228805,,,0.0241087838971058,,,,,0.01770778565895854,,,0.022506991289476613,,,0.017093053355568343,,,,,0.0,,,0.0,,,0.0,,,,,9.971318055793366,,,10.729284121985907,,,9.260240078321052,,,,,8.484398090026394,,,6.355022145578598,,,3.4266759599204506,,,0.005038217651145481,3.292234348569693e-05,0.00025803670087032777,7.98746149503072e-05,4.141603991889844,0.17725086437091242,0.8246447248822897,0.00025240557094157335,0.010004469006745505,6.523817926056316,0.8692602914534476,1.0466281102650472,7.447632302066649e-10,0.8556441344964147
82076d2c,0.04039584104638373,9.3,0.13284134041939843,0.254350018342026,0.3901638183959252,0.0,0.001375354452457356,0.00031238059453469384,0.006829149548923094,0,,,0.13284134041939843,,,0.254350018342026,,,0.3901638183959252,,,,,0.001375354452457356,,,0.00031238059453469384,,,0.006829149548923094,,,,,0.004702446380059678,,,0.007904183633174192,,,0.02978346112014578,,,,,0.0,,,0.0,,,0.0,,,,,17.632006674557893,,,12.404875456938925,,,8.130149811439605,,,,,9.029175988430262,,,5.994403347815564,,,3.1686608195024855,,,0.0029049603467355945,0.00014359505991696033,0.00026619942314655204,0.00011943504781647349,4.385245263240984,0.15010896237643534,0.98942755120496,0.00013311224034089704,0.010131054776164638,6.498896599266147,0.811338031499587,1.0520983791187672,6.932334036682518e-10,0.9909156277682409
271df8b4,0.13187265692854747,9.5,0.13151155910868295,0.24969079064091204,0.4059454552347924,0.0,0.05898864954342344,0.0005739873521962394,0.024865564978678034,0,,,0.13151155910868295,,,0.24969079064091204,,,0.4059454552347924,,,,,0.05898864954342344,,,0.0005739873521962394,,,0.024865564978678034,,,,,0.004256220356324329,,,0.01071435814406294,,,0.00877353980166777,,,,,0.04966362121734056,,,0.0,,,0.0,,,,,6.278943246390991,,,2.6357573328671315,,,2.0234529139250377,,,,,23.44650210559803,,,8.543285857408408,,,3.7283492930802447,,,0.006198444133639383,3.166609963045025e-05,0.0003426296931172694,0.00014084397481131173,2.070882515641057,0.3323832815069678,0.8651183089191966,0.00024475994527943176,0.05527904062844948,6.407790142194116,0.8584579988524814,1.1354051744253282,1.0967887550520409e-09,0.9098642161849513
e898c102,0.10206750284503942,9.5,0.14784061572957166,0.28188818516679415,0.4178968811831601,0.0,0.002787461004896429,0.008919635612493796,0.0623792573807096,0,,,0.14784061572957166,,,0.28188818516679415,,,0.4178968811831601,,,,,0.002787461004896429,,,0.008919635612493796,,,0.0623792573807096,,,,,0.020767349069843226,,,0.008955132867324238,,,0.03722001047955554,,,,,0.0,,,0.0,,,0.0,,,,,17.615325805003224,,,3.9722058668675544,,,7.8437305499588135,,,,,8.029515045862729,,,6.784494764848854,,,3.3529734529530053,,,0.0020355066864367385,9.598745684635419e-05,0.00015771790423682749,9.553590249075093e-05,4.4777810796932895,0.05702634740913534,0.9779921100523133,0.000394033865037404,0.15243788452591028,6.667319559513994,0.8003599269086143,0.9853780664996983,5.952031214981006e-10,0.9791493404192069
c1b50d18,0.0896573116831067,9.5,0.13404189028186683,0.2471696980348749,0.4010331901047509,0.0,0.0007372507666371431,0.0023785495226923037,0.04516863162749517,0,,,0.13404189028186683,,,0.2471696980348749,,,0.4010331901047509,,,,,0.0007372507666371431,,,0.0023785495226923037,,,0.04516863162749517,,,,,0.01214290547305004,,,0.021810774964188245,,,0.06854189882369859,,,,,0.0,,,0.0,,,0.0,,,,,9.21266066375645,,,12.49806356812924,,,9.28210765021964,,,,,8.255275344603824,,,6.763056222285042,,,3.521878207593016,,,0.0035303790492429974,3.518069094508896e-05,0.0003089551223651966,0.00011247356113062908,5.285567558982281,0.035951937478434934,0.9864069695899939,0.00022445402049429505,0.04906229890100049,6.894962225003816,0.8592685399294074,1.1022983305208225,4.892158199817757e-10,0.9867970246724779
148845b1,0.3234201674326889,9.5,0.13535226009473342,0.2622752801996819,0.4304665379611087,0.0,0.0026030691798643937,0.006664143822079413,0.25410454806963223,0,,,0.13535226009473342,,,0.2622752801996819,,,0.4304665379611087,,,,,0.0026030691798643937,,,0.006664143822079413,,,0.25410454806963223,,,,,0.022816963776385295,,,0.03650792741879334,,,0.020445679886753405,,,,,0.0,,,0.0,,,0.0,,,,,17.09962718849101,,,5.017301616033211,,,14.496730546027619,,,,,7.799438960366643,,,6.365974577487776,,,3.4442341216737136,,,0.0047036580071011256,4.2663990966215006e-05,0.0002668923116998236,8.487030108969505e-05,4.830292259560432,0.18180078314095013,0.9396061337247187,0.00038974639557667976,0.17572398335166345,6.390666411174651,0.8283370849817652,1.115672092517443,4.648115136921692e-10,0.9504918252971022
ec9ccaf0,0.04758234357224522,9.5,0.12911165856970672,0.2583739357794353,0.3882543125402758,0.0,0.008431237072423551,0.0032926135743103374,0.0017491393518450466,0,,,0.12911165856970672,,,0.2583739357794353,,,0.3882543125402758,,,,,0.008431237072423551,,,0.0032926135743103374,,,0.0017491393518450466,,,,,0.0008933644836144089,,,0.02566169742752937,,,0.01301038390523871,,,,,0.0,,,0.0,,,0.0,,,,,25.735756780871768,,,8.580914356856114,,,19.84342278645224,,,,,7.031557466753733,,,6.026786186438027,,,2.6824678631019387,,,0.007382966437235786,5.66110083893566e-05,0.0004431973315902735,0.00010527349014899689,4.162537827070449,0.2680514397143949,0.9898549187513069,0.0003226805254306442,0.015974584433623755,6.457769669702125,0.878756889427418,1.0183039183951947,4.620394693877611e-10,0.9924753368941635
f2f10c09,0.06890217106782358,9.5,0.14623732210770463,0.2633565584001634,0.4075290343571582,0.0,0.0005878072150959267,0.011620265299116585,0.028495249764942422,0,,,0.14623732210770463,,,0.2633565584001634,,,0.4075290343571582,,,,,0.0005878072150959267,,,0.011620265299116585,,,0.028495249764942422,,,,,0.010842575479063327,,,0.042384199492532935,,,0.017876267313265425,,,,,0.0,,,0.0,,,0.0,,,,,12.096199972211766,,,4.273707673716231,,,26.82433434993157,,,,,8.776897380704332,,,7.067548423854433,,,3.27373366341096,,,0.0034137196189870603,0.00010359261925624965,0.00036574960435557373,0.00010079463355915213,6.058647212048778,0.050350908385417795,0.9741715876387357,0.00023015963485668718,0.19004588268027628,6.557636658469963,0.8638178860218881,1.074256973331528,5.931343539113179e-10,0.9753746545045147
a5bfd078,0.026223856574513635,9.5,0.14880135105284378,0.264572982020839,0.3810740541260697,0.0,0.0008459494992916451,0.0039965394845063625,0.01002667887941507,0,,,0.14880135105284378,,,0.264572982020839,,,0.3810740541260697,,,,,0.0008459494992916451,,,0.0039965394845063625,,,0.01002667887941507,,,,,0.013007301790084252,,,0.028272033830293718,,,0.004166999329011195,,,,,0.0,,,0.0,,,0.0,,,,,8.017929462735516,,,4.704655282952131,,,10.763650913066643,,,,,8.32730692397907,,,7.378444274237096,,,3.1514575050597435,,,0.002698639948578511,7.633412721646457e-05,0.00030130193903275354,8.139777518031907e-05,7.167872089861619,0.007633981577351861,0.892685896661816,0.00037035915404413564,0.2892609688220501,6.279660071984953,0.8352380327288151,0.9919672693141721,5.743560295499453e-10,0.8934158619600235
6beb9d96,0.021670397983089403,9.5,0.14263213137721764,0.2498202461678649,0.3709384445495469,0.0,0.00011375765794496846,0.0010461856598396925,0.006421616619108842,0,,,0.14263213137721764,,,0.2498202461678649,,,0.3709384445495469,,,,,0.00011375765794496846,,,0.0010461856598396925,,,0.006421616619108842,,,,,0.0047698565585344065,,,0.014465031350395978,,,0.035837456994348364,,,,,0.0,,,0.0,,,0.0,,,,,15.93493717084222,,,4.697943738907382,,,7.954442985182961,,,,,8.627464516040206,,,5.610327179416776,,,3.0250188007330805,,,0.003784015991454814,3.444975042840839e-05,0.000233508230064657,0.00010188371918741402,6.415455756090621,0.2769978037809042,0.7466130052961331,0.00018527101556050957,0.08480510178311554,6.380522805178597,0.8307686571096458,1.0612474618881031,4.897502952008985e-10,0.8167259850352182
d16b9089,0.020201276035662796,9.6,0.13810213286555853,0.25683821720787103,0.36997062799319624,0.0,0.0007177795684904766,0.0002762849186033965,0.004681655127025954,0,,,0.13810213286555853,,,0.25683821720787103,,,0.36997062799319624,,,,,0.0007177795684904766,,,0.0002762849186033965,,,0.004681655127025954,,,,,0.011981482116086278,,,0.0074335041347052,,,0.026255164722724003,,,,,0.0,,,0.0,,,0.0,,,,,19.961370952301223,,,7.782166426876062,,,30.844959969919532,,,,,7.81899511434582,,,5.997648663410233,,,2.9786715688574636,,,0.0035844230947197305,6.577013095690677e-05,0.0007103517155270755,0.00011687180882344808,9.994884293807178,0.3121191135014067,0.9710836152660275,0.00020246770337920981,0.09565797946478721,6.310240467250029,0.8241002114873508,1.0044546075329046,4.611393404278327e-10,0.9800118632733339
83581bb5,0.0313477232057674,9.6,0.13794584623203812,0.2514791352120351,0.37048982095008587,0.0,0.0039214317839584715,0.006741445421780328,0.004606958004460669,0,,,0.13794584623203812,,,0.2514791352120351,,,0.37048982095008587,,,,,0.0039214317839584715,,,0.006741445421780328,,,0.004606958004460669,,,,,0.0280051130472936,,,0.03671905614740207,,,0.024610740449091093,,,,,0.0,,,0.0,,,0.0,,,,,2.698660499387456,,,3.7195142776307377,,,1.3303618911186559,,,,,7.822220044324359,,,5.451629649757569,,,2.930158281087594,,,0.0020620104205596587,4.768283860555339e-05,0.0003062024278824192,5.5829916816990765e-05,8.084062128834624,0.27692541191173053,0.9722977133478002,0.00011985439474599981,0.05832833712466085,6.549907990578468,0.8409797804259608,1.0684038913870644,4.80051721114974e-10,0.9798719507185227
9da9f7ba,0.1368759202047849,9.6,0.1440590544750302,0.26391956393360605,0.4266248451707238,0.0,0.0004931870796150049,0.0015957948390643267,0.0900334775081112,0,,,0.1440590544750302,,,0.26391956393360605,,,0.4266248451707238,,,,,0.0004931870796150049,,,0.0015957948390643267,,,0.0900334775081112,,,,,0.009931637121995596,,,0.017865020789600703,,,0.005609266573486824,,,,,0.0,,,0.0,,,0.0,,,,,6.9124022739557205,,,4.8448584103481425,,,11.219492350812837,,,,,8.786490821591478,,,6.483460322386161,,,3.642575685405109,,,0.005033968415349855,9.317723925492649e-05,0.0002741759094443049,7.227721608145312e-05,4.441568170812419,0.19750412955280572,0.7634649480865509,0.00025206183075351967,0.15770943613030097,6.310932595152904,0.8060077855328883,1.101040747795188,6.350904426244887e-10,0.8101052511286357
b7652428,0.03963198883840273,9.6,0.14904224683853043,0.27506347124170144,0.4001199511109901,0.0,0.00021457754793091153,0.0031665271033965753,0.01843007923587888,0,,,0.14904224683853043,,,0.27506347124170144,,,0.4001199511109901,,,,,0.00021457754793091153,,,0.0031665271033965753,,,0.01843007923587888,,,,,0.0065509930229074665,,,0.0251655602099241,,,0.030849736288103675,,,,,0.0,,,0.0,,,0.0,,,,,2.5983638105522697,,,12.209713847600215,,,7.0945609014425495,,,,,8.457370398733158,,,5.93299295602932,,,2.849797594941327,,,0.002259807786445532,9.28810749843315e-05,0.00017461858716628532,0.0001829601279343174,6.318545809319042,0.2418392186956015,0.9126088247423222,0.00020365375922957394,0.15629614892456167,6.4269261567247895,0.8305919621712454,1.029675937098352,6.032841357035265e-10,0.933652177405055
9d07ef80,0.3954312291563405,9.6,0.09798828540892317,0.2677703401068625,0.3465618038243662,0.0,0.3308291160905404,0.00012062751496600248,0.0007345847578877553,0,,,0.09798828540892317,,,0.2677703401068625,,,0.3465618038243662,,,,,0.3308291160905404,,,0.00012062751496600248,,,0.0007345847578877553,,,,,0.03772945850649367,,,0.004911771879189881,,,0.012120930309904064,,,,,0.0,,,0.0,,,0.0,,,,,5.479730337775917,,,9.046964529264606,,,7.263997896926352,,,,,7.652022352137085,,,5.367084503876791,,,2.9622681845946164,,,0.0028955971681433297,8.39347640023945e-05,0.0002400174431275492,8.333950393649115e-05,3.067992885888865,0.22907936121209743,0.9289580112896701,0.00030658306451248577,0.03264581288530886,6.347662580055085,0.8844967959811959,1.056720843502385,4.312635583225187e-10,0.9451393688815406
7844d2ca,0.05818986864936561,9.6,0.12860817475078914,0.2536250569909978,0.36775318649615185,0.0,0.028153820932446498,0.0033462771277912697,0.004383552741369249,0,,,0.12860817475078914,,,0.2536250569909978,,,0.36775318649615185,,,,,0.028153820932446498,,,0.0033462771277912697,,,0.004383552741369249,,,,,0.023169565907660384,,,0.02349371773241631,,,0.029609298341464457,,,,,0.0,,,0.0,,,0.0,,,,,71.23775097877099,,,15.745637079069146,,,1.7472691245507235,,,,,7.109310196404175,,,5.911307794758538,,,2.74980721445423,,,0.0063853441985371115,3.824623990246164e-05,0.0004468186002955128,5.72006743611573e-05,9.010043347064338,0.23578796985765454,0.9213989558141972,0.0002333021611463547,0.01059791762130079,6.4946451199818105,0.9100585659609798,1.0028054757476812,4.297190627822647e-10,0.9398399965558779
4e736347,0.13640325050155264,9.6,0.11726092721543904,0.2423959493134801,0.3795121075885548,0.0,0.07335875066214854,0.0015938295931436873,0.014882486964760699,0,,,0.11726092721543904,,,0.2423959493134801,,,0.3795121075885548,,,,,0.07335875066214854,,,0.0015938295931436873,,,0.014882486964760699,,,,,0.006267280374830776,,,0.016699445664097888,,,0.02400643714399147,,,,,0.0,,,0.0,,,0.0,,,,,16.27121162836118,,,8.828268440871017,,,1.8765711959017781,,,,,6.961448082607551,,,5.748853887922532,,,2.99320057174406,,,0.0029930667100941857,4.4949515467817837e-05,0.0003564995400417603,0.00010415461928674282,5.2402297223787935,0.24521591517757527,0.8463361973076058,0.00018542875282508874,0.011298840711263075,6.434894480354536,0.8438156034031462,1.0009776375829953,4.724388299562892e-10,0.8839323736947569
7c893fcc,0.03868719910703723,9.6,0.14324960311896082,0.23950223466318668,0.3621789413960965,0.0,0.021780539187388107,0.0008322842061024494,0.0024059921517670993,0,,,0.14324960311896082,,,0.23950223466318668,,,0.3621789413960965,,,,,0.021780539187388107,,,0.0008322842061024494,,,0.0024059921517670993,,,,,0.016358077712124126,,,0.012901815423439055,,,0.02193623555566041,,,,,0.0,,,0.0,,,0.0,,,,,4.039921546723484,,,7.5699998220594376,,,6.891498815470383,,,,,11.283022811277963,,,7.3187223979720235,,,3.502368316358129,,,0.001848115874382717,3.556764305909475e-05,0.00033541378263168137,3.900063345804436e-05,4.335658968765802,0.03167932582921364,0.7620223811341906,0.000168392489255781,0.031268241004421084,6.552705753209455,0.8996329382815372,1.0131422717892047,8.010461091815925e-10,0.7694851494241876
9b0d14d2,0.07389104206421553,9.7,0.13058426841702067,0.24771627304935045,0.38982778878757796,0.0,0.005217417573887221,0.006533687862545853,0.026084591430441523,0,,,0.13058426841702067,,,0.24771627304935045,,,0.38982778878757796,,,,,0.005217417573887221,,,0.006533687862545853,,,0.026084591430441523,,,,,0.008646522347427141,,,0.03614882532682315,,,0.006939658096110769,,,,,0.0,,,0.0,,,0.0,,,,,21.79115208199036,,,6.099605484843469,,,26.73250576269329,,,,,8.1406269490432,,,5.603980802229113,,,2.678668053699911,,,0.0012863543926201078,6.640784940431678e-05,0.00029323680902363476,9.92181894427725e-05,9.745880262644437,0.10221700661971186,0.9262237443559006,0.0002580665050484755,0.026973073612276653,6.256491621750354,0.9073170772908774,1.0000119226262614,3.836937225570207e-10,0.9336723099930155
b35d6b46,0.11516840083600786,9.7,0.13675457402007704,0.25411907113352966,0.4137014165454524,0.0,0.00252811698446952,0.013773175466802418,0.05275251235079143,0,,,0.13675457402007704,,,0.25411907113352966,,,0.4137014165454524,,,,,0.00252811698446952,,,0.013773175466802418,,,0.05275251235079143,,,,,0.02248607117514983,,,0.02186122113435984,,,0.010521065908902555,,,,,0.0,,,0.0,,,0.0,,,,,11.900474106247387,,,11.67459073799146,,,6.734522605191931,,,,,8.309309957940894,,,10.917829962716468,,,2.609212978950966,,,0.0017632730322006344,5.464683727309423e-05,0.0006323099184514143,8.278844194832685e-05,9.044874767615857,0.40730300534079766,0.9896060610695332,0.00015790378138737552,0.14009223744930374,6.33770041778542,0.8438975022447803,1.0491957470696678,5.655244189473066e-10,0.9937405830271341
b509f373,0.048092444165422674,9.7,0.13546150698031906,0.26711119016569623,0.39298836231711176,0.0,0.012886066732809683,0.0008564887259301689,0.006113087462030254,0,,,0.13546150698031906,,,0.26711119016569623,,,0.39298836231711176,,,,,0.012886066732809683,,,0.0008564887259301689,,,0.006113087462030254,,,,,0.005967398549781478,,,0.013088076450954654,,,0.019673986046591697,,,,,0.0,,,0.0,,,0.0,,,,,20.182514249751982,,,16.725489880812145,,,3.7080557687490856,,,,,7.260219148873546,,,5.88531173940649,,,2.9736333006409055,,,0.002834461138337161,5.315409508778143e-05,0.00041285532941431625,8.875386240696536e-05,9.261767969888307,0.3348586260243273,0.9761738850964164,0.00025861066692144916,0.011231147333383764,6.551565431731984,0.840961571149079,1.049839972303211,3.9089517689261145e-10,0.9840546478080185
ff798b1d,0.07356816152999415,9.7,0.1395701541087381,0.26466471059843927,0.4096278930164288,0.0,0.0021143195315986613,0.001851604043235366,0.03388741320706217,0,,,0.1395701541087381,,,0.26466471059843927,,,0.4096278930164288,,,,,0.0021143195315986613,,,0.001851604043235366,,,0.03388741320706217,,,,,0.01387375805270064,,,0.008046646410048883,,,0.010613173771151362,,,,,0.0,,,0.0,,,0.0,,,,,12.367404886826694,,,3.1922537518574146,,,16.732099887356547,,,,,9.994971510666954,,,8.071814731026574,,,3.072472559707885,,,0.0023042490958889777,9.038492022232173e-05,0.00047652068392583244,9.780057791363273e-05,7.970667518285795,0.36021290643103554,0.9899875786025297,0.00018702008008732082,0.03850729975056084,6.201838613029044,0.8049243266133231,1.0904771332030707,7.168394410515546e-10,0.9934951832566645
1d081bbc,0.13180058152869306,9.7,0.1392957255335575,0.2693632805675936,0.424894044137434,0.0,0.0003705285216578646,0.00248039084992778,0.08205521556548394,0,,,0.1392957255335575,,,0.2693632805675936,,,0.424894044137434,,,,,0.0003705285216578646,,,0.00248039084992778,,,0.08205521556548394,,,,,0.008608467014025954,,,0.022272812350162607,,,0.029246452537166814,,,,,0.0,,,0.0,,,0.0,,,,,4.7490884707895225,,,3.504787579505717,,,8.525292468741682,,,,,7.701682861150968,,,6.909545042744779,,,3.0014466479929105,,,0.00278925590877381,7.175659253969129e-05,0.00030834056548281107,6.354885869138825e-05,9.654770729229977,0.18213550438351062,0.9898423788663233,0.0002919216594498851,0.010963065612298992,6.559637537590313,0.8546895170930716,0.9587762485296013,6.792448754309514e-10,0.9915934580769554
5fdaa345,0.20832550837731173,9.7,0.14336232346198452,0.28228249203844785,0.4397950348125302,0.0,0.0010593213267023796,0.001348732376407482,0.1555890431416823,0,,,0.14336232346198452,,,0.28228249203844785,,,0.4397950348125302,,,,,0.0010593213267023796,,,0.001348732376407482,,,0.1555890431416823,,,,,0.014115783874097485,,,0.01642396040184877,,,0.03503417642171683,,,,,0.0,,,0.0,,,0.0,,,,,11.841128805342887,,,5.2117506174023305,,,12.99151204915141,,,,,8.592032398965161,,,6.820491394917055,,,3.2155865328619293,,,0.00102070918856435,5.4184843260228085e-05,0.0003375782248476312,4.809971448881323e-05,9.102423936492487,0.020442492211818864,0.9521585418948899,0.0002972328586023232,0.023782903762295877,6.425540416762755,0.8063528775907708,1.0229837131735127,6.582878465580247e-10,0.9530413246754162
31f0efbc,0.02986154911914772,9.7,0.1459072615756647,0.27001560339801817,0.39249162723513925,0.0,0.004571197795103858,0.0006522583800498742,0.0073108996926898135,0,,,0.1459072615756647,,,0.27001560339801817,,,0.39249162723513925,,,,,0.004571197795103858,,,0.0006522583800498742,,,0.0073108996926898135,,,,,0.03023639461015105,,,0.01142154437937247,,,0.0352326325112643,,,,,0.0,,,0.0,,,0.0,,,,,3.3631120760017272,,,8.52831146533044,,,10.162382364418734,,,,,8.276396858921482,,,6.364709211567282,,,3.033876040562874,,,0.0033686615731860236,7.366235543995107e-05,0.0007166597971575687,8.358183274492057e-05,5.809493110716178,0.21679760868836767,0.8966764930400307,0.00029254991023893476,0.020689695513343202,6.241785910687445,0.8362756461244389,1.0244010397665546,5.083802096906609e-10,0.9189871146209441
3373a235,0.05620351255286522,9.7,0.12988036761449157,0.24512357400400153,0.38915837094331385,0.0,0.010205162955638277,0.0066285016675618575,0.002191339835286304,0,,,0.12988036761449157,,,0.24512357400400153,,,0.38915837094331385,,,,,0.010205162955638277,,,0.0066285016675618575,,,0.002191339835286304,,,,,0.0147141500033682,,,0.02646025642933353,,,0.010814245509195535,,,,,0.0,,,0.0,,,0.0,,,,,7.651570206232086,,,6.77608982175834,,,10.251103643889508,,,,,7.1876203097927025,,,5.819457327959399,,,3.0330283717658344,,,0.006978037148687441,8.217587083481903e-05,0.0006799542777517311,0.00014011608713303283,6.243782133668378,0.31543695038141756,0.9884116429821089,0.00022151102819921144,0.05704495548478929,6.418894233306446,0.8144979293292155,1.0517866568304557,3.5715637590792095e-10,0.9919681978154653
4baddef4,0.05489018921413524,9.9,0.12587411474680713,0.26013415041268473,0.3585710833828453,0.0,0.028725178532127568,0.0033722221894736857,0.002437064437726463,0,,,0.12587411474680713,,,0.26013415041268473,,,0.3585710833828453,,,,,0.028725178532127568,,,0.0033722221894736857,,,0.002437064437726463,,,,,0.027864613138475273,,,0.025970068114942194,,,0.02207742936904776,,,,,0.0,,,0.0,,,0.0,,,,,22.245369544094753,,,5.134586818582578,,,9.237123598240784,,,,,7.084583813710625,,,5.6986466384961165,,,2.738086626892863,,,0.00418842502623382,9.554434353470207e-05,0.0006108314855056442,0.00018599599540346768,8.616586668124317,0.2443519540468721,0.9811370791199516,0.00012868259521662626,0.057917104184070645,6.19766428557845,0.8342794651857445,1.0272856685968619,3.9543207277972646e-10,0.985648156988111
5b2294a7,0.045763610485539216,9.9,0.1337211805556766,0.26871538461568123,0.39232252442303783,0.0,0.0018666740230526024,0.003961427996989612,0.010226060918479444,0,,,0.1337211805556766,,,0.26871538461568123,,,0.39232252442303783,,,,,0.0018666740230526024,,,0.003961427996989612,,,0.010226060918479444,,,,,0.009957180357069962,,,0.028147568267932535,,,0.035134309563497286,,,,,0.0,,,0.0,,,0.0,,,,,57.66828266900506,,,8.31855207735582,,,9.137659319059924,,,,,8.192556345593998,,,6.493304596070752,,,3.11354789778877,,,0.0027538484966841466,0.00011773378243654067,0.0005481373187974065,8.748278608719306e-05,9.316514261696133,0.08767518326473805,0.9807134413063007,0.0002248791977436518,0.04979272539548202,6.389071514823337,0.8845134322375643,1.046292968824332,4.775539353641698e-10,0.9823063225301862
23c88632,0.06004550783729598,9.9,0.13661754055955816,0.22797197114786522,0.3571161618121812,0.0,0.001977105701814176,0.023124517662205718,0.016630568883630695,0,,,0.13661754055955816,,,0.22797197114786522,,,0.3571161618121812,,,,,0.001977105701814176,,,0.023124517662205718,,,0.016630568883630695,,,,,0.019885199027488643,,,0.03549504996537763,,,0.018438725773629892,,,,,0.0,,,0.0,,,0.0,,,,,18.34532989563504,,,66.16773124529558,,,1.527779925724529,,,,,7.421520235614187,,,5.584325236520159,,,2.7120662779986495,,,0.004849675021607722,5.486672195302067e-05,0.0013089730168024517,8.84206325655355e-05,4.529197917918336,0.1638380948833343,0.7747491730120567,0.0003452368259579849,0.05295267187068271,6.246217082669525,0.8554931476357641,1.0421173765437028,4.534243197799593e-10,0.8115763644593557
17d600e2,0.0934835488511336,9.9,0.15681173265391335,0.2648892597101701,0.39634627765779445,0.0,0.00188229315578085,0.00010547898323457448,0.07639648444642748,0,,,0.15681173265391335,,,0.2648892597101701,,,0.39634627765779445,,,,,0.00188229315578085,,,0.00010547898323457448,,,0.07639648444642748,,,,,0.008104638233393732,,,0.004593016073008552,,,0.10912302034932368,,,,,0.0,,,0.0,,,0.0,,,,,4.768660197620509,,,9.99368414561715,,,10.392446189879504,,,,,8.601547525619521,,,6.411872128422959,,,3.127070085362437,,,0.003221234906026324,2.6576015130668543e-05,0.0009040866914470867,9.218362876033351e-05,4.188470514372862,0.24957094676177966,0.7482176778477561,0.0005043473577996411,0.18185849812770516,6.33260690173096,0.8655510315576792,1.0322854288146228,5.833240538960297e-10,0.8109804085973862
4e79cdea,0.2188207933517326,9.9,0.11781224161095848,0.24743988123998642,0.41742331293461277,0.0,0.0687689773799822,0.0066868036775085595,0.06238523824375695,0,,,0.11781224161095848,,,0.24743988123998642,,,0.41742331293461277,,,,,0.0687689773799822,,,0.0066868036775085595,,,0.06238523824375695,,,,,0.01979275566943123,,,0.03656994306123147,,,0.033168760627819996,,,,,0.0,,,0.0,,,0.0,,,,,11.4213055196221,,,20.422129701812704,,,10.776586453618958,,,,,7.079531948839225,,,5.793415894798224,,,2.7506758186901763,,,0.0016617369802595864,8.784443936941179e-05,0.0007765716779797681,0.00032132978275070814,9.079314665506526,0.27934102547467216,0.9324898361815749,0.00018858671825433085,0.13143555839170992,6.029009802671949,0.8136137696408339,1.0026342876122172,4.2543530801923845e-10,0.9512549455889587
b92f283a,0.2293311504429046,9.9,0.12959761767542566,0.2633294000414838,0.4009878925175276,0.0,0.007136530749048609,0.004492709568326521,0.17558736860722327,0,,,0.12959761767542566,,,0.2633294000414838,,,0.4009878925175276,,,,,0.007136530749048609,,,0.004492709568326521,,,0.17558736860722327,,,,,0.0015733521120328536,,,0.029975688710441737,,,0.023519558725073185,,,,,0.0,,,0.0,,,0.0,,,,,10.521312191382103,,,6.593721558158879,,,6.796353054177046,,,,,7.654020380288528,,,6.0173578852645075,,,2.9037439894301587,,,0.00333525083907795,7.945464381485974e-05,0.0009960454937902132,7.810762973340196e-05,5.663424299135737,0.30442938051805396,0.9818616082300674,0.0004699732036192841,0.062404858649194275,6.485282112317468,0.8560200561279808,1.0597311446718272,4.35439727577577e-10,0.9872852814393587
495a0eff,0.11779041843914392,9.9,0.12238705784522458,0.2368970373063077,0.3911587478342224,0.0,0.048235334003308594,0.0051963454414264915,0.013449219028504007,0,,,0.12238705784522458,,,0.2368970373063077,,,0.3911587478342224,,,,,0.048235334003308594,,,0.0051963454414264915,,,0.013449219028504007,,,,,0.0467152440375368,,,0.01112113893657794,,,0.04309860880710121,,,,,0.0,,,0.0,,,0.0,,,,,27.97975301735132,,,5.33227605571316,,,7.2869966184826565,,,,,7.0290050627395795,,,5.824890187012278,,,3.0965245931172647,,,0.003992866348561614,7.452785616165798e-05,0.0012959060735978417,0.00011760569601888758,5.862611704798156,0.35450325583663006,0.8789282811377002,0.00025585046689500184,0.01594934776208858,6.181741220019508,0.8076604936300509,0.9957029160772395,3.7349664637457555e-10,0.9217607068360087
4ad986d4,0.11636319291862153,9.9,0.13656689041524406,0.2731604627235324,0.4191151586710474,0.0,0.001542675762184337,0.00872398139631595,0.06130930436001876,0,,,0.13656689041524406,,,0.2731604627235324,,,0.4191151586710474,,,,,0.001542675762184337,,,0.00872398139631595,,,0.06130930436001876,,,,,0.016042696482318094,,,0.04177075866276778,,,0.014140536087634048,,,,,0.0,,,0.0,,,0.0,,,,,39.25451142887053,,,12.414146650834509,,,5.718848533923743,,,,,7.8084986249990465,,,5.998231450820217,,,3.0439983665833203,,,0.005339537369563631,5.1637561022104756e-05,0.0006968642701587084,8.855307151659528e-05,9.294403679668783,0.26372092270033387,0.8368526926895996,0.00027792724216517146,0.11329239269782451,6.328606454752705,0.804885030575885,1.0401590250403243,4.833812054261793e-10,0.8797943658403043
ce422838,0.5490356589788609,10.0,0.0935487069225664,0.26205482734018615,0.38956033795462813,0.0,0.4218370815771216,0.0003270071025607116,0.019485003607096492,0,,,0.0935487069225664,,,0.26205482734018615,,,0.38956033795462813,,,,,0.4218370815771216,,,0.0003270071025607116,,,0.019485003607096492,,,,,0.06294120446422026,,,0.008087114473787441,,,0.02816678732809768,,,,,0.0,,,0.0,,,0.0,,,,,9.430393175273906,,,5.5556613657052765,,,8.055433361033506,,,,,7.6439538192924275,,,6.5687852983634585,,,2.9383355758016303,,,0.002741234971881538,0.00027146380183257527,0.00033308536152746817,0.00015873397378816362,8.2271986304592,0.2756253804864093,0.9899993236724974,0.00011605492400432533,0.014550563100447382,6.262243668490811,0.8826037238470404,1.1063170161723903,4.311854533197536e-10,0.9926567639580195
ef3f2d3c,0.0659444381398742,10.0,0.1344194169663681,0.2358404603476913,0.3715203563018663,0.0,0.007601866849931593,0.0076806604804828425,0.026349384087848007,0,,,0.1344194169663681,,,0.2358404603476913,,,0.3715203563018663,,,,,0.007601866849931593,,,0.0076806604804828425,,,0.026349384087848007,,,,,0.028489730064285033,,,0.03861961148562402,,,0.04217168482055615,,,,,0.0,,,0.0,,,0.0,,,,,5.05817376354122,,,2.483823662982405,,,10.90029436754396,,,,,6.841353281634374,,,5.721665955596687,,,2.709342206836385,,,0.004984397269801255,0.00012713419584982902,0.0008062899037457198,0.00012034611600914186,6.67010465996854,0.06596695693547992,0.9737546197722249,0.00023111165632258592,0.062326545974266415,6.217843689904888,0.8415693974759508,1.0242479748060178,3.4251008555005143e-10,0.9753885721774886
0c8ddbd7,0.05308034456986789,10.0,0.13198828938381518,0.2758773746202805,0.3481100599421881,0.0,0.00649795316157867,0.0018733173605567604,0.03245515780065393,0,,,0.13198828938381518,,,0.2758773746202805,,,0.3481100599421881,,,,,0.00649795316157867,,,0.0018733173605567604,,,0.03245515780065393,,,,,0.028819638272253402,,,0.019356225668020925,,,0.019317205427373293,,,,,0.0,,,0.0,,,0.0,,,,,11.195192538620349,,,4.6786106475547955,,,6.664915778354657,,,,,7.954547347071504,,,6.178926758116282,,,2.7320632270488683,,,0.002923588639100175,8.881635309177276e-05,0.0004957300623342033,7.700205795940245e-05,9.787727428386347,0.0618754262591442,0.9287108065731265,0.00025334261834348214,0.08764181733823898,6.309658375625993,0.9053085254094947,1.0267494050535477,5.07467734049675e-10,0.9330289847234277
195ed026,0.028262400825474033,10.0,0.13300898287782734,0.23316503327048166,0.32898710092205774,0.0,0.0015173763928049656,0.0029094346773998105,0.018054395066421997,0,,,0.13300898287782734,,,0.23316503327048166,,,0.32898710092205774,,,,,0.0015173763928049656,,,0.0029094346773998105,,,0.018054395066421997,,,,,0.009230256927131418,,,0.01726771787048089,,,0.0600905900560512,,,,,0.0,,,0.0,,,0.0,,,,,15.21598165590536,,,5.188730076664595,,,8.935540601910944,,,,,8.753807398367925,,,6.650320974432569,,,3.625134466801411,,,0.0023120099463013583,4.151982998097791e-05,0.0003388918120961142,7.167315504440759e-05,5.438933497217563,0.014550262566160467,0.712589968739002,0.00019693327342019243,0.061998725801816,6.155594316508965,0.8950712200792708,0.9990133378226257,6.242619564101989e-10,0.716700601161124
b13a53f9,0.10621707884537224,10.0,0.12652225799148475,0.2673494794176757,0.40525381735422134,0.0,0.026633483648727536,0.001974486553886178,0.02788977602131332,0,,,0.12652225799148475,,,0.2673494794176757,,,0.40525381735422134,,,,,0.026633483648727536,,,0.001974486553886178,,,0.02788977602131332,,,,,0.03357312552106294,,,0.019872023318656697,,,0.03094918218411409,,,,,0.0,,,0.0,,,0.0,,,,,3.2463412670262635,,,6.157040193663235,,,11.176809036523112,,,,,8.413447417648133,,,7.517198226539196,,,3.382389937800042,,,0.004437457278452178,4.3567929925166864e-05,0.0009198987095869278,7.875767105862857e-05,7.68065983726214,0.21508608758043468,0.989995832682524,0.00020577361383139072,0.01837407061124612,6.48216737976834,0.8904977088290389,1.0715019730845214,6.059643189341443e-10,0.9920485903070717
3f5d71c5,0.11507374678347537,10.0,0.13763075385506623,0.2458343776999064,0.3483103702663759,0.0,0.007886285910475146,0.004610289292955714,0.09470412620239946,0,,,0.13763075385506623,,,0.2458343776999064,,,0.3483103702663759,,,,,0.007886285910475146,,,0.004610289292955714,,,0.09470412620239946,,,,,0.03464747398604711,,,0.030365405622042048,,,0.02169818712478999,,,,,0.0,,,0.0,,,0.0,,,,,24.174509651578557,,,12.595785361732405,,,26.758165229685375,,,,,7.83796294265709,,,5.5724569208886185,,,2.8421438423411356,,,0.005317856792097636,0.00015614356654980983,0.0009450183450603766,0.00011091387896310837,9.9478372060663,0.2536254345635592,0.989722346337188,0.00019840575726178878,0.024066538299426503,6.290298782631089,0.8409165700579407,1.0384007759008043,3.8601960702609306e-10,0.9922300484790789
fa10ce3f,0.07185170353293864,10.0,0.1439841903717883,0.24332857633087776,0.3848978905140649,0.0,0.003287029729171031,0.002493854094689413,0.04221890978142335,0,,,0.1439841903717883,,,0.24332857633087776,,,0.3848978905140649,,,,,0.003287029729171031,,,0.002493854094689413,,,0.04221890978142335,,,,,0.025639928740817636,,,0.0223331775378669,,,0.09170702493140537,,,,,0.0,,,0.0,,,0.0,,,,,10.942335110219464,,,40.31457308026851,,,12.609866532185611,,,,,6.928059834453276,,,5.754368961502597,,,3.06954607467006,,,0.004956834894643603,9.423701183491109e-05,0.0004841987582862007,0.0001360987611932265,8.255964083541828,0.20069709731573573,0.9456968057006715,0.0002131776190650128,0.04538800079335394,6.349704278071326,0.8408739022563663,1.0234031985960768,4.466936073826887e-10,0.9565007294909491
0fa5ea6c,0.0391314050079984,10.0,0.1388437887951338,0.26982591157302854,0.3814247636692309,0.0,0.0004350824714915455,0.001714127200561422,0.0192393825754546,0,,,0.1388437887951338,,,0.26982591157302854,,,0.3814247636692309,,,,,0.0004350824714915455,,,0.001714127200561422,,,0.0192393825754546,,,,,0.009328263198383133,,,0.01851554590370709,,,0.022345053094119643,,,,,0.0,,,0.0,,,0.0,,,,,20.777877254025807,,,9.45708885653652,,,14.175445567336348,,,,,8.173653615552883,,,7.3140171116720625,,,3.071247982093176,,,0.0025103243401139804,0.00010458060060083398,0.0008257478729664397,5.7480969517628484e-05,9.923937300241096,0.011083691187016874,0.9597965113349682,0.00021685502409159052,0.01030975192036455,6.635431417189353,0.9130719602141725,1.0513198797519634,5.413405419771352e-10,0.9601461347368387
c0f61622,0.13933788424612914,10.2,0.113570084439093,0.24026525726147055,0.3023156404258202,0.0,0.11967902092681613,0.0010512899447271248,0.00828136572539517,0,,,0.113570084439093,,,0.24026525726147055,,,0.3023156404258202,,,,,0.11967902092681613,,,0.0010512899447271248,,,0.00828136572539517,,,,,0.03530453307823086,,,0.006175108875647078,,,0.04069733584743643,,,,,0.0,,,0.0,,,0.0,,,,,13.648217445082965,,,3.1644923110128946,,,16.403948019334187,,,,,7.553575784649337,,,6.78064365119309,,,2.9351687953701924,,,0.0026669706262424844,4.592336743801729e-05,0.0002583217254412385,6.169476003069885e-05,9.69755875247948,0.00467677208575898,0.7394883514390619,0.00016468384651345858,0.07550836842464387,6.450630918072151,0.9405037844908728,1.0135058027689472,5.03443401387488e-10,0.7406327562099229
cb8cfc3e,0.017757664138745546,10.2,0.1448831604397271,0.2558774891408862,0.35165725792530383,0.0,0.004257528549051882,0.007468236845580357,0.0016047277656053654,0,,,0.1448831604397271,,,0.2558774891408862,,,0.35165725792530383,,,,,0.004257528549051882,,,0.007468236845580357,,,0.0016047277656053654,,,,,0.02918057075881787,,,0.03864773433354239,,,0.017914953338512302,,,,,0.0,,,0.0,,,0.0,,,,,3.056797877531586,,,9.240906501668169,,,23.376150146816993,,,,,8.79565393776465,,,6.33998157196435,,,3.4989791529236607,,,0.001953556743711951,3.111213527583293e-05,0.0004427080414463579,7.206431971113983e-05,9.093286481891443,0.15891434032180818,0.7637907857056709,0.00020370866303714652,0.028548827837807225,6.460245300315656,0.8580575146427775,1.0222537637384819,6.54017460329873e-10,0.8012514380946163
637ce5a4,0.009013370296601004,10.2,0.1421408094392929,0.2581974297353341,0.3514222995834518,0.0,0.0007806889514208865,0.0017162772113558107,0.0015615474363481997,0,,,0.1421408094392929,,,0.2581974297353341,,,0.3514222995834518,,,,,0.0007806889514208865,,,0.0017162772113558107,,,0.0015615474363481997,,,,,0.004579536924706632,,,0.018527154187061814,,,0.017672280194407284,,,,,0.0,,,0.0,,,0.0,,,,,12.259625101457972,,,10.495335660633353,,,2.3508542586357266,,,,,8.943244366195005,,,6.432385844129986,,,3.248064375044118,,,0.0017863707826464232,5.290387489756838e-05,0.0006134567757335077,7.761805306396535e-05,6.602065254213423,0.10500793837271231,0.7394418600558385,0.0001748136698132013,0.04826015578029039,6.163311336986472,0.8938407023747461,1.015509076645569,6.028988126390088e-10,0.7667285889715979
b9b6c183,0.6765229214344514,10.2,0.1043015104396485,0.256390704292033,0.3146742423243246,0.0,0.6309673399557203,0.005955875033266472,0.00853990703877417,0,,,0.1043015104396485,,,0.256390704292033,,,0.3146742423243246,,,,,0.6309673399557203,,,0.005955875033266472,,,0.00853990703877417,,,,,0.04544286660364823,,,0.03451340328992918,,,0.04033134103054852,,,,,0.0,,,0.0,,,0.0,,,,,100.85750236618044,,,7.403734013007408,,,19.765557197483904,,,,,8.293666422013516,,,6.683117313967314,,,3.3832897770619788,,,0.002974074398544514,0.00013202161479941268,0.000669091006385777,0.00011869257363797387,8.450743480152298,0.0013502505265382252,0.8090249298980571,0.0002786547433948496,0.0654069003010635,6.396019648306759,0.9489038445261091,1.0350450551288854,5.070325875794813e-10,0.8092018915940281
1c05519d,0.02073900783373782,10.2,0.13647223587375107,0.24037102259110482,0.3553639076518408,0.0,0.0006414699772449413,0.0013906658671872924,0.006020507254390838,0,,,0.13647223587375107,,,0.24037102259110482,,,0.3553639076518408,,,,,0.0006414699772449413,,,0.0013906658671872924,,,0.006020507254390838,,,,,0.011326693932873276,,,0.01667732512837291,,,0.03470016499785221,,,,,0.0,,,0.0,,,0.0,,,,,15.118683657077856,,,10.103558631590813,,,21.96209516393474,,,,,7.978474867120637,,,5.891848201358104,,,3.6540305770087738,,,0.004691817107502889,0.00011563102158358174,0.0008384602116859804,7.194600352729732e-05,9.142058989907063,0.01652568538301299,0.7973720369720297,0.00012129720521393256,0.010039530119206615,6.291097156188028,0.9060838822207318,1.0118418320377753,5.728177305492501e-10,0.8006408657351336
d617c2b5,0.03215340861843697,10.2,0.14197889679504375,0.24237023627919105,0.3797530980107398,0.0,0.0036565099652210676,2.7489328893182276e-06,0.0063413443662170815,0,,,0.14197889679504375,,,0.24237023627919105,,,0.3797530980107398,,,,,0.0036565099652210676,,,2.7489328893182276e-06,,,0.0063413443662170815,,,,,0.027042595900619703,,,0.0007414759455731828,,,0.0356127627858808,,,,,0.0,,,0.0,,,0.0,,,,,8.508175983874938,,,8.04685977834302,,,10.97590458711139,,,,,8.917969491521385,,,6.913096707248403,,,3.974386287109183,,,0.0032831610173883873,1.9969554384593372e-05,0.0011784855891669966,4.647452656346481e-05,9.173879459200101,0.0010803475636439906,0.7517558541820862,0.00020370965102559863,0.1135507947744196,6.628255592994719,0.9399111725063151,1.073605364553606,7.106223952195844e-10,0.7519488685547913
b6d0a1a0,0.029229477215760982,10.2,0.1418270590218921,0.2600868697545807,0.3678558478009285,0.0,0.00440261150901651,0.004913138544515168,0.009384156231310736,0,,,0.1418270590218921,,,0.2600868697545807,,,0.3678558478009285,,,,,0.00440261150901651,,,0.004913138544515168,,,0.009384156231310736,,,,,0.029673596037610644,,,0.03134689312999031,,,0.043322410439195866,,,,,0.0,,,0.0,,,0.0,,,,,35.105123170855414,,,8.81364176594942,,,11.0673137131774,,,,,7.554874091610175,,,6.916744686938372,,,3.4985630426223104,,,0.002776473627571586,5.261280713620282e-05,0.00029259924650702686,7.41938200391661e-05,8.497401617874374,0.03577335813572364,0.8839583775970024,0.00018431038489525906,0.014152118652267714,6.5063982236314235,0.9001566431420772,1.0560639358707076,5.458979835103547e-10,0.8880211802761155
3ba3f9b0,0.06869553271968515,10.2,0.12527474967566946,0.23962933508365347,0.35742405839250035,0.0,0.025816482238329795,0.0069928378794353084,0.014054122110876805,0,,,0.12527474967566946,,,0.23962933508365347,,,0.35742405839250035,,,,,0.025816482238329795,,,0.0069928378794353084,,,0.014054122110876805,,,,,0.02615520174470481,,,0.019469973580756146,,,0.013799962121072012,,,,,0.0,,,0.0,,,0.0,,,,,26.78912353160314,,,33.710034343260325,,,7.602407410938099,,,,,8.833026918123537,,,6.22769920160874,,,3.0084642587180603,,,0.0030285800962994215,0.00011721843924382828,0.0006433879335078324,0.0001023088340543408,9.164785287356997,0.02427421152771549,0.7781885978375448,0.00014390189445969098,0.010001959155898982,6.34032891855263,0.9384851283765971,1.0308944835456328,5.634158808129358e-10,0.7834950758731116
66993fbf,0.052030198492944046,10.3,0.12991839401795804,0.21872119651122304,0.3348214663407484,0.0,0.007480535195774981,0.02850811793220994,0.0026173980896415177,0,,,0.12991839401795804,,,0.21872119651122304,,,0.3348214663407484,,,,,0.007480535195774981,,,0.02850811793220994,,,0.0026173980896415177,,,,,0.012202820098837061,,,0.005102097994102646,,,0.022879676962935983,,,,,0.0,,,0.0,,,0.0,,,,,57.01090537535174,,,24.450048139361055,,,6.148699901358333,,,,,8.61639691243992,,,5.554320900442854,,,3.4890641839649494,,,0.0019033297081671153,3.0237773745491146e-05,0.00033965706090197746,5.8193671642670764e-05,8.536817341214265,0.08712909391883294,0.7063442525916855,0.00011064418568238518,0.015966885366200816,6.401228034957723,0.9252890793696886,1.0823730678307124,5.936426758146091e-10,0.7318595773621704
aa04bfbb,0.028103331007561766,10.3,0.13376738135072422,0.2300964773805988,0.31395287975357355,0.0,0.003813207062120423,0.010794970135425288,0.010992724211982387,0,,,0.13376738135072422,,,0.2300964773805988,,,0.31395287975357355,,,,,0.003813207062120423,,,0.010794970135425288,,,0.010992724211982387,,,,,0.01849724803236949,,,0.015953933072967864,,,0.02841737152826352,,,,,0.0,,,0.0,,,0.0,,,,,9.612750511790313,,,2.0399283763451397,,,18.475631531252294,,,,,10.002171375336117,,,7.691587587830712,,,3.9129652623504074,,,0.0015852802638903591,6.084823866421389e-05,0.0005324478903254535,6.518241851284897e-05,5.428874172042148,0.013901423004731593,0.684435848430642,0.00019091107574758723,0.10979340639050998,6.2964428188252795,0.890838833146585,1.0237009510603048,8.238562612734996e-10,0.6887541956018938
bc50eba0,0.03955922001215297,10.3,0.12924883264954354,0.22547443416996904,0.33804205582424,0.0,0.012699620986807754,0.012537929182177304,0.0016159746933916684,0,,,0.12924883264954354,,,0.22547443416996904,,,0.33804205582424,,,,,0.012699620986807754,,,0.012537929182177304,,,0.0016159746933916684,,,,,0.021645253219195755,,,0.019666549423403377,,,0.01797762327668298,,,,,0.0,,,0.0,,,0.0,,,,,6.228709230116634,,,1.8324632612322413,,,3.0826169028211514,,,,,9.435014643726129,,,6.430716822331922,,,3.6181150094864125,,,0.002173955726084715,5.376217221298113e-05,0.0008509548132900289,4.9142187312285025e-05,5.210587499413742,0.0031783978275451478,0.7002746371864771,0.00021598430403521235,0.07063959853303517,6.388719078779082,0.8619061997335067,1.0489478881592627,6.630985010937202e-10,0.7011572561647851
9f6a18be,0.02590775860382617,10.3,0.13720521369785948,0.2523588842018585,0.34855299542287677,0.0,5.5503750088163064e-05,0.0013007862926494077,0.0174814097151478,0,,,0.13720521369785948,,,0.2523588842018585,,,0.34855299542287677,,,,,5.5503750088163064e-05,,,0.0013007862926494077,,,0.0174814097151478,,,,,0.0033317788068286604,,,0.016129391139465914,,,0.050743671694784866,,,,,0.0,,,0.0,,,0.0,,,,,5.90595884421405,,,12.94839948255027,,,20.38575890875266,,,,,8.461044927983101,,,6.172799912395305,,,3.040755680783975,,,0.0017135577107049488,6.938393140884862e-05,0.0006980789818084378,6.267528510652333e-05,6.5012770757288045,0.0010771760359232726,0.8213870692646676,0.00013318573515031,0.016852803299330258,6.435384132781545,0.9057508396364762,1.0195121803693659,5.631861953077132e-10,0.8214973281264353
25309883,0.017045560298856406,10.3,0.13790691713891673,0.24822350153706327,0.36031937919669216,0.0,0.00026323685503488667,2.3555803782640788e-05,0.004718315347955186,0,,,0.13790691713891673,,,0.24822350153706327,,,0.36031937919669216,,,,,0.00026323685503488667,,,2.3555803782640788e-05,,,0.004718315347955186,,,,,0.007255850812067275,,,0.0021705208491346398,,,0.030719099426757896,,,,,0.0,,,0.0,,,0.0,,,,,9.093652470282526,,,20.99062043058571,,,14.544759725964859,,,,,8.217412819260472,,,6.523375333805111,,,3.31355643176166,,,0.0016879768828070398,5.165889901955612e-05,0.00028829104734568015,7.552639523158098e-05,7.146643932519169,0.2401625254000106,0.795053507405167,0.00014093815003000866,0.010621913317729874,5.971669599261989,0.8716980550212851,0.9945241535633974,6.445983244179766e-10,0.8441944692878761
1f83fd93,1.5234465696861252,10.3,0.12620727786413327,0.2328332485782467,0.3267987159800804,0.0,1.5065029948890727,0.0035413966643682996,0.005463737846021938,0,,,0.12620727786413327,,,0.2328332485782467,,,0.3267987159800804,,,,,1.5065029948890727,,,0.0035413966643682996,,,0.005463737846021938,,,,,0.0220859654160559,,,0.021986397190237497,,,0.03305673258512383,,,,,0.0,,,0.0,,,0.0,,,,,161.84245486010246,,,6.259201761809354,,,3.845901551521271,,,,,8.8544020774375,,,5.7649402482590215,,,3.117190940931717,,,0.0008664819527911444,7.629704188041559e-05,0.0005164571405784063,9.433643522869087e-05,9.611848485987542,0.012342647505584382,0.7584205088198708,0.00021938629409543823,0.022145434902906207,6.199647253103396,0.8631448658159943,1.0012236201806362,5.198567953053972e-10,0.7613263972732035
0c31524b,0.018625227714428143,10.3,0.14068686161866914,0.24125368835558014,0.3613049320862411,0.0,0.0002927147559679318,0.0019564378200163483,0.003016350462788973,0,,,0.14068686161866914,,,0.24125368835558014,,,0.3613049320862411,,,,,0.0002927147559679318,,,0.0019564378200163483,,,0.003016350462788973,,,,,0.0076513365625612345,,,0.00789166519883054,,,0.024561557209545868,,,,,0.0,,,0.0,,,0.0,,,,,3.40061856948274,,,13.69200421468741,,,9.805411500269118,,,,,8.518591535691051,,,6.241968848249519,,,3.6145719501860625,,,0.0025698133706095866,2.8780805956731277e-05,0.0007626124334983947,6.783290398238604e-05,4.91908917361744,0.17694522698158371,0.7311700606662214,0.00014016129906278533,0.028885385146136144,6.214166178779648,0.8634709991568346,1.0055752510094413,6.992471817171854e-10,0.7786651182950157
f3ef593f,0.01059936483274068,10.3,0.14099919220082943,0.26438770252430066,0.34616070304478114,0.0,0.0009976039052064579,0.0022100831330245417,0.0036086458908426776,0,,,0.14099919220082943,,,0.26438770252430066,,,0.34616070304478114,,,,,0.0009976039052064579,,,0.0022100831330245417,,,0.0036086458908426776,,,,,0.014125182513556827,,,0.0017737034760734588,,,0.026865017739963165,,,,,0.0,,,0.0,,,0.0,,,,,48.459459864073786,,,15.438262761860077,,,24.991855589927372,,,,,8.78446829903791,,,7.032311075909044,,,3.5728751666413165,,,0.0020043892839504388,5.1397618110877494e-05,0.0005225329311180153,3.9257203009628334e-05,9.394239746183795,0.007628027782324194,0.8417337160902586,0.0001499141651117585,0.010112389475757915,6.2101038821681875,0.9189214399980777,1.0974522562165667,5.730653499200489e-10,0.8428568023293183
4db90b72,0.04527271253419182,10.5,0.14234575631967608,0.24287735309965133,0.39413265865859093,0.0,0.0001827107459546515,0.006891696682131106,0.007063945253617125,0,,,0.14234575631967608,,,0.24287735309965133,,,0.39413265865859093,,,,,0.0001827107459546515,,,0.006891696682131106,,,0.007063945253617125,,,,,0.006045010272193944,,,0.01681888051364419,,,0.016017776376489407,,,,,0.0,,,0.0,,,0.0,,,,,22.12269504931287,,,6.430904478357644,,,6.613327444281186,,,,,8.527051816407427,,,7.0571398908693626,,,3.3202632878676144,,,0.0017023671541059966,7.486667250821849e-05,0.0003490274503776675,4.9604700507569636e-05,8.485010696471518,0.10611806282639458,0.8815840556796215,0.00011928638240916524,0.02431944947197208,6.239486201154277,0.8445258811128448,1.027837527768959,5.874823803015219e-10,0.8940619678930903
42b3a927,0.019686480454092374,10.5,0.13834724690690747,0.2527421931871298,0.356515869674231,0.0,0.001821027246528214,0.00019590947897257094,0.008396760710499848,0,,,0.13834724690690747,,,0.2527421931871298,,,0.356515869674231,,,,,0.001821027246528214,,,0.00019590947897257094,,,0.008396760710499848,,,,,0.015400536406676447,,,0.006259544375952149,,,0.02927467993971283,,,,,0.0,,,0.0,,,0.0,,,,,36.08529260264023,,,6.520452518991426,,,25.013187141223096,,,,,8.528653894112797,,,6.9121900953967295,,,3.2180228116271525,,,0.0027693315594028885,5.364196815306683e-05,0.0005673631708425077,4.227992008553507e-05,9.411487484842572,0.07220442482135699,0.9141210254597105,0.00013879795535592712,0.10051000837631294,6.187403322851336,0.9283012273008646,1.126173154668604,5.557742006587613e-10,0.9202304553180941
fc1868b4,0.06285961870959576,10.5,0.12221084396793325,0.255127055040276,0.3123390663278761,0.0,0.04262926474797317,6.608198129865845e-05,0.011699043998680148,0,,,0.12221084396793325,,,0.255127055040276,,,0.3123390663278761,,,,,0.04262926474797317,,,6.608198129865845e-05,,,0.011699043998680148,,,,,0.016666882362277938,,,0.003635436185622255,,,0.026790783154221932,,,,,0.0,,,0.0,,,0.0,,,,,10.790342710803156,,,2.399820407453383,,,22.157587621515543,,,,,9.481392477844592,,,6.92899095571083,,,3.1464947861148307,,,0.0029123175778672434,4.367331107025564e-05,0.0005198187902098972,5.4141544946610876e-05,6.473907233732108,0.0555247654033775,0.7890454213969212,0.00021129112472609177,0.029850648784060747,6.0863283859634265,0.9778040652780137,0.995655633934486,6.457173732229252e-10,0.8006797203424859
2bfdaef7,0.059668374876951806,10.5,0.1372784744574208,0.2668881782181574,0.3699788264617883,0.0,0.0026440888280539767,0.0005407387153962043,0.042471008236027216,0,,,0.1372784744574208,,,0.2668881782181574,,,0.3699788264617883,,,,,0.0026440888280539767,,,0.0005407387153962043,,,0.042471008236027216,,,,,0.00697441634851856,,,0.010399410708268083,,,0.02797118717536897,,,,,0.0,,,0.0,,,0.0,,,,,43.16776984030975,,,7.347002126670642,,,16.95638265763434,,,,,8.248746072745146,,,5.781800191610905,,,3.393468156574166,,,0.0023805331322767423,6.181104423785254e-05,0.000639529025306194,7.108976891825987e-05,4.950310066156047,0.09131642109818291,0.8774776341652275,0.00011494123003691886,0.09300586072920493,6.163324811156296,0.8715660190012038,1.0510535559505432,6.304627897974762e-10,0.8885781903543247
8aecd8c9,0.09930613396561308,10.5,0.12211230000738059,0.27074624687804333,0.38977320060748044,0.0,0.04291811338215196,0.0018609762907927322,0.009405073795467598,0,,,0.12211230000738059,,,0.27074624687804333,,,0.38977320060748044,,,,,0.04291811338215196,,,0.0018609762907927322,,,0.009405073795467598,,,,,0.010729481319234117,,,0.01929236268989743,,,0.007193446602754538,,,,,0.0,,,0.0,,,0.0,,,,,13.488118609160024,,,6.089391764583183,,,16.80449222671355,,,,,9.048067101298079,,,6.684961109346666,,,2.9160593497168796,,,0.003234429833244234,4.525740471444862e-05,0.0007395062074255573,7.519224656039127e-05,8.795625667370935,0.32826864841162495,0.8379228889491843,0.00020107098257437543,0.010085747665476619,6.216918850793808,0.8746239780868914,1.0408435205009636,6.064640228887528e-10,0.8910439308434015
65623e83,0.029522082681611318,10.5,0.13782054316382064,0.24526036918082295,0.36759857260708734,0.0,0.002299442599411971,0.0003426587056366972,0.010431236862288445,0,,,0.13782054316382064,,,0.24526036918082295,,,0.36759857260708734,,,,,0.002299442599411971,,,0.0003426587056366972,,,0.010431236862288445,,,,,0.021445011538406646,,,0.008278390008168221,,,0.032495437168279497,,,,,0.0,,,0.0,,,0.0,,,,,10.249267738084423,,,3.8466129654206496,,,20.461463394266268,,,,,8.185281125382511,,,5.867880309792944,,,2.920897965240965,,,0.001413602680934934,3.7016236808904964e-05,0.0003830499155747054,3.9730627231335766e-05,9.90440129495815,0.10192864470068222,0.8410470918305007,8.019299177179282e-05,0.035181432664683474,6.090331503937459,0.8563372135156212,1.0218964679540736,5.586546723170659e-10,0.8571648416222668
22f03618,0.05679387839516403,10.5,0.12587921912411676,0.24435220708780975,0.3594660213504987,0.0,0.01976290907885087,0.0059146231020248095,0.009514620067166997,0,,,0.12587921912411676,,,0.24435220708780975,,,0.3594660213504987,,,,,0.01976290907885087,,,0.0059146231020248095,,,0.009514620067166997,,,,,0.004449744484199836,,,0.03439367122604044,,,0.04362251727529487,,,,,0.0,,,0.0,,,0.0,,,,,15.772074086947287,,,6.96589020106603,,,11.345850225010722,,,,,8.477174388721842,,,6.0783048909594255,,,3.1269802719743693,,,0.0025911571831388445,4.034118878374868e-05,0.0006232828035260837,2.9601900115380685e-05,6.2019949391334,0.010735216725893403,0.7870267595122384,0.0002615266588135952,0.019226648359416648,6.2408642075412075,0.9264617386647762,1.066463696665886,5.38826971085273e-10,0.7892343707297391
92a7e004,0.05842397259542652,10.5,0.14888741917870899,0.2658978444649961,0.40525942832327755,0.0,0.0019505455624483571,0.004067948252908768,0.028698880282546645,0,,,0.14888741917870899,,,0.2658978444649961,,,0.40525942832327755,,,,,0.0019505455624483571,,,0.004067948252908768,,,0.028698880282546645,,,,,0.019751180027777364,,,0.02852349295899353,,,0.016555465703530295,,,,,0.0,,,0.0,,,0.0,,,,,7.431354288837163,,,7.836961490423835,,,9.777083643466336,,,,,8.641373522052454,,,6.88337807696627,,,3.190560651983721,,,0.0022467860309685673,4.6833660184956795e-05,0.00031866195529216577,6.32539525733666e-05,9.374091504207852,0.07276196214557555,0.8404407325654912,0.00013432200387169534,0.045383353390601115,5.984623241990173,0.8647122676284998,1.0579707229325748,6.59653237350841e-10,0.8519665338692802
b4d4ed22,0.06261266265182788,10.6,0.13154502535193005,0.26344414457734644,0.4002914198782449,0.0,0.003493901930452406,0.0016359387893794455,0.01862693496984619,0,,,0.13154502535193005,,,0.26344414457734644,,,0.4002914198782449,,,,,0.003493901930452406,,,0.0016359387893794455,,,0.01862693496984619,,,,,0.009558456717687043,,,0.0180883320921496,,,0.04424542278013799,,,,,0.0,,,0.0,,,0.0,,,,,5.653665983614085,,,3.979388615106989,,,16.078873322199946,,,,,9.336030217565337,,,6.8606420207175125,,,3.0354024233336476,,,0.0007795924994548587,3.681237800893466e-05,0.00055953450809497,4.35441944245361e-05,9.372808503914978,0.012590694899333722,0.9658496743327,8.523409249420047e-05,0.140684434333555,6.4994846598873455,0.8868566942451959,0.9891702662699615,6.968904224917522e-10,0.9661830656964566
042c43f0,0.023473135734524864,10.6,0.13527326371444412,0.25364529323063767,0.34686006648784373,0.0,0.012424867429133998,0.0033283123767665797,0.00026528418263219655,0,,,0.13527326371444412,,,0.25364529323063767,,,0.34686006648784373,,,,,0.012424867429133998,,,0.0033283123767665797,,,0.00026528418263219655,,,,,0.01115691699640886,,,0.025800435565186026,,,0.007284012391974584,,,,,0.0,,,0.0,,,0.0,,,,,17.21599412071358,,,16.047533246000317,,,9.530404921824992,,,,,7.416859633749112,,,5.26438849475728,,,2.9388902704821156,,,0.002613792586102281,8.919177212845036e-05,0.0006049653438582558,3.749082690008428e-05,8.788720372466916,0.09636312642157542,0.8733196064973973,9.487808211052253e-05,0.07232461934522122,6.137725543074611,0.9136054327835821,1.0599706586187798,5.196195710901396e-10,0.8854395933109738
ddf54907,0.21393550794887956,10.6,0.11379515299642114,0.2482667776900445,0.388343306125805,0.0,0.14768576291143767,0.00196138081526147,0.005311668230116775,0,,,0.11379515299642114,,,0.2482667776900445,,,0.388343306125805,,,,,0.14768576291143767,,,0.00196138081526147,,,0.005311668230116775,,,,,0.039637628639551684,,,0.0070865301678502265,,,0.02821307277581744,,,,,0.0,,,0.0,,,0.0,,,,,19.293840532337708,,,6.537531539207713,,,2.4288386725890323,,,,,8.800359096353464,,,5.603859571721239,,,3.2841237028314567,,,0.0025654162598857813,7.660496253117216e-05,0.0008418131807405268,3.499311295219257e-05,9.982162946103937,0.006565600879620933,0.9819421544586889,0.00011966898572388589,0.033756148545931695,6.238309280309099,0.9035471304625653,1.086608238048735,4.6529788566093693e-10,0.9819625208498132
4497a1e3,0.0673394396530601,10.6,0.13418026018546278,0.2794646634000962,0.40384074667420883,0.0,0.0026356833937594536,0.003955143575710925,0.02470986901765869,0,,,0.13418026018546278,,,0.2794646634000962,,,0.40384074667420883,,,,,0.0026356833937594536,,,0.003955143575710925,,,0.02470986901765869,,,,,0.019437502935588033,,,0.02505054694628542,,,0.007152553020055693,,,,,0.0,,,0.0,,,0.0,,,,,26.265137706556107,,,5.328858649563483,,,26.94259499019621,,,,,8.452450028238394,,,6.930406946593061,,,3.052340450326225,,,0.0008747724007406296,6.318720281028781e-05,0.00031993216140613427,3.427175267394446e-05,9.230878558767142,0.01547489712160419,0.970504634328511,0.00015875821592799508,0.030428711321872512,6.14858279101204,0.9143346623829398,1.0507336903822522,6.781175671598234e-10,0.9708640216144085
1d358a43,0.03988061997934131,10.6,0.13625617014687164,0.25523497946097756,0.3823596583474257,0.0,0.007420081666223905,0.0009351565313978373,0.008414164736450146,0,,,0.13625617014687164,,,0.25523497946097756,,,0.3823596583474257,,,,,0.007420081666223905,,,0.0009351565313978373,,,0.008414164736450146,,,,,0.017611125007099618,,,0.013675938954220564,,,0.04102234692567003,,,,,0.0,,,0.0,,,0.0,,,,,8.294839359226895,,,5.37596273639911,,,22.318335128386547,,,,,7.672938636267518,,,5.673018207954677,,,2.939233841652236,,,0.00164170485557122,9.32729250271253e-05,0.0003285227755501975,0.00011024342886746337,3.523033468029255,0.23404850989108267,0.9871421980717219,0.00012304863241786767,0.09570359119185018,6.136945017404621,0.8183410570065075,1.0928985113026837,4.4962394504013055e-10,0.9900528332337029
ed06a152,0.10619731804104149,10.6,0.14500234982043383,0.275866476273954,0.41978291938165235,0.0,0.0037841653987479816,0.0038650716558443388,0.06465403963215496,0,,,0.14500234982043383,,,0.275866476273954,,,0.41978291938165235,,,,,0.0037841653987479816,,,0.0038650716558443388,,,0.06465403963215496,,,,,0.027510599407312018,,,0.02780313527587973,,,0.027036172025125815,,,,,0.0,,,0.0,,,0.0,,,,,2.4739744746930135,,,8.158207549110797,,,30.405710952067054,,,,,9.295563254685394,,,7.54380661005337,,,3.2079064995152557,,,0.0013335865205473794,5.814602598069922e-05,0.00035989573239728366,4.165118296917172e-05,9.928299720102165,0.16517004248469225,0.9849511087206557,0.00013077841571609765,0.07587142299697354,6.090880839124336,0.844583039196467,1.0867335515117382,6.501827185831972e-10,0.9873382396217405
04aaa790,0.0709728677017408,10.6,0.13129141779896933,0.26593872479763414,0.381966228037995,0.0,0.003899799806723415,0.0018446201923083179,0.03872814691310523,0,,,0.13129141779896933,,,0.26593872479763414,,,0.381966228037995,,,,,0.003899799806723415,,,0.0018446201923083179,,,0.03872814691310523,,,,,0.009332003696647575,,,0.019207395410665747,,,0.03633868779140354,,,,,0.0,,,0.0,,,0.0,,,,,31.304441037719524,,,6.747865358154939,,,14.887149900374826,,,,,7.9991134416444005,,,6.387121533218434,,,3.2756261666197943,,,0.000924587051171511,4.976447492179358e-05,0.0004075433627602592,4.4281945842042815e-05,8.30285780747493,0.02879785557941757,0.8653781192013812,0.00013518054152950656,0.22447716086289987,5.941205327965854,0.9170017442948789,1.0919898914527228,6.019662098096315e-10,0.8691684028705292
50b64d97,0.01175941546128095,10.6,0.14645212100515992,0.2558753042981507,0.35836573069230093,0.0,0.000438716861182907,0.0005876264666750546,0.004781902244322738,0,,,0.14645212100515992,,,0.2558753042981507,,,0.35836573069230093,,,,,0.000438716861182907,,,0.0005876264666750546,,,0.004781902244322738,,,,,0.007575688417787667,,,0.010840908326104917,,,0.03092540135333004,,,,,0.0,,,0.0,,,0.0,,,,,58.432954147945175,,,4.6081282237470145,,,5.719448842428833,,,,,11.250900460034101,,,7.269059721555025,,,3.3015561287917192,,,0.0016963665376775602,5.041947392807607e-05,0.0005670621259744669,3.7471319492997075e-05,8.388000510350253,0.0625741979810605,0.7929938667920402,0.00011626515435925945,0.011484399886495864,6.2387727862793545,0.9336218009916251,1.023177273635937,6.73857015298662e-10,0.8058678101680097
19b314ae,0.024227747367203296,10.8,0.13150105331079667,0.23560633786562693,0.350084103360032,0.0,0.003865322114440489,0.002034749896954024,0.004142668905555681,0,,,0.13150105331079667,,,0.23560633786562693,,,0.350084103360032,,,,,0.003865322114440489,,,0.002034749896954024,,,0.004142668905555681,,,,,0.010031885396217148,,,0.01869805900002487,,,0.02878426273349964,,,,,0.0,,,0.0,,,0.0,,,,,13.39329269707912,,,9.446577584038081,,,18.53958513580034,,,,,8.070405186369765,,,6.742103710182245,,,2.8633518765815356,,,0.0022547135409040904,6.610054209650871e-05,0.0004280063366482844,6.290793413411507e-05,7.155448843251052,0.1278151162076309,0.7762964046822155,0.00012797782340887349,0.014904146066733404,6.036304824756717,0.855496595139617,1.0609172783815437,5.1811950941488e-10,0.8048114760733548
fb5612bb,0.019090495294773788,10.8,0.13100350241038272,0.2264881691166449,0.319505800026557,0.0,0.0046614624102377005,0.008912201707197176,0.0005205847949396427,0,,,0.13100350241038272,,,0.2264881691166449,,,0.319505800026557,,,,,0.0046614624102377005,,,0.008912201707197176,,,0.0005205847949396427,,,,,0.011469622571017494,,,0.007394980341852464,,,0.010203771802031273,,,,,0.0,,,0.0,,,0.0,,,,,16.834423634002537,,,3.379368194636807,,,16.836266555104366,,,,,10.116253095548494,,,6.451491187283029,,,4.044896275489704,,,0.0017681817111477689,0.00010873284203428932,0.00025042472192402307,5.395936219819313e-05,8.353812657847815,0.02531050192014008,0.6681449758340446,0.000115509034268445,0.13156125194119944,6.204498235691738,0.9065716775843757,1.0713159053910686,7.405236747105965e-10,0.6764775785628218
f0f4db59,0.04670730050823538,10.8,0.13039183968418097,0.2745963916993975,0.3865712246002425,0.0,0.0135925670421087,0.0007193734769665587,0.0020230827559368876,0,,,0.13039183968418097,,,0.2745963916993975,,,0.3865712246002425,,,,,0.0135925670421087,,,0.0007193734769665587,,,0.0020230827559368876,,,,,0.033928596299053024,,,0.011994777838430845,,,0.020115082679108668,,,,,0.0,,,0.0,,,0.0,,,,,11.630387458877106,,,9.254734052899352,,,4.0575543106836,,,,,8.496790942444633,,,6.071838329796972,,,3.4341043338170345,,,0.0021974503609518675,7.889469276787102e-05,0.0007633619493729095,4.1238033260870424e-05,7.012029665566728,0.17286837286223497,0.9561410694846434,0.00012199449274842751,0.015081826228757901,6.137382007246609,0.9187677986653671,1.0428200344495542,5.6898692414786e-10,0.9636272773313624
a1ada8b1,0.03069381688905266,10.8,0.1351101689580789,0.2562461211160277,0.3670233720582573,0.0,0.007512655905643509,0.004179067270377325,0.00349167462385648,0,,,0.1351101689580789,,,0.2562461211160277,,,0.3670233720582573,,,,,0.007512655905643509,,,0.004179067270377325,,,0.00349167462385648,,,,,0.008234798726577543,,,0.028910438496769036,,,0.026426027411839564,,,,,0.0,,,0.0,,,0.0,,,,,2.571051032959643,,,9.344284731369678,,,12.36548225721878,,,,,8.18710883580049,,,5.829769928931307,,,3.207919100587274,,,0.002562555326136637,7.005091118266888e-05,0.0004909749545133226,4.37855121799252e-05,7.593027260167252,0.23792045718781227,0.8511460561783036,0.0001770451158807427,0.039577836875974645,6.095842700614812,0.923916218655387,1.0511180723558526,5.691546139350222e-10,0.8864763399409528
7b049804,0.023138837958874097,10.8,0.12878667312249367,0.25372005091258054,0.3357847165529997,0.0,0.013140641484073578,0.0011223514513413234,0.0005171189706067409,0,,,0.12878667312249367,,,0.25372005091258054,,,0.3357847165529997,,,,,0.013140641484073578,,,0.0011223514513413234,,,0.0005171189706067409,,,,,0.02753077937054942,,,0.014982332604379889,,,0.010169748970419485,,,,,0.0,,,0.0,,,0.0,,,,,5.955873461480854,,,4.958487441478518,,,5.762916755933624,,,,,8.343591904132605,,,6.081255498975219,,,3.1952166426357054,,,0.0007605085830379035,6.467662945831794e-05,0.0003555522476814003,3.7690225017418394e-05,9.927134578802026,0.06875448774592825,0.8869733480322304,0.00013656671618733353,0.010000563590898846,6.244732031322192,0.9434746753176881,1.0278783556021687,5.005728353974953e-10,0.8946557402551085
1fed8ca2,0.05580554648011131,10.8,0.14140819369362545,0.2670428076426929,0.40306517102837475,0.0,0.001741884869305515,0.004843334711685498,0.020825342962745526,0,,,0.14140819369362545,,,0.2670428076426929,,,0.40306517102837475,,,,,0.001741884869305515,,,0.004843334711685498,,,0.020825342962745526,,,,,0.018664859331404108,,,0.03112341469596644,,,0.03434957957572036,,,,,0.0,,,0.0,,,0.0,,,,,7.273006116393308,,,3.1800592893485877,,,4.089765785423389,,,,,9.311454158131415,,,8.46596053445056,,,3.4890064725123406,,,0.0019921750479554357,8.292805891012629e-05,0.0006541962890982661,3.981926741264281e-05,8.399399530431046,0.28811853182901703,0.9704880163851262,0.00012959182667255045,0.010002182366844858,6.260340921853513,0.9012297393047426,1.0618074899638763,7.878065119325099e-10,0.9788939169739671
e073efcf,0.1859103204432828,10.8,0.11067403568528024,0.2195363593129822,0.3270757477246367,0.0,0.13696295025868158,0.02394822234987738,0.003038072996777543,0,,,0.11067403568528024,,,0.2195363593129822,,,0.3270757477246367,,,,,0.13696295025868158,,,0.02394822234987738,,,0.003038072996777543,,,,,0.0064652618988706705,,,0.009111944359022017,,,0.024649839742998506,,,,,0.0,,,0.0,,,0.0,,,,,29.415079390956578,,,4.421404336825015,,,21.733367595477777,,,,,8.245065012963487,,,5.790481474626386,,,2.8014359730193696,,,0.0025621723842890885,6.44949582329544e-05,0.0006047425147332183,5.116035712165917e-05,5.082284591547072,0.014889876268914658,0.7678267535050237,0.00014700189935811035,0.08936779799723522,6.316702397115544,0.9242501618578408,1.0029383919714059,4.411696847499768e-10,0.7712070017429357
fcb07319,0.03127910179863113,10.8,0.1313657418562041,0.25525516944789006,0.3705163885043031,0.0,0.0057365009055580125,0.0038888452571107686,0.0008143737253733334,0,,,0.1313657418562041,,,0.25525516944789006,,,0.3705163885043031,,,,,0.0057365009055580125,,,0.0038888452571107686,,,0.0008143737253733334,,,,,0.01655742629969899,,,0.027888511100848567,,,0.012762239030619458,,,,,0.0,,,0.0,,,0.0,,,,,5.347675613283249,,,3.6618415637730752,,,8.386133784251141,,,,,8.050036507417671,,,6.593929372002912,,,2.720434520796464,,,0.0013153698927729903,4.4686785894816975e-05,0.0005259973590880793,3.1062165885647404e-05,7.665805532989025,0.015800879465891562,0.8819551979507992,9.415707918932079e-05,0.0100003115047526,6.351709010576703,0.8833825882674541,1.0067111576336758,5.195891276119041e-10,0.8837322141197587
ccdfb735,0.11286035781387056,10.9,0.12271574417625324,0.20863082833206778,0.32587740630194567,0.0,0.036367123674111615,0.06059559831062599,0.00020584965036051373,0,,,0.12271574417625324,,,0.20863082833206778,,,0.32587740630194567,,,,,0.036367123674111615,,,0.06059559831062599,,,0.00020584965036051373,,,,,0.013665341654880597,,,0.003736627215727497,,,0.006416379826046986,,,,,0.0,,,0.0,,,0.0,,,,,17.466371834335813,,,1.1832593274796277,,,6.913235965046768,,,,,8.843916614406568,,,6.59124282693276,,,4.187559988384694,,,0.0008330804024370138,5.7614289712260015e-05,0.0003034368927766221,6.763258694721002e-05,7.36273375448775,0.10542679054299073,0.6574847257811032,0.00010389970347889638,0.024693563487499022,6.066783311822014,0.8997564969619943,1.0564851671974989,6.323239925027289e-10,0.6935292633813758
fe518856,0.13137477829433264,10.9,0.12582904714023477,0.20047765234576204,0.30100146595016697,0.0,0.022768056791311494,0.09993422740918455,0.0003257340164571493,0,,,0.12582904714023477,,,0.20047765234576204,,,0.30100146595016697,,,,,0.022768056791311494,,,0.09993422740918455,,,0.0003257340164571493,,,,,0.008701146895599973,,,0.014664158830977126,,,0.008071356967166664,,,,,0.0,,,0.0,,,0.0,,,,,17.295304695203807,,,6.167616374759744,,,13.131900586145862,,,,,10.001350666393675,,,6.560390113615251,,,4.850192331825478,,,0.0012498732218580188,7.033288093465516e-05,0.0002439493084540582,4.7837528947770536e-05,9.806792854354113,0.011827376768777775,0.6306574355535622,0.00011723040604357315,0.029928744917467914,6.137698118666449,0.8826217046741315,1.0256439313422099,7.642346024726145e-10,0.6349627234764615
ec98ae38,0.024619430652973222,10.9,0.13551063821799533,0.25686505648855057,0.37987095739965737,0.0,0.0005675904499627108,0.001299084174276097,0.0008193821461062137,0,,,0.13551063821799533,,,0.25686505648855057,,,0.37987095739965737,,,,,0.0005675904499627108,,,0.001299084174276097,,,0.0008193821461062137,,,,,0.010654486847921966,,,0.016118834785902467,,,0.01159101885531752,,,,,0.0,,,0.0,,,0.0,,,,,11.886981889600591,,,13.708026532865937,,,15.266059708582622,,,,,8.693131111339236,,,5.978716743409273,,,3.2409384736659583,,,0.0014342118867273052,0.00013753254373202086,0.0002765683946255052,4.883099528826786e-05,9.993286566124473,0.0328255907028661,0.8471376135443751,0.00010363345412972246,0.014577661969996148,5.904809938425217,0.9045877540777439,1.0720273883555496,5.469430472285558e-10,0.8520706979146764
a2e05d5d,0.16415614896841058,10.9,0.1126982938619125,0.22865643524178114,0.31505808359645615,0.0,0.11522469425716743,0.014036967550591499,0.021219729869366828,0,,,0.1126982938619125,,,0.22865643524178114,,,0.31505808359645615,,,,,0.11522469425716743,,,0.014036967550591499,,,0.021219729869366828,,,,,0.0047586624193565715,,,0.040664758412247475,,,0.06514557524401304,,,,,0.0,,,0.0,,,0.0,,,,,25.13971384761281,,,1.714164928834646,,,11.586040784940245,,,,,7.85271110949599,,,5.663008147777119,,,3.2806162202423472,,,0.0017346096211347385,7.601789053360637e-05,0.0004537664584936957,4.524613798484305e-05,8.547121650632691,0.07724391292695272,0.7535766909360488,0.00012802180471395972,0.013882364111151478,6.267485949149567,0.9144234379069207,1.0964895811414135,4.5768030175349836e-10,0.7725360338954627
d5adfba5,0.021757405996793253,10.9,0.14850505647335288,0.260792154858612,0.3874726203645384,0.0,0.004033717560406652,0.000307837566543801,0.0017420506704762593,0,,,0.14850505647335288,,,0.260792154858612,,,0.3874726203645384,,,,,0.004033717560406652,,,0.000307837566543801,,,0.0017420506704762593,,,,,0.028403230662749093,,,0.007846496881332472,,,0.0184000536825937,,,,,0.0,,,0.0,,,0.0,,,,,10.650301858474037,,,0.8043656048127221,,,11.389322026764242,,,,,7.757733519679238,,,6.182037671286023,,,3.022206810517212,,,0.0016192938928092074,0.00010892757846670463,0.0003069126827219188,5.973998590427894e-05,9.682412249260041,0.10156274851475844,0.8587607387378013,0.00013507311915527827,0.02679403174392253,6.08528188965004,0.8769471123851235,1.062276218193745,5.652806285062732e-10,0.8730195102359105
1054b2c9,0.07185005152434085,10.9,0.12152819651229865,0.27905523170649876,0.3537051774820697,0.0,0.042589181529037366,0.00034186713607902905,0.000863914726715322,0,,,0.12152819651229865,,,0.27905523170649876,,,0.3537051774820697,,,,,0.042589181529037366,,,0.00034186713607902905,,,0.000863914726715322,,,,,0.020817537288132956,,,0.008268822601544056,,,0.013144692668262138,,,,,0.0,,,0.0,,,0.0,,,,,9.408557691099682,,,5.500964168053643,,,12.065762962859157,,,,,8.542779605843199,,,6.438215350303003,,,2.912739448820835,,,0.0013095987288469,0.00010782979759722708,0.0002788885086026931,6.237380016834434e-05,7.616587689492308,0.0943194751779221,0.8048359554926515,0.0001281455229606409,0.10648631215871909,6.040880437460729,0.8953231853983918,1.0786635778158593,5.579290293897912e-10,0.823163242148636
28017210,0.022769531848681072,10.9,0.14315049001978006,0.2816510682363964,0.3855295331222632,0.0,0.0008133425701031962,0.00028624515889036134,0.006648753414843293,0,,,0.14315049001978006,,,0.2816510682363964,,,0.3855295331222632,,,,,0.0008133425701031962,,,0.00028624515889036134,,,0.006648753414843293,,,,,0.01275415673498798,,,0.007566308993034336,,,0.020930857794700358,,,,,0.0,,,0.0,,,0.0,,,,,5.681766772892283,,,8.979475583668528,,,6.472381105247893,,,,,8.988357762188084,,,5.534633635267762,,,3.807640379000967,,,0.0031126176634236006,0.00010204293201742535,0.0005648748759415033,5.1923589813378555e-05,9.127759064029247,0.15549058119736014,0.8915753435235434,9.800476657620791e-05,0.12206728791197519,6.064083084951094,0.8979501418048234,1.0844494886922074,5.701733046297582e-10,0.9083451988408394
27291485,0.05071809009297553,10.9,0.1272850904080757,0.2240175343293664,0.33011612734582385,0.0,0.019613119268562428,0.013617987583335529,0.0069627088967968275,0,,,0.1272850904080757,,,0.2240175343293664,,,0.33011612734582385,,,,,0.019613119268562428,,,0.013617987583335529,,,0.0069627088967968275,,,,,0.009724578979382191,,,0.010835050906861201,,,0.037316776111547545,,,,,0.0,,,0.0,,,0.0,,,,,11.502094630302205,,,12.668577733488961,,,8.250943904140197,,,,,9.86831685056919,,,7.542176049771105,,,4.078244162419812,,,0.001330417316060761,6.640397786454813e-05,0.00017542102977240182,5.487497603756362e-05,9.48786342082984,0.11285281435127925,0.6446367016078591,0.00012917728426497938,0.06004029986832762,6.086754011454343,0.8974233164743065,1.0738756468582102,7.310719521358669e-10,0.6846759862784049
0e01d857,0.15875411090492117,11.1,0.1140617171280075,0.24992516065627896,0.3717150600753764,0.0,0.10215103635757598,0.011397881294902944,0.0004938668873443524,0,,,0.1140617171280075,,,0.24992516065627896,,,0.3717150600753764,,,,,0.10215103635757598,,,0.011397881294902944,,,0.0004938668873443524,,,,,0.010645323662175967,,,0.02311488496480447,,,0.009938479635682234,,,,,0.0,,,0.0,,,0.0,,,,,5.316171196572581,,,19.318009114899915,,,4.43845092600315,,,,,9.615861215865143,,,6.58047571023961,,,3.3481784726154658,,,0.0015820804418908512,0.00015113860199816618,0.0004955745149959522,9.481033558375758e-05,9.881794505112858,0.12614151343883734,0.7936881324641313,0.0001128561263318985,0.010028050744969099,6.081013789452557,0.9375747083817635,1.0860397547338407,4.973893771508482e-10,0.8196332548622522
17e6971c,0.022107098884194556,11.1,0.1413253534951282,0.25883006732104336,0.37077425244498957,0.0,0.0009728363535650326,1.2617499829772065e-05,0.00879604591085659,0,,,0.1413253534951282,,,0.25883006732104336,,,0.37077425244498957,,,,,0.0009728363535650326,,,1.2617499829772065e-05,,,0.00879604591085659,,,,,0.01394873724438906,,,0.0015885527897915176,,,0.03706596367228441,,,,,0.0,,,0.0,,,0.0,,,,,41.07313707343032,,,7.316748840839666,,,9.077914365178364,,,,,8.2965880038836,,,5.916676333573674,,,3.073148507953413,,,0.0032260687749427527,0.00012087678834360495,0.00048002357161257113,6.508415165237828e-05,6.8620832337696855,0.002614343174550609,0.8125761335215943,0.00019052047758154374,0.13444096567248046,6.050378557827423,0.9132451310875477,1.041586935895647,5.710508450696738e-10,0.8129848662143179
a87515a7,0.07912107789419566,11.1,0.12304533630116184,0.26299878973254404,0.35985248787847735,0.0,0.036852952614458014,0.00046968761099442903,0.017076164683553927,0,,,0.12304533630116184,,,0.26299878973254404,,,0.35985248787847735,,,,,0.036852952614458014,,,0.00046968761099442903,,,0.017076164683553927,,,,,0.009979457123961484,,,0.009692137132690902,,,0.05843999432504067,,,,,0.0,,,0.0,,,0.0,,,,,23.18541823692501,,,8.395593064207683,,,8.350432039792596,,,,,8.241158815086244,,,5.898063499304241,,,3.1522996926575697,,,0.0015628046464792869,0.00018050934865002584,0.0002080136885022144,7.56640335692557e-05,9.999251816185765,0.13084265562752895,0.9434145387567898,9.10398298650627e-05,0.01413953197618548,6.101066435586095,0.9225405822255297,1.084366302004156,4.967290935281321e-10,0.9507239893218844
5919dd31,0.12556422749255217,11.1,0.11888467009003913,0.2617813864578936,0.3858213224097451,0.0,0.0693188345978324,0.0018493796589625754,0.00706455915482859,0,,,0.11888467009003913,,,0.2617813864578936,,,0.3858213224097451,,,,,0.0693188345978324,,,0.0018493796589625754,,,0.00706455915482859,,,,,0.04195605199763877,,,0.01923215879178713,,,0.024103306505388326,,,,,0.0,,,0.0,,,0.0,,,,,29.503490169010952,,,1.2769746695490012,,,7.186317376056805,,,,,7.577627154717321,,,6.00262907550014,,,3.1081204402850404,,,0.0033583348201754203,0.00010547264256170908,0.00034722590805760176,4.450846233656728e-05,8.821300229232834,0.07824909259154875,0.8716765931601025,8.93329424649893e-05,0.18888402466801824,5.820636858917855,0.8809289057507358,1.118524152477049,5.660424501587232e-10,0.8816306156442646
3d448bc3,0.024702758669374783,11.1,0.13747574382810662,0.260650190506343,0.3427850800251811,0.0,0.002395717348144303,0.007918340810126281,0.009586423823686453,0,,,0.13747574382810662,,,0.260650190506343,,,0.3427850800251811,,,,,0.002395717348144303,,,0.007918340810126281,,,0.009586423823686453,,,,,0.01616568725086648,,,0.039795328394489425,,,0.04378681039693678,,,,,0.0,,,0.0,,,0.0,,,,,23.36814671099402,,,2.0799491046256637,,,7.241214565572129,,,,,7.388645108224258,,,5.8457356637610385,,,2.782405685059359,,,0.0014998986002372097,0.00018434795396295452,0.00039175401079734963,0.0001186603937389698,9.950268846552113,0.12133124099838935,0.8700282424619405,0.00012374335193391498,0.034473247521285395,6.138474758664037,0.8425776166055066,0.9906594426727984,4.895944089406164e-10,0.8857108742745289
023d6bf5,0.0070899879546734105,11.1,0.14628448638457503,0.24443720960070547,0.34841408637202664,0.0,0.0004531099686022107,3.721186102779721e-05,0.000406982759025105,0,,,0.14628448638457503,,,0.24443720960070547,,,0.34841408637202664,,,,,0.0004531099686022107,,,3.721186102779721e-05,,,0.000406982759025105,,,,,0.009519558483482422,,,0.0027280711511174782,,,0.009022003757759193,,,,,0.0,,,0.0,,,0.0,,,,,11.25663210588687,,,7.713852626969239,,,16.74026886748074,,,,,9.141943391887853,,,6.556471070182501,,,3.8400074046071087,,,0.0011295319290388936,0.00016008530183444461,0.00015397467978165967,5.69678182841143e-05,9.828426658668812,0.07462531829317601,0.7481185598686592,0.0001589074358163434,0.010201476870489041,6.111025282492956,0.8802633608038122,1.0806515843928022,6.680724966053976e-10,0.7668404806546172
8671c1b3,0.28830544295344457,11.1,0.1305812036905067,0.2611474383276677,0.4079692762976321,0.0,0.019245425573981657,0.0011539455757439531,0.22108869119227278,0,,,0.1305812036905067,,,0.2611474383276677,,,0.4079692762976321,,,,,0.019245425573981657,,,0.0011539455757439531,,,0.22108869119227278,,,,,0.05365703225114802,,,0.015191744967211325,,,0.03788742413533901,,,,,0.0,,,0.0,,,0.0,,,,,6.229493215753378,,,5.598741638105881,,,10.331631252735434,,,,,8.252301478019923,,,6.582739545874105,,,3.018776706032565,,,0.0037464229332713657,8.136239651433527e-05,0.00021293504620600442,4.64827687704609e-05,8.565649667792375,0.09898147429710949,0.8941515623276062,0.00024120867674678415,0.11123830343200622,6.164643533126593,0.8696257360120616,1.097090373126334,5.309210116493429e-10,0.9045391815842326
af8d9387,0.06462775014623712,11.1,0.12507376852620075,0.24376262066256593,0.33523846192235246,0.0,0.030150890200472097,0.0017529018662486718,0.02182939626225152,0,,,0.12507376852620075,,,0.24376262066256593,,,0.33523846192235246,,,,,0.030150890200472097,,,0.0017529018662486718,,,0.02182939626225152,,,,,0.010111809712019323,,,0.01872379163657122,,,0.06607480043443419,,,,,0.0,,,0.0,,,0.0,,,,,10.535675789874187,,,17.288765508064152,,,35.783024348695584,,,,,8.251353304265363,,,5.3127220597533045,,,2.8872410371237196,,,0.0011510357711052707,0.00013427262103272075,0.0003661144462695329,5.8853435440359124e-05,7.3457025722740195,0.029262295513382754,0.7909093046055341,0.00012966259103423586,0.10641931722201406,6.186053382185491,0.8671491766095599,1.00753921063796,5.039348972334968e-10,0.7969486873928051
7f84290f,0.29168765841086514,11.2,0.11142318976366157,0.23157567388854375,0.31352642619456544,0.0,0.26161854674477103,0.002693825745394399,0.012911803958357197,0,,,0.11142318976366157,,,0.23157567388854375,,,0.31352642619456544,,,,,0.26161854674477103,,,0.002693825745394399,,,0.012911803958357197,,,,,0.020063696756726444,,,0.007375810833219589,,,0.05081693410342107,,,,,0.0,,,0.0,,,0.0,,,,,10.48420326609781,,,21.41226125684804,,,19.714314735879462,,,,,8.663825685755219,,,6.237715502286683,,,3.3124837298731347,,,0.0017011038203467773,0.00012072595240032068,0.00020314002703497412,6.969417369599127e-05,9.512952505292265,0.17627273620516123,0.6937532735632167,0.00018794205337093747,0.0229190299533657,6.120257872764175,0.9061608302131587,1.068124648524902,5.418199995861462e-10,0.7476668466587457
c3f5b8c4,0.02686374010593358,11.2,0.14061718468344847,0.25399679005290776,0.37941051636219464,0.0,0.0010612755248139304,0.002299993398638877,0.005199842376092492,0,,,0.14061718468344847,,,0.25399679005290776,,,0.37941051636219464,,,,,0.0010612755248139304,,,0.002299993398638877,,,0.005199842376092492,,,,,0.01456897748514926,,,0.02144757981050019,,,0.014307955488922455,,,,,0.0,,,0.0,,,0.0,,,,,5.908128331404306,,,4.014629955520363,,,6.34073353080171,,,,,8.785916622105825,,,6.047098646712862,,,3.230903788621408,,,0.0012747299803247045,0.00019069054675044687,0.00023178531696296624,6.325976122610999e-05,6.736302194328625,0.0028680555621249425,0.8225740639256958,0.00014590718910003391,0.049113210049299666,6.152809728418441,0.8591187825161177,1.052365052450801,5.984423385292294e-10,0.8230006739621264
dfb20b39,0.023667933409587054,11.2,0.14807054149233737,0.2734232182527054,0.38221555220254044,0.0,0.0013673734296327793,0.0006098854794327355,0.011293449727861093,0,,,0.14807054149233737,,,0.2734232182527054,,,0.38221555220254044,,,,,0.0013673734296327793,,,0.0006098854794327355,,,0.011293449727861093,,,,,0.016537070052659142,,,0.011044324148020425,,,0.04752567669767805,,,,,0.0,,,0.0,,,0.0,,,,,4.380052866203796,,,20.511878435706947,,,7.392364515239947,,,,,8.478351549091155,,,6.6295080042210035,,,3.1355058303071948,,,0.0010738594005477602,0.00017591902626573356,0.00023471338851101912,8.90185587081027e-05,8.556665176849465,0.10585841283255605,0.8675833645556148,0.00014103816037061014,0.027833972157702114,6.125196340170415,0.8596951542283099,1.0314672223536328,6.618456341097683e-10,0.881514021079929
1fd58f03,0.043916452501087735,11.2,0.1301457334853119,0.22586463264577544,0.36098587301935653,0.0,0.008614866793285058,0.010013055854737496,0.0006389008461560177,0,,,0.1301457334853119,,,0.22586463264577544,,,0.36098587301935653,,,,,0.008614866793285058,,,0.010013055854737496,,,0.0006389008461560177,,,,,0.02369459599231456,,,0.01415803446284543,,,0.011303989084885191,,,,,0.0,,,0.0,,,0.0,,,,,24.422197711333723,,,7.332240827935621,,,4.137279670270224,,,,,8.661724694475902,,,5.586346186673656,,,3.2860302993006827,,,0.0014231092795928641,0.00020358347888392066,0.00022330100258902767,8.736872947525397e-05,8.752235277478677,0.05858041622884666,0.7151316076658305,0.00015765891976888215,0.13189250082560441,6.160643022985741,0.8475133314058508,1.0482861708630342,5.611966481494958e-10,0.7317478034984419
c3444163,0.020363597747762675,11.2,0.13975398960744195,0.2637056269324971,0.38015559000506305,0.0,0.0019853675501579657,0.00033948257350311837,0.0009659247489609818,0,,,0.13975398960744195,,,0.2637056269324971,,,0.38015559000506305,,,,,0.0019853675501579657,,,0.00033948257350311837,,,0.0009659247489609818,,,,,0.019926703441151352,,,0.008239934144192154,,,0.013899098884179376,,,,,0.0,,,0.0,,,0.0,,,,,14.888840895828263,,,0.7113096338480173,,,12.21133242168673,,,,,8.934629598004108,,,6.4381711256745495,,,3.047052313487427,,,0.001311281815352551,0.0002760304087975386,0.00039188485400930094,4.253302234168266e-05,8.881751617765815,0.0171073617385556,0.9486831265681368,0.00019425712916144243,0.11116583058589162,5.921162781162352,0.9271468049806294,1.0554715208337886,5.676570902486123e-10,0.9494661545725706
82de2c83,0.03175735325237598,11.2,0.14102642584379996,0.257065696350635,0.3731948102210216,0.0,0.0011899237794668596,0.006088915164516964,0.010459908692567415,0,,,0.14102642584379996,,,0.257065696350635,,,0.3731948102210216,,,,,0.0011899237794668596,,,0.006088915164516964,,,0.010459908692567415,,,,,0.015426754548296019,,,0.03489674817090258,,,0.04573818687391842,,,,,0.0,,,0.0,,,0.0,,,,,11.768373443444444,,,14.911812002992708,,,11.666859854813667,,,,,8.386526699189277,,,6.2502362817422625,,,2.973241610456593,,,0.00225159557847878,0.00024211930117878013,0.00018697592310564526,8.031344558668183e-05,8.3716209130134,0.10414811748649581,0.8534318536119443,0.00012996175800506114,0.07653835644298737,6.03760103371594,0.8425886347867177,1.0277415584872795,5.478502872978439e-10,0.8686113069563842
c902fc6e,0.03824365566102116,11.2,0.13675442617310254,0.25692220684031225,0.3613790811511291,0.0,0.0010053907004923298,0.0005313310896168732,0.025094890736153893,0,,,0.13675442617310254,,,0.25692220684031225,,,0.3613790811511291,,,,,0.0010053907004923298,,,0.0005313310896168732,,,0.025094890736153893,,,,,0.014180202399770815,,,0.010308550718863182,,,0.0243873355673392,,,,,0.0,,,0.0,,,0.0,,,,,7.294911546907436,,,6.151191435678586,,,2.320501851365779,,,,,9.783028169880707,,,6.5236017147630685,,,3.3644462235969756,,,0.001738851212995631,0.00015858504255721696,0.000353085085268479,7.413447625907165e-05,8.427693609364939,0.12063546722414233,0.7568901063276454,0.00019763456533637458,0.014311371048388012,6.148857666693934,0.901819586564285,1.0103922271088492,6.416198979739348e-10,0.7861420929269887
7c8583bd,0.02939617385268573,11.2,0.14690773616177055,0.25346531812185713,0.3743674843371632,0.0,0.006236529704027497,0.0012280975386628175,0.009301620538871427,0,,,0.14690773616177055,,,0.25346531812185713,,,0.3743674843371632,,,,,0.006236529704027497,,,0.0012280975386628175,,,0.009301620538871427,,,,,0.01608666264322719,,,0.015672252796983702,,,0.04313147467655477,,,,,0.0,,,0.0,,,0.0,,,,,8.405634873510964,,,3.6592691946031555,,,3.682850004546883,,,,,7.012479626478943,,,6.303392610932409,,,3.3345073150337314,,,0.0015536915292135357,0.00019652385905326262,0.00020010896673667078,0.00013558970103566697,9.193267090397248,0.10708391894441371,0.9169700560593854,9.345502311639102e-05,0.015391483760134012,6.03858640997951,0.8294732187724866,1.0804901506478464,5.53447444891201e-10,0.9257695308406755
2e0a339f,0.06338194030422921,11.4,0.14259480406933633,0.2706534743889373,0.40784610514154584,0.0,0.0007523110723774423,0.002830277972444519,0.03033304570097404,0,,,0.14259480406933633,,,0.2706534743889373,,,0.40784610514154584,,,,,0.0007523110723774423,,,0.002830277972444519,,,0.03033304570097404,,,,,0.012266304026702113,,,0.023791922883384265,,,0.017534173581140244,,,,,0.0,,,0.0,,,0.0,,,,,6.917144146718299,,,11.79670788766266,,,7.438703486742177,,,,,9.040556257773583,,,6.629955498475898,,,2.819494508191933,,,0.001249101785655177,0.00034167582458247435,0.0003284531496446598,7.469123257984825e-05,9.059862972203172,0.054417113486695395,0.9821126327589781,0.00017698167083127287,0.05137571251577551,5.757627636722453,0.8693866041760154,1.0564685120806536,5.531354515583687e-10,0.982987800388835
1c37eb24,0.03506010316038378,11.4,0.14640189236475548,0.26583417127844017,0.37458889715172233,0.0,0.004764936354048923,0.000222048819195244,0.02046810313249566,0,,,0.14640189236475548,,,0.26583417127844017,,,0.37458889715172233,,,,,0.004764936354048923,,,0.000222048819195244,,,0.02046810313249566,,,,,0.020217677255650747,,,0.006664065113656139,,,0.047738613068125026,,,,,0.0,,,0.0,,,0.0,,,,,5.227988572054342,,,10.297418473119649,,,28.294343294739548,,,,,8.41277253257913,,,6.830656581372513,,,3.452665329052782,,,0.0013454464841234789,0.00037584071564205577,0.0002995796487716752,5.390620592605343e-05,8.336757820925168,0.019126374253476807,0.9881710908878082,0.00020558653013410595,0.1560968702642531,6.145540718205499,0.9060648639805738,1.0712452537360546,6.347234141632707e-10,0.9882985179214095
b659d82a,0.04190188484482555,11.4,0.14289017671073279,0.2592652174002731,0.3614681489895482,0.0,0.008800790084029292,0.0010034033996792764,0.02444224725970176,0,,,0.14289017671073279,,,0.2592652174002731,,,0.3614681489895482,,,,,0.008800790084029292,,,0.0010034033996792764,,,0.02444224725970176,,,,,0.038115071846976496,,,0.014166180852151199,,,0.06991744740721269,,,,,0.0,,,0.0,,,0.0,,,,,24.259591648809053,,,8.709027014726567,,,45.60180577137688,,,,,9.323578952771406,,,5.8787220777331335,,,2.8764997531517893,,,0.002263893352168362,0.0002744958282069576,0.00020730265596785157,7.068512569123188e-05,8.16860585188282,0.2026096589750429,0.8843973976316567,0.00025064846865297284,0.010403500484340595,6.092436982484784,0.8536010694460184,1.1188598145125457,5.084534014936938e-10,0.9077311617343711
0df8f63e,0.09681810088190076,11.4,0.12715177073045728,0.2578919988923162,0.35154807057549625,0.0,0.020451730051746882,0.003928187178588939,0.056748411364133666,0,,,0.12715177073045728,,,0.2578919988923162,,,0.35154807057549625,,,,,0.020451730051746882,,,0.003928187178588939,,,0.056748411364133666,,,,,0.006978983727975652,,,0.02802922467207732,,,0.06276787498633278,,,,,0.0,,,0.0,,,0.0,,,,,6.256710886636195,,,5.601956665238936,,,1.2296979230613596,,,,,8.509360904791075,,,6.93433272114708,,,3.24907995836686,,,0.0020097597745780465,0.00029769211234905737,0.0003031828240910108,5.3672443789451406e-05,9.352365722179428,0.15149245369618228,0.9823363207373288,0.0001597307515493166,0.022598895486698037,5.954874274040472,0.8652516390042109,1.105977420414005,4.3117015412649566e-10,0.9849140012180595
43fdeb3f,0.02763157574722052,11.4,0.14193458543713786,0.27073728948328396,0.37724312176510755,0.0,0.001467205512416809,0.0035777899955428197,0.009580501570268879,0,,,0.14193458543713786,,,0.27073728948328396,,,0.37724312176510755,,,,,0.001467205512416809,,,0.0035777899955428197,,,0.009580501570268879,,,,,0.008967292642503755,,,0.026749915871055817,,,0.023268738253085536,,,,,0.0,,,0.0,,,0.0,,,,,9.48841053589931,,,7.166181011896758,,,8.709772316626317,,,,,8.397334899567516,,,6.945829583308105,,,3.528133563687419,,,0.0019219948926766644,0.00022102065455069673,0.0003586348261768236,7.221421654438984e-05,7.101580899616413,0.0015104491526909977,0.8728850248164279,0.0002273084563634289,0.20212146124311423,6.080479999776848,0.9211850248050018,0.9845929654876854,6.772482673472935e-10,0.8729897370205066
6f34e39b,0.041570348847684,11.4,0.1332731880602353,0.25841885806906495,0.36927147874447486,0.0,0.0025081214375540562,0.001431619635484829,0.019666963451039278,0,,,0.1332731880602353,,,0.25841885806906495,,,0.36927147874447486,,,,,0.0025081214375540562,,,0.001431619635484829,,,0.019666963451039278,,,,,0.010412584289941153,,,0.016921108920427343,,,0.018714651158247244,,,,,0.0,,,0.0,,,0.0,,,,,8.384126115880152,,,4.702812261224483,,,0.8274667105827719,,,,,9.648973618120037,,,6.4128367761512255,,,3.4284858844744144,,,0.000928944496449257,0.0002005898435308998,0.0001597353069840201,6.003052772550133e-05,8.331131125786948,0.021098547547311036,0.8099352591062112,0.00017374612123190514,0.16886914929386604,6.055831303802489,0.9057405977405107,1.1100639939209005,6.067966283419137e-10,0.8138643555531155
87515db3,0.023662307420802102,11.4,0.13669164880988072,0.254499872875853,0.3757446904846686,0.0,0.0014311552926894438,0.00012693755996046605,0.0030260264933783835,0,,,0.13669164880988072,,,0.254499872875853,,,0.3757446904846686,,,,,0.0014311552926894438,,,0.00012693755996046605,,,0.0030260264933783835,,,,,0.01691836453496285,,,0.005038602186330373,,,0.0246009206875612,,,,,0.0,,,0.0,,,0.0,,,,,17.993284765166962,,,9.918626541374353,,,8.903318848897184,,,,,8.353945318682156,,,6.2914328968808615,,,2.854600727196603,,,0.0015996105147154823,0.0003617241179557293,0.00027033284262992604,8.407089630919997e-05,8.35425284410752,0.10625611508014444,0.819678265892247,0.00016606445592175478,0.17620300808105707,5.836712316637071,0.8433754584871982,1.0283277712623986,4.675116355992496e-10,0.8387565849964624
ca125690,0.044349178692742526,11.4,0.13962979476686554,0.2714617273518073,0.38651188242213486,0.0,0.009728851161472766,0.002275163897147114,0.012901498814888803,0,,,0.13962979476686554,,,0.2714617273518073,,,0.38651188242213486,,,,,0.009728851161472766,,,0.002275163897147114,,,0.012901498814888803,,,,,0.044110885643960415,,,0.0213314973555403,,,0.02946073835170841,,,,,0.0,,,0.0,,,0.0,,,,,4.934194976794898,,,12.759932503405173,,,12.929226025398384,,,,,7.963966405398728,,,5.841083744019204,,,2.734159601321768,,,0.0012930392632093145,0.0003262397301902413,0.0002493908726203024,5.396242959989915e-05,5.809421816779804,0.01101579242769259,0.8896091455650019,0.00014510816897330165,0.20063501517399954,5.970294724851453,0.8578565076467267,1.0438219199285361,5.515582191446056e-10,0.890736227388817
6205142f,0.05455971746881018,11.5,0.12820828088082828,0.25999502183734424,0.36763011809414353,0.0,0.016696402112590103,3.9449829760536656e-05,0.015556913597442748,0,,,0.12820828088082828,,,0.25999502183734424,,,0.36763011809414353,,,,,0.016696402112590103,,,3.9449829760536656e-05,,,0.015556913597442748,,,,,0.02617046573873668,,,0.0028089083203457054,,,0.05577976980490821,,,,,0.0,,,0.0,,,0.0,,,,,64.18118830571072,,,5.4556022195018965,,,9.839709617888715,,,,,7.86597377122395,,,6.356293221889498,,,3.5770456068220273,,,0.0015114001700969732,0.0001966523363104398,0.00027345077890428873,8.900497669988651e-05,7.709401367209878,0.006817200054530339,0.8201447052173353,0.0001979625434419783,0.24161370425410064,6.064106251918796,0.8646095430802567,1.011002183805707,6.679563932070991e-10,0.8212888002722135
fe3f6c47,0.11343373093938106,11.5,0.1508668368819318,0.2655043089942307,0.42306152282482173,0.0,0.001724477066524772,0.0020218048674988747,0.07497913120335198,0,,,0.1508668368819318,,,0.2655043089942307,,,0.42306152282482173,,,,,0.001724477066524772,,,0.0020218048674988747,,,0.07497913120335198,,,,,0.018571360028413492,,,0.02010872878875676,,,0.025927856082828004,,,,,0.0,,,0.0,,,0.0,,,,,8.958568484119414,,,5.608480145837983,,,11.185626893766722,,,,,9.165562930825324,,,6.58486219723588,,,3.2141938882966827,,,0.0012808365975444996,0.00023236282506992274,0.0001906613216376781,7.885849653741964e-05,9.906633606378335,0.20631652163694997,0.9844717573002337,0.00021253696194330972,0.1536227834043802,6.014599045374083,0.8661723989091299,1.0633585432761143,7.201894680456125e-10,0.9875770431454538
527bbd5e,0.02786776990176363,11.5,0.1485363483160469,0.2507651480342052,0.39265701904838624,0.0,0.0004572457468265519,0.00017864627446492144,0.0044567159134835084,0,,,0.1485363483160469,,,0.2507651480342052,,,0.39265701904838624,,,,,0.0004572457468265519,,,0.00017864627446492144,,,0.0044567159134835084,,,,,0.009562904860203848,,,0.005977395326811193,,,0.014759834099756727,,,,,0.0,,,0.0,,,0.0,,,,,3.4918182097059245,,,5.0000477725551855,,,1.8411625013137085,,,,,9.368193023679424,,,6.509901378495986,,,4.0216780239676595,,,0.002202294035850883,0.00018110364832349144,0.00033007020075679163,7.947962832189055e-05,8.781565206363267,0.017541435814045124,0.7785600065501201,0.00025594422125791035,0.23813705129172108,5.780383009996614,0.8835801418003358,0.9835300425108836,7.28032413059513e-10,0.7823665259812288
37f07f2f,0.09887231448282219,11.5,0.11849187136640692,0.2659581483880414,0.34342395126576164,0.0,0.06406340813843799,0.005660802643924797,0.0050279029407344,0,,,0.11849187136640692,,,0.2659581483880414,,,0.34342395126576164,,,,,0.06406340813843799,,,0.005660802643924797,,,0.0050279029407344,,,,,0.010927829910680543,,,0.03364759320939552,,,0.03171089068674798,,,,,0.0,,,0.0,,,0.0,,,,,3.8011218025615516,,,7.454997075558535,,,7.895368833248673,,,,,7.974150625325027,,,5.223628542932945,,,3.3081320111789796,,,0.0013290230942237533,0.0004977853343922735,0.00027036243899815305,0.00012614843518449326,6.684756078473259,0.18957150990965646,0.9437468007568482,0.00011863916618115842,0.12838414709925797,5.92010901568363,0.8851375416241649,0.992653737557904,4.6142338365686117e-10,0.9543164299945456
c5f60a06,0.03765860322828196,11.5,0.14589444702808807,0.26866734821902083,0.3892454391648033,0.0,0.0002647593019722939,0.0006858865040873362,0.020749974895822063,0,,,0.14589444702808807,,,0.26866734821902083,,,0.3892454391648033,,,,,0.0002647593019722939,,,0.0006858865040873362,,,0.020749974895822063,,,,,0.007276802896496426,,,0.011712271377383093,,,0.024503146174745784,,,,,0.0,,,0.0,,,0.0,,,,,4.421786421822961,,,0.723103836492226,,,6.197574423543031,,,,,8.44860257234402,,,7.083020290554169,,,3.4462714240742325,,,0.0020811324735986454,0.0004207074075106459,0.000224036967134926,5.4837830836069225e-05,4.107603789860768,0.0165872811022472,0.9143215336677838,0.00021087559462604268,0.25482566457629907,5.7826918076498375,0.8747692498805806,1.0404176079090626,5.842319162863239e-10,0.9156512743198789
c908c16a,0.01900239180782972,11.5,0.14485586711954695,0.2666350027800552,0.3738956018741941,0.0,0.001329081661184625,0.006293154238091651,0.001308379948540672,0,,,0.14485586711954695,,,0.2666350027800552,,,0.3738956018741941,,,,,0.001329081661184625,,,0.006293154238091651,,,0.001308379948540672,,,,,0.01630387476144628,,,0.03547718770729059,,,0.010031359699021665,,,,,0.0,,,0.0,,,0.0,,,,,26.000017392905118,,,2.0463515998819752,,,11.516403729574535,,,,,8.24233773855752,,,5.5784745477322,,,3.328009777811373,,,0.0010154171113793738,0.0003436540483197462,0.00016131618169330328,6.438422275835182e-05,5.966339765329889,0.011843396722203942,0.8891147215462745,0.00023372393289990929,0.220272506183062,5.962926893272634,0.8284038455457643,1.008564676562252,4.858183276331064e-10,0.8903390684174993
862660e4,0.029564819623225297,11.5,0.14851485192110542,0.24930028957813838,0.3737864745397155,0.0,0.0002894488348135346,0.013525778384385553,0.0022794744757381274,0,,,0.14851485192110542,,,0.24930028957813838,,,0.3737864745397155,,,,,0.0002894488348135346,,,0.013525778384385553,,,0.0022794744757381274,,,,,0.0076085325104586965,,,0.05201111109058439,,,0.018649051441034247,,,,,0.0,,,0.0,,,0.0,,,,,12.916018599611503,,,12.645936688693677,,,13.224315483171468,,,,,8.078763437369545,,,5.466497613317378,,,3.5223747025066765,,,0.00143742545565575,0.0004765763454349495,0.000388503971998959,0.00012261124803871387,5.360806080038381,0.1617855347712968,0.893271946014292,0.00019697438423033964,0.3297340396574783,5.925240608247725,0.8797396951984447,1.0115913423402698,4.186175066582898e-10,0.9104496741088681
8e916ff7,0.01279744270692208,11.5,0.13559282000347958,0.268547196305463,0.3488594257424475,0.0,0.0009387968376983606,0.0017120295702638777,0.0021230789453245595,0,,,0.13559282000347958,,,0.268547196305463,,,0.3488594257424475,,,,,0.0009387968376983606,,,0.0017120295702638777,,,0.0021230789453245595,,,,,0.013702531428158526,,,0.018504213413511408,,,0.02060620753716976,,,,,0.0,,,0.0,,,0.0,,,,,6.200332665054971,,,8.131322639486836,,,5.4797700500122435,,,,,7.930342520627779,,,6.540032389220035,,,3.146388837777164,,,0.0025278464153872366,0.00018741786177726866,0.0003122024034546693,4.102584806633576e-05,8.809390391945534,0.009925883145806474,0.8242566366153691,0.00010830087795992048,0.1809975729157732,5.918528238625096,0.892383980160966,1.008675805091426,5.825564920071014e-10,0.8259186190403144
1bf6b653,0.037566471049854576,11.7,0.14022899718840826,0.2709336003110199,0.39828228136563765,0.0,2.036970924526955e-05,0.0005146815056522992,0.011360879733358066,0,,,0.14022899718840826,,,0.2709336003110199,,,0.39828228136563765,,,,,2.036970924526955e-05,,,0.0005146815056522992,,,0.011360879733358066,,,,,0.002018400814767451,,,0.010145752861688473,,,0.00966269057440723,,,,,0.0,,,0.0,,,0.0,,,,,8.209808474629572,,,4.352404008833952,,,6.368029566691748,,,,,8.283050368263762,,,6.957508424501198,,,3.679282727435258,,,0.0017353963128121563,0.00020903226960165692,0.0002664234974903227,5.8744756130671536e-05,6.2103789456840985,0.011717635375680407,0.882022843424368,0.00013971409838074678,0.09730937947675636,5.938140884679931,0.911699535510437,0.9723633922181177,7.025359230450399e-10,0.8833170544434383
784527e0,0.023018037553802016,11.7,0.13960576816468148,0.253216475872515,0.360752703073378,0.0,0.0006593624344544041,0.0005154208569213426,0.011661077037652332,0,,,0.13960576816468148,,,0.253216475872515,,,0.360752703073378,,,,,0.0006593624344544041,,,0.0005154208569213426,,,0.011661077037652332,,,,,0.011483574656477,,,0.0101530375447089,,,0.04829301613619164,,,,,0.0,,,0.0,,,0.0,,,,,2.419182211870203,,,1.395905626551526,,,7.550506294822019,,,,,8.29645256456709,,,6.343786753694003,,,3.384936157003796,,,0.0008476606144532348,0.00025160135062532864,0.0002772695616196717,4.5658722128345364e-05,6.799845216721377,0.013429432958364941,0.7985150043388173,0.00011708903935453049,0.09573586030804922,6.1159922577214845,0.9049195867154227,1.0157704008624109,6.207285740531079e-10,0.8011409820797317
4f6292e9,0.04150105297253718,11.7,0.13728231987251144,0.2436911679027574,0.3756029257202616,0.0,0.008638858325079622,0.001503788636367674,0.009530749829566889,0,,,0.13728231987251144,,,0.2436911679027574,,,0.3756029257202616,,,,,0.008638858325079622,,,0.001503788636367674,,,0.009530749829566889,,,,,0.024411589458966345,,,0.017342367983454128,,,0.043561328801650756,,,,,0.0,,,0.0,,,0.0,,,,,20.700235585746377,,,7.6664707115292705,,,0.6515919890848253,,,,,7.735435070613148,,,6.0750325623344565,,,2.9664491312556045,,,0.0040957895862645055,0.0002442482182792957,0.0002927590281066792,8.383121168889308e-05,6.611825279719406,0.1881379437388448,0.7848723519068824,9.957957012101979e-05,0.27658024699398714,5.991665372017424,0.8140065200470372,1.0212038681853102,4.725862254874506e-10,0.8252675380253047
7f80f18a,0.04908762033219203,11.7,0.14817707333443264,0.2571675725930008,0.37914309365137533,0.0,0.0007311911280540858,0.0004751421401611867,0.034853215901073605,0,,,0.14817707333443264,,,0.2571675725930008,,,0.37914309365137533,,,,,0.0007311911280540858,,,0.0004751421401611867,,,0.034853215901073605,,,,,0.012092899801570224,,,0.009748252563010323,,,0.0041920440459292056,,,,,0.0,,,0.0,,,0.0,,,,,3.8845687600364602,,,18.163588061400837,,,9.450657081429936,,,,,9.616085562840146,,,9.777008961456902,,,3.3581739733152935,,,0.0019546068858915786,0.00015278853356423078,0.0002767067843617505,2.5426516291052527e-05,9.972185112508452,0.042205986633403664,0.9859747912622757,0.00010566480647176327,0.2248556890619947,5.979747970146714,0.9161526252872401,1.0233865662894777,6.779490801628074e-10,0.9864681415556645
5835a64c,0.026288890068498008,11.7,0.1379689699659132,0.24155487988929084,0.372335089151446,0.0,0.000315922416723555,0.0015938703569623978,0.004088693492948351,0,,,0.1379689699659132,,,0.24155487988929084,,,0.372335089151446,,,,,0.000315922416723555,,,0.0015938703569623978,,,0.004088693492948351,,,,,0.00513586724182107,,,0.01785424519245996,,,0.028596130832503727,,,,,0.0,,,0.0,,,0.0,,,,,15.359457795938726,,,13.13796726406454,,,18.023807841466155,,,,,7.582947644256688,,,6.168839103076045,,,3.2520584779063126,,,0.001464378482939215,0.0004198753166446142,0.0003282602679154667,6.157818577893064e-05,8.045223975307062,0.021212970841766467,0.83093479032815,0.000163356521709887,0.13302850647437486,5.89035688024651,0.834126786141163,1.0069073928401202,5.373404178121597e-10,0.8344380722122433
5ae4726c,0.020099398582422486,11.7,0.13698411954080403,0.24455009616310375,0.34728899232727417,0.0,0.007993119577862903,0.003521570251331642,0.0005352493753141084,0,,,0.13698411954080403,,,0.24455009616310375,,,0.34728899232727417,,,,,0.007993119577862903,,,0.003521570251331642,,,0.0005352493753141084,,,,,0.03998279524461216,,,0.026538915770361236,,,0.010346490954078183,,,,,0.0,,,0.0,,,0.0,,,,,7.609618223698087,,,5.4879592449245855,,,2.7205769991325206,,,,,7.321375000485881,,,6.120098285356826,,,3.3623788985147405,,,0.0033439185132747877,0.00039337394451216306,0.0001227711441972532,6.013501453377454e-05,4.8983602221109335,0.009230570451625602,0.7817259409840268,0.00020376081565604698,0.24400880137224823,5.850505155980608,0.857318243846449,0.9965275557641329,5.710557982422226e-10,0.7836625624694377
450d0d4f,0.036648235270748064,11.7,0.13307407180549988,0.26107200800879765,0.38494263357595254,0.0,0.0012680419377136551,0.0007613865100737985,0.007878230768401584,0,,,0.13307407180549988,,,0.26107200800879765,,,0.38494263357595254,,,,,0.0012680419377136551,,,0.0007613865100737985,,,0.007878230768401584,,,,,0.006935916805399429,,,0.012340068963128193,,,0.03853607892559783,,,,,0.0,,,0.0,,,0.0,,,,,5.596578172978632,,,9.824645830853992,,,12.17140484019823,,,,,7.979589202921256,,,5.920941590401034,,,3.134350389290139,,,0.002430767373191624,0.0003172610424574133,0.0002963421770361909,5.7270554324279883e-05,9.97537250822537,0.036067374038258264,0.7849787968612962,0.00019089381192671773,0.30987716808460514,5.91348655666891,0.8773851745478188,1.0248447611393703,4.952960727439718e-10,0.79265554914137
ba0cf84b,0.014986346007408492,11.7,0.14169371027464686,0.2405540877616955,0.3556551497351982,0.0,0.001967379843265265,0.0004513950918227233,0.001746766774683988,0,,,0.14169371027464686,,,0.2405540877616955,,,0.3556551497351982,,,,,0.001967379843265265,,,0.0004513950918227233,,,0.001746766774683988,,,,,0.019836228690279133,,,0.009501527159596223,,,0.018690996627702804,,,,,0.0,,,0.0,,,0.0,,,,,20.43576397932056,,,10.997305105448753,,,7.5560177392019545,,,,,7.900829272410519,,,6.00403734850748,,,2.848722631134709,,,0.0031527411044847574,0.0001585913581695123,0.00036348853082338766,3.377009756029116e-05,7.266265552687415,0.01345586440199685,0.8118306512784625,0.00017369496026708024,0.25023501836775314,5.719278893396677,0.8561669461815001,1.0204312058391136,5.137283330462291e-10,0.8142814494543438
048b1100,0.054166871258040865,11.8,0.1471294459747266,0.22924604676312227,0.39101952016718006,0.0,0.004916058291453954,0.007420778688703274,0.006188194789798216,0,,,0.1471294459747266,,,0.22924604676312227,,,0.39101952016718006,,,,,0.004916058291453954,,,0.007420778688703274,,,0.006188194789798216,,,,,0.03135620605702786,,,0.008066344152503766,,,0.02291057245683909,,,,,0.0,,,0.0,,,0.0,,,,,26.372199560672684,,,12.642764017913771,,,7.963966757335826,,,,,9.106254817067212,,,11.169345012446039,,,4.016861693995416,,,0.004495615683268096,0.0001766918911740049,0.0002497888143488589,4.1420359380521286e-05,5.132517521655883,0.13821731931325185,0.7053911905577468,0.00018589047440297073,0.18888994302692896,5.793687271075789,0.8940270936712501,1.0051920653367126,8.080139104272485e-10,0.7460406913258679
09a24335,0.04885642124987116,11.8,0.15078790202220224,0.26043484635288233,0.4035507199936418,0.0,0.003261876722352736,0.0011462720485798206,0.02075468015316441,0,,,0.15078790202220224,,,0.26043484635288233,,,0.4035507199936418,,,,,0.003261876722352736,,,0.0011462720485798206,,,0.02075468015316441,,,,,0.020781704531077732,,,0.015141149550676927,,,0.041211740337132916,,,,,0.0,,,0.0,,,0.0,,,,,28.65934911917129,,,10.135365303161825,,,5.037576898762262,,,,,8.469790566984994,,,6.789263714786157,,,3.2970059850427704,,,0.0037160965936951706,0.0002757821253356264,0.00037360600293493725,3.7046869977032584e-05,6.605178017461596,0.04131012365867743,0.8713531394659934,0.00015895910838084642,0.34385020611672135,5.716603805065627,0.8875880073773991,1.0133361795252767,6.095577883347216e-10,0.8765804218690072
62fd9cff,0.02664933420397346,11.8,0.13646118306807933,0.24376182377307687,0.352902902647964,0.0,0.0028025983886371913,0.0016853914852570863,0.011485024724658729,0,,,0.13646118306807933,,,0.24376182377307687,,,0.352902902647964,,,,,0.0028025983886371913,,,0.0016853914852570863,,,0.011485024724658729,,,,,0.02367529678224622,,,0.004806475452749794,,,0.04792707945339196,,,,,0.0,,,0.0,,,0.0,,,,,20.86976181247375,,,1.52159699797368,,,17.302812613969206,,,,,9.425247936109441,,,6.308818333525781,,,2.8746266963753286,,,0.003222597438576241,0.00015170557049383812,0.00043877106923748984,2.9911282168783905e-05,7.526285735448518,0.05191409373876595,0.9188637742539025,0.0001321606076625222,0.21590445223076268,5.851055164222939,0.8956925009000981,1.0064932165289386,5.707780529484791e-10,0.9229840015054698
8d637e66,0.05712721262819838,11.8,0.13281923601654044,0.2609286876896679,0.3641259755773077,0.0,0.024478638286443793,0.0019531791264225593,0.014988294582485347,0,,,0.13281923601654044,,,0.2609286876896679,,,0.3641259755773077,,,,,0.024478638286443793,,,0.0019531791264225593,,,0.014988294582485347,,,,,0.0681029097351496,,,0.019764509234598056,,,0.054750880508874646,,,,,0.0,,,0.0,,,0.0,,,,,7.1857469051890694,,,6.551182967789534,,,12.38961001180297,,,,,7.943034343160089,,,5.938360144308002,,,3.579775863665497,,,0.004823581371261953,0.0003987615643952348,0.00034352160396526035,3.923232949554993e-05,6.406218158072127,0.022612424591351068,0.8239873779473146,0.00023713733987876047,0.2599312804445291,5.740043837236125,0.8781020879644856,0.984310286348087,5.460169137378047e-10,0.8278850513528122
990634e9,0.03753474543580267,11.8,0.13957156947727112,0.2588302337632452,0.3881540057337525,0.0,0.0010292956812026455,2.3884085306115897e-06,0.013721106442235646,0,,,0.13957156947727112,,,0.2588302337632452,,,0.3881540057337525,,,,,0.0010292956812026455,,,2.3884085306115897e-06,,,0.013721106442235646,,,,,0.014347792033638106,,,0.0006911452134843429,,,0.020318587458081707,,,,,0.0,,,0.0,,,0.0,,,,,10.150926662421856,,,6.765329120891408,,,12.065695738013329,,,,,9.826465635047924,,,6.389016739173555,,,3.2912276530627205,,,0.0029219852080310093,0.00028068822169276876,0.0002473730879794634,5.745662093746534e-05,8.108278789426715,0.011622955855812703,0.863479810734562,0.00021415395672242453,0.19610073945932494,5.666359982071029,0.8945506960968029,0.9825720974915688,6.735594906278766e-10,0.864980230886748
6269aa56,0.22141552182365998,11.8,0.11308446007450726,0.20280744167646872,0.2931786557035325,0.0,0.11319909062861276,0.08875818175324723,0.012033238032699166,0,,,0.11308446007450726,,,0.20280744167646872,,,0.2931786557035325,,,,,0.11319909062861276,,,0.08875818175324723,,,0.012033238032699166,,,,,0.02002359310322284,,,0.017045822610514277,,,0.0490575947895923,,,,,0.0,,,0.0,,,0.0,,,,,5.584027342934175,,,11.745849986812697,,,2.342862603646139,,,,,7.974594903989957,,,6.98320858306614,,,3.26165115345442,,,0.0018678483329138528,0.00014681020751682123,0.00019790125993742619,5.7172060614496875e-05,7.0009664367850934,0.04643601384773563,0.6440086841957903,0.00013750184167062685,0.20554774920486873,5.838603427166081,0.8708685904526496,1.0066187609422967,5.644748886797698e-10,0.6604751009977287
8a7601c1,0.033060855736749016,11.8,0.13360120352570773,0.2616574999509972,0.3723630312658478,0.0,0.011125291367090713,0.0016118012586119647,0.0014021839267055697,0,,,0.13360120352570773,,,0.2616574999509972,,,0.3723630312658478,,,,,0.011125291367090713,,,0.0016118012586119647,,,0.0014021839267055697,,,,,0.04717052335323557,,,0.01795439366067239,,,0.01674624690314561,,,,,0.0,,,0.0,,,0.0,,,,,26.767682935023767,,,7.370684406948543,,,9.881670808691398,,,,,7.948817501031542,,,5.471941673009742,,,3.5202922379273978,,,0.00407652017810823,0.0001336164370262606,0.0004499335806189649,3.396738582332486e-05,6.495775156687648,0.04654304724839945,0.8235180933404502,0.00019791675163468087,0.2622170762975095,5.756662730051695,0.8496999636786701,0.9843103074259609,5.529582221046749e-10,0.8316497472512593
35732ebb,0.24869713782689734,11.8,0.11294417126935302,0.20523469834438204,0.33385035322800516,0.0,0.121616898485057,0.07964266160847956,0.019737388035788,0,,,0.11294417126935302,,,0.20523469834438204,,,0.33385035322800516,,,,,0.121616898485057,,,0.07964266160847956,,,0.019737388035788,,,,,0.01330925278578784,,,0.02861417728320574,,,0.06282895516525482,,,,,0.0,,,0.0,,,0.0,,,,,4.443187852748207,,,15.915229198734918,,,13.959154758971382,,,,,7.9501217072517605,,,5.642969471672746,,,3.4481120140732395,,,0.002687643465958381,0.00011843477815536068,0.00036329250638472574,2.2511458119591008e-05,7.356571373306205,0.05511485158956925,0.6948714603078705,8.178003270485057e-05,0.2603976924393815,5.639999765806215,0.8253435964911393,1.0177633100667751,4.739988682857838e-10,0.7116190873427135
40b185ea,0.0298533615628348,12.0,0.1340544292173322,0.24576739079966656,0.3668807660345927,0.0,0.0052899722718481226,0.0003962939108879132,0.0057582059074780855,0,,,0.1340544292173322,,,0.24576739079966656,,,0.3668807660345927,,,,,0.0052899722718481226,,,0.0003962939108879132,,,0.0057582059074780855,,,,,0.027547992970910994,,,0.008902740149952858,,,0.03157560741799079,,,,,0.0,,,0.0,,,0.0,,,,,9.756360782227008,,,6.643547013743662,,,9.365276258483817,,,,,7.129703322986021,,,5.798548231389481,,,3.2832922856762865,,,0.002329853007656369,0.00010585130080967227,0.0005202268883721667,3.143794695653338e-05,5.9485428133635265,0.009324213913052378,0.8555227685577045,0.00010797310194254935,0.08286313365231987,5.881660371721413,0.8619991601060953,0.9970112474069218,5.354321975196654e-10,0.8567843528923823
b8590d23,0.03476932162641528,12.0,0.13355928643449386,0.24903529371224606,0.3566596394720682,0.0,0.003728140062981988,0.010269806126798123,0.007819434598141077,0,,,0.13355928643449386,,,0.24903529371224606,,,0.3566596394720682,,,,,0.003728140062981988,,,0.010269806126798123,,,0.007819434598141077,,,,,0.02496452483520102,,,0.027033920786605145,,,0.03954601016067506,,,,,0.0,,,0.0,,,0.0,,,,,31.092799812309746,,,50.604600906529804,,,54.58109720877193,,,,,6.874260430330715,,,6.076095230505428,,,2.8834309053315113,,,0.0036514026630393376,9.641619152204297e-05,0.001365937014333343,3.7053158035190124e-05,5.045891275404377,0.12291853408151916,0.9243804683661317,0.00022845108735056302,0.0846080254854357,6.057586590496621,0.8820285608656134,1.003871156331465,3.9937701955421e-10,0.9335830722956613
fa341811,0.030303280271346756,12.0,0.1337485550500377,0.2487601259889848,0.36286785117240505,0.0,0.003470763807349163,0.008153837241390821,0.0028535148587706025,0,,,0.1337485550500377,,,0.2487601259889848,,,0.36286785117240505,,,,,0.003470763807349163,,,0.008153837241390821,,,0.0028535148587706025,,,,,0.0263265725971842,,,0.040382761771307375,,,0.02388939035961614,,,,,0.0,,,0.0,,,0.0,,,,,15.78492484738523,,,5.769622252202118,,,11.94452814491219,,,,,8.325304714039785,,,6.359977748684527,,,2.736053244679842,,,0.004332810433357597,0.00016352227113720336,0.0008147160592780262,2.8677897753622585e-05,9.986590641492874,0.27708762893929717,0.8290249278384166,0.00011089590809782282,0.14098658822438798,5.724453489916927,0.9104763971719714,0.9219122989556717,5.289354254451388e-10,0.8763171026986112
63e9d5b9,0.03561370532411562,12.0,0.15005141007189418,0.2526029333127253,0.3862495844526127,0.0,0.00028265290368262953,0.00019000547942288852,0.017470349863831086,0,,,0.15005141007189418,,,0.2526029333127253,,,0.3862495844526127,,,,,0.00028265290368262953,,,0.00019000547942288852,,,0.017470349863831086,,,,,0.007518682114341975,,,0.00616450289030492,,,0.022566238946684653,,,,,0.0,,,0.0,,,0.0,,,,,15.673961575387368,,,4.2044522903667065,,,8.836448379218307,,,,,8.94580995731215,,,6.444125050237255,,,3.386571598937365,,,0.00521640834220358,0.00016711397957748595,0.00032647382881719535,1.9683440814037966e-05,6.390169963903871,0.004280469471062683,0.8104405597726101,0.0002874803043339008,0.31911902423085414,5.7583877508002015,0.9216207219659187,1.0050393361663568,6.830747669531375e-10,0.8111709191134779
a23d514a,0.0678007251107211,12.0,0.12484186342004994,0.24936178807784815,0.36191844837662085,0.0,0.02460568705756467,0.001318145462602777,0.018399488816694846,0,,,0.12484186342004994,,,0.24936178807784815,,,0.36191844837662085,,,,,0.02460568705756467,,,0.001318145462602777,,,0.018399488816694846,,,,,0.02078560466476464,,,0.016236658908795103,,,0.06066216088583532,,,,,0.0,,,0.0,,,0.0,,,,,21.11721948398824,,,5.0413595100127555,,,6.319378052995845,,,,,8.06800034729021,,,6.263069759002931,,,3.1409453368828935,,,0.0066003912683908665,8.769742662905787e-05,0.0009791936158250981,1.7018393823561248e-05,6.575339914152223,0.08249373128242397,0.8076244349326346,0.00010479388245356036,0.08409122048372106,5.986439955111796,0.9075245338930167,1.0640129890642966,5.099439580272542e-10,0.8234134506591131
48ec8110,0.07160213285876274,12.0,0.14056759668943303,0.255841581464608,0.4024153987077964,0.0,0.0008743912070348049,0.011766842707493542,0.026525742749994655,0,,,0.14056759668943303,,,0.255841581464608,,,0.4024153987077964,,,,,0.0008743912070348049,,,0.011766842707493542,,,0.026525742749994655,,,,,0.013224153712315997,,,0.0011049804886445742,,,0.04229005688249022,,,,,0.0,,,0.0,,,0.0,,,,,8.547093834933161,,,10.12507870313948,,,5.300883663701666,,,,,7.761734978531532,,,8.098516861283374,,,3.4422747477228133,,,0.002836873211998763,0.00015893745232467633,0.0004720036679125182,3.8002122584016884e-05,9.87096482680357,0.008139529881548965,0.9664768019536406,0.0001846560069857614,0.13650414799877253,5.9697398761652005,0.897236864596871,0.9819246384181064,7.483520848709364e-10,0.9666530173456687
ad448187,0.03523680170878886,12.0,0.13725855069657883,0.26815990202538026,0.36243516940240966,0.0,0.006974631530725512,0.00044603326452763523,0.016837660867376158,0,,,0.13725855069657883,,,0.26815990202538026,,,0.36243516940240966,,,,,0.006974631530725512,,,0.00044603326452763523,,,0.016837660867376158,,,,,0.0373487122421256,,,0.009444927363697777,,,0.058030441782526795,,,,,0.0,,,0.0,,,0.0,,,,,2.473360341324918,,,1.1026796358278141,,,26.45013059082421,,,,,7.185209492515529,,,5.8367659126941245,,,3.149167107287578,,,0.0021392553448863084,9.284013404524638e-05,0.0003293167808583504,1.7916073164719386e-05,7.079284880743254,0.004214916850160745,0.8643081936052059,0.00013686095193146173,0.2185220382965329,5.645989345657678,0.9062214212056736,0.9582067252521056,5.291852442145584e-10,0.8647936924670476
27d335b4,0.09040122425151251,12.0,0.1428599033929726,0.25389635613637446,0.39948627272783876,0.0,6.146018639657824e-05,0.001344365709175339,0.0597821702074421,0,,,0.1428599033929726,,,0.25389635613637446,,,0.39948627272783876,,,,,6.146018639657824e-05,,,0.001344365709175339,,,0.0597821702074421,,,,,0.0035060001824466077,,,0.01639735167138486,,,0.027038669062442528,,,,,0.0,,,0.0,,,0.0,,,,,5.449926251972543,,,2.623996409323981,,,15.924525944189872,,,,,8.906943847796759,,,6.783067991832389,,,3.51677170017957,,,0.003548781602298018,0.00027989948904990546,0.000461247256528197,4.88967364571668e-05,8.214981180341084,0.06264715911966016,0.952843101992414,0.00010713075605641628,0.38669037856460464,5.770487235446271,0.8491001227526036,0.9776912399044505,5.72222493350387e-10,0.9557020633752855
91e2408b,0.025575761739932035,12.1,0.14156928457337964,0.24895208665821555,0.36996437425560164,0.0,0.0014381101687961683,0.0001491252099919695,0.00956944370372571,0,,,0.14156928457337964,,,0.24895208665821555,,,0.36996437425560164,,,,,0.0014381101687961683,,,0.0001491252099919695,,,0.00956944370372571,,,,,0.016959423155261905,,,0.005461230813506595,,,0.04374801413487408,,,,,0.0,,,0.0,,,0.0,,,,,22.809630599301723,,,9.019104469111623,,,6.499277265573554,,,,,7.306481426989761,,,6.656126917943913,,,3.0324674003552174,,,0.0044564115882472066,0.00012477567077227297,0.0004990480921135428,4.739259712280889e-05,5.7311132033068,0.172476262984451,0.7856646109422173,0.0001660842287290195,0.15509480785007912,5.730476358442405,0.8305072811305929,0.9918390081908738,5.405171315083984e-10,0.8225538114111279
3ae89d69,0.07472855120041741,12.1,0.127470438607019,0.24397102324560307,0.34005003685034857,0.0,0.017883150810066743,0.000621305891168789,0.04530757578691698,0,,,0.127470438607019,,,0.24397102324560307,,,0.34005003685034857,,,,,0.017883150810066743,,,0.000621305891168789,,,0.04530757578691698,,,,,0.058600597734649984,,,0.011147249805838111,,,0.07009440074416975,,,,,0.0,,,0.0,,,0.0,,,,,17.04115612540424,,,4.239919676600836,,,18.527422516313123,,,,,7.792682960107194,,,5.334684825409484,,,2.721642906952391,,,0.004028932670258373,0.00012061926927492298,0.0007885223427507521,2.401226831402672e-05,7.942772833608224,0.047573572168628765,0.8670400604113294,0.00013081300548525293,0.16500279227456174,5.6835819059300885,0.8833778344082364,0.9267566085576676,4.1742003937785457e-10,0.8732787356868464
958b13c9,0.03139008593815301,12.1,0.14844162978241285,0.2634327895014687,0.3883908184524901,0.0,0.0017691019776257687,0.00017819412246631997,0.014139594912166093,0,,,0.14844162978241285,,,0.2634327895014687,,,0.3883908184524901,,,,,0.0017691019776257687,,,0.00017819412246631997,,,0.014139594912166093,,,,,0.01881011418160862,,,0.005969826169434416,,,0.0372240755517615,,,,,0.0,,,0.0,,,0.0,,,,,7.198550782626828,,,2.0795094480478586,,,20.751168531947737,,,,,8.518468941332872,,,5.989860326952161,,,3.257504354470406,,,0.002772571555242578,0.00011772779103810297,0.0007205150607521895,2.9923120606792414e-05,7.989478833996504,0.04461133497189284,0.9869396762414071,0.00010499664826187389,0.014668634476859944,5.904095183801671,0.8673596323027001,0.9793838595735322,6.692553965486763e-10,0.9874236207518189
a7e587f9,0.03508875391530828,12.1,0.14438985816978547,0.24210526353631945,0.3652471407450623,0.0,0.0015386982826511666,0.0036274434699993365,0.016247552923200168,0,,,0.14438985816978547,,,0.24210526353631945,,,0.3652471407450623,,,,,0.0015386982826511666,,,0.0036274434699993365,,,0.016247552923200168,,,,,0.009898345935045535,,,0.026934897326699934,,,0.05700447863668286,,,,,0.0,,,0.0,,,0.0,,,,,3.453489009167884,,,13.732723998481768,,,5.229703569112996,,,,,7.207938184486297,,,5.792455820221164,,,2.5974105836687174,,,0.0030461482793391523,0.00013997808776538485,0.0011250826187934164,5.101782277168544e-05,7.298821151752651,0.2168679588137336,0.8468894324859533,9.176158249941278e-05,0.029297122544790742,5.802508863866254,0.8809606778018682,1.0090608930503884,4.810359633500584e-10,0.8800095197922884
dbcf1d20,0.11217531611315368,12.1,0.12647081250933898,0.2510696710960067,0.38306054701711323,0.0,0.01750736383348565,0.004551922407360288,0.05508889214063683,0,,,0.12647081250933898,,,0.2510696710960067,,,0.38306054701711323,,,,,0.01750736383348565,,,0.004551922407360288,,,0.05508889214063683,,,,,0.019507760020844,,,0.030172578303354482,,,0.10226704698453727,,,,,0.0,,,0.0,,,0.0,,,,,19.11961567012232,,,21.099628954516483,,,15.35662378666763,,,,,7.421980206122094,,,5.310920344779575,,,2.999858063053021,,,0.004610030797963629,5.08049774512447e-05,0.000514826512289577,2.602343250781442e-05,5.99515308221,0.23401490219113774,0.8979213901783919,0.00013686935897471843,0.08093815484698114,5.91786912693034,0.8302192734876088,0.9573759692544512,4.3809593724843935e-10,0.921719513932585
75062708,1.0003001286900781,12.1,0.13999332668725192,0.25725024310898253,0.3012949568566666,0.0,0.001600358421160636,0.0032343096219233053,0.9943820078735538,0,,,0.13999332668725192,,,0.25725024310898253,,,0.3012949568566666,,,,,0.001600358421160636,,,0.0032343096219233053,,,0.9943820078735538,,,,,0.01789054734300008,,,0.025433480382846957,,,0.0033016267971899002,,,,,0.0,,,0.0,,,0.0,,,,,8.031264544577505,,,6.473193661526328,,,149.74437466396273,,,,,8.335701496009824,,,6.022112547615745,,,3.3963193877296947,,,0.00349077720006849,0.00011033107046171838,0.0006701951846381113,2.888816800300818e-05,6.609345687288419,0.0013722513163122293,0.8575262708508834,0.00015452112863818368,0.25206980787090383,5.813601239847573,0.8472569472713878,0.9865286165984464,6.072291527473982e-10,0.8576360279861631
9e2566fa,0.10398347053320554,12.1,0.1321661783541776,0.25044661938815294,0.41351758374764136,0.0,0.005838376174779473,0.000759389514281378,0.04425165398349365,0,,,0.1321661783541776,,,0.25044661938815294,,,0.41351758374764136,,,,,0.005838376174779473,,,0.000759389514281378,,,0.04425165398349365,,,,,0.01218519309333299,,,0.012323875318108165,,,0.043281229396759026,,,,,0.0,,,0.0,,,0.0,,,,,40.536268158589195,,,15.429636070494595,,,9.138243603830357,,,,,6.849444788817189,,,5.745149198980678,,,3.013174959962957,,,0.002994121558908035,0.00010565690744466466,0.0009782451077634297,4.094108074807768e-05,7.856914187485811,0.2371018406411059,0.8608068645350863,0.0001292561409077102,0.08612491388385025,5.771157483224997,0.8608299902822458,0.9849254609678668,3.7451567688704174e-10,0.8937237324719707
bce29daf,0.020821043591993715,12.1,0.14923074933985486,0.2494007074518628,0.35990699620883965,0.0,0.004972579558122393,0.005556706265283023,0.002454560659756651,0,,,0.14923074933985486,,,0.2494007074518628,,,0.35990699620883965,,,,,0.004972579558122393,,,0.005556706265283023,,,0.002454560659756651,,,,,0.03153594634103246,,,0.03333678528377631,,,0.02215653700268456,,,,,0.0,,,0.0,,,0.0,,,,,17.114294750525975,,,6.399988927910015,,,7.922099402736493,,,,,8.08313488520425,,,5.599287794006668,,,3.101053290209177,,,0.005390772874102908,9.352347090902496e-05,0.0006568653550985862,2.6429233115586636e-05,9.697728135836412,0.14014613832592995,0.7846466758796067,0.00021027443991244896,0.16410726971372058,5.841314332978562,0.8818660965992922,1.017852851996999,5.054037782493688e-10,0.8147491479631442
296157b6,0.04348247703808421,12.2,0.1313557609201696,0.25550131813908517,0.36291848452168624,0.0,0.007637599606919649,0.002277779004761943,0.016711300753122483,0,,,0.1313557609201696,,,0.25550131813908517,,,0.36291848452168624,,,,,0.007637599606919649,,,0.002277779004761943,,,0.016711300753122483,,,,,0.013668287937998014,,,0.02134375320679071,,,0.05781228373472628,,,,,0.0,,,0.0,,,0.0,,,,,4.750493882589613,,,8.284501366301335,,,3.9908638432336088,,,,,7.537895644393583,,,6.1319418801534935,,,3.03953170844315,,,0.003968013823662747,0.00017787292949441544,0.0002821802186817944,2.8598113109833707e-05,9.906702987998557,0.003986922764335484,0.803055662970622,0.0001350122699074786,0.17865156782601394,5.765778002769519,0.8450441783130928,0.9702816814935669,6.341309459925644e-10,0.8037605592649344
44051795,0.05173608039038709,12.2,0.1317718687489176,0.24937986503113435,0.375269600267018,0.0,0.008785720800152979,0.006264957650837429,0.012362241500260237,0,,,0.1317718687489176,,,0.24937986503113435,,,0.375269600267018,,,,,0.008785720800152979,,,0.006264957650837429,,,0.012362241500260237,,,,,0.025009364275684412,,,0.035397620402613024,,,0.03095941646431778,,,,,0.0,,,0.0,,,0.0,,,,,22.40422022929285,,,14.264342972908384,,,25.78652792851989,,,,,8.388155080983404,,,6.080500235250874,,,2.76789789590662,,,0.002435787633594339,0.0002583741583315661,0.000289678230077208,6.541132842843087e-05,9.798525736123555,0.11125058900274423,0.8868346709159306,0.00023533294338783144,0.06324963287500796,5.774631107503089,0.8566567888643806,1.0068083629346478,4.756692127857668e-10,0.8993356969641311
1117e61e,0.035773908426362376,12.2,0.14982121268643428,0.25703168487064837,0.3700524752136364,0.0,0.0017138285593543186,0.002324653256492799,0.023000656907772067,0,,,0.14982121268643428,,,0.25703168487064837,,,0.3700524752136364,,,,,0.0017138285593543186,,,0.002324653256492799,,,0.023000656907772067,,,,,0.018513932912022333,,,0.021562250608379446,,,0.038859183711045304,,,,,0.0,,,0.0,,,0.0,,,,,8.058975316867476,,,8.92153221157221,,,7.747623404866909,,,,,7.542068076182034,,,6.088230098862499,,,3.528427548152259,,,0.005067322033103353,8.150750171395523e-05,0.00042378418150451245,4.165114126481537e-05,7.951568750422421,0.13786955687132693,0.797326097797117,0.00020292574125157695,0.08973011487356597,5.778034399615382,0.8311108447905181,1.0093481133726676,5.460581263942126e-10,0.8251889262734314
d0888578,0.017511942011162455,12.2,0.14097518168496667,0.23318972557026424,0.34747842346567664,0.0,0.002245448934079961,0.0014504478324702734,0.003295138007235766,0,,,0.14097518168496667,,,0.23318972557026424,,,0.34747842346567664,,,,,0.002245448934079961,,,0.0014504478324702734,,,0.003295138007235766,,,,,0.0025674990158749316,,,0.0170320159257222,,,0.025671532900221467,,,,,0.0,,,0.0,,,0.0,,,,,8.466758589790379,,,7.762085214813336,,,7.51409995668228,,,,,8.81151780411009,,,6.3000687047700605,,,3.534643284109261,,,0.0039774421231852375,0.00010019837674170706,0.0004697046126768497,3.772855049528003e-05,8.036363503943663,0.22583884128372309,0.6912197709235168,0.00017395248094171538,0.1494508576180964,5.849241224466302,0.8561067761171477,0.9922592531348594,5.626137465107971e-10,0.7608852180923801
7468c98a,0.0657116427638827,12.2,0.12730976939573543,0.25816583232267054,0.3899127003996538,0.0,0.016650278657615456,0.0036482175361315875,0.007698223406666788,0,,,0.12730976939573543,,,0.25816583232267054,,,0.3899127003996538,,,,,0.016650278657615456,,,0.0036482175361315875,,,0.007698223406666788,,,,,0.012246090993174419,,,0.02701191417183013,,,0.03307335298552757,,,,,0.0,,,0.0,,,0.0,,,,,19.973737509057564,,,11.02770961079408,,,14.538706716095135,,,,,7.185030930574566,,,6.155125455002179,,,3.15096240638908,,,0.002385072757064485,0.00011137375303949706,0.0007649412817970419,4.053656936047232e-05,7.729026759485742,0.1295908047934513,0.9166708624206844,0.00014849145272748733,0.04277962056632891,6.037514252318273,0.8259536569853009,0.9679146477197429,5.06358414949645e-10,0.9273778853360901
0cd6a435,0.09684110300067653,12.2,0.13087316246281352,0.25832647935367337,0.40069290041039846,0.0,0.004541804275230166,0.0014303607515740353,0.04971529747535712,0,,,0.13087316246281352,,,0.25832647935367337,,,0.40069290041039846,,,,,0.004541804275230166,,,0.0014303607515740353,,,0.04971529747535712,,,,,0.007556945408368947,,,0.016913667559545063,,,0.03511548034933233,,,,,0.0,,,0.0,,,0.0,,,,,3.526396857150958,,,15.544128658486358,,,20.5487035790756,,,,,6.970650602414612,,,5.878737675061779,,,3.2365550198663184,,,0.004531226433532916,7.007858411908766e-05,0.0012363784505456733,2.257715080005249e-05,8.086312846843242,0.20076575645407047,0.8894507424065614,0.00012605073554460081,0.03553902485334346,5.549538954698817,0.8482506393081226,0.9684383010864392,5.01789563454945e-10,0.9115563026585034
7d980c98,0.23190285140020453,12.2,0.12920977079905707,0.2541518708768598,0.38557664811685566,0.0,0.09755384141689481,0.0022506807155165116,0.09924155489477819,0,,,0.12920977079905707,,,0.2541518708768598,,,0.38557664811685566,,,,,0.09755384141689481,,,0.0022506807155165116,,,0.09924155489477819,,,,,0.041797703397126705,,,0.021216412116644566,,,0.05850364098807638,,,,,0.0,,,0.0,,,0.0,,,,,37.138251475077524,,,5.168722574922605,,,13.20043271429174,,,,,7.12462206607385,,,5.981907854509209,,,3.4241538345297315,,,0.003096577113542706,0.000151222497416806,0.0005163381936193463,4.551815177214361e-05,9.516149010302723,0.24937230171589309,0.89325286414266,0.00020079830309499392,0.1473728621744396,5.843842247600418,0.8438159923842024,1.03539641934964,4.432767053454968e-10,0.9197833178265697
94d4057f,0.023696840020617442,12.2,0.14982265379895135,0.2578777067097893,0.37114013676085744,0.0,0.00024384997996630665,0.0012007283070236223,0.01337711852077824,0,,,0.14982265379895135,,,0.2578777067097893,,,0.37114013676085744,,,,,0.00024384997996630665,,,0.0012007283070236223,,,0.01337711852077824,,,,,0.006983551817897633,,,0.015496633873352124,,,0.051724498104434496,,,,,0.0,,,0.0,,,0.0,,,,,14.052194101342357,,,6.547654431272245,,,21.911274586671464,,,,,8.517939906147008,,,6.031762312944298,,,3.2080417015713296,,,0.0028454902160219174,0.00011377735414790294,0.0005020917760569644,3.645473613442703e-05,8.535362618981779,0.12878780818185037,0.815543647160732,0.00012373065662727394,0.0833450684485714,5.712817492114337,0.8830442113302792,1.0134210825515095,6.361496602601057e-10,0.8392178221834035
11383b67,0.029343850705470728,12.4,0.14956438873678415,0.2697972998463171,0.3899593378425234,0.0,0.0007929089675182428,0.000520235748513927,0.014413715741033582,0,,,0.14956438873678415,,,0.2697972998463171,,,0.3899593378425234,,,,,0.0007929089675182428,,,0.000520235748513927,,,0.014413715741033582,,,,,0.012592926328048162,,,0.010200350469605709,,,0.02979639448761337,,,,,0.0,,,0.0,,,0.0,,,,,6.42557452998775,,,5.2067502180136245,,,12.67450350017598,,,,,8.897328499646799,,,6.648924394983286,,,3.3873129359765004,,,0.004238435970765048,0.00010752005013061479,0.00039519780140595637,3.6647375864833415e-05,8.858522820924403,0.1919334072701645,0.807774470574714,0.00019534852903243207,0.11602450587392318,5.747896413828331,0.8771114796730599,0.9992516761961181,6.343674576756996e-10,0.844588193954563
7317bd67,0.035583461804185465,12.4,0.14015602473630923,0.24757337488573367,0.38222496936589034,0.0,0.010816403004180663,0.0018472023301328983,0.00045654140848387566,0,,,0.14015602473630923,,,0.24757337488573367,,,0.38222496936589034,,,,,0.010816403004180663,,,0.0018472023301328983,,,0.00045654140848387566,,,,,0.046511080409254446,,,0.019220834165732236,,,0.00955553670375323,,,,,0.0,,,0.0,,,0.0,,,,,19.387632749215612,,,6.055524339304429,,,2.4667213687250755,,,,,8.969985477916707,,,5.952422738232046,,,3.4832899663059687,,,0.005307022510251039,6.798282067133386e-05,0.00036096985823589006,2.8435523084172143e-05,6.037770776735544,0.09528099712563523,0.7361055324383745,0.00017695712388286048,0.16897165885737625,5.7663548635317055,0.8722564188034095,1.0225353227360976,6.293260992062279e-10,0.7611760498903409
29d1796f,0.1390975509143409,12.4,0.11814661712373088,0.21152474355196638,0.2984169234020138,0.0,0.07969164914251708,0.04977102058663426,0.004098654818314993,0,,,0.11814661712373088,,,0.21152474355196638,,,0.2984169234020138,,,,,0.07969164914251708,,,0.04977102058663426,,,0.004098654818314993,,,,,0.016888964539781504,,,0.012114811775206428,,,0.028630944162968127,,,,,0.0,,,0.0,,,0.0,,,,,15.131987204521483,,,2.889492297629985,,,10.415668102017365,,,,,8.170263913832022,,,5.885065931116775,,,3.661867995942855,,,0.003738610419783695,0.0001088208215613772,0.00029077223229916484,3.059718286828129e-05,9.323933864272613,0.16381997907296036,0.6046053775205243,0.00015566556530691142,0.14041102301358982,5.836583241785205,0.8559201989126377,1.005884207565777,5.69987224484251e-10,0.669318455762921
713f353b,0.12037747853840675,12.4,0.1403986714409076,0.2584722044524046,0.39803178792750193,0.0,0.0031451258908889203,0.007887059271591813,0.08081655069689865,0,,,0.1403986714409076,,,0.2584722044524046,,,0.39803178792750193,,,,,0.0031451258908889203,,,0.007887059271591813,,,0.08081655069689865,,,,,0.025080374362791796,,,0.03971664455009213,,,0.02941926373913991,,,,,0.0,,,0.0,,,0.0,,,,,10.420836567027271,,,5.895049114164388,,,6.07852336397145,,,,,6.9565384726004105,,,6.348751522241849,,,3.6262118870691147,,,0.0024874820443808086,9.156332964835467e-05,0.00045926840022826707,4.392826635280283e-05,9.984434048329092,0.24737133440660233,0.7956407453457313,0.00016338641809680255,0.08874909642207571,5.830360951617413,0.8657734797489313,0.9938797182962062,5.31531141961156e-10,0.8461138027933618
30969dde,0.008600351107316117,12.4,0.13882952528528963,0.23669866347037397,0.33826161959184353,0.0,0.001000889173757195,0.0009484358964540449,0.00024907785529703215,0,,,0.13882952528528963,,,0.23669866347037397,,,0.33826161959184353,,,,,0.001000889173757195,,,0.0009484358964540449,,,0.00024907785529703215,,,,,0.014148421634636105,,,0.01334049001429316,,,0.007058014668404029,,,,,0.0,,,0.0,,,0.0,,,,,11.19408242064703,,,10.151109906341453,,,5.31628924922328,,,,,8.684094096143145,,,6.309488788587385,,,3.4544467764067157,,,0.007061733062925766,0.00011812124276241967,0.0005910065465519819,3.317157600452366e-05,6.328874388407781,0.0867564528407485,0.7829835881387465,0.00012906005784061025,0.1812796302468062,5.8623044255795005,0.8678043447374346,1.0033663790237894,5.710957376475803e-10,0.8017328638812419
823b845b,0.024107137352079897,12.4,0.13136777463576416,0.24122197244478963,0.3545205081966833,0.0,0.0033665432930401738,0.000128745748576585,0.0056079096820983556,0,,,0.13136777463576416,,,0.24122197244478963,,,0.3545205081966833,,,,,0.0033665432930401738,,,0.000128745748576585,,,0.0056079096820983556,,,,,0.002355761604972611,,,0.005074362000815177,,,0.03349002741742191,,,,,0.0,,,0.0,,,0.0,,,,,3.606784811278738,,,11.58731040783553,,,9.46493262300097,,,,,8.42587551973501,,,5.457326142769318,,,3.5044348619920838,,,0.001071237394137451,0.00010572886035879065,0.0004971083668046948,3.70288232668777e-05,7.25999496922392,0.18060250604816055,0.7190455085163938,0.00011302475283391671,0.051325413071947386,5.922449037881709,0.8413568919705574,0.9850387859011298,6.611160016644653e-10,0.769714689212968
4c28096b,0.03863516503444754,12.4,0.13612559469276592,0.22374145680702776,0.342809102953257,0.0,0.005136536823303882,0.01734026563939863,0.0027681784516103694,0,,,0.13612559469276592,,,0.22374145680702776,,,0.342809102953257,,,,,0.005136536823303882,,,0.01734026563939863,,,0.0027681784516103694,,,,,0.023606609502092736,,,0.017743331273369172,,,0.023529464301638357,,,,,0.0,,,0.0,,,0.0,,,,,15.38641680292697,,,15.772766323299258,,,7.207049834797369,,,,,8.000977875406033,,,6.422779208452055,,,3.4661443082730297,,,0.005418753074930981,0.00021233034930213756,0.0006832857784916627,3.3270233593785684e-05,8.250251440727961,0.21269568101541167,0.636536335042874,0.0001286855333331622,0.20750414634372852,5.7983127107393315,0.834355977880961,1.0067170151720157,5.704811212761546e-10,0.7137798331517831
7ad3233b,0.0407887438601643,12.4,0.14272362079955814,0.2425252084426911,0.39303777522577876,0.0,0.002540691108583067,0.0009524753092437187,0.006974521501570912,0,,,0.14272362079955814,,,0.2425252084426911,,,0.39303777522577876,,,,,0.002540691108583067,,,0.0009524753092437187,,,0.006974521501570912,,,,,0.020812185555857413,,,0.013801994850337531,,,0.015778471360878003,,,,,0.0,,,0.0,,,0.0,,,,,30.58298949076701,,,11.492996589252325,,,3.187295242777291,,,,,8.123519271606678,,,5.25529213011685,,,3.1169824501830674,,,0.003280255994880202,0.00011590898090748469,0.0003478777584517137,3.7552774587521676e-05,9.202442562320172,0.10434345888169423,0.7707536438237944,0.00015478056419571657,0.1707529541113742,5.968797769362601,0.8624451922870735,1.0323196477875607,4.906843803959736e-10,0.7945969261988622
881a2bfe,0.037243197824098864,12.5,0.1396975542295069,0.26125771085512806,0.39657032611038684,0.0,0.00027443483855403084,0.0010418076550259298,0.008591525329434599,0,,,0.1396975542295069,,,0.26125771085512806,,,0.39657032611038684,,,,,0.00027443483855403084,,,0.0010418076550259298,,,0.008591525329434599,,,,,0.007408573932330444,,,0.014434733492696911,,,0.02275494989495103,,,,,0.0,,,0.0,,,0.0,,,,,11.791720271955349,,,9.205183868433819,,,11.009917461656729,,,,,10.164790128509598,,,6.507682585570039,,,3.442916521519045,,,0.0033718088756711354,0.00011035633724590157,0.0005849336102670086,2.7990264647753488e-05,6.623910119062605,0.1418177381208828,0.7563892048678538,0.00017070898394099437,0.09244790537559229,5.932914246367074,0.9173106815089874,1.0156539081555838,7.382334508983642e-10,0.7908618978948377
8ec5d37b,1.5973206430398716,12.5,0.11338910508966933,0.2124679932782506,0.3530094106418781,0.0,1.499600873829006,0.04873695787170043,0.01037222708246047,0,,,0.11338910508966933,,,0.2124679932782506,,,0.3530094106418781,,,,,1.499600873829006,,,0.04873695787170043,,,0.01037222708246047,,,,,0.011268674410207246,,,0.025232386439777224,,,0.04554608014409247,,,,,0.0,,,0.0,,,0.0,,,,,166.56276735331684,,,1.294047284125931,,,14.636532833666164,,,,,9.004625954454609,,,6.317371225173472,,,3.3125839725771242,,,0.0030665444746704987,8.808301697935919e-05,0.0003861039774442465,3.322730550093236e-05,6.999817606983681,0.05807328599372959,0.7068763227921087,0.00010950458557506156,0.013118382625217445,5.772440412775682,0.8788665481772515,1.0082860528387003,5.685220602064608e-10,0.723828290297857
1037a832,0.03198226819451256,12.5,0.1502147887306445,0.25650357098813675,0.3825797574123116,0.0,0.0026811358139994393,0.0018158725840501436,0.0133758959167774,0,,,0.1502147887306445,,,0.25650357098813675,,,0.3825797574123116,,,,,0.0026811358139994393,,,0.0018158725840501436,,,0.0133758959167774,,,,,0.023156579255146643,,,0.016242936998401195,,,0.05172213436581557,,,,,0.0,,,0.0,,,0.0,,,,,6.59461942974332,,,12.579903274710198,,,6.395031718512526,,,,,7.623339309031369,,,5.5314726345430145,,,3.2289801130391313,,,0.00891817960619192,8.583505489083354e-05,0.0007931837441663281,4.1389537161393646e-05,5.111244607108819,0.22455249628649504,0.7617057583277311,0.00019022674380771748,0.1705975523876329,5.880553516035018,0.8324427526933591,0.9908521637003881,6.061603061315686e-10,0.8151391545701037
47bef0ba,0.018298384760600413,12.5,0.13348649360420262,0.23300066183102972,0.32337250609984347,0.0,0.0032099837750708734,0.0016950659410558872,0.009290080210295665,0,,,0.13348649360420262,,,0.23300066183102972,,,0.32337250609984347,,,,,0.0032099837750708734,,,0.0016950659410558872,,,0.009290080210295665,,,,,0.011481671634017072,,,0.005820681856153782,,,0.04310471020734431,,,,,0.0,,,0.0,,,0.0,,,,,34.37787283516601,,,3.1431238390227856,,,23.42679811734882,,,,,7.879728207550471,,,5.68850823044466,,,2.8384265555860844,,,0.002557989030052788,0.0001989262571307919,0.0005278910630599461,2.5926537965542314e-05,5.827080329331905,0.015974701187498497,0.8005917314285947,0.00010323195304930731,0.22387033370603532,5.631559271001887,0.8992624373972838,0.9918698958481128,5.187273056177204e-10,0.8036971597601965
f39a94a3,0.08043577654400258,12.5,0.12299851032113383,0.23457385899936142,0.35205659399642497,0.0,0.041326613182493935,0.0022726832009266713,0.014999224226410163,0,,,0.12299851032113383,,,0.23457385899936142,,,0.35205659399642497,,,,,0.041326613182493935,,,0.0022726832009266713,,,0.014999224226410163,,,,,0.029272324837512603,,,0.017885560895914115,,,0.006742008211071948,,,,,0.0,,,0.0,,,0.0,,,,,5.199426051388854,,,14.023238864764508,,,31.752646265900722,,,,,7.78008462139723,,,6.239175355053858,,,3.074379462093933,,,0.005104474734530163,8.842063019730754e-05,0.0006933183103707308,2.8390226648278048e-05,7.002324627204049,0.1438316501953973,0.7068302853733286,0.00014726591480882943,0.11897121285662858,5.802450208829302,0.8469481766896655,0.976413430035807,6.17569169663442e-10,0.7489266861868591
f81448d5,0.05170053719160263,12.5,0.13423325509940875,0.21906565260527022,0.3599284102480425,0.0,0.001380906704678875,0.024800674331336012,6.458076612853923e-05,0,,,0.13423325509940875,,,0.21906565260527022,,,0.3599284102480425,,,,,0.001380906704678875,,,0.024800674331336012,,,6.458076612853923e-05,,,,,0.016412243710638805,,,0.010231174781247347,,,0.0035939050106684575,,,,,0.0,,,0.0,,,0.0,,,,,13.948384395603151,,,14.860358148431152,,,4.696094803495182,,,,,9.113059783445138,,,6.782816341872833,,,4.1181179531623755,,,0.0036994514849233253,8.186332269665283e-05,0.0006003626231354329,2.5298721657308e-05,7.737684287272907,0.12839851827471446,0.7004397562037327,0.00012772425886702483,0.22074459181886413,5.83987715251187,0.8574024801467316,0.9621275594656791,7.999989530422284e-10,0.7388328036655653
99957ad3,0.06173134837388891,12.5,0.1493752645406489,0.2682810409846774,0.4093588265894274,0.0,0.000578556232553383,0.0036816468721811682,0.032409451242587914,0,,,0.1493752645406489,,,0.2682810409846774,,,0.4093588265894274,,,,,0.000578556232553383,,,0.0036816468721811682,,,0.032409451242587914,,,,,0.010756916217516831,,,0.02020011914547804,,,0.01616050537163638,,,,,0.0,,,0.0,,,0.0,,,,,11.607459479662081,,,15.655523424052902,,,4.708793084659566,,,,,8.593157356873608,,,7.176354464267551,,,3.5035976553378956,,,0.0035008973482089996,0.0001706939691772349,0.0004594669172913784,5.709460194912049e-05,9.02388242876657,0.19219721878201154,0.8433309243683431,0.00015880788718662843,0.18390114454419487,5.866167517502275,0.8455997084454544,1.0376804567745366,7.480883344894621e-10,0.8733579518814594
06bf15d7,0.02317250606213477,12.5,0.14220113283882857,0.2612273472407019,0.3857558002946162,0.0,0.0004622625257513838,0.00037520305526084164,0.0036984736052553865,0,,,0.14220113283882857,,,0.2612273472407019,,,0.3857558002946162,,,,,0.0004622625257513838,,,0.00037520305526084164,,,0.0036984736052553865,,,,,0.009615222574141316,,,0.00866259840072067,,,0.00570326763107,,,,,0.0,,,0.0,,,0.0,,,,,4.8612327797766985,,,5.337618491764138,,,6.276567200009011,,,,,10.243010544398574,,,5.983679480609916,,,3.1834561324097184,,,0.005345640802712666,0.00011309254121774793,0.0007838700679155407,4.562670215327697e-05,6.789045247005088,0.21928795681420327,0.7809874982386512,0.00012535097211441954,0.01612288042797023,5.850801237742315,0.8864497102514984,0.991844243964243,7.899967711597969e-10,0.8289362035168406
9d795b48,0.019223569832705976,12.7,0.13782675557660745,0.24442301529379404,0.3645863733006195,0.0,0.0010440476972396692,0.0018339915688424264,0.0011769625493088217,0,,,0.13782675557660745,,,0.24442301529379404,,,0.3645863733006195,,,,,0.0010440476972396692,,,0.0018339915688424264,,,0.0011769625493088217,,,,,0.01348639063002996,,,0.019151979369466887,,,0.015342506635545716,,,,,0.0,,,0.0,,,0.0,,,,,13.053764390100604,,,4.517169370985446,,,2.20241248275221,,,,,8.222049467726363,,,7.114819342836598,,,3.270409500023691,,,0.0033214638786493726,0.00014389780391560502,0.00040850093305250967,2.473345177765074e-05,8.18969330901982,0.21705460822511924,0.8000513324508272,5.8121752849473905e-05,0.1114811973654699,5.723535170548932,0.861623334396364,0.9977780650828614,6.007093497579121e-10,0.8433711070176024
6c37ae41,0.01506494944400646,12.7,0.1446072858812018,0.24414311463874533,0.3381542434182106,0.0,7.744571252862776e-05,0.010890269270104506,0.000368941944566864,0,,,0.1446072858812018,,,0.24414311463874533,,,0.3381542434182106,,,,,7.744571252862776e-05,,,0.010890269270104506,,,0.000368941944566864,,,,,0.003935624792294808,,,0.003684622751012125,,,0.008590016816827124,,,,,0.0,,,0.0,,,0.0,,,,,9.997519273610518,,,20.72474966602014,,,2.8010206579537757,,,,,8.894138928159073,,,7.626686170726354,,,3.519891705832923,,,0.003227319559504739,0.000134690087782158,0.00045753375835708816,1.974102410084908e-05,4.134706622218512,0.03954312964022272,0.7600036741169334,0.00019028106791840047,0.24013928437088017,5.692166916888675,0.9276092263908792,1.0167235763886644,6.810876697117398e-10,0.769417879577093
1406d166,0.03391227941271299,12.7,0.13710860838191236,0.24963910102863493,0.35500418703539205,0.0,0.0004905909017002525,0.0018862387472091376,0.021616651355567437,0,,,0.13710860838191236,,,0.24963910102863493,,,0.35500418703539205,,,,,0.0004905909017002525,,,0.0018862387472091376,,,0.021616651355567437,,,,,0.0005174769979456395,,,0.019422866663853396,,,0.06575203625070092,,,,,0.0,,,0.0,,,0.0,,,,,6.495011170602406,,,10.468182741921536,,,21.937536686678346,,,,,10.123364006346304,,,6.921215606055802,,,3.3390026069730117,,,0.003533839030241606,0.00014679877565105533,0.0007802417416178262,3.552692296443895e-05,5.4405024988362864,0.15078496878153655,0.8082368565851703,0.00011862828328390167,0.16182068688915396,5.719064140262074,0.8764570517119056,0.983399158401173,7.01479234751096e-10,0.8370710324927663
3c78861f,0.08152685507447271,12.7,0.12563963883523196,0.24723783715677816,0.3575345589393569,0.0,0.04284153695411929,0.006437365007697315,0.011848470889785799,0,,,0.12563963883523196,,,0.24723783715677816,,,0.3575345589393569,,,,,0.04284153695411929,,,0.006437365007697315,,,0.011848470889785799,,,,,0.046017038792434635,,,0.035867826041521375,,,0.048679504701230884,,,,,0.0,,,0.0,,,0.0,,,,,16.622352845131974,,,7.944441253328991,,,16.218332628137127,,,,,7.590936949536228,,,5.56932358442412,,,3.1106842287391974,,,0.005344230213576593,0.00016509059563083432,0.0006665303136234547,3.255039455868461e-05,4.9936309461752355,0.12008343096350498,0.7613656505576997,0.00015584255812435094,0.23398469801464253,5.651116282733981,0.8790845628300015,0.972459079473484,5.512822829832849e-10,0.7899455454194193
598d8ff0,0.009435096517509907,12.7,0.14575884450029256,0.2612594839344857,0.34228133877446254,0.0,0.0004748777480125013,0.0004910348582729961,0.006950088726340523,0,,,0.14575884450029256,,,0.2612594839344857,,,0.34228133877446254,,,,,0.0004748777480125013,,,0.0004910348582729961,,,0.006950088726340523,,,,,0.009745539985167587,,,0.009909943070199708,,,0.037282941746435524,,,,,0.0,,,0.0,,,0.0,,,,,3.303183518922934,,,11.214624967211787,,,7.945977276413418,,,,,7.809857905769755,,,6.141135721642185,,,2.955250406242143,,,0.003380257094830532,0.00017652610456660257,0.0005445963405726354,3.103093169901476e-05,5.602214023284027,0.036538627186489765,0.860891802553338,0.00011261237430591191,0.10520586943838313,5.551857051729797,0.9004971055568428,0.9496731348112372,6.530093904233327e-10,0.8658885359381708
4e64ea25,0.06623957561850982,12.7,0.12536751538820753,0.22038093613658208,0.3424281587632267,0.0,0.022748382921697678,0.021598118826410058,0.003242644212062628,0,,,0.12536751538820753,,,0.22038093613658208,,,0.3424281587632267,,,,,0.022748382921697678,,,0.021598118826410058,,,0.003242644212062628,,,,,0.006544000889474463,,,0.009028396003160922,,,0.025466229450244997,,,,,0.0,,,0.0,,,0.0,,,,,4.155953224015259,,,9.13320888329338,,,7.071133860074047,,,,,8.979829318736346,,,7.497112258157092,,,3.26289788126341,,,0.003911614213550682,0.00014106402876609738,0.0003512236244618919,3.559706482131214e-05,7.398780208008719,0.09775877071622625,0.6880377757326341,0.00011935889323102241,0.14650096976336843,5.76610735013174,0.875022591426722,0.9999065820068356,6.606861278848912e-10,0.7184660155093383
2057c05d,0.015399593449325615,12.7,0.14490359849411827,0.263636148712799,0.37043785696471243,0.0,0.0012642723032969083,0.0020661436649020404,0.002878891824382747,0,,,0.14490359849411827,,,0.263636148712799,,,0.37043785696471243,,,,,0.0012642723032969083,,,0.0020661436649020404,,,0.002878891824382747,,,,,0.015901398072477202,,,0.020328028261009677,,,0.02399538215733497,,,,,0.0,,,0.0,,,0.0,,,,,23.107136902741733,,,13.569242106151368,,,18.5309200331244,,,,,9.092740639961475,,,5.6058748133719964,,,3.231492879845325,,,0.004212203316178198,0.00013692873336870165,0.0008751791780182372,4.115340465783116e-05,6.562088957701451,0.13672735776894726,0.8054150257860885,0.00011632505196782473,0.29314184353350603,5.591356746678032,0.8884596779009968,0.9837260454703702,6.170348225420541e-10,0.8319395736693167
dc8d9564,1.36572721022811,12.7,0.13252471531746216,0.25241212033989424,0.38247696494837247,0.0,1.3362698884976316,0.0007628477557831678,0.001237747816156641,0,,,0.13252471531746216,,,0.25241212033989424,,,0.38247696494837247,,,,,1.3362698884976316,,,0.0007628477557831678,,,0.001237747816156641,,,,,0.015890062871522184,,,0.012351904758240065,,,0.0157337078665942,,,,,0.02763504139904796,,,0.0,,,0.0,,,,,162.85898307207327,,,5.030396440031426,,,6.807477274596936,,,,,13.920733241842516,,,6.976034479906013,,,4.091138976873792,,,0.003126633634824842,0.00013061713476568006,0.0006020693193749908,3.062341523017824e-05,5.751118297441468,0.030352061606613596,0.7860394510443677,0.0001292473450972249,0.07326821814492676,5.8297221611728505,0.9074030245564857,0.9826518797474519,7.696580945508306e-10,0.7924549908625494
2cbea5b3,0.034496994621982274,12.8,0.13224153038121897,0.24361454928966164,0.37170327812639226,0.0,0.0019982395138158715,0.0005684310693307458,0.008685797187167651,0,,,0.13224153038121897,,,0.24361454928966164,,,0.37170327812639226,,,,,0.0019982395138158715,,,0.0005684310693307458,,,0.008685797187167651,,,,,0.01045700659132672,,,0.010662373744441204,,,0.04167924468405744,,,,,0.0,,,0.0,,,0.0,,,,,7.974159331188616,,,24.956211459601654,,,8.871247322030664,,,,,9.00266405718786,,,5.476107971964664,,,3.3795874164649247,,,0.0063194517729118355,0.00015808609938991702,0.0003679283259322322,1.802202374378231e-05,4.330685601669788,0.0010047900307287771,0.7796336790874823,0.00019073067146429116,0.3927115176063819,5.446813272095689,0.9138308076905577,1.020537087533294,6.747134117398978e-10,0.7797771376019348
abcac7bd,0.03677195291765778,12.8,0.13006017647502155,0.27180680765529214,0.3719257805789185,0.0,0.007227499787648449,0.0013295295290780072,0.005560198629585782,0,,,0.13006017647502155,,,0.27180680765529214,,,0.3719257805789185,,,,,0.007227499787648449,,,0.0013295295290780072,,,0.005560198629585782,,,,,0.01563020486331934,,,0.01630662153284982,,,0.018472948034744408,,,,,0.0,,,0.0,,,0.0,,,,,7.650928957468468,,,7.588965450713272,,,5.408460868723012,,,,,7.1844518344910515,,,6.415098731033669,,,2.8553929781348097,,,0.004304991726381589,0.00019068351055158007,0.0011777388214292105,2.320775801778351e-05,5.027109711275383,0.012161631478123977,0.9288046333843034,0.00010354434357757013,0.18082809029779134,5.556933374542184,0.9146479281585157,0.9402644779607339,6.225771039384943e-10,0.929577604732695
d8f07b58,0.029400915991524355,12.8,0.14981352473547577,0.25800095431188624,0.3785557704004353,0.0,0.0010909972158562266,0.01032058781531086,0.006132383459576681,0,,,0.14981352473547577,,,0.25800095431188624,,,0.3785557704004353,,,,,0.0010909972158562266,,,0.01032058781531086,,,0.006132383459576681,,,,,0.01477157551418417,,,0.014873697858056598,,,0.01801762149489217,,,,,0.0,,,0.0,,,0.0,,,,,11.764772048231562,,,12.753009427012607,,,5.3875339117713015,,,,,8.921895934364967,,,7.133900376782871,,,2.917702078360965,,,0.0022241168561807027,0.00013726097942063083,0.00038423242529772193,2.584602385495604e-05,5.127456376204428,0.02992977886740985,0.8813175632434581,0.00014576217191330723,0.1821101668850078,5.532678238392753,0.8969880012806597,1.0014796625135316,6.947701009264718e-10,0.8847815705747024
0b5f9ff8,0.006454598590560448,12.8,0.14317144576822743,0.2669123791274698,0.3453458111213052,0.0,0.0003709041348599712,0.000771349994959349,0.002642725030833112,0,,,0.14317144576822743,,,0.2669123791274698,,,0.3453458111213052,,,,,0.0003709041348599712,,,0.000771349994959349,,,0.002642725030833112,,,,,0.008612829208337655,,,0.012420547451375476,,,0.02299010670194078,,,,,0.0,,,0.0,,,0.0,,,,,4.856632900743509,,,8.553874722408063,,,4.914797259412351,,,,,8.034151627030932,,,6.007986124148415,,,3.1545766434164695,,,0.004376174916885391,0.00018544706966984998,0.000474250212307196,1.630583176558173e-05,7.139118876638404,0.007958496698113784,0.8902624248148575,0.00017032252261733714,0.20584864922099605,5.3338164443599805,0.9160482960402521,0.944728247033186,6.014984176474979e-10,0.891046744702146
19dcd94f,0.024646123779737544,12.8,0.14121615525354836,0.2534928366241416,0.3772656623555147,0.0,0.0006205458336370647,0.0024179359895399885,0.004702783340435724,0,,,0.14121615525354836,,,0.2534928366241416,,,0.3772656623555147,,,,,0.0006205458336370647,,,0.0024179359895399885,,,0.004702783340435724,,,,,0.011140429378054192,,,0.021990616132978123,,,0.030668496345389103,,,,,0.0,,,0.0,,,0.0,,,,,6.778987674309946,,,6.2340012599370525,,,8.533073116626676,,,,,8.371333124381012,,,6.411720953569718,,,3.20473386650013,,,0.006455344054451907,0.00019656800962223274,0.0007609781853904553,2.0980776064914076e-05,3.356542532451337,0.17764518011359523,0.8310907698471706,0.00015925610464582993,0.1434752789655774,5.600260109629851,0.8715294947723379,1.0259376485375786,5.645403100720314e-10,0.861013571383534
7f4628fa,0.041412655797473254,12.8,0.14015440522790149,0.2352486393661335,0.33715536975021887,0.0,0.0007103842443108351,0.0019222267023633211,0.032462559056176926,0,,,0.14015440522790149,,,0.2352486393661335,,,0.33715536975021887,,,,,0.0007103842443108351,,,0.0019222267023633211,,,0.032462559056176926,,,,,0.011919599358290824,,,0.01745549267997746,,,0.04216892029432862,,,,,0.0,,,0.0,,,0.0,,,,,18.312864548532747,,,10.492556330410245,,,8.941849124387304,,,,,12.055584995661555,,,7.739268787376974,,,3.4976567490429438,,,0.002773477522978675,0.0001611203399822963,0.0004632950702118532,2.2843145189726515e-05,5.296569454149857,0.010155991612145823,0.7493957911983267,0.00011033983724586231,0.13969375025842673,5.74731857396655,0.9211612055378926,1.001572041556096,8.275681963916894e-10,0.7518659858617651
b661d34c,0.023349994062668557,12.8,0.13508536746275102,0.2589363147638676,0.3523649761503326,0.0,0.004664337353824502,0.0034596118391298693,0.00606569328386793,0,,,0.13508536746275102,,,0.2589363147638676,,,0.3523649761503326,,,,,0.004664337353824502,,,0.0034596118391298693,,,0.00606569328386793,,,,,0.03053309641717397,,,0.026304417268321566,,,0.03483014006250314,,,,,0.0,,,0.0,,,0.0,,,,,7.853042342248378,,,3.702201538650789,,,14.65635247334314,,,,,7.548399795155177,,,5.698847206973034,,,2.7808060000626718,,,0.004970968954635184,0.00012404425488603938,0.0006859003762678069,2.272432311271845e-05,4.776195376383998,0.07169036457706962,0.7763466818981959,0.00012786314521449652,0.11940753595568065,5.501986246255453,0.8974951580134384,0.9802117453926893,6.498759214138708e-10,0.7923028351435957
6f7b494f,0.017306943229609864,12.8,0.1395480843383903,0.25710993706620333,0.3483803629838165,0.0,0.0019826143757207928,0.002289644263977395,0.007682315564342289,0,,,0.1395480843383903,,,0.25710993706620333,,,0.3483803629838165,,,,,0.0019826143757207928,,,0.002289644263977395,,,0.007682315564342289,,,,,0.019912882140568165,,,0.021399272249202284,,,0.039197743721653903,,,,,0.0,,,0.0,,,0.0,,,,,0.7932287672190443,,,12.712680156400806,,,4.8152913580778725,,,,,9.309020027397356,,,6.296573894764088,,,2.993559639924007,,,0.004729007912496479,0.00012940271356847978,0.0003848148956261455,2.4065616520964967e-05,6.587630935610139,0.03087454113840822,0.8508014901705833,0.00021209466406354004,0.2568972478830768,5.466186331454408,0.9050656680394829,0.9692034428055324,6.600726988513945e-10,0.8553228455510837
c3fb1b76,0.00927944751426903,13.0,0.14299949689339161,0.2563512165290638,0.3385802533354202,0.0,0.0004196179551712464,0.003211911035929688,0.0037285503774743115,0,,,0.14299949689339161,,,0.2563512165290638,,,0.3385802533354202,,,,,0.0004196179551712464,,,0.003211911035929688,,,0.0037285503774743115,,,,,0.00916098199071744,,,0.025345260053626154,,,0.023748108486978996,,,,,0.0,,,0.0,,,0.0,,,,,5.128785663619287,,,14.071912913398195,,,10.270022389477413,,,,,8.004629684929807,,,5.737452830321259,,,3.064917013237433,,,0.005159266385014766,0.0001961201478429665,0.0006088318468370745,1.867377560575549e-05,6.230591568632102,0.029903901552254034,0.884672544842044,0.00022171520406080776,0.21544500508773748,5.471209464390106,0.8997865146063461,0.943085554884915,5.452554248116409e-10,0.8880328184528754
36e91a20,0.031095050127662886,13.0,0.14376142222171365,0.24809021703979087,0.36246942605096766,0.0,0.0006207249655584156,0.0032487148011039247,0.016805611469036995,0,,,0.14376142222171365,,,0.24809021703979087,,,0.36246942605096766,,,,,0.0006207249655584156,,,0.0032487148011039247,,,0.016805611469036995,,,,,0.011142037206529294,,,0.025490056104700613,,,0.04310120810112622,,,,,0.0,,,0.0,,,0.0,,,,,31.769394193051447,,,12.500602994585543,,,21.58016412183454,,,,,9.079038112962685,,,6.24425497421327,,,3.341650114881389,,,0.0027596090992554794,0.0001356391443902308,0.00029582788052717475,1.5660953246566815e-05,6.014278597257059,0.026055136726296148,0.7994988968642179,0.00021335177075341096,0.23165721849328133,5.144502873237391,0.932569909898126,0.9431256665658408,6.466115758836141e-10,0.8046430306305076
e5547436,0.044150103385388065,13.0,0.12684437432882292,0.23404989443963897,0.3540993990972722,0.0,0.016122256362078882,0.003925153201674644,0.004232259480339826,0,,,0.12684437432882292,,,0.23404989443963897,,,0.3540993990972722,,,,,0.016122256362078882,,,0.003925153201674644,,,0.004232259480339826,,,,,0.031522200048827526,,,0.005533534605416612,,,0.0290938463608366,,,,,0.0,,,0.0,,,0.0,,,,,15.580882003066604,,,11.7041879394192,,,3.4181364840895125,,,,,8.501416149943969,,,6.722529780025626,,,2.86994868681185,,,0.004484689521166157,0.00017579450439311989,0.0006240555870912965,3.3026816764879266e-05,3.8107924861833578,0.058364805548803786,0.8496723137501491,0.00017674124721344382,0.22626720492544725,5.385450335188782,0.9190892201689114,0.9074513388509653,4.764235026914552e-10,0.8583611926953482
3e433fa6,0.05535623000587935,13.0,0.14015885707511946,0.257065703104914,0.37307145499581096,0.0,0.0022874540651568976,0.0003531388620711858,0.0381846009270106,0,,,0.14015885707511946,,,0.257065703104914,,,0.37307145499581096,,,,,0.0022874540651568976,,,0.0003531388620711858,,,0.0381846009270106,,,,,0.021389034878446,,,0.008404033104065997,,,0.059308578044835296,,,,,0.0,,,0.0,,,0.0,,,,,16.495425364555324,,,9.226114320273927,,,19.69229423420258,,,,,8.756110206046403,,,5.735121915387913,,,3.5403816952298497,,,0.005428609512427318,0.00017258495378532339,0.0005165254500559528,2.355650717148099e-05,7.2207252160381845,0.04933291800536374,0.8304705985229708,0.0001597161572375074,0.2562045942383295,5.572800042604628,0.8739073709530686,0.9791681748964777,5.644854308097571e-10,0.8387509315256831
c625da86,0.03506546841258611,13.0,0.13001624580836757,0.23587250145896818,0.3543435365782222,0.0,0.009269345584567133,0.0014174404625090576,0.007178842423000495,0,,,0.13001624580836757,,,0.23587250145896818,,,0.3543435365782222,,,,,0.009269345584567133,,,0.0014174404625090576,,,0.007178842423000495,,,,,0.011323005379382765,,,0.016837104635352585,,,0.03789153579099294,,,,,0.0,,,0.0,,,0.0,,,,,4.475391093073211,,,7.107849778269091,,,9.24355825809882,,,,,9.276005986457838,,,6.668426947302932,,,3.3987913343339717,,,0.00523528634300559,8.505327593164441e-05,0.0005641788973958789,1.1329470932761028e-05,5.539036401542309,0.058272446713431805,0.7385148060683095,0.00018567888173364426,0.20056518306027266,5.439769412526247,0.979008657764548,0.9422360336625605,7.075232033629442e-10,0.7536783366174385
b91e1ba1,0.06541900541083674,13.0,0.1337125760763375,0.25729778164102696,0.4030853032385415,0.0,0.002943447142738847,0.0011317604247745188,0.02160978467571554,0,,,0.1337125760763375,,,0.25729778164102696,,,0.4030853032385415,,,,,0.002943447142738847,,,0.0011317604247745188,,,0.02160978467571554,,,,,0.005667092785175708,,,0.015045001992519102,,,0.04644499963697692,,,,,0.0,,,0.0,,,0.0,,,,,4.212874796752799,,,3.9493705815554456,,,3.26145590542164,,,,,9.957371909795873,,,7.225554723386118,,,4.048682272945053,,,0.004567454281968921,0.00022140461148396795,0.000498936744598109,3.172422685219438e-05,6.81952869650266,0.008218136136825442,0.8347078357640818,0.00022798302934992114,0.22148756573352107,5.598937300562282,0.9073838486057624,1.0107450121576813,7.358710971858579e-10,0.8359827584885466
af219df6,0.054495481189655304,13.0,0.13753828336477253,0.2631459324289149,0.4019851205878912,0.0,0.00267289088902098,0.0012019265107737602,0.017826745399517525,0,,,0.13753828336477253,,,0.2631459324289149,,,0.4019851205878912,,,,,0.00267289088902098,,,0.0012019265107737602,,,0.017826745399517525,,,,,0.008885151384292965,,,0.01550436397130666,,,0.014240585926298604,,,,,0.0,,,0.0,,,0.0,,,,,5.69212449816175,,,1.604197160090132,,,23.621466330194977,,,,,7.601211915946615,,,6.941716791723186,,,3.193670861647538,,,0.0032096883040598177,0.00020218628578380258,0.0006556911496729308,1.577281704597118e-05,6.352974138120662,0.041074301265387206,0.9505787987213195,0.000133534189901156,0.10325942133234518,5.568023243239857,0.9177967660555296,0.955498431015364,6.189937696143481e-10,0.9525136821516652
e9536ecd,0.031624846049435655,13.0,0.1411783090109029,0.2693366243412385,0.39258785212709535,0.0,0.0008285649590042864,0.0011128076993926824,0.008095333183704409,0,,,0.1411783090109029,,,0.2693366243412385,,,0.39258785212709535,,,,,0.0008285649590042864,,,0.0011128076993926824,,,0.008095333183704409,,,,,0.012872955829989369,,,0.01491849656897559,,,0.03729083500217543,,,,,0.0,,,0.0,,,0.0,,,,,3.1773603087440847,,,9.231609597519283,,,4.1458372926817475,,,,,7.633403611772164,,,6.6140832092597845,,,2.7574910225886864,,,0.00849333790071526,8.308210994279566e-05,0.000984948873496594,1.7676603502492756e-05,7.0476644058613,0.1597324860709169,0.8707056388101669,0.00014108901129803787,0.09294458396083612,5.490210973077712,0.8574601955305298,0.9572259801325829,5.934692518814086e-10,0.8912710779940891
e0e61280,0.04914712713572383,13.1,0.15205505908354475,0.2689090908745207,0.403590362842889,0.0,0.0037436088160033056,0.0006734850609850447,0.025236210115592607,0,,,0.15205505908354475,,,0.2689090908745207,,,0.403590362842889,,,,,0.0037436088160033056,,,0.0006734850609850447,,,0.025236210115592607,,,,,0.02602970277760106,,,0.011605904195581185,,,0.033045755909239395,,,,,0.0,,,0.0,,,0.0,,,,,3.3708531260096195,,,4.620998400543359,,,4.9899025421111185,,,,,8.60867912685695,,,6.085812438877604,,,2.99683836142439,,,0.004570224739608711,8.711153154639774e-05,0.00036789942763433683,1.6360293847349217e-05,8.022852763716422,0.03780824705064352,0.8225060644805202,0.000237831101144086,0.18759175387293847,5.481538992386126,0.8798160438214236,0.9709619339770351,5.802899816642037e-10,0.8291345484381837
5fa86a39,0.04376452820583095,13.1,0.1358822004245653,0.2535896327265571,0.39517413634652165,0.0,0.0006957125658483984,0.0003031542820416337,0.010275294310208856,0,,,0.1358822004245653,,,0.2535896327265571,,,0.39517413634652165,,,,,0.0006957125658483984,,,0.0003031542820416337,,,0.010275294310208856,,,,,0.01179586847882256,,,0.00778658181799477,,,0.020075272050691477,,,,,0.0,,,0.0,,,0.0,,,,,15.024626753311397,,,3.685952134406172,,,35.148052919379154,,,,,7.913152062190188,,,6.537409127945,,,3.787002781652981,,,0.004153512640478521,0.00018858094190661812,0.00040520307517135084,1.9329800659628476e-05,5.534139179548552,0.08043499605150417,0.8018584950996172,0.00016905810987550196,0.19840836680008825,5.529760400598164,0.8928642174031343,0.9897153470983142,6.552568901256732e-10,0.8177158204144086
d235623b,0.023467177751554703,13.1,0.14529178324489783,0.2567027778303366,0.38450289387256203,0.0,0.00011635965911202404,0.0015542018129339886,0.004525953464429979,0,,,0.14529178324489783,,,0.2567027778303366,,,0.38450289387256203,,,,,0.00011635965911202404,,,0.0015542018129339886,,,0.004525953464429979,,,,,0.0048240990684691384,,,0.017630665403971506,,,0.03008638716905032,,,,,0.0,,,0.0,,,0.0,,,,,7.1062878420508016,,,14.895131912723677,,,11.341005096740071,,,,,8.772482422009205,,,6.730840470347597,,,3.656183476664949,,,0.007549284534213131,0.00015819026555657906,0.000403688378230601,1.148493123821072e-05,5.928282588799383,0.002530619567475136,0.8234546390026688,0.00024702420428821686,0.1863251073861716,5.338529881927329,0.9160363378711244,0.9721504408308487,7.241837258213698e-10,0.8238190626838553
61c6f2f0,0.02759063750665474,13.1,0.1405642314166013,0.2605725782304981,0.3863471492688904,0.0,0.0010429274913270098,0.0029102212776658744,0.0032102097567094008,0,,,0.1405642314166013,,,0.2605725782304981,,,0.3863471492688904,,,,,0.0010429274913270098,,,0.0029102212776658744,,,0.0032102097567094008,,,,,0.014442489337555419,,,0.024125593371628704,,,0.023184553853039046,,,,,0.0,,,0.0,,,0.0,,,,,17.28702113658871,,,6.557659558653198,,,2.4564465059127367,,,,,8.38269173838228,,,6.636186301848604,,,3.1049262881876754,,,0.003549598381461311,9.363621162741588e-05,0.0009429171871869268,1.2945180140206937e-05,5.2967057515796006,0.03304951370570456,0.9276350414991241,0.00013989721050385007,0.014279360732055426,5.477691712511275,0.9352476072432049,0.9652356343448868,6.545388244907489e-10,0.9299339046827617
9e94db3e,0.05012336029488165,13.1,0.12933228149754836,0.23886574978085506,0.3609220317191043,0.0,0.02274300109331151,0.0005270747573823383,0.006327952579203165,0,,,0.12933228149754836,,,0.23886574978085506,,,0.3609220317191043,,,,,0.02274300109331151,,,0.0005270747573823383,,,0.006327952579203165,,,,,0.019624196671957125,,,0.010267178360020227,,,0.03557513901365156,,,,,0.0,,,0.0,,,0.0,,,,,6.486138474065152,,,5.064551351477155,,,12.438197809751799,,,,,8.579757865149423,,,5.723071465330307,,,3.2539945466515556,,,0.0035317965123152174,0.00016760439419948747,0.00030188784995617253,1.5473587734830157e-05,8.11104663644561,0.03875985560886493,0.7757004972657954,0.00015313355038397541,0.2948564532739721,5.354862617377527,0.9028883807882649,0.9625458829587706,5.748165110996399e-10,0.7843167435551868
d68579aa,0.1699897287675513,13.1,0.1450748283787933,0.2692183595235693,0.38157561055223405,0.0,0.0003280246843009823,0.0018393187467235519,0.15505469543450207,0,,,0.1450748283787933,,,0.2692183595235693,,,0.38157561055223405,,,,,0.0003280246843009823,,,0.0018393187467235519,,,0.15505469543450207,,,,,0.008099687454476034,,,0.019179774486283992,,,0.028584303368091927,,,,,0.0,,,0.0,,,0.0,,,,,11.388703803091534,,,6.360452476892024,,,17.828423469800786,,,,,8.402725406323286,,,5.993312109572086,,,2.847512616726452,,,0.007463871841327949,0.00031794669956397516,0.0005327570775802461,3.1113125998287194e-05,4.132929730204461,0.17487549035291583,0.835666262966725,0.0002672073824494831,0.24878444334019784,5.364463109577102,0.8670960468692954,0.895133435414978,5.992664730367525e-10,0.8643206391856494
75ca3dd7,0.027179095452865287,13.1,0.144697259315407,0.2819482391881309,0.3833515068885049,0.0,0.0011393877339787547,0.0007216111594901366,0.012615649022473464,0,,,0.144697259315407,,,0.2819482391881309,,,0.3833515068885049,,,,,0.0011393877339787547,,,0.0007216111594901366,,,0.012615649022473464,,,,,0.01509561349517637,,,0.012013418826380245,,,0.0455620171517376,,,,,0.0,,,0.0,,,0.0,,,,,8.082673213638516,,,18.879844780786307,,,13.836495072901622,,,,,8.892900117233445,,,6.461652552580481,,,3.421287693108436,,,0.004141571720783182,9.737951294103152e-05,0.0006227347624482872,2.066898623103812e-05,4.236279754766614,0.03990899923737995,0.8798316577117974,0.00019406321367140185,0.18189201387109238,5.59008272595139,0.9115621322256349,1.008375901431596,5.92979236104022e-10,0.8845394728267633
60722bd5,0.03062139599059103,13.1,0.13664784760919357,0.2558685622883813,0.3733237765090697,0.0,0.00035190529166303293,0.0001540071194369632,0.012600977122296898,0,,,0.13664784760919357,,,0.2558685622883813,,,0.3733237765090697,,,,,0.00035190529166303293,,,0.0001540071194369632,,,0.012600977122296898,,,,,0.008389341948723188,,,0.005549903052071508,,,0.050201548028515806,,,,,0.0,,,0.0,,,0.0,,,,,3.974747566075294,,,3.6786312976762567,,,5.238541541595734,,,,,8.432631517440448,,,5.729057515731199,,,2.9594739310191414,,,0.005835521130287231,0.00014167713248084616,0.0006292455668231251,2.527482143276869e-05,5.556109225101794,0.16933759187610287,0.8009853873884818,0.00024968283500559634,0.08387117232829006,5.4787442027842435,0.9140257064727401,0.9622511880704868,5.496893584692523e-10,0.834605944097533
cfcaad70,0.03362386386300521,13.3,0.13566196680404868,0.27146930030050526,0.3669010108592997,0.0,0.003439702343128707,0.002921318285437623,0.013056611800318984,0,,,0.13566196680404868,,,0.27146930030050526,,,0.3669010108592997,,,,,0.003439702343128707,,,0.002921318285437623,,,0.013056611800318984,,,,,0.02622861926647572,,,0.024171546435582572,,,0.030263261637797138,,,,,0.0,,,0.0,,,0.0,,,,,5.21072346317508,,,24.48198547476507,,,32.15051403280973,,,,,9.425809545246517,,,6.401839203844082,,,3.6201523426694275,,,0.007603362728980899,7.370713982032454e-05,0.0005125057523750229,1.0294065774149897e-05,4.262928470553259,0.004090381824245425,0.8415221937569317,0.0002467029993188193,0.027138856033610367,5.624767540114143,0.9289575887619757,0.9991511912572828,6.51150216933131e-10,0.8420862762757589
f0b24c07,0.050759027480447555,13.3,0.14450656704702305,0.26240793877737834,0.4010474729212732,0.0,0.0017376884367610267,0.0006147898015700162,0.02276381002888101,0,,,0.14450656704702305,,,0.26240793877737834,,,0.4010474729212732,,,,,0.0017376884367610267,,,0.0006147898015700162,,,0.02276381002888101,,,,,0.015014276811266578,,,0.011088641049019634,,,0.06747415805903918,,,,,0.0,,,0.0,,,0.0,,,,,18.72378046457237,,,1.1181526601664118,,,2.258603802697147,,,,,8.690492102066385,,,6.574684765220487,,,3.291627985760563,,,0.006283295821956783,0.00015351513500450582,0.0007303844047770752,1.0291284002555396e-05,6.861056849982387,0.006178096922323391,0.9543304466471745,0.0002737379489835483,0.20556614143781127,5.2943697710783395,0.9492823585760104,0.9735737171883129,6.04232532315089e-10,0.9545171645295227
5dc3d0b9,0.032439731569190416,13.3,0.13192611535282256,0.2621176243707592,0.3815631221004666,0.0,0.00456521979427766,0.00015921702217971175,0.0018966936300644883,0,,,0.13192611535282256,,,0.2621176243707592,,,0.3815631221004666,,,,,0.00456521979427766,,,0.00015921702217971175,,,0.0018966936300644883,,,,,0.02063225775947876,,,0.005642996051384614,,,0.013403088266642472,,,,,0.0,,,0.0,,,0.0,,,,,9.000344803558416,,,15.626448046416266,,,9.418668963049637,,,,,8.561156583830726,,,6.0848801112053525,,,3.6471255391898225,,,0.0075312221038062906,0.00014324831967064657,0.0005334543269295779,1.2829577112181164e-05,4.620992572958123,0.01914251097466666,0.7415634858012821,0.00028514878152647465,0.29282961282153774,5.339229267506371,0.9044819152219475,1.0079945367425784,6.826670218852718e-10,0.7464364532620055
d7ca615a,0.02643199752693925,13.3,0.1378037085823273,0.2604583780681007,0.3775340007104125,0.0,0.001785061052115605,0.002938129502795662,0.0037973688190347217,0,,,0.1378037085823273,,,0.2604583780681007,,,0.3775340007104125,,,,,0.001785061052115605,,,0.002938129502795662,,,0.0037973688190347217,,,,,0.018894766746988992,,,0.024240996278188164,,,0.027558551554951946,,,,,0.0,,,0.0,,,0.0,,,,,7.346673371175698,,,2.5137634837077187,,,20.031707072331432,,,,,9.403606296012974,,,7.5054642652343935,,,3.1470268492142197,,,0.003196906427264672,0.00013512989124600872,0.00021908251506439118,1.0059578333689804e-05,6.287825187160699,0.07774954470816639,0.9584801855558733,0.00018639649389335923,0.0977338567328595,5.4904862201144695,0.965815286726261,0.9665599359224724,7.057040816545446e-10,0.9616124842067162
70507a87,0.04792956412733679,13.3,0.13738577820292538,0.25086281343652633,0.33425514744500845,0.0,0.0008333216644020023,0.005740111328320039,0.0381829879290167,0,,,0.13738577820292538,,,0.25086281343652633,,,0.33425514744500845,,,,,0.0008333216644020023,,,0.005740111328320039,,,0.0381829879290167,,,,,0.01290985409988821,,,0.033882477265749146,,,0.031232434811796442,,,,,0.0,,,0.0,,,0.0,,,,,9.253051848425445,,,8.092736956652534,,,25.30911163128416,,,,,9.160909316198781,,,6.778184548240517,,,4.016269015639247,,,0.006321399540871165,0.0001403801552433716,0.0006230559859789907,1.4627201041883901e-05,6.271172297309107,0.0032880271347662878,0.7821705601914588,0.0002443635661059071,0.15932084447566583,5.432154571325933,0.9670934741980547,0.9818563488279426,6.411329387791431e-10,0.7828085722442811
a524666b,0.01480802498182084,13.3,0.1422726330144109,0.2551265109106244,0.36815762041895794,0.0,0.00237397924624526,0.00014975604201043828,0.0008285866154156174,0,,,0.1422726330144109,,,0.2551265109106244,,,0.36815762041895794,,,,,0.00237397924624526,,,0.00014975604201043828,,,0.0008285866154156174,,,,,0.01916529487442769,,,0.005472769719446238,,,0.012873124060736907,,,,,0.0,,,0.0,,,0.0,,,,,14.654125629531885,,,6.240639783754214,,,12.636987993969695,,,,,9.016119757871513,,,6.337258812869829,,,2.851936886691569,,,0.004153251158549801,9.639455072244716e-05,0.0006072352492878302,1.434473004638634e-05,7.42470990431702,0.027534989943722357,0.795861891960449,0.0001451433245302892,0.14606126963643548,5.288290939497421,0.9592585271604863,0.9489246214412611,6.31328998124747e-10,0.8014032465232525
b233769d,0.08118428556084255,13.3,0.1237508360112657,0.21804703111334997,0.33336523453205735,0.0,0.034094931679321705,0.030425007490244356,0.0011220287596067637,0,,,0.1237508360112657,,,0.21804703111334997,,,0.33336523453205735,,,,,0.034094931679321705,,,0.030425007490244356,,,0.0011220287596067637,,,,,0.010803952774769069,,,0.023880505321001562,,,0.014980178634494074,,,,,0.0,,,0.0,,,0.0,,,,,19.398784013778204,,,2.475060734608882,,,6.787438615792925,,,,,9.524835803646617,,,6.438210051954774,,,3.5997282585850043,,,0.0044832850438985975,0.00011664658427461677,0.0008577266211899565,2.703882816869862e-05,3.4949637384002123,0.013272662262200686,0.6760884418141367,0.00018159943089660703,0.12816283829484354,5.675543109031739,0.9000491884130316,1.010247172781803,6.62542818692859e-10,0.6803200016845795
ec8f9c19,1.3141616950407058,13.3,0.13886307103534123,0.25448745545257817,0.2996679093462571,0.0,0.002426149151334843,0.0007770055583435477,1.3100743621830058,0,,,0.13886307103534123,,,0.25448745545257817,,,0.2996679093462571,,,,,0.002426149151334843,,,0.0007770055583435477,,,1.3100743621830058,,,,,0.003752233881539065,,,0.012465998221911856,,,0.00449227134737659,,,,,0.0,,,0.0,,,0.0,,,,,14.810777449270384,,,5.411039152561001,,,163.0124778975962,,,,,7.85494072710664,,,6.562203426385189,,,3.587700366050496,,,0.0048116523374698615,0.00010395448186487232,0.0008989355336629938,1.4188232567568199e-05,5.153150065035643,0.03020796065306991,0.8562437958589527,0.0002229184849172679,0.07754511282838991,5.672467146530967,0.910808923278707,1.0114292031086343,5.319905287744332e-10,0.8605007532376943
ff161174,0.13396439865888035,13.4,0.14984462665337156,0.2699340720875621,0.3562541509678765,0.0,0.1299153816775364,8.288611293740874e-05,0.0016952348777339585,0,,,0.14984462665337156,,,0.2699340720875621,,,0.3562541509678765,,,,,0.1299153816775364,,,8.288611293740874e-05,,,0.0016952348777339585,,,,,0.00872604916845465,,,0.004071513549956791,,,0.018413228276073473,,,,,0.12965661375807672,,,0.0,,,0.0,,,,,20.96376387344133,,,12.599115389300138,,,24.067944603937264,,,,,14.239619779937263,,,7.04856646869696,,,3.254655554177842,,,0.004457673406987686,0.00015347505279914212,0.0005806849628236292,1.001836562460405e-05,5.601419241980329,0.0019145823437917197,0.8128656269467384,0.00022288297571538613,0.12632464556967404,5.3432021896777835,0.9874855394745687,0.9545779195510796,7.814480529832122e-10,0.813142624550608
fd27797f,0.17536074768584836,13.4,0.11428260415698212,0.20947713644909785,0.3214108168674499,0.0,0.09947271128220882,0.05705695722705647,0.0010924549541468122,0,,,0.11428260415698212,,,0.20947713644909785,,,0.3214108168674499,,,,,0.09947271128220882,,,0.05705695722705647,,,0.0010924549541468122,,,,,0.003854074955300569,,,0.010076968948106736,,,0.014781440756210554,,,,,0.0,,,0.0,,,0.0,,,,,7.436850182129551,,,4.925674046366282,,,15.797858674482761,,,,,10.124058012828568,,,7.090190238906187,,,4.290375744431412,,,0.002803918423470575,0.00012861872580866238,0.0003480458389093168,1.486969710173865e-05,4.963560508345571,0.036679070590832925,0.6366431424415173,0.00016772462376661617,0.19295970545764662,5.389125135742599,0.9494852899714079,0.9815448797457152,6.837239890122175e-10,0.649907069955324
8e5031d8,0.01764401491085144,13.4,0.12808554269661643,0.23729875657529878,0.31745918228247105,0.0,0.013433127227220608,0.0003534678319320185,1.0351448909358458e-05,0,,,0.12808554269661643,,,0.23729875657529878,,,0.31745918228247105,,,,,0.013433127227220608,,,0.0003534678319320185,,,1.0351448909358458e-05,,,,,0.019625926474465386,,,0.0074509353040635795,,,0.0014388501596315343,,,,,0.0,,,0.0,,,0.0,,,,,5.511305209446994,,,13.75422535463153,,,10.004406643243133,,,,,8.05825152374619,,,6.886670085519285,,,2.982687138257633,,,0.00519751422296596,0.0001531359246207738,0.0002477421751894294,1.047499853987657e-05,5.245610005090886,0.00208982032447923,0.7387381593540461,0.00014895957864503108,0.1817914029625316,5.158657404658405,0.955177228582178,0.9416987570248713,6.65097522397879e-10,0.7392102758427035
bc80033a,0.036357120190400785,13.4,0.13350977719872326,0.25795101548788274,0.36569673303944683,0.0,0.00659424796766779,6.881309854739558e-06,0.013730322148637506,0,,,0.13350977719872326,,,0.25795101548788274,,,0.36569673303944683,,,,,0.00659424796766779,,,6.881309854739558e-06,,,0.013730322148637506,,,,,0.029102643963991075,,,0.0011731419227646379,,,0.02764957690784914,,,,,0.0,,,0.0,,,0.0,,,,,7.135991042643793,,,7.611838026238764,,,19.633796446657342,,,,,8.932229154778367,,,6.763663424401161,,,3.233703466098203,,,0.0026604276821610507,0.00013388192897256706,0.00024113591068994703,1.2372391672831674e-05,3.5053390432407396,0.029422185246673813,0.8188256118521621,0.00017383467813512769,0.20624682652519474,5.199366588558787,0.9515074601602721,0.9507134654364288,6.980903116563928e-10,0.8240742757010153
82e376f4,1.064761886251451,13.4,0.13989527238244862,0.2716752154612442,0.3172666669262494,0.0,0.005783914110720719,0.000646575766735885,1.0555692681721347,0,,,0.13989527238244862,,,0.2716752154612442,,,0.3172666669262494,,,,,0.005783914110720719,,,0.000646575766735885,,,1.0555692681721347,,,,,0.008013105871813005,,,0.011371682080817111,,,0.056619488839293144,,,,,0.0,,,0.0,,,0.0,,,,,8.88527923605062,,,4.5768908727027044,,,152.2660360758801,,,,,8.316236542929897,,,7.512403646989222,,,3.2813468244347628,,,0.0038722490767410006,6.081733955107793e-05,0.0007039993610939657,1.8484973545292672e-05,3.7442291670657055,0.2709291181802259,0.8174744921079694,0.00021588080992163502,0.19999598852636277,5.327421671784245,0.9635037642662776,0.9718755172847413,6.914223948818956e-10,0.8668442195573444
7e15a962,0.02610533111286153,13.4,0.14651965003329032,0.27155876243912797,0.32741102371700537,0.0,0.0009602187008441247,0.0011376992780942417,0.02333902466059931,0,,,0.14651965003329032,,,0.27155876243912797,,,0.32741102371700537,,,,,0.0009602187008441247,,,0.0011376992780942417,,,0.02333902466059931,,,,,0.013857984708060005,,,0.015084424272037973,,,0.06832133584847315,,,,,0.0,,,0.0,,,0.0,,,,,13.14916682146536,,,9.379081826837275,,,4.887572869808747,,,,,9.163318351023156,,,6.737363222176483,,,3.4025943310733515,,,0.008155656002464026,0.0001291607496300839,0.0006871626279733051,1.0001414862841913e-05,6.300824332223579,0.1628896999018336,0.8785763399752052,0.0003601533639232832,0.09688153515929744,4.997082724507691,1.008496952038376,0.997744271543324,6.842160921092554e-10,0.8982671458836287
c91b5407,0.222399040391775,13.4,0.16126868872999495,0.268594330765948,0.38410583249131036,0.0,0.05156307540805634,0.0025166330624251335,0.1604691977869459,0,,,0.16126868872999495,,,0.268594330765948,,,0.38410583249131036,,,,,0.05156307540805634,,,0.0025166330624251335,,,0.1604691977869459,,,,,0.005451694304598358,,,0.02243494177583322,,,0.004472130572079873,,,,,0.044256597739068954,,,0.0,,,0.0,,,,,16.22553781458814,,,17.15527954327543,,,12.87847926913201,,,,,18.524123625352285,,,7.131587643781679,,,4.175573479819826,,,0.0055503444804788265,6.878313883784563e-05,0.00045748194861433463,1.08786534122523e-05,6.247525850420226,0.016058184523614696,0.8359639999034735,0.0002803066008556706,0.25663619752331196,5.536003587982117,0.9944762530132111,0.9880363897788039,8.70668794894325e-10,0.8385145238615489
f9dd324c,0.037468545698945116,13.4,0.1292494166971736,0.2606371686449684,0.36211862221900387,0.0,0.008110622932174278,0.0026999982040177275,0.008326807264983607,0,,,0.1292494166971736,,,0.2606371686449684,,,0.36211862221900387,,,,,0.008110622932174278,,,0.0026999982040177275,,,0.008326807264983607,,,,,0.0187674847654816,,,0.02323789234856607,,,0.040808840377995564,,,,,0.0,,,0.0,,,0.0,,,,,31.568230183095068,,,8.336874415141533,,,4.187872666909322,,,,,8.170666512167923,,,5.785618010035403,,,2.8527365854287554,,,0.00425712133253611,8.91569476081311e-05,0.0005431743186609207,1.067808721165121e-05,7.150210634578614,0.002505908324061214,0.8450139140092343,0.00015258912996605513,0.06938199734056097,5.493328063638082,0.9767584034075445,0.9789166750161128,5.43146219313277e-10,0.8453177935408314
2d268244,0.011545634167834024,13.6,0.14454361820867317,0.2509090596330721,0.3397826608580779,0.0,0.004863394907840244,0.0005359955845526256,0.0035540020294288874,0,,,0.14454361820867317,,,0.2509090596330721,,,0.3397826608580779,,,,,0.004863394907840244,,,0.0005359955845526256,,,0.0035540020294288874,,,,,0.031187801807245872,,,0.010353700638444456,,,0.022044856682749036,,,,,0.0,,,0.0,,,0.0,,,,,17.088576630514133,,,17.236011984983104,,,17.55386330993022,,,,,8.804147661280954,,,6.059298751052627,,,3.230329435797803,,,0.009743621790162823,0.00010987329318805338,0.00027543032922300764,1.0377733269784289e-05,6.358178896533761,0.08070483503130788,0.7690500357395864,0.00032099210386596605,0.19206504846751998,5.231073091235837,0.9541950130910886,0.9569145076753942,5.847252979963647e-10,0.7876119095021356
a11ab4fb,0.035772431191689734,13.6,0.13658080144200463,0.25677315578827975,0.35264977278103443,0.0,0.0010086694801390201,0.00946124986328971,0.016922800817190407,0,,,0.13658080144200463,,,0.25677315578827975,,,0.35264977278103443,,,,,0.0010086694801390201,,,0.00946124986328971,,,0.016922800817190407,,,,,0.014203305813359228,,,0.04349999968572347,,,0.058176972793692876,,,,,0.0,,,0.0,,,0.0,,,,,3.626315108375812,,,17.857400432650817,,,2.869660742181737,,,,,8.720781907727874,,,5.6076150630986845,,,2.7770002582108493,,,0.005372169303432556,0.0003045223114753203,0.00021387353386955425,1.2187443971020406e-05,7.77808338404229,0.15274028495812622,0.785909103880603,0.00023578760702974035,0.13674142134213352,4.906939940724314,0.9202297356699519,0.9511122834792605,4.683439570760505e-10,0.8185308174504322
baf2583c,0.00622793821001657,13.6,0.13894762640176628,0.23532785539715523,0.31621825398664216,0.0,0.0033279517401375806,0.0011051795801207864,4.018983334086252e-05,0,,,0.13894762640176628,,,0.23532785539715523,,,0.31621825398664216,,,,,0.0033279517401375806,,,0.0011051795801207864,,,4.018983334086252e-05,,,,,0.014901291852983814,,,0.014867276684859178,,,0.0028351308026566438,,,,,0.0,,,0.0,,,0.0,,,,,4.622799335696567,,,17.30943856101656,,,11.378653172001613,,,,,10.31034066583343,,,6.853594098664962,,,4.045329196303976,,,0.005554643455354312,8.911927618626891e-05,0.00019894717012811718,1.003875825192612e-05,5.574707695503832,0.0010074791185432422,0.7225642360729949,0.00020696484588052743,0.1574217161634698,5.316386978508284,0.9479152403064475,1.048574588908255,6.600508278391334e-10,0.7227714903882811
0478653d,0.3712672614674254,13.6,0.11043487943227552,0.18987298058601748,0.2979538345303775,0.0,0.19255395706723327,0.16446194759873592,0.00011730859245088152,0,,,0.11043487943227552,,,0.18987298058601748,,,0.2979538345303775,,,,,0.19255395706723327,,,0.16446194759873592,,,0.00011730859245088152,,,,,0.018936382593530046,,,0.02199862854408838,,,0.004843729811847096,,,,,0.0,,,0.0,,,0.0,,,,,19.348142292803036,,,12.100423719538782,,,17.46330505604419,,,,,9.51461556079798,,,7.561913465623499,,,4.9106382960473915,,,0.006150490132677324,0.00011175240940021693,0.0003773323209493933,1.015566712092818e-05,9.88138832611489,0.03209421774330943,0.6122453285093679,0.00012075822539620703,0.28545371028749206,4.9071666375296825,0.9553090937051877,0.9967075370949942,6.802952113355122e-10,0.6246287868343227
f0ab22c5,0.05999835491364543,13.6,0.14385866043310033,0.2678047681616458,0.37164014077929747,0.0,0.017820812921462672,0.016458962922128527,0.016075963655669014,0,,,0.14385866043310033,,,0.2678047681616458,,,0.37164014077929747,,,,,0.017820812921462672,,,0.016458962922128527,,,0.016075963655669014,,,,,0.007060439338666963,,,0.029149003256230373,,,0.02874596174540296,,,,,0.0,,,0.0,,,0.0,,,,,2.7250430067033036,,,4.578000081475753,,,42.027120766754585,,,,,9.38922320336952,,,6.280970256048998,,,3.1608691676647096,,,0.007855213429096427,7.611818858090154e-05,0.0003514947569629669,1.0034096911779677e-05,5.235115336714249,0.07035322364942656,0.8154113668656865,0.00030515663930274177,0.044876685533048646,5.17090194178333,0.9860489415202193,1.0091196538030591,6.698470187708988e-10,0.8283162311190403
7063a5e0,0.021115873967943205,13.6,0.14665243227019514,0.23184290541145552,0.31810975033627353,0.0,0.0013398612593482919,0.0026586006327472948,0.012597590576949327,0,,,0.14665243227019514,,,0.23184290541145552,,,0.31810975033627353,,,,,0.0013398612593482919,,,0.0026586006327472948,,,0.012597590576949327,,,,,0.016369858028390423,,,0.0067666377828656974,,,0.05019480167696517,,,,,0.0,,,0.0,,,0.0,,,,,13.360948178215981,,,13.770301163791942,,,4.676297635490663,,,,,10.301268647154949,,,6.146192401046868,,,3.1642704106224735,,,0.004394211568615916,0.0001354834060518037,0.00033523228629605206,1.1595716427652966e-05,5.950388740187229,0.32384189410217246,0.5881944273569645,0.0001868677893231975,0.1513086463535076,5.0285895461739285,0.923799599065402,0.910438131834943,6.6710728153249e-10,0.7214955045607792
65617f5f,0.08568589247099345,13.6,0.1281306612288018,0.2624083460633802,0.3615738416821469,0.0,0.01404522813567031,0.003000414026798339,0.049310282878020854,0,,,0.1281306612288018,,,0.2624083460633802,,,0.3615738416821469,,,,,0.01404522813567031,,,0.003000414026798339,,,0.049310282878020854,,,,,0.023166685253728947,,,0.024496587626844434,,,0.045275521021502334,,,,,0.0,,,0.0,,,0.0,,,,,8.278487133263898,,,5.836649723457188,,,34.191159169423685,,,,,9.583135035341192,,,7.605968043254272,,,3.208755738817078,,,0.005964666967093328,0.00016087003116942983,0.0004993525611133645,1.0636694557897081e-05,7.060420899383622,0.05526062299250656,0.9405175911483405,0.0001746361085195354,0.11777222364916892,4.96594473676741,1.0241385402074692,0.9747901941655297,6.302782702717925e-10,0.9437105743594634
e11e5215,0.05790216043545887,13.6,0.15165069085733424,0.26345486106618826,0.3680002050776144,0.0,0.007321198211392532,0.0010937725290256135,0.04370907973722645,0,,,0.15165069085733424,,,0.26345486106618826,,,0.3680002050776144,,,,,0.007321198211392532,,,0.0010937725290256135,,,0.04370907973722645,,,,,0.038265384386916935,,,0.0101389766821265,,,0.06877749639204402,,,,,0.0,,,0.0,,,0.0,,,,,31.70231602630097,,,7.811689800182902,,,23.74868343089907,,,,,10.115090326628055,,,7.040372358520197,,,3.5511484042826003,,,0.0058014386899865825,0.0002446892370754839,0.0004142238995273612,1.1006956571419008e-05,3.6126319529910416,0.06400179652025115,0.8367366515663263,0.00027838204966788263,0.2776551466907213,4.878069316196924,0.9756533518166918,1.0309856423185744,7.22021538732681e-10,0.8471021255068365
152bf4d5,0.2213591548340772,13.7,0.11767226816646978,0.19441708113452463,0.2850892688046644,0.0,0.076642535029024,0.1353561502471818,0.003464084852326431,0,,,0.11767226816646978,,,0.19441708113452463,,,0.2850892688046644,,,,,0.076642535029024,,,0.1353561502471818,,,0.003464084852326431,,,,,0.025686042828931686,,,0.01315632050230236,,,0.02632141657406163,,,,,0.0,,,0.0,,,0.0,,,,,3.918243058431711,,,14.718694191344003,,,40.900155317902374,,,,,9.886350934400815,,,6.175193088512644,,,3.6644460220710364,,,0.004766292136778026,0.00011202497198527353,0.00016186063079316507,1.04292188688796e-05,5.824803492634218,0.014439735475003965,0.6541357257730591,0.00022261015681635226,0.01073546577702229,5.286488095492626,0.960406578512512,1.0902921544782984,6.342443970622797e-10,0.6590645008305731
abec27bd,0.19783846455300372,13.7,0.12911228761303944,0.20315086065138904,0.34674082918440813,0.0,0.07923456859899937,0.08595009189301613,0.004210360087388645,0,,,0.12911228761303944,,,0.20315086065138904,,,0.34674082918440813,,,,,0.07923456859899937,,,0.08595009189301613,,,0.004210360087388645,,,,,0.029189616795943323,,,0.010371634062346579,,,0.029018477173651427,,,,,0.0,,,0.0,,,0.0,,,,,3.937649854558457,,,13.561520104339186,,,16.21100719430023,,,,,9.109320280537062,,,6.799372540146089,,,3.474629653827056,,,0.005397072701626706,0.00010349510271864697,0.00020251373732053742,1.0000159975332254e-05,3.546094890543075,0.008080647333675958,0.675546640865637,0.0002495299189150303,0.39434633196314556,5.3258735033339635,0.8729036846720675,1.0047644460408218,5.296606240761427e-10,0.6781008793729417
fb5f2c65,0.057934047945927644,13.7,0.13740815971440173,0.25067234673159705,0.38902095238483475,0.0,0.00476723684333766,0.0036328016893997675,0.021780325053339728,0,,,0.13740815971440173,,,0.25067234673159705,,,0.38902095238483475,,,,,0.00476723684333766,,,0.0036328016893997675,,,0.021780325053339728,,,,,0.01991001936296996,,,0.02695478320966343,,,0.03838196413775998,,,,,0.0,,,0.0,,,0.0,,,,,35.795039895124454,,,13.316254666553451,,,3.220464798322725,,,,,8.627720689178286,,,6.271491675975992,,,3.4926709610299995,,,0.008200562388223722,0.0002071853812957875,0.00016343773931629989,1.1527440302197956e-05,6.670912899974389,0.1289191773499231,0.8006252179280144,0.0002153012410148424,0.0922770370826471,5.248441812490737,0.9234558859579863,1.0394909411239444,6.150572051428442e-10,0.8262483882952623
98d7cde9,0.02550800865261345,13.7,0.13448609664900085,0.2431580836250218,0.3646936343560321,0.0,0.00045521022136399777,0.0032849670067451636,0.004122411935095879,0,,,0.13448609664900085,,,0.2431580836250218,,,0.3646936343560321,,,,,0.00045521022136399777,,,0.0032849670067451636,,,0.004122411935095879,,,,,0.009541595478367313,,,0.025631882516682865,,,0.02871380133349076,,,,,0.0,,,0.0,,,0.0,,,,,19.726459069988024,,,8.941140334989162,,,12.118101202114518,,,,,9.481358641934495,,,6.699085859926788,,,4.1876249554724705,,,0.005204107475031725,7.690525108085162e-05,0.000338854302422401,1.7918324763112084e-05,5.489472319882082,0.22994082510280467,0.6832566413601644,0.00018986461657801568,0.20922033589337466,5.251693191335816,0.9515789329697113,0.9267860252725352,8.047303607145072e-10,0.7560205449275058
53da31c2,0.09301828376410128,13.7,0.12217142070810297,0.22339407471510864,0.2965906572795021,0.0,0.04318242507163044,0.022036911125963687,0.025433242307042882,0,,,0.12217142070810297,,,0.22339407471510864,,,0.2965906572795021,,,,,0.04318242507163044,,,0.022036911125963687,,,0.025433242307042882,,,,,0.020620876801023657,,,0.02133403085890592,,,0.014960715418183588,,,,,0.0,,,0.0,,,0.0,,,,,38.926826769451594,,,7.116418987382787,,,1.9356520578557375,,,,,8.178662133089095,,,6.137593280572892,,,2.9160942419504026,,,0.002615827695040581,0.000126727660350348,0.0003252592169371241,1.3080846215640715e-05,6.065262431978849,0.0010867617260428878,0.663484893918567,0.00035218673560923926,0.182824580165534,5.139281046123284,0.9529008901654186,0.8998357747284625,5.375248031577654e-10,0.6637842571666998
b378b23a,0.022460669673211236,13.7,0.14465466366381033,0.2374661207188749,0.36969072944714454,0.0,0.0009686848819068104,0.00100726407102177,0.002549917128691075,0,,,0.14465466366381033,,,0.2374661207188749,,,0.36969072944714454,,,,,0.0009686848819068104,,,0.00100726407102177,,,0.002549917128691075,,,,,0.013918943077021404,,,0.00930490841551443,,,0.02258281261796712,,,,,0.0,,,0.0,,,0.0,,,,,3.5375637547180667,,,8.44216101698902,,,2.745536628809452,,,,,11.925330313607386,,,7.040696954743664,,,3.248235086417997,,,0.003592305311279119,0.0002893080907857538,0.00020924679780953646,1.1584061778144918e-05,2.972790894609408,0.14370840848775385,0.7915279610198381,0.00012143219261890927,0.14829112651792853,5.050752681599837,0.9644799843938111,0.9431323784356578,8.094207931067905e-10,0.8214079931597722
3ad82d26,0.6697644832581894,13.7,0.10313254940075103,0.23067883895135205,0.28668803224066003,0.0,0.6426207680898569,0.004843408507403524,0.00782867770127262,0,,,0.10313254940075103,,,0.23067883895135205,,,0.28668803224066003,,,,,0.6426207680898569,,,0.004843408507403524,,,0.00782867770127262,,,,,0.016894165128711933,,,0.018331707886798346,,,0.03956937629347377,,,,,0.0,,,0.0,,,0.0,,,,,17.76563397303008,,,13.987387131715591,,,18.65389472705761,,,,,7.838140802563783,,,6.427855475136565,,,2.9618985384079095,,,0.005523483336387866,0.00010293288713081076,0.00039126671886669336,1.000013929142843e-05,6.984330761879284,0.017451527373209295,0.7441075199814279,0.00024557819914557903,0.09820900990377045,5.244763491318854,0.9961620890107574,0.9456634039234518,4.995943889834801e-10,0.7484988238490723
5167becf,0.01237406622112856,13.7,0.1364899722961364,0.22874211501115918,0.3250162011123117,0.0,5.012492515285947e-05,0.005703351045931518,0.0014500909204173491,0,,,0.1364899722961364,,,0.22874211501115918,,,0.3250162011123117,,,,,5.012492515285947e-05,,,0.005703351045931518,,,0.0014500909204173491,,,,,0.003166225675875283,,,0.012258849462247035,,,0.017029920260631576,,,,,0.0,,,0.0,,,0.0,,,,,12.251441259391202,,,7.508856409388742,,,12.864695592242727,,,,,10.457610511248284,,,6.979057870458212,,,3.6299904246108343,,,0.006610473826231553,8.508041461463854e-05,0.00022899801563968508,1.0854193245843374e-05,8.884146830018368,0.023542585631857182,0.661277172429698,0.00019166388164359655,0.18699215165478117,5.172872559124615,0.9619053215335487,1.0232093339688308,7.779213824154048e-10,0.6691854558859937
4d4ef0d8,0.03236032394492528,13.9,0.13775559318695763,0.24261758915639142,0.3714121705007736,0.0,0.004749868724988637,0.0028508810429587464,0.005279776295518148,0,,,0.13775559318695763,,,0.24261758915639142,,,0.3714121705007736,,,,,0.004749868724988637,,,0.0028508810429587464,,,0.005279776295518148,,,,,0.029701528336064955,,,0.018364408315908416,,,0.032495465208296825,,,,,0.0,,,0.0,,,0.0,,,,,20.211996887820877,,,6.892856750112768,,,44.37610850826312,,,,,8.83709176338229,,,6.2272494745196845,,,3.4784412028597465,,,0.011770885251264577,0.00014548435828241386,0.0002701891876287881,2.1678813052203124e-05,5.29514518951224,0.12361215857261358,0.667461042405211,0.0002870175106888783,0.20576093806322152,5.255917269416023,0.8751687517101009,1.017242008339658,6.108791785562926e-10,0.7085001546587492
5f24e328,0.14016437904054452,13.9,0.15781673549992134,0.2599067158931077,0.351508614620497,0.0,0.129638691116455,0.0014172738317302783,0.00610526023804723,0,,,0.15781673549992134,,,0.2599067158931077,,,0.351508614620497,,,,,0.129638691116455,,,0.0014172738317302783,,,0.00610526023804723,,,,,0.012320597096382939,,,0.016836114942172842,,,0.034943555165573036,,,,,0.05235477025417784,,,0.0,,,0.0,,,,,34.74954518582939,,,5.240702732103654,,,14.479318194274892,,,,,18.90534384246552,,,7.88140045294813,,,4.224012673973952,,,0.006917995868182644,8.249144343857628e-05,0.0003650785161194903,1.0640509210901189e-05,7.182854539721157,0.06021473630599222,0.7630705699699569,0.00013258832125566148,0.13750463572096572,5.256695130152198,1.002578413815744,1.0199173745198928,9.00884741100317e-10,0.7772609060653481
94adfbec,0.01909389405472864,13.9,0.14972116460970566,0.26618313042022074,0.31033221293879626,0.0,0.00887663254961458,0.0020693476724761863,0.006416852521068662,0,,,0.14972116460970566,,,0.26618313042022074,,,0.31033221293879626,,,,,0.00887663254961458,,,0.0020693476724761863,,,0.006416852521068662,,,,,0.019944360162693714,,,0.02034378368188271,,,0.006368345042811355,,,,,0.0,,,0.0,,,0.0,,,,,30.238379140690036,,,6.754066212443376,,,10.903839247334279,,,,,9.758873966852343,,,7.525936334083999,,,3.5416637053480593,,,0.009031317326009465,0.00026774571872504303,0.00021835921270893773,1.3720809085313698e-05,4.905841867332289,0.16130802007628983,0.7200656721148054,0.0003190114570001001,0.19884141675147576,5.230615609370415,0.9344273366151478,0.9953357332715381,7.587609245829573e-10,0.7651493177301416
f11983e0,1.6042838845433147,13.9,0.13460783873258936,0.23221083606889664,0.33684354569056524,0.0,1.5897503394483385,0.0031018754251815397,0.0032248465150996972,0,,,0.13460783873258936,,,0.23221083606889664,,,0.33684354569056524,,,,,1.5897503394483385,,,0.0031018754251815397,,,0.0032248465150996972,,,,,0.006431970643091216,,,0.009529969150370939,,,0.025396245845005112,,,,,0.0,,,0.0,,,0.0,,,,,173.31266995520727,,,2.7148802412225344,,,15.64120603392599,,,,,9.588177447174827,,,5.749294690910133,,,3.1577230137508328,,,0.004776400613899008,0.00024196212514516796,0.00015304168765527295,1.3093388883526404e-05,6.6476259917477645,0.2020588181062622,0.7041305067971605,0.00016147940686134137,0.11430936594231025,5.12400684171336,0.94583646797016,1.0381414810835805,5.975663661526935e-10,0.7638431338567453
70427919,0.013618652718069937,13.9,0.1431728398200497,0.24897070766876633,0.36001384669912906,0.0,0.0004554607422679605,0.0012189892645315236,0.002582521631013815,0,,,0.1431728398200497,,,0.24897070766876633,,,0.36001384669912906,,,,,0.0004554607422679605,,,0.0012189892645315236,,,0.002582521631013815,,,,,0.009544220683407949,,,0.015614027440295624,,,0.02272673153365356,,,,,0.0,,,0.0,,,0.0,,,,,9.70812706634606,,,8.120574573666211,,,12.984560738242294,,,,,10.126818739172396,,,6.331268107863773,,,3.397299841519585,,,0.007206575357014766,7.532010146647315e-05,0.00026219802307874416,1.2035336859510242e-05,9.950994114068383,0.21862048121775435,0.7199192401863247,9.896223053442001e-05,0.01031926244790905,5.118069689413304,0.9015571083061891,1.015122612407638,7.855124888682164e-10,0.7810786387526061
af798b14,0.011521684435227879,13.9,0.14915074234881617,0.2756555525614851,0.3429441472873264,0.0,0.0017205815809685995,0.0020169763407040064,0.00701987040484431,0,,,0.14915074234881617,,,0.2756555525614851,,,0.3429441472873264,,,,,0.0017205815809685995,,,0.0020169763407040064,,,0.00701987040484431,,,,,0.018550372400405333,,,0.02008470234135426,,,0.03746964212491043,,,,,0.0,,,0.0,,,0.0,,,,,11.489246476929031,,,11.69252899758849,,,6.012272918969806,,,,,10.823075922572636,,,6.106694514324357,,,2.788719392952859,,,0.006826401870036432,7.590665991457927e-05,0.00018514412894929266,1.006691297121308e-05,5.232013219670593,0.0019464799066636613,0.7845456497438905,0.0003170612440327592,0.1479148792408186,5.00592283047199,1.0118590396264648,0.9620191011575856,7.727033157786275e-10,0.784886572742493
3e18b7ff,0.03343809259664327,13.9,0.13198855051908348,0.22085739464307028,0.325705318186358,0.0,0.002657492016419321,0.020506806197090513,0.001840538502882226,0,,,0.13198855051908348,,,0.22085739464307028,,,0.325705318186358,,,,,0.002657492016419321,,,0.020506806197090513,,,0.001840538502882226,,,,,0.021024771494249393,,,0.018592444026172935,,,0.019186133028217155,,,,,0.0,,,0.0,,,0.0,,,,,12.85471476808028,,,9.34373239474256,,,36.63839499449645,,,,,8.34014286565313,,,6.980377425383782,,,3.9503450892419987,,,0.006013945853961206,8.114914329227317e-05,0.00042699633862383846,2.06743927686477e-05,9.195719657658817,0.2340625907815181,0.6141802323211336,0.00012727419667472973,0.010001873398080363,5.610887946001309,0.8887672236014158,1.0509151598834765,6.918086117231668e-10,0.7044247886955404
4d3f3a80,0.012292717259531016,13.9,0.13632450668155907,0.2450592622897783,0.3408977627072105,0.0,0.0015859248554932546,0.0023439121445938283,0.0023135971361468834,0,,,0.13632450668155907,,,0.2450592622897783,,,0.3408977627072105,,,,,0.0015859248554932546,,,0.0023439121445938283,,,0.0023135971361468834,,,,,0.006423183291820488,,,0.02165138399545779,,,0.0021675428413635797,,,,,0.0,,,0.0,,,0.0,,,,,11.543480882116166,,,6.746664134411291,,,3.9857481794382608,,,,,12.35738598916134,,,8.03327080910445,,,3.777297284867198,,,0.004804087326333141,0.0001662592321632696,0.00026743213953161663,1.157478519263625e-05,3.9376794365213557,0.0013738558935935336,0.8249029050085459,0.0002606451268125008,0.28732126454153073,5.396037546426773,0.9708966828794036,0.9797314744836092,9.269314187987974e-10,0.8250609728939502
deb40d7f,1.6469712660629032,14.0,0.1491709500488921,0.26244583961579704,0.3062620090860562,0.0,0.0018267927264819163,0.0022910330853189056,1.640896907227881,0,,,0.1491709500488921,,,0.26244583961579704,,,0.3062620090860562,,,,,0.0018267927264819163,,,0.0022910330853189056,,,1.640896907227881,,,,,0.01911435443054207,,,0.021405761305400495,,,0.048785795515674316,,,,,0.0,,,0.0,,,0.0,,,,,5.835978760045048,,,9.703874548646015,,,175.285828260133,,,,,8.876027462112647,,,8.267295511450365,,,4.154786791898503,,,0.0030304820774355763,0.00011809826748261973,8.106751719845766e-05,1.0004689805266512e-05,3.72472192165259,0.08416261678181597,0.823273519174195,0.0002508388645033022,0.3529234233219914,4.97074181228891,1.0028534972032037,0.9346237153563813,7.274739856384175e-10,0.8380649549032189
32fd5879,0.029897759194858292,14.0,0.1416139893589148,0.23031188934665198,0.33351926915258967,0.0,0.000980817947712864,0.012085824040843886,0.009891274940610536,0,,,0.1416139893589148,,,0.23031188934665198,,,0.33351926915258967,,,,,0.000980817947712864,,,0.012085824040843886,,,0.009891274940610536,,,,,0.0050231577902254115,,,0.021416875969284817,,,0.044477578487616735,,,,,0.0,,,0.0,,,0.0,,,,,5.64119666475869,,,9.904206905357958,,,7.126197510141898,,,,,13.387991683628043,,,7.940508658988694,,,3.779476892532162,,,0.004647830332846912,7.428719118911352e-05,0.00015411638387272244,1.0318773827831679e-05,3.32831750288582,0.0023001551255287895,0.7355395222884266,0.0003408672338956923,0.2982648015776189,4.937350294869533,1.018913280090557,0.9213976330239166,9.436596465115433e-10,0.7360742684595059
ee493d04,0.43127213120584756,14.0,0.15203414155797224,0.2714420046637872,0.35980460092179795,0.0,0.004335496307242913,0.0024830541426411066,0.4222069171592395,0,,,0.15203414155797224,,,0.2714420046637872,,,0.35980460092179795,,,,,0.004335496307242913,,,0.0024830541426411066,,,0.4222069171592395,,,,,0.029446549228196204,,,0.02228476673712833,,,0.031101316557552872,,,,,0.0,,,0.0,,,0.0,,,,,5.633145887536676,,,19.27344939844029,,,118.14379336936582,,,,,8.586451123421176,,,6.941920311611478,,,3.4217636187657354,,,0.012989312183068183,0.00015430449236867797,0.00027291648427115546,1.2857295881020184e-05,9.011032240241223,0.13610026368313405,0.8334128473870676,0.00031627005276188905,0.19359171670995065,5.226422802190994,0.9824626039110632,1.0180515901083411,6.332389602379622e-10,0.8560020614991715
34332b23,0.04155548743155556,14.0,0.14631273043996637,0.23447855206115356,0.37542791775628154,0.0,0.0011972111178400642,0.013892699423120845,0.004137803423488727,0,,,0.14631273043996637,,,0.23447855206115356,,,0.37542791775628154,,,,,0.0011972111178400642,,,0.013892699423120845,,,0.004137803423488727,,,,,0.015473920756163023,,,0.019507721896242662,,,0.023624405753069403,,,,,0.0,,,0.0,,,0.0,,,,,16.198893607683306,,,7.319241463663134,,,8.019004271871554,,,,,11.835185418799941,,,7.3195580437091685,,,3.760643484955778,,,0.008917636422587949,8.837343352195411e-05,0.00021748769495034755,1.0024469704080207e-05,5.478329397107618,0.09232347617436737,0.7297029800370637,0.00027003411328270065,0.08453484956745513,5.124527197685517,0.9481637262751241,0.9522147073919304,9.65704093997215e-10,0.7545847702216106
c9e7253f,0.03488276965943414,14.0,0.1635464613678212,0.2342242114987886,0.3367974590882512,0.0,0.016962771172465856,0.0013859138443652603,0.000907638177401202,0,,,0.1635464613678212,,,0.2342242114987886,,,0.3367974590882512,,,,,0.016962771172465856,,,0.0013859138443652603,,,0.000907638177401202,,,,,0.004043213886568962,,,0.01664880683031226,,,0.013473219195138199,,,,,0.0,,,0.0,,,0.0,,,,,13.352750651388309,,,12.118814724344185,,,20.451409899619286,,,,,12.836272500290278,,,7.119463152362412,,,3.6285275332229654,,,0.003564369289793853,0.00017037215570343158,0.00015143236405045196,1.0659636258313631e-05,5.526974482702541,0.0028079174904903064,0.7801739853996914,0.0003196997563358828,0.10411005752312752,5.114116967366236,1.0312727067824647,1.0032975093109833,8.671950985066396e-10,0.7807132213124124
5eeeb0a1,1.7069747288768535,14.0,0.14857048604771378,0.25913556673609417,0.28555673040788815,0.0,0.004242497163354531,0.0004971289887337479,1.6956448425997053,0,,,0.14857048604771378,,,0.25913556673609417,,,0.28555673040788815,,,,,0.004242497163354531,,,0.0004971289887337479,,,1.6956448425997053,,,,,0.020003449639016378,,,0.00446701513262661,,,0.013786528717169434,,,,,0.0,,,0.0,,,0.0,,,,,23.59194010208445,,,3.421089972717196,,,177.162389254862,,,,,10.741039030622217,,,7.424141416090476,,,4.083088503628669,,,0.0021537448109792117,0.00014895011924372588,0.0001259528773374312,1.2483896807455482e-05,3.504754655132671,0.028082811575509976,0.7203586255114852,0.00026005247330942706,0.06548848171698622,5.121500584393101,1.011578668309545,0.9602996514062772,7.784436334629565e-10,0.7281397056774117
18d2331c,0.022168668533045208,14.0,0.1517023302810339,0.2515723197351762,0.38078876625377434,0.0,0.0019362680596125839,0.0006653453034609027,0.004613403208794637,0,,,0.1517023302810339,,,0.2515723197351762,,,0.38078876625377434,,,,,0.0019362680596125839,,,0.0006653453034609027,,,0.004613403208794637,,,,,0.019678760426472923,,,0.011535556366824296,,,0.005731632382437131,,,,,0.0,,,0.0,,,0.0,,,,,3.9552855016292687,,,18.625423057356915,,,14.04844377955216,,,,,9.954469220960128,,,6.891205015080602,,,3.6326649964843862,,,0.0028727629363907562,0.00020566124155346914,0.00017827466123453576,1.0059037984468398e-05,4.76111354031732,0.0674757268986648,0.7532437884832266,0.00039452714309835243,0.14087199053205618,4.9624145073327375,0.9744653752106031,0.9131306237132584,8.156341004528868e-10,0.7698185188432333
d6674a8a,0.005603478577519031,14.0,0.15375802043470432,0.26210156834594567,0.3448541988889694,0.0,0.0018317984490761352,0.0012334360224759556,0.0013535952060501222,0,,,0.15375802043470432,,,0.26210156834594567,,,0.3448541988889694,,,,,0.0018317984490761352,,,0.0012334360224759556,,,0.0013535952060501222,,,,,0.0018392316828297253,,,0.015706279142279088,,,0.00985242937588658,,,,,0.0,,,0.0,,,0.0,,,,,12.576266825845625,,,4.651341569056624,,,10.740822546752735,,,,,13.223963230806726,,,8.252444859335068,,,3.2627135973377395,,,0.005591458442403307,0.000122447034630708,0.00010437914051299472,1.1101477401726555e-05,6.2413327826800575,0.007605322982677446,0.8597384558396911,0.00027319568110361915,0.12091802302336457,5.13600306667987,0.9695828029854912,0.9955764330625353,8.13902422705528e-10,0.8607192163394953
1c0e7af3,1.4806319888187525,14.1,0.15494595678817835,0.26966999400331376,0.3702031379961652,0.0,0.0005587409897741268,0.0002886610327066617,1.475526939086208,0,,,0.15494595678817835,,,0.26966999400331376,,,0.3702031379961652,,,,,0.0005587409897741268,,,0.0002886610327066617,,,1.475526939086208,,,,,0.010571102021777358,,,0.005911779007242269,,,0.0809389388935647,,,,,0.0,,,0.0,,,0.0,,,,,4.26158642795562,,,28.16338401119197,,,168.63784068914072,,,,,9.407011731646758,,,7.336603850458783,,,3.7475984040485657,,,0.0036102381665425462,0.00012273165631554968,0.00015626645325649035,1.3218568955708428e-05,6.434507854889179,0.11642204558993567,0.8895713055862081,0.0003796668643868162,0.11516566900376515,5.282519772454924,0.9815821023219088,1.0146635185597703,8.104353214014146e-10,0.9023386829511291
a9f16ba8,0.038518233019187484,14.1,0.1499954695613151,0.24922291668087293,0.3799169122489032,0.0,0.0001747555375381421,0.00693353244042169,0.015377722543185417,0,,,0.1499954695613151,,,0.24922291668087293,,,0.3799169122489032,,,,,0.0001747555375381421,,,0.00693353244042169,,,0.015377722543185417,,,,,0.005911946169209292,,,0.03723850813451497,,,0.023870305381500558,,,,,0.0,,,0.0,,,0.0,,,,,21.04417445924922,,,9.580427154140768,,,11.775477178761514,,,,,13.618480251512775,,,8.316848012548036,,,3.1892430636974627,,,0.006879826960991481,0.00014191759162188023,0.00013086395949102585,1.1273249190883833e-05,3.762861121010096,0.005618143956944751,0.9179584170413825,0.0002440063512770212,0.017787988216335707,5.186656929935903,1.0178223182928041,0.9551790800186983,7.938066942485388e-10,0.9183275426231955
8c94e4f2,1.7141351322282905,14.1,0.1495157533138568,0.2510242943645988,0.33510993172290227,0.0,5.13953302997232e-05,0.002801272731528044,1.7094680263670199,0,,,0.1495157533138568,,,0.2510242943645988,,,0.33510993172290227,,,,,5.13953302997232e-05,,,0.002801272731528044,,,1.7094680263670199,,,,,0.003206098261118121,,,0.02366969679369824,,,0.05482107025474862,,,,,0.0,,,0.0,,,0.0,,,,,23.525433022669635,,,20.028447410038577,,,176.76285189535733,,,,,11.025588412755738,,,7.032866120820828,,,3.4926388318981147,,,0.002452652288702426,0.0002688705759711491,7.320446805062191e-05,1.1314618604835646e-05,3.639878045882089,0.006535206727336946,0.758423272299451,0.0006043960219638538,0.1604517631033599,5.073707711199309,0.9689784931961224,0.8992826346536121,7.469647701015815e-10,0.7599261838282577
2fa65f3a,0.13576100989209675,14.1,0.14119024865426147,0.27868479669424434,0.3702302385968185,0.0,0.0019603710041863755,0.0003451893233562197,0.12267529860167352,0,,,0.14119024865426147,,,0.27868479669424434,,,0.3702302385968185,,,,,0.0019603710041863755,,,0.0003451893233562197,,,0.12267529860167352,,,,,0.01372146586697536,,,0.008308902735695246,,,0.024666344543182797,,,,,0.0,,,0.0,,,0.0,,,,,24.35529062998236,,,3.0065036662477023,,,15.313014521264419,,,,,8.740415559932964,,,6.154123731628479,,,2.9161527932030573,,,0.002809890643105754,0.0002615539475965123,0.00012214938968737335,1.0000365632004102e-05,5.42023873482745,0.0045730050393116665,0.9293371616755256,0.0003060314671195204,0.0518501596520193,5.06093780479774,0.9781677851340803,0.9700768937150602,6.090575949517557e-10,0.929567369475108
08c4ee9f,0.05754397376036296,14.1,0.12946812987094167,0.22595140532865046,0.34400396604146133,0.0,0.02398614393925119,0.01508891283678978,0.0031625972189222784,0,,,0.12946812987094167,,,0.22595140532865046,,,0.34400396604146133,,,,,0.02398614393925119,,,0.01508891283678978,,,0.0031625972189222784,,,,,0.011804926614664835,,,0.014600816848586013,,,0.025149939240174234,,,,,0.0,,,0.0,,,0.0,,,,,30.771156692935016,,,9.060797365084273,,,2.3404514484757826,,,,,11.220827426838856,,,7.444487341542497,,,3.9808732206673336,,,0.0031910440546570927,8.853129410647149e-05,0.0002818551837836929,1.566878597293042e-05,3.428905962544257,0.001615614954480967,0.7617094087653179,0.0001538316048161578,0.20685495353496863,5.303473335813863,0.9676229382277196,0.9425375031993933,9.879623722026792e-10,0.7620182236671522
dd119e62,0.017092089068386218,14.1,0.14590545934822888,0.25224849647380165,0.3734038231814282,0.0,0.0024983867515355486,0.0010686225080951224,0.0005228314584177528,0,,,0.14590545934822888,,,0.25224849647380165,,,0.3734038231814282,,,,,0.0024983867515355486,,,0.0010686225080951224,,,0.0005228314584177528,,,,,0.016739649239032855,,,0.014619319464975942,,,0.010225766068297797,,,,,0.0,,,0.0,,,0.0,,,,,12.99869953575098,,,16.980484119032127,,,15.19753259035987,,,,,12.558496900743943,,,8.232577358947095,,,3.3730397191441677,,,0.0041669339193743035,0.00010883473897013383,0.00012334538830930137,1.0627971954137598e-05,6.718275562904473,0.06653095537206692,0.7455189129516916,0.00026325374088699745,0.12690487306382806,4.804116100376304,1.0071914103002735,0.9376659632183596,8.174793660337448e-10,0.7623752309058425
24fe5914,0.06701806250771235,14.1,0.15384948395366002,0.27407309592108825,0.3199924516125274,0.0,0.008850326240111428,0.004151117505956097,0.05231546179741242,0,,,0.15384948395366002,,,0.27407309592108825,,,0.3199924516125274,,,,,0.008850326240111428,,,0.004151117505956097,,,0.05231546179741242,,,,,0.04207214337328544,,,0.028813599240483986,,,0.018827011473213865,,,,,0.0,,,0.0,,,0.0,,,,,22.29668750947958,,,20.92801843342801,,,10.42034635731062,,,,,9.476661461686511,,,6.700375373362228,,,3.8221362756265886,,,0.0033202623518190297,0.00012982314740384192,6.280600932257421e-05,1.4654886268414742e-05,6.69154472276552,0.08366045618372128,0.7629614289438702,0.0002426048606519358,0.3494373851358209,5.15146820312481,0.9246068284443337,0.9772573250670877,7.347184883011913e-10,0.7827158877886691
1481f71c,0.026128755305569334,14.1,0.14205027462649003,0.2577329863662203,0.3459083136601755,0.0,0.0009153242206657935,0.0005086680385553938,0.021102369096442135,0,,,0.14205027462649003,,,0.2577329863662203,,,0.3459083136601755,,,,,0.0009153242206657935,,,0.0005086680385553938,,,0.021102369096442135,,,,,0.009349567789978256,,,0.010086307932592518,,,0.035491212196175195,,,,,0.0,,,0.0,,,0.0,,,,,18.272490193161474,,,7.465622255809827,,,18.342824973901525,,,,,10.055156806524403,,,7.443078015735791,,,3.3137752875712447,,,0.004227305395844718,0.00012242602970393484,0.0002262698792525677,1.626416312709224e-05,3.806734212355015,0.011133199055202367,0.8454434801502554,0.00021631991622605184,0.23470230471350562,5.3196556415147915,1.0051269946657082,0.9507004844468097,7.343992306011802e-10,0.8470796443030069
fc3a74ed,0.024339657681547656,14.3,0.13643936846551824,0.2477445208042408,0.3627912409386236,0.0,0.0033358108061990817,0.002614677392527575,0.0042209292601896285,0,,,0.13643936846551824,,,0.2477445208042408,,,0.3627912409386236,,,,,0.0033358108061990817,,,0.002614677392527575,,,0.0042209292601896285,,,,,0.02352477234418167,,,0.02286778254456507,,,0.029054876562083786,,,,,0.0,,,0.0,,,0.0,,,,,22.305565674200178,,,0.6142703148824773,,,4.646506614569327,,,,,11.317386653123647,,,6.313762573240828,,,3.40874540966484,,,0.0028094580544150436,0.00010053914018985756,0.00020697623093173244,1.2763921513751938e-05,4.297629102494661,0.12968120603275687,0.7777918595761785,0.00016116539478622704,0.129461337510234,5.236590491196705,0.9515598678978299,0.9452964077272893,8.32638639067271e-10,0.8065303000306783
d14773b5,0.09625388280650794,14.3,0.12449417692939065,0.2121946572178657,0.3206492554164183,0.0,0.033690162443594546,0.046671628373644844,0.004604414325848067,0,,,0.12449417692939065,,,0.2121946572178657,,,0.3206492554164183,,,,,0.033690162443594546,,,0.046671628373644844,,,0.004604414325848067,,,,,0.022379024676121555,,,0.0133384026817214,,,0.03034605188767747,,,,,0.0,,,0.0,,,0.0,,,,,26.17148264155782,,,15.335491916211483,,,10.0861003180004,,,,,8.703227856119149,,,7.044904121206003,,,2.954740177864928,,,0.007322921508718216,0.00012648531494228066,0.0001129651111102983,1.2093804013696276e-05,3.767220791550831,0.07707052571361749,0.628257596554971,0.0003475052339481423,0.16366042775298212,4.652298749457771,1.0282624059614038,0.9270276106028993,7.194018689294142e-10,0.6568451532588676
9f7c5f88,1.4443458739652357,14.3,0.15600963527422143,0.2558289369803429,0.34122050095183676,0.0,0.0009076828665181943,0.004872939939191743,1.4360016723582796,0,,,0.15600963527422143,,,0.2558289369803429,,,0.34122050095183676,,,,,0.0009076828665181943,,,0.004872939939191743,,,1.4360016723582796,,,,,0.01124124782048724,,,0.031218391820181074,,,0.0234024488132837,,,,,0.0,,,0.0,,,0.0,,,,,12.809496108769945,,,14.800046909895226,,,167.74707756769322,,,,,8.638842471097181,,,6.814033173046071,,,3.4615973749090503,,,0.00838704971171542,0.00012667881676037317,0.00017551122200669682,1.0329976194905988e-05,4.640631745155257,0.09201283582215321,0.8184222106009083,0.0002565701754414925,0.2039450288151095,4.757511311584757,0.985156913476441,0.9537068318523974,6.155006151196997e-10,0.8350478557047764
e3fe04b6,0.11399902437365711,14.3,0.14643538196749248,0.2685286737318521,0.36112155576111515,0.0,0.06517555292042813,0.00127416907767636,0.042811356084675595,0,,,0.14643538196749248,,,0.2685286737318521,,,0.36112155576111515,,,,,0.06517555292042813,,,0.00127416907767636,,,0.042811356084675595,,,,,0.0087724815041603,,,0.015963515137189303,,,0.0245050868816267,,,,,0.0,,,0.0,,,0.0,,,,,81.27353723146729,,,9.32715751510316,,,3.252730181870458,,,,,12.333348475387638,,,7.330671073961366,,,3.2477550905474826,,,0.004256425201704402,0.00011394924710089758,0.0001650016545034268,1.024612723378423e-05,5.156874562567414,0.005622547615389806,0.9840185466534372,0.0002012834193344181,0.0603615074510187,5.211930215277534,1.0421471184976645,0.9854239827639961,7.839927421251401e-10,0.9840100012811761
da2141eb,1.6861863391797003,14.3,0.14479215376776314,0.267983991660619,0.33231022149250417,0.0,1.6727006568439469,0.004051629313624428,0.008718660507207545,0,,,0.14479215376776314,,,0.267983991660619,,,0.33231022149250417,,,,,1.6727006568439469,,,0.004051629313624428,,,0.008718660507207545,,,,,0.018498234513739116,,,0.025754173029154833,,,0.02634948075655716,,,,,0.04540247244147807,,,0.0,,,0.0,,,,,174.74866802762864,,,10.309482361220745,,,25.695713157433765,,,,,19.34794254946348,,,8.466962577688694,,,3.7374580148574297,,,0.006234187196674756,8.583009101159259e-05,0.0002626687707949071,1.2009218435104223e-05,3.3520388681119355,0.009739509483899234,0.7890657842116676,0.00031194367029703144,0.11547645595370858,5.1993925567329855,1.0849878748301944,0.9834304831106793,9.88430865498907e-10,0.7910412734283958
48f4f24b,0.08368524840801879,14.3,0.14094231967573354,0.24682561239055573,0.3100987103884759,0.0,0.0015030383683127928,0.0021437506288174,0.07997782709488095,0,,,0.14094231967573354,,,0.24682561239055573,,,0.3100987103884759,,,,,0.0015030383683127928,,,0.0021437506288174,,,0.07997782709488095,,,,,0.017338041229116932,,,0.015531827602455615,,,0.042736868530472885,,,,,0.0,,,0.0,,,0.0,,,,,27.125297337652977,,,11.79522195163321,,,21.794158397050474,,,,,10.212750492070217,,,6.219115024892797,,,3.854580621205518,,,0.0024945443171834913,0.0003171932935071117,0.00011615498000227699,1.0224047454256491e-05,4.393551609754148,0.04476497345804915,0.7136402514413404,0.0002989256943985318,0.22984757613815088,5.1405929959742105,1.0484299727059625,0.9593688475939914,6.997869702562874e-10,0.7263877739598783
9054b279,1.5790081027291674,14.3,0.14476063663752706,0.2600539604348966,0.3750491254585796,0.0,1.5632783125613632,0.00021731115730852057,0.003567444411760657,0,,,0.14476063663752706,,,0.2600539604348966,,,0.3750491254585796,,,,,1.5632783125613632,,,0.00021731115730852057,,,0.003567444411760657,,,,,0.014860793313421558,,,0.006592589131874071,,,0.019997953006488964,,,,,0.015242622518187872,,,0.0,,,0.0,,,,,167.77965887991562,,,21.774693140826418,,,9.31515838109818,,,,,14.58212318009509,,,13.901847063213761,,,4.245955890010447,,,0.0027819681317573725,0.00011898611422208683,0.0002843505453641839,1.5211897765839038e-05,5.23546186452399,0.014658979661086886,0.9161989657537833,0.00014969746547865309,0.06770297507191572,5.14801379266911,0.9974602895881904,0.9786732506958841,9.009977363338697e-10,0.9173357835138013
afc19d2b,1.6718979033134773,14.3,0.13002668438282458,0.24798916492421985,0.375961190655717,0.0,0.00874422823570916,0.0006720189216134426,1.6356815476658635,0,,,0.13002668438282458,,,0.24798916492421985,,,0.375961190655717,,,,,0.00874422823570916,,,0.0006720189216134426,,,1.6356815476658635,,,,,0.040447121479311586,,,0.006408839822651721,,,0.01597603945528124,,,,,0.0,,,0.0,,,0.0,,,,,38.49486024074168,,,9.844735066835268,,,172.3132826966914,,,,,7.766750635966594,,,5.485042914734271,,,3.6569275957375673,,,0.00439361641538723,0.00020633345323915295,8.010672901013086e-05,1.4515593105967953e-05,8.484333425113993,0.063472477330914,0.8558317312632778,0.00017630610093555526,0.14991436593733615,4.69280464974439,0.9495957318033014,0.8793877704703261,5.778036375780865e-10,0.8648968652593803
7117c631,0.014250290320230195,14.4,0.1314025623494985,0.2286349781861109,0.3034940756823534,0.0,0.003509358089665977,0.006039830160245453,0.0034950964658019452,0,,,0.1314025623494985,,,0.2286349781861109,,,0.3034940756823534,,,,,0.003509358089665977,,,0.006039830160245453,,,0.0034950964658019452,,,,,0.00396056379623031,,,0.011621268955855411,,,0.026438972997459433,,,,,0.0,,,0.0,,,0.0,,,,,10.391888045652747,,,19.73842184474123,,,56.998660848065896,,,,,10.460235971550775,,,6.550946668378955,,,3.337794339997682,,,0.0016808778438471995,0.00011282496183704361,0.00012931993722776875,1.6688581274408005e-05,2.7262501579243494,0.13309605622189977,0.6721583636271254,0.00018802226593303987,0.05783312485907747,4.9922904193688895,1.034063150304628,0.9074931174927261,8.271917967874973e-10,0.7157255766573265
b2672517,1.0836816426277462,14.4,0.1578907747028459,0.27394629774840135,0.33339489701881503,0.0,0.020109714064832022,0.0031775421925253574,1.0596774479721807,0,,,0.1578907747028459,,,0.27394629774840135,,,0.33339489701881503,,,,,0.020109714064832022,,,0.0031775421925253574,,,1.0596774479721807,,,,,0.019637910310810792,,,0.014008684636858827,,,0.062487673447370655,,,,,0.0,,,0.0,,,0.0,,,,,23.422911421561935,,,12.420159403080666,,,152.42128092618057,,,,,9.657882674043645,,,6.2812961258060165,,,3.4373713447933283,,,0.00412794495583844,0.00016260555226415858,0.0002164843868631595,1.1886282518654012e-05,4.339228449679821,0.25922942228041246,0.8547402034715672,0.00026672381903938906,0.28799618939783184,4.858299038408991,0.974810521774214,0.9642751405127902,7.765632958101432e-10,0.892310342585856
0905f7be,0.17104678031236256,14.4,0.14923877712647113,0.25168433137490775,0.3673046283169378,0.0,0.06471299193223995,0.0004096842661319198,0.0962678734539755,0,,,0.14923877712647113,,,0.25168433137490775,,,0.3673046283169378,,,,,0.06471299193223995,,,0.0004096842661319198,,,0.0962678734539755,,,,,0.006932114597675906,,,0.009051897769329034,,,0.02441774803335696,,,,,0.06470688250885423,,,0.0,,,0.0,,,,,12.837761823179681,,,8.527578774690296,,,86.37841241661793,,,,,23.717808541442558,,,9.54109140406534,,,4.026746575724417,,,0.0025911739161861786,0.00022206603881746323,0.00016388779348752315,1.5509224151933004e-05,5.656793906273734,0.07311123163828628,0.8551417832916214,0.00021221682978522397,0.18961576909063158,5.086629617897326,1.0338082196622886,0.9940566533678773,1.0265833437287658e-09,0.8656470317497675
c9cfb481,0.0117134332012822,14.4,0.1403916025623168,0.23422078765069881,0.32593446241642543,0.0,0.0003084182068323286,0.001338162201038431,0.006316399404450924,0,,,0.1403916025623168,,,0.23422078765069881,,,0.32593446241642543,,,,,0.0003084182068323286,,,0.001338162201038431,,,0.006316399404450924,,,,,0.007853893389043787,,,0.009581910937433935,,,0.012227126558883254,,,,,0.0,,,0.0,,,0.0,,,,,9.66393667052361,,,2.2610610552835615,,,16.749210111408953,,,,,10.61209235278745,,,7.72444608923926,,,3.50436696015769,,,0.002935100770581761,0.0001889636043805773,7.925445416681039e-05,1.114404519589212e-05,3.751521315830382,0.1116440824387627,0.691101519655691,0.00023886335119281205,0.1552090941931292,5.015634466376029,0.99963845415461,0.8922242064080669,8.239952299092095e-10,0.725519096908494
8c5173d4,0.015333836927545925,14.4,0.16233308246356762,0.2535110512059641,0.36681453907079503,0.0,0.002159935372815632,0.0024109527121739622,0.0012379501486723754,0,,,0.16233308246356762,,,0.2535110512059641,,,0.36681453907079503,,,,,0.002159935372815632,,,0.0024109527121739622,,,0.0012379501486723754,,,,,0.01464864274714121,,,0.021958837456358942,,,0.015734993795183876,,,,,0.0,,,0.0,,,0.0,,,,,14.221436775636088,,,6.109713948163557,,,3.4230438453146395,,,,,10.879661433042964,,,6.340317114026287,,,3.2294255684368935,,,0.0032715061917051916,0.00012073012493182865,0.00011453247328676535,1.9117558238112234e-05,8.60373663127541,0.17176560896060675,0.7057422628263459,0.00027585335581983286,0.2069919790658819,5.21508805251263,0.9694415205088878,0.9626172435101987,7.330429228961565e-10,0.7562150480170662
0763caa3,1.0222523473493306,14.4,0.140001487934113,0.24844269492834836,0.29930696445426874,0.0,0.0012443926110330002,0.000642500698274142,1.0199756071581838,0,,,0.140001487934113,,,0.24844269492834836,,,0.29930696445426874,,,,,0.0012443926110330002,,,0.000642500698274142,,,1.0199756071581838,,,,,0.0014715022482191843,,,0.011335790208663373,,,0.01941902727759555,,,,,0.0,,,0.0,,,0.0,,,,,15.881232168529097,,,7.579498281334106,,,147.1962401449366,,,,,13.244120809024238,,,6.894765506468632,,,3.9898163460321423,,,0.003770258502715077,0.00015473867024080691,0.000275422933065634,1.1203260896843618e-05,2.8217464540749204,0.1324377997930786,0.7444020193257964,0.00022015493055879397,0.11004234708782798,4.9831065970024815,0.9923199691191815,0.9333789126028426,9.071024586416856e-10,0.7781784133159092
e245211f,1.7475934670004547,14.4,0.14393987745875939,0.23682738081428778,0.3536179033467791,0.0,1.734800620664081,0.000941293900374905,0.0008136120058615148,0,,,0.14393987745875939,,,0.23682738081428778,,,0.3536179033467791,,,,,1.734800620664081,,,0.000941293900374905,,,0.0008136120058615148,,,,,0.014569621944524129,,,0.013308066145623874,,,0.012756269092971619,,,,,0.06635697737150854,,,0.0,,,0.0,,,,,176.0150042446363,,,21.322520882456427,,,4.094989745589608,,,,,14.89236113255717,,,6.940148650955937,,,3.8427205185176225,,,0.0024312702404836834,0.00013608703290622875,0.00013472663277960757,1.087869075718511e-05,6.006573458544875,0.0028162409691521867,0.7357889032049512,0.0002474841307358883,0.12106545016082806,5.089474484821664,0.9847919895037968,0.9575836648003667,8.027406732426888e-10,0.7364594064299296
aaaeb22c,1.3062050344645526,14.4,0.13543663806787667,0.24199432796600956,0.36432814733847535,0.0,1.2811477548640373,0.0075294691121559915,0.00033446857938976006,0,,,0.13543663806787667,,,0.24199432796600956,,,0.36432814733847535,,,,,1.2811477548640373,,,0.0075294691121559915,,,0.00033446857938976006,,,,,0.02198785144780725,,,0.016937020484987714,,,0.008178857859013813,,,,,0.13461531931738727,,,0.0,,,0.0,,,,,156.29947628451316,,,4.913431437469087,,,16.243716306108407,,,,,13.17072671110344,,,6.65565283474771,,,3.6651087094700676,,,0.0023738668089083813,0.0002905137184954626,0.00012176557691455924,1.6591426162765143e-05,4.963825688106214,0.1114690795524887,0.7027464710827721,0.00017546724565044398,0.10373214738758713,5.075852303587669,1.0075251749840033,0.9568394409336136,8.306357489559566e-10,0.7358107736977963
4254019d,0.08710498036928806,14.6,0.13317386713141713,0.20648100585819737,0.31480072349993554,0.0,0.005870926224366489,0.06993994428689358,0.0005332130499318614,0,,,0.13317386713141713,,,0.20648100585819737,,,0.31480072349993554,,,,,0.005870926224366489,,,0.06993994428689358,,,0.0005332130499318614,,,,,0.01910069180153225,,,0.023621335837699608,,,0.010326790885186564,,,,,0.0,,,0.0,,,0.0,,,,,7.313526329259834,,,18.122248952888953,,,5.8176191531593595,,,,,9.220708558510601,,,6.577764372870762,,,3.7547171229551024,,,0.002309814486878491,0.0001079406894158418,0.0001319197029708351,1.3652288488342147e-05,3.9213797497674467,0.20182612962035146,0.5984727157236855,0.0001110257860581877,0.2769309329899785,5.252393401681509,0.9448162822392744,0.9306946508349861,7.625517665122955e-10,0.6794515661745724
b1bf4dce,2.5936326461438473,14.6,0.08692237636495598,0.18262601771433665,0.25881341220665316,0.0,2.2798659176949623,0.22040397249051807,0.07942578121307857,0,,,0.08692237636495598,,,0.18262601771433665,,,0.25881341220665316,,,,,2.2798659176949623,,,0.22040397249051807,,,0.07942578121307857,,,,,0.01124423129314752,,,0.005234543013178081,,,0.02149171682248712,,,,,0.0,,,0.0,,,0.0,,,,,176.84829123849556,,,10.101555491225815,,,84.99284147912815,,,,,14.80513385405076,,,7.766096308899042,,,5.770090415005367,,,0.0019303725075758727,0.00017095887999615296,8.216165496370041e-05,2.2422384426334837e-05,3.2188500884949036,0.10497783325847355,0.5269477407335963,0.000209779618248235,0.22595658465105461,4.896531944037807,0.9772824352902352,0.908754339052892,9.157561378287946e-10,0.5765550471553357
d2b725d6,0.0533929367656013,14.6,0.13319392634595253,0.2156632942170377,0.31228095495730795,0.0,0.004591194401829668,0.038830463481801525,0.0038586930964454513,0,,,0.13319392634595253,,,0.2156632942170377,,,0.31228095495730795,,,,,0.004591194401829668,,,0.038830463481801525,,,0.0038586930964454513,,,,,0.018650976665305168,,,0.008402779305846321,,,0.027780183931880118,,,,,0.0,,,0.0,,,0.0,,,,,30.211658979332196,,,6.310569057657756,,,11.94725815519689,,,,,9.696210363229072,,,6.959045280221938,,,2.9089145176896003,,,0.0015750636661318804,0.00014116738217319135,6.0997952872248986e-05,1.2503433463571469e-05,3.773940016290484,0.07466125609869063,0.6932897353020108,0.00019135738778500812,0.08294173949643104,5.075311495427748,0.9842103054838051,0.8944264492529845,7.607985278110037e-10,0.7161197799491944
ba64441f,0.0571676367794146,14.6,0.1304171636282898,0.21234574800172124,0.29546754847197537,0.0,0.005611106636855533,0.04768661718734538,0.0005221771779326197,0,,,0.1304171636282898,,,0.21234574800172124,,,0.29546754847197537,,,,,0.005611106636855533,,,0.04768661718734538,,,0.0005221771779326197,,,,,0.0116086631018052,,,0.01837820032579651,,,0.010219365713512944,,,,,0.0,,,0.0,,,0.0,,,,,35.90344482770361,,,26.120129583683717,,,37.41235758662264,,,,,9.482332962007444,,,5.988772705456747,,,3.7929603855175746,,,0.0013636356516332335,0.00017044710548786443,8.659178151782728e-05,1.1963594728650573e-05,3.4774041439933274,0.047158990422403756,0.6880818273033282,0.00013984871743185858,0.2058747059589855,5.249079563914868,1.013554652329821,0.871169784378867,8.370525879076721e-10,0.7027227652393739
d984febe,0.024522924388817004,14.6,0.13608114371620886,0.23167109791130877,0.33141431078183875,0.0,0.00030684444176938287,0.013064546444468651,0.004949492218955437,0,,,0.13608114371620886,,,0.23167109791130877,,,0.33141431078183875,,,,,0.00030684444176938287,,,0.013064546444468651,,,0.004949492218955437,,,,,0.007412599239186401,,,0.025832019198593428,,,0.03146265156961643,,,,,0.0,,,0.0,,,0.0,,,,,11.654712478670461,,,4.432646334567358,,,18.974881176695806,,,,,7.877978147084777,,,6.10946832649079,,,2.939867623581881,,,0.0026568501173323132,0.00021169029299460923,0.0002066907199212796,1.1151540181677633e-05,3.802235744399806,0.2122291916931464,0.6893708336616075,0.0001465404570736241,0.2278365407705673,4.600301805988595,1.0175866846769481,0.866174777511456,6.985189036608026e-10,0.7552264734665541
7c7fb7bd,0.019315690105878486,14.6,0.1464205352031693,0.23281464241976246,0.35488276466955,0.0,8.841589643394364e-05,0.0025510680471282025,0.003374922893313436,0,,,0.1464205352031693,,,0.23281464241976246,,,0.35488276466955,,,,,8.841589643394364e-05,,,0.0025510680471282025,,,0.003374922893313436,,,,,0.004205137249459133,,,0.022587908478335052,,,0.025980465328063067,,,,,0.0,,,0.0,,,0.0,,,,,8.311461999467598,,,17.36804116877232,,,9.020350454290778,,,,,11.418689242572112,,,7.6974517868133745,,,3.452113496723897,,,0.0029232847850154224,0.0001314234584298292,0.00012034885336825066,1.7807863450740616e-05,4.509626891316411,0.1091043822244691,0.6949143001364589,0.00023051715831953783,0.09008576764484055,5.155159889565593,1.0181564183298435,0.9404076582317091,8.203561825081206e-10,0.7281309955155767
2cba8e2f,0.0159805746744275,14.6,0.14346678652653103,0.23850699525034627,0.35018187987997856,0.0,9.325977611960004e-06,0.0009600172367365768,0.005890378594437755,0,,,0.14346678652653103,,,0.23850699525034627,,,0.35018187987997856,,,,,9.325977611960004e-06,,,0.0009600172367365768,,,0.005890378594437755,,,,,0.0013657216123324697,,,0.01031888058152945,,,0.03432310765195295,,,,,0.0,,,0.0,,,0.0,,,,,8.007635836119775,,,5.524556075276468,,,5.228278733090997,,,,,10.095743623335151,,,6.371868304760002,,,3.2059427093206154,,,0.003072399800005539,0.00032329613673785464,6.327994561344362e-05,1.699848373553186e-05,3.610189933387057,0.17926761590636386,0.6754391791733076,0.0001809693669970294,0.19710285820246315,4.988545343295225,0.9922206240707248,0.9542453599195951,7.069107740549566e-10,0.733554879821604
2b747cf2,1.4491258954741746,14.6,0.15366852655694557,0.2591328644540302,0.252829724843444,0.0,0.00015679968652226167,0.00015060238066100457,1.4227512692918032,0,,,0.15366852655694557,,,0.2591328644540302,,,0.252829724843444,,,,,0.00015679968652226167,,,0.00015060238066100457,,,1.4227512692918032,,,,,0.0055999944021804466,,,0.005488212471488409,,,0.03751711647221228,,,,,0.0,,,0.0,,,0.0,,,,,20.013216881106295,,,6.679124282449941,,,165.67339286007558,,,,,9.696627483031152,,,6.5063581713755765,,,3.4667119055469255,,,0.004973428881590357,0.00017398376306597426,8.158975976039683e-05,1.1325132295059692e-05,6.945708072744522,0.1307453464806845,0.6468603594608617,0.0004812289220409723,0.22121518046228403,4.724492213465224,0.9853938419301094,0.933968712545735,6.71047494577837e-10,0.6929670380832696
181968ef,0.00875120274317262,14.7,0.13696862252028785,0.2419879417239647,0.34294763075423385,0.0,0.0006855705042646931,0.0007379338285330018,0.0002465257301524481,0,,,0.13696862252028785,,,0.2419879417239647,,,0.34294763075423385,,,,,0.0006855705042646931,,,0.0007379338285330018,,,0.0002465257301524481,,,,,0.011635445400104862,,,0.007974156033984343,,,0.0070217623165762045,,,,,0.0,,,0.0,,,0.0,,,,,22.321676972871202,,,11.146728948364567,,,22.36818915030198,,,,,11.398007686760232,,,6.742079067940739,,,3.3654730214636293,,,0.004818177867179126,0.00020804931760713878,7.85942520918745e-05,1.2525288922794953e-05,5.094529874879159,0.1936755188479705,0.669617378379863,0.00018562846672842535,0.2506168734465448,4.56856239788879,1.0157840864206429,0.9336532260422932,7.762731034719296e-10,0.7335374423026578
0112046e,0.023626350080695798,14.7,0.13397226831334802,0.2577449357320351,0.3548334519803759,0.0,0.0031914471668577993,0.009178689398632452,0.0003116847078572173,0,,,0.13397226831334802,,,0.2577449357320351,,,0.3548334519803759,,,,,0.0031914471668577993,,,0.009178689398632452,,,0.0003116847078572173,,,,,0.023869489028136015,,,0.019785072504611544,,,0.007895374694809833,,,,,0.0,,,0.0,,,0.0,,,,,18.42354965852292,,,16.79863749933897,,,2.477348796940239,,,,,8.468538910021419,,,6.518587741485898,,,3.1929264995116173,,,0.0016329349844199492,0.0003502667721191147,9.061752625301289e-05,1.6470798727895e-05,4.093047157049641,0.11317925030340081,0.8411935207434462,0.00011339572927461567,0.09020013727532898,5.26957299532551,0.9666816956450436,0.9739066504608563,6.425381093922183e-10,0.8590829996569512
4e10d7b3,0.05271085247356541,14.7,0.12448532651746146,0.23721698857185322,0.35321948495575184,0.0,0.026117113886136075,0.003773791493522958,0.002202898374788295,0,,,0.12448532651746146,,,0.23721698857185322,,,0.35321948495575184,,,,,0.026117113886136075,,,0.003773791493522958,,,0.002202898374788295,,,,,0.0019695982920396493,,,0.009378991380599134,,,0.02098998987512045,,,,,0.0,,,0.0,,,0.0,,,,,5.832715615381603,,,7.792262687470984,,,11.297507753126611,,,,,8.645992776149164,,,6.27838965655419,,,2.906917567844983,,,0.004451656258835314,0.00030332614221270296,0.00011981261494293963,2.038813747490617e-05,4.614370565548787,0.2220007908373363,0.6979613533545855,0.00013570760281236358,0.2666327814308076,5.2490301334251654,0.9708191768606178,0.9667678109352116,5.878319344940411e-10,0.7649443756379709
8af75211,0.008484533471630355,14.7,0.1510754781148306,0.26518159463002206,0.35562897497808893,0.0,0.0029333395957033943,0.0020960781202538983,0.0010231413642669642,0,,,0.1510754781148306,,,0.26518159463002206,,,0.35562897497808893,,,,,0.0029333395957033943,,,0.0020960781202538983,,,0.0010231413642669642,,,,,0.024221228687675588,,,0.020474755775119265,,,0.014304833898140617,,,,,0.0,,,0.0,,,0.0,,,,,6.926713513875504,,,5.350186030885783,,,10.695273699581119,,,,,8.825570756753331,,,7.944060088331217,,,2.9705377183316166,,,0.0018286133242370075,0.0005297706193326554,6.516886982989824e-05,2.511567704889295e-05,4.215328835019279,0.2264247523965559,0.8317150124434752,0.00018633913108183172,0.20308327363556475,5.117456446454011,0.9610872244012145,0.9265913442462054,6.314388768272305e-10,0.8697357275817745
60b35824,0.03687152236420757,14.7,0.1273968603098614,0.23464222767925602,0.3258357372217053,0.0,0.017248670557240033,0.008319048907765272,0.004547462255585395,0,,,0.1273968603098614,,,0.23464222767925602,,,0.3258357372217053,,,,,0.017248670557240033,,,0.008319048907765272,,,0.004547462255585395,,,,,0.026099004554478188,,,0.033232069126837065,,,0.03015779254383648,,,,,0.0,,,0.0,,,0.0,,,,,21.387356751137464,,,14.812303471896307,,,5.021086176095491,,,,,9.365696674886342,,,6.612780444643421,,,3.1415270366850905,,,0.0018929500053799606,0.00019748504160375254,2.8708157320629536e-05,1.3953166914422534e-05,3.9342680095943487,0.0917812170071073,0.725685074423204,0.0001456234360863005,0.09759977157347567,4.902536999146117,1.032876979917157,0.9182534874767663,7.136127332242315e-10,0.750789463628414
1a586755,0.04863148934421314,14.7,0.12795315314272013,0.21934879155445908,0.3288286980295234,0.0,0.012068105902102024,0.024522972967361358,0.0008707149481858203,0,,,0.12795315314272013,,,0.21934879155445908,,,0.3288286980295234,,,,,0.012068105902102024,,,0.024522972967361358,,,0.0008707149481858203,,,,,0.03649801885984164,,,0.020550142018313726,,,0.01319632485342658,,,,,0.0,,,0.0,,,0.0,,,,,2.6562308539598765,,,5.367364490794796,,,9.910751611399197,,,,,9.8127956089897,,,7.339859981545496,,,4.109208447557496,,,0.0016953021519707245,0.00037382671703276553,8.53185208586648e-05,1.4012773624186279e-05,3.8197002473486235,0.028986832279845793,0.633458806214838,0.0003042446392337302,0.17335914881112013,4.99151494230353,0.9942607072969426,0.8959604529706587,9.390963203503149e-10,0.6440203284421214
f9026892,0.17238387847221476,14.7,0.1226195550507107,0.20119331490135012,0.2886985771304954,0.0,0.06987731460598921,0.09765424493401494,0.0002302537407892133,0,,,0.1226195550507107,,,0.20119331490135012,,,0.2886985771304954,,,,,0.06987731460598921,,,0.09765424493401494,,,0.0002302537407892133,,,,,0.01046501916669782,,,0.0025168541863713157,,,0.006786070155682349,,,,,0.0,,,0.0,,,0.0,,,,,36.488140088560115,,,3.2464052403896653,,,17.946371598324,,,,,14.009747991600593,,,10.267414369891007,,,4.435905884494156,,,0.0027662371998434508,0.0001497138753812556,3.977908643009249e-05,1.59075859008248e-05,3.3409742580876394,0.03509298921870085,0.5618755756855689,0.00021888566499707055,0.3203577425098364,5.1024446552708005,1.0582427931359188,0.9690677008265698,8.710728803623109e-10,0.5771944838269162
74898372,0.03418902433148507,14.7,0.1402522052087785,0.22745997164023662,0.33751817901864456,0.0,0.0036981148792632266,0.010763344894234007,0.010427418558938382,0,,,0.1402522052087785,,,0.22745997164023662,,,0.33751817901864456,,,,,0.0036981148792632266,,,0.010763344894234007,,,0.010427418558938382,,,,,0.015316037721407145,,,0.03381594356454086,,,0.0456670965990578,,,,,0.0,,,0.0,,,0.0,,,,,5.006751720239328,,,4.178905422891334,,,14.67754508107886,,,,,9.0930469768777,,,7.2017077529002185,,,3.486274117285268,,,0.002354597686035219,0.00014643314501979013,0.00010496135877961309,1.6261165368079286e-05,3.108017180438368,0.27656328269932795,0.7119799428462575,0.0001602993082646803,0.1821100169948518,4.744099120580428,1.048698254848508,0.8969896891412138,7.443335575079352e-10,0.79156451734166
1c3a79ff,0.06630118110416627,14.9,0.12221294816029159,0.22522980697912437,0.33132696568652714,0.0,0.040740589130947816,0.011646128403411284,0.00040198454847334745,0,,,0.12221294816029159,,,0.22522980697912437,,,0.33132696568652714,,,,,0.040740589130947816,,,0.011646128403411284,,,0.00040198454847334745,,,,,0.021888716567398617,,,0.011044327065122768,,,0.008966432383878746,,,,,0.0,,,0.0,,,0.0,,,,,3.5773654697845676,,,13.208087893219446,,,19.121981538662116,,,,,8.895699227948942,,,6.177868715421569,,,3.1899114383958995,,,0.0037064705674939753,0.00034022801938275217,7.072531050513426e-05,1.751059133085763e-05,7.085602463233545,0.10145143643056569,0.7109740003805352,0.0001742504787026863,0.12443962123232524,5.020115598438451,1.020445989546773,0.9993277091249023,6.925111941210016e-10,0.7402250058076719
288a0d81,0.036088051731484286,14.9,0.1312083064742351,0.2390333208232059,0.3477722149012443,0.0,0.0036229876859673544,0.0010250729042105442,0.019025321327639007,0,,,0.1312083064742351,,,0.2390333208232059,,,0.3477722149012443,,,,,0.0036229876859673544,,,0.0010250729042105442,,,0.019025321327639007,,,,,0.01639964718940887,,,0.014318330239315925,,,0.007493140217126561,,,,,0.0,,,0.0,,,0.0,,,,,14.80453931720746,,,5.4135620167257725,,,8.76152419615489,,,,,8.637867803526325,,,6.489478733155971,,,3.1371120415869727,,,0.002401907330907271,0.0003508492121358508,0.00013312411171035384,1.37305193021833e-05,3.304137562479868,0.2675229931237002,0.8863616112627367,0.00012999815378221,0.2415525557447688,4.938518289970123,0.9435529665736232,0.8853954733942243,7.741172414423636e-10,0.9166738569903577
66391ef9,0.041640322765218576,14.9,0.12642342712773974,0.23329495126250352,0.3499645009468496,0.0,0.017606572088776768,0.0018874885990555553,0.004054040379512321,0,,,0.12642342712773974,,,0.23329495126250352,,,0.3499645009468496,,,,,0.017606572088776768,,,0.0018874885990555553,,,0.004054040379512321,,,,,0.009282272920212633,,,0.01049588386699694,,,0.028474691849122165,,,,,0.0,,,0.0,,,0.0,,,,,2.781232074882544,,,4.290174288184723,,,11.217443991898723,,,,,7.609909820419875,,,6.187597884364134,,,2.8651403984330126,,,0.0011578498365918393,0.0006266974357454757,6.341898482446596e-05,2.536742267795411e-05,3.6429829121229487,0.09524918560679917,0.8464058594637152,0.0001280193024491625,0.13808165160593563,4.917528589601521,0.9956722025397753,0.8584261904126897,6.989431430487687e-10,0.8609509356778262
7c857fc4,0.05805550923351674,14.9,0.14604880514272084,0.24635066531500507,0.3896674311908235,0.0,4.721654270154593e-05,0.004535601123915752,0.029162300861428386,0,,,0.14604880514272084,,,0.24635066531500507,,,0.3896674311908235,,,,,4.721654270154593e-05,,,0.004535601123915752,,,0.029162300861428386,,,,,0.003072996671054036,,,0.030118436625813604,,,0.006721992963909483,,,,,0.0,,,0.0,,,0.0,,,,,19.789350338932643,,,31.098092353687985,,,47.58102007757308,,,,,8.909059206127454,,,5.933865889526904,,,3.3616135251545076,,,0.00299424802292266,0.00028841722133823833,7.406135947431766e-05,1.2354629855157113e-05,4.016583001202807,0.07139393875184724,0.8153630251457596,0.0002342452556245935,0.225029158129773,4.981480296668995,1.0063518740760045,0.9300889442013688,6.786014062956386e-10,0.8284634497173151
69c1f91f,1.6825113741055355,14.9,0.14010149594306667,0.243182584706062,0.28829888105645735,0.0,0.0048417077416345825,0.005174681602110301,1.6710701140951716,0,,,0.14010149594306667,,,0.243182584706062,,,0.28829888105645735,,,,,0.0048417077416345825,,,0.005174681602110301,,,1.6710701140951716,,,,,0.01567370088555761,,,0.032170426177190445,,,0.046759339093234174,,,,,0.0,,,0.0,,,0.0,,,,,22.341835753726645,,,8.709118733484262,,,175.2073067484982,,,,,10.188051192507697,,,6.9303311326217445,,,3.415126212097204,,,0.001825596474566272,0.00015553594483293853,5.311920942020246e-05,1.0601128850576604e-05,3.8559791311721,0.08217177819700233,0.7183674133267863,0.0002425332431291628,0.40351076715973144,5.016695011873452,1.0066425870933444,0.9118746403501929,6.665529232176557e-10,0.741437827030613
8e1a015f,0.01114610411834256,14.9,0.13792041766669239,0.23299016436740924,0.3282431197561455,0.0,0.0005956801647684583,0.002738311200387744,0.003111435017789848,0,,,0.13792041766669239,,,0.23299016436740924,,,0.3282431197561455,,,,,0.0005956801647684583,,,0.002738311200387744,,,0.003111435017789848,,,,,0.010914945393985792,,,0.004985000740010961,,,0.024945681060215004,,,,,0.0,,,0.0,,,0.0,,,,,2.769082184904857,,,8.844229732889652,,,59.315253929484506,,,,,9.250390956003296,,,7.491839350167648,,,3.2998512414848102,,,0.0012162819656125411,0.00036313847012328795,8.030218962014701e-05,1.0841583389478063e-05,3.361966984731442,0.04843956763052218,0.8178125868324532,0.00024089896269238842,0.22370046565712404,4.999397464919298,0.9963939685952539,0.8733051012245191,7.778991277365267e-10,0.8265558850953292
7dc6b821,0.03481521295107251,14.9,0.13518846940718054,0.25094660534431673,0.3589457954029535,0.0,0.0020979643267774405,0.00367083112319264,0.01651617565985788,0,,,0.13518846940718054,,,0.25094660534431673,,,0.3589457954029535,,,,,0.0020979643267774405,,,0.00367083112319264,,,0.01651617565985788,,,,,0.02048396605531966,,,0.02388346113537491,,,0.04623809959827514,,,,,0.0,,,0.0,,,0.0,,,,,19.004187593349855,,,7.511793409583578,,,32.25920660522609,,,,,8.575674072998465,,,6.47393941975779,,,2.8380696909002214,,,0.005011164489193262,0.000339629306741755,3.770219385943848e-05,1.7450253785615197e-05,3.3876589997957587,0.28437398188182983,0.7204683695921559,0.00023608060981524965,0.30212704828446574,4.847278234508417,0.94207119843593,0.9600379034697137,5.664096595742007e-10,0.7998878455561953
0b68ddf5,0.21380189324868346,14.9,0.11740868492126716,0.24940417633697506,0.32681043442336843,0.0,0.08644808060633095,0.029618450365908718,0.08230641040477399,0,,,0.11740868492126716,,,0.24940417633697506,,,0.32681043442336843,,,,,0.08644808060633095,,,0.029618450365908718,,,0.08230641040477399,,,,,0.039903047590421625,,,0.03573658562738945,,,0.02452590033661286,,,,,0.0,,,0.0,,,0.0,,,,,32.42417377976717,,,17.332149858067783,,,77.0590462102873,,,,,8.219748573628333,,,6.431186449602908,,,2.8487686792255738,,,0.0015508827159093723,0.00018348297557368008,4.419175877896931e-05,1.4683921738560003e-05,6.083502170124286,0.18233798622308584,0.8116255657944116,0.0002699948476500037,0.11353120682109792,4.917394753940965,1.000726669643032,0.960913115965118,4.72576168461597e-10,0.8458922182267923
5d688b4f,0.032180586225544996,15.0,0.13244550798960375,0.2544012605127793,0.3639227962337154,0.0,0.005160908273555666,0.0017791157572666439,0.008752129275299092,0,,,0.13244550798960375,,,0.2544012605127793,,,0.3639227962337154,,,,,0.005160908273555666,,,0.0017791157572666439,,,0.008752129275299092,,,,,0.026214428124796962,,,0.018754143326333596,,,0.04183809095859679,,,,,0.0,,,0.0,,,0.0,,,,,10.097825666988252,,,14.739521516328907,,,13.952033203707728,,,,,8.364051325876833,,,5.790043753037973,,,2.799792946736336,,,0.0017854425282051326,0.00022046958183314164,7.626685968059377e-05,1.018307147068641e-05,3.1933631362293493,0.1125329628386407,0.8213785042574092,0.00024642399788170734,0.15119222464537002,4.864959583753524,1.0028920437896194,0.8401045641547743,6.046003242739215e-10,0.8413971725495669
16cbd05e,0.05623251960710844,15.0,0.13275562450947923,0.24139230861432917,0.36127992865152986,0.0,0.004995079376718108,0.0035549253649441856,0.030192023341037724,0,,,0.13275562450947923,,,0.24139230861432917,,,0.36127992865152986,,,,,0.004995079376718108,,,0.0035549253649441856,,,0.030192023341037724,,,,,0.022155014518429418,,,0.014544307575605655,,,0.07770717256603502,,,,,0.0,,,0.0,,,0.0,,,,,11.917553110303315,,,16.778931019237042,,,1.549927348363019,,,,,9.795718097585551,,,6.102565679378166,,,3.7883393010299984,,,0.0017965909062926373,0.0004936818747095987,6.787426794752735e-05,1.399085877929895e-05,2.452460722100064,0.07676878412303738,0.7807504638786391,0.00021684716906541325,0.24713934279880517,5.083261600620131,0.977190847007808,0.8805765299199275,6.888334878839565e-10,0.797503909139828
6b785534,0.00910595724872816,15.0,0.14348877861532872,0.24405349304834437,0.3373194670853404,0.0,0.0007451488915509259,0.0011027328820973122,0.0036403737189232756,0,,,0.14348877861532872,,,0.24405349304834437,,,0.3373194670853404,,,,,0.0007451488915509259,,,0.0011027328820973122,,,0.0036403737189232756,,,,,0.012207775321907968,,,0.014850810631728575,,,0.02698286018539649,,,,,0.0,,,0.0,,,0.0,,,,,15.927715756461687,,,16.771480501635992,,,55.7290819596862,,,,,8.924738593646225,,,6.069546927609586,,,3.174230286158737,,,0.0020981565834556817,0.0003869134553786501,5.22377892848908e-05,1.4236896114991275e-05,3.339623630979266,0.23222984815958453,0.7736718027417748,0.000323883878483219,0.17092489659430105,5.374996091497843,0.9643739943845719,0.9092375395032218,6.115631007943534e-10,0.8261545984450107
8613f439,0.06359252521307043,15.0,0.1285459584808817,0.25106660718841545,0.3730896357604394,0.0,0.01057428039862448,6.150397631648718e-05,0.0270630721145365,0,,,0.1285459584808817,,,0.25106660718841545,,,0.3730896357604394,,,,,0.01057428039862448,,,6.150397631648718e-05,,,0.0270630721145365,,,,,0.01016258860538744,,,0.0035072489594121254,,,0.07357047249343517,,,,,0.0,,,0.0,,,0.0,,,,,9.158318171999522,,,1.7878947617977208,,,3.833083103364004,,,,,8.399714593077606,,,6.160535816274925,,,3.0386496038240227,,,0.0016735846644662532,0.0001634279901414824,0.0001364933864166013,1.235430078997122e-05,4.068376697173879,0.04276053761976163,0.883798353459935,0.0002070951804231847,0.15032680781385643,5.053658545832469,0.9778727523244342,0.893430362787456,6.956813253118324e-10,0.8886788185029437
a50a1efa,0.05176010143304436,15.0,0.12982728153812917,0.2584491612662757,0.3550518652220347,0.0,0.006983184392772502,0.00016575197094750057,0.03004656786474508,0,,,0.12982728153812917,,,0.2584491612662757,,,0.3550518652220347,,,,,0.006983184392772502,,,0.00016575197094750057,,,0.03004656786474508,,,,,0.008705242530137906,,,0.005757637900172267,,,0.0775197624670575,,,,,0.0,,,0.0,,,0.0,,,,,19.364466084826592,,,9.759011720293358,,,12.586288626280554,,,,,8.288311149630728,,,6.5545328224015496,,,3.4159751741620212,,,0.0015666530241198607,0.0003764721863995974,3.980673020191866e-05,2.958849422991285e-05,3.395345078124863,0.34131249196349794,0.709419179471517,0.00015048763820250791,0.3174768177444047,4.920804489515035,0.9565372523106467,0.8931005898268013,7.00499756839316e-10,0.8085271015249443
c9a97ed4,1.517443538348904,15.0,0.14740392358859516,0.2485128182665911,0.3080244970948201,0.0,0.0002532790515936194,0.0025324694649679273,1.5134701019249275,0,,,0.14740392358859516,,,0.2485128182665911,,,0.3080244970948201,,,,,0.0002532790515936194,,,0.0025324694649679273,,,1.5134701019249275,,,,,0.007117289534557651,,,0.019712564141833453,,,0.10406632212047412,,,,,0.0,,,0.0,,,0.0,,,,,30.93460512753848,,,18.73737823666623,,,167.78868211564205,,,,,10.115761482908754,,,8.188017610355041,,,4.239206289058167,,,0.0009306673010395998,0.001051550464083369,3.335452135109472e-05,2.718271267933428e-05,4.520900344560297,0.11577233436927656,0.7235004276953995,0.0003018487167368089,0.36409363283696816,5.009953279942612,0.9898860802886479,0.8852807425532029,8.308024643097911e-10,0.7554390785904401
78191a94,0.022183144881288436,15.0,0.14776659181454024,0.2657238684924768,0.37714614614791864,0.0,0.0014335838998706311,0.008687205456148128,0.0021222481176987698,0,,,0.14776659181454024,,,0.2657238684924768,,,0.37714614614791864,,,,,0.0014335838998706311,,,0.008687205456148128,,,0.0021222481176987698,,,,,0.016932713308094666,,,0.041682623372691234,,,0.011927510767982348,,,,,0.0,,,0.0,,,0.0,,,,,21.293154966287137,,,12.64194174801899,,,14.045547026079708,,,,,9.67406965855637,,,6.50451553311826,,,3.21419932506396,,,0.0026823497370428782,0.0001748456148615051,8.412929637506776e-05,1.0742198893680568e-05,3.5339684617357685,0.27373033618043713,0.7953771579060278,0.00026231999047625674,0.2735213371102716,4.993242691327273,0.9971892260153413,0.9466278565321005,7.453683778154236e-10,0.8513090995468167
c3f195e0,0.008984135277193009,15.0,0.14923846647588604,0.25212052023009207,0.3531503426499782,0.0,0.002843840381891211,0.000741838455475601,0.00044768961473285205,0,,,0.14923846647588604,,,0.25212052023009207,,,0.3531503426499782,,,,,0.002843840381891211,,,0.000741838455475601,,,0.00044768961473285205,,,,,0.020096734492111683,,,0.004236881714820272,,,0.009462448041948257,,,,,0.0,,,0.0,,,0.0,,,,,2.9078976147647486,,,7.644902120854935,,,14.250331678538677,,,,,9.14200830641222,,,8.066999739353465,,,3.369294827308571,,,0.0014257399451034112,0.00030376787526525056,0.00010585883708729067,1.0488824155180806e-05,3.243648844124246,0.21016746691325477,0.7208034190497687,0.00028541731327974676,0.24193351154471263,4.670120339373099,1.0155999871129933,0.8996025698662831,7.586656442231969e-10,0.7794093768970154
524c9998,0.05178694514212655,15.2,0.1355366616085464,0.2705261381303846,0.3916637205466106,0.0,0.0029205681150679735,0.0013487052922399783,0.020603775059970207,0,,,0.1355366616085464,,,0.2705261381303846,,,0.3916637205466106,,,,,0.0029205681150679735,,,0.0013487052922399783,,,0.020603775059970207,,,,,0.016474939772210342,,,0.016423795494586373,,,0.013736897445779087,,,,,0.0,,,0.0,,,0.0,,,,,22.424920936873278,,,11.948006033259807,,,12.7233536826832,,,,,9.114520256581326,,,6.36856667537983,,,3.5278208126616795,,,0.0033129425347161704,9.549556833974062e-05,0.00010126108546708757,1.0000008409084522e-05,4.079743604671618,0.3934524500176366,0.7027433962761067,0.0002999594224810449,0.2518160171634596,5.06433079058812,0.9594079505422315,0.8811814534555333,7.987208825923505e-10,0.8196294609555667
6ac841a9,1.0835992181826788,15.2,0.14082361731120352,0.2800053163211618,0.28282844427842446,0.0,0.00759657525552654,0.0005978859850315063,1.062038892398509,0,,,0.14082361731120352,,,0.2800053163211618,,,0.28282844427842446,,,,,0.00759657525552654,,,0.0005978859850315063,,,1.062038892398509,,,,,0.0035276887298493096,,,0.010935135893362334,,,0.040863459891856094,,,,,0.0,,,0.0,,,0.0,,,,,16.008202447486454,,,11.37146066145462,,,151.54610556304067,,,,,8.308612593918811,,,7.589969891383305,,,3.614324940358247,,,0.0017279161803900951,0.0003748381263115582,6.879561245465175e-05,1.3205739899731647e-05,3.436851818579209,0.282495364757087,0.7868708802971595,0.0004888936635659705,0.15868729823228844,4.938316682755064,0.9834591653877577,0.8946766457152004,7.508776729035527e-10,0.8470001816199406
3222c1d4,0.03476338152115123,15.2,0.1407983722630818,0.23356573577131773,0.3309818241738852,0.0,0.002702645555396171,0.0018563939219428326,0.02508972192611746,0,,,0.1407983722630818,,,0.23356573577131773,,,0.3309818241738852,,,,,0.002702645555396171,,,0.0018563939219428326,,,0.02508972192611746,,,,,0.015022090022342319,,,0.011919920949395608,,,0.07083745044271068,,,,,0.0,,,0.0,,,0.0,,,,,9.725445126769161,,,5.089725416786945,,,33.69772313278104,,,,,9.595296027905672,,,5.931359807983414,,,3.2449418200527997,,,0.002231634034140818,0.00013658318973823106,0.0001383366136674292,1.0764794998757877e-05,5.118577355972043,0.3079200395120652,0.5533611414998075,0.0003744745182746164,0.22319586905167996,4.631860032853782,1.0075330365193123,0.8443953476395023,8.845160451899983e-10,0.6908348603426606
e36fcfad,0.04882375705238001,15.2,0.13661807803608234,0.25378166584959383,0.3820041572910037,0.0,0.021629851374094518,0.0021673541279109677,0.002072275710189873,0,,,0.13661807803608234,,,0.25378166584959383,,,0.3820041572910037,,,,,0.021629851374094518,,,0.0021673541279109677,,,0.002072275710189873,,,,,0.019561041130297285,,,0.014449877529869625,,,0.020358171382468874,,,,,0.0,,,0.0,,,0.0,,,,,6.844179489166268,,,2.9930996840439064,,,37.144570142757374,,,,,14.51262484318622,,,7.524942342145453,,,3.3505063571080598,,,0.0019440902073622993,0.0001639582079243797,0.00016199760913535252,1.0752031676795603e-05,3.9373910242808696,0.3693030283931749,0.6983075443681777,0.0002425106582077853,0.07687381256241899,5.115054833294316,1.0125004973206513,0.9199251174488009,9.493990511464665e-10,0.8096536511219464
2607fdad,0.027717912595683188,15.2,0.13751483861612857,0.2505830486884445,0.3493077483693579,0.0,0.0008873412673170691,0.0001623252540989954,0.019252722869094678,0,,,0.13751483861612857,,,0.2505830486884445,,,0.3493077483693579,,,,,0.0008873412673170691,,,0.0001623252540989954,,,0.019252722869094678,,,,,0.013321721114909058,,,0.005697811055115735,,,0.06205275637567549,,,,,0.0,,,0.0,,,0.0,,,,,6.809913169977449,,,15.075613137876461,,,10.011992704416672,,,,,8.904050134984512,,,5.473146809470688,,,2.903150478439257,,,0.0013761418872467901,0.00019714992725960374,0.0001244084274001038,1.3852485619141705e-05,5.14159719186432,0.4506246207223116,0.7821384283477674,0.00014707572529773375,0.057396399895101584,5.28940149819323,0.9771858186682765,0.8770272346333424,6.838506439521637e-10,0.8802340026006866
f7aac216,1.7351988577744413,15.2,0.14200041770856697,0.26077542346520477,0.38621931487005,0.0,1.7062521148016927,0.0002802237717427821,0.009502341196097771,0,,,0.14200041770856697,,,0.26077542346520477,,,0.38621931487005,,,,,1.7062521148016927,,,0.0002802237717427821,,,0.009502341196097771,,,,,0.03635992169773508,,,0.005797536354669128,,,0.04359436017674252,,,,,0.03409957573930998,,,0.0,,,0.0,,,,,171.9542019639918,,,11.427323540464485,,,2.609334306179174,,,,,14.367152093639215,,,6.145764831232086,,,3.658428007635342,,,0.0016371089776804737,0.00019537731042699422,0.00011374661879682597,1.3640627221522507e-05,4.581180985931994,0.2487794545554079,0.8202370239345806,0.0001894965870516222,0.25461703966604654,4.969494083198123,0.9929324236933632,0.8720734906306344,7.888749414035639e-10,0.864876335366999
0ce0e2ef,1.1708998250980132,15.2,0.1396980774715127,0.26184086790211947,0.29285550157522044,0.0,0.00029164403403331954,0.0011643027532994895,1.1661098252419093,0,,,0.1396980774715127,,,0.26184086790211947,,,0.29285550157522044,,,,,0.00029164403403331954,,,0.0011643027532994895,,,1.1661098252419093,,,,,0.007637329821780902,,,0.015259769023805632,,,0.01825676701213831,,,,,0.0,,,0.0,,,0.0,,,,,15.372761425814746,,,3.1852077175125086,,,157.1814004140192,,,,,7.9156510085640885,,,5.862720523070716,,,3.3792007016219716,,,0.0016522653144953705,0.0002473815242955894,9.728996417560006e-05,1.431530386827854e-05,3.349290543374206,0.3297809397088672,0.7638581554215358,0.00019243388489936078,0.24463018042399476,4.972924488087404,0.9443557288092949,0.8637575774271934,6.544843632786979e-10,0.8416568490156648
9f49bf65,0.030792910709888707,15.2,0.14797553861834517,0.2495885094896248,0.37338703932977463,0.0,0.00037016874877812293,0.00034989033503666855,0.016759957890573326,0,,,0.14797553861834517,,,0.2495885094896248,,,0.37338703932977463,,,,,0.00037016874877812293,,,0.00034989033503666855,,,0.016759957890573326,,,,,0.008604286708125467,,,0.008365289415634925,,,0.021551923862435558,,,,,0.0,,,0.0,,,0.0,,,,,3.4426639628869706,,,6.34671644344054,,,28.175422586663267,,,,,9.089405736178966,,,7.100090869546207,,,3.0751337783156645,,,0.00377923857590065,0.00023554147304552704,0.00011733648770248212,1.1680445172196237e-05,1.7812902024637316,0.3273145904115357,0.7100473798851273,0.0004713173798567365,0.23451736376507193,4.710916447957679,1.002594824707944,0.9050273310378313,8.082239608800387e-10,0.8048820982387899
ba9fc331,1.7312506338712463,15.3,0.13568168574478756,0.22854460254987416,0.3630020380824207,0.0,0.003430563639934558,1.700596146781385,0.005506954867834778,0,,,0.13568168574478756,,,0.22854460254987416,,,0.3630020380824207,,,,,0.003430563639934558,,,1.700596146781385,,,0.005506954867834778,,,,,0.02001493729830232,,,0.0010968064236827335,,,0.03318721099410066,,,,,0.0,,,0.0,,,0.0,,,,,16.70496274985519,,,172.43207112654645,,,8.86691272240857,,,,,10.420208206384332,,,7.204978670763873,,,3.0553984064522695,,,0.002014124917435798,0.00025155066375754303,0.00015668069529889195,1.2353763519370182e-05,4.6039607873070185,0.40281190514962006,0.7633663970192678,0.0001604454682428224,0.05463480758328234,5.16911408471648,0.956215455326271,0.897013669551241,7.998042568716954e-10,0.8586088928186535
cb0611de,0.048527145637121516,15.3,0.13029915251917662,0.24081202232686816,0.3744900827880174,0.0,0.007970656591322737,0.0007087507447883621,0.012251810317520206,0,,,0.13029915251917662,,,0.24081202232686816,,,0.3744900827880174,,,,,0.007970656591322737,,,0.0007087507447883621,,,0.012251810317520206,,,,,0.022406186424812624,,,0.011905887155423255,,,0.0015447199563178035,,,,,0.0,,,0.0,,,0.0,,,,,7.14656802449166,,,1.8891875817315364,,,11.514373697913896,,,,,8.991148417082623,,,6.372976971242216,,,3.19410266085379,,,0.0026567235884204883,0.00028830758567528726,0.00012133407813700564,1.4755719145414305e-05,2.63687049581734,0.5076371572543084,0.736055563248189,0.00024323962220700217,0.07984574788055,4.913757562366815,0.9898985004966048,0.902643853487051,7.080521497117991e-10,0.869969961237643
063cf2b3,0.024238798197984794,15.3,0.1335600506199173,0.24380112570304513,0.3611872604520091,0.0,0.0007820571879208826,0.0011073875674685076,0.0061039263492994305,0,,,0.1335600506199173,,,0.24380112570304513,,,0.3611872604520091,,,,,0.0007820571879208826,,,0.0011073875674685076,,,0.0061039263492994305,,,,,0.007385359634272255,,,0.014882120598009597,,,0.03493973769019862,,,,,0.0,,,0.0,,,0.0,,,,,6.895505030366969,,,6.656741383479804,,,2.9412937117703013,,,,,9.331504327193311,,,6.7004532681287605,,,3.483122512486864,,,0.0028849774058906704,0.0001798283139585153,0.0001368161882552954,1.4351451971202176e-05,2.573657106368092,0.4592984729367329,0.7072166783171464,0.00012309570193534658,0.24161743458440643,5.008775975413662,0.9574445362420269,0.8944652407058512,8.05356130475745e-10,0.8416208891995937
e24065e2,0.07139225389693565,15.3,0.12488060062725168,0.24544822915874304,0.38348354077071384,0.0,0.029516465636890983,0.0025660207432590485,0.0007152741890649281,0,,,0.12488060062725168,,,0.24544822915874304,,,0.38348354077071384,,,,,0.029516465636890983,,,0.0025660207432590485,,,0.0007152741890649281,,,,,0.032577194078776454,,,0.022654009549124183,,,0.011960553407471814,,,,,0.0,,,0.0,,,0.0,,,,,36.24385579076938,,,14.892220272301817,,,4.832413626203758,,,,,7.6535309658129735,,,5.435155238362751,,,3.070137412025081,,,0.0032315424098005737,0.0003419471533630046,0.00011637164716696322,1.2643685630830389e-05,5.029875333351812,0.5479927349084784,0.5449785328880474,0.0002523141155820404,0.23793417592692567,4.896891762919091,0.9184151451006745,0.8343953785579221,6.972128595072344e-10,0.7942724932395058
9f75c798,0.07036580285787647,15.3,0.1234005410640082,0.24910207436762588,0.35972402710406814,0.0,0.0327491562575046,0.0011203684717021715,0.012633115080066839,0,,,0.1234005410640082,,,0.24910207436762588,,,0.35972402710406814,,,,,0.0327491562575046,,,0.0011203684717021715,,,0.012633115080066839,,,,,0.014807931066973973,,,0.005667865199141499,,,0.050265525124217766,,,,,0.0,,,0.0,,,0.0,,,,,5.8811768560568245,,,4.766445239640634,,,11.466866507170861,,,,,8.852765131229026,,,7.5910990672304575,,,3.071790299531961,,,0.0021691884678404294,0.00021797578869156564,0.00012938117759653343,1.4530920908789303e-05,3.436703868630863,0.510991218136012,0.6992895203133288,0.00016284072776908407,0.10564972593178396,5.008001797788306,0.9737268689969243,0.8513505372081037,7.917397242512725e-10,0.8528800056826541
d823df2c,0.014223587226640811,15.3,0.13308772009691738,0.24802637997348484,0.307539608470212,0.0,0.0015075063536639426,0.0068914012422706065,0.004991239970458791,0,,,0.13308772009691738,,,0.24802637997348484,,,0.307539608470212,,,,,0.0015075063536639426,,,0.0068914012422706065,,,0.004991239970458791,,,,,0.011581536060486963,,,0.03712519694835465,,,0.03159506281196096,,,,,0.0,,,0.0,,,0.0,,,,,9.281742402671599,,,6.9353034307452575,,,11.828047364163686,,,,,8.319829505656045,,,6.991611574484825,,,3.1229670325188623,,,0.0009191826924643093,0.00034486439080109375,7.958117698868434e-05,1.2873785899905233e-05,2.766918696574588,0.2577576289832827,0.68912537645261,0.00019909642883218873,0.18539321432327688,5.285222872208085,0.9757734701340511,0.8966528920463416,6.005617826017278e-10,0.7691867697916105
1d638613,2.783022797600892,15.3,0.10082416878911825,0.24736239470201968,0.29363433815156026,0.0,1.4051894408733359,0.000767778924268312,1.351221493033269,0,,,0.10082416878911825,,,0.24736239470201968,,,0.29363433815156026,,,,,1.4051894408733359,,,0.000767778924268312,,,1.351221493033269,,,,,0.006976253343344595,,,0.012391762782334982,,,0.02300698786522213,,,,,0.0,,,0.0,,,0.0,,,,,149.01136418432043,,,5.907191890242873,,,161.13803250075418,,,,,7.339078776522422,,,6.489933225513497,,,3.6357105423830824,,,0.003203294710997751,8.250760491367201e-05,0.0001930127220444796,1.6668749410573257e-05,6.273347224436398,0.5152270073979837,0.6029235830350753,0.00012200672212961232,0.056151334500872084,5.202696082768675,0.9961205517291462,0.9212785490688303,6.469661048876931e-10,0.8074477846979239
af81d021,1.3422856209015082,15.3,0.15315938770131807,0.2658929214864452,0.29221908283939557,0.0,0.006327816808987417,0.0011012792487172178,1.327312575820184,0,,,0.15315938770131807,,,0.2658929214864452,,,0.29221908283939557,,,,,0.006327816808987417,,,0.0011012792487172178,,,1.327312575820184,,,,,0.01972377457175399,,,0.014841019161211387,,,0.02811086057975656,,,,,0.0,,,0.0,,,0.0,,,,,29.039509114322698,,,2.204248480574963,,,163.53370434115087,,,,,9.347717505920281,,,5.752883154760099,,,3.3174236030316764,,,0.0017226001811458096,0.0002592824177759786,0.00012936818141195738,1.6483195802619684e-05,5.57455703057052,0.3920669099761009,0.7147635158700342,0.0002708094180705572,0.13207281448392708,5.150524994343037,0.9714833293121959,0.8887070828833596,6.769371506986373e-10,0.82652382646373
b820d086,0.14763414477144698,15.5,0.11607085561298855,0.21560772550088464,0.3283359359565599,0.0,0.08598449431070168,0.034924048874571824,0.00813824979574813,0,,,0.11607085561298855,,,0.21560772550088464,,,0.3283359359565599,,,,,0.08598449431070168,,,0.034924048874571824,,,0.00813824979574813,,,,,0.013335839935175387,,,0.009463284015839022,,,0.04034414405027855,,,,,0.0,,,0.0,,,0.0,,,,,4.171044038288044,,,2.2273915799986543,,,4.645462827815337,,,,,8.367003077983783,,,6.405151644021017,,,3.1994105068413425,,,0.0022265411259506256,0.00021089202222439793,0.00011856764219900967,1.630788075518171e-05,2.498705764643536,0.36622133169277743,0.574986434865784,0.00018977591173978238,0.144259774840725,5.0364557375298675,0.988283976752473,0.9101192114199808,6.275878994462372e-10,0.7305779700332451
bb7e8a3e,0.013145462795367529,15.5,0.1368039194910428,0.250161730642153,0.33922712767469687,0.0,0.0010985975243529775,0.003869465301829593,0.003493472301239803,0,,,0.1368039194910428,,,0.250161730642153,,,0.33922712767469687,,,,,0.0010985975243529775,,,0.003869465301829593,,,0.003493472301239803,,,,,0.013671944938118555,,,0.027599844939312265,,,0.026432829213838625,,,,,0.0,,,0.0,,,0.0,,,,,10.856930292995887,,,4.61583403245936,,,14.273831088848077,,,,,10.339714393311514,,,5.878656860019589,,,2.872570630360542,,,0.0006780619810773825,0.0004974582824767178,0.00014961851714514576,1.1426611829251271e-05,3.935581481148229,0.3474624896056593,0.6515298979495727,0.00018887332519228802,0.11790023644474153,5.01876137556057,0.9978956131105337,0.8609439402139846,6.870971484781045e-10,0.7725450341713573
548a609d,0.032121047240185954,15.5,0.1412253295077779,0.24867863628626605,0.32310182514073943,0.0,0.003872507284845466,0.0014502513011629779,0.026119438817484467,0,,,0.1412253295077779,,,0.24867863628626605,,,0.32310182514073943,,,,,0.003872507284845466,,,0.0014502513011629779,,,0.026119438817484467,,,,,0.009497404036109228,,,0.01703086199323439,,,0.07227646756377136,,,,,0.0,,,0.0,,,0.0,,,,,21.66094850712932,,,11.875743241836938,,,10.772630705944712,,,,,9.439757915200857,,,7.411156819657545,,,2.7741343991356584,,,0.0018156771996476627,0.00042414756744564125,9.683284606383806e-05,1.693491175238995e-05,3.5492081047439696,0.335111072287333,0.7145368941350311,0.00014884052805502472,0.24349515323588783,5.41852445552676,1.0230033734782125,0.8869838921625111,6.654377599784999e-10,0.8101272879504998
e606ad91,0.02856766743064346,15.5,0.14080262535111354,0.269175990528361,0.37676634054266844,0.0,0.00209065795711711,0.005244481894875554,0.007376730200978414,0,,,0.14080262535111354,,,0.269175990528361,,,0.37676634054266844,,,,,0.00209065795711711,,,0.005244481894875554,,,0.007376730200978414,,,,,0.020448266220475075,,,0.032386669772841895,,,0.03841023353477147,,,,,0.0,,,0.0,,,0.0,,,,,10.799833239816625,,,8.197181556286706,,,7.76419645505516,,,,,8.335387560709387,,,6.559648599010714,,,2.856215918464987,,,0.0010310905241758734,0.00030773150242635177,5.627449257243669e-05,1.1066107387224195e-05,2.6024906624243056,0.3749154038257167,0.7662483115202926,0.0003025746972810967,0.1542402883119832,5.162732673444037,1.0094640562802377,0.8985047988136331,6.136654323251662e-10,0.8538087953704532
0de9a973,0.40460539841090126,15.5,0.10993122055463911,0.19156334501255004,0.3339572760380903,0.0,0.1939885817353656,0.16532127517881692,0.00897638522693909,0,,,0.10993122055463911,,,0.19156334501255004,,,0.3339572760380903,,,,,0.1939885817353656,,,0.16532127517881692,,,0.00897638522693909,,,,,0.015089807011702766,,,0.017662148385387273,,,0.04237070975789547,,,,,0.0,,,0.0,,,0.0,,,,,18.185056326793614,,,11.829190301114586,,,14.523728720548373,,,,,15.667154325190033,,,7.579962501635096,,,3.8861658936965333,,,0.0012166153641901723,0.00026710990698898865,0.00011953563262737533,1.1931749227335605e-05,1.5863357452030968,0.37651631397621416,0.5874187084994014,0.00019245412575026586,0.03707015122441571,5.244004697321082,0.9903571027249286,0.8709368868381101,9.460111160240498e-10,0.7427035537199027
ef9ff75f,0.09836799112420593,15.5,0.12613066656996033,0.21115872338002029,0.26395664039766387,0.0,0.019293357394649907,0.05042367795472029,0.02768744926322952,0,,,0.12613066656996033,,,0.21115872338002029,,,0.26395664039766387,,,,,0.019293357394649907,,,0.05042367795472029,,,0.02768744926322952,,,,,0.015962456739387284,,,0.003553455029650605,,,0.019715590337110577,,,,,0.0,,,0.0,,,0.0,,,,,6.766227054318273,,,6.279256760749505,,,8.228707555198701,,,,,10.5274255036099,,,7.588154575362915,,,4.677128396248573,,,0.002607854177041155,0.00014437130924026584,0.00011905146450515118,1.0952760317390323e-05,3.2042140479680192,0.2520156345549865,0.5643795469081823,0.00021663183506334438,0.14803157714698323,5.037066893691502,1.0067477441153292,0.9263949218128864,8.494714176474695e-10,0.6741062738645567
7d841ac2,1.545648098373038,15.5,0.138584817905791,0.2229887334983104,0.2752114739721194,0.0,0.002800503314676522,0.015416029208887808,1.5237587827741481,0,,,0.138584817905791,,,0.2229887334983104,,,0.2752114739721194,,,,,0.002800503314676522,,,0.015416029208887808,,,1.5237587827741481,,,,,0.016511187069288013,,,0.005855512998743385,,,0.05611435880079114,,,,,0.0,,,0.0,,,0.0,,,,,7.623253953539274,,,2.358263839162539,,,170.19431730659085,,,,,10.073829388628747,,,9.350949541225136,,,3.6014521679828504,,,0.0008861143660556643,0.0002645928660684314,6.68215250526223e-05,2.5587026843568456e-05,1.9292105040258012,0.21786230842453072,0.7129764201087385,0.00024624982182946205,0.294920183108092,5.176635798604696,1.0038243195207643,0.8686952113549484,7.999823108428227e-10,0.7754367421541106
cc34a2ec,0.06905195851615337,15.5,0.13314608092875582,0.23056063379133304,0.33476495026340086,0.0,0.0019492809834199766,0.015162107439158929,0.043585620238497394,0,,,0.13314608092875582,,,0.23056063379133304,,,0.33476495026340086,,,,,0.0019492809834199766,,,0.015162107439158929,,,0.043585620238497394,,,,,0.004162332942120741,,,0.026052090095522912,,,0.09336553993684972,,,,,0.0,,,0.0,,,0.0,,,,,16.724192876413863,,,4.693240951179104,,,29.77504158485768,,,,,7.425324827785562,,,7.466419667016342,,,2.8378987008711105,,,0.0018823243896491128,0.00035305712645938023,0.00013093592527792944,1.3029880519368573e-05,2.21842255944245,0.3967555147293034,0.7086186077629292,0.0001573848105354571,0.20146955867925553,4.9425210979083865,0.9738269535588914,0.8830474543568627,6.126119369287799e-10,0.8241549201617131
ceba7ece,0.017194492718144737,15.6,0.13168387584532434,0.2395542894386937,0.3349379115992051,0.0,0.007513142289868225,0.0014487330301908331,0.0012243430462353612,0,,,0.13168387584532434,,,0.2395542894386937,,,0.3349379115992051,,,,,0.007513142289868225,,,0.0014487330301908331,,,0.0012243430462353612,,,,,0.030667350253154348,,,0.011046141882511771,,,0.011452679177083758,,,,,0.0,,,0.0,,,0.0,,,,,9.647586168536765,,,9.29826595268874,,,4.330846358615867,,,,,10.72211311741866,,,6.992449963710565,,,3.2850985442067233,,,0.0021648659390800145,0.0003690284743289287,8.934013440495058e-05,1.0000024242543375e-05,2.028435697747982,0.34912060980520454,0.7323352385872366,0.00020885077990461429,0.10782156690100492,4.70889192516502,1.0174834867381457,0.8806687720161621,7.206763461607875e-10,0.8257092897911664
65c39cbe,0.038469207000310916,15.6,0.13057552952933257,0.24975679595872066,0.3751832854238398,0.0,0.00814088590024406,0.00106607864442643,0.0039139249517839755,0,,,0.13057552952933257,,,0.24975679595872066,,,0.3751832854238398,,,,,0.00814088590024406,,,0.00106607864442643,,,0.0039139249517839755,,,,,0.0215277250980021,,,0.014601908398743159,,,0.027488192668031666,,,,,0.0,,,0.0,,,0.0,,,,,10.260199443775912,,,7.12881667270056,,,11.07925374899387,,,,,7.026982883032919,,,6.597141946395004,,,2.904683668728502,,,0.000923227682936033,0.0005243087950402653,0.0001021577967781109,1.2085058833249003e-05,3.173588256553793,0.48960213536092934,0.7216838399487772,0.00018421496151252025,0.2606089443788345,4.934759629719808,0.9535459544452123,0.8600740303389557,6.710821290354968e-10,0.8578758578313151
4e184fbc,0.026914491863937524,15.6,0.13209024904437983,0.24873492360814684,0.35541910017608763,0.0,0.01265708020400008,0.0005072526133897705,0.00025088663905019554,0,,,0.13209024904437983,,,0.24873492360814684,,,0.35541910017608763,,,,,0.01265708020400008,,,0.0005072526133897705,,,0.00025088663905019554,,,,,0.03821175580492135,,,0.01007226502222584,,,0.0070835956836933535,,,,,0.0,,,0.0,,,0.0,,,,,4.661864730648589,,,18.39205448968323,,,6.8074223317656495,,,,,7.6056817900954234,,,5.898863910932412,,,2.7540871260091286,,,0.0013118133301709784,0.0004674583693324886,8.6390014798848e-05,1.3883029850400017e-05,2.5944576869658347,0.49946207379036367,0.689231056687639,0.00017935547913549234,0.08769745294549315,5.100241689655223,0.9409001269988791,0.8910137979934142,5.211170294671301e-10,0.844379434478402
52cc85e5,0.019725233023266987,15.6,0.1397972428842855,0.23493825159894147,0.309280200103707,0.0,0.009065879513975974,0.002209786395924931,0.00727510243842072,0,,,0.1397972428842855,,,0.23493825159894147,,,0.309280200103707,,,,,0.009065879513975974,,,0.002209786395924931,,,0.00727510243842072,,,,,0.03011135637587608,,,0.018432624841453193,,,0.03814473079842279,,,,,0.0,,,0.0,,,0.0,,,,,0.9755634313878024,,,12.739467958514497,,,45.10860298201058,,,,,8.075952717089294,,,7.1869913527565,,,3.1396457817444654,,,0.001573142047582216,0.0005499170984713986,8.966982635259816e-05,1.2014834181370747e-05,4.329372557209963,0.3327307087340298,0.6829542957927611,0.00020618349176177938,0.16148657570848252,5.074085034381855,1.0595659815641292,0.8412495206414986,7.615356255705449e-10,0.788376842225136
3e9b2ab5,0.20110932036304016,15.6,0.10929808740773538,0.24789419254830694,0.3248334357594649,0.0,0.15289943354042157,0.00809547423443546,0.015784537308034502,0,,,0.10929808740773538,,,0.24789419254830694,,,0.3248334357594649,,,,,0.15289943354042157,,,0.00809547423443546,,,0.015784537308034502,,,,,0.008611662094857652,,,0.04023797766895215,,,0.056186363662430586,,,,,0.0,,,0.0,,,0.0,,,,,8.376823159114364,,,14.240301396395537,,,10.69384361155747,,,,,7.625545276914498,,,6.282956691918475,,,2.684851863704968,,,0.0006406372986987184,0.0002615332111228817,0.000183086977938469,1.383057331323317e-05,3.3710293761752492,0.5961342321004577,0.6055589977435073,0.00013585066600667683,0.041366287709792685,5.0301411892778285,1.0128831100889208,0.8368979106276263,6.558568524155492e-10,0.8406382258328421
5e690b1b,0.1939602623787631,15.6,0.14282692729042812,0.2542898667842845,0.31489094885039964,0.0,0.18480353875806205,0.0030688160067887816,0.006082395627714524,0,,,0.14282692729042812,,,0.2542898667842845,,,0.31489094885039964,,,,,0.18480353875806205,,,0.0030688160067887816,,,0.006082395627714524,,,,,0.017859218839305094,,,0.024774244718210006,,,0.017447438497828843,,,,,0.0,,,0.0,,,0.0,,,,,48.788207153434136,,,12.304232535924568,,,11.571570125751926,,,,,8.962396100424575,,,6.0094180841041,,,3.0118429375593045,,,0.0005541931504224509,0.00030263410228099707,4.801665417637488e-05,1.0568906696765443e-05,3.0250635021649575,0.38319013113501693,0.7052951474697788,0.00015060861307991162,0.07687814942174478,5.3426325423229954,1.0103340773568183,0.8722782760410792,7.498107367298764e-10,0.8181526090422131
6c30cd77,0.014743760565582055,15.6,0.13607763215850624,0.23378371356238864,0.3227623434239883,0.0,0.0024820659641203004,0.003851133044343855,0.005048127885416551,0,,,0.13607763215850624,,,0.23378371356238864,,,0.3227623434239883,,,,,0.0024820659641203004,,,0.003851133044343855,,,0.005048127885416551,,,,,0.022280331972932093,,,0.02775295675903328,,,0.03177460585252491,,,,,0.0,,,0.0,,,0.0,,,,,1.1711112604367642,,,16.781087070939748,,,15.903630186829162,,,,,9.060264977676601,,,6.05777995178344,,,3.285178331077742,,,0.0008676801964123959,0.0002630164474677745,0.00016371173276273965,1.1377372420377507e-05,5.598549022749812,0.39852140103532485,0.6615741357894198,0.00017969123266749752,0.18190169781640045,5.216907928760986,1.0103058410434462,0.8818586445387999,7.086759060476043e-10,0.796377927927632
c2ba047f,0.039567912495416836,15.6,0.12763645546037747,0.24327670456803785,0.3522712389588298,0.0,0.013081223669142892,0.0003765587063644226,0.0097838023276032,0,,,0.12763645546037747,,,0.24327670456803785,,,0.3522712389588298,,,,,0.013081223669142892,,,0.0003765587063644226,,,0.0097838023276032,,,,,0.024471975986442063,,,0.00867823376459084,,,0.04423528529941499,,,,,0.0,,,0.0,,,0.0,,,,,8.393098024578531,,,11.970214698803844,,,20.257473690576774,,,,,8.221258421859794,,,6.129520371631372,,,3.1869084482512875,,,0.001210231295271501,0.000279288335200359,0.0002103654157238611,1.8123031701371413e-05,4.051520769352973,0.5355882432461062,0.6874282302294554,0.00010801744322773737,0.04020272338147763,5.455239066267024,0.9623148079578309,0.882710441774038,5.928733766991821e-10,0.8547692524661648
344b2444,0.021895005748489148,15.8,0.1331300522780004,0.2487438956106552,0.34838770312712775,0.0,0.0057903760801820215,0.002491936493748045,0.003801359653353678,0,,,0.1331300522780004,,,0.2487438956106552,,,0.34838770312712775,,,,,0.0057903760801820215,,,0.002491936493748045,,,0.003801359653353678,,,,,0.0062360343733732365,,,0.022324589553888982,,,0.02757302904417169,,,,,0.0,,,0.0,,,0.0,,,,,2.428511637660322,,,7.2862433879905515,,,9.841259927173404,,,,,10.810361730514726,,,6.069938403138159,,,3.343984293232024,,,0.0017672084371024737,0.0002283332733884474,0.00016996478535911857,1.0448114781452215e-05,3.648533813385323,0.4752107669461464,0.6451437067135579,0.00014687237061230098,0.06503011790786753,5.2709304030087045,0.967536232599437,0.9083526897453655,7.464620552021444e-10,0.8137107236312033
e53d16b4,1.7881849548998123,15.8,0.10412613548993063,0.21274572496817484,0.31606296833439546,0.0,1.7128584598418997,0.045588363992003104,0.0063447550235959,0,,,0.10412613548993063,,,0.21274572496817484,,,0.31606296833439546,,,,,1.7128584598418997,,,0.045588363992003104,,,0.0063447550235959,,,,,0.03156412758113434,,,0.014394633859486056,,,0.035622338563311366,,,,,0.0,,,0.0,,,0.0,,,,,169.79833626158495,,,9.823898478887937,,,14.288962417675314,,,,,9.492381245835428,,,5.837312330639121,,,2.703265271528042,,,0.0016943270351315873,0.0004281255852644514,8.03218653621222e-05,1.022226031081902e-05,3.9739801613889894,0.28355279669092237,0.5777029230272487,0.00023050574861190122,0.15814602715548726,4.5750709701761245,1.0695140981861406,0.831529891261542,7.042998151059496e-10,0.6973886699449714
4be419a5,0.02002682297702177,15.8,0.13362693056077904,0.24073210205640336,0.3452573189269951,0.0,0.0021798874879686843,0.005487201786563797,0.00271442212705738,0,,,0.13362693056077904,,,0.24073210205640336,,,0.3452573189269951,,,,,0.0021798874879686843,,,0.005487201786563797,,,0.00271442212705738,,,,,0.017985041131656734,,,0.03312763736388032,,,0.02329988037332973,,,,,0.0,,,0.0,,,0.0,,,,,6.030069102985536,,,14.662487688444102,,,13.387166723925183,,,,,7.654421090081537,,,5.801935113389845,,,2.7685989829042463,,,0.0008624876513847132,0.0004923562317935545,0.00013729968804248953,1.091000588691954e-05,4.396903651617239,0.41960662012346556,0.6969432113963977,0.00019969341109012304,0.28819821691606096,4.912267073354945,0.9925230957033504,0.8332087077807121,5.817646286673006e-10,0.8240381518466872
7f666987,0.016004784433373644,15.8,0.1394871555890445,0.25651118451076194,0.3545673953566666,0.0,0.003223595862158675,0.0026410078312362755,0.0027534410390817046,0,,,0.1394871555890445,,,0.25651118451076194,,,0.3545673953566666,,,,,0.003223595862158675,,,0.0026410078312362755,,,0.0027534410390817046,,,,,0.021524160249762517,,,0.02298263619011655,,,0.023466746852010417,,,,,0.0,,,0.0,,,0.0,,,,,8.015594587794203,,,3.986434184623683,,,6.0564864924123905,,,,,9.585977681403438,,,6.3195971073097335,,,2.9859219238702837,,,0.0027041851797147075,0.0002971827730653602,0.0001411849346131843,1.2129507467392679e-05,3.742995375618624,0.3625354098914736,0.7349533573418563,0.00021781194394750953,0.23025938683069672,5.088502211308317,1.0009781639244422,0.9378397821741886,5.77186902955531e-10,0.8309686552425513
12c5d27c,1.3688135292077996,15.8,0.14915914075750908,0.26947587603018236,0.28569528830445756,0.0,0.00011123669198712205,0.0014554360024635264,1.358180336012492,0,,,0.14915914075750908,,,0.26947587603018236,,,0.28569528830445756,,,,,0.00011123669198712205,,,0.0014554360024635264,,,1.358180336012492,,,,,0.004716708428281783,,,0.017061277809493205,,,0.01690060038511307,,,,,0.0,,,0.0,,,0.0,,,,,13.443522158681732,,,3.389032192513672,,,158.55290657620714,,,,,8.293971051844423,,,5.987944233337649,,,3.1658964359384187,,,0.001533433880786277,0.00029553428723483213,0.00021475228697256035,1.071675535476887e-05,3.3312560961818978,0.4965606160907938,0.7423558015214016,0.000289384674628943,0.19682244284507724,5.186316089101068,1.0294523077707425,0.897719395096871,6.926246912085011e-10,0.8702175278700011
ed42aa4f,0.006886428932204474,15.8,0.13367984243706071,0.23344544979101745,0.309853995758434,0.0,0.0008004781128205136,0.0016459228497393793,0.003146965120109489,0,,,0.13367984243706071,,,0.23344544979101745,,,0.309853995758434,,,,,0.0008004781128205136,,,0.0016459228497393793,,,0.003146965120109489,,,,,0.0074176619837861045,,,0.013593108985147286,,,0.025087706631374215,,,,,0.0,,,0.0,,,0.0,,,,,8.66197133968268,,,7.757790103118331,,,11.551600470763692,,,,,8.152402452509909,,,6.14399300299879,,,3.3191042720106316,,,0.0010525627803890409,0.0003554884585816191,0.00014251555104397926,1.1981719346436414e-05,4.381763765678954,0.47076518240188725,0.56989023189665,0.00020605974478039174,0.04383706190565842,4.8804017171911385,1.0392065726419115,0.8763094360190042,6.737581886271154e-10,0.7723139463074673
76318962,0.0450373180012365,15.8,0.1295344790570195,0.23381532632643612,0.35973617785297596,0.0,0.010397743343325758,0.009706500963438214,0.003735627775842186,0,,,0.1295344790570195,,,0.23381532632643612,,,0.35973617785297596,,,,,0.010397743343325758,,,0.009706500963438214,,,0.003735627775842186,,,,,0.016767768628008196,,,0.04132074712025715,,,0.02733359755261713,,,,,0.0,,,0.0,,,0.0,,,,,8.430840813369882,,,14.84963551849328,,,10.590473121032407,,,,,7.996503951008841,,,5.911164222667405,,,2.4781101767825855,,,0.001973202392984889,0.0003278342376296516,0.0002558372519761206,1.1758160612064985e-05,5.410494509020189,0.5683696838852795,0.7824008645898575,0.00012991942058577827,0.01240476995182338,5.052034006807082,1.0049191728292508,0.8282234644453383,7.108260561515753e-10,0.9059993763101714
3922bca5,0.014782814353934198,15.8,0.1448500912443545,0.2684129329471534,0.35605141740076657,0.0,0.00015548998262676267,0.00013117756552320407,0.010334029609049252,0,,,0.1448500912443545,,,0.2684129329471534,,,0.35605141740076657,,,,,0.00015548998262676267,,,0.00013117756552320407,,,0.010334029609049252,,,,,0.0055765577667009365,,,0.005122061411642857,,,0.020648588596541697,,,,,0.0,,,0.0,,,0.0,,,,,12.726102626711688,,,10.653959691872727,,,24.467106069880394,,,,,8.485702016352258,,,7.151460199170838,,,3.231053646161046,,,0.0025939622656229303,0.00014831937533067805,0.00023635519553002782,1.3234023014385676e-05,2.5982062119213234,0.41839631029173396,0.773193895811632,0.00027849046535185584,0.12963396840601984,5.6123495020236,0.9722407013042014,0.9295196395439743,7.441538798672717e-10,0.8680114135661066
36b73ac2,0.04454470788159638,15.9,0.12634999781796505,0.25505453970154596,0.3535851611357157,0.0,0.01785421597629219,0.0005441731299482463,0.008816611605804364,0,,,0.12634999781796505,,,0.25505453970154596,,,0.3535851611357157,,,,,0.01785421597629219,,,0.0005441731299482463,,,0.008816611605804364,,,,,0.02724160784631748,,,0.010432383523895642,,,0.020342395373900386,,,,,0.0,,,0.0,,,0.0,,,,,22.49297678233727,,,7.94918869491767,,,29.30417511557656,,,,,9.00848768186108,,,7.544289021665018,,,3.122522353101984,,,0.0005747458818154404,0.00039237196409958833,0.00014574065605686253,1.2602545996271931e-05,2.7076897242728477,0.3367894045163916,0.7446720270973449,0.0002220042206360443,0.047291292487839816,5.240076244702614,1.0473465745733324,0.8926247037064533,6.833158995914187e-10,0.8305893158448978
e3be1a04,0.014870177291033335,15.9,0.13616176369275007,0.25683721508667123,0.35853225944858247,0.0,0.0008841545346199034,0.0004363728532802058,0.0026822162145715414,0,,,0.13616176369275007,,,0.25683721508667123,,,0.35853225944858247,,,,,0.0008841545346199034,,,0.0004363728532802058,,,0.0026822162145715414,,,,,0.008251266858361085,,,0.009342085990614792,,,0.023161244416358726,,,,,0.0,,,0.0,,,0.0,,,,,32.277240348449794,,,7.1646817484335426,,,7.474520291041321,,,,,11.326203288136815,,,6.311038239857849,,,3.0935271202318333,,,0.0012110734197240953,0.0004069298920270658,0.00014073657704160764,2.0007924004032213e-05,3.185342395781258,0.5080715159665578,0.6881985977170351,0.0002964167169092466,0.11022378627951317,4.91175022262337,1.0530438483708637,0.9325108560715422,7.112229138796297e-10,0.8465471889956679
0fa5c2f4,0.07380610784038613,15.9,0.15398995350703323,0.251358799964826,0.36205246824063564,0.0,0.0008982870131648687,0.0014056639224939804,0.06385300969259106,0,,,0.15398995350703323,,,0.251358799964826,,,0.36205246824063564,,,,,0.0008982870131648687,,,0.0014056639224939804,,,0.06385300969259106,,,,,0.013403633933861882,,,0.016767014776005777,,,0.03348291968402672,,,,,0.0,,,0.0,,,0.0,,,,,2.4436640549133775,,,12.064009895332337,,,49.25880251641624,,,,,9.217062140906206,,,6.213607923765906,,,3.4383072655253244,,,0.001785543779985675,0.00026469746066527523,9.42929326395161e-05,1.005244797335094e-05,3.914863101340712,0.31549976506213434,0.6979314556808924,0.00025406089633258884,0.21537108296232144,4.971657224318515,1.0024751358978374,0.9121760655965542,7.35055608487427e-10,0.7931642173006637
a8968def,0.023077563779541795,15.9,0.1300292889178098,0.24000546271787435,0.323935505896891,0.0,0.006942360071314343,0.00022441145839575456,0.011476122126406064,0,,,0.1300292889178098,,,0.24000546271787435,,,0.323935505896891,,,,,0.006942360071314343,,,0.00022441145839575456,,,0.011476122126406064,,,,,0.014326320690340762,,,0.0049961685549987705,,,0.047908500553463504,,,,,0.0,,,0.0,,,0.0,,,,,36.02954116359573,,,9.895082293584542,,,6.979831194972519,,,,,8.21905454126728,,,5.85864687662738,,,3.0471776308620986,,,0.0014284594930927127,0.00021509348532647082,0.0001878018259470467,1.2154411977384057e-05,3.0306773316483584,0.43064032176853634,0.6515069971929027,0.0001621667775051776,0.11082491855398088,5.1946340946906036,1.03525712613106,0.8706731895266948,6.513542726849347e-10,0.8015169853561153
6f2976ab,0.03733019193629904,15.9,0.12967233997146324,0.2431571495940494,0.359932901197925,0.0,0.01002307501006711,0.004475621670972898,0.004174769479586526,0,,,0.12967233997146324,,,0.2431571495940494,,,0.359932901197925,,,,,0.01002307501006711,,,0.004475621670972898,,,0.004174769479586526,,,,,0.021431495170097424,,,0.029918628548023046,,,0.02889556879380133,,,,,0.0,,,0.0,,,0.0,,,,,5.395442278553347,,,1.7099672637344447,,,19.781831735674704,,,,,10.880783440999405,,,6.7416936666633935,,,3.1190886316470237,,,0.0021439414887668086,0.00016588297613569214,0.00013955930131393703,1.2598758650484173e-05,2.7808534289208433,0.49112235659178244,0.7027589572867441,0.00035395257669756605,0.023270136817408305,5.257950776318941,0.9845856672591631,0.8689845070336766,7.084419834522922e-10,0.8486704027641483
42b2b6ae,0.12255581290191325,15.9,0.12009545045286803,0.27261188806050385,0.385605812967051,0.0,0.05188409769861016,0.00027023537325021493,0.02450010954575839,0,,,0.12009545045286803,,,0.27261188806050385,,,0.385605812967051,,,,,0.05188409769861016,,,0.00027023537325021493,,,0.02450010954575839,,,,,0.0017691281645052024,,,0.007351671554826357,,,0.06954620377845368,,,,,0.0,,,0.0,,,0.0,,,,,25.926261349358157,,,2.338624016955301,,,18.234447888595515,,,,,8.668176592600615,,,6.274076743861783,,,2.713841782479115,,,0.0014131288638744527,0.00020813779798659285,0.0002847428733631659,2.072927804350963e-05,4.561048771406121,0.5792148526570401,0.7842517419056773,0.00023163165162548238,0.018617258362130178,5.222051148632096,1.0052311143788666,0.9257230344063001,5.397271471631939e-10,0.9091379122546028
e910b25a,0.03762431158019247,15.9,0.12657304539456168,0.24540543057445463,0.34475002595020415,0.0,0.016922748459058536,0.005798104234130493,0.001436827713969972,0,,,0.12657304539456168,,,0.24540543057445463,,,0.34475002595020415,,,,,0.016922748459058536,,,0.005798104234130493,,,0.001436827713969972,,,,,0.010581710367792603,,,0.034053206116694774,,,0.016951859567433728,,,,,0.0,,,0.0,,,0.0,,,,,2.831110670355044,,,5.116191975285509,,,3.1902581268692995,,,,,8.869168350731394,,,6.631213592723841,,,3.478054090493687,,,0.0012722097188297104,0.00019793296613650663,0.0001460359326695769,1.3538038601969004e-05,2.828551353516989,0.618317728755064,0.5630878644833586,0.00018291451604166616,0.05287779209417795,5.103000005095436,1.0140528220209069,0.8944061707533336,7.076841041050496e-10,0.8331820749950847
7d0f4ec8,0.023601181302031173,15.9,0.14380274663531345,0.2409331040206252,0.3457159749519261,0.0,0.000445443469612658,0.0005948110328697107,0.015832794294651956,0,,,0.14380274663531345,,,0.2409331040206252,,,0.3457159749519261,,,,,0.000445443469612658,,,0.0005948110328697107,,,0.015832794294651956,,,,,0.009438680729981897,,,0.010906979718232823,,,0.016003082698689768,,,,,0.0,,,0.0,,,0.0,,,,,19.82186475626884,,,8.970578013082697,,,5.895713436310155,,,,,9.586040496995212,,,6.820369498475511,,,3.2113081791700244,,,0.002315925090911851,0.0002562262368344801,0.00026685044382060354,1.0179792801740044e-05,3.379795246738689,0.49022450893250274,0.6844183860360377,0.00017860188757818713,0.025077299270732805,5.064523190867924,1.0655152695448493,0.9095941392286135,7.987471313160801e-10,0.8390557859310441
aa649f31,0.0049466224917249285,16.1,0.14392771302366922,0.2592781210980517,0.34267807444385395,0.0,7.971175872482472e-05,0.0017117052259135288,0.000969239275740321,0,,,0.14392771302366922,,,0.2592781210980517,,,0.34267807444385395,,,,,7.971175872482472e-05,,,0.0017117052259135288,,,0.000969239275740321,,,,,0.003992787465538949,,,0.01850246051698816,,,0.01392292552404358,,,,,0.0,,,0.0,,,0.0,,,,,25.42327823771648,,,15.345267832904531,,,11.333174263885287,,,,,9.169603811094925,,,5.615518690467552,,,3.5590350646683953,,,0.0018565666735402197,0.0003306217274310629,0.00016200631240438317,1.9090817713736165e-05,3.671801554436042,0.48161965700175735,0.5956816880584141,0.00020926079196688618,0.17277761506815537,5.272657003937693,1.0058293182751725,0.9503047476317894,6.859625016058762e-10,0.7903497666064444
aaf7b93a,0.023761998488536367,16.1,0.13195403084601903,0.22552319049006792,0.30556390277428114,0.0,0.0049396170845388415,0.013032916851685358,0.003812733174924473,0,,,0.13195403084601903,,,0.22552319049006792,,,0.30556390277428114,,,,,0.0049396170845388415,,,0.013032916851685358,,,0.003812733174924473,,,,,0.022557596157450295,,,0.0247975535602561,,,0.02761424695668695,,,,,0.0,,,0.0,,,0.0,,,,,15.39715562768823,,,2.6017491011995593,,,1.9667445683863487,,,,,12.730185151587477,,,6.395029649238986,,,3.4500771768357796,,,0.0012715452080475263,0.00023272446607674815,0.00017838619563630658,1.1804499550645283e-05,2.589830906429959,0.4384173806408846,0.6078264335354204,0.0002099370652437102,0.12830418675887825,4.759195601429019,1.120239706072144,0.8760899176152663,7.108221456747477e-10,0.7797013586580617
f3b1c5de,0.3498055090345733,16.1,0.13178055692068916,0.2513633077755266,0.31202526516571893,0.0,0.008494323892200999,7.614739817585057e-05,0.3393422239276417,0,,,0.13178055692068916,,,0.2513633077755266,,,0.31202526516571893,,,,,0.008494323892200999,,,7.614739817585057e-05,,,0.3393422239276417,,,,,0.029110027367649467,,,0.003902496590026712,,,0.03835612208095551,,,,,0.0,,,0.0,,,0.0,,,,,4.733531841013638,,,13.359886986284556,,,111.69267740662686,,,,,9.835161787215325,,,6.518993580702033,,,3.178942711761056,,,0.000634879002327833,0.00027161966464257174,0.0001969683038010056,1.2665883515926517e-05,4.090395882289577,0.3191118209906648,0.7512286783096755,0.000169896604297252,0.01035428233081097,5.222540986222128,1.037796844619978,0.9360937237672539,6.945757212294504e-10,0.8305394249166985
e38acb99,0.015794945469932712,16.1,0.13694555545165396,0.24180480669028187,0.3093631030811603,0.0,0.0014379276163873904,0.0007037449406961402,0.013388489208479619,0,,,0.13694555545165396,,,0.24180480669028187,,,0.3093631030811603,,,,,0.0014379276163873904,,,0.0007037449406961402,,,0.013388489208479619,,,,,0.016194748742402048,,,0.011135272658826037,,,0.028395358515299163,,,,,0.0,,,0.0,,,0.0,,,,,8.655419217336291,,,11.620154940069245,,,29.748406946574868,,,,,8.287022463432962,,,7.324021888182872,,,4.239222533996968,,,0.0019280813521531698,0.00022187456581411607,0.00026257426616307347,1.317146845206032e-05,3.173642023234215,0.5078320947468277,0.6493686325987168,0.0001843621274128709,0.1535842304354673,5.229242419287573,1.0080215594342092,0.9220005613493147,7.777598054247362e-10,0.8273655575267951
c12851ca,0.01889509313397447,16.1,0.13162220744017422,0.24924755441237134,0.3227961658021435,0.0,0.003360473853666721,9.841292973127984e-05,0.012165340804055269,0,,,0.13162220744017422,,,0.24924755441237134,,,0.3227961658021435,,,,,0.003360473853666721,,,9.841292973127984e-05,,,0.012165340804055269,,,,,0.009490059623641998,,,0.0044365060516419865,,,0.01999627293910381,,,,,0.0,,,0.0,,,0.0,,,,,15.824197631931987,,,13.95757287958148,,,49.42708695507115,,,,,10.218059089625463,,,6.605458560651085,,,3.134383959577891,,,0.0012398611880394693,0.00016360364678118673,0.00010794336862301313,1.0645900934363194e-05,3.6405357811986883,0.3669920403571809,0.609203407748125,0.00034017953495001747,0.052408551156709726,5.221338090823384,1.0143002829277692,0.96818052669064,7.32897735114812e-10,0.7525617261624991
401bb4cd,1.4465502503880583,16.1,0.13519979943493388,0.2237902472675433,0.3619558921265651,0.0,0.0007157860565131044,1.4128854952560768,0.009230679916481358,0,,,0.13519979943493388,,,0.2237902472675433,,,0.3619558921265651,,,,,0.0007157860565131044,,,1.4128854952560768,,,0.009230679916481358,,,,,0.011964832195796124,,,0.008554229353657168,,,0.04296668457417062,,,,,0.0,,,0.0,,,0.0,,,,,8.62221007565863,,,166.44246657474213,,,8.963745056255473,,,,,8.250409033590097,,,5.588802823420143,,,3.0837655775977706,,,0.0017536227112051313,0.00016015788868101402,0.00027497322767415814,1.023054261064372e-05,3.2234501985806374,0.5305924774959156,0.8138697574767447,0.0002835627547848086,0.11859042953570087,5.240720856139225,1.074064744505749,0.90275326843946,6.535577395785259e-10,0.9125476770183267
aac7e3cf,0.03975266410892216,16.1,0.13185045289069505,0.22628882037702575,0.33139124659066577,0.0,0.01448687745905115,0.012323111286467304,0.004193762296851077,0,,,0.13185045289069505,,,0.22628882037702575,,,0.33139124659066577,,,,,0.01448687745905115,,,0.012323111286467304,,,0.004193762296851077,,,,,0.017660508361394177,,,0.024882164856229464,,,0.028961223374888972,,,,,0.0,,,0.0,,,0.0,,,,,36.246253761457346,,,17.83157408182177,,,16.357872644801184,,,,,9.993601892213592,,,6.457942539668918,,,2.863637778494199,,,0.0011921763635462442,0.00017969671969291013,0.0001368027854560335,1.4403179646648048e-05,2.8815204265439798,0.4809833778014017,0.5573767369523355,0.00019660209491013025,0.05935049126709523,5.103957299630319,1.0005041958559435,0.9007067547570496,7.255583109571247e-10,0.7702154314327843
d30af880,1.582956417346088,16.1,0.14321639709583206,0.24747444146164832,0.2572142722160197,0.0,0.002290465834455598,0.0010564561415290848,1.5669651681040637,0,,,0.14321639709583206,,,0.24747444146164832,,,0.2572142722160197,,,,,0.002290465834455598,,,0.0010564561415290848,,,1.5669651681040637,,,,,0.014735443545993999,,,0.014535860081392396,,,0.03265551479078475,,,,,0.0,,,0.0,,,0.0,,,,,9.936602318259723,,,10.228497869307143,,,171.15620705749254,,,,,8.449553397533949,,,7.198341142670112,,,3.409956912080232,,,0.0011489912804969946,0.00034536244003462125,0.0001419602949594582,1.558725341308523e-05,4.284806526220581,0.604659128400891,0.6755995312693668,0.0002161942205716413,0.01060940709053758,4.870860947906203,1.05590401154107,0.8880012147789194,7.558122804730618e-10,0.871683675991745
a8a061ad,0.03389794908381719,16.2,0.13362109123470045,0.22960394236660056,0.35687731587632354,0.0,0.005343198650105736,0.004947230317382738,0.004919472964132622,0,,,0.13362109123470045,,,0.22960394236660056,,,0.35687731587632354,,,,,0.005343198650105736,,,0.004947230317382738,,,0.004919472964132622,,,,,0.02029633858512507,,,0.008197132771817916,,,0.031367094108739564,,,,,0.0,,,0.0,,,0.0,,,,,29.988642431040237,,,11.663539455351913,,,5.583579104016429,,,,,9.961660170989582,,,6.0468522632273505,,,3.443191476592877,,,0.0017076350199321324,0.0003807153428245955,0.000289829734770409,1.6888219862574668e-05,2.4665961864532497,0.4040865271504417,0.602658906705383,0.00024424794633235634,0.1085840749484209,5.342782986557892,0.9879989422400463,0.8926377979259207,7.481576066261715e-10,0.763158823298294
71d5c762,0.028309278100955536,16.2,0.14529258300825273,0.2349053476796035,0.30417825055020253,0.0,0.001830161441775691,0.003698650564191778,0.020203794590936068,0,,,0.14529258300825273,,,0.2349053476796035,,,0.30417825055020253,,,,,0.001830161441775691,,,0.003698650564191778,,,0.020203794590936068,,,,,0.010790140440950871,,,0.014146588543371134,,,0.044763706596187954,,,,,0.0,,,0.0,,,0.0,,,,,34.529656350142226,,,3.0400886351868226,,,16.79821719790035,,,,,9.289596400845005,,,6.729714524052512,,,3.3981944635810235,,,0.00125859041005226,0.00021999347463579327,0.0002539598415437586,1.3439516658983885e-05,4.397159190995248,0.4465107815298601,0.5500145639982167,0.00015956833896398924,0.11749323860243863,5.067565500905664,1.0269625606735153,0.9777535942083772,7.126940284488163e-10,0.750882911248028
513882c4,0.05629208503885936,16.2,0.12330046408552305,0.2273218736654038,0.32124701002736156,0.0,0.03259149518660909,0.013558489664061188,0.0018438025444891936,0,,,0.12330046408552305,,,0.2273218736654038,,,0.32124701002736156,,,,,0.03259149518660909,,,0.013558489664061188,,,0.0018438025444891936,,,,,0.008938799083300707,,,0.01647516181304686,,,0.01920313799611508,,,,,0.0,,,0.0,,,0.0,,,,,6.094188945131248,,,1.3989351006761177,,,13.737551853247444,,,,,8.830630052581423,,,6.087867961454756,,,2.995789471601045,,,0.0019949732944501536,0.00020362884629282588,0.0001850515493917306,1.0982332117358753e-05,3.8974666065312737,0.5137878925498855,0.5434879484988068,0.0002007562344662647,0.19240593119248894,5.211373060178045,1.0243894324588434,0.9093245964896834,7.040048205755519e-10,0.7779839645683797
aa4d5072,0.05960477142327855,16.2,0.12595224254112986,0.22879649514413386,0.34566350644708316,0.0,0.020228130029041027,0.007177699255548292,0.014882811367643335,0,,,0.12595224254112986,,,0.22879649514413386,,,0.34566350644708316,,,,,0.020228130029041027,,,0.007177699255548292,,,0.014882811367643335,,,,,0.01150785544509669,,,0.0036307941429406846,,,0.04740402555446221,,,,,0.0,,,0.0,,,0.0,,,,,4.528018632494765,,,9.01388878787479,,,19.606524480921816,,,,,8.343207538034568,,,6.219024592730894,,,3.3376466092657076,,,0.0011314218164626155,0.0002978231409287078,0.00012700527694887106,1.375577351063804e-05,2.13149324425967,0.39195107069543417,0.6322364460953567,0.00022888729831189392,0.12117777919016266,5.1099211119133985,1.0095013692747408,0.9186204875057513,6.059727895822825e-10,0.7763185411664302
7c320f46,0.017321070504497802,16.2,0.1486404057075431,0.25423796992171266,0.3528125812512781,0.0,0.00036050726393567706,0.0009939209109696477,0.01161693390571118,0,,,0.1486404057075431,,,0.25423796992171266,,,0.3528125812512781,,,,,0.00036050726393567706,,,0.0009939209109696477,,,0.01161693390571118,,,,,0.008491257432626537,,,0.014099084445237199,,,0.03149034068070382,,,,,0.0,,,0.0,,,0.0,,,,,8.007237934752009,,,3.7912705936308675,,,6.825211283168412,,,,,10.513439732822532,,,7.1378874080964,,,3.8781143237371656,,,0.0030375401254239534,0.0003433160951740213,0.00018972776916126674,1.5209985516678974e-05,4.417760318197961,0.5053853069055192,0.5493435231868014,0.00027971513144304844,0.137238417103702,5.1467489946462255,1.0136167178076483,0.9617593765025714,7.560670313717142e-10,0.777043750677681
a3c01aa1,0.059594150090020226,16.2,0.13519920978293717,0.24325354737821547,0.34440745420762175,0.0,0.047136781935651705,0.0014569328160584636,0.00294833699429894,0,,,0.13519920978293717,,,0.24325354737821547,,,0.34440745420762175,,,,,0.047136781935651705,,,0.0014569328160584636,,,0.00294833699429894,,,,,0.0042171488529794176,,,0.017070048717320426,,,0.024283068151693434,,,,,0.0,,,0.0,,,0.0,,,,,12.717001297369631,,,22.729838325156233,,,18.73676828105349,,,,,10.872656250853588,,,7.770984782013413,,,3.6491352377368136,,,0.001770553926876007,0.00019371061543798192,0.00018937421059390591,1.4473128070787835e-05,2.231920185929421,0.5041727845318459,0.5911552987127748,0.0002682893251833285,0.18168572354797277,5.107203939714766,1.023592044146104,0.9627930703042715,8.254497362713695e-10,0.7972245546719746
7eb6e69b,0.030530147072795537,16.2,0.1320062749070361,0.2561815444041395,0.3395233603477227,0.0,0.020343722158481514,0.00016028806856100433,0.002793864188244822,0,,,0.1320062749070361,,,0.2561815444041395,,,0.3395233603477227,,,,,0.020343722158481514,,,0.00016028806856100433,,,0.002793864188244822,,,,,0.03711710028362964,,,0.005661944340259878,,,0.023638376375059358,,,,,0.0,,,0.0,,,0.0,,,,,30.565821710189315,,,13.31816007017167,,,4.882918231377333,,,,,9.89407596574434,,,6.7659488851521,,,2.864305830468834,,,0.0024914268185279045,0.000382171427951276,9.603858415521444e-05,1.347806441326852e-05,3.7276347714985922,0.4161007351554484,0.6773249912581376,0.00031444816534736476,0.20825932392845872,5.117713996671044,0.9920717640540756,0.938914557100252,6.285966808727943e-10,0.8115225671127915
0a81bd03,0.03378866305314636,16.2,0.13011093083343925,0.23686578279507664,0.36367001536061494,0.0,0.008184351541135892,0.0014195742292412677,0.0020553949878513856,0,,,0.13011093083343925,,,0.23686578279507664,,,0.36367001536061494,,,,,0.008184351541135892,,,0.0014195742292412677,,,0.0020553949878513856,,,,,0.01846084591938177,,,0.015615624100643105,,,0.02027508317048976,,,,,0.0,,,0.0,,,0.0,,,,,17.83266782175802,,,9.541558070028,,,19.313961095522053,,,,,8.927441293366304,,,6.312927626977174,,,3.186629536197986,,,0.003487495427125049,0.00019659227281339098,0.00022480923026243477,1.5578802541724993e-05,3.724735245407584,0.5303901075969881,0.6062909747644264,0.00019396534535417675,0.1517344997011038,5.2499437584089055,0.9697757910239511,0.9493785030167062,6.190163794033268e-10,0.8150497179235512
d8d5f098,0.010773407357053155,16.3,0.14558363605575214,0.25656430819627046,0.35428166072484235,0.0,0.0011033622865371357,0.0005180713041246067,0.004322115681564845,0,,,0.14558363605575214,,,0.25656430819627046,,,0.35428166072484235,,,,,0.0011033622865371357,,,0.0005180713041246067,,,0.004322115681564845,,,,,0.01485504820952888,,,0.01017910903885607,,,0.029401073727212224,,,,,0.0,,,0.0,,,0.0,,,,,4.4533001827765695,,,4.563245266569043,,,7.457459300126215,,,,,9.206102407397056,,,6.994892791835102,,,4.174997781565561,,,0.004558991889088402,0.00031876218867690087,0.00013383916163695154,1.2174160187084857e-05,4.295208622165401,0.33149575217620136,0.6390211223165481,0.00019307856296951073,0.13331913280407098,5.063623862264833,1.0022018150075651,1.0154908844001842,8.161768724626611e-10,0.7586201847817133
ddabb639,0.016193534747113457,16.3,0.13657115053104515,0.24934642778839872,0.3170019578190624,0.0,0.0011124444507859279,0.0012700530913656582,0.013061729621929002,0,,,0.13657115053104515,,,0.24934642778839872,,,0.3170019578190624,,,,,0.0011124444507859279,,,0.0012700530913656582,,,0.013061729621929002,,,,,0.0025619720253202576,,,0.015937710571883642,,,0.03107158634601499,,,,,0.0,,,0.0,,,0.0,,,,,3.50447358884358,,,10.98054766197347,,,36.18736930778204,,,,,9.991905411397697,,,7.519177901773893,,,3.4438380513911775,,,0.002542252041371376,0.00015448291629359124,0.0002074572130244291,1.2214965957272463e-05,4.662776017401373,0.36772447474524717,0.5657406955531848,0.0002696816864921828,0.12750602537452105,5.277214691580023,0.9994824401540746,0.9587754442312355,7.744572654447476e-10,0.725371896114571
b6b8317b,0.013621834950852032,16.3,0.1430213094180638,0.24473310506086693,0.3431352770303862,0.0,0.0013000801829070395,0.0018765096989416426,0.005494479740204393,0,,,0.1430213094180638,,,0.24473310506086693,,,0.3431352770303862,,,,,0.0013000801829070395,,,0.0018765096989416426,,,0.005494479740204393,,,,,0.016125012762209148,,,0.019372711214188078,,,0.03026860801312335,,,,,0.0,,,0.0,,,0.0,,,,,36.41134955144558,,,19.29363810666539,,,4.251526873177613,,,,,11.433467097245815,,,6.9270122448317695,,,3.3255422414420917,,,0.0026259085707350856,0.00032516050989320406,0.00020395393601222375,1.2839837506343472e-05,3.640817458086069,0.38912969358359084,0.608291256825213,0.00022211226606556,0.16961133230700481,5.047789994666422,0.983789798221277,0.9739745832647446,8.488533298908753e-10,0.7606559309051488
bed505cb,0.015262842994364412,16.3,0.14209832538433323,0.25248326227535345,0.35333372134498386,0.0,0.007369967638717437,0.0006356733267167846,0.0007863145768773055,0,,,0.14209832538433323,,,0.25248326227535345,,,0.35333372134498386,,,,,0.007369967638717437,,,0.0006356733267167846,,,0.0007863145768773055,,,,,0.005150483134757296,,,0.0112754008950173,,,0.012540451163154422,,,,,0.0,,,0.0,,,0.0,,,,,10.005093595755278,,,4.515114102769426,,,8.076643301064177,,,,,8.721588651729222,,,6.317905936065774,,,2.978038156035422,,,0.0028521597674018785,0.0003398747223651764,0.00016233198973626887,1.3713621533089585e-05,4.072001786255117,0.5039453196110941,0.5532394086440341,0.00030882551177299425,0.1574954770790285,5.239451623629321,0.9628717581480267,0.9871632914453854,6.817792569985123e-10,0.7783269937036934
adfa09d9,0.021894891739666477,16.3,0.1387500545323126,0.2584914776240452,0.35409147964822896,0.0,0.0008560860346726771,0.002067895498278959,0.011553326600342514,0,,,0.1387500545323126,,,0.2584914776240452,,,0.35409147964822896,,,,,0.0008560860346726771,,,0.002067895498278959,,,0.011553326600342514,,,,,0.011589933987692492,,,0.020336644257492233,,,0.04806938027547789,,,,,0.0,,,0.0,,,0.0,,,,,13.575780309132847,,,6.631542965214666,,,35.37922014678159,,,,,10.38827594033728,,,6.714347067224671,,,3.0978967188029896,,,0.0036615887896518,0.0002473724008233586,0.00021260647242095902,2.566488136292732e-05,2.7905933955346383,0.5668913190081549,0.5781433883661931,0.00020447617802861454,0.23548274522149276,5.21070997986113,0.9912243879058711,0.9691164647046482,6.878739838670354e-10,0.8172324250287561
ac710c21,0.023594827858791387,16.3,0.135933369056332,0.23234997358030332,0.3360193852962924,0.0,0.00042281000489617713,0.005868383650397114,0.009769436052118427,0,,,0.135933369056332,,,0.23234997358030332,,,0.3360193852962924,,,,,0.00042281000489617713,,,0.005868383650397114,,,0.009769436052118427,,,,,0.009195759945716038,,,0.01430453850306784,,,0.036275541386803986,,,,,0.0,,,0.0,,,0.0,,,,,22.544863597006753,,,5.863020891534834,,,26.631465665084697,,,,,9.349831560981954,,,7.179036528390947,,,3.3160097826266663,,,0.0033955507098814633,0.0003722901031459762,0.000386078033557859,1.1659524608152002e-05,5.7979142613778265,0.5348864516091008,0.49565215195213036,0.0002528758287606777,0.07194712550994595,5.105530833417014,1.0176505323003022,1.003304485024243,6.88561753520806e-10,0.7653714175559461
4924a8a3,0.0213536214633569,16.3,0.13343075489114323,0.23897717188057807,0.3204063350542168,0.0,0.006086413543421071,0.000664718855112982,0.012084447788352368,0,,,0.13343075489114323,,,0.23897717188057807,,,0.3204063350542168,,,,,0.006086413543421071,,,0.000664718855112982,,,0.012084447788352368,,,,,0.013999573141702897,,,0.011530124501608662,,,0.02290372180736745,,,,,0.0,,,0.0,,,0.0,,,,,4.173628198877849,,,20.60702065019946,,,11.937646828773362,,,,,10.0704955921497,,,6.868557597362143,,,3.4682631573568083,,,0.002889059477202785,0.00025745082571259503,0.00016934536772649487,1.2856293475636442e-05,4.449403132933346,0.5517697577506426,0.4923750609994342,0.00023317883292260985,0.10073154967035336,5.29004903774359,1.0353733922804893,0.9764614776510073,7.121758263476587e-10,0.7724179131138612
ba969362,0.018852882283077473,16.3,0.15114981522541218,0.25151256951977347,0.37974078183512916,0.0,0.0004974666717817542,0.00036720164793142574,0.003376486282555493,0,,,0.15114981522541218,,,0.25151256951977347,,,0.37974078183512916,,,,,0.0004974666717817542,,,0.00036720164793142574,,,0.003376486282555493,,,,,0.009974634547508536,,,0.008569733343942806,,,0.02597231119140119,,,,,0.0,,,0.0,,,0.0,,,,,8.328363465798162,,,5.838059265944963,,,16.650889214008334,,,,,8.525742144707035,,,6.938412494540207,,,3.1824053381341253,,,0.0016739911527956957,0.0002788037599877414,0.00023843970179143474,2.0452846594261346e-05,7.0154313747048995,0.6079486225066069,0.6047824396981666,0.0002453189896831041,0.13605245143740788,5.117156519553347,1.0059635018451136,0.9482380576421565,6.585904154448529e-10,0.8449939328301183
a50456ee,0.024652118739870423,16.5,0.13186020762450829,0.2478855072554124,0.33179039876668914,0.0,0.0032476320357923165,7.72275459814715e-06,0.01620664489320793,0,,,0.13186020762450829,,,0.2478855072554124,,,0.33179039876668914,,,,,0.0032476320357923165,,,7.72275459814715e-06,,,0.01620664489320793,,,,,0.0119311697243834,,,0.001242799629718898,,,0.015784440475044403,,,,,0.0,,,0.0,,,0.0,,,,,10.200265335714223,,,1.4817359772494365,,,25.96061404982967,,,,,10.130253274574052,,,7.470053052803811,,,3.5201814870891743,,,0.0026491299155025736,0.0003705514172630043,0.00010119311890315721,1.0001327355750164e-05,3.7299479876956863,0.37356704812172215,0.6971416161102153,0.00019408532522377107,0.1397665032907885,4.993617995133904,0.9961648578067023,1.0132325222282308,7.327906141836583e-10,0.8102098144172265
134470f1,0.017442195888742507,16.5,0.1374569648038022,0.2291375852191876,0.33977026034986496,0.0,0.0017706568051325349,0.005337209889468491,0.0006516312234683666,0,,,0.1374569648038022,,,0.2291375852191876,,,0.33977026034986496,,,,,0.0017706568051325349,,,0.005337209889468491,,,0.0006516312234683666,,,,,0.01267283746339202,,,0.011758301046045519,,,0.01141605206249837,,,,,0.0,,,0.0,,,0.0,,,,,7.6227040197604,,,6.597390942818282,,,14.370934790215312,,,,,10.95008063015969,,,7.818289474907553,,,3.931440638217963,,,0.005266443462163959,0.0003837641447079585,0.0001637409208027805,1.091469028669901e-05,3.46963269856722,0.42857617360851435,0.5772172730953885,0.00010133030469972954,0.16541828304821152,4.992113993783431,0.9585473346423385,0.9982450442574878,8.563763453417838e-10,0.7583541547326309
a699d940,0.012794926774811144,16.5,0.1521493848297248,0.2756788795817975,0.3748046978989189,0.0,0.00043040377518056296,0.0024116700230550087,0.004591643853079801,0,,,0.1521493848297248,,,0.2756788795817975,,,0.3748046978989189,,,,,0.00043040377518056296,,,0.0024116700230550087,,,0.004591643853079801,,,,,0.009277971493603146,,,0.021962103829346626,,,0.030303939853028355,,,,,0.0,,,0.0,,,0.0,,,,,26.511960820142914,,,11.969692068763802,,,12.0793022314689,,,,,11.681659540551847,,,7.885304814173456,,,3.536937293615751,,,0.004421408439024149,0.00027749401173046977,0.00022425085488947407,1.1386889603582147e-05,3.518472374027409,0.3335657314804167,0.7462263589815524,0.0002919026824454819,0.1570802053395066,5.253340640323484,0.9762959578794459,0.9670177742960714,8.256551477841246e-10,0.8308019265424214
3cc3f38f,0.04066491801430247,16.5,0.14888805992205498,0.251129104883401,0.38245061657857715,0.0,9.108380653715767e-05,0.0004455083870075316,0.023366525545692858,0,,,0.14888805992205498,,,0.251129104883401,,,0.38245061657857715,,,,,9.108380653715767e-05,,,0.0004455083870075316,,,0.023366525545692858,,,,,0.004268109804987629,,,0.009439368485312263,,,0.05289409842060492,,,,,0.0,,,0.0,,,0.0,,,,,2.3419333027453266,,,10.909893503731215,,,11.151714325687157,,,,,9.001385310970957,,,6.247222072669537,,,3.426504092986828,,,0.005336471108683516,0.00036862661852154864,0.0002631309982844822,1.7401304545200156e-05,3.4636250214300905,0.39270523322245143,0.734610630346209,0.00024907691442106376,0.2798083116602229,4.979606370906207,0.9666834633167087,0.9402734102331783,7.557709540274471e-10,0.8387569635878258
08c27ab7,0.05459405650033313,16.5,0.13009733338228713,0.2382967361768735,0.34319448513147327,0.0,0.03658255339148308,0.0007593481904402133,0.006026683958042746,0,,,0.13009733338228713,,,0.2382967361768735,,,0.34319448513147327,,,,,0.03658255339148308,,,0.0007593481904402133,,,0.006026683958042746,,,,,0.011205616805067372,,,0.012323539998232758,,,0.0347179606487557,,,,,0.0,,,0.0,,,0.0,,,,,17.244560822518718,,,1.445322591241097,,,19.276097854872102,,,,,10.608039087059195,,,6.202494342389789,,,3.3767141288719635,,,0.0033632250027038862,0.0003877845621850446,0.00014759025671572646,1.703165960004847e-05,4.194042988089946,0.38610804917351327,0.5934206012342171,0.00017353897113885148,0.07137407931351858,5.24154309281777,0.9808488764346454,0.9751750405544852,8.021549515960363e-10,0.75034483766569
b24cec79,0.21310668856584622,16.5,0.15504319036194295,0.26190923233860636,0.37943257582194245,0.0,0.0007135537066746985,0.00500358684444854,0.19796450832619453,0,,,0.15504319036194295,,,0.26190923233860636,,,0.37943257582194245,,,,,0.0007135537066746985,,,0.00500358684444854,,,0.19796450832619453,,,,,0.006600640779987077,,,0.014169500566153336,,,0.04266387976018606,,,,,0.0,,,0.0,,,0.0,,,,,6.851313396193841,,,10.169449072778445,,,10.809162833967022,,,,,10.89311704434163,,,9.85601875602972,,,3.8980121359262268,,,0.008238097589700505,0.00020398875729105015,0.000181478679188279,1.0195707433342122e-05,4.206735851341586,0.3554420516344072,0.6823202000471776,0.0002011181691639413,0.2823319454548291,4.983304344500642,0.9666030195114373,1.0297014326947418,8.358797637856507e-10,0.7951687278852122
03c96e63,0.015155153845863287,16.5,0.14217927706149772,0.23747295254653603,0.3169580375440923,0.0,0.0006021875899491009,0.00048692486289637053,0.012355351837794244,0,,,0.14217927706149772,,,0.23747295254653603,,,0.3169580375440923,,,,,0.0006021875899491009,,,0.00048692486289637053,,,0.012355351837794244,,,,,0.010135277692132693,,,0.009856578882050276,,,0.03494917984278163,,,,,0.0,,,0.0,,,0.0,,,,,11.323654244074989,,,4.265858198266281,,,20.845613691798054,,,,,9.496500565289372,,,6.579735161608246,,,3.83045755897274,,,0.005429763800550364,0.0002123152147381729,0.00017836505399874156,1.1287036009386984e-05,3.461914494995187,0.29866696648655316,0.6424683071413722,0.00019847343305805232,0.0831239651839288,5.213074448915308,0.95548578642974,1.0281188400981798,7.327047927941861e-10,0.7491869664395465
03f212d9,1.6872945118332356,16.5,0.1403134209038431,0.23064040927466978,0.37524362620602425,0.0,1.6455492715134634,0.004767979945456887,0.010774349211062066,0,,,0.1403134209038431,,,0.23064040927466978,,,0.37524362620602425,,,,,1.6455492715134634,,,0.004767979945456887,,,0.010774349211062066,,,,,0.007406484095290094,,,0.008658287099214054,,,0.041028494096967856,,,,,0.16860269848634593,,,0.0,,,0.0,,,,,169.11295735648898,,,4.728533885635582,,,16.82089148900336,,,,,16.19315825502684,,,7.809701161349436,,,4.124145160158851,,,0.0033981544597384964,0.0003199584416243534,0.000128409047444619,1.3674142228449904e-05,3.652901651696269,0.42162692178262623,0.6738480609735181,0.0001789023570533787,0.20946962780118109,4.71716571812555,0.9967158536322944,0.9148195811395772,1.0175631461644732e-09,0.811295114252591
d215af77,1.5567270481008861,16.6,0.14373281843239702,0.2582450063481129,0.3515469435747897,0.0,1.5473365571073425,0.0011322863957922793,0.0038792133637109887,0,,,0.14373281843239702,,,0.2582450063481129,,,0.3515469435747897,,,,,1.5473365571073425,,,0.0011322863957922793,,,0.0038792133637109887,,,,,0.017437885886642905,,,0.015048497571467255,,,0.012256422465051842,,,,,0.09326185543370827,,,0.0,,,0.0,,,,,168.46976467687443,,,9.119924515047407,,,5.099931256550341,,,,,24.016984420782638,,,8.253069015639825,,,3.873443185287135,,,0.004855650601846396,0.00032990592003266726,0.00017381903759119724,1.2491887555793592e-05,2.9374155831011106,0.2515484010149663,0.7466960085950362,0.000220202633733403,0.19967550207031026,5.117860672506826,0.9345656218754045,1.0216081137104691,9.712773589521648e-10,0.8103395530028041
3004e508,0.04311523147975433,16.6,0.14341096998002345,0.2729826851811959,0.39325405584961437,0.0,0.0015417317265471393,0.00130663187693102,0.02100284459351541,0,,,0.14341096998002345,,,0.2729826851811959,,,0.39325405584961437,,,,,0.0015417317265471393,,,0.00130663187693102,,,0.02100284459351541,,,,,0.017559793430146832,,,0.01616559233019947,,,0.04532328215750476,,,,,0.0,,,0.0,,,0.0,,,,,18.04992879197982,,,1.0288893420995424,,,2.6651372903027353,,,,,8.463372707010365,,,7.014540890472858,,,3.6058624765036242,,,0.005495855065767244,0.0003214665870230847,0.00015486820601633318,1.2226977433914254e-05,2.661628943188799,0.40359299437871876,0.8184668875068541,0.00028356755871268514,0.1742362775485446,5.291168616177382,0.9281102198043596,1.0242346798406272,6.825979204466128e-10,0.8916505332681011
65c497ed,0.11356285878365371,16.6,0.1360316920430482,0.2370574457998833,0.40555455707379234,0.0,0.036591478532122114,0.001500196573577518,0.02700195347281708,0,,,0.1360316920430482,,,0.2370574457998833,,,0.40555455707379234,,,,,0.036591478532122114,,,0.001500196573577518,,,0.02700195347281708,,,,,0.017234910967904436,,,0.01149925478057572,,,0.02149875855125727,,,,,0.0339758280655297,,,0.0,,,0.0,,,,,23.73663575895811,,,5.509632734726033,,,13.293952560284229,,,,,19.06794766378515,,,7.425442908960996,,,4.553531754304701,,,0.00930814030941352,0.00014243080112198966,0.00041802397472812857,1.0738966599238863e-05,3.4338952301840067,0.37688802967099166,0.7088942450999878,0.0002674928485957799,0.05232464061873387,5.109993775690961,0.996974127169986,1.0048261180148326,1.0784977762486952e-09,0.81853763006563
bd87427f,0.03105422822874736,16.6,0.1456396873746474,0.24380794368092296,0.38722564443662605,0.0,0.0013182736112039514,0.0008321660064785627,0.004606161133765588,0,,,0.1456396873746474,,,0.24380794368092296,,,0.38722564443662605,,,,,0.0013182736112039514,,,0.0008321660064785627,,,0.004606161133765588,,,,,0.016237448144360317,,,0.012056906669871994,,,0.024950532803868244,,,,,0.0,,,0.0,,,0.0,,,,,3.9968699622290265,,,10.346149836846571,,,13.794613254699668,,,,,10.774158107216753,,,6.234615075264368,,,3.766491497972719,,,0.004512104920338224,9.86270143119215e-05,0.00025387595546400975,1.2126931160236462e-05,3.3827944367682306,0.3843884780616938,0.6518622991031398,0.00019054557844705634,0.027880134923996276,5.442732545759322,0.952294403345965,1.0194183866442479,7.489298840902615e-10,0.7856172338768708
41f2f0ab,0.04886769277396404,16.6,0.14441635893870414,0.2570592613459283,0.32025012974009653,0.0,0.0029364376100402038,0.002789856068052161,0.043135050336702764,0,,,0.14441635893870414,,,0.2570592613459283,,,0.32025012974009653,,,,,0.0029364376100402038,,,0.002789856068052161,,,0.043135050336702764,,,,,0.014844127722903491,,,0.01838674780089835,,,0.07432117691632784,,,,,0.0,,,0.0,,,0.0,,,,,5.4996278205716465,,,9.302829985456587,,,46.20626580900193,,,,,13.69080322953313,,,7.6611810536385185,,,3.535603120423617,,,0.005423611961428937,0.00017077092541559883,0.00015479775063989147,1.1568977518881124e-05,3.971836621132475,0.2526056793384176,0.7022913224754337,0.0003085475507529137,0.09029867636334578,5.146412637531677,0.9358302216397768,0.9528637845916692,9.933578878295557e-10,0.7774239960742211
3bb05e9b,0.011743245576856437,16.6,0.14839014596871156,0.24584820916941183,0.3532771251057201,0.0,0.0012966157004929953,0.0031629215345466573,0.0002296775556949368,0,,,0.14839014596871156,,,0.24584820916941183,,,0.3532771251057201,,,,,0.0012966157004929953,,,0.0031629215345466573,,,0.0002296775556949368,,,,,0.011557789922610287,,,0.025151228735577343,,,0.0067775741337876465,,,,,0.0,,,0.0,,,0.0,,,,,7.273690877514759,,,9.521352525726908,,,9.484617385261977,,,,,13.727912108157339,,,8.172033738747583,,,3.513362870226291,,,0.007703116933571988,0.00023599049945082458,0.00021553169607500106,1.2894083899407558e-05,4.019692814911807,0.40303954509160755,0.636198932413287,0.00028864879972959685,0.10002639243818878,5.1011356296381,0.9790918248902313,0.9938164777449896,8.57669121098904e-10,0.7827615293040356
79d6ce81,0.031879840502253225,16.6,0.13019317606217012,0.23805556217925655,0.355960643517804,0.0,0.005769500589801251,1.9607547905115233e-05,0.00874925090365442,0,,,0.13019317606217012,,,0.23805556217925655,,,0.355960643517804,,,,,0.005769500589801251,,,1.9607547905115233e-05,,,0.00874925090365442,,,,,0.012916536897543266,,,0.0019802801774049666,,,0.04183121060560983,,,,,0.0,,,0.0,,,0.0,,,,,13.821050863198895,,,9.293081456194125,,,6.114179230395284,,,,,9.871267876691338,,,6.67645061591485,,,3.3826310650068705,,,0.005676377853728833,0.0001716163772739431,0.0002371683214865549,1.1088736416255417e-05,2.5105801694124414,0.4074308325654456,0.6944551840316014,0.00012388062902889276,0.23489352322510063,5.276665912398098,0.904992393700694,0.9420328294690481,8.061696512061932e-10,0.8188741172692587
eda2e403,0.028977590394445574,16.6,0.14123062999634237,0.24370149851162726,0.3100361186213976,0.0,0.026326380005506647,0.0019059384160073853,0.00047792964260495323,0,,,0.14123062999634237,,,0.24370149851162726,,,0.3100361186213976,,,,,0.026326380005506647,,,0.0019059384160073853,,,0.00047792964260495323,,,,,0.017927239548203192,,,0.019524028354862555,,,0.009776805639931207,,,,,0.0,,,0.0,,,0.0,,,,,15.425745908377948,,,6.348292189371947,,,41.82103982841388,,,,,9.505633959260967,,,7.079162927729178,,,3.9575103247484686,,,0.005599238235659557,0.00020644463000031154,0.00013322865841227923,1.0912367332295891e-05,2.2642906523539286,0.3435700738549784,0.5997544891473178,0.00027501454815399433,0.1718155050216105,5.280533160332426,0.9717563829281991,0.9896028522822866,7.629155813295128e-10,0.7372068934221827
413abe17,0.02971766369912894,16.8,0.14038728105035952,0.24697793367823428,0.36892104780772367,0.0,0.0033170413638660893,0.0016943497843119352,0.009553436294290105,0,,,0.14038728105035952,,,0.24697793367823428,,,0.36892104780772367,,,,,0.0033170413638660893,,,0.0016943497843119352,,,0.009553436294290105,,,,,0.024033068369175414,,,0.01840842081392065,,,0.04063143283532991,,,,,0.0,,,0.0,,,0.0,,,,,15.399967223956804,,,12.911252473046705,,,27.07800692214472,,,,,10.370197616875506,,,6.875043944111303,,,3.3936593255120813,,,0.013971986821204518,0.0001346055887287683,0.0002391829114295039,1.1697036941136676e-05,2.6650557603040927,0.3880096731666973,0.6362189844286169,0.0003726212583947658,0.16588884991866276,5.2552544412063025,0.9804149184152086,1.0452341410328057,6.906558399175906e-10,0.7773059154862756
b81a7e23,0.011854955744569783,16.8,0.14749097899430472,0.25756576903206385,0.37032524780002235,0.0,0.0002893977114568319,3.995809084378313e-05,0.002127585318723396,0,,,0.14749097899430472,,,0.25756576903206385,,,0.37032524780002235,,,,,0.0002893977114568319,,,3.995809084378313e-05,,,0.002127585318723396,,,,,0.007607860559406066,,,0.002826945024006768,,,0.020628064953957248,,,,,0.0,,,0.0,,,0.0,,,,,7.957533666974316,,,9.70831311393873,,,9.943159596694155,,,,,11.016765925197232,,,7.489786875393273,,,3.6050326252098843,,,0.004498983279040771,0.00021887596463911579,0.0002808666473610051,1.4008025571668024e-05,4.222529729361507,0.4601347859764029,0.683890289790791,0.00019511172299133497,0.07188029759551884,5.382833334822606,0.96488370950447,1.0053347936029047,8.512070141300396e-10,0.8292749746139891
14f5b170,0.08838813185452682,16.8,0.13192335374641773,0.23895469404835568,0.3903747422425869,0.0,0.004021310764245212,0.000181891186929558,0.0457152141064408,0,,,0.13192335374641773,,,0.23895469404835568,,,0.3903747422425869,,,,,0.004021310764245212,,,0.000181891186929558,,,0.0457152141064408,,,,,0.02835951608982499,,,0.006031437422862945,,,0.02821780501451338,,,,,0.0,,,0.0,,,0.0,,,,,13.192572623986575,,,0.8152935767525649,,,20.190545037909217,,,,,10.181699252091274,,,6.9550880758845395,,,3.9806719145470826,,,0.007726391879785165,0.00014397012688676904,0.0002616375507539677,1.1345155123480991e-05,2.7395907527462326,0.4358212663908597,0.6352280519013898,0.0002043710740021532,0.010034871493052834,5.0839308533953345,0.9800404036141035,1.003756929647391,7.318227411201674e-10,0.7941399014603969
32fc8835,0.03353821218646318,16.8,0.1381681068139333,0.2519768925559155,0.34046640102609466,0.0,0.008703335758920353,0.0016192889360537896,0.018942400082250205,0,,,0.1381681068139333,,,0.2519768925559155,,,0.34046640102609466,,,,,0.008703335758920353,,,0.0016192889360537896,,,0.018942400082250205,,,,,0.0018809351362149868,,,0.017996049211167375,,,0.04510006502648177,,,,,0.0,,,0.0,,,0.0,,,,,8.293863814862311,,,15.122080593581838,,,4.1225559980389646,,,,,10.881058475305418,,,7.119203631463617,,,3.8474726294150647,,,0.005377836472286073,0.0004692398121962729,8.996727946423253e-05,1.094119110114716e-05,2.9577163567124884,0.269215352519761,0.5590196795600589,0.00039902091857798325,0.2507029503745657,5.0680995773869,0.97816510624914,0.9854138633958435,7.701854068526835e-10,0.6776824500136189
16e311d3,0.026265029647959938,16.8,0.1365521507968711,0.24983139616199565,0.3738746409652357,0.0,0.0014855628024477352,0.0024447078751480104,0.0030032814131560467,0,,,0.1365521507968711,,,0.24983139616199565,,,0.3738746409652357,,,,,0.0014855628024477352,,,0.0024447078751480104,,,0.0030032814131560467,,,,,0.017236953341282415,,,0.022112023313790218,,,0.024508290079709952,,,,,0.0,,,0.0,,,0.0,,,,,1.4929643593878703,,,3.3042354308740767,,,4.8451955256737165,,,,,9.715755226194375,,,7.355547464208103,,,3.4570907378807565,,,0.0025943203796977344,0.00023596230982267464,0.00014043042803289305,1.3203519276207392e-05,2.7749322260275835,0.44160774719475426,0.6446965501744375,0.00033464291654761294,0.09197266790773054,5.264103322219041,0.9717761224771957,0.9970845659134852,7.195540446046112e-10,0.8015368365674111
fcc7c897,0.03196738686476662,16.8,0.1492632732382781,0.26179929384875367,0.354846400925422,0.0,0.0015929594711182882,0.0003142806670392794,0.026916730763226236,0,,,0.1492632732382781,,,0.26179929384875367,,,0.354846400925422,,,,,0.0015929594711182882,,,0.0003142806670392794,,,0.026916730763226236,,,,,0.01784914267475213,,,0.007928186009917772,,,0.06926512402956675,,,,,0.0,,,0.0,,,0.0,,,,,3.3490549577795834,,,7.996006836544872,,,40.25262349632179,,,,,9.116952544569994,,,7.07689161942284,,,3.4980778905945376,,,0.007899612927419872,0.00018342942186005964,0.00026118660783957143,1.713642794752425e-05,4.437494199388275,0.5473834574159817,0.6619952348803575,0.00026241409232471535,0.2395367130693265,5.222170607865182,0.9580740837805518,1.007131250825271,6.70750420939244e-10,0.8469472523111362
504d6e4a,0.010895599117524968,16.8,0.1421462600889293,0.24724475918245006,0.35511217524324934,0.0,0.0004432267808308053,0.0011817561519182251,0.0009382465114006785,0,,,0.1421462600889293,,,0.24724475918245006,,,0.35511217524324934,,,,,0.0004432267808308053,,,0.0011817561519182251,,,0.0009382465114006785,,,,,0.009415166284573048,,,0.01537371882088537,,,0.013698514601230883,,,,,0.0,,,0.0,,,0.0,,,,,9.7352451895543,,,8.504780170239059,,,24.974669106512977,,,,,11.104284977516024,,,8.095822176532689,,,3.80683421832856,,,0.005683989412793496,0.000229681153270469,0.00021493068108350175,1.4037378569407613e-05,2.3629381442642745,0.48165967824807115,0.5763950174958351,0.0002042107307834265,0.0955297003547051,5.383063012886745,0.9881522226221542,1.0032911411044763,8.412328828326486e-10,0.7803708175713214
32cfcd16,0.019983320872980558,16.8,0.1475826876147571,0.2540423160975197,0.37870095901736067,0.0,0.0006162248514727408,0.0015755356408520365,0.003609703373825479,0,,,0.1475826876147571,,,0.2540423160975197,,,0.37870095901736067,,,,,0.0006162248514727408,,,0.0015755356408520365,,,0.003609703373825479,,,,,0.004627406380540775,,,0.017751257087046182,,,0.026868953734097943,,,,,0.0,,,0.0,,,0.0,,,,,26.519258287793747,,,5.798754355315136,,,13.172366150988736,,,,,14.558050028025184,,,6.904500628875197,,,3.4368367979333097,,,0.01178365920959946,9.74785050806299e-05,0.0001629566837158764,1.090261600156889e-05,3.9034158146928717,0.3279526860760668,0.6868292987318604,0.00020119203257341908,0.07931187810257298,5.330921844539003,0.9383028851336602,1.072544095489034,9.042746287998978e-10,0.789465788483199
83a34730,0.06022813948219471,16.9,0.1497868645486955,0.2506484944153753,0.4066477307735756,0.0,0.00016043526078356697,0.0010023798850546058,0.0276503067154356,0,,,0.1497868645486955,,,0.2506484944153753,,,0.4066477307735756,,,,,0.00016043526078356697,,,0.0010023798850546058,,,0.0276503067154356,,,,,0.005664543419968938,,,0.014158953951861033,,,0.017693282327157053,,,,,0.0,,,0.0,,,0.0,,,,,9.745356752430295,,,11.511326611773418,,,11.862764534668464,,,,,10.435386653145232,,,7.264573707728594,,,3.2762327045832715,,,0.006100003187498872,0.00016246872402101358,0.00032745799955949807,1.2089449964316179e-05,3.1037495102155894,0.30551904074106384,0.744739721980848,0.0002695128805942141,0.03889625694195268,5.395103860754146,0.9493863848293033,1.025892594250961,8.280388410133625e-10,0.8226521232883586
c2ece2dc,1.4753884250435123,16.9,0.12899260809045612,0.2166353969350336,0.3666892058514887,0.0,1.407341419935891,0.032300329464128225,0.001711576625603369,0,,,0.12899260809045612,,,0.2166353969350336,,,0.3666892058514887,,,,,1.407341419935891,,,0.032300329464128225,,,0.001711576625603369,,,,,0.009293805394359917,,,0.0039052073578017773,,,0.018501765459562874,,,,,0.030732175542542733,,,0.0,,,0.0,,,,,164.04180779161055,,,11.511653938159322,,,4.091191680544639,,,,,15.299700783939123,,,10.029168956243995,,,3.8230724112996826,,,0.007197479607023032,0.0001714039430383351,0.0002807542384300579,1.7580364958785707e-05,1.8339813664305917,0.47731291346197635,0.5274474620920728,0.0002215868490522593,0.1218407600775442,5.261180535748681,1.004023093715247,1.0350319203280853,9.277552947083407e-10,0.7529501459785474
9d291c7e,0.026587353129345983,16.9,0.14334641753121125,0.2370937075491878,0.3335347194802876,0.0,0.0008867492866800282,0.006907673544798642,0.01410876266366226,0,,,0.14334641753121125,,,0.2370937075491878,,,0.3335347194802876,,,,,0.0008867492866800282,,,0.006907673544798642,,,0.01410876266366226,,,,,0.013317276648624735,,,0.009847363602925967,,,0.02783418085924635,,,,,0.0,,,0.0,,,0.0,,,,,8.736161040735153,,,6.097104759809919,,,7.053259650661976,,,,,10.190356686878667,,,7.979420129137947,,,3.748486767173043,,,0.005895197067913264,0.00018222529963037465,0.00018018908433103985,1.3911286434020694e-05,3.1628090247586007,0.38016083639249304,0.6236533809952056,0.00013885811903718268,0.08403659803130545,5.331844371400555,0.983853906337433,0.9887113775748433,8.210835475605502e-10,0.7666632611114557
76556d9b,0.014767956824589295,16.9,0.141299368783089,0.24554051919635334,0.3623681110346966,0.0,8.202843126026797e-05,0.000684746521548328,0.0018913742932614326,0,,,0.141299368783089,,,0.24554051919635334,,,0.3623681110346966,,,,,8.202843126026797e-05,,,0.000684746521548328,,,0.0018913742932614326,,,,,0.0034393811685641492,,,0.011481156650181217,,,0.014415331973346636,,,,,0.0,,,0.0,,,0.0,,,,,15.420047561255016,,,10.158493958233201,,,3.363755745509822,,,,,10.821371008182814,,,6.805099689511813,,,3.967093291840149,,,0.007417300756661992,0.00011722920067364461,0.0002116686861569359,1.4251579269401048e-05,3.118498985223784,0.4849163082454028,0.6214929196418787,0.00014093076048036525,0.10096113670483818,5.378850097424362,0.9311028978044805,1.039285876701521,7.804260331342564e-10,0.8049750264019206
69e392fb,0.14068542061367656,16.9,0.15738897376863195,0.2518682641684191,0.3062066559979514,0.0,0.12707360081129834,0.0006239079184394064,0.006921579368541034,0,,,0.15738897376863195,,,0.2518682641684191,,,0.3062066559979514,,,,,0.12707360081129834,,,0.0006239079184394064,,,0.006921579368541034,,,,,0.0016750446674509607,,,0.011170567742414943,,,0.033415665540282184,,,,,0.07379874914050269,,,0.0,,,0.0,,,,,23.98524726294001,,,5.488037119150183,,,10.883753346801596,,,,,23.28330218886067,,,8.507239693540868,,,3.9198495651391316,,,0.006047796474955027,0.0001626877059033538,0.00028127309229235693,1.1442178282913612e-05,2.981564053407551,0.4421792754423704,0.6841392254631038,0.00013705518452422277,0.015256500165598087,5.480329211263872,1.023706626294337,1.02508472046475,1.0203182014934203e-09,0.8237378999659482
bb92a4df,0.02209114106332505,16.9,0.13675305727393655,0.23867951196698498,0.3470858784750069,0.0,0.0006594364461716687,6.278395836679114e-05,0.011837853180222385,0,,,0.13675305727393655,,,0.23867951196698498,,,0.3470858784750069,,,,,0.0006594364461716687,,,6.278395836679114e-05,,,0.011837853180222385,,,,,0.0054407188877710995,,,0.0035435563595571933,,,0.048657688354919584,,,,,0.0,,,0.0,,,0.0,,,,,11.32542992738465,,,6.072768061645821,,,33.38121895878403,,,,,9.331123234372598,,,7.238250785807091,,,3.307549506977803,,,0.006452054835412678,0.0002821459680298741,0.00020511127950368645,1.347345203726456e-05,2.9258485919182373,0.4626520451591446,0.6139918223063748,0.00013529643037687276,0.04957896033213277,5.354454407868356,0.9682686629317179,1.0092250118629966,7.63077857541677e-10,0.7925178959822543
6a9693c8,0.019113097099712578,16.9,0.13665833750972575,0.22954556041704313,0.34063806349966164,0.0,0.0009771183173505557,0.008057480905119567,6.697808366680177e-05,0,,,0.13665833750972575,,,0.22954556041704313,,,0.34063806349966164,,,,,0.0009771183173505557,,,0.008057480905119567,,,6.697808366680177e-05,,,,,0.0024911520652902705,,,0.025994741169337515,,,0.0036600022859774764,,,,,0.0,,,0.0,,,0.0,,,,,1.9992219290920026,,,6.60315831657099,,,7.103295998573204,,,,,12.853857373037,,,7.127608794295881,,,4.162474326515089,,,0.0025069215134462743,0.0003024284285808,0.00026302020832926577,1.3779929198800314e-05,3.7093812823581422,0.5334842354902265,0.5391504853120449,0.00012350082209038846,0.1061656154914993,5.400799644665912,0.9315878709322108,0.993844847530324,8.679171511195446e-10,0.7849525212828594
d5d584ea,1.7228633666944677,16.9,0.14875112581293198,0.24830773514153276,0.3670058872342644,0.0,1.7037133159262885,0.0015099706884383925,0.006716232186477241,0,,,0.14875112581293198,,,0.24830773514153276,,,0.3670058872342644,,,,,1.7037133159262885,,,0.0015099706884383925,,,0.006716232186477241,,,,,0.007150707278301734,,,0.017377978527080718,,,0.036650326564649435,,,,,0.08565466170766008,,,0.0,,,0.0,,,,,174.4735962057644,,,6.779681400254619,,,2.880684310859649,,,,,17.130316195449957,,,8.48702909640157,,,3.626692226635036,,,0.008039676959266166,0.0001288017098541985,0.00017888461942121696,1.27488488513312e-05,3.611147318774976,0.41565560902615656,0.6845279800261164,0.00021706329360901723,0.052989116855285984,5.631894660254787,0.9395840548105538,1.0586907841834392,9.530895705505698e-10,0.8155872418210702
4d24dcea,0.03177529138868671,17.1,0.14530914824633126,0.26313222892420446,0.39389351142390877,0.0,0.004125661174161843,0.000983679152246337,0.006280403949686705,0,,,0.14530914824633126,,,0.26313222892420446,,,0.39389351142390877,,,,,0.004125661174161843,,,0.000983679152246337,,,0.006280403949686705,,,,,0.02872511505342265,,,0.014026255040076357,,,0.01625512758934749,,,,,0.0,,,0.0,,,0.0,,,,,7.237176273952633,,,3.8426257459225104,,,5.926669833856949,,,,,9.746708021820332,,,6.8751601496954695,,,3.2117168841918486,,,0.010344518489264503,0.00014872473100140137,0.00019430705647667708,1.865624413071783e-05,2.889978705848965,0.6994063966448532,0.6401078633850136,0.00023927117706919835,0.04762079424318577,5.340829522181156,0.9291054901611657,1.044872812643881,7.633997433593193e-10,0.89175471504938
86138f82,0.008045569022730206,17.1,0.148443361685963,0.25490649913175084,0.35047264368874215,0.0,0.0015518105312183907,0.0005728014346956172,0.0022797517185661562,0,,,0.148443361685963,,,0.25490649913175084,,,0.35047264368874215,,,,,0.0015518105312183907,,,0.0005728014346956172,,,0.0022797517185661562,,,,,0.013631640049916753,,,0.010703283932472475,,,0.021352993788067078,,,,,0.0,,,0.0,,,0.0,,,,,20.77048993795098,,,12.353336380029923,,,11.095202628589703,,,,,13.099092014266388,,,7.079213418507522,,,3.597014777824769,,,0.006260756053980678,0.00014953266448435617,0.0001661021907932225,2.0023159234384106e-05,2.8044336025901395,0.5172479636594698,0.6114448523201031,0.00014933485385130627,0.13165028353925884,5.353140429218145,0.9427087783942723,1.0209051275831258,8.326691121450093e-10,0.8123630667417023
9fe73d6e,0.02807198518084015,17.1,0.13977413622945883,0.24021446983741565,0.3603936317842348,0.0,0.00038903188992306414,0.0035526115028600667,0.010469572358126589,0,,,0.13977413622945883,,,0.24021446983741565,,,0.3603936317842348,,,,,0.00038903188992306414,,,0.0035526115028600667,,,0.010469572358126589,,,,,0.0036958862890833204,,,0.003112121418366912,,,0.04575931021797988,,,,,0.0,,,0.0,,,0.0,,,,,21.17184690410653,,,0.9891293319157508,,,9.993918411726545,,,,,15.6148983219438,,,7.199881537354161,,,3.5654429713619793,,,0.009060664827292614,0.00020437696257725543,0.00024760159951126736,1.1880674166519805e-05,3.1377530480930895,0.5713062667564552,0.5943145350103045,0.00011859413242317549,0.09663514010376241,5.323863325710342,0.9343549527773825,0.9683337264769373,8.896941682890653e-10,0.826025752037423
c49a7c82,0.03179256497282869,17.1,0.13132153919723608,0.22384611363068774,0.34046160804798536,0.0,0.0035525182880465672,0.013765208542061256,0.0009004444104143579,0,,,0.13132153919723608,,,0.22384611363068774,,,0.34046160804798536,,,,,0.0035525182880465672,,,0.013765208542061256,,,0.0009004444104143579,,,,,0.01450642804398258,,,0.032288969485407236,,,0.01341971989584252,,,,,0.0,,,0.0,,,0.0,,,,,18.962585088585982,,,7.804391025244406,,,20.67605800981349,,,,,11.80955424587306,,,6.7983850601830715,,,3.503431187469427,,,0.004624479087099057,0.00021827767894804762,0.00016372454727062497,1.196000951929197e-05,2.4360618591051977,0.4050371611273947,0.5665740413669684,0.00015185698880869718,0.16193213634817763,5.411970406132841,0.9362647115662569,1.032341746625991,7.702471395762787e-10,0.7420710038064745
d7229b35,0.01813551601915492,17.1,0.15035809322135957,0.25141238118560744,0.3766750421109272,0.0,0.001092888510662843,0.00025121546554591703,0.003362343273268984,0,,,0.15035809322135957,,,0.25141238118560744,,,0.3766750421109272,,,,,0.001092888510662843,,,0.00025121546554591703,,,0.003362343273268984,,,,,0.014784373579308951,,,0.007088236248121489,,,0.01497699523325841,,,,,0.0,,,0.0,,,0.0,,,,,2.0115192100741184,,,1.5101960259082503,,,4.124740303729763,,,,,9.781745753153166,,,6.263630313182755,,,3.1732699800501427,,,0.006853509009728344,0.00017330076208540797,0.00029295365578211734,1.50874954453652e-05,4.482126046972152,0.5727773158567184,0.6315581691939502,0.00013169763579983445,0.08883811399390773,5.402309291909259,0.9233627102619935,1.0316027568775128,8.300599116495781e-10,0.8425301362754553
2525ab5f,1.581538269232075,17.1,0.1365771072647729,0.23346227358008764,0.3936873582233317,0.0,1.532864526253884,0.001241775433623921,0.007399250331137386,0,,,0.1365771072647729,,,0.23346227358008764,,,0.3936873582233317,,,,,1.532864526253884,,,0.001241775433623921,,,0.007399250331137386,,,,,0.01900621576041041,,,0.010285983586184941,,,0.008672420444080155,,,,,0.11793526169704455,,,0.0,,,0.0,,,,,166.79366244607533,,,11.093159933798848,,,6.935952748229294,,,,,16.543522525310404,,,6.9978024040597395,,,3.22841651213111,,,0.008084854014995873,0.0002899567614644755,0.0001262519340187839,1.1426416927014652e-05,2.6632100434258996,0.4804175012188078,0.6116886824251733,9.839828713307417e-05,0.036305512942725354,5.217901649420742,0.8963287014582538,1.022580276721432,8.413532190373177e-10,0.798179066441212
7e433a52,0.01732648563714426,17.1,0.14428815158381408,0.2375467798143224,0.36431268188161525,0.0,3.263171688235818e-05,0.00020349292107019713,0.00178303990131756,0,,,0.14428815158381408,,,0.2375467798143224,,,0.36431268188161525,,,,,3.263171688235818e-05,,,0.00020349292107019713,,,0.00178303990131756,,,,,0.0025546708939649418,,,0.006376341322801365,,,0.018884066835920487,,,,,0.0,,,0.0,,,0.0,,,,,4.483451514751084,,,12.660838216943219,,,6.107042945382158,,,,,9.16788478582188,,,6.853250042018626,,,3.199828389541636,,,0.005246057457366459,0.00020642773844578027,0.00018224553275395853,1.5786141156467456e-05,2.6213841319117734,0.5552244982965826,0.6338349370477427,0.00011295280194493027,0.147530383920509,5.512598615187323,0.8975076979091223,1.0348530504570184,7.494219473748058e-10,0.8370753669254416
39b3c003,0.024608221907223234,17.1,0.1462665114929289,0.2529144064796417,0.3798462897605225,0.0,0.004831842658465915,0.0011167293764610326,0.0029356622425674326,0,,,0.1462665114929289,,,0.2529144064796417,,,0.3798462897605225,,,,,0.004831842658465915,,,0.0011167293764610326,,,0.0029356622425674326,,,,,0.031086468626931284,,,0.014944760797423507,,,0.02423081609260172,,,,,0.0,,,0.0,,,0.0,,,,,18.1394286532047,,,12.995765204166807,,,9.08920211147666,,,,,9.849841198442443,,,6.578397512621151,,,3.5086136563048753,,,0.004672453486072039,0.0002590436741902661,0.0002811063886384448,1.4549719354689542e-05,5.522172473116402,0.47780131974126094,0.6940838511501717,0.00010488193209481037,0.11625287064989312,5.483098789561169,0.9812208576489112,1.0046835582040028,7.73454992851623e-10,0.8401815824156686
e416c5d1,0.09802172998977127,17.2,0.14673559335316397,0.2667337583310202,0.3751892949284436,0.0,0.08142840530338068,2.102263386103075e-05,0.0070784222547944165,0,,,0.14673559335316397,,,0.2667337583310202,,,0.3751892949284436,,,,,0.08142840530338068,,,2.102263386103075e-05,,,0.0070784222547944165,,,,,0.006176221109112137,,,0.002050494275097141,,,0.02591485932927302,,,,,0.08098293374382116,,,0.0,,,0.0,,,,,10.857708383234003,,,4.20000858929971,,,8.977323426541961,,,,,15.362391802758026,,,7.079716315674109,,,3.9788313487684275,,,0.009766314537903128,0.00011715432496157952,0.00028965858435049126,1.8085270270092816e-05,2.9497014537396646,0.4332701429866427,0.6860850083552176,0.00013970000772445062,0.15567591978113204,5.591077138651517,0.94146546668995,1.0605485330229725,8.957621883527251e-10,0.8220263931699676
6328edd6,0.020534417609574168,17.2,0.13917899908510706,0.23304031925479654,0.35519408778219075,0.0,0.0004914614247594113,0.0015339604959419136,0.004239400169795291,0,,,0.13917899908510706,,,0.23304031925479654,,,0.35519408778219075,,,,,0.0004914614247594113,,,0.0015339604959419136,,,0.004239400169795291,,,,,0.009914246565013515,,,0.008825599511176521,,,0.029118379658886553,,,,,0.0,,,0.0,,,0.0,,,,,8.613822105899482,,,11.855156739140579,,,5.4050688562495735,,,,,10.378761269877264,,,7.324266217382828,,,3.884493791394429,,,0.006406159957042993,0.00011651878240976364,0.00029214889688382203,1.2834600663346738e-05,2.552969170934202,0.42794279383129186,0.6159270226692082,0.00010172946998488855,0.15031481649169504,5.524379677881061,0.937334946501627,1.0400551747092053,8.379361372959381e-10,0.7802266929209827
0970a727,0.0184170502466172,17.2,0.14546757349849232,0.2577689196576627,0.37282464089398726,0.0,0.00011041039947636439,0.0008633049460195254,0.006234852340214871,0,,,0.14546757349849232,,,0.2577689196576627,,,0.37282464089398726,,,,,0.00011041039947636439,,,0.0008633049460195254,,,0.006234852340214871,,,,,0.00469915736013095,,,0.013140052861533894,,,0.03362217127019556,,,,,0.0,,,0.0,,,0.0,,,,,6.944234697311555,,,6.973506474100152,,,10.076393582461856,,,,,13.481982887199633,,,6.441082638793574,,,3.472291482718547,,,0.009369474062997282,0.00013656381798332506,0.00017831480321732723,1.527453787920218e-05,3.3827262021206184,0.5450592068662955,0.6114518291991973,0.00017558714387602608,0.16851708096133547,5.4560545339384126,0.8832555963075444,1.068520964155625,8.192149006812509e-10,0.8231724418223128
3c4a47ef,0.173300209751196,17.2,0.15074612603410859,0.25576931863492147,0.40228531580679877,0.0,0.12276241145473744,0.0006267591825316573,0.024734523706073805,0,,,0.15074612603410859,,,0.25576931863492147,,,0.40228531580679877,,,,,0.12276241145473744,,,0.0006267591825316573,,,0.024734523706073805,,,,,0.006779489273477265,,,0.011196063437937973,,,0.03843398126106206,,,,,0.1225920695992546,,,0.0,,,0.0,,,,,8.536932465062153,,,2.6102758945315037,,,2.223788424104323,,,,,15.721238498973815,,,6.660229277689784,,,3.120058099497972,,,0.00638078443366574,0.00018189610040093176,0.00017247698155433534,1.3741812592454488e-05,3.1850439994962665,0.5387607411786453,0.5752624992051989,0.00014819435683194134,0.22322336162621537,5.239032825049422,0.9552414920159482,1.0165509528387915,8.257872443041237e-10,0.8040368636898508
106ab7db,0.014321018789509156,17.2,0.146653661355528,0.2582639800430217,0.3730752084267073,0.0,0.002347827534728641,0.0006159600946517768,0.0007098839671838321,0,,,0.146653661355528,,,0.2582639800430217,,,0.3730752084267073,,,,,0.002347827534728641,,,0.0006159600946517768,,,0.0007098839671838321,,,,,0.02166946023660322,,,0.011099190012354746,,,0.011915401522263797,,,,,0.0,,,0.0,,,0.0,,,,,2.34071891860062,,,12.669504569146184,,,11.972774019982257,,,,,8.951189484606598,,,7.35614499056029,,,3.2661713869886255,,,0.007006333088736908,0.00036016996499056947,0.00017274941810749262,1.5347432844128175e-05,3.171452659988807,0.5932228916730715,0.6176024881796552,0.0001916046681273161,0.11016316255086289,5.194915682586358,0.9459222221779605,1.013473507118636,7.906461466860802e-10,0.8443876856614898
75185609,0.04953077122342121,17.2,0.13024260134036922,0.24875541272312368,0.36678886197768573,0.0,0.017346263232570065,0.0016927995804062433,0.009638258516630308,0,,,0.13024260134036922,,,0.24875541272312368,,,0.36678886197768573,,,,,0.017346263232570065,,,0.0016927995804062433,,,0.009638258516630308,,,,,0.006813662248741384,,,0.012434711586012972,,,0.04378060914853201,,,,,0.0,,,0.0,,,0.0,,,,,11.311326997431943,,,8.468083288550663,,,28.58166550900037,,,,,9.591712601826822,,,7.692029727398884,,,3.4946157839679635,,,0.004975418044705624,0.00014648895898440012,0.00015963126694785282,2.208492523769275e-05,3.065485627582636,0.7072810507922084,0.5821841373881395,0.00010451837641525859,0.0977807705442695,5.210736078941923,0.9544744692287572,1.0085102228487073,8.363594945411722e-10,0.8776391613201704
d3c023a8,0.012286132011338748,17.2,0.14278653617001422,0.26007245030294357,0.3589608163162239,0.0,0.0003236950371914705,0.004102734998986764,0.001133083127119961,0,,,0.14278653617001422,,,0.26007245030294357,,,0.3589608163162239,,,,,0.0003236950371914705,,,0.004102734998986764,,,0.001133083127119961,,,,,0.008046055396173587,,,0.014487320668686262,,,0.015053791064844503,,,,,0.0,,,0.0,,,0.0,,,,,3.4925320964731967,,,17.839143872727337,,,4.45009922480917,,,,,11.055381638835685,,,9.888327790986882,,,3.4170473605346565,,,0.005967652364346344,0.00018852135399381674,0.0001833712109434376,1.7355772704666713e-05,2.9463790041614204,0.5255732613465306,0.683479563510953,0.00021178172835420843,0.20714495353662268,5.071896805307713,1.0068193471749682,1.001009942236227,7.76409672794581e-10,0.8497658936429777
99ce962f,0.024084322218714222,17.2,0.1403329480203581,0.24848913918268303,0.3740315709958914,0.0,0.004329025937371062,0.000929548985148918,0.0015021291982769463,0,,,0.1403329480203581,,,0.24848913918268303,,,0.3740315709958914,,,,,0.004329025937371062,,,0.000929548985148918,,,0.0015021291982769463,,,,,0.008914394456523318,,,0.013634874294608792,,,0.008040657301123468,,,,,0.0,,,0.0,,,0.0,,,,,4.6585237652875575,,,8.2359260625845,,,10.347718984978268,,,,,10.645993467515282,,,6.983177265724638,,,3.612669961861362,,,0.005914993606172096,0.0001861997372398345,0.00020760578272750407,2.3833641396085966e-05,3.7391639431319925,0.5953212352184624,0.6092294719135777,8.59703608472253e-05,0.16033961012126396,5.449108443543417,0.9015907739225582,1.030799368869759,7.693071655788649e-10,0.8418025424337661
4e2edc41,0.0156790850122141,17.4,0.13439971611020987,0.24936244776577107,0.353098315769876,0.0,0.0002612844175466181,0.00301338041180502,0.0016048715823010155,0,,,0.13439971611020987,,,0.24936244776577107,,,0.353098315769876,,,,,0.0002612844175466181,,,0.00301338041180502,,,0.0016048715823010155,,,,,0.0029050022759335315,,,0.006470178038198977,,,0.01791575609513043,,,,,0.0,,,0.0,,,0.0,,,,,11.0167701843367,,,9.87146351891004,,,11.043685645245922,,,,,9.548971223736999,,,8.188942378046184,,,3.9889724161860394,,,0.0031019417793957775,0.00035397654178575893,0.00012734764969034938,1.3831196427997203e-05,2.56385860083687,0.5611242057946787,0.6074796355192417,0.00016421857090164095,0.12390165633964187,4.830867885848911,1.0043866598973752,0.9866344611674719,8.874609222920447e-10,0.8276715653331931
8fbe51d9,1.1959888948383832,17.4,0.13187019374079548,0.2690581189191369,0.3623328798784919,0.0,1.1767431219618638,0.00040436298940325655,0.002820595707898226,0,,,0.13187019374079548,,,0.2690581189191369,,,0.3623328798784919,,,,,1.1767431219618638,,,0.00040436298940325655,,,0.002820595707898226,,,,,0.008181478288564218,,,0.008992919319144997,,,0.023751192424374092,,,,,0.0,,,0.0,,,0.0,,,,,149.95952219854215,,,0.5883452431447602,,,5.411415445554548,,,,,9.789236957360322,,,6.41226968481111,,,3.421270621746858,,,0.0068686051605854875,0.0002543187685453611,0.00018642081666475245,1.701745870027636e-05,2.414426072280209,0.6735096510275889,0.6778348545436321,0.00021853855493710026,0.17026599683226518,5.033474155104774,0.9731943237982716,1.022353502982271,7.634045490202207e-10,0.8947484057477485
3995f228,0.03355733246803349,17.4,0.13263990623278565,0.2579348213102731,0.37230465389081296,0.0,0.008789254206852353,0.003924503395426703,0.0006196222261672945,0,,,0.13263990623278565,,,0.2579348213102731,,,0.37230465389081296,,,,,0.008789254206852353,,,0.003924503395426703,,,0.0006196222261672945,,,,,0.013999697228417568,,,0.02801607893844784,,,0.011132135699561828,,,,,0.0,,,0.0,,,0.0,,,,,17.762644305591497,,,10.390969766416971,,,14.810243771687276,,,,,10.001953053625462,,,7.86588804155289,,,3.7794939511880163,,,0.008264763605160916,0.00019949607203130336,0.0001304409501534787,1.2986494465023133e-05,2.430369907550237,0.5159468196899699,0.6149344007170496,0.0002600816097894853,0.10954808726180346,4.973399769863206,1.011083992592844,0.9831989959706342,7.932579986169079e-10,0.8135462785990286
93a83a12,1.5815581792064974,17.4,0.14098465293758392,0.2537474530694258,0.3802125804494361,0.0,1.561916847735195,0.00033629931277045523,0.0007317677721043138,0,,,0.14098465293758392,,,0.2537474530694258,,,0.3802125804494361,,,,,1.561916847735195,,,0.00033629931277045523,,,0.0007317677721043138,,,,,0.010379604163213173,,,0.008201211041918812,,,0.012097667313199795,,,,,0.10708043367022364,,,0.0,,,0.0,,,,,166.1162528245771,,,15.024743801863899,,,37.67150529973943,,,,,15.033228543704176,,,9.369281312343167,,,3.924840632823166,,,0.005250293275591009,0.00018951771248766248,0.0002033213561281829,1.8567243236090547e-05,3.7394289883827407,0.5338523640732574,0.7287997048039262,0.00015418429306703163,0.23932903235208508,5.300173433452635,0.9522944551392492,1.0243235539619915,8.84948513004022e-10,0.8735077435612351
61a4ab7b,0.04708385090686633,17.4,0.12832298973644865,0.25035952703666775,0.3686209785514221,0.0,0.010752527430719274,0.002815500136008741,0.009986633821037393,0,,,0.12832298973644865,,,0.25035952703666775,,,0.3686209785514221,,,,,0.010752527430719274,,,0.002815500136008741,,,0.009986633821037393,,,,,0.0009630657811827445,,,0.02372972876376273,,,0.029553677789555616,,,,,0.0,,,0.0,,,0.0,,,,,9.360229724609697,,,2.568527515083871,,,7.486319996719602,,,,,13.459042280561693,,,6.8510037197878475,,,3.9033957799426107,,,0.004508181654703913,0.000215171976849457,0.00031614605228483846,1.7354919324234167e-05,2.2128626944970673,0.5496485290318815,0.693443021863677,0.00018529950051672953,0.0913045887290801,5.158725220799872,0.9859706567942387,0.9501768830299627,8.569164471338147e-10,0.8618722696585792
10da1e3c,1.6721566050891805,17.4,0.15160906192802961,0.25414387464278587,0.31043230282963885,0.0,0.0002242387733860738,8.738799657105869e-05,1.6698346827486898,0,,,0.15160906192802961,,,0.25414387464278587,,,0.31043230282963885,,,,,0.0002242387733860738,,,8.738799657105869e-05,,,1.6698346827486898,,,,,0.006696846621897112,,,0.0041806218812769635,,,0.01744588058276183,,,,,0.0,,,0.0,,,0.0,,,,,8.946536971118714,,,1.7771077575961447,,,175.89381883654337,,,,,9.704971008699891,,,7.083364094753462,,,3.934952559581997,,,0.007736279997944771,0.00012823175520885086,0.0001730315403027699,1.4023780327774684e-05,3.843255735345263,0.4848709223366687,0.5850646789396202,0.00026649556399806597,0.19619727439887455,5.202337790621958,0.9579469623363805,1.0614887572149567,7.606946846808974e-10,0.7861962443043343
0d2ef78e,1.5545050296974106,17.4,0.13971438014576998,0.2682601823218503,0.3746712202415834,0.0,0.0010794653480412893,0.0024647636107088086,1.5370573548699096,0,,,0.13971438014576998,,,0.2682601823218503,,,0.3746712202415834,,,,,0.0010794653480412893,,,0.0024647636107088086,,,1.5370573548699096,,,,,0.014693300160558139,,,0.022202538641825663,,,0.032262671411118854,,,,,0.0,,,0.0,,,0.0,,,,,15.615674256643214,,,10.466026289361698,,,171.39124263513582,,,,,8.77693536173243,,,6.470495715699873,,,3.272114292522222,,,0.006017919004002713,0.0002799802600845215,0.0001322676393776097,1.7667580331758145e-05,3.7936150032964417,0.563004574454513,0.7098783545296079,0.00015687839399732193,0.23408581355865693,5.116123620037604,0.9810931334189753,0.9701342183654807,6.827093293711087e-10,0.8731471802422561
64cff9d6,0.031238119978833946,17.4,0.1355522854733355,0.2585584429695534,0.3827119327852494,0.0,0.001779802169608153,9.161942996491898e-05,0.006134908816754728,0,,,0.1355522854733355,,,0.2585584429695534,,,0.3827119327852494,,,,,0.001779802169608153,,,9.161942996491898e-05,,,0.006134908816754728,,,,,0.018866913735999077,,,0.004280640839054802,,,0.023401954280869927,,,,,0.0,,,0.0,,,0.0,,,,,10.850769754048498,,,5.304910242132249,,,23.00008370702851,,,,,8.94188540657261,,,6.568427064050573,,,3.322452238418506,,,0.0044891184459098475,0.0002680576614039613,0.00018302748344620136,2.6204792257239063e-05,2.490786641429184,0.6415248451437371,0.6992177725461581,0.0001348165791145827,0.24146549064406198,5.374508465038706,0.9021265784451891,1.00260398326087,7.487005539188135e-10,0.8921071226582178
35866707,0.015508095279878113,17.5,0.1329538114925828,0.2593332218666164,0.3492476882187493,0.0,0.001221173492795979,0.001558793888075243,0.0030659333994019766,0,,,0.1329538114925828,,,0.2593332218666164,,,0.3492476882187493,,,,,0.001221173492795979,,,0.001558793888075243,,,0.0030659333994019766,,,,,0.003850439530884346,,,0.01765669214816435,,,0.02476260648397893,,,,,0.0,,,0.0,,,0.0,,,,,8.965264452624758,,,8.494726803418883,,,4.8471240105336015,,,,,10.107679638589088,,,7.740439444440015,,,3.397862153983607,,,0.0012844253916937743,0.00032414351090436015,0.00011819507800857887,1.6300149838623822e-05,2.9390915667513813,0.543277423872779,0.6684858269539041,0.00014420341866344303,0.18449710828928664,4.943484230412096,0.9681396277317142,0.9418170010649287,8.378973791067223e-10,0.8485231442810064
e4303c4e,0.07008640899539308,17.5,0.12712522292397266,0.245649980891961,0.35566994838510263,0.0,0.048519402033372246,0.0013377373098722978,0.002059429670851245,0,,,0.12712522292397266,,,0.245649980891961,,,0.35566994838510263,,,,,0.048519402033372246,,,0.0013377373098722978,,,0.002059429670851245,,,,,0.00504957547229833,,,0.016356878124338385,,,0.020294973125635052,,,,,0.0,,,0.0,,,0.0,,,,,31.138969800324023,,,6.111806745442778,,,7.041608901296188,,,,,10.341920557451951,,,8.038786841376591,,,2.9135156594422935,,,0.005742741863221484,0.00022174960461968064,0.00018506293247640452,1.777096370112717e-05,1.9162111325552353,0.6543524008664647,0.5950719694044196,0.00016448249623770975,0.12352589718721776,5.031312129184321,0.9677131901832511,0.9895660153127521,8.183717725586163e-10,0.8599780912058265
de7a16c1,0.017261299069852222,17.5,0.14702010929621037,0.2547566536794448,0.37131223189603624,0.0,0.00181492006197074,9.981926678115371e-05,0.004526095319232645,0,,,0.14702010929621037,,,0.2547566536794448,,,0.37131223189603624,,,,,0.00181492006197074,,,9.981926678115371e-05,,,0.004526095319232645,,,,,0.0036563196582741495,,,0.004468092809715432,,,0.030086858657003872,,,,,0.0,,,0.0,,,0.0,,,,,22.32832956942905,,,3.329694465125929,,,1.7498709713975686,,,,,11.865719173606738,,,6.816103685324324,,,3.60676132745215,,,0.00238733038346174,0.00024003437199018692,0.00011544289486599116,1.4604882443576283e-05,2.6459428727566707,0.5245758062973358,0.626321199904616,0.00013673550671230433,0.1899467336641571,5.09089462859719,0.960278849955957,0.9837574359377302,8.213436754455655e-10,0.8222814256408826
62cb55d4,0.010792737318214531,17.5,0.13986914612752147,0.2616729979015223,0.3603243050637753,0.0,0.00034238323779824613,0.0009252591078562863,0.0009161504141656403,0,,,0.13986914612752147,,,0.2616729979015223,,,0.3603243050637753,,,,,0.00034238323779824613,,,0.0009252591078562863,,,0.0009161504141656403,,,,,0.00827506178585086,,,0.013603375374195084,,,0.013536250693346664,,,,,0.0,,,0.0,,,0.0,,,,,5.1658335803992665,,,6.334001239058078,,,7.923674374577664,,,,,10.245200490623237,,,7.344052213148904,,,3.3953584497963054,,,0.0029610097293328768,0.0005138493363322137,0.00013899088735994556,1.689269954852974e-05,2.4803160703196934,0.6114551308953572,0.6494448444832405,0.00015657444140589413,0.1813926967584773,4.860548546073939,0.9702087326961184,0.9863135850729813,7.720216315489201e-10,0.8637286485013347
bf71cd24,1.5980877977518686,17.5,0.1313044055579724,0.24127527574615454,0.36363219140771263,0.0,1.5639706348081912,0.0014992839009430083,0.012737260882924335,0,,,0.1313044055579724,,,0.24127527574615454,,,0.36363219140771263,,,,,1.5639706348081912,,,0.0014992839009430083,,,0.012737260882924335,,,,,0.003555556636993832,,,0.017316373182297777,,,0.05047229117629659,,,,,0.011245769808399073,,,0.0,,,0.0,,,,,169.91379063778686,,,10.97603436421695,,,5.599280919821025,,,,,13.856355778399601,,,8.4345006165227,,,3.173449289279506,,,0.0034698705384560344,0.0002553037640313887,0.00010856328914201476,1.8703503151535973e-05,3.5446784232282105,0.6212101665223275,0.5012093573694488,0.00014493648980333314,0.10102305610369067,5.105418122862987,0.9579095446334882,1.0085783582432368,8.439322945169154e-10,0.8110130546020153
866aa67b,0.05153734840986243,17.5,0.1290899409677916,0.24547565791822318,0.38297554486467955,0.0,0.014275335634545373,0.0005198333210617333,0.0034590099864157064,0,,,0.1290899409677916,,,0.24547565791822318,,,0.38297554486467955,,,,,0.014275335634545373,,,0.0005198333210617333,,,0.0034590099864157064,,,,,0.019758805963310946,,,0.010196404474732584,,,0.02630212913973204,,,,,0.0,,,0.0,,,0.0,,,,,15.383927495898897,,,7.2132073112780075,,,7.727857227061743,,,,,9.517829538394674,,,7.673407848065708,,,3.3034985309453906,,,0.002381394223671879,0.0005017627224160737,9.959284708356648e-05,1.4378403003997371e-05,3.1649404555092726,0.6229231079557679,0.5783821762702723,0.0001460047050974627,0.2652603254996443,4.867769504611216,0.9499341578595061,0.924055989293958,8.066274299467349e-10,0.8409598231799144
21a0588a,0.015363955461531575,17.5,0.14606121785274762,0.2420540530841681,0.35644806293358616,0.0,0.0001385856259264645,0.00047916889944453483,0.005016760425483439,0,,,0.14606121785274762,,,0.2420540530841681,,,0.35644806293358616,,,,,0.0001385856259264645,,,0.00047916889944453483,,,0.005016760425483439,,,,,0.005264705612405399,,,0.009789472911699943,,,0.031657601724001165,,,,,0.0,,,0.0,,,0.0,,,,,1.7125819990972635,,,6.472630542193491,,,22.008860702689887,,,,,9.53464378741119,,,7.142748907651892,,,3.66059843942818,,,0.006265392736873985,0.0003170916502402394,0.000261626475165045,1.6637479418399406e-05,2.412695173154571,0.5539433217001479,0.6128397658162655,0.00019668133856549195,0.18740841538698855,5.307275155482967,1.0003608998141502,0.9828582698809132,8.150116509858389e-10,0.827243307993629
feaec88f,0.035788156066222244,17.5,0.13625450840623965,0.2684075744389847,0.38522984069326954,0.0,0.0005525941652613074,0.0017404795884341264,0.010975483536492187,0,,,0.13625450840623965,,,0.2684075744389847,,,0.38522984069326954,,,,,0.0005525941652613074,,,0.0017404795884341264,,,0.010975483536492187,,,,,0.01051279377959358,,,0.018657328792912056,,,0.046851859165869154,,,,,0.0,,,0.0,,,0.0,,,,,2.000080206669802,,,8.918163296789437,,,11.303896111949141,,,,,10.205368686189733,,,6.949335186456491,,,2.9884767183676426,,,0.005514186197679156,0.00019196143824426666,0.00021446198507245516,1.5434646508757897e-05,3.1609189868804384,0.540809428225534,0.6780367625148738,0.0002354569801215421,0.1121304089903875,5.095086859971797,0.9861873476986047,0.9898153218906041,7.628667809188977e-10,0.8520897132125953
08004412,0.0436830937694168,17.7,0.13125080225867883,0.24863561820881058,0.37433667070785426,0.0,0.00831820041841062,0.005412502930913256,0.005537117217127821,0,,,0.13125080225867883,,,0.24863561820881058,,,0.37433667070785426,,,,,0.00831820041841062,,,0.005412502930913256,,,0.005537117217127821,,,,,0.006639415817200121,,,0.032901376660903585,,,0.033277972345465465,,,,,0.0,,,0.0,,,0.0,,,,,30.61124015275364,,,3.633473503127417,,,2.5512301548884295,,,,,12.701365133886489,,,7.330406453298407,,,3.5616048537818443,,,0.005168353212755695,0.0006337693432574345,0.00013613538455389907,2.4542626561705026e-05,1.9305750132070223,0.6749567488099677,0.6019959086105279,0.0001920000956211688,0.159496282044579,5.063940497854864,0.985547681631956,1.0049948035423404,9.171548515097634e-10,0.8705712565569702
322301fb,0.015330910591577004,17.7,0.1431476626446191,0.24788994793001226,0.3647342099399976,0.0,0.0003632778931384964,0.0014833506247818604,0.001822880747259419,0,,,0.1431476626446191,,,0.24788994793001226,,,0.3647342099399976,,,,,0.0003632778931384964,,,0.0014833506247818604,,,0.001822880747259419,,,,,0.008219702487776117,,,0.017224114634905682,,,0.019093877276548203,,,,,0.0,,,0.0,,,0.0,,,,,4.784187706556528,,,13.463331999548577,,,16.295250373108278,,,,,9.839906216204511,,,7.256621647050673,,,3.416576308564698,,,0.0016364566841334971,0.0005679498258653132,0.0001419111147083272,2.1635074908722554e-05,2.3975389958487265,0.5673721700315736,0.6623056326803805,0.0001702437805628639,0.25704021994809334,5.147742605743737,0.9674294382639339,0.9644053439243514,7.648587497287798e-10,0.8538377881106842
9e426f72,0.036675098608821566,17.7,0.12731901219824385,0.2522996589290836,0.3583870390513016,0.0,0.014123818064922307,0.002950625840514545,0.0008661765723135754,0,,,0.12731901219824385,,,0.2522996589290836,,,0.3583870390513016,,,,,0.014123818064922307,,,0.002950625840514545,,,0.0008661765723135754,,,,,0.0021144325691606443,,,0.012791814313126773,,,0.013161888711834449,,,,,0.0,,,0.0,,,0.0,,,,,9.529270465437989,,,10.128611957806553,,,7.650009610242354,,,,,9.445890211753708,,,7.244006675335964,,,3.5862131215771953,,,0.0017008426525978457,0.0004975241032957235,9.506338055710691e-05,1.7887133566679635e-05,2.20807329301547,0.5040722150437542,0.6735166757554405,0.00014474662048833168,0.22483821716301386,5.110093474304736,0.9897321410853641,0.9574381234249093,8.103556726759833e-10,0.8380204965146683
c6f3ed7c,0.0654529914927498,17.7,0.12705679278472803,0.24286517034964247,0.3665287276920316,0.0,0.026855457424594054,0.0003163457326632026,0.013346148604729961,0,,,0.12705679278472803,,,0.24286517034964247,,,0.3665287276920316,,,,,0.026855457424594054,,,0.0003163457326632026,,,0.013346148604729961,,,,,0.004489725676052599,,,0.007200338658250086,,,0.006118320515187357,,,,,0.0,,,0.0,,,0.0,,,,,6.382993409176587,,,1.7377345901971963,,,15.835893392538804,,,,,9.122867333439588,,,7.1677782140772734,,,3.072780714036244,,,0.001178511210825759,0.0002845398740678909,0.00014737792911709185,1.5874717794169223e-05,1.819247815718474,0.804820734361898,0.576223213356678,0.00013302404537712158,0.25905151135560756,4.941284943175294,0.981454046599692,0.9543695852229519,7.518136458786998e-10,0.9172299356671462
075b903b,0.03291930582766064,17.7,0.12904726966502222,0.23263725334269472,0.3558084959982819,0.0,0.008607888420987591,0.0017787839432642418,0.0028900174359798927,0,,,0.12904726966502222,,,0.23263725334269472,,,0.3558084959982819,,,,,0.008607888420987591,,,0.0017787839432642418,,,0.0028900174359798927,,,,,0.0014655637165600433,,,0.0037884986023184776,,,0.024041703084348633,,,,,0.0,,,0.0,,,0.0,,,,,9.504836271980409,,,15.528924039750976,,,8.192293526951543,,,,,10.279777081840338,,,6.039096264116564,,,3.5264323902089583,,,0.004241480919422717,0.0006022824733523995,0.00014310473508801595,1.8728005098813232e-05,1.962234174949146,0.45333402871135076,0.633156536145574,0.00015059144877942258,0.22766157813283608,5.033999388082503,0.9466387083317594,0.9560842417039345,8.00564350214826e-10,0.7993958458675132
00e2f232,0.014986451022650093,17.7,0.14283644192435838,0.252033929793142,0.36740713725552543,0.0,0.00022450847362066536,0.0011843965405189706,0.0019001572398800561,0,,,0.14283644192435838,,,0.252033929793142,,,0.36740713725552543,,,,,0.00022450847362066536,,,0.0011843965405189706,,,0.0019001572398800561,,,,,0.006700872683772844,,,0.01539088392860508,,,0.019494395296495125,,,,,0.0,,,0.0,,,0.0,,,,,5.071833271555365,,,15.498719092146379,,,11.65515416037673,,,,,12.816448865913129,,,8.319742482194156,,,4.1331450079563,,,0.003439596191791295,0.0005092565228947485,0.00018175719206149141,1.764441262738667e-05,2.5864049981570307,0.45939909473528573,0.691213462583176,0.00011521110234220579,0.12112096551054159,5.3324024259466345,1.0021707083783713,1.026880175333651,7.927718755918455e-10,0.83300059699265
91ae9355,0.024262855265463054,17.7,0.12983181324909338,0.25803217887107355,0.3576136990471756,0.0,0.006766645877598221,0.0004621742169697219,0.0013575574114817622,0,,,0.12983181324909338,,,0.25803217887107355,,,0.3576136990471756,,,,,0.006766645877598221,,,0.0004621742169697219,,,0.0013575574114817622,,,,,0.0065591594142481325,,,0.009614304103467104,,,0.016477605478234767,,,,,0.0,,,0.0,,,0.0,,,,,13.926229579467776,,,3.890592301320668,,,1.2976700344378318,,,,,10.49908485156084,,,7.477032266189756,,,3.7478907085183413,,,0.0032689976275096597,0.00036578766681723794,0.00013190644390404115,1.2619261375751608e-05,2.309445698325664,0.5589618684381392,0.6495747413488379,0.00016164947253349062,0.19828534774013673,4.9571358169019115,0.957224268101706,1.0075529673254238,7.457884378207411e-10,0.8453841411982748
f264968f,0.02175946170035483,17.7,0.14517221342633105,0.2602460173400163,0.36729992122805677,0.0,0.0007978731447687645,0.0007950628385890614,0.011646229130832318,0,,,0.14517221342633105,,,0.2602460173400163,,,0.36729992122805677,,,,,0.0007978731447687645,,,0.0007950628385890614,,,0.011646229130832318,,,,,0.004924316916916185,,,0.012610018545498348,,,0.01320202671445392,,,,,0.0,,,0.0,,,0.0,,,,,12.062247452753347,,,7.712098621263916,,,9.785434084680123,,,,,10.643335811352552,,,8.135853531940121,,,3.13576930810109,,,0.004457664739169406,0.00028074081342763566,0.00018978398678503705,1.7394820649078623e-05,3.5187013012485817,0.5053034970102384,0.6597662563574952,0.00013965799366734243,0.13930698771524483,5.14798434115458,0.9696099266772747,1.0353393892500908,7.892557341311582e-10,0.8316215801953021
bda1948f,0.039858629355261216,17.8,0.14364068782057457,0.2600490270775902,0.3388897769007889,0.0,0.0024262712702522336,0.002438448412960695,0.03342985932783627,0,,,0.14364068782057457,,,0.2600490270775902,,,0.3388897769007889,,,,,0.0024262712702522336,,,0.002438448412960695,,,0.03342985932783627,,,,,0.008162980140635732,,,0.02208369721292472,,,0.033856337130013375,,,,,0.0,,,0.0,,,0.0,,,,,1.4476213809682648,,,7.282938803170978,,,17.35606738233043,,,,,10.708467458970576,,,7.857613785437932,,,3.7399742102307996,,,0.002630128787974475,0.00041296244701536906,0.00023363998412829554,1.9678868925758227e-05,3.345365982406017,0.5973869715871143,0.7023044862513903,0.00010449991487270285,0.12466654343513456,5.158187448883487,0.9960317280888367,0.9963284025896233,7.191270307507492e-10,0.8800736772161173
24e9a2bc,0.02727958846236714,17.8,0.15086447998022473,0.2588028097314302,0.38193896251473763,0.0,3.2645668874358295e-05,0.002629122776934132,0.011906569833954498,0,,,0.15086447998022473,,,0.2588028097314302,,,0.38193896251473763,,,,,3.2645668874358295e-05,,,0.002629122776934132,,,0.011906569833954498,,,,,0.002555216972171181,,,0.022930864689034873,,,0.048798708659050595,,,,,0.0,,,0.0,,,0.0,,,,,11.217571234724412,,,12.7174200954065,,,12.478339924837272,,,,,9.123582913707484,,,7.471617850261785,,,3.1101233603189935,,,0.0020402639476654817,0.0005617175805538709,0.00014261210531790245,1.5805891054969077e-05,2.8675782754742496,0.5389969526412429,0.7716181781113548,0.00012452351851531844,0.23393057285425234,5.136377034038631,0.9983190131289159,0.9738799129962166,7.060900301900929e-10,0.8946381223301785
0e990cad,0.008237598422984209,17.8,0.1477346964368823,0.2574559433900419,0.3661910009900427,0.0,0.00010176310968915263,0.00020027757464362325,0.00013913989251424842,0,,,0.1477346964368823,,,0.2574559433900419,,,0.3661910009900427,,,,,0.00010176310968915263,,,0.00020027757464362325,,,0.00013913989251424842,,,,,0.004511388027850245,,,0.006328942639076819,,,0.0052752230761219645,,,,,0.0,,,0.0,,,0.0,,,,,26.708380413455124,,,9.800109160120806,,,12.72778827718768,,,,,12.148471020173027,,,8.221597307863046,,,3.706238280459853,,,0.003593077784359507,0.0006106148927087541,0.00011116445590053295,1.7894690905636412e-05,2.6626248207103314,0.47089695482874067,0.7436688999624951,0.00012705956060695667,0.14573932507985993,5.173214773507955,0.9864994564380405,1.0401710239688708,7.647471967741994e-10,0.8643000675080612
888de1cd,0.05077966230113766,17.8,0.1422531702086429,0.2586453450496375,0.36944417584269557,0.0,0.029185872424566158,3.7565105263678576e-05,0.010333160589097569,0,,,0.1422531702086429,,,0.2586453450496375,,,0.36944417584269557,,,,,0.029185872424566158,,,3.7565105263678576e-05,,,0.010333160589097569,,,,,0.006646916794744863,,,0.002740989064687365,,,0.02149545008105554,,,,,0.029165698236481356,,,0.0,,,0.0,,,,,17.672345438717247,,,17.98688243439631,,,39.6620695450206,,,,,18.91449271071269,,,7.405803971644296,,,4.180631269146746,,,0.0027345480562033894,0.0004916680145917115,0.00012570542424146934,1.696162837549798e-05,2.4442835873765145,0.475804556086914,0.6719261495583085,0.0001727014860602295,0.17442082176849086,5.306947246557686,0.9912080676546663,1.0286619109478121,8.564263892670058e-10,0.8279579897164864
8764db8a,1.1106482055047764,17.8,0.12591688339456772,0.23354980986093887,0.31806784780037833,0.0,0.020351114602735004,1.0819908079896945,0.003069410463342354,0,,,0.12591688339456772,,,0.23354980986093887,,,0.31806784780037833,,,,,0.020351114602735004,,,1.0819908079896945,,,0.003069410463342354,,,,,0.006052476654357587,,,0.013500770165330854,,,0.024776644096173937,,,,,0.0,,,0.0,,,0.0,,,,,20.006111464642125,,,141.85551770751363,,,25.26599380261299,,,,,10.166308577218727,,,8.264539788655929,,,3.4835241481912176,,,0.0019741443907258503,0.00038147775938656277,0.00018659335998467066,1.961083496818349e-05,2.0978548476408387,0.39656205273323275,0.650821574506205,8.407194512902034e-05,0.09376050145968645,5.554554008773844,0.9905885674935707,1.0135997521492062,7.718067993808874e-10,0.789227405532732
c906b824,0.01545667764058798,17.8,0.1402831368072743,0.24313041719364645,0.3490668686527298,0.0,0.0004891033032172747,0.00304998458968628,0.004061635990075526,0,,,0.1402831368072743,,,0.24313041719364645,,,0.3490668686527298,,,,,0.0004891033032172747,,,0.00304998458968628,,,0.004061635990075526,,,,,0.009890432783425352,,,0.020761990839504172,,,0.0285013543189636,,,,,0.0,,,0.0,,,0.0,,,,,21.264910653444037,,,10.588824262969071,,,10.81532563620847,,,,,9.037801043940583,,,6.778879899788767,,,3.28556658221349,,,0.003081841971627353,0.00040288776676590586,0.00016160026908884696,1.4781467759025962e-05,2.696803805582405,0.4960363364045682,0.6093067223934687,0.00015716534347301307,0.1824223717686125,5.11679489942267,0.989083887423313,0.9444929849174813,7.859489798032967e-10,0.8030438538030661
ed88d63f,0.03235366917827651,17.8,0.12746785148441553,0.23958623252812608,0.3433906397570164,0.0,0.014046597855765352,0.002150582200537472,0.0033396886171363142,0,,,0.12746785148441553,,,0.23958623252812608,,,0.3433906397570164,,,,,0.014046597855765352,,,0.002150582200537472,,,0.0033396886171363142,,,,,0.009533629149357011,,,0.020739248783586507,,,0.02584449116208835,,,,,0.0,,,0.0,,,0.0,,,,,4.119041015536012,,,7.045982634769551,,,2.2128638007843047,,,,,9.836613177731818,,,7.327288196144399,,,3.510366872939018,,,0.0023898709666040872,0.0006162248146645634,0.00015368803333645339,1.6021422553666222e-05,1.8542719136196661,0.522012819634402,0.7431373539676193,0.00012232087345505926,0.12692809805358854,5.158648817232976,0.9868263143880216,1.001881045484308,7.437547421169733e-10,0.8771486343463389
700f1102,0.028452428033059963,17.8,0.14029527458471514,0.2711260276686897,0.38458097908230715,0.0,0.001393601248504372,0.003565176733294354,0.00565345480438928,0,,,0.14029527458471514,,,0.2711260276686897,,,0.38458097908230715,,,,,0.001393601248504372,,,0.003565176733294354,,,0.00565345480438928,,,,,0.01373136014408927,,,0.026702721708823443,,,0.03352101400419849,,,,,0.0,,,0.0,,,0.0,,,,,5.099554099704455,,,8.453720289964437,,,6.379682622593586,,,,,11.159100787796541,,,6.948208578912791,,,3.8616604097249354,,,0.00197184553778495,0.0006234249618196605,0.00016015786058103058,2.0665456245900245e-05,3.533431938051167,0.45477210122341793,0.7305456841225079,0.00011846553670414267,0.14183641818764772,5.2769836953385125,0.9655676914764653,1.052837587634033,7.695814985957051e-10,0.8530129349694213
5fe19014,1.7072473784828208,18.0,0.1379830155284515,0.26314999438256814,0.3658968562920036,0.0,1.6864204779152128,0.003813431354352075,0.005069727736508044,0,,,0.1379830155284515,,,0.26314999438256814,,,0.3658968562920036,,,,,1.6864204779152128,,,0.003813431354352075,,,0.005069727736508044,,,,,0.014766305819773779,,,0.015351044608977526,,,0.0318425116362012,,,,,0.04824115634024538,,,0.0,,,0.0,,,,,172.45633394605147,,,13.414053240960559,,,6.909469866646302,,,,,14.05940090459266,,,11.82132765692578,,,3.474036546505476,,,0.005969216727771123,0.00025149940767477667,0.00018793746654518215,1.3562392189441711e-05,3.214408194112957,0.5577807457333696,0.6384751448199808,0.00010887552592419141,0.07761023805303138,5.195927846180597,1.0029596489655075,1.0695685387532683,8.800242395267403e-10,0.8400629006289584
b6327b07,0.03788091955028468,18.0,0.13085242249523926,0.2586772125582882,0.37449892215915115,0.0,0.004466930289784337,0.0028413308956306603,0.007359374425993549,0,,,0.13085242249523926,,,0.2586772125582882,,,0.37449892215915115,,,,,0.004466930289784337,,,0.0028413308956306603,,,0.007359374425993549,,,,,0.00582686779168105,,,0.023838334235557066,,,0.01723166880745546,,,,,0.0,,,0.0,,,0.0,,,,,5.678162802190323,,,5.3165273622325415,,,16.16456288827637,,,,,9.098132539949209,,,5.972443292447743,,,3.5690718376686585,,,0.003318138954644458,0.000709197566713781,0.00013384697383349864,2.801224125243735e-05,2.707328406983885,0.5651558969658421,0.7054470140535563,0.00012757306033431013,0.16799527992562915,5.361745213351541,0.9562014324791184,1.0391282117106988,7.295184785887853e-10,0.8718448263286804
85a58e59,0.02257989768885823,18.0,0.13712326336277939,0.2515558199722471,0.36817089655234925,0.0,0.0010573662070369448,0.0017054642189972204,0.004370327427811465,0,,,0.13712326336277939,,,0.2515558199722471,,,0.36817089655234925,,,,,0.0010573662070369448,,,0.0017054642189972204,,,0.004370327427811465,,,,,0.014542119563783986,,,0.01148252746475482,,,0.029564598518537218,,,,,0.0,,,0.0,,,0.0,,,,,12.947395753966251,,,15.390138005063225,,,8.633674676556764,,,,,11.278594088604727,,,8.114936115143557,,,3.3805136690250537,,,0.00297882420936813,0.0005434297240664977,0.00013222548111647048,1.4577013199106873e-05,2.3556616856036645,0.7019738779297612,0.6011511511436445,0.00014061176353102675,0.1280193789343282,5.117447307864909,0.9808681179464843,0.9806743884897663,8.523388286427638e-10,0.8810725091680471
8fd67021,0.027278707259036826,18.0,0.1434841951686945,0.2683891799372484,0.37951599721459617,0.0,0.0008679739428890482,0.001706760932631673,0.011598671297062053,0,,,0.1434841951686945,,,0.2683891799372484,,,0.37951599721459617,,,,,0.0008679739428890482,,,0.001706760932631673,,,0.011598671297062053,,,,,0.013175537506219989,,,0.018475718836525268,,,0.007940056204329147,,,,,0.0,,,0.0,,,0.0,,,,,24.57430241786425,,,10.871194031141146,,,16.59177107418581,,,,,9.37440697415453,,,7.009673628043682,,,3.9954821708850887,,,0.006059979954631907,0.0007642345086957935,0.00013231806443829986,2.245761265988529e-05,2.486324247998487,0.4292512448965261,0.8115188045475392,0.000156992397896921,0.2913662934981822,5.22038542046517,0.9781633627956483,1.0329069862780276,6.97881191603322e-10,0.8923434404546386
0e04ad29,0.018328164184460285,18.0,0.13474510550008728,0.2576629828535326,0.34346341201695596,0.0,0.002232677406732981,0.00027536441746574286,0.009243252167274285,0,,,0.13474510550008728,,,0.2576629828535326,,,0.34346341201695596,,,,,0.002232677406732981,,,0.00027536441746574286,,,0.009243252167274285,,,,,0.009700410719188689,,,0.007421110664391724,,,0.015332931327860217,,,,,0.0,,,0.0,,,0.0,,,,,18.3976233584979,,,11.598166425715737,,,31.541602876018008,,,,,10.638707253067805,,,7.471289273960553,,,4.164652627629778,,,0.0047669085268850315,0.0005955540216308931,0.00015438100842220812,1.3539205978518145e-05,2.62768517007827,0.5330025412839037,0.7011008047339191,0.0001221245974568854,0.2537237777924586,4.892930696335512,0.9770817837432281,1.012004528279582,8.597513657417501e-10,0.8603447253179806
013e2c16,0.04058435092088929,18.0,0.12443804065477575,0.23866219317479667,0.3239049555229301,0.0,0.027692003608818228,0.0005687598993847142,0.0047738266395328756,0,,,0.12443804065477575,,,0.23866219317479667,,,0.3239049555229301,,,,,0.027692003608818228,,,0.0005687598993847142,,,0.0047738266395328756,,,,,0.008751823956606862,,,0.010665457321509605,,,0.02761207831949787,,,,,0.0,,,0.0,,,0.0,,,,,11.348357386875913,,,12.770283773951384,,,9.723185877803344,,,,,11.04571400410144,,,7.871599127176304,,,3.9577306258897913,,,0.0018578888472806118,0.0006038260962334071,0.00012646679849794403,1.1511328467286841e-05,2.2174614825081798,0.3060459296454481,0.698378439006975,0.00011518970712413855,0.22823832968409777,4.909776261773416,1.016722715082609,0.9452975033327241,9.096795952420934e-10,0.7906186521982959
8c1259c9,0.019058114221749224,18.0,0.14117063029958668,0.26200850353088845,0.36760103380131776,0.0,0.00018129630023378145,0.002113526269012317,0.006238108603063634,0,,,0.14117063029958668,,,0.26200850353088845,,,0.36760103380131776,,,,,0.00018129630023378145,,,0.002113526269012317,,,0.006238108603063634,,,,,0.006021566245318264,,,0.02055979702726813,,,0.03532168909625822,,,,,0.0,,,0.0,,,0.0,,,,,19.864472168392318,,,1.9488913246520354,,,18.95906543522816,,,,,12.799292852858967,,,7.132356808226923,,,4.2575995509918965,,,0.0027121338736083543,0.0005713851741757787,0.00012301472571290937,1.9261956879813504e-05,3.1000450834118083,0.46419819585957284,0.690635620393942,0.0001224119042892805,0.19370122389758163,5.0757452698583325,0.9939923105867731,1.0042968029309116,8.538625347048752e-10,0.8341729437082508
c2b6f917,0.019180037712136607,18.0,0.1362804016590583,0.2622942196656885,0.37008430509424345,0.0,0.00020127374259303358,0.0018599005700764843,0.0018584535765441817,0,,,0.1362804016590583,,,0.2622942196656885,,,0.37008430509424345,,,,,0.00020127374259303358,,,0.0018599005700764843,,,0.0018584535765441817,,,,,0.0063446629948805565,,,0.01928678599495771,,,0.010195710504617617,,,,,0.0,,,0.0,,,0.0,,,,,2.2735681568781985,,,2.9541710070650318,,,8.849126687288498,,,,,10.574290026408933,,,8.267155231216757,,,3.2021984098375467,,,0.003736256268736889,0.0005401196535368958,9.928911559856493e-05,2.1930904056570703e-05,3.1586750716010425,0.5302090088897531,0.6690813178637808,0.00017445787037966291,0.17861791894697082,5.139586779341168,1.0129339500852952,1.0285057107703148,7.309302051689477e-10,0.8444704762105424
4b5624c8,0.056076090022589536,18.1,0.14516544853789956,0.2506859518042066,0.3529575712912803,0.0,0.0033656362620958897,0.0020532189475004213,0.044784911302555075,0,,,0.14516544853789956,,,0.2506859518042066,,,0.3529575712912803,,,,,0.0033656362620958897,,,0.0020532189475004213,,,0.044784911302555075,,,,,0.017878016556368493,,,0.020264347744254792,,,0.07051810918152293,,,,,0.0,,,0.0,,,0.0,,,,,28.116631380622685,,,14.484077747942935,,,9.16539764167534,,,,,11.296322640259659,,,7.9040402899975515,,,3.8042940987768326,,,0.00482929782253155,0.0005280413415603597,0.00015128170230244782,1.5673707970247687e-05,3.1844639101359173,0.4280685958003741,0.7543196822097695,0.000121998816745148,0.17500337701066324,5.142338442542607,0.999404528288648,1.030245290421624,7.707121489984005e-10,0.8594122788938022
1f8e9fcd,0.024289918009922848,18.1,0.15694422202307765,0.2562781633790591,0.36856458826444816,0.0,0.001206481456824824,0.000995312574958976,0.014312083124862728,0,,,0.15694422202307765,,,0.2562781633790591,,,0.36856458826444816,,,,,0.001206481456824824,,,0.000995312574958976,,,0.014312083124862728,,,,,0.015533714667295933,,,0.01410895159080912,,,0.05350155722007113,,,,,0.0,,,0.0,,,0.0,,,,,13.895600571527492,,,19.962560984068915,,,7.971529941992548,,,,,9.76010373082117,,,7.988821823471018,,,3.376458690778933,,,0.006690963532577624,0.000482153820045172,0.00012289460343657948,1.9309723564706006e-05,3.040323816115932,0.5695572297312943,0.648792373434394,0.0001700141861493221,0.3262696137638076,4.7554887570929205,1.0013647935411203,1.002783927956543,7.929553950024899e-10,0.84876033704426
cf1845e4,0.03864303904545589,18.1,0.1337967040687122,0.25259883082484325,0.39107318650462203,0.0,0.00249091216373642,0.0011171205132567091,0.003040234382653353,0,,,0.1337967040687122,,,0.25259883082484325,,,0.39107318650462203,,,,,0.00249091216373642,,,0.0011171205132567091,,,0.003040234382653353,,,,,0.005596648256787459,,,0.014947377785128127,,,0.006212527269159622,,,,,0.0,,,0.0,,,0.0,,,,,16.06965703147136,,,3.1440070573160224,,,7.871978330502302,,,,,11.899271647156663,,,7.7655818831527235,,,3.685449873985426,,,0.004384002195772223,0.0006587578424579812,0.00015586044015568974,1.859700937110591e-05,3.202163772517653,0.48624353032273204,0.6669677583933141,0.00011353466826619051,0.22789272817826484,5.043417015033292,0.9627439361521286,1.005828772288007,8.452344061627545e-10,0.8288358344876028
aa310267,0.05161042591266031,18.1,0.14112729312110572,0.2545037276121668,0.38311324286653575,0.0,0.0018356252509153848,0.0008595144051832642,0.029043137173470263,0,,,0.14112729312110572,,,0.2545037276121668,,,0.38311324286653575,,,,,0.0018356252509153848,,,0.0008595144051832642,,,0.029043137173470263,,,,,0.012559627891271767,,,0.013111173900023325,,,0.07440352443351861,,,,,0.0,,,0.0,,,0.0,,,,,12.3007156038796,,,1.6980262783713276,,,5.617208995871902,,,,,12.629960194247534,,,7.3616182105862045,,,3.874741875682716,,,0.004410169440896728,0.0004922064978409231,0.00010505968035270377,1.3154591995179767e-05,3.7666606947353913,0.6765168051137692,0.5902226448862316,0.00011902301159758727,0.17681092354561945,4.9325224274750425,0.9687218990969465,1.009124144348327,8.837352776266968e-10,0.86738488971128
7c9ab4b9,0.019582333225471482,18.1,0.14891295669617863,0.2575428559899348,0.3687353108524547,0.0,0.0017570396776024877,0.004434957527526258,0.005050705345250772,0,,,0.14891295669617863,,,0.2575428559899348,,,0.3687353108524547,,,,,0.0017570396776024877,,,0.004434957527526258,,,0.005050705345250772,,,,,0.009463119933523535,,,0.028340020375063744,,,0.0317827165146429,,,,,0.0,,,0.0,,,0.0,,,,,21.80469742308296,,,17.443638914787265,,,4.79467099654862,,,,,12.037866158156078,,,10.003925241022563,,,3.5677569904588258,,,0.003538355989595899,0.0007887327928032303,0.00014095190988246633,2.4469671528808223e-05,3.4527033599574253,0.507041617887224,0.7310221149404181,0.00011363109514934032,0.16201265052036468,4.86721971269293,1.007747358411603,1.0295528363479094,8.527109937617672e-10,0.8673319947454183
44cd7114,1.2271270081378385,18.1,0.146320427889812,0.24019377932201003,0.35882818161545343,0.0,1.206068930473163,0.004864724280102176,0.004803133298467215,0,,,0.146320427889812,,,0.24019377932201003,,,0.35882818161545343,,,,,1.206068930473163,,,0.004864724280102176,,,0.004803133298467215,,,,,0.003412326528761455,,,0.031192063991028793,,,0.02768665637469276,,,,,0.13207024399162368,,,0.0,,,0.0,,,,,153.26549517886892,,,12.186130556455032,,,25.121531143973037,,,,,15.351946933480955,,,6.725760794820072,,,3.526368603817436,,,0.005121461724424611,0.0004585646457612293,0.0002374954907684963,1.136950779939441e-05,2.360062278473873,0.5501450117830363,0.6805239735167634,0.0001418877199551852,0.3128599469762415,4.937717206074778,0.9988238862728642,0.9882457391627769,9.317238894517212e-10,0.8562140634734295
03e8f35a,0.012544765865999466,18.1,0.14505570261977543,0.25938136118705996,0.3546886259411141,0.0,0.0008266914327482072,0.0026676037512253824,0.004434687490251861,0,,,0.14505570261977543,,,0.25938136118705996,,,0.3546886259411141,,,,,0.0008266914327482072,,,0.0026676037512253824,,,0.004434687490251861,,,,,0.003826610994779725,,,0.01363293089632448,,,0.011641689469599576,,,,,0.0,,,0.0,,,0.0,,,,,8.67352933297831,,,12.902431065007004,,,14.82334744217633,,,,,10.329181877712257,,,7.594605832010532,,,3.5681191663700065,,,0.005235886592634081,0.00041535749298279493,0.00025338191109239197,1.3166546289068105e-05,2.8409336387357382,0.6948647607982699,0.548656905270099,0.00014864221504196448,0.2954376099177976,4.885069611389753,0.9863657722453856,1.0227843181692882,8.732590230114911e-10,0.8622244511370155
a623a382,1.5810069992114995,18.1,0.13265256047315452,0.2426537712824984,0.3410854464132203,0.0,1.5629547644798185,0.0006368918612916923,0.009218312392401617,0,,,0.13265256047315452,,,0.2426537712824984,,,0.3410854464132203,,,,,1.5629547644798185,,,0.0006368918612916923,,,0.009218312392401617,,,,,0.021451209807391423,,,0.011286202738668948,,,0.04293789094122257,,,,,0.11832994296913145,,,0.0,,,0.0,,,,,168.03182149131572,,,6.4936209713725,,,13.722686350444716,,,,,13.410579774370376,,,8.225847627656329,,,3.5864139669213344,,,0.002637196548814872,0.0004201939431336392,0.00022539301991869818,1.8241672895962275e-05,2.2897174018164694,0.5984562812830614,0.6725460004028757,0.00010856953736747686,0.19700042867765746,5.237994002965493,0.9907637135752643,0.995503616511747,8.945391199708707e-10,0.8684456486929955
61cb63b7,0.07455335502077835,18.3,0.15362703779370537,0.2533423509354585,0.315284782121288,0.0,0.06731233449466686,0.001989832002355708,0.002860919605142617,0,,,0.15362703779370537,,,0.2533423509354585,,,0.315284782121288,,,,,0.06731233449466686,,,0.001989832002355708,,,0.002860919605142617,,,,,0.003678303530722311,,,0.01994909522938676,,,0.017491816461380583,,,,,0.0023834925137548642,,,0.0,,,0.0,,,,,19.35919801434026,,,20.54880255287222,,,35.80519723801185,,,,,13.578029765727795,,,7.782930052873712,,,4.368344642694372,,,0.003907014797835682,0.0003714127386045237,0.00027633806924408247,1.4106380795861059e-05,3.157929212388731,0.6748361906197748,0.602095167606902,0.00010140965832438898,0.22558475344078632,4.8758540134014385,0.9934863234687368,1.0128062190930645,9.36002569170952e-10,0.8705555394114995
7745f7d8,0.0649491146920269,18.3,0.13956071038087756,0.25874126934268027,0.3495556094310969,0.0,0.044277292608463734,0.004453113270520618,0.010667101360028804,0,,,0.13956071038087756,,,0.25874126934268027,,,0.3495556094310969,,,,,0.044277292608463734,,,0.004453113270520618,,,0.010667101360028804,,,,,0.02197281863987826,,,0.029843301662251173,,,0.020908593497053728,,,,,0.0,,,0.0,,,0.0,,,,,17.35121474345649,,,10.44706103009293,,,8.086114050308957,,,,,14.190624757413167,,,6.986129824168052,,,3.936217970423319,,,0.008305001613275992,0.0004137168458456016,0.0003265759037819238,1.205517920198474e-05,2.8833783603994054,0.6885090329353706,0.6218458567171679,0.00011326277616980764,0.2518863145198688,4.919460731833597,0.9816173065220646,1.02259183383019,8.754933328203338e-10,0.8821462156236625
be8a4806,0.05622067324272283,18.3,0.1445804625278894,0.25429710891678087,0.369465161046737,0.0,0.03964618090708927,0.004349456469175806,0.0010854887604372506,0,,,0.1445804625278894,,,0.25429710891678087,,,0.369465161046737,,,,,0.03964618090708927,,,0.004349456469175806,,,0.0010854887604372506,,,,,0.019487776705050808,,,0.02949391960786428,,,0.014510706810157805,,,,,0.03774731370255966,,,0.0,,,0.0,,,,,26.90255345895647,,,16.2253367902783,,,4.2267554738268345,,,,,17.692488487909692,,,7.680474998076777,,,4.097326905556469,,,0.005719086954650735,0.000660577611363265,0.00020824817338914326,1.2837593241336534e-05,2.689369685309002,0.5952944045072912,0.6126676564288506,0.00011837637024645595,0.2221019557492065,4.832854671556064,1.0189029223988795,1.0201400181273081,8.740915239861252e-10,0.8431831664758086
a5cef5c0,0.05295755162648559,18.3,0.1345148027139555,0.2591074367304757,0.380563712682269,0.0,0.013612653595717002,0.0013042464741655447,0.015168857076882552,0,,,0.1345148027139555,,,0.2591074367304757,,,0.380563712682269,,,,,0.013612653595717002,,,0.0013042464741655447,,,0.015168857076882552,,,,,0.021666831387848105,,,0.016150829540092018,,,0.055079682418987405,,,,,0.0,,,0.0,,,0.0,,,,,14.022888764143183,,,7.1441089454323885,,,7.116646756129149,,,,,9.72863837526361,,,6.559611064665113,,,3.4309217622051116,,,0.0041630598405241245,0.0005963242517048462,0.00015911858168779277,1.9492574680067255e-05,3.526859497889068,0.6075909226533294,0.5801966705288502,0.00011613072278169408,0.26075225892814086,5.00627039701954,0.97475287774671,1.0435168170937144,7.792807526784035e-10,0.8352073431481128
24e13159,0.025644145278285867,18.3,0.14551490504125425,0.2660012429917919,0.38278549811542906,0.0,0.00013050367369158458,0.005119497595095259,0.006745349444967439,0,,,0.14551490504125425,,,0.2660012429917919,,,0.38278549811542906,,,,,0.00013050367369158458,,,0.005119497595095259,,,0.006745349444967439,,,,,0.00510888781813781,,,0.016812762372949434,,,0.028403736366016404,,,,,0.0,,,0.0,,,0.0,,,,,9.538940545662836,,,12.680757462824955,,,3.945441111894593,,,,,10.653775200705212,,,7.806557698358477,,,4.385658364645707,,,0.005312049442506598,0.0006332170150971681,0.00011113600541786847,2.1112669423504853e-05,3.1394378402852072,0.6789318275120614,0.5375176779045001,0.00015519999067416183,0.31090518074801765,4.8412715378796225,0.9777276578501671,1.0446888365392997,8.964002245038552e-10,0.8514578942690292
4bb3ad0a,0.062337534060276006,18.3,0.13988683076591743,0.24830195558651172,0.36166750243088136,0.0,0.04714959886681567,0.0011684147213173847,0.0024256931658120677,0,,,0.13988683076591743,,,0.24830195558651172,,,0.36166750243088136,,,,,0.04714959886681567,,,0.0011684147213173847,,,0.0024256931658120677,,,,,0.025878529363055573,,,0.015286691737046212,,,0.022025862824471,,,,,0.04463624319197086,,,0.0,,,0.0,,,,,5.340893954546279,,,6.7156482549780465,,,22.61290532096096,,,,,20.812919080162743,,,7.492262869206187,,,3.258386638898779,,,0.0028760620833942394,0.0006546886785175928,0.00012080996573118869,1.5844141719973406e-05,2.9586327756761417,0.568203346575708,0.6486970605301279,0.00015317789090481173,0.24285781351198024,4.865225434551411,1.0295659818321934,1.005100524167824,9.18486715110288e-10,0.8482436966927396
9c8c4f8e,0.027369744313797163,18.3,0.14390991227284877,0.25487135445975484,0.3456556544127403,0.0,0.0030753898784683146,0.0007412020672503939,0.02022064793343333,0,,,0.14390991227284877,,,0.25487135445975484,,,0.3456556544127403,,,,,0.0030753898784683146,,,0.0007412020672503939,,,0.02022064793343333,,,,,0.015117330416999813,,,0.012175401983100138,,,0.021022813542107204,,,,,0.0,,,0.0,,,0.0,,,,,15.935503162178229,,,4.8174776490741955,,,3.2375035239372236,,,,,9.757094107490706,,,7.002831121463022,,,3.139399322518769,,,0.004907796902948543,0.00038410854138979755,0.0002791244036249728,1.940339921801504e-05,2.367295576456532,0.6808113605654963,0.551142394204487,0.00014331760224782782,0.2591663336897372,5.0355940379440725,0.9897341778232911,1.0251488446770556,8.243169473157238e-10,0.856674637266881
12b14973,0.02959747421298415,18.3,0.13399830931517898,0.2466966372153557,0.35650702380192395,0.0,0.0020040812699702796,7.814813449497155e-06,0.014572686598798483,0,,,0.13399830931517898,,,0.2466966372153557,,,0.35650702380192395,,,,,0.0020040812699702796,,,7.814813449497155e-06,,,0.014572686598798483,,,,,0.018307264133161156,,,0.0012501850622605563,,,0.03078071175144229,,,,,0.0,,,0.0,,,0.0,,,,,7.440351906126721,,,6.055966519088587,,,10.69104814904467,,,,,10.858002206911321,,,7.588631812256979,,,4.062539292597455,,,0.006940381882741549,0.0006392570465936494,0.00023093459052997474,1.2428023717320307e-05,2.8404883757474626,0.641302587170941,0.717087524882663,0.00014153079843838402,0.32836559683930244,4.531074442923577,1.0069631370737937,1.0034444402796527,8.330016638685951e-10,0.8984483183658574
08bba4ad,0.12202179956269686,18.4,0.11894972356524411,0.24858221680234485,0.3851723062976716,0.0,0.0690486160534343,0.0010356726260948219,0.0043131985806634555,0,,,0.11894972356524411,,,0.24858221680234485,,,0.3851723062976716,,,,,0.0690486160534343,,,0.0010356726260948219,,,0.0043131985806634555,,,,,0.010314566567517017,,,0.014392168885159887,,,0.003591583869677425,,,,,0.0,,,0.0,,,0.0,,,,,3.5406617138588024,,,13.776092013409801,,,32.47145773126481,,,,,10.688248276054743,,,7.227018664855186,,,3.532101659406013,,,0.004589998513843674,0.0005459495914514213,0.00014246450868468647,2.1147402925857727e-05,2.1879831551047757,0.5869528144075844,0.638718090226912,0.00012299644811650264,0.2972076546998457,5.060893154903546,0.9317390159169954,1.0040877567808917,7.837327794443665e-10,0.8507096521537503
1b661425,1.277149207454811,18.4,0.13183522531913502,0.2483781837202342,0.38343572268434617,0.0,1.245262015708099,0.00026411951058947266,0.001738034900116973,0,,,0.13183522531913502,,,0.2483781837202342,,,0.38343572268434617,,,,,1.245262015708099,,,0.00026411951058947266,,,0.001738034900116973,,,,,0.020157204926257857,,,0.007268005374096427,,,0.012958113963861095,,,,,0.07530418613406312,,,0.0,,,0.0,,,,,154.14673813192744,,,3.6335730983038825,,,2.185181568723658,,,,,16.899144391497423,,,6.9464169868996395,,,3.1811328808867385,,,0.0067513505491114435,0.0005160822697312709,0.00025130165599285417,2.5464909893103952e-05,2.5161964048904224,0.7547086737008365,0.5511587723432977,0.00012087773822751535,0.29231619201519876,5.016007899227317,0.9821014634693124,1.0190967582115098,8.923736455767803e-10,0.8898480240931084
4115e5ab,0.02923997194976064,18.4,0.1355209910852446,0.2372772563565153,0.3466372959288785,0.0,0.009959778080357532,0.001358636854954545,0.007699494797643215,0,,,0.1355209910852446,,,0.2372772563565153,,,0.3466372959288785,,,,,0.009959778080357532,,,0.001358636854954545,,,0.007699494797643215,,,,,0.029257417526620068,,,0.016438517991964986,,,0.03924154634476887,,,,,0.0,,,0.0,,,0.0,,,,,15.547045829937503,,,7.75444582237987,,,5.7317690761747295,,,,,10.375370476595203,,,7.607652606973188,,,3.4214943058173803,,,0.004288514398186437,0.000522449160092671,0.00012003461340195683,1.399596926483837e-05,1.8558726772076526,0.6300215535183186,0.5408129705818981,0.00017906938760686207,0.3665936579570929,4.930516486312238,0.9686901456058927,1.0343928400341238,7.591333456504533e-10,0.8300566149142943
bd0013c3,0.018399060654798197,18.4,0.13994354649809176,0.25857393832140174,0.36068107285478285,0.0,0.004225109828842294,5.0943180129195295e-05,0.005068916494622481,0,,,0.13994354649809176,,,0.25857393832140174,,,0.36068107285478285,,,,,0.004225109828842294,,,5.0943180129195295e-05,,,0.005068916494622481,,,,,0.015254666554274508,,,0.0031919642895620027,,,0.03183996386499985,,,,,0.0,,,0.0,,,0.0,,,,,33.138214055963026,,,6.719650538886463,,,7.0885022146620305,,,,,13.278796521025448,,,6.4800879997782985,,,3.3052825180458325,,,0.002445955669804094,0.0006401542147847805,0.00019244897873214192,2.7118756124247595e-05,4.196676150119295,0.7441065784265226,0.4240277554772079,0.00015363978465880032,0.22855121112463267,5.013349734159243,1.0142814894703742,1.031773289585379,8.451205995095576e-10,0.8525700888421595
245b6333,0.1690815123738937,18.4,0.13047129425025455,0.23809323523239384,0.3752892639060913,0.0,0.13763432330476155,0.0023697658653232534,0.000147604374022649,0,,,0.13047129425025455,,,0.23809323523239384,,,0.3752892639060913,,,,,0.13763432330476155,,,0.0023697658653232534,,,0.000147604374022649,,,,,0.004951555094135328,,,0.020182981889165817,,,0.0054333115872854006,,,,,0.0,,,0.0,,,0.0,,,,,8.277178665590279,,,4.285586149736238,,,4.582977528266972,,,,,12.166939559249393,,,8.931850939483937,,,3.867807768846697,,,0.003699633970738224,0.00047718214649779587,7.210113299245268e-05,2.04955466070035e-05,2.321868061641748,0.6477154455148343,0.6016318828286047,0.00011436047325228766,0.27430926697026126,5.08302936055508,0.9381293144691971,1.0951330292457266,8.415616166770386e-10,0.8596009021328979
44be7524,0.2973567812532556,18.4,0.14328768331517572,0.2598824798506783,0.3980900296377843,0.0,0.25475592231920435,0.00021670538436099172,0.016788287509847424,0,,,0.14328768331517572,,,0.2598824798506783,,,0.3980900296377843,,,,,0.25475592231920435,,,0.00021670538436099172,,,0.016788287509847424,,,,,0.010916838515438438,,,0.006583394023769073,,,0.03201939506780001,,,,,0.045216938805820756,,,0.0,,,0.0,,,,,17.603403600257398,,,12.310100069407829,,,3.5782864852093965,,,,,15.090931347729443,,,8.724492953306905,,,3.7192349937794296,,,0.006878647186967804,0.0005703334988067784,0.0002712321672133329,1.755734002373429e-05,3.2635710041259958,0.7287059453067628,0.5527304598075281,9.970881021365318e-05,0.3251334081809584,4.9640848550002135,0.9690729934918054,1.0857337197023098,8.56051164239289e-10,0.8786031598544237
718a7470,0.025125312087266503,18.4,0.13039401319058466,0.25859805950557624,0.3541438290736633,0.0,0.007946371219463426,0.0016019429323405271,0.0019168422760022273,0,,,0.13039401319058466,,,0.25859805950557624,,,0.3541438290736633,,,,,0.007946371219463426,,,0.0016019429323405271,,,0.0019168422760022273,,,,,0.023217408285701034,,,0.0070693354219177355,,,0.019579797118469983,,,,,0.0,,,0.0,,,0.0,,,,,8.210090802531754,,,21.229692453914495,,,10.566174918229878,,,,,10.774437182575483,,,6.829504945241503,,,3.187453004458089,,,0.003306469596446733,0.000954309923749513,0.00012013421860928187,1.9502100633987374e-05,2.8388194087085004,0.7193791793107971,0.6118257302474887,0.00015698600115230483,0.35136065915927683,4.686696065042607,1.0062622658137856,1.0285825942217837,7.214058599643501e-10,0.8910090352785935
1dc85348,0.03952271834724617,18.4,0.14400408878942172,0.25502699225108205,0.36642964126891625,0.0,0.0016226889134898204,0.005332379297099918,0.02264482570480079,0,,,0.14400408878942172,,,0.25502699225108205,,,0.36642964126891625,,,,,0.0016226889134898204,,,0.005332379297099918,,,0.02264482570480079,,,,,0.018014932214636948,,,0.028266120541906657,,,0.0615327412871416,,,,,0.0,,,0.0,,,0.0,,,,,3.177320455378782,,,6.558593461353153,,,17.994803419718572,,,,,9.306279710399366,,,7.05963003810755,,,3.35977947469462,,,0.0035577606585453234,0.0013251395024130967,0.00011285184204270868,2.040076214511479e-05,2.7134303008967953,0.6648921400956798,0.5926702933898153,9.973765774388613e-05,0.30288114535530253,4.75594268107318,0.9492151385797349,1.0370666381174136,7.020402956205917e-10,0.8634413467130674
3e128677,0.05474523535893635,18.6,0.14228929060675577,0.26761231628470783,0.36928137971853014,0.0,0.03742804544066701,0.005126619241364379,0.0024002336454398187,0,,,0.14228929060675577,,,0.26761231628470783,,,0.36928137971853014,,,,,0.03742804544066701,,,0.005126619241364379,,,0.0024002336454398187,,,,,0.012959110385756619,,,0.0320206784480416,,,0.02190996871490153,,,,,0.03658835273071588,,,0.0,,,0.0,,,,,18.318552742425798,,,9.371051027714106,,,15.16546937757678,,,,,13.456804848452162,,,7.842755943146505,,,4.141534283740548,,,0.0035102132753244536,0.0004728214275020169,0.0001476741803157214,1.5099167627075187e-05,4.794087208891,0.7362936863993165,0.5068091098940664,0.00016727512185430604,0.302691197800806,4.924129503328381,1.0018016880698846,1.0266127172298647,8.440842444918725e-10,0.869891767557735
33ca8762,0.0439724798011739,18.6,0.14100115782198971,0.24027818126733594,0.34273124908259517,0.0,0.034955989243324055,0.0006623995895395783,0.0019737164299157943,0,,,0.14100115782198971,,,0.24027818126733594,,,0.34273124908259517,,,,,0.034955989243324055,,,0.0006623995895395783,,,0.0019737164299157943,,,,,0.015473626744150171,,,0.0032164241903293697,,,0.019868147522684617,,,,,0.025655589551869078,,,0.0,,,0.0,,,,,19.658016149401067,,,5.293488718772973,,,21.182153618806854,,,,,15.360644462633958,,,7.987163618179228,,,3.5573922427996223,,,0.0014367679130974156,0.0015664422156404707,0.00012378769403082553,1.69150927222451e-05,3.272094394026098,0.6017244551730154,0.4904113237589385,0.00019279057145118507,0.2501071742057317,4.729851895759662,1.0467372908226578,0.977064765619346,9.489136280370314e-10,0.7969942512000535
a02ac4fa,0.01992142501958738,18.6,0.14567034698729123,0.25197143683208917,0.3063789977638293,0.0,0.0007360050742962214,3.0466546529916568e-05,0.018433133202246658,0,,,0.14567034698729123,,,0.25197143683208917,,,0.3063789977638293,,,,,0.0007360050742962214,,,3.0466546529916568e-05,,,0.018433133202246658,,,,,0.012132642534058451,,,0.0024684629440166433,,,0.02942509199839239,,,,,0.0,,,0.0,,,0.0,,,,,21.41165402045581,,,9.679071338470779,,,24.141758672952225,,,,,11.380225733736873,,,7.276285010573839,,,4.4351415214413725,,,0.003207314904962787,0.0008635533653081615,0.00016228304923007416,1.8976303265159254e-05,2.7450887382672144,0.7497164056145655,0.44419035684275837,0.00018373311896343906,0.32125847298909604,4.7295886600712,0.9974820888520868,1.0367381532672313,8.5286057051026e-10,0.8608455456808356
9966e205,0.024115111706358196,18.6,0.14090032512410455,0.24262259148015555,0.3663130410359385,0.0,0.001741637442693832,0.0055670606577194436,0.0016378744601836248,0,,,0.14090032512410455,,,0.24262259148015555,,,0.3663130410359385,,,,,0.001741637442693832,,,0.0055670606577194436,,,0.0016378744601836248,,,,,0.010824236830749298,,,0.033367830788708586,,,0.018099030140776188,,,,,0.0,,,0.0,,,0.0,,,,,11.889212038227996,,,4.1907242094904085,,,9.55857922888234,,,,,10.631060645185723,,,7.473210699047794,,,3.3264105847017076,,,0.004965622534151451,0.0011908875415467318,0.00012357675729804106,1.831306508468752e-05,2.654973857371057,0.5899495339323642,0.5188935363693595,0.00014246454457316008,0.3988526298258702,4.805061203001877,0.9818039946145113,1.0270924092715676,7.596632733985693e-10,0.8026701810064669
e5a8c142,0.01910430597441514,18.6,0.13761488950765463,0.26264749897180506,0.34044083711315604,0.0,0.00021742569961490278,0.0016507209427060723,0.012981035900268173,0,,,0.13761488950765463,,,0.26264749897180506,,,0.34044083711315604,,,,,0.00021742569961490278,,,0.0016507209427060723,,,0.012981035900268173,,,,,0.0065943263433788715,,,0.018169870350148744,,,0.02206972984939129,,,,,0.0,,,0.0,,,0.0,,,,,10.459119214133544,,,8.302658173326819,,,11.841197835007518,,,,,10.477969909021677,,,7.395024392930061,,,2.8089303298283057,,,0.0019416319835226568,0.0006755315963968017,9.512243388359496e-05,1.645873294283257e-05,3.645324579844771,0.6546058352341527,0.5617035550325374,0.00012460337131302152,0.2054228979380032,4.981160609919083,0.9923844363919633,1.0214242063610046,6.912044889637376e-10,0.8485587951151199
98c80680,0.1598757646240759,18.6,0.14287634751095266,0.25892195656513994,0.3661866024534314,0.0,0.11884957004762123,0.01209896744132534,0.01944136600622609,0,,,0.14287634751095266,,,0.25892195656513994,,,0.3661866024534314,,,,,0.11884957004762123,,,0.01209896744132534,,,0.01944136600622609,,,,,0.005222592774852514,,,0.02228819927789594,,,0.015093307787129556,,,,,0.01745197754266307,,,0.01198296006519093,,,0.0,,,,,7.485242291558126,,,5.653245382029791,,,48.36992924492625,,,,,19.662178852904855,,,10.543597230581362,,,4.742951585012847,,,0.002234912978115827,0.000522912349932204,0.00013454814758713274,1.58898288920342e-05,2.4391206807469694,0.6030347433979139,0.5717311231378039,0.00019454344212044712,0.23699944382033988,4.811786262308597,1.0413477713750978,1.0073799962448065,1.0096075317330686e-09,0.8299349622893973
6c593fbd,0.0539076317979253,18.6,0.14377773366297783,0.2485828176904744,0.35677607908670306,0.0,0.04150296862376228,0.0017516659458527925,0.002585611960488371,0,,,0.14377773366297783,,,0.2485828176904744,,,0.35677607908670306,,,,,0.04150296862376228,,,0.0017516659458527925,,,0.002585611960488371,,,,,0.019980064326440828,,,0.018717189670742734,,,0.020842019077462047,,,,,0.0,,,0.0,,,0.0,,,,,19.753788602759272,,,18.07315119716702,,,14.578086731201084,,,,,11.573499752183148,,,6.98107156015575,,,3.341988284483677,,,0.0027038220108423624,0.00047742281571167277,0.00012715289798289486,1.1672968712232384e-05,3.123638270116687,0.6542085797025754,0.46667737332288545,0.00027514722555450004,0.31440645328669187,4.6926622810845044,1.0166878720604304,0.983331029818046,7.703746600270199e-10,0.8155349437072351
4c7a8015,1.3359029168196077,18.6,0.13660065226371704,0.2614003759179443,0.3722836874972067,0.0,1.3168210657066064,0.001849302618065484,0.0010971424334663867,0,,,0.13660065226371704,,,0.2614003759179443,,,0.3722836874972067,,,,,1.3168210657066064,,,0.001849302618065484,,,0.0010971424334663867,,,,,0.002701382635281094,,,0.019231758203895367,,,0.01481311873621748,,,,,0.07993250313275181,,,0.0,,,0.0,,,,,157.45301661986122,,,18.735340421954927,,,12.845538967207636,,,,,14.830751581076866,,,7.422421334012013,,,3.489991347198447,,,0.001610946204224321,0.0014631308696880063,0.00015899121430137014,1.954116435438583e-05,3.645199555614992,0.5932997440383523,0.6982753636260289,0.00012689232152503466,0.31708216205379186,5.079839843621653,1.034112086991049,1.0388040877156142,7.773694716828465e-10,0.8772186856204083
0d2651ad,0.05230986827087807,18.8,0.1437106357637328,0.25378502634888805,0.36347996358430895,0.0,0.011958639018389493,0.0007740376018903676,0.03038502357928787,0,,,0.1437106357637328,,,0.25378502634888805,,,0.36347996358430895,,,,,0.011958639018389493,,,0.0007740376018903676,,,0.03038502357928787,,,,,0.010880809872627099,,,0.012442167029021654,,,0.025871419222428835,,,,,0.0,,,0.0,,,0.0,,,,,15.375098008407136,,,12.814806103583102,,,16.28795717321271,,,,,13.066320992422405,,,7.764708118712312,,,3.3860910792740064,,,0.001932188203459359,0.0010760998577350848,0.00013166854364450077,1.989992899732148e-05,2.8259220415886115,0.658233075983579,0.47075462171770865,0.00017441461349791888,0.24979673835749922,4.85880912881875,1.0231626131481513,0.9841161647871279,8.765494061853586e-10,0.8190743595523824
f55f461e,0.06410227740999733,18.8,0.1433359273837026,0.25569125802979653,0.3609742379542167,0.0,0.052209442850861494,0.000146129537883637,0.003790997450300518,0,,,0.1433359273837026,,,0.25569125802979653,,,0.3609742379542167,,,,,0.052209442850861494,,,0.000146129537883637,,,0.003790997450300518,,,,,0.017591454258054785,,,0.0054060991090367,,,0.027535422460171256,,,,,0.0,,,0.0,,,0.0,,,,,25.939549733041826,,,14.307570318755117,,,10.72348790392044,,,,,9.433395287049985,,,8.023638108902018,,,3.872141196479399,,,0.003794221654687547,0.0009543398576111574,0.0001261139218062455,1.2854305621809763e-05,3.250558219182917,0.6727258036238267,0.5081822510683859,0.00019936014929096063,0.2008890586413069,4.912504635303344,1.002574245846975,1.0172564276247062,7.745680362086735e-10,0.8389899232297606
33a48fa5,0.10395867676116477,18.8,0.1423767989069004,0.2556506838691181,0.3602619260462954,0.0,0.09384268246394228,0.000830751852637553,0.0011614799262748634,0,,,0.1423767989069004,,,0.2556506838691181,,,0.3602619260462954,,,,,0.09384268246394228,,,0.000830751852637553,,,0.0011614799262748634,,,,,0.01570929764832193,,,0.012889932914003494,,,0.015241259306729635,,,,,0.09369750901164482,,,0.0,,,0.0,,,,,39.2964396390948,,,9.05334528842181,,,14.152287335985392,,,,,14.027173807153599,,,6.493390269496033,,,3.782712987533439,,,0.0031259763339941938,0.0006196157490492216,0.00015952460293780656,1.3961766033780942e-05,2.9602983063917665,0.6281392785651057,0.5174925037601557,0.00011063022144268612,0.23954966322865237,4.9190504005598115,1.009744808955056,1.0212507062950253,8.874804049722716e-10,0.8205226651001309
b45f571c,0.05255249281717647,18.8,0.13969236415101718,0.2497393432402755,0.39500919964405656,0.0,0.011161594190318466,0.001458271147905235,0.00957837099622975,0,,,0.13969236415101718,,,0.2497393432402755,,,0.39500919964405656,,,,,0.011161594190318466,,,0.001458271147905235,,,0.00957837099622975,,,,,0.0031966900166228475,,,0.017077887152134687,,,0.023879159014614584,,,,,0.0,,,0.0,,,0.0,,,,,13.223907426195648,,,1.0916874587030885,,,10.74879905600406,,,,,11.62174195321292,,,7.116348560115406,,,3.493651244735956,,,0.0021516748339574874,0.0004271414239742664,0.0002120138973353661,1.9237613783196623e-05,4.0983512133431095,0.7275485047104185,0.5019777175576107,0.00011873436327993224,0.193379432768548,5.272942794371571,0.9572821768664903,1.0054864518573818,7.78952914388902e-10,0.864262886689285
5fc0ace1,0.01697036152338574,18.8,0.1378453209659883,0.26715537888781055,0.35056010415624805,0.0,0.008590039992377164,0.0006576070989639653,0.0009797656960285088,0,,,0.1378453209659883,,,0.26715537888781055,,,0.35056010415624805,,,,,0.008590039992377164,,,0.0006576070989639653,,,0.0009797656960285088,,,,,0.041448860038310255,,,0.011468278850498581,,,0.013998326300158235,,,,,0.0,,,0.0,,,0.0,,,,,7.1722086382398285,,,6.7058398315983005,,,4.340831265970522,,,,,10.036941555723054,,,7.112770794268137,,,4.053763551368042,,,0.002042178382239471,0.0011517571042357357,0.00015348069972185828,1.9342083777337812e-05,3.2069638087196926,0.6102544796286669,0.5788467927640994,0.00014460600094602516,0.2341076187292479,4.932337565556653,0.9966742884934046,1.0541273308399957,7.838260820494385e-10,0.8357995394105117
abd4a67c,0.09417720427107851,18.8,0.12408753965255441,0.25708360550317777,0.36691492169047923,0.0,0.028138539263410672,0.0037343142658306182,0.03542421868879236,0,,,0.12408753965255441,,,0.25708360550317777,,,0.36691492169047923,,,,,0.028138539263410672,,,0.0037343142658306182,,,0.03542421868879236,,,,,0.015850197514725013,,,0.027328791652140853,,,0.0841715138141074,,,,,0.0,,,0.0,,,0.0,,,,,4.65479241607751,,,2.738014244175575,,,22.592508444724835,,,,,8.30769161269422,,,6.273670583973862,,,3.2182760842043847,,,0.002896474116875308,0.001241503541631897,9.111505776350807e-05,1.8065378695038138e-05,2.577893618891176,0.7347492136674251,0.4392628840239665,0.0001293918426585839,0.276944185473746,4.735978899520698,0.9728356197885041,1.0159389646766515,6.239075545514174e-10,0.8512201127730945
4189651d,0.036499014570401896,18.8,0.1450765086984326,0.24681702867112493,0.37783483750901065,0.0,0.0055794054904919,0.0053043168119268624,0.00794730678028668,0,,,0.1450765086984326,,,0.24681702867112493,,,0.37783483750901065,,,,,0.0055794054904919,,,0.0053043168119268624,,,0.00794730678028668,,,,,0.010103082242017874,,,0.03257089747589668,,,0.03923540213911851,,,,,0.0,,,0.0,,,0.0,,,,,45.44887613841474,,,4.2688709535292855,,,17.072498034795753,,,,,9.327973621931513,,,6.678930762444219,,,3.896040870116267,,,0.002541275569746563,0.0006724653805734254,0.00013154521869536168,1.2866975605798774e-05,3.7996089704867413,0.7085055103665002,0.5173807450618207,0.00014415349224931938,0.18684572968481203,5.148989715220443,0.9791876550257906,1.0325662407869327,7.162811453720358e-10,0.8592674085199894
78715682,0.017463214688086762,18.8,0.14757254669850142,0.26184514700566447,0.3863758158438719,0.0,0.0014506359975054515,8.628591610920677e-05,0.0006575753518886059,0,,,0.14757254669850142,,,0.26184514700566447,,,0.3863758158438719,,,,,0.0014506359975054515,,,8.628591610920677e-05,,,0.0006575753518886059,,,,,0.005797361068894454,,,0.004154176599741681,,,0.005637947509711202,,,,,0.0,,,0.0,,,0.0,,,,,11.350386179251512,,,9.828011131599206,,,18.18002306943916,,,,,8.811028037576946,,,7.557453126365489,,,4.1732556842806305,,,0.0023896935120757737,0.0007895486204739493,0.0001237932797426677,1.5047229040418274e-05,4.438153867355777,0.5430268266993004,0.6677073255829871,0.0001526052653671521,0.3247620484707677,4.79893128523229,0.986660898024759,1.0298936340669302,7.166618433980984e-10,0.8480843913745231
323d3c96,0.02448697474573762,18.9,0.13504714854145788,0.26979649963176655,0.36357141337986604,0.0,0.001235180822583307,0.005316347632521081,0.00453409052522202,0,,,0.13504714854145788,,,0.26979649963176655,,,0.36357141337986604,,,,,0.001235180822583307,,,0.005316347632521081,,,0.00453409052522202,,,,,0.007528093804923377,,,0.032607813887229796,,,0.028641799805948914,,,,,0.0,,,0.0,,,0.0,,,,,13.225445352797488,,,4.990666482565043,,,18.186632163705006,,,,,10.034993314461714,,,6.797458604921181,,,3.535589363135518,,,0.003203831832333775,0.0008700838636374733,0.00025290504554252997,1.5004189494768081e-05,3.5343273400562176,0.5715701544744723,0.6284217955572206,0.000135137347636119,0.30950747996742056,4.870274607747021,0.9908306207676849,1.0337671525790515,7.48201070610613e-10,0.8407419650903714
f9a2b076,0.037246205277521295,18.9,0.14040300458238938,0.2664803054317044,0.3646351429853888,0.0,0.019479932910244364,0.0006093105819967463,0.007716268929441353,0,,,0.14040300458238938,,,0.2664803054317044,,,0.3646351429853888,,,,,0.019479932910244364,,,0.0006093105819967463,,,0.007716268929441353,,,,,0.03351373456356983,,,0.011039117555282635,,,0.0052451935504415305,,,,,0.0,,,0.0,,,0.0,,,,,70.59712485511443,,,12.284927578775571,,,25.960421944413792,,,,,9.774770469428109,,,6.223627735660879,,,3.3028756392250034,,,0.0028038829230297257,0.0008086186200826114,0.0001214804209332907,1.4385191169570014e-05,3.7231542636560055,0.639426309102743,0.669128023565402,0.00023279150262516668,0.31392221689226085,4.96726844192154,1.0052623231680693,1.014470926404271,7.08868745970111e-10,0.8806293574401503
dc8a18c7,0.029524109657042275,18.9,0.15016072335748887,0.26309481730985845,0.37483250384285577,0.0,0.004609487464040332,0.0007012477591864201,0.015568001208624869,0,,,0.15016072335748887,,,0.26309481730985845,,,0.37483250384285577,,,,,0.004609487464040332,,,0.0007012477591864201,,,0.015568001208624869,,,,,0.0060714788133509265,,,0.011842700360867197,,,0.018740008304916917,,,,,0.0,,,0.0,,,0.0,,,,,14.908169352395158,,,2.672686702689094,,,20.959887085939595,,,,,12.04646105439738,,,8.014308851118548,,,3.687358875245475,,,0.0014952159263082636,0.001299369504988427,0.00010963435036551706,2.1247149131642933e-05,4.093077302286209,0.7538309099020608,0.4667311965988744,0.00022227745770224533,0.35847505567778337,4.662236780550841,1.0147914017937232,1.0236910540535027,8.309591369876264e-10,0.8686790307694682
0cc9e25a,0.010901997342980477,18.9,0.14078792061973971,0.2557108415671552,0.3512642147106185,0.0,0.0010455701194477956,0.0020876757395534135,0.0019719730216020575,0,,,0.14078792061973971,,,0.2557108415671552,,,0.3512642147106185,,,,,0.0010455701194477956,,,0.0020876757395534135,,,0.0019719730216020575,,,,,0.014460775355753202,,,0.02043367680841318,,,0.019859370692960326,,,,,0.0,,,0.0,,,0.0,,,,,21.88854944003378,,,8.893601677144254,,,10.494221243190825,,,,,10.302419526625876,,,7.207873118425877,,,3.5059664252524123,,,0.005018402456898049,0.00046525703087060415,0.00017310405641915284,1.0994282468822318e-05,3.1301517858687604,0.5966211703929251,0.555819823701421,0.00019187392696238224,0.22677380429844085,4.78494528536565,1.0190136083837167,1.0534349932405356,8.341673050562841e-10,0.8207715383676448
20514933,0.041364757362618965,18.9,0.13316399642078583,0.24846187975545472,0.3879350985067142,0.0,0.0014166982318902226,0.00488960338901835,0.0033612869836960823,0,,,0.13316399642078583,,,0.24846187975545472,,,0.3879350985067142,,,,,0.0014166982318902226,,,0.00488960338901835,,,0.0033612869836960823,,,,,0.009739380052214915,,,0.03127172329443438,,,0.01923221438163139,,,,,0.0,,,0.0,,,0.0,,,,,12.881821256730289,,,19.76858160301053,,,15.204843560781532,,,,,10.087566856456942,,,6.799615789848625,,,2.942505215113771,,,0.0013120184331274335,0.0009679381978298669,0.00011891859987023633,2.419787244496273e-05,3.2218667211703185,0.5072578325966002,0.7014424781903869,0.00013516981619896153,0.31412964451161113,5.096680437330262,0.9859466079225423,1.0068024339322326,7.060059691053482e-10,0.8528179753611244
98ec610e,0.03319998256329411,18.9,0.1422644518112225,0.2621592278079409,0.34937121780652364,0.0,0.00014843755332970987,0.0006130694673933679,0.02842770515925288,0,,,0.1422644518112225,,,0.2621592278079409,,,0.34937121780652364,,,,,0.00014843755332970987,,,0.0006130694673933679,,,0.02842770515925288,,,,,0.005448624658199716,,,0.011073115798124464,,,0.0733131743684819,,,,,0.0,,,0.0,,,0.0,,,,,3.793606619531837,,,12.554597065455328,,,19.393022947016636,,,,,10.506013798955495,,,6.766434182680079,,,3.4121414521933495,,,0.0017459914014829126,0.00110851247484818,0.000146729748242786,1.8097643958654185e-05,4.310662196748125,0.6539010583517645,0.6415572253542162,9.378906435883087e-05,0.25699965494539156,4.999732077312071,0.9767006954030796,1.0365846163504209,7.176877672470645e-10,0.8758791793311018
7bf1bd1e,0.014954279371883209,18.9,0.14944492030719342,0.26463349406026204,0.3522231803291301,0.0,0.0010833371378706172,0.002366573313126113,0.009359766010919542,0,,,0.14944492030719342,,,0.26463349406026204,,,0.3522231803291301,,,,,0.0010833371378706172,,,0.002366573313126113,,,0.009359766010919542,,,,,0.014719627290598204,,,0.02175579606967354,,,0.03028197528381382,,,,,0.0,,,0.0,,,0.0,,,,,17.81774871121692,,,14.785621602247593,,,15.235857400640045,,,,,9.907140333420857,,,6.143654074631099,,,2.980540479650377,,,0.002963309957981571,0.0012045852379207519,0.00022935955248174088,1.5513827958688764e-05,4.082868814020042,0.5939951105345594,0.668566612358332,0.00020311851104573225,0.28924260267109236,4.888441423763852,1.0060656280734226,1.0125543127417262,6.729099328580708e-10,0.8653695674241523
a279b0d8,0.027602878620043632,18.9,0.13669490512733531,0.2555636958763271,0.3601633668167698,0.0,0.00010082565052635748,0.00011425820230654949,0.01606630996223181,0,,,0.13669490512733531,,,0.2555636958763271,,,0.3601633668167698,,,,,0.00010082565052635748,,,0.00011425820230654949,,,0.01606630996223181,,,,,0.004490560110417352,,,0.004780338948370701,,,0.056685641854409316,,,,,0.0,,,0.0,,,0.0,,,,,15.553057570602162,,,11.597396636084378,,,10.225535798940228,,,,,9.422951712411518,,,6.640691699467214,,,3.568428927845582,,,0.0013025367063671924,0.0008491257113384026,0.00012036431679671706,1.3331636021798108e-05,3.465732747808211,0.5578679390198287,0.6881594096867176,0.00015279149386044217,0.2600755288784374,4.927250184017313,1.0167044025325864,1.031638472925874,7.993117697078505e-10,0.8620564611665466
c194cf30,0.1620102476370928,19.1,0.14925526128862004,0.25913403184002887,0.34672566888640194,0.0,0.1550339745631064,0.00328291237704133,0.0017236982539756138,0,,,0.14925526128862004,,,0.25913403184002887,,,0.34672566888640194,,,,,0.1550339745631064,,,0.00328291237704133,,,0.0017236982539756138,,,,,0.013582306379661565,,,0.02562386534869917,,,0.01856716593331149,,,,,0.03543305662784845,,,0.0,,,0.0,,,,,7.442858975269078,,,5.727242041395833,,,10.457030245571351,,,,,18.076701944499483,,,7.72618456686008,,,3.7846480656302,,,0.0027010315807144106,0.0013741052479756106,0.000164108848215617,1.4684347032022688e-05,4.07596604315994,0.5041375097144988,0.5439425258667938,0.00016364601630727458,0.360572372270482,4.69898764322663,1.044302782961949,1.0628992280516645,9.111141507966275e-10,0.7738038109104062
956ae1aa,0.009174067091603155,19.1,0.14926505516134633,0.2553240158821465,0.3645862147729035,0.0,0.00030827135626400396,0.001265902956287092,0.00015140195428403968,0,,,0.14926505516134633,,,0.2553240158821465,,,0.3645862147729035,,,,,0.00030827135626400396,,,0.001265902956287092,,,0.00015140195428403968,,,,,0.007852023385905113,,,0.01351387861940808,,,0.005502762111595225,,,,,0.0,,,0.0,,,0.0,,,,,13.041114105848541,,,13.285885711535148,,,8.457553535158457,,,,,9.143912307526616,,,8.41617095358882,,,3.4278462793281688,,,0.003054995791560521,0.0008521920475978829,0.00021774144859031886,1.2396329261071197e-05,4.515557133654804,0.5409001801681119,0.6151680400426228,0.00012869976133892224,0.21380898584545216,4.631548775033391,0.992887613871082,1.0530552484883493,7.797429117921724e-10,0.8232621997140115
388fdafd,0.01462152297442178,19.1,0.1441033005498822,0.2500272174418732,0.35308126488992825,0.0,0.0013780924615995468,0.003040214456674489,0.0038733933731789232,0,,,0.1441033005498822,,,0.2500272174418732,,,0.35308126488992825,,,,,0.0013780924615995468,,,0.003040214456674489,,,0.0038733933731789232,,,,,0.016601761723380726,,,0.024658525733200227,,,0.02783305004191572,,,,,0.0,,,0.0,,,0.0,,,,,7.036613089770261,,,4.752890217803756,,,9.923448075461275,,,,,8.795219514418571,,,6.525441083995537,,,3.21340241335846,,,0.003429253010167132,0.0007154794717781473,0.00021958962251755447,2.0325294142849478e-05,3.8419185577730226,0.49609756171972114,0.651545556251063,0.0001114712282586231,0.30906650319728596,5.052667031463455,0.9329479162844032,1.0588380151950725,6.968611024246481e-10,0.8243478016096872
090e2d6e,0.010420219904208395,19.1,0.14707498314730802,0.2599890627576066,0.3638169377888068,0.0,0.0003122774995406277,0.0006147064608372735,0.0029100047084283905,0,,,0.14707498314730802,,,0.2599890627576066,,,0.3638169377888068,,,,,0.0003122774995406277,,,0.0006147064608372735,,,0.0029100047084283905,,,,,0.007902879216344227,,,0.008278437035303007,,,0.024124695680685343,,,,,0.0,,,0.0,,,0.0,,,,,4.098532514513419,,,9.695455911711846,,,16.08549366042946,,,,,11.435315404624895,,,7.569627449413375,,,3.633645961286183,,,0.0041663869887007595,0.0005243406485066678,0.0003164039589998916,1.2280468970540718e-05,3.7155538634665173,0.5454472215665501,0.5750206094960444,0.0001813219957070159,0.17666549454414404,4.938078942025383,1.0160226996134967,1.0280797750536872,8.818461203563751e-10,0.8067669352085233
eced4880,0.07115039761800171,19.1,0.1297309491852137,0.2597355842502128,0.3453260637954027,0.0,0.033564476782833384,5.287009966828483e-07,0.026580386826505042,0,,,0.1297309491852137,,,0.2597355842502128,,,0.3453260637954027,,,,,0.033564476782833384,,,5.287009966828483e-07,,,0.026580386826505042,,,,,0.010724022942458309,,,0.0003251771814512354,,,0.026528585408357067,,,,,0.0,,,0.0,,,0.0,,,,,5.466191009673319,,,16.23020843927129,,,32.98760788764707,,,,,11.212658373326047,,,8.03391089620901,,,4.141215698782839,,,0.003664208287658082,0.0005377637349438798,0.00021452244133145112,1.2693759571283961e-05,3.40631629005794,0.6229780337066784,0.5707619158414189,0.00020232046306439664,0.23378709408275444,4.799656935170582,1.0277866653962984,1.0129750606738575,9.083126493890902e-10,0.8381107373109693
fc403bb8,0.14173286725342019,19.1,0.142028778817343,0.2588578854878573,0.3705557774218083,0.0,0.0007478267117283547,0.0020427107219721814,0.1271502737909836,0,,,0.142028778817343,,,0.2588578854878573,,,0.3705557774218083,,,,,0.0007478267117283547,,,0.0020427107219721814,,,0.1271502737909836,,,,,0.00945333042002657,,,0.020212425495086835,,,0.014910353970557996,,,,,0.0,,,0.0,,,0.0,,,,,12.44897918656556,,,17.437367633613636,,,91.9947296824662,,,,,17.707512901031848,,,6.969570539379798,,,3.5741313107698227,,,0.003515577160023405,0.0008390321697096739,0.00015939766511948402,1.7017186725106836e-05,3.385699985652708,0.6318957856072912,0.6360207572895694,0.00015619164274406904,0.23480469885901384,5.033835376319168,0.9942347043046528,1.0579808768257815,8.409770262164897e-10,0.8659541047310949
34fd0613,0.03680443172470351,19.1,0.13888122797185506,0.2600214561847309,0.3860855359222161,0.0,0.0041351541658832215,0.001148680194825186,0.009678943467008557,0,,,0.13888122797185506,,,0.2600214561847309,,,0.3860855359222161,,,,,0.0041351541658832215,,,0.001148680194825186,,,0.009678943467008557,,,,,0.027102470701238175,,,0.015157045852178358,,,0.027884400402282527,,,,,0.0,,,0.0,,,0.0,,,,,33.8020874971149,,,5.019007337261531,,,3.7869006616710115,,,,,10.631856234272313,,,6.590860051357614,,,2.926564303603857,,,0.005267702515206332,0.0008480136617029408,0.00013099562346990368,1.0983908685790533e-05,2.4472979079466723,0.6706941028169255,0.6801876702848582,0.00019725372570454387,0.32099759413535295,4.6167683218258135,0.9790241972378075,1.0308125131088086,7.509389625599711e-10,0.8946158950659175
0e94d926,0.013716447462683506,19.1,0.14346760076447476,0.25773903626571404,0.35620610432364047,0.0,1.613026058805732e-05,0.0011955585664448786,0.006599793933777236,0,,,0.14346760076447476,,,0.25773903626571404,,,0.35620610432364047,,,,,1.613026058805732e-05,,,0.0011955585664448786,,,0.006599793933777236,,,,,0.001796121409485301,,,0.015463237477610428,,,0.0363312370661315,,,,,0.0,,,0.0,,,0.0,,,,,17.01471076843834,,,12.812310513372783,,,15.956659082053351,,,,,14.713624230316489,,,6.988710699233979,,,3.6306218392387866,,,0.002462063890711504,0.0006357154389397964,0.00017137581358800359,1.4173663817762035e-05,3.0800919042720327,0.6471897816471682,0.5179921635300594,0.00021881519679168,0.21271922458537051,4.968852350415844,1.032934295260168,1.044817298546442,7.999471382562323e-10,0.8298909107509113
ceda06c1,0.00604229076445118,19.2,0.1444508293286789,0.2525911130445568,0.3443277666632822,0.0,0.0014717169895441741,0.00019408369809883336,0.0010918891102902578,0,,,0.1444508293286789,,,0.2525911130445568,,,0.3443277666632822,,,,,0.0014717169895441741,,,0.00019408369809883336,,,0.0010918891102902578,,,,,0.013011427032183437,,,0.006230308148058704,,,0.014777612190677206,,,,,0.0,,,0.0,,,0.0,,,,,11.010739806135003,,,6.426569809563009,,,13.594256753153328,,,,,11.162035289715348,,,7.373591032938957,,,3.6745726602849937,,,0.0031731529599225046,0.0005037933597272072,0.00016449348202144087,1.0253836823803182e-05,4.828041728497869,0.6203810890372246,0.6034222824062248,0.00011174311895969865,0.15671379381892034,4.6878853777932825,1.0225621555101203,1.0056130341470453,8.388785780441268e-10,0.8493912565067073
5adf42ea,1.804135142056,19.2,0.14510339670335798,0.25766328038881336,0.31933449043509404,0.0,1.7856474575763854,0.000960622344196639,0.017522634969696596,0,,,0.14510339670335798,,,0.25766328038881336,,,0.31933449043509404,,,,,1.7856474575763854,,,0.000960622344196639,,,0.017522634969696596,,,,,0.007942008317440814,,,0.013860897115242138,,,0.02530967177379379,,,,,0.02195441609372959,,,0.0,,,0.0,,,,,177.46564560113697,,,13.773920379863519,,,14.668151833445737,,,,,15.825860270376586,,,7.584993591311604,,,4.1815622973583695,,,0.0026775860517197505,0.0008189763563527196,0.0002274375532659468,1.0968446462219922e-05,4.670078650814293,0.494495290150209,0.52087033926017,0.00017015222696995996,0.29374849392353813,4.616835853112754,1.0453050889896494,1.0726156953360686,8.457306122242501e-10,0.7577456128333575
47779e8a,0.10760983560501775,19.2,0.13465884086200172,0.2720475161848146,0.3056982964565572,0.0,0.008387752516177198,0.0014559406869472762,0.09193530632774018,0,,,0.13465884086200172,,,0.2720475161848146,,,0.3056982964565572,,,,,0.008387752516177198,,,0.0014559406869472762,,,0.09193530632774018,,,,,0.009153608362156397,,,0.01706423562277125,,,0.03140707985869757,,,,,0.0,,,0.0,,,0.0,,,,,28.32158992999488,,,7.663881133121466,,,84.05834838756834,,,,,11.831997200214044,,,8.330585817693757,,,3.743568461070575,,,0.003898836257651947,0.00044625987794071694,0.0002139775635276322,1.2575367626220424e-05,4.350323826429246,0.7153792640870315,0.5286820821326559,0.00014838054027052573,0.14549872602408095,4.863162635172823,1.044038093428182,1.0495771624193402,9.112099823863202e-10,0.8658002791594152
a46d0b19,0.012228512178995541,19.2,0.1463703372825992,0.2473256109335566,0.3635902994656198,0.0,0.00013017021070641467,0.0012349577861989313,0.0004526513025890215,0,,,0.1463703372825992,,,0.2473256109335566,,,0.3635902994656198,,,,,0.00013017021070641467,,,0.0012349577861989313,,,0.0004526513025890215,,,,,0.0051023565282409394,,,0.01571596504322233,,,0.009514739119797468,,,,,0.0,,,0.0,,,0.0,,,,,1.4313946087911915,,,16.239967877398122,,,10.373559021881038,,,,,13.52881713036815,,,7.843491177238085,,,3.2952194098203758,,,0.003795691322507971,0.0005708374614615423,0.00022364457799747692,1.3234815442550585e-05,3.3920798297434103,0.6061680654126332,0.5700909121157062,0.0001472914100874525,0.17348512138647168,4.945164293372712,0.9928384447751476,1.0573644999442542,8.089285690474813e-10,0.8306310631306267
e0937bb0,0.02901600710139798,19.2,0.15201167034338403,0.23640474084115493,0.3826866148039765,0.0,0.00021192700923842252,0.0005268801570584216,0.003763763007080633,0,,,0.15201167034338403,,,0.23640474084115493,,,0.3826866148039765,,,,,0.00021192700923842252,,,0.0005268801570584216,,,0.003763763007080633,,,,,0.006510407195228614,,,0.010265282821806923,,,0.027436337244904366,,,,,0.0,,,0.0,,,0.0,,,,,9.124053193572667,,,10.990198361099338,,,7.342675976619465,,,,,14.667133085885032,,,8.659735682644397,,,3.504828072938832,,,0.0015724442617928603,0.0009257103161621382,0.00025489998081663554,1.3086253238968383e-05,3.9739100682893427,0.43000868308295515,0.6257535034839443,0.00012183283051146451,0.22485065253900607,5.005108950205772,0.9912827051588182,1.0479244707028965,8.215967547528969e-10,0.7866201712488747
baf1f0ca,0.012100332943527565,19.2,0.14589281109163799,0.25042357207329374,0.3594659524998573,0.0,8.235573799340917e-05,0.0027775861807538597,0.0013145052878885191,0,,,0.14589281109163799,,,0.25042357207329374,,,0.3594659524998573,,,,,8.235573799340917e-05,,,0.0027775861807538597,,,0.0013145052878885191,,,,,0.004058466163303796,,,0.023569413148204856,,,0.016214223927703227,,,,,0.0,,,0.0,,,0.0,,,,,8.479238904741063,,,8.405534676219867,,,6.8361601813838115,,,,,9.704391580796246,,,8.143932912816005,,,3.551031909539819,,,0.0037759132926866346,0.0009254355393970155,0.00024449345476356907,1.133444229340222e-05,4.340349480372234,0.46077556251228724,0.6274296368045029,0.00013329126428073882,0.18590337227166162,4.787509531613801,1.0096079420829087,1.0534300463240736,7.752421619102459e-10,0.7990382125176347
090bff89,0.008566135539824063,19.2,0.15677517651495554,0.2518462063247197,0.3457692461897878,0.0,0.0010284722366567182,0.0014535806193410668,0.001627839875877862,0,,,0.15677517651495554,,,0.2518462063247197,,,0.3457692461897878,,,,,0.0010284722366567182,,,0.0014535806193410668,,,0.001627839875877862,,,,,0.010962952792467071,,,0.0170503995222462,,,0.007722562152467764,,,,,0.0,,,0.0,,,0.0,,,,,16.948952205986895,,,12.34015944889899,,,8.298107185805039,,,,,9.56160310116863,,,7.50711042610169,,,3.64425502278232,,,0.0030323894915145564,0.0008989781821527069,0.00023733548558709037,1.596345138683068e-05,5.126504507457008,0.5534489307803993,0.6301391817878116,0.00015190040729429685,0.17762300087529204,4.85731090256281,0.9778392792712596,1.046421565297854,6.759605856149439e-10,0.834775242246732
e34d5b20,0.9835197574535244,19.2,0.14521215778659038,0.2533490005134507,0.37330533913732555,0.0,0.9661437917611087,0.0019327021201921812,0.002575344826758928,0,,,0.14521215778659038,,,0.2533490005134507,,,0.37330533913732555,,,,,0.9661437917611087,,,0.0019327021201921812,,,0.002575344826758928,,,,,0.018693877043289606,,,0.019660631323496106,,,0.022645688773639424,,,,,0.0032784714382784537,,,0.0,,,0.0,,,,,148.2692223485025,,,13.733478088861844,,,14.302743764866108,,,,,14.513662798671614,,,7.43387875355963,,,3.449116287031963,,,0.0033792655119652404,0.0005983586145664223,0.00032182829458297777,1.2085455847079976e-05,5.340245923483288,0.7418751186849102,0.5002886740681218,0.00012658516367536557,0.2117374713014826,4.605444764617943,0.9929283786621949,1.041893262108649,8.03138618147597e-10,0.870962044434621
a72d6145,1.6714738074496303,19.4,0.13121847530861594,0.2627385940859668,0.3545440482771392,0.0,1.6505365276389266,0.0023130702439688694,0.005457135997289495,0,,,0.13121847530861594,,,0.2627385940859668,,,0.3545440482771392,,,,,1.6505365276389266,,,0.0023130702439688694,,,0.005457135997289495,,,,,0.035315941783260245,,,0.002833895982251772,,,0.03303675528041304,,,,,0.0,,,0.0,,,0.0,,,,,173.7577858796833,,,15.65704720783539,,,10.527967859519512,,,,,8.45432962378504,,,6.620921684729591,,,3.1729312578376936,,,0.0023245843630758933,0.0007860840075033658,0.00020267438155296258,1.0184510774877e-05,4.311084323068016,0.5039909911452596,0.6163100173313032,0.00020450051683345308,0.25888473183054744,4.8237786357473675,1.0405308002167697,1.0392589275162192,7.073311159515582e-10,0.809624680987274
e9c78f60,0.06540479962014914,19.4,0.13093437209057307,0.271455771665032,0.4014682065909241,0.0,0.004538550615925639,0.003921706849578714,0.01740546475949804,0,,,0.13093437209057307,,,0.271455771665032,,,0.4014682065909241,,,,,0.004538550615925639,,,0.003921706849578714,,,0.01740546475949804,,,,,0.008964979506675186,,,0.028006095227927488,,,0.01729601493696719,,,,,0.0,,,0.0,,,0.0,,,,,11.813941964455644,,,5.052601706900893,,,12.199360394672043,,,,,9.02915397706936,,,6.594141489272245,,,3.4244710970591425,,,0.003766717516293841,0.0008200977997754735,0.0002815540691010318,1.417825971725112e-05,4.300342648480486,0.6648827408533743,0.6721206202024619,0.00012973435352885298,0.2842311567877129,4.525926497879438,0.9573690241503664,1.0393839651387022,7.354470042388572e-10,0.8900547488495333
259de5cd,0.029371077887840952,19.4,0.15523951674107198,0.26224442526616726,0.36047896299217397,0.0,0.0002796937891202099,0.0004452605129018325,0.024966705469301326,0,,,0.15523951674107198,,,0.26224442526616726,,,0.36047896299217397,,,,,0.0002796937891202099,,,0.0004452605129018325,,,0.024966705469301326,,,,,0.007479221739194659,,,0.009436742159260604,,,0.00463468775258677,,,,,0.0,,,0.0,,,0.0,,,,,10.965586363859371,,,16.085596090497585,,,30.096112214723114,,,,,11.163375400759987,,,6.761809582293195,,,4.078922076787663,,,0.0032167283849145233,0.0007819509124355456,0.00020727353588147508,1.130771296210497e-05,5.028238783603305,0.5755439535318865,0.5649282130731968,0.00016428810950020451,0.24100042471129768,4.745228683443954,1.01495324855989,1.0492321494928882,8.396987734954079e-10,0.8152746565699244
f4e47a75,0.0205458907270143,19.4,0.13102538050322757,0.24481739813797998,0.33891699099132355,0.0,0.004148283099270021,0.001964511215406607,0.006378144774743881,0,,,0.13102538050322757,,,0.24481739813797998,,,0.33891699099132355,,,,,0.004148283099270021,,,0.001964511215406607,,,0.006378144774743881,,,,,0.007953748887373593,,,0.01857357530805614,,,0.03571594818773227,,,,,0.0,,,0.0,,,0.0,,,,,11.691310103519255,,,6.073577518321397,,,9.265894823287306,,,,,9.519711423797741,,,7.1699183210753965,,,3.696936367513793,,,0.0020417965777805146,0.0007299708066375706,0.00011218365314342726,1.1963851968204207e-05,4.434652213880711,0.5204029654934177,0.5639703639838707,0.00010225708936221083,0.20868952183828351,4.73677568499055,1.0199279951342892,1.0003190935762865,7.402514807204462e-10,0.7908250825732815
831e9b00,0.013350193895112444,19.4,0.14501022965866084,0.25271093349944507,0.3556907254381659,0.0,0.0001662669468097591,5.966286864486382e-05,0.00686822958124924,0,,,0.14501022965866084,,,0.25271093349944507,,,0.3556907254381659,,,,,0.0001662669468097591,,,5.966286864486382e-05,,,0.00686822958124924,,,,,0.0057665751848000575,,,0.003454355761784354,,,0.037062729476521936,,,,,0.0,,,0.0,,,0.0,,,,,6.541725532129217,,,3.338853574884385,,,6.081037014102857,,,,,9.991352484509619,,,7.742115841900744,,,3.6953802884875344,,,0.0031375126306821374,0.0008822984079924755,0.0002432046736090406,1.1412115675602938e-05,5.882021948270288,0.5735150245565385,0.588378706781156,0.00010159514727395035,0.13656806236180136,4.7656236798501626,0.982876004421087,1.060397099665695,7.933224305715415e-10,0.8243908649988774
78b91939,0.030873485147521175,19.4,0.14557432495876757,0.25035660373375607,0.3432894350881347,0.0,0.0006564624249661475,0.0006472892571231014,0.026243522391104404,0,,,0.14557432495876757,,,0.25035660373375607,,,0.3432894350881347,,,,,0.0006564624249661475,,,0.0006472892571231014,,,0.026243522391104404,,,,,0.011458293284483057,,,0.006427037577938989,,,0.0642054694381866,,,,,0.0,,,0.0,,,0.0,,,,,17.92477772051784,,,6.62941907773778,,,16.601104151394782,,,,,11.345819926506897,,,7.162310000049059,,,3.8860364978737016,,,0.0020579790924410138,0.0008720784236678882,0.00020038805345094584,1.2591779236362372e-05,4.999907803859418,0.5526983459386842,0.5519063572750909,0.00012625425538194507,0.16830231791206587,4.743832551078029,1.0766859439262486,0.9898761738295575,8.280331215113148e-10,0.7995117817990604
41db5438,0.12469704871126766,19.4,0.1390601508443309,0.26174523483836726,0.2901070941134014,0.0,0.001375804290688321,0.0013428193157535438,0.11808777034075427,0,,,0.1390601508443309,,,0.26174523483836726,,,0.2901070941134014,,,,,0.001375804290688321,,,0.0013428193157535438,,,0.11808777034075427,,,,,0.016587973298075452,,,0.016387918206737205,,,0.005344481648735276,,,,,0.0,,,0.0,,,0.0,,,,,11.822874532734629,,,7.841332221889065,,,30.593368702756706,,,,,10.617823321297045,,,6.585457281799727,,,4.059296895501181,,,0.0016195477221802928,0.0006477004815701023,0.00017440964339884995,1.3670730912879594e-05,4.6248384471423485,0.5958804493243532,0.6607590051287994,0.00014748634256793894,0.1392527528709409,4.967691109019087,1.0052780533724268,1.001062315123703,7.361491361523442e-10,0.8628400056813781
a045fd69,1.4826947402981003,19.4,0.1472184781132497,0.25581161313386486,0.3430992262597759,0.0,0.0007674080550926948,0.0027614292292195007,1.4770914982319325,0,,,0.1472184781132497,,,0.25581161313386486,,,0.3430992262597759,,,,,0.0007674080550926948,,,0.0027614292292195007,,,1.4770914982319325,,,,,0.012388769552241214,,,0.023500762665154086,,,0.011269465689542341,,,,,0.0,,,0.0,,,0.0,,,,,38.614782004676755,,,6.384976338161607,,,169.35857351379946,,,,,10.451922272670137,,,8.073997321156453,,,4.02987851653246,,,0.003155704243050146,0.0005183876143805086,0.00019730364697326244,1.0966975916838339e-05,4.41040912966667,0.49200619547517815,0.6559899408603473,0.00014223494896785724,0.14141171909778133,4.726588347954769,1.031819464977548,1.0099567310016573,8.215136391968409e-10,0.8251794222687527
ae925e2c,0.01064644437596619,19.5,0.1408268895209278,0.2659443546045081,0.3329396325110124,0.0,0.0017538297684992796,0.0005826159005972156,0.006480982645059802,0,,,0.1408268895209278,,,0.2659443546045081,,,0.3329396325110124,,,,,0.0017538297684992796,,,0.0005826159005972156,,,0.006480982645059802,,,,,0.010999319754563105,,,0.010794590317350776,,,0.03600272946613854,,,,,0.0,,,0.0,,,0.0,,,,,11.538147506240945,,,7.300598325675702,,,8.26503293428092,,,,,10.289711095972844,,,7.302006751882184,,,3.8780655640561665,,,0.0020126381798988156,0.0006519319661876708,0.00023727786849987153,1.1558903261683125e-05,3.833687767343384,0.4891677653326611,0.6334924605288935,0.00013049328479752372,0.09514540420044482,4.953436227302526,1.0246925402118852,1.0295744742780588,7.404448523986087e-10,0.8127127853434939
9767342c,0.03588878051574271,19.5,0.14664646510138163,0.23070225542404013,0.3646946862237531,0.0,0.000930370479261341,0.005264569369085226,0.010840396651012165,0,,,0.14664646510138163,,,0.23070225542404013,,,0.3646946862237531,,,,,0.000930370479261341,,,0.005264569369085226,,,0.010840396651012165,,,,,0.013640897912244201,,,0.01914722551140867,,,0.046562638780490447,,,,,0.0,,,0.0,,,0.0,,,,,8.697600713475538,,,4.321743263236427,,,16.647773665299944,,,,,11.924635167948166,,,9.090748040569704,,,3.2940629923257596,,,0.0036152610068194892,0.0005709848987919189,0.0001973244057194861,1.278202939827398e-05,5.794030716287166,0.5366571445452142,0.5826607508688741,0.00013230108893464137,0.1638539529657257,5.012236193945158,1.0005856306834282,1.0421376371560014,7.735470918704332e-10,0.806570574539141
b9544846,0.017294265886877717,19.5,0.14285170038061717,0.2592526579828979,0.3646532907534274,0.0,0.003988849463466523,0.0015625695314004106,0.002899427103283557,0,,,0.14285170038061717,,,0.2592526579828979,,,0.3646532907534274,,,,,0.003988849463466523,,,0.0015625695314004106,,,0.002899427103283557,,,,,0.016576577049597477,,,0.017678062854285876,,,0.024080810215952275,,,,,0.0,,,0.0,,,0.0,,,,,23.01025027884216,,,19.607918992782906,,,9.806341395623162,,,,,8.88234065876785,,,6.67924308829799,,,3.6464442066274976,,,0.001618965093497732,0.0008314731936349361,0.0002386013180047165,1.3542171784295205e-05,5.698306021979538,0.6051900361702963,0.5721339159919285,8.309853328920744e-05,0.10243259781439107,5.014200686871332,0.9785905420085146,1.0341519270520039,7.486944908609746e-10,0.8310169934572171
0ed31fc7,1.6045616633447877,19.5,0.14198715087903102,0.252519739638302,0.3558682858366773,0.0,1.5819326393314215,0.0015669989088898753,0.013698577556990048,0,,,0.14198715087903102,,,0.252519739638302,,,0.3558682858366773,,,,,1.5819326393314215,,,0.0015669989088898753,,,0.013698577556990048,,,,,0.011717945518165804,,,0.017703100908540714,,,0.04311174844788802,,,,,0.06235806316579696,,,0.0,,,0.0,,,,,171.08907580522302,,,4.275706962471789,,,4.499364405813093,,,,,18.27172312102919,,,6.420871193089382,,,3.276154929690117,,,0.00235852741376059,0.0007812383042166682,0.00019717020593757538,1.1362699448620041e-05,4.891271155595421,0.6164475082106528,0.44313629157432854,0.0001581343166692959,0.2201869414844566,4.716048674126895,1.017702221813133,0.9930134694244204,8.439268318509144e-10,0.7863692234171198
0613541b,0.06592158696448229,19.5,0.12215217289223894,0.25049426362792826,0.30019953293320056,0.0,0.043320419022536395,0.003246361775481078,0.013536553595970578,0,,,0.12215217289223894,,,0.25049426362792826,,,0.30019953293320056,,,,,0.043320419022536395,,,0.003246361775481078,,,0.013536553595970578,,,,,0.030383169184405444,,,0.025480823281366236,,,0.0505430078394037,,,,,0.0,,,0.0,,,0.0,,,,,7.566906870512545,,,14.081181908896697,,,23.98958683960737,,,,,13.309200136863273,,,7.495824226144021,,,4.114647193463361,,,0.0014648254413165572,0.0010911115633501773,0.0002597839025847503,1.2119350797755628e-05,4.893894945113213,0.5544995878040195,0.5462246494673124,0.00012490482391725962,0.21082816725644885,4.602009470598518,1.0698082673002345,1.003383159938438,8.185563418350605e-10,0.7977882718283654
3cc3ede1,0.09796035003651114,19.5,0.15091686508347196,0.24601090797056038,0.36778978467601003,0.0,0.07584000017098641,0.0014854780364152783,0.008668495629204825,0,,,0.15091686508347196,,,0.24601090797056038,,,0.36778978467601003,,,,,0.07584000017098641,,,0.0014854780364152783,,,0.008668495629204825,,,,,0.015980960476472725,,,0.01247606062675379,,,0.025910154950340675,,,,,0.07456304468223349,,,0.0,,,0.0,,,,,41.04252832019118,,,6.624973923168699,,,8.171122675047297,,,,,17.221115889654556,,,7.173834309075815,,,3.457436578537662,,,0.003695116789578016,0.0005136763581328845,0.00026500212765363833,1.0120160618462449e-05,7.277993910884132,0.44911938731166406,0.640819055860176,0.00014113946465922644,0.1561047859034253,4.774635061629183,1.0008853457134548,1.016702652088948,8.369434734588168e-10,0.8020700995206927
e787dedc,0.019658187433947153,19.5,0.1380792776399883,0.26114651071920886,0.357038254959419,0.0,0.004945458444324548,0.0008846392090523685,0.005193669615654817,0,,,0.1380792776399883,,,0.26114651071920886,,,0.357038254959419,,,,,0.004945458444324548,,,0.0008846392090523685,,,0.005193669615654817,,,,,0.015753229503907847,,,0.013301422548377061,,,0.032229395326796986,,,,,0.0,,,0.0,,,0.0,,,,,10.796821374004372,,,17.418114650547103,,,12.17291177069207,,,,,8.856579952686655,,,6.393833363022627,,,3.3656843210555643,,,0.003371619477647819,0.0007619393594711201,0.000262064568155363,1.4859696532818617e-05,5.281667753396051,0.6001581225192867,0.589965485391023,8.401285460753263e-05,0.26917375680526234,4.861632743507264,0.9411486603160886,1.0782715322119545,7.549698744334259e-10,0.8359920332983146
4a4f2e79,0.0730550250949353,19.5,0.12165506005210631,0.25018641423907373,0.3616231000417917,0.0,0.041959894263887826,0.001245870293134836,0.002859682203353996,0,,,0.12165506005210631,,,0.25018641423907373,,,0.3616231000417917,,,,,0.041959894263887826,,,0.001245870293134836,,,0.002859682203353996,,,,,0.007067289308008629,,,0.01578524813320865,,,0.02391519267475801,,,,,0.0,,,0.0,,,0.0,,,,,18.70866089817007,,,9.27360707258485,,,12.70269896449584,,,,,9.690335443966843,,,6.322686703994388,,,3.5793979131088194,,,0.0009676447709717926,0.0006447594437940108,0.00014158043483990503,1.1038094276711297e-05,4.695900744274084,0.5289713414544847,0.6162078854223474,0.0001251599413038248,0.15053802378993225,5.045041231165799,0.9842365785015165,1.0205392538224323,6.388545508501641e-10,0.8191612943215993
ed765231,0.02825111267710151,19.7,0.13662268338310773,0.25371786299767357,0.36917016059538743,0.0,0.002357824474754809,0.0033864708658188085,0.006673512477553367,0,,,0.13662268338310773,,,0.25371786299767357,,,0.36917016059538743,,,,,0.002357824474754809,,,0.0033864708658188085,,,0.006673512477553367,,,,,0.021715545006998137,,,0.026024876045118096,,,0.03653358038176211,,,,,0.0,,,0.0,,,0.0,,,,,18.646346318247893,,,8.002422082194053,,,13.113677602827043,,,,,8.752986407087835,,,6.190979814369766,,,3.097723879538456,,,0.0017664356869255017,0.0008716483971428046,0.00022175954408573431,1.311274621222293e-05,4.458481684529356,0.5808447787748532,0.6063071252178164,0.00011527024013739253,0.2124924063913987,4.9142729987407066,0.989290933351542,1.036301569820248,6.588091293766633e-10,0.834920945263388
6e2f25cc,0.015021439744693527,19.7,0.1369524144328042,0.2574090959183706,0.34488718320232986,0.0,0.0021618078097789192,0.0019101268960532104,0.005270193458828785,0,,,0.1369524144328042,,,0.2574090959183706,,,0.34488718320232986,,,,,0.0021618078097789192,,,0.0019101268960532104,,,0.005270193458828785,,,,,0.020793305700532175,,,0.019545469531598417,,,0.03246596204897919,,,,,0.0,,,0.0,,,0.0,,,,,14.613666595276625,,,18.93593471306895,,,2.3319163190059533,,,,,10.560275002221488,,,6.521351511858836,,,3.4031303489316347,,,0.0014735323722180754,0.00046872702545122473,0.00027686568683493436,1.1645848662217769e-05,4.461817534710204,0.4820092639057941,0.5629046113590569,8.50646947407152e-05,0.19699606583452664,4.835968616801306,0.985594493038273,1.018555907644511,7.721070199943903e-10,0.773532347433359
02ad6653,0.006681382526317937,19.7,0.139985165733967,0.2531612526297558,0.3310047806198332,0.0,0.0010520900888501016,4.052272470615272e-05,0.003975488949544512,0,,,0.139985165733967,,,0.2531612526297558,,,0.3310047806198332,,,,,0.0010520900888501016,,,4.052272470615272e-05,,,0.003975488949544512,,,,,0.011487210023874128,,,0.002846848246961988,,,0.02411807345616594,,,,,0.0,,,0.0,,,0.0,,,,,9.405765272868653,,,11.646992898496901,,,9.155828247703418,,,,,10.926679742427032,,,6.902744969441167,,,3.759545408980353,,,0.0016170543346052853,0.0007607767460697884,0.00020925651656436553,1.1224942543485212e-05,4.172007928982053,0.6195996178250556,0.5166452798983373,0.00010600723873849897,0.05705710843024309,4.930237124087131,0.988656856611941,1.0229801305047204,7.949797378275956e-10,0.8160800152192744
f49e61a2,0.013325728867440788,19.7,0.13871393391969922,0.24788219120686472,0.34639503688653983,0.0,0.005631880676116913,5.672473046623657e-05,0.0012657129683826527,0,,,0.13871393391969922,,,0.24788219120686472,,,0.34639503688653983,,,,,0.005631880676116913,,,5.672473046623657e-05,,,0.0012657129683826527,,,,,0.024896077574410737,,,0.0033682259563822784,,,0.015910455483000182,,,,,0.0,,,0.0,,,0.0,,,,,6.2296383068430865,,,7.658604353427357,,,10.026339394535261,,,,,10.223860942130553,,,6.855571399526438,,,3.4843797104293714,,,0.0017817174975046086,0.0007789834478222175,0.00019859125134710738,1.0944006650625528e-05,4.633266189736529,0.4919343383404579,0.6136952488752025,0.00010852258001119665,0.017201466093177485,5.022845696723082,1.0217343618305705,1.0301197455400868,8.798625976885355e-10,0.8036704514926676
e43ef95e,0.01580522223494869,19.7,0.13831237533991445,0.24889978079323652,0.3473441997791097,0.0,0.0014158625222683832,0.0036761740641794083,0.004051589352428021,0,,,0.13831237533991445,,,0.24889978079323652,,,0.3473441997791097,,,,,0.0014158625222683832,,,0.0036761740641794083,,,0.004051589352428021,,,,,0.014990652833046203,,,0.01877291935285739,,,0.021464622463676294,,,,,0.0,,,0.0,,,0.0,,,,,26.18183537159359,,,6.324555542471396,,,4.52106286535642,,,,,12.93018138850578,,,7.318096767357873,,,3.800662830357915,,,0.0019196646396369723,0.0007465008912473089,0.00021841434251943602,1.3863519695746989e-05,4.236101191491886,0.5109234014345004,0.5619787415810309,0.00014133848188144937,0.1347968621159621,4.756432657867226,1.0572318268803929,1.0446134181163325,8.183263833761331e-10,0.7857178549589128
26fa87d9,0.02145940445950729,19.7,0.14100883089773333,0.2626056045318278,0.37032425254811296,0.0,0.0019954061522401796,0.006150790077977873,0.001635428263758471,0,,,0.14100883089773333,,,0.2626056045318278,,,0.37032425254811296,,,,,0.0019954061522401796,,,0.006150790077977873,,,0.001635428263758471,,,,,0.019977017556383033,,,0.021962223159708638,,,0.01808550946895592,,,,,0.0,,,0.0,,,0.0,,,,,9.609195639406726,,,15.487583651443964,,,4.101868069263472,,,,,10.3438839433265,,,6.5019169876100245,,,3.8537434581451593,,,0.002810310710615975,0.0007288512752636248,0.00023690733432447835,1.056437989870818e-05,4.661410372830456,0.5621111424987405,0.6415925530461302,0.0001277080459734353,0.2218833057670927,4.806411349812682,0.9925204973125107,1.0345861073627225,7.542054352141867e-10,0.842993213278122
1e03a050,0.029112042681434178,19.7,0.1387167542277445,0.25209520549073006,0.36066691732724093,0.0,0.0007083379862847785,0.0074011208202180755,0.010135303156455,0,,,0.1387167542277445,,,0.25209520549073006,,,0.36066691732724093,,,,,0.0007083379862847785,,,0.0074011208202180755,,,0.010135303156455,,,,,0.011902419806785329,,,0.028400519681685155,,,0.04502289008150188,,,,,0.0,,,0.0,,,0.0,,,,,9.075020154430899,,,5.511244222208434,,,8.10728891046279,,,,,8.883092513805689,,,6.989113940246549,,,3.3162034213144187,,,0.0014930181268588646,0.0006902170591698635,0.00027940056108327176,1.1083523505821721e-05,5.167382537087785,0.5636890756082935,0.6521875083884672,8.98554505689068e-05,0.18574457779402698,4.994934722532895,0.9802919893489767,1.0259206430802241,6.585588826603424e-10,0.8481803915191506
f399ca28,0.035417004663421604,19.7,0.13094744469892247,0.26888142078882254,0.3689896514572851,0.0,0.004316686274432885,0.0003646221442321228,0.01076740687691301,0,,,0.13094744469892247,,,0.26888142078882254,,,0.3689896514572851,,,,,0.004316686274432885,,,0.0003646221442321228,,,0.01076740687691301,,,,,0.006407902209943164,,,0.008539580132911955,,,0.046405617929110715,,,,,0.0,,,0.0,,,0.0,,,,,21.6898445801229,,,5.552609693628898,,,12.936520045732973,,,,,11.35706722282003,,,6.643036755462794,,,3.475224298218062,,,0.0021296431191222586,0.0008835542206415619,0.0002585863917408407,1.3828983695370723e-05,4.149226436231743,0.5502356978829726,0.7214794235121088,0.00011622553179378616,0.1133318065401862,5.0466025009137905,0.9825343805957861,1.0238628768705218,7.242050634446309e-10,0.8746592393483403
a267b832,0.0269781108502822,19.8,0.140968810295733,0.2652322299110229,0.3855356935806546,0.0,0.00035776258076181626,0.00013527970726551227,0.007878085452909165,0,,,0.140968810295733,,,0.2652322299110229,,,0.3855356935806546,,,,,0.00035776258076181626,,,0.00013527970726551227,,,0.007878085452909165,,,,,0.008458872037828876,,,0.005201532606175074,,,0.029572032702589852,,,,,0.0,,,0.0,,,0.0,,,,,18.443187706243847,,,3.0085926043483537,,,4.700441042937811,,,,,13.37878560392643,,,7.338795507993057,,,3.374478760916161,,,0.0012803619945767405,0.0008951634763007783,0.00012501028959312102,1.273971861268275e-05,4.441183013811261,0.5653831255776464,0.666585035596511,0.00010461287651334992,0.06287098973111181,4.771574018142091,0.9873838357718258,0.9986970689344216,8.459527858937824e-10,0.8550255717817556
bd9b3e14,0.03073054308771895,19.8,0.13191629816470676,0.24983291903824142,0.3525678071710532,0.0,0.009469899027806787,0.006704161782485137,0.002332413008753268,0,,,0.13191629816470676,,,0.24983291903824142,,,0.3525678071710532,,,,,0.009469899027806787,,,0.006704161782485137,,,0.002332413008753268,,,,,0.002884323469618584,,,0.03661737779384301,,,0.021598208299547755,,,,,0.0,,,0.0,,,0.0,,,,,13.691129695974004,,,15.985667413291754,,,9.040323214070364,,,,,11.581679403464577,,,6.956767769070373,,,3.2643790429630695,,,0.0015200696258890552,0.0005839843323092264,0.0001741753706020536,1.056606325784843e-05,4.528086128687086,0.6048061845512662,0.4671963667580449,9.269420007102522e-05,0.02442044653185241,5.007066978959602,0.9908019581695114,1.0131959520766414,8.124550464032116e-10,0.7893925796574881
863c3149,0.00878691402437622,19.8,0.14015472990994268,0.23870277821510338,0.3328392117435458,0.0,0.0005499588250287401,0.0003766443562611526,0.0037032900068330217,0,,,0.14015472990994268,,,0.23870277821510338,,,0.3328392117435458,,,,,0.0005499588250287401,,,0.0003766443562611526,,,0.0037032900068330217,,,,,0.00945453722045981,,,0.0007300207851829353,,,0.027215032635780623,,,,,0.0,,,0.0,,,0.0,,,,,17.22902086221694,,,14.977348621684081,,,24.863614651965932,,,,,13.290794352330046,,,7.182640613317784,,,4.080552801444683,,,0.002116445234694354,0.0007056293423220028,0.00017662757701513403,1.2949572015594992e-05,4.016856559086815,0.5178686274087767,0.5011261447887883,8.848760938394835e-05,0.20438236327651732,4.9183121923382265,0.9876545723484815,1.010879252456038,7.755909086970468e-10,0.7594271508226644
6950c684,0.012019204594938009,19.8,0.13683758751895522,0.24193343192799682,0.3186548170924134,0.0,0.0019002386417299097,0.002758866562145097,0.006129692593577668,0,,,0.13683758751895522,,,0.24193343192799682,,,0.3186548170924134,,,,,0.0019002386417299097,,,0.002758866562145097,,,0.006129692593577668,,,,,0.008012595186438747,,,0.02348985552167189,,,0.035013404843224454,,,,,0.0,,,0.0,,,0.0,,,,,11.30130924401348,,,4.595818751717542,,,28.945086641801485,,,,,11.863163303824225,,,7.2053679036958656,,,4.307891654216255,,,0.001718604993843962,0.000721011077368499,0.00019844732349090605,1.1387932658496479e-05,5.691020340571454,0.5968779084817524,0.47807254148855177,6.409214873609725e-05,0.04647632722175821,4.799875793663443,1.0147527261933313,1.0391334242170194,8.439141151771461e-10,0.7895517040499127
8f8d7707,0.04937926052147852,19.8,0.13855878959196977,0.26236683674728223,0.3461411334724945,0.0,0.04308578241241206,0.0007309025548069836,0.0005252609549533897,0,,,0.13855878959196977,,,0.26236683674728223,,,0.3461411334724945,,,,,0.04308578241241206,,,0.0007309025548069836,,,0.0005252609549533897,,,,,0.004251620397785004,,,0.01209051326294284,,,0.01024949710915994,,,,,0.0,,,0.0,,,0.0,,,,,3.955966834410275,,,13.279646405437255,,,2.1403565944407403,,,,,13.868211209562373,,,7.0382630660358325,,,3.231543195009303,,,0.0012201071407441143,0.0009759391622635118,0.00019516437563753313,1.111637894733129e-05,4.073486075136249,0.568690747354639,0.6270282945254447,0.0001224192270187803,0.018756728715675457,5.057086938739959,1.0139668963468909,1.0179366157541216,7.718009843332259e-10,0.8390711496244514
17dfa2d0,0.11924239426469883,19.8,0.14068021487111332,0.2623842362920357,0.3447199803475126,0.0,0.11193066020922286,0.00033092570929439794,0.003347879656313416,0,,,0.14068021487111332,,,0.2623842362920357,,,0.3447199803475126,,,,,0.11193066020922286,,,0.00033092570929439794,,,0.003347879656313416,,,,,0.007191100991692369,,,0.008135425118509763,,,0.02587616531216871,,,,,0.05295724547376355,,,0.0,,,0.0,,,,,6.496445051056381,,,11.845743002372034,,,19.889388564091117,,,,,13.534578264061345,,,7.386202344606411,,,3.372212502029044,,,0.0016119726048547877,0.0007825813385852469,0.00025738561594897564,1.092816583523227e-05,3.1993213535972624,0.5895380923713812,0.5747524179997691,0.00010232093282029639,0.07964795579525297,4.914017887118019,0.9948205260966438,0.9875911335772041,8.581162613829113e-10,0.8253945910359277
bab3fc16,0.01636818118501221,19.8,0.1368527219659532,0.263429416279446,0.3596745893541196,0.0,0.0016596471246568712,0.0006943608669002582,0.003669723381973791,0,,,0.1368527219659532,,,0.263429416279446,,,0.3596745893541196,,,,,0.0016596471246568712,,,0.0006943608669002582,,,0.003669723381973791,,,,,0.018218930400310942,,,0.011784403819457803,,,0.027091413333282525,,,,,0.0,,,0.0,,,0.0,,,,,16.433638154533007,,,13.971201634544721,,,12.189315808763599,,,,,10.904520542523402,,,7.946467087483888,,,3.364525792798037,,,0.0019060092447216875,0.0008785743403076899,0.00023803060788805814,1.269477407759517e-05,4.297050975741739,0.6331972497495673,0.5621338162696261,0.00011836891608668022,0.08364578653020846,4.974369358988812,0.9907148682150645,1.001330290769891,7.838545832717052e-10,0.8393332661844106
fa330714,0.02429031264607637,19.8,0.13070387185350352,0.24645191183782847,0.35997943334490184,0.0,0.005474204486580857,0.00047168381052395023,0.001163479201103743,0,,,0.13070387185350352,,,0.24645191183782847,,,0.35997943334490184,,,,,0.005474204486580857,,,0.00047168381052395023,,,0.001163479201103743,,,,,0.013254152255567597,,,0.008701213489174164,,,0.015254371184049135,,,,,0.0,,,0.0,,,0.0,,,,,17.482989124820936,,,10.495326402280316,,,1.2546973514581143,,,,,9.241381654567345,,,7.74983787592025,,,3.962756756796403,,,0.0027318585025187026,0.00043454939945281593,0.00019115238517490783,1.2276556009670994e-05,3.980258877952059,0.6466325141603954,0.5177671598147474,0.00018140631775693476,0.1406718579803481,5.00510471857366,0.9632351180179365,1.0362012078287492,8.330477538646205e-10,0.829542816958464
3c641585,0.032321803022329856,20.0,0.14215222682236991,0.25100323385600687,0.3607466163888811,0.0,0.0017319061704559415,0.0025481396515616727,0.018567679967502443,0,,,0.14215222682236991,,,0.25100323385600687,,,0.3607466163888811,,,,,0.0017319061704559415,,,0.0025481396515616727,,,0.018567679967502443,,,,,0.01861132005235492,,,0.022574940316916335,,,0.05323487817777996,,,,,0.0,,,0.0,,,0.0,,,,,1.557715679759855,,,3.834166466599985,,,33.049131268632,,,,,9.971117898437218,,,6.834042797552843,,,3.7698122033328594,,,0.0016521916529098975,0.0005091392116615217,0.00016083464003564961,1.12858396914941e-05,5.1057283435687175,0.5745755274768304,0.517689973888418,0.0001187049547633173,0.09073796216522567,4.900834288059733,0.9991100293253261,1.0554509106583958,7.646612731831101e-10,0.7947617425514553
9e0d1689,0.02118322156441069,20.0,0.139702961890015,0.24153560701359705,0.33523002865984286,0.0,0.007833512499776586,0.0013671258442352965,0.007832947949616075,0,,,0.139702961890015,,,0.24153560701359705,,,0.33523002865984286,,,,,0.007833512499776586,,,0.0013671258442352965,,,0.007832947949616075,,,,,0.036888605855438385,,,0.016535572830932085,,,0.009873607820010883,,,,,0.0,,,0.0,,,0.0,,,,,9.882792322169756,,,7.373984719996196,,,8.293107475207,,,,,11.647494713118704,,,7.611806908053027,,,3.875611342563966,,,0.0022298046817226715,0.0007455556100769142,0.00010832427636689381,1.4336978781960283e-05,4.646779845499464,0.561885792633789,0.5123761491079762,8.959583668940415e-05,0.1564782120141241,5.006767688337088,0.9790862852346988,1.0425816343075356,8.818785577896647e-10,0.7863138254586708
132ce443,0.022090879897390697,20.0,0.1310636033678767,0.2562958720198721,0.3443199849079379,0.0,0.005377116100641262,4.4097623847531144e-05,0.007257847718916328,0,,,0.1310636033678767,,,0.2562958720198721,,,0.3443199849079379,,,,,0.005377116100641262,,,4.4097623847531144e-05,,,0.007257847718916328,,,,,0.0067951688811915085,,,0.0029697684706903042,,,0.03809946907482131,,,,,0.0,,,0.0,,,0.0,,,,,7.587413430927853,,,9.496961677930901,,,21.407073534653208,,,,,10.109691640668325,,,6.487300108941629,,,3.484698393312712,,,0.0020260127088851548,0.0007176830383314669,0.0001906442184158618,1.1697900082209235e-05,5.117469865027492,0.5305483378810337,0.5742189672482141,8.81530853862807e-05,0.2036285170872262,4.8597045338019615,0.9892834342916087,1.047311315276527,7.610605943245617e-10,0.8000589645792193
0d240398,0.025269519880050738,20.0,0.13915285582986547,0.2506875063494268,0.3747522175419149,0.0,0.0007346415394060039,0.006184050303688572,0.0006123952858689902,0,,,0.13915285582986547,,,0.2506875063494268,,,0.3747522175419149,,,,,0.0007346415394060039,,,0.006184050303688572,,,0.0006123952858689902,,,,,0.0121213987592687,,,0.02471001839913835,,,0.011067025669699969,,,,,0.0,,,0.0,,,0.0,,,,,12.673971698965733,,,14.193469555666463,,,13.937937569617215,,,,,11.6451720761657,,,8.320571864990942,,,3.606286320499146,,,0.0028097840214047,0.0008566534543988355,0.00019305572773709373,1.3855454051659713e-05,3.136127648208376,0.5878149540505417,0.515425332822376,5.530939248707789e-05,0.13629713051522535,4.978273410284424,0.9663988196840989,1.030646951551327,8.066251700436671e-10,0.8002140260101653
b29bcb60,0.01365268975608177,20.0,0.1328612878145635,0.23899034217511766,0.32432148972461194,0.0,0.004919632855090892,0.0014819661653990392,0.0036992002861250817,0,,,0.1328612878145635,,,0.23899034217511766,,,0.32432148972461194,,,,,0.004919632855090892,,,0.0014819661653990392,,,0.0036992002861250817,,,,,0.027115109539564197,,,0.013317972509483089,,,0.027200001051930427,,,,,0.0,,,0.0,,,0.0,,,,,17.07383346143361,,,5.834490559672736,,,3.7246846910002844,,,,,9.387109260374833,,,6.790962536854119,,,3.3454930627192323,,,0.0015193052039697815,0.00044382289723920277,0.00010201978530577236,1.0894129075414417e-05,4.312124686366866,0.5672282469159269,0.4708850374874182,0.0001154358821535105,0.14720405141011847,4.841569884848454,0.9845254284894936,0.9661008274128515,7.690752395405307e-10,0.7709669015866676
d8590c9c,0.050933670607174554,20.0,0.12441878953259883,0.24911488765922313,0.33359365483050507,0.0,0.026968355689396872,0.0008866302308055894,0.01215335619592174,0,,,0.12441878953259883,,,0.24911488765922313,,,0.33359365483050507,,,,,0.026968355689396872,,,0.0008866302308055894,,,0.01215335619592174,,,,,0.006341207419885738,,,0.013316382622961758,,,0.020278145819047886,,,,,0.0,,,0.0,,,0.0,,,,,9.196281023923358,,,3.0972760329802043,,,28.670090204859633,,,,,8.346208683413211,,,6.21228181254129,,,3.2546927212795356,,,0.001661499348862249,0.000977394154617008,0.00017080308023663081,1.716510963243353e-05,3.124200999569754,0.5240600020106718,0.5567618996029924,7.766467788331187e-05,0.2855077589516174,5.014867933393746,0.9638721193563365,1.0312448280492956,6.559230657900856e-10,0.7889895831982943
13eba4dc,0.020118855678808875,20.0,0.14851505137138807,0.2562928936618881,0.3610539667298037,0.0,0.0036573064655711666,0.0016363132968629287,0.008646776738711991,0,,,0.14851505137138807,,,0.2562928936618881,,,0.3610539667298037,,,,,0.0036573064655711666,,,0.0016363132968629287,,,0.008646776738711991,,,,,0.019416505435500216,,,0.01809040241046577,,,0.04158551848591524,,,,,0.0,,,0.0,,,0.0,,,,,25.73809230156319,,,9.518244366440005,,,21.07730517102397,,,,,12.987914531696246,,,7.07928813947913,,,3.5132983070220427,,,0.001678999669681784,0.0008034520448041043,0.00014486853873408827,2.132833897720944e-05,5.399058737658407,0.6876077273680647,0.4809830098764538,6.715960551740468e-05,0.13493477782881416,5.047662808663203,0.9650638191357241,1.0313964306419277,7.879883920826817e-10,0.837815004619731
4ae27b95,1.7869899719945226,20.0,0.13522469454856692,0.23584136587960822,0.31447199945429677,0.0,1.781335127709755,0.0003115831037461745,0.0038257842384820154,0,,,0.13522469454856692,,,0.23584136587960822,,,0.31447199945429677,,,,,1.781335127709755,,,0.0003115831037461745,,,0.0038257842384820154,,,,,0.003235486140620237,,,0.004207715476492321,,,0.010247117039398046,,,,,0.07988171813815542,,,0.0,,,0.0,,,,,176.24892432855896,,,9.762068462392403,,,25.158865488871353,,,,,17.274099795291995,,,7.715699542578837,,,3.805306459530975,,,0.001809786359630627,0.0008774142071666638,0.00016015865453655525,1.2694437361722768e-05,5.728910650483049,0.5920538976474906,0.3870698984157907,7.886912567571019e-05,0.21453912632851319,4.667838447818211,1.0018454752672146,1.0017554121363648,8.853773413630798e-10,0.7499188470543526
39f305bd,0.011876205014034302,20.1,0.13716516457769043,0.24122958840036554,0.34082715180410694,0.0,0.00038423155657943387,0.002186881982226248,0.002830023751263183,0,,,0.13716516457769043,,,0.24122958840036554,,,0.34082715180410694,,,,,0.00038423155657943387,,,0.002186881982226248,,,0.002830023751263183,,,,,0.005317307751290866,,,0.0209135457645338,,,0.023790854340536755,,,,,0.0,,,0.0,,,0.0,,,,,8.851852371570937,,,5.02218055252383,,,7.3621753495025715,,,,,9.47102533289369,,,6.726796592673893,,,3.8433870079803953,,,0.0015735035265379855,0.0006369634122734847,0.00014076347328316688,1.4489430414044593e-05,3.592519069235847,0.6094332989082137,0.5014785269156244,8.002515886091515e-05,0.1351086418845587,4.811124358798319,0.9947095846210869,1.0100298828309808,7.14241695046388e-10,0.8052439649813261
a12828c9,0.02188342302016011,20.1,0.13802954535150505,0.24441598155702218,0.34094039387753966,0.0,0.00035228830416485506,0.00803720251649825,0.007932224054282094,0,,,0.13802954535150505,,,0.24441598155702218,,,0.34094039387753966,,,,,0.00035228830416485506,,,0.00803720251649825,,,0.007932224054282094,,,,,0.008393906172514141,,,0.0324613679953044,,,0.03983019973407639,,,,,0.0,,,0.0,,,0.0,,,,,19.25729316618866,,,6.1537594464710725,,,15.908763822617257,,,,,9.155050329565297,,,6.89449235080016,,,3.8305977903584174,,,0.002013170729804374,0.0006179403560632518,0.0001228688112391713,1.3728724833263407e-05,3.646307255419463,0.6232744998765558,0.43198563089665104,9.547697514666981e-05,0.1946058239116966,4.76692466461614,0.9822144953469885,1.016450571341531,7.122362463566563e-10,0.7859713041591485
bf2f72c5,0.01457012684691772,20.1,0.13656295524423046,0.2508258165742784,0.34531853070790536,0.0,0.004262430249977033,0.0015898681965644099,0.002194049071478114,0,,,0.13656295524423046,,,0.2508258165742784,,,0.34531853070790536,,,,,0.004262430249977033,,,0.0015898681965644099,,,0.002194049071478114,,,,,0.029197363750780764,,,0.017831815367844128,,,0.020947787813886763,,,,,0.0,,,0.0,,,0.0,,,,,13.9623849281789,,,9.604437134402986,,,6.992252738786895,,,,,9.829250386219872,,,8.730703018434303,,,3.725126613213038,,,0.0031465885501885324,0.0005378928676509509,0.0001409428038779442,1.3151807608580776e-05,4.4190635114300445,0.6501751862138826,0.4305234864738889,8.092739624818199e-05,0.2642890778358168,4.779391339234766,0.9779145659347521,1.0217395998260113,8.215647158730918e-10,0.8007399323515134
0cf15531,0.02228237889978478,20.1,0.13340792630225445,0.236307755535259,0.341541718203229,0.0,0.004501882592106592,0.0012011507850568765,0.0072770938336991055,0,,,0.13340792630225445,,,0.236307755535259,,,0.341541718203229,,,,,0.004501882592106592,,,0.0012011507850568765,,,0.0072770938336991055,,,,,0.024913545995690158,,,0.015499359890375321,,,0.03814995107126379,,,,,0.0,,,0.0,,,0.0,,,,,23.776120937495616,,,13.395481511950724,,,8.589834826600313,,,,,10.663730255510856,,,6.5125212397603205,,,3.5343349900751098,,,0.0024205594972546555,0.00046555063335956083,0.00014945339910789118,1.058078559609592e-05,4.274332307545549,0.5466233713194489,0.46247549093014545,0.00010319066542163635,0.12767632815893235,4.889840086388549,0.9986543634843437,1.0077858921092417,7.64362657192582e-10,0.756252702695648
2fa0834f,0.021121168756854408,20.1,0.13621436881630727,0.24349298051044596,0.35431309059645727,0.0,0.00037751715796994546,0.008297927772638426,0.0009746732773817757,0,,,0.13621436881630727,,,0.24349298051044596,,,0.35431309059645727,,,,,0.00037751715796994546,,,0.008297927772638426,,,0.0009746732773817757,,,,,0.008689271062292227,,,0.032405965663764164,,,0.013961900138460923,,,,,0.0,,,0.0,,,0.0,,,,,16.815682235368126,,,8.9376674496733,,,16.900491391217873,,,,,9.45668359337387,,,9.065886881368215,,,4.042402237037006,,,0.0027588931877234922,0.00043937416708358576,8.92056796610509e-05,1.545597619189965e-05,3.8869219204691334,0.5803630034486259,0.486501003352406,0.00014761087709794487,0.1271930522678828,4.873657890094873,0.947783736745578,0.9879966754948779,8.521201227887373e-10,0.7844681732143243
0d226268,0.01565077829482094,20.1,0.15318238831144482,0.24661580916766007,0.36595676656070975,0.0,0.0005340244916423181,0.0025986028952037403,0.0015673018894454304,0,,,0.15318238831144482,,,0.24661580916766007,,,0.36595676656070975,,,,,0.0005340244916423181,,,0.0025986028952037403,,,0.0015673018894454304,,,,,0.00603130188819618,,,0.02279738096889088,,,0.017704812280537913,,,,,0.0,,,0.0,,,0.0,,,,,48.537471091011156,,,5.192471637166201,,,3.3565576570838997,,,,,13.291701029435439,,,8.119387576391032,,,3.831929469329641,,,0.0009171270874833414,0.0010306196413388982,7.036941196747469e-05,1.7249263473045915e-05,5.645969054443884,0.6780834580036906,0.4580525244223105,8.754776997637916e-05,0.15376348220522457,4.895846774683702,0.9827286584080056,1.0529883921265977,8.387951532469843e-10,0.8254923374659586
1860803e,1.4578113032771183,20.1,0.15179432918215602,0.25150192035888097,0.3168106224605399,0.0,1.4523711798754366,0.0014215902588848137,0.002250644287018616,0,,,0.15179432918215602,,,0.25150192035888097,,,0.3168106224605399,,,,,1.4523711798754366,,,0.0014215902588848137,,,0.002250644287018616,,,,,0.023945707192466505,,,0.016861733356240773,,,0.00814409108332344,,,,,0.09069149364908889,,,0.0,,,0.0,,,,,164.53543927974724,,,15.742433310416468,,,2.9877625672500803,,,,,14.836457644105385,,,7.269287506207853,,,4.257946589776376,,,0.002504789029592758,0.00035419390113627805,0.0001399461895205928,1.045949910834333e-05,4.562595562257185,0.6371268168526265,0.43749790047397236,0.00016702469945758538,0.20288427484773164,4.959813788868366,0.9959291896751935,1.0053090417341097,8.244375907020408e-10,0.7958393228278623
c2fc4d89,0.015851300356579112,20.1,0.1357287829332112,0.2402488126694431,0.3435333998031036,0.0,0.00038069792214490676,0.004817834108639987,0.0024978667687745714,0,,,0.1357287829332112,,,0.2402488126694431,,,0.3435333998031036,,,,,0.00038069792214490676,,,0.004817834108639987,,,0.0024978667687745714,,,,,0.008230090909096092,,,0.01393941782685956,,,0.022351137638941653,,,,,0.0,,,0.0,,,0.0,,,,,2.2249825413063307,,,2.344495218001635,,,7.972048510225249,,,,,11.144590245956792,,,8.336377189921997,,,3.4817645414294063,,,0.0014292422254359239,0.0005097378772894955,0.0001651013178610012,1.5182106047578858e-05,4.257101823626638,0.6265502390610931,0.43678398879393443,0.00012182446716593145,0.07870985868568152,5.015558036047422,0.9780511409664179,0.9612573397939735,8.658516603839576e-10,0.7896234368592507
5a230b4b,0.02358976879500289,20.2,0.13769048776608545,0.2554678271155686,0.3781451188882566,0.0,0.0007374411944126589,1.2598085147199867e-05,0.0034632861394574524,0,,,0.13769048776608545,,,0.2554678271155686,,,0.3781451188882566,,,,,0.0007374411944126589,,,1.2598085147199867e-05,,,0.0034632861394574524,,,,,0.012144473594295133,,,0.0015873301576672615,,,0.0251974341827962,,,,,0.0,,,0.0,,,0.0,,,,,12.717730807314801,,,4.733709587628554,,,2.0860351760368494,,,,,10.281381702949949,,,6.2011933368714445,,,3.351614532847557,,,0.0008941083472316305,0.0004863830203000927,0.00012061331650715317,2.424501523731662e-05,3.7241820335220033,0.7792278008114135,0.4563031563146038,9.979618153380918e-05,0.18805498326776277,4.909234145571468,0.9468600205422969,1.0144821841335665,7.74707586132108e-10,0.8799212218120505
98650bc9,0.02446619051196328,20.2,0.14397045635807532,0.2536161585029519,0.37763291535478066,0.0,0.00013562569087422808,0.007251950208139273,0.0016145170815619518,0,,,0.14397045635807532,,,0.2536161585029519,,,0.37763291535478066,,,,,0.00013562569087422808,,,0.007251950208139273,,,0.0016145170815619518,,,,,0.005208179929192694,,,0.03808398668243458,,,0.017969513524644744,,,,,0.0,,,0.0,,,0.0,,,,,7.877319859936071,,,12.621980935247183,,,9.062456462821956,,,,,9.935529860601351,,,6.604105591339976,,,3.5452866308450908,,,0.0025474238593147795,0.0005826487617195014,0.0001446595030348733,1.397840577150715e-05,3.8710918912884718,0.6436392819630528,0.5017302939720694,0.00010565765845547959,0.19385066326535658,4.808001819552005,0.9838835176735056,1.0031225673466269,7.664674333854418e-10,0.8223860767544309
3f947833,0.010011165436783055,20.2,0.13939645931104935,0.2580746694144126,0.3452853540925878,0.0,0.0008769454482346704,0.0019072856836171862,0.0027135997596941,0,,,0.13939645931104935,,,0.2580746694144126,,,0.3452853540925878,,,,,0.0008769454482346704,,,0.0019072856836171862,,,0.0027135997596941,,,,,0.013243454596400974,,,0.019530927697460693,,,0.023296350614180325,,,,,0.0,,,0.0,,,0.0,,,,,10.07809147153528,,,9.761854156608784,,,13.708062397638653,,,,,10.374711486209089,,,7.760006329066929,,,3.0266583642334908,,,0.001614520193180073,0.0008681513149378941,0.0001361021919990613,1.5443460045787368e-05,4.025355611201849,0.6546245081955048,0.523293954622717,8.295550986150162e-05,0.1211658140122534,4.872880829618878,0.9818071192332161,0.9795996396548706,7.002307576123711e-10,0.8353050857361826
90f4ddae,0.0728433554113884,20.2,0.12977565877803057,0.24092525878788112,0.34917292317044085,0.0,0.05530047388555065,0.0014492486485013023,0.002498015690799619,0,,,0.12977565877803057,,,0.24092525878788112,,,0.34917292317044085,,,,,0.05530047388555065,,,0.0014492486485013023,,,0.002498015690799619,,,,,0.008121798410667418,,,0.014222013324992636,,,0.022351803912881926,,,,,0.04828133995217239,,,0.0,,,0.0,,,,,23.837178010332416,,,4.60692571436945,,,11.676242611549911,,,,,19.119204206853475,,,6.961001882330145,,,3.850403082033345,,,0.0020749177102184825,0.00048787885997510623,8.349017008188301e-05,1.2371479329587792e-05,4.136159371665509,0.6349488246138397,0.3891590173407098,8.55023785088731e-05,0.1436995326792284,4.836143464407978,0.9966817980133483,1.00516453505554,7.841366764008023e-10,0.7769728654044549
0590d1ee,0.0448141410000022,20.2,0.1329640990622575,0.2458402755821128,0.3764986337083034,0.0,0.0012216171706386605,0.001170259908260063,0.01745523550758759,0,,,0.1329640990622575,,,0.2458402755821128,,,0.3764986337083034,,,,,0.0012216171706386605,,,0.001170259908260063,,,0.01745523550758759,,,,,0.013025625586562345,,,0.01265286369163032,,,0.03217899624148608,,,,,0.0,,,0.0,,,0.0,,,,,6.5944009698792705,,,8.15871981955139,,,12.063893014990473,,,,,8.858167144974114,,,6.881993221914131,,,4.099779508542339,,,0.001337708474618846,0.0005963792078536884,0.00010543517752654903,1.6191776027867148e-05,4.027971575905704,0.6486479654101202,0.5229476075235242,5.948268018770644e-05,0.16570062104765645,4.862684378322911,0.9644095595512255,1.0152782015395065,7.390433836082598e-10,0.832334376536668
a181bc70,0.029345826288403272,20.2,0.1314787966239572,0.25584225117906906,0.33953429445555217,0.0,0.003148804966519922,0.00879474894524409,0.00981005571807609,0,,,0.1314787966239572,,,0.25584225117906906,,,0.33953429445555217,,,,,0.003148804966519922,,,0.00879474894524409,,,0.00981005571807609,,,,,0.009894681580109341,,,0.021575169965233936,,,0.044294594970664514,,,,,0.0,,,0.0,,,0.0,,,,,24.414170735933425,,,10.29186241451671,,,15.91984447745858,,,,,10.552894632957798,,,6.763344948148215,,,3.2415862820390773,,,0.0018514774148380394,0.0007637317138896063,0.0001045362756990899,1.4856027003044823e-05,4.213425829464799,0.5926421075956353,0.4767496063104246,0.00010410298160813035,0.22949903876185204,4.738270166403263,0.9985632330429076,1.0405789046293072,6.891452442085368e-10,0.7868021474662295
e4fbf7e1,0.007813627757966686,20.2,0.1368231487249298,0.2492011724517705,0.3440308529982117,0.0,0.00031347980647676175,0.0007595791551345407,0.0005432998888241497,0,,,0.1368231487249298,,,0.2492011724517705,,,0.3440308529982117,,,,,0.00031347980647676175,,,0.0007595791551345407,,,0.0005432998888241497,,,,,0.007918078131425097,,,0.01232541403064855,,,0.009918806264175205,,,,,0.0,,,0.0,,,0.0,,,,,1.9156974682892303,,,2.786969917604593,,,38.24119330736713,,,,,10.036601568662471,,,7.606499812173706,,,3.6076026623790907,,,0.002089533456616536,0.0005496832300156929,0.00013729314381709696,1.7024028931550608e-05,4.045025278692423,0.6701427750274125,0.3638905377009492,7.428782385675251e-05,0.22800403889035548,4.90528311832959,1.0035408645219297,1.026176731579668,8.201497349492978e-10,0.7901383089334603
29d905bb,0.037306913832698047,20.2,0.13820586988482636,0.2747802922904563,0.3207317344739611,0.0,0.001209821038005616,9.267148226350851e-05,0.031818487043351315,0,,,0.13820586988482636,,,0.2747802922904563,,,0.3207317344739611,,,,,0.001209821038005616,,,9.267148226350851e-05,,,0.031818487043351315,,,,,0.007596131409936609,,,0.004305147669093559,,,0.03475021265160879,,,,,0.0,,,0.0,,,0.0,,,,,20.487231213410837,,,11.528498169222045,,,20.237360933111404,,,,,10.035883249373882,,,5.704649453309196,,,3.45612907592323,,,0.0007947448833949434,0.0007860615393120334,9.955403519964448e-05,1.4550120495083363e-05,4.591514167728383,0.6935119935738017,0.4864277214149056,8.627833165582309e-05,0.18818858423974877,4.70873539514621,0.992678727596345,0.9756134027567115,7.108832922985227e-10,0.8425476134085528
12218267,0.02090116476428219,20.4,0.13625170793614425,0.25620269184175853,0.3595151417651575,0.0,0.008702910269998455,0.0004976286265399761,0.00042406194066893027,0,,,0.13625170793614425,,,0.25620269184175853,,,0.3595151417651575,,,,,0.008702910269998455,,,0.0004976286265399761,,,0.00042406194066893027,,,,,0.009880482841991826,,,0.009976258081464975,,,0.009209364154695266,,,,,0.0,,,0.0,,,0.0,,,,,20.721406199250893,,,8.708027867224523,,,9.786979540437923,,,,,10.977686802274858,,,6.68291659327037,,,3.4178619569346083,,,0.001866894471953524,0.0004157064243133031,0.00011805929786939499,1.3237690806476667e-05,4.825318670131964,0.7462833495197024,0.40226221502870674,8.98088305010567e-05,0.10319348467554325,4.976789659392276,0.9664741854085265,1.0355999243164051,7.743843848679171e-10,0.8483037451100682
8da6320b,0.027563269482270274,20.4,0.14039231564166174,0.25705912943709175,0.37529938378711886,0.0,0.00014175861263573708,0.004687677635218805,0.0072607370306729865,0,,,0.14039231564166174,,,0.25705912943709175,,,0.37529938378711886,,,,,0.00014175861263573708,,,0.004687677635218805,,,0.0072607370306729865,,,,,0.005324633558015745,,,0.016980218695129046,,,0.0381070519213255,,,,,0.0,,,0.0,,,0.0,,,,,33.42243591756365,,,2.5047259872489636,,,3.1774006657436087,,,,,10.528926494809532,,,9.46131202163384,,,3.422868399634206,,,0.0014426573300549324,0.0005970281774522791,0.0001277933846416149,2.183748018016324e-05,5.144357857252278,0.7549422819012791,0.42245223767284784,9.623889191779824e-05,0.21212419450483133,5.023871530324567,0.9717934431259365,1.0315350518471602,7.754186293342248e-10,0.8584252180473184
251ae454,1.551161320002125,20.4,0.13439367564652652,0.2511284558585179,0.3373167053415377,0.0,1.5253315184054248,0.0005813673279185103,0.020024809508838816,0,,,0.13439367564652652,,,0.2511284558585179,,,0.3373167053415377,,,,,1.5253315184054248,,,0.0005813673279185103,,,0.020024809508838816,,,,,0.029554763821781946,,,0.009082766809297359,,,0.019352752689978707,,,,,0.005641576666081753,,,0.0,,,0.0,,,,,170.5410807154781,,,13.904006568204748,,,9.902827270654113,,,,,12.093093224138624,,,11.36144275110729,,,3.577177404378019,,,0.0016908814595150818,0.000488450476047316,0.00021287047700588123,1.66130837430884e-05,5.004912478591684,0.6351778475965207,0.4236525275915463,6.194679890865113e-05,0.09351270482148469,5.096259141756487,1.0225732364373126,0.997722485388293,8.25646625100864e-10,0.7896933093308839
e8c6b03e,0.010204366361066693,20.4,0.14306764186686408,0.25442320847822364,0.3377691607359894,0.0,0.006448820144860411,0.0015741550190836453,0.00023463432978951704,0,,,0.14306764186686408,,,0.25442320847822364,,,0.3377691607359894,,,,,0.006448820144860411,,,0.0015741550190836453,,,0.00023463432978951704,,,,,0.008624193578389892,,,0.017743477782462182,,,0.00685031867564593,,,,,0.0,,,0.0,,,0.0,,,,,18.699377210237746,,,23.04408562425008,,,14.348001688949003,,,,,10.416400776870885,,,7.80113146196486,,,3.3157217908511214,,,0.0048862592575254025,0.0005269378771646676,0.00013869530692721757,1.8554394206881655e-05,3.807142187300391,0.6428073548353281,0.4536508563609013,7.755145204707825e-05,0.19384668114280382,5.040736095712858,0.9644286920188337,1.0793403101447527,8.375971919827113e-10,0.804802739114461
ca3f7353,0.08600340300615889,20.4,0.12211515440211301,0.24363657459425714,0.3247903996809656,0.0,0.038976406798523315,0.0011671887291599748,0.036247448034699536,0,,,0.12211515440211301,,,0.24363657459425714,,,0.3247903996809656,,,,,0.038976406798523315,,,0.0011671887291599748,,,0.036247448034699536,,,,,0.012552731892304932,,,0.015272390356477537,,,0.03251482673027936,,,,,0.0,,,0.0,,,0.0,,,,,15.093379827655847,,,5.111881575024454,,,18.57075592078677,,,,,9.473171010639664,,,7.447639984166491,,,3.9883325057280405,,,0.0011738291797712167,0.0005846866533472198,0.00015650239370384273,1.4432129496791998e-05,3.4564909155560346,0.6495061458885849,0.3788385354222447,9.261977254157932e-05,0.1639923852741187,4.87710132946185,1.0041740356683149,0.9890354192214766,7.347788065270634e-10,0.7822488404011091
69dbaac4,0.024976165309555404,20.4,0.13347053366884296,0.2600023359474263,0.3716182013956684,0.0,0.001609336905266571,0.0019884007795917076,0.002559987921383999,0,,,0.13347053366884296,,,0.2600023359474263,,,0.3716182013956684,,,,,0.001609336905266571,,,0.0019884007795917076,,,0.002559987921383999,,,,,0.01771165246221061,,,0.01994191956453394,,,0.012045437719428282,,,,,0.0,,,0.0,,,0.0,,,,,13.72493768413228,,,2.659442123023037,,,10.790252350146531,,,,,11.725885276224428,,,7.368872921773055,,,3.3019024308961726,,,0.0020828975570833224,0.0005817189567761275,0.00011512147015005266,1.4232195991162598e-05,3.109369667702833,0.7432702284827268,0.41958531964746104,8.865266199630473e-05,0.18502258630403526,4.704448582469764,0.9679596610915644,0.9951469609366089,8.168514032949329e-10,0.8509483131958568
fc7b8b7b,0.024819740060947927,20.4,0.13856898005861384,0.26816896916692384,0.37506031094718123,0.0,0.002571597774501496,0.0013740404251590488,0.005801970857094946,0,,,0.13856898005861384,,,0.26816896916692384,,,0.37506031094718123,,,,,0.002571597774501496,,,0.0013740404251590488,,,0.005801970857094946,,,,,0.014372905551017359,,,0.015354610291747058,,,0.020744846996142007,,,,,0.0,,,0.0,,,0.0,,,,,8.62880769768176,,,22.198620961651688,,,9.412642202243791,,,,,9.858037470103072,,,6.440222085114014,,,3.1241123948905285,,,0.002281169093653422,0.0006193116494660368,0.00013319778065018598,2.3383957942365778e-05,3.341227798845785,0.7556651855095115,0.46020121566670186,0.00013312564911798877,0.3504302678223852,4.89962406108975,0.9675086063777166,1.0065726745633299,7.265939713154908e-10,0.8680623440461657
6ed441b8,0.004295314052051077,20.4,0.14237978489032513,0.2616681476605176,0.3278723688742357,0.0,0.0004685988233617218,0.0030727228815261303,0.00010809649199792159,0,,,0.14237978489032513,,,0.2616681476605176,,,0.3278723688742357,,,,,0.0004685988233617218,,,0.0030727228815261303,,,0.00010809649199792159,,,,,0.009680896894004417,,,0.00770134084792385,,,0.00464965572914644,,,,,0.0,,,0.0,,,0.0,,,,,5.126994498150772,,,6.050018886658648,,,11.87732980206373,,,,,10.89839118621903,,,7.69827782995397,,,3.5399880920816957,,,0.0022965935513539733,0.0007805639251117058,0.00015060888278762687,1.5567670982027195e-05,4.99121105104384,0.6547367531615171,0.40735065355160943,8.769258180408364e-05,0.18161632493010615,4.833843725621328,0.9892468572020795,1.0451906701817983,8.245270954163847e-10,0.7953392273431686
bfbad8a5,0.017556677128028417,20.5,0.13858079470642984,0.25416666979936586,0.33505675216201786,0.0,0.0002018713761302533,0.0009856437369033986,0.013650981124026648,0,,,0.13858079470642984,,,0.25416666979936586,,,0.33505675216201786,,,,,0.0002018713761302533,,,0.0009856437369033986,,,0.013650981124026648,,,,,0.0063540754816141945,,,0.014040254534041742,,,0.024992009367735546,,,,,0.0,,,0.0,,,0.0,,,,,14.340086173607636,,,2.044777773785297,,,12.705856549210278,,,,,10.331426715494784,,,7.2011519624856195,,,3.288073627490939,,,0.0036926767245087076,0.0007365846857690582,0.0001277535369050733,2.133966095296111e-05,4.410634021203464,0.7277134544313627,0.3607062047688735,5.363558264673998e-05,0.22563025709312987,4.998626666976542,0.952965892367455,1.0671139076252838,7.303896574479186e-10,0.8258928302725759
4d52af76,1.6054761412934042,20.5,0.14666104182105996,0.2598629115401989,0.38397022578715834,0.0,1.5837615844408952,0.001728653493148466,0.004799913965841796,0,,,0.14666104182105996,,,0.2598629115401989,,,0.38397022578715834,,,,,1.5837615844408952,,,0.001728653493148466,,,0.004799913965841796,,,,,0.01262095949479049,,,0.018593834962957297,,,0.0308415449910253,,,,,0.09615391357667503,,,0.0,,,0.0,,,,,167.0020434857766,,,5.239311125402414,,,4.48894098161041,,,,,13.932774653230382,,,8.333474031720966,,,3.7596201471893176,,,0.005092875938374585,0.00039427510286288404,0.0001491818538729208,2.260127097146085e-05,4.049361488639132,0.710008147310856,0.39777462474018627,9.091525524830054e-05,0.1778953180867307,4.950863712659298,0.9750799434541806,1.0620571427077983,9.245160471277639e-10,0.8253197702295176
17b45c45,0.016166864186757397,20.5,0.14085707135629752,0.2701423622816938,0.37016635488370486,0.0,3.056781259377583e-05,0.0036430467687807912,0.0015055202651287776,0,,,0.14085707135629752,,,0.2701423622816938,,,0.37016635488370486,,,,,3.056781259377583e-05,,,0.0036430467687807912,,,0.0015055202651287776,,,,,0.0024725619342607307,,,0.026992764840900574,,,0.01735235007213016,,,,,0.0,,,0.0,,,0.0,,,,,2.1820273219834716,,,0.43375041160698063,,,3.9098565040381943,,,,,8.898552254660087,,,7.098130105163047,,,3.709706673747051,,,0.001157879143507643,0.0006452073222714535,9.070349017308265e-05,2.2766523182933376e-05,4.2985126378205765,0.8293531334485673,0.30367130404148845,6.96867119664341e-05,0.14574637150781322,4.938334321371833,0.962235592818765,1.027413743022857,7.410699369060963e-10,0.8811433228144306
3f2f8f37,0.019330222009240873,20.5,0.13301331188113183,0.25846481957794853,0.3613487043586835,0.0,0.0018489853429056288,7.70609826813719e-05,0.0029977981569779006,0,,,0.13301331188113183,,,0.25846481957794853,,,0.3613487043586835,,,,,0.0018489853429056288,,,7.70609826813719e-05,,,0.0029977981569779006,,,,,0.010370496456860353,,,0.003863180538337893,,,0.02448590679136838,,,,,0.0,,,0.0,,,0.0,,,,,14.701296691124453,,,7.64742984424287,,,9.38025378542409,,,,,9.748684127069579,,,7.203975760499223,,,3.6452307824962635,,,0.0025645286365067084,0.0004515145988995942,0.00012944899688561087,2.3715064947094024e-05,5.15663720930935,0.7601242941788912,0.2810014818053535,8.898195860713102e-05,0.17696932887983793,5.031319482541163,0.9733467706026859,1.025871934145512,7.855072121387713e-10,0.8275016228155473
2be1768c,0.019312954991551064,20.5,0.13660639902058688,0.25723461536117803,0.34993749707808336,0.0,0.00032573476800932307,0.00041240504457055864,0.011159684464580348,0,,,0.13660639902058688,,,0.25723461536117803,,,0.34993749707808336,,,,,0.00032573476800932307,,,0.00041240504457055864,,,0.011159684464580348,,,,,0.008071366278509767,,,0.009081905577251491,,,0.047243379355377084,,,,,0.0,,,0.0,,,0.0,,,,,21.20722085907223,,,10.302677982342928,,,6.152090916637886,,,,,10.937462265866536,,,7.584912766067328,,,3.489411982276068,,,0.002265380953803313,0.00048348599433870867,0.00012543530728009776,1.7499062312580158e-05,4.923176625925605,0.7253516785515784,0.33934054797297786,9.505572036526919e-05,0.1133342525785693,4.967341742522478,0.9608152521520887,1.0495793156078146,8.515991645754538e-10,0.818517056396947
030b88f5,0.007516781768323268,20.5,0.1441994723441119,0.25124395024644175,0.3436360349263295,0.0,1.3646008949428274e-06,0.0034169805413837725,0.0006779173068657003,0,,,0.1441994723441119,,,0.25124395024644175,,,0.3436360349263295,,,,,1.3646008949428274e-06,,,0.0034169805413837725,,,0.0006779173068657003,,,,,0.0005224176289029358,,,0.026141845923284654,,,0.011644031147894618,,,,,0.0,,,0.0,,,0.0,,,,,17.288243047059023,,,4.423871910918051,,,21.19898638483488,,,,,12.102054504105375,,,7.192810895828841,,,3.3604249058336237,,,0.002519492866837873,0.000608534665441722,0.00011243619344533507,1.476725325359202e-05,4.771105918955734,0.5998978646251164,0.4166141792149428,0.00012550698917171914,0.22228242443150684,4.7891181560482154,0.9858367166103955,1.0021340487001498,8.18508295102281e-10,0.766544425938548
29ac6f60,0.010985897975449348,20.5,0.14454464950698703,0.26894643833528625,0.3452091646218597,0.0,0.0012545278654378976,0.00016749390314215422,0.007424323985413478,0,,,0.14454464950698703,,,0.26894643833528625,,,0.3452091646218597,,,,,0.0012545278654378976,,,0.00016749390314215422,,,0.007424323985413478,,,,,0.015103422237023429,,,0.00578781311277678,,,0.038533943440591384,,,,,0.0,,,0.0,,,0.0,,,,,9.522654138154735,,,2.1355202135304308,,,14.909164524486155,,,,,10.753399059580877,,,6.790624408839587,,,3.6843547523097206,,,0.0027567116300429135,0.0006478430286326617,0.00024368533046613403,1.3736871835833465e-05,5.586508419841071,0.6277045882135078,0.45505577701927646,7.886501068504348e-05,0.13078720542384686,4.814096563240164,1.004330066513795,1.0631035161278157,8.220419170510712e-10,0.7970742605270196
a17aec40,0.005102706687980812,20.5,0.1356085613830742,0.2529153907802649,0.3286674342940249,0.0,0.0007071143104668059,0.0011578567044849592,0.0005697044461375687,0,,,0.1356085613830742,,,0.2529153907802649,,,0.3286674342940249,,,,,0.0007071143104668059,,,0.0011578567044849592,,,0.0005697044461375687,,,,,0.011892134463306458,,,0.015217468281451808,,,0.010674309777569403,,,,,0.0,,,0.0,,,0.0,,,,,10.836664876350067,,,9.625745387035401,,,9.912372483966323,,,,,9.279274377994458,,,6.781466035952988,,,3.5045339594344265,,,0.0026726294479041033,0.0005769484504154408,0.00011266864128919884,1.28145485567437e-05,4.204895823382676,0.689154493269254,0.40420975161695466,9.538529102637132e-05,0.18664158894890032,4.915478352432627,0.991626241548878,1.0342422039945123,7.60151871033152e-10,0.8147608573609736
95552392,0.003315346684634248,20.7,0.14361319605357936,0.2519112648659913,0.3363317655426649,0.0,0.0004698492486199442,0.0005892133758519681,0.0003500053529426102,0,,,0.14361319605357936,,,0.2519112648659913,,,0.3363317655426649,,,,,0.0004698492486199442,,,0.0005892133758519681,,,0.0003500053529426102,,,,,0.0078143247104145,,,0.01085553661365451,,,0.008366664244997647,,,,,0.0,,,0.0,,,0.0,,,,,0.9573214884719609,,,4.710577813465727,,,6.393055698686039,,,,,10.463120052783255,,,7.220102427351894,,,3.5381996750328963,,,0.001986882118997237,0.0006696589211290677,0.00011030031381994183,1.3729105908673216e-05,3.3734397471937894,0.6545107194378397,0.4281703410683554,0.00010052387775729599,0.21391624413741547,4.780965294877712,1.0136143360107854,1.0233440050010758,8.488367469037266e-10,0.8023961654974938
ced069d6,0.008323337577514831,20.7,0.14189777133800302,0.25109726377351854,0.3471034833682271,0.0,0.002258918767877156,0.00027632527079229447,0.0008903544177417714,0,,,0.14189777133800302,,,0.25109726377351854,,,0.3471034833682271,,,,,0.002258918767877156,,,0.00027632527079229447,,,0.0008903544177417714,,,,,0.02125520532894075,,,0.007434046956971613,,,0.013344320272998332,,,,,0.0,,,0.0,,,0.0,,,,,3.7922566302546517,,,11.911471223395948,,,4.772169581918281,,,,,9.62783849639755,,,7.348775528291468,,,3.719386981743329,,,0.002943814903533499,0.0007788704338839977,0.00012214816865013843,1.3991522293061973e-05,5.181636313635036,0.5382972743421494,0.5329152218115952,0.00012704652205540681,0.1617428977436609,4.856378011651121,0.9867890445393662,1.055119880401966,7.526123039905384e-10,0.7842923932749397
0b1ccd05,0.0400710780419163,20.7,0.1329106302552995,0.24624087966281347,0.36087568905989675,0.0,0.022572993240067278,8.670411921434312e-05,0.0014414497468922239,0,,,0.1329106302552995,,,0.24624087966281347,,,0.36087568905989675,,,,,0.022572993240067278,,,8.670411921434312e-05,,,0.0014414497468922239,,,,,0.009576017038139397,,,0.00416423148286315,,,0.01697910331491168,,,,,0.0,,,0.0,,,0.0,,,,,12.9686446533434,,,6.067458538587773,,,5.788780965550311,,,,,11.73862114574549,,,7.223645485165018,,,3.733662575476143,,,0.0018304223912707657,0.0006996307076718409,0.00011447255379541232,1.8667616820060878e-05,3.4927202813220886,0.6975795646139573,0.4004618115059913,7.439386209947586e-05,0.2832993452332992,5.031304946367473,0.9454121346331755,1.0146795948890686,7.16309920003187e-10,0.818647353823932
716236c4,0.007168431856367478,20.7,0.13917500105341668,0.2551565608844039,0.3330795057040792,0.0,0.0008590547550372701,0.0007152972072760372,0.003485463059594547,0,,,0.13917500105341668,,,0.2551565608844039,,,0.3330795057040792,,,,,0.0008590547550372701,,,0.0007152972072760372,,,0.003485463059594547,,,,,0.012963629359553685,,,0.011960745856977626,,,0.022742383105847058,,,,,0.0,,,0.0,,,0.0,,,,,8.163594698725353,,,15.980038646008408,,,18.36469083748635,,,,,9.61154883617548,,,6.556214508364589,,,4.436389214016415,,,0.002368985032145137,0.0004359896088829636,0.000160693807945814,1.456473141743168e-05,4.713598350792191,0.6723008189236578,0.3603390192804431,9.265669334438408e-05,0.17478771168246765,4.956867824678338,0.9767241306711424,1.0193281590801901,7.730469537131218e-10,0.7903475865497832
c6610680,0.008577082794324977,20.7,0.14479519573089908,0.26381231583279646,0.3654274350936414,0.0,0.0007536675115514021,8.486108846768084e-06,0.0004291243160973535,0,,,0.14479519573089908,,,0.26381231583279646,,,0.3654274350936414,,,,,0.0007536675115514021,,,8.486108846768084e-06,,,0.0004291243160973535,,,,,0.012277357301564552,,,0.0013027746425816004,,,0.009264170940751833,,,,,0.0,,,0.0,,,0.0,,,,,0.21934306941288398,,,9.04767054502326,,,2.5567750884363694,,,,,10.885202016892203,,,7.3846611463120695,,,3.539926013760071,,,0.0023551987622166363,0.0005856376228018008,0.0001758613495079984,1.3336057198609926e-05,4.857186504457068,0.7207130011190616,0.3944864314805439,8.825201568557826e-05,0.15149758589022486,4.8703890742984735,0.9720842570284033,1.0289788735043732,8.017838203075985e-10,0.8308484840233655
9118368d,0.017556892386744325,20.7,0.13163500874686745,0.24232734019690344,0.33004172835612894,0.0,0.00562520687541248,0.001038103650949887,0.005722001871668075,0,,,0.13163500874686745,,,0.24232734019690344,,,0.33004172835612894,,,,,0.00562520687541248,,,0.001038103650949887,,,0.005722001871668075,,,,,0.02441266038153602,,,0.014409050287578894,,,0.024302518192939875,,,,,0.0,,,0.0,,,0.0,,,,,41.39581228680907,,,7.329826752031873,,,13.727522518636569,,,,,9.84346728132849,,,7.087684222279158,,,3.2854037775282494,,,0.0024659921758564515,0.0006373496329442033,0.00017393927724893544,1.6263015738469372e-05,4.891892914451508,0.6585310362059645,0.3368225844345138,7.973490797542562e-05,0.14210705316496344,4.915585972306188,0.978332225428425,1.0231136783393393,7.591705231463258e-10,0.7735118128368035
a9fe1a5c,0.006438555143990846,20.7,0.13272574186751937,0.25298356178397735,0.3155904059014938,0.0,0.0016070356805932317,0.001701759347120415,0.0011079786056979912,0,,,0.13272574186751937,,,0.25298356178397735,,,0.3155904059014938,,,,,0.0016070356805932317,,,0.001701759347120415,,,0.0011079786056979912,,,,,0.005765423533848643,,,0.018448627846647105,,,0.014886091533360872,,,,,0.0,,,0.0,,,0.0,,,,,26.32487530535614,,,15.724507042956148,,,5.17013188526246,,,,,10.453080424116806,,,7.392538778600543,,,3.485257270600474,,,0.0027768736920600738,0.000651592573943998,0.0001651215325127747,1.679065376136288e-05,5.9161366749716,0.6613358785633527,0.32082352194236696,0.0001084137184293711,0.18936662985682035,4.919229656672532,1.0138292760501277,1.039758072655191,7.596997714819325e-10,0.7699552124059812
7855f73a,0.011582238691363156,20.7,0.14243018384814476,0.25783614297180985,0.35510005179131965,0.0,0.0011786867703317847,0.001247903383506193,0.003182952360197393,0,,,0.14243018384814476,,,0.25783614297180985,,,0.35510005179131965,,,,,0.0011786867703317847,,,0.001247903383506193,,,0.003182952360197393,,,,,0.01535374071900255,,,0.015798122568876298,,,0.02324204671467709,,,,,0.0,,,0.0,,,0.0,,,,,2.6501533973693108,,,3.2137989713002155,,,25.475788457396515,,,,,9.149065721388183,,,6.819204498478854,,,3.7298338569262213,,,0.0017114928477974807,0.0008764875154933114,0.00012682980228154964,1.7878463335763102e-05,4.7182407959862145,0.7094388851733671,0.42360870097317266,8.938782182953734e-05,0.16120731816797326,4.874011758999971,0.971290586952009,1.0449705408058212,7.176260384804641e-10,0.8324807407082966
5ea998ea,0.013243797027607312,20.8,0.14108965488366956,0.2589476099483174,0.3594100367369205,0.0,0.00010224683293771387,0.002241608363599942,0.00300560079879057,0,,,0.14108965488366956,,,0.2589476099483174,,,0.3594100367369205,,,,,0.00010224683293771387,,,0.002241608363599942,,,0.00300560079879057,,,,,0.004522097587131748,,,0.021173607928739693,,,0.024517751931164365,,,,,0.0,,,0.0,,,0.0,,,,,4.053446236422548,,,9.88514138703508,,,4.651731787237785,,,,,11.475461146487572,,,7.047379991828299,,,4.145233196996123,,,0.0024463679732017007,0.00045731715103617776,0.00013858135472165733,1.6781796687558658e-05,3.9519184816050537,0.6855709588754096,0.437396172157917,0.00011412217112887793,0.14328431914544015,4.861069048452247,0.9970279107087987,1.034568018199728,8.24292973070013e-10,0.8230572782613739
277eebf7,0.04033123813297338,20.8,0.13659428830218864,0.22432643125296056,0.3471004773171228,0.0,0.00867850295220122,0.01596059718799665,0.0006994228010337928,0,,,0.13659428830218864,,,0.22432643125296056,,,0.3471004773171228,,,,,0.00867850295220122,,,0.01596059718799665,,,0.0006994228010337928,,,,,0.010085941400898498,,,0.018851448533082685,,,0.01182728033855453,,,,,0.0,,,0.0,,,0.0,,,,,7.413933676665564,,,4.937072117529758,,,3.099807741641707,,,,,11.482838081306584,,,7.611761791614327,,,3.5796578311643925,,,0.0029417872911898725,0.0004158395581468084,0.0001355566171542681,1.4423327935194791e-05,3.4360103831962876,0.7327311747181293,0.28078813485782683,7.955197302529495e-05,0.23906269021544846,4.933831893896883,0.9700216377242101,1.0336965975685277,9.056342667721085e-10,0.8077490108611824
89866180,0.0117308941202659,20.8,0.1381856250430244,0.24669716896640242,0.3396295945751582,0.0,0.0021457368627160237,0.003078049825032969,0.0017847188594803816,0,,,0.1381856250430244,,,0.24669716896640242,,,0.3396295945751582,,,,,0.0021457368627160237,,,0.003078049825032969,,,0.0017847188594803816,,,,,0.011715877496219043,,,0.024811488568939062,,,0.013245504105684263,,,,,0.0,,,0.0,,,0.0,,,,,5.189764958992517,,,9.74900391004396,,,6.1492074480067185,,,,,10.083084508519438,,,6.9849752668502845,,,4.01671807427781,,,0.0022595775547485488,0.0006395188073123666,0.00018998932147562965,1.7106080145954582e-05,3.3930905599526153,0.6683033198977385,0.39038209561164,0.00012831139548424573,0.2110658412172882,4.921208054907168,1.0312375396029336,1.0074119669658472,8.534331183074603e-10,0.797752726773922
45ba889c,0.01596830254224355,20.8,0.13382688669251858,0.24136322412530012,0.3489998909827685,0.0,0.000948625249316399,0.0028191150613953967,0.001257152725447681,0,,,0.13382688669251858,,,0.24136322412530012,,,0.3489998909827685,,,,,0.000948625249316399,,,0.0028191150613953967,,,0.001257152725447681,,,,,0.013774071651595247,,,0.023744957617967636,,,0.01585656157839827,,,,,0.0,,,0.0,,,0.0,,,,,5.9300434309391905,,,3.218976561672511,,,9.47646954121969,,,,,10.136857546050177,,,6.857915473881397,,,3.5083907508694248,,,0.0015163944082323825,0.0008198157312282675,9.253876565129527e-05,1.309198482474629e-05,3.926949625060068,0.6726276360012594,0.373185591878172,7.829524114421506e-05,0.19651621154956594,4.796833752251404,1.0081038250004597,1.016512884093938,8.03608593443462e-10,0.794760966865498
7345da37,0.0058272323290966405,20.8,0.13560118910849261,0.2499948580723099,0.31065568861564014,0.0,0.0008331438103709014,0.0021413465421986195,0.002314642424376792,0,,,0.13560118910849261,,,0.2499948580723099,,,0.31065568861564014,,,,,0.0008331438103709014,,,0.0021413465421986195,,,0.002314642424376792,,,,,0.012219688761849874,,,0.020694668599417675,,,0.014196006366020524,,,,,0.0,,,0.0,,,0.0,,,,,40.9912131593359,,,7.103525374134141,,,14.084523212105127,,,,,10.489739758068705,,,6.609463026159513,,,3.667580584830661,,,0.0026319325496077586,0.00047965839948348974,0.00014192872179311122,1.2132583549770006e-05,4.6412911688842495,0.6377812737110881,0.39660060851259693,0.00010903376836818165,0.2006945891240247,4.894002945853218,1.015371894786997,1.0272910356436886,8.016910545755061e-10,0.781397780911077
052b5565,1.299850312215657,20.8,0.13294482359322732,0.23722290340431287,0.3279081824393876,0.0,1.2901853294796668,0.0005433002321390404,0.004414218092244535,0,,,0.13294482359322732,,,0.23722290340431287,,,0.3279081824393876,,,,,1.2901853294796668,,,0.0005433002321390404,,,0.004414218092244535,,,,,0.006753700670990814,,,0.006328974399021904,,,0.029712684470591125,,,,,0.0,,,0.0,,,0.0,,,,,160.43910774625812,,,4.836287131629635,,,43.21770254984866,,,,,13.821669517651312,,,6.838434675807814,,,4.075405771370656,,,0.0016206179472946175,0.0006994385928562523,0.00010366965086361233,1.5931572016730647e-05,4.4807555187398105,0.516346298565304,0.4688176285746117,0.00010407323207581872,0.21178852735515702,4.992432354074723,1.0089924308633988,1.0211470455253266,8.073794466284208e-10,0.743044798160394
17215bf5,0.17907825270516295,20.8,0.1329339614288995,0.25502911729585204,0.29386542385958647,0.0,0.05341491381717153,9.948898450264382e-05,0.12328437717703265,0,,,0.1329339614288995,,,0.25502911729585204,,,0.29386542385958647,,,,,0.05341491381717153,,,9.948898450264382e-05,,,0.12328437717703265,,,,,0.0031037063301732975,,,0.004460694665691518,,,0.026156527310649887,,,,,0.0,,,0.0,,,0.0,,,,,31.79899692534852,,,21.15059482281612,,,12.35128978741713,,,,,10.814853207929305,,,7.27298324121287,,,4.5656755725098925,,,0.0014603292224156072,0.0005733068871569397,0.00012073859314503662,2.098106076116803e-05,5.154680169632977,0.6907133276000316,0.3383274482978339,9.581663317508037e-05,0.20830522611471672,5.00457386246133,0.9866685578089345,1.0295607239276487,8.184547166138335e-10,0.7953196655208112
440d28e9,0.009862366959639855,20.8,0.14049167325092357,0.23597198791538695,0.341947057551036,0.0,0.0006883439371357198,0.0002356638745092683,0.0013804988388543883,0,,,0.14049167325092357,,,0.23597198791538695,,,0.341947057551036,,,,,0.0006883439371357198,,,0.0002356638745092683,,,0.0013804988388543883,,,,,0.008295686356684942,,,0.002247768123882068,,,0.016616250111588887,,,,,0.0,,,0.0,,,0.0,,,,,14.87477201599115,,,6.3777165785829935,,,13.99239377925732,,,,,11.828050841647693,,,7.318827940397537,,,3.0802051759576203,,,0.0016093158300807646,0.0004949441264928921,8.772167386882818e-05,1.6525281985346574e-05,4.1225780329180335,0.6515623865561002,0.37610450303229814,9.282040293305856e-05,0.25489702577943485,4.979876465370286,0.950760926411866,1.026644050825094,7.605327866310877e-10,0.7825737315478749
49c19199,0.8105479561355997,21.0,0.12166264998402726,0.23045464798446796,0.35316728799942426,0.0,0.7812334835633542,0.004360912439563542,0.00025763572136592927,0,,,0.12166264998402726,,,0.23045464798446796,,,0.35316728799942426,,,,,0.7812334835633542,,,0.004360912439563542,,,0.00025763572136592927,,,,,0.006567183944654544,,,0.011650263193464667,,,0.0071782410291927265,,,,,0.0,,,0.0,,,0.0,,,,,137.38714851850693,,,7.8388329912363055,,,14.575948346242887,,,,,10.205795549195974,,,7.35881696874581,,,3.662489724295902,,,0.002741039569778315,0.0004710890018203345,0.00013921210544918887,1.4671916720458152e-05,5.431301938970273,0.6009166844493629,0.39849746253099005,0.00010348526302893124,0.21045223780793454,4.861130160975097,1.0173320365836132,1.0145395497296372,7.474404921576648e-10,0.7599105232884931
8dcc4868,0.011616455631720368,21.0,0.13535513544750005,0.24823856864167215,0.3400346377328693,0.0,0.00019859927265691645,0.0005470168077365138,0.005109261849634883,0,,,0.13535513544750005,,,0.24823856864167215,,,0.3400346377328693,,,,,0.00019859927265691645,,,0.0005470168077365138,,,0.005109261849634883,,,,,0.0061162112900131575,,,0.010459606185096204,,,0.03196642566704912,,,,,0.0,,,0.0,,,0.0,,,,,1.3183141481110419,,,6.611952099532978,,,4.730698192779483,,,,,8.660979332780098,,,5.921366549202489,,,4.304679378705075,,,0.0025850501265013833,0.0005323218867714662,0.00011743211595756742,1.3283681902023149e-05,4.058719002214852,0.6495101072520764,0.37553271304751784,0.00010743067745036636,0.20248735439139146,4.790462534343907,0.9935848496128914,1.0065734616807822,7.822477101649918e-10,0.7810929743001329
80e3adcb,0.036843255567602394,21.0,0.15432925839241657,0.24073074887943272,0.3564176562384505,0.0,0.005688213731115914,0.00011366699098038246,0.02022611435928376,0,,,0.15432925839241657,,,0.24073074887943272,,,0.3564176562384505,,,,,0.005688213731115914,,,0.00011366699098038246,,,0.02022611435928376,,,,,0.0072204427219890255,,,0.004767955347533835,,,0.045920078747386246,,,,,0.0,,,0.0,,,0.0,,,,,2.0793924535528943,,,15.999157495309438,,,30.395580312640533,,,,,11.904798531246643,,,6.624580114346424,,,3.8750030360912273,,,0.002884295472246319,0.00035744061883375664,0.00014098329188992013,1.2003165207470749e-05,4.236403006194441,0.609227993044038,0.411995499911027,0.00011329994759982165,0.21758147270488662,5.098504655671519,0.9694532214459063,1.0334194863586252,8.249656549612445e-10,0.7701831018511038
41247c0f,0.027936988738177335,21.0,0.1419951303829973,0.2389333854743051,0.35663157021337194,0.0,0.004894675102295634,0.0018067188830747226,0.009472311928897574,0,,,0.1419951303829973,,,0.2389333854743051,,,0.35663157021337194,,,,,0.004894675102295634,,,0.0018067188830747226,,,0.009472311928897574,,,,,0.018086608932020607,,,0.015688759361854973,,,0.04352542229294869,,,,,0.0,,,0.0,,,0.0,,,,,6.770086410936156,,,7.5808393724778975,,,8.516743522979915,,,,,10.564138025698965,,,6.799734001489556,,,3.3502031306555735,,,0.0025582195455178544,0.0005059980700239655,9.517566306490812e-05,1.158154030528666e-05,4.374474833928656,0.5958584272097746,0.4153749179985595,0.0001068557150789323,0.21435207916862942,4.919312711337561,0.9985080098777657,1.0405995638428764,7.650365384852476e-10,0.7636871623755235
2d284697,0.014612039283844106,21.0,0.13567572086287838,0.24510436466314803,0.3518964219569217,0.0,0.0032722549184168227,0.0001638178122641374,0.0008304198537758961,0,,,0.13567572086287838,,,0.24510436466314803,,,0.3518964219569217,,,,,0.0032722549184168227,,,0.0001638178122641374,,,0.0008304198537758961,,,,,0.022819650588150192,,,0.005723946405481753,,,0.012887357012016825,,,,,0.0,,,0.0,,,0.0,,,,,8.140895113401875,,,7.475963879208245,,,5.469352528148161,,,,,11.969755704928149,,,6.8211237893776815,,,3.465435711725538,,,0.0025128320026364614,0.0003663276280669651,0.00011385467356866884,1.2684548692396307e-05,3.761100804031855,0.6853208415421868,0.36679765353296484,9.614508973781297e-05,0.23169473018672065,5.014187848602242,0.9713732233549648,1.0200942574547054,7.859062865312254e-10,0.8007077387148874
e0bcaf52,0.025040812302668105,21.0,0.13794094243346156,0.2503409437863808,0.34239951432420324,0.0,0.0005122184954112875,0.006224748737612323,0.013229296869381353,0,,,0.13794094243346156,,,0.2503409437863808,,,0.34239951432420324,,,,,0.0005122184954112875,,,0.006224748737612323,,,0.013229296869381353,,,,,0.009239361713176797,,,0.03528384541858306,,,0.03340329262447723,,,,,0.0,,,0.0,,,0.0,,,,,8.392257824090214,,,14.813809634674199,,,18.205595579262113,,,,,12.221649405045383,,,6.982604884533975,,,3.153500335421657,,,0.0026718168740357115,0.0004474008919543299,0.0001297575625192058,1.0602691726799734e-05,4.409741741041127,0.6619700633761126,0.40994984603378193,0.00012868665137881895,0.20921746372469618,4.775898540716536,1.0082309242733267,0.9938353342268651,7.385420305300896e-10,0.800504388865281
2c3db12d,0.010341784423238897,21.0,0.14260249887833015,0.25165574952654335,0.3408098963766691,0.0,0.0052649727311417024,0.0012131335948563863,0.0008435357152048,0,,,0.14260249887833015,,,0.25165574952654335,,,0.3408098963766691,,,,,0.0052649727311417024,,,0.0012131335948563863,,,0.0008435357152048,,,,,0.01901338476902512,,,0.015576479671969443,,,0.012988731386896874,,,,,0.0,,,0.0,,,0.0,,,,,30.6065576176088,,,15.438248769824495,,,11.56713401634714,,,,,10.340167907705583,,,6.623808906686525,,,3.46463435580307,,,0.002743176982924869,0.0004333730583250117,0.00017684213063602804,1.6102691175704577e-05,5.210376391095963,0.6926403619842579,0.3389162316755976,8.710474166118838e-05,0.18701615805993985,5.096077075487748,0.959911013803527,1.064474707605298,7.801567238267683e-10,0.7967756406465614
bed94434,0.00813305611933996,21.0,0.1449663037120465,0.24926891715745397,0.3445519766561375,0.0,0.002973052430985679,0.0011861840676372695,3.554385204975557e-05,0,,,0.1449663037120465,,,0.24926891715745397,,,0.3445519766561375,,,,,0.002973052430985679,,,0.0011861840676372695,,,3.554385204975557e-05,,,,,0.010598934821422807,,,0.015402493743788825,,,0.0026662277490775454,,,,,0.0,,,0.0,,,0.0,,,,,2.8254107036162135,,,2.0525200854462082,,,6.07366414168016,,,,,10.520369773479008,,,7.018013129850064,,,3.4404708895584126,,,0.002657083378468398,0.0005008962972515549,0.00010793769315814376,1.5590119970615505e-05,5.042018241120708,0.6988295878955507,0.3110217059368686,0.00010648265685604138,0.27545496909300515,4.949628278073321,0.9824753357548823,1.044336151227274,7.762935925512054e-10,0.7924690210753926
b8154a00,0.010180793766839833,21.1,0.13634465980072843,0.2571345490029173,0.35177975951775653,0.0,0.0009301207537721895,0.0007441080584555796,0.00030601154163399527,0,,,0.13634465980072843,,,0.2571345490029173,,,0.35177975951775653,,,,,0.0009301207537721895,,,0.0007441080584555796,,,0.00030601154163399527,,,,,0.011925110415512523,,,0.012199246357505694,,,0.007823190418671851,,,,,0.0,,,0.0,,,0.0,,,,,17.323257712863935,,,5.203762108834809,,,11.917785640746487,,,,,10.176164735304024,,,6.9152704975043635,,,3.650118405639764,,,0.0021928480396439256,0.0003772316314597189,9.522627996983266e-05,1.4741501800708838e-05,4.434088597374122,0.7116368216886385,0.3469303365561671,9.683181231801612e-05,0.22439295411411198,4.997502255447994,0.9731312686025682,1.0539262576369197,7.786849483731359e-10,0.8116440631569496
8f9c45b2,1.3410370620488188,21.1,0.14114757159796823,0.2524973367280788,0.3596477796040723,0.0,1.316827629231361,0.0010679201515683995,0.01401984848464155,0,,,0.14114757159796823,,,0.2524973367280788,,,0.3596477796040723,,,,,1.316827629231361,,,0.0010679201515683995,,,0.01401984848464155,,,,,0.01082470828942454,,,0.014614514371462361,,,0.03860509818468834,,,,,0.0438605664364103,,,0.0,,,0.0,,,,,155.9210169522429,,,7.530661907674942,,,1.908809431239085,,,,,14.6096745097741,,,6.497131106533484,,,3.447554845575187,,,0.0023277945382043624,0.00047253825088490204,0.00016514440192511056,1.5244925230873257e-05,5.033820238085186,0.7060953600119293,0.3313458652509183,9.544530455082421e-05,0.19900997840663873,4.928791058230971,1.0178841586770015,1.0152690074367436,8.58827384968254e-10,0.8034463126635112
4ea91c33,1.0788486224121725,21.1,0.14770346569669274,0.2511055221842596,0.3659166131657321,0.0,0.002291153645498519,1.0658934216762266,0.0010032743617217185,0,,,0.14770346569669274,,,0.2511055221842596,,,0.3659166131657321,,,,,0.002291153645498519,,,1.0658934216762266,,,0.0010032743617217185,,,,,0.021406324511688217,,,0.021184584826041283,,,0.014165269935456356,,,,,0.0,,,0.03967120076011482,,,0.0,,,,,19.820547838268656,,,150.21095179003598,,,13.747723423755076,,,,,13.482693988310368,,,9.666384317315499,,,3.924603476577696,,,0.002062737921433028,0.0004588451908530411,0.00012825506308095815,1.4440069750984028e-05,4.654318853327442,0.7364103653360629,0.34627071968510725,9.600045887910506e-05,0.17319361276374046,5.020729774576206,0.9619821912510257,1.0707194744149415,8.649578524918248e-10,0.8276491107607103
1595f4a4,0.016408352598677765,21.1,0.13457935823960296,0.24305322376365424,0.3472183657925605,0.0,0.0005528652571142739,0.0006157665556417415,0.005782898399860936,0,,,0.13457935823960296,,,0.24305322376365424,,,0.3472183657925605,,,,,0.0005528652571142739,,,0.0006157665556417415,,,0.005782898399860936,,,,,0.009918843908494474,,,0.011097446153433154,,,0.03400852363705586,,,,,0.0,,,0.0,,,0.0,,,,,11.469272919649011,,,10.179152995133732,,,17.120476777429655,,,,,10.67599879848687,,,7.139736945961948,,,4.02354177182721,,,0.0025230201536737685,0.0006383506484076953,0.00018572130366481052,1.5634926182253267e-05,4.5034026131441,0.6593546906525041,0.3594383362967434,0.00010569956227316327,0.20204346119446415,4.938941588266507,1.013040835218128,1.0679559403396284,7.487262630720496e-10,0.7817597300780278
7a97c734,0.03528363681029049,21.1,0.13421789214639465,0.2501519227651895,0.3397941401198344,0.0,0.0019341983946996517,0.017884278185586598,0.009382121479832122,0,,,0.13421789214639465,,,0.2501519227651895,,,0.3397941401198344,,,,,0.0019341983946996517,,,0.017884278185586598,,,0.009382121479832122,,,,,0.018519799330526117,,,0.007838973043264764,,,0.04312628702418913,,,,,0.0,,,0.0,,,0.0,,,,,8.178722952012784,,,16.95565689934041,,,18.539267516209488,,,,,9.483137195277957,,,6.67005357609374,,,3.4715295078101844,,,0.0024820647116309672,0.0005476803722867351,0.00012962920027749432,1.5392926790081915e-05,4.440144314237369,0.6480882767932575,0.3821121247070119,0.00014932883159327588,0.24290433083304808,4.874487099293269,0.9896795168456632,1.0153251946703221,7.242703117599315e-10,0.7825198018446211
40d3ddff,0.022520779722473076,21.1,0.1311675890821602,0.26466003584140013,0.3330216056903476,0.0,0.004089842418754531,0.0018064974453760787,0.009442540381301287,0,,,0.1311675890821602,,,0.26466003584140013,,,0.3330216056903476,,,,,0.004089842418754531,,,0.0018064974453760787,,,0.009442540381301287,,,,,0.008866976751828777,,,0.01900787965753192,,,0.04345696809788112,,,,,0.0,,,0.0,,,0.0,,,,,14.191656662302783,,,0.8887018850804159,,,12.57413616208417,,,,,9.691447839699373,,,6.6182019669463825,,,3.4856202198798614,,,0.0035170393964550103,0.0005372916115624382,9.730934161606127e-05,1.3543327384009417e-05,4.838349234516432,0.6627680773751323,0.3634721580308404,0.0001249314122843441,0.2603518934545936,4.9387716321349915,0.9811151014220438,1.0380627215845353,7.435115799079592e-10,0.7853061448326792
2ba9f5d1,0.12823021959005076,21.1,0.14059318436519172,0.2573810363618178,0.34335736107313564,0.0,0.11956784218509788,0.0017892752216059852,0.0032989384978034234,0,,,0.14059318436519172,,,0.2573810363618178,,,0.34335736107313564,,,,,0.11956784218509788,,,0.0017892752216059852,,,0.0032989384978034234,,,,,0.0036651201866220104,,,0.018917056967752595,,,0.02568633293330686,,,,,0.05754310482201777,,,0.0,,,0.0,,,,,20.145690324086793,,,8.498318950999936,,,6.330806885532688,,,,,13.857690666119419,,,7.058925259013903,,,3.56227823651049,,,0.001733274941298671,0.0005514340048183924,0.0001303081648439574,1.803660727120605e-05,3.961502658891645,0.8004715138444699,0.3326521861664888,9.086575519866489e-05,0.19743305933871202,4.9592556873480405,0.9804977597479975,1.0408926663184914,7.787827495468538e-10,0.8668118357479804
7f134050,0.04481768203963786,21.1,0.12629060999931715,0.25917019230706295,0.3530117359485238,0.0,0.018301378548222884,0.0014126529041785783,0.007814525198933454,0,,,0.12629060999931715,,,0.25917019230706295,,,0.3530117359485238,,,,,0.018301378548222884,,,0.0014126529041785783,,,0.007814525198933454,,,,,0.00714516319868045,,,0.016808646014349747,,,0.03953359381319501,,,,,0.0,,,0.0,,,0.0,,,,,4.89378840966212,,,3.863157675221207,,,13.873571770606041,,,,,8.934912080682164,,,6.836637594488281,,,3.3220604747737443,,,0.0023446357328327197,0.000458619073983119,0.00012670564951004046,1.4651521916025855e-05,4.994378273634433,0.737649949409448,0.2529171745564872,0.00011273840916503736,0.34475824813363454,4.850912652817473,0.9812579278324883,1.0478288480698728,7.356789226842679e-10,0.8039774912321063
56f08504,0.033425650204853795,21.3,0.14371760693415722,0.24682873018353108,0.3576916642105075,0.0,0.019482925238375633,0.0024328461028357957,0.002557766034474445,0,,,0.14371760693415722,,,0.24682873018353108,,,0.3576916642105075,,,,,0.019482925238375633,,,0.0024328461028357957,,,0.002557766034474445,,,,,0.006079036747856379,,,0.022058314091678882,,,0.02261754201709127,,,,,0.019298151799466694,,,0.0,,,0.0,,,,,6.91312228885942,,,20.118012916508903,,,1.6110366829594915,,,,,18.68376909934,,,6.830333037792834,,,3.3335810753847,,,0.002914185115362155,0.000378643482073651,0.00010026285540016134,1.879664398134242e-05,4.669867161319652,0.6963708819120494,0.34061865536212743,0.00010793368534597492,0.2192618359364233,5.046015907733539,0.9729181738077418,1.0553649454043226,8.582767467803902e-10,0.7997585619784195
a2ebb00e,0.0129850670857013,21.3,0.13364694439495714,0.2621182105658776,0.3228029553958859,0.0,0.001540575007483368,0.0018309853611197858,0.006019625357801887,0,,,0.13364694439495714,,,0.2621182105658776,,,0.3228029553958859,,,,,0.001540575007483368,,,0.0018309853611197858,,,0.006019625357801887,,,,,0.008246999579364638,,,0.01913627634164905,,,0.019189091852663202,,,,,0.0,,,0.0,,,0.0,,,,,9.826610690824108,,,3.961750735774079,,,14.530472261089544,,,,,9.973344159574188,,,7.923060716692338,,,4.214117725219126,,,0.0041019378126487815,0.0005157502800815203,0.00013926277678326984,1.9200030635788054e-05,4.812476101452298,0.6665196661818893,0.35923928676230826,9.01584220004127e-05,0.2920963765776935,5.053389009346123,0.9746067106596448,1.1054413718369325,7.519855570952671e-10,0.7862829795232876
b83b8cb8,0.020565282680443164,21.3,0.1326170610507747,0.24404234398715413,0.35246391012391454,0.0,0.002067547574155011,0.005587858478253186,0.00030826669117678846,0,,,0.1326170610507747,,,0.24404234398715413,,,0.35246391012391454,,,,,0.002067547574155011,,,0.005587858478253186,,,0.00030826669117678846,,,,,0.01049562437511708,,,0.021838020918434724,,,0.00785196397313167,,,,,0.0,,,0.0,,,0.0,,,,,7.46420474871677,,,15.718214247164413,,,10.145700801778652,,,,,14.283707481112462,,,6.387521834464772,,,3.8907855237778275,,,0.0028150730669744333,0.0003519212885648771,0.000109454080610511,1.8734186670127764e-05,3.9261521575697884,0.6552210214738374,0.2846969978086328,9.939157197622642e-05,0.2100036646741566,5.2070136727401914,0.9515938901756659,1.0727150186584236,7.691815676640493e-10,0.7533500918679821
ffab0ceb,0.015490199579718823,21.3,0.13775160966112246,0.25218829348561606,0.3574051643609553,0.0,0.0022594848666053348,0.0016978887428412276,0.0014776994855926421,0,,,0.13775160966112246,,,0.25218829348561606,,,0.3574051643609553,,,,,0.0022594848666053348,,,0.0016978887428412276,,,0.0014776994855926421,,,,,0.008101181880074469,,,0.018427635457872654,,,0.01719127386549724,,,,,0.0,,,0.0,,,0.0,,,,,30.19084761499708,,,8.302350809128232,,,6.232492762436978,,,,,10.555562052937256,,,6.4965584144946815,,,3.1763871585968144,,,0.0021401057043483754,0.00036935039574997875,0.00010944909985167229,1.4396015007295427e-05,4.111237846170257,0.7053421443404426,0.35211212808735937,0.00010443032945889052,0.26408536786967896,4.857391810048089,0.9879394540064512,1.0407415747956954,7.938374964780553e-10,0.8090595377415786
e0e69b09,0.016952601510987007,21.3,0.1363611766955208,0.24364840877878804,0.34689010511087937,0.0,0.0010494014086093201,0.002696011740231775,0.00484173644932571,0,,,0.1363611766955208,,,0.24364840877878804,,,0.34689010511087937,,,,,0.0010494014086093201,,,0.002696011740231775,,,0.00484173644932571,,,,,0.014487245484282511,,,0.015969855125845193,,,0.031118279031224428,,,,,0.0,,,0.0,,,0.0,,,,,8.885177568307638,,,1.923860047352852,,,4.564955207411136,,,,,10.94428035874506,,,7.007713498499272,,,3.7466187751418314,,,0.003335272700976489,0.0004887018252889724,0.00012842313993428854,1.547434800230627e-05,3.669933364367308,0.6867581454964964,0.34280790847994913,0.0001679332184421521,0.3083671542409402,4.905025200502829,1.0003273904059473,1.0380196541822868,7.921392346129442e-10,0.794105649696375
01a8ff38,0.03174631508559841,21.3,0.13265493661855085,0.2448509882777671,0.3352385107589261,0.0,0.005025560235088563,0.005044931919548771,0.015709790716848884,0,,,0.13265493661855085,,,0.2448509882777671,,,0.3352385107589261,,,,,0.005025560235088563,,,0.005044931919548771,,,0.015709790716848884,,,,,0.013640217726505054,,,0.03176454602083515,,,0.025596222320627846,,,,,0.0,,,0.0,,,0.0,,,,,36.1600161115362,,,6.835694657657254,,,15.091786478103318,,,,,9.024565016090005,,,7.899833931373191,,,3.671681296035099,,,0.002757896683255136,0.0005635962404315991,0.00017154853973501102,1.4789066138141581e-05,4.611338070148458,0.6271009784167634,0.37851886390607103,0.00012707244612971378,0.18079614487313955,5.053327234785907,0.9878330923229052,1.0757966160673613,7.634295624290884e-10,0.768212440531745
2a27c8cd,0.01933800543790586,21.3,0.13424718709778538,0.2581601102404965,0.3464712296761299,0.0,0.0029997903753420855,0.0014246871510544433,0.007108804258796367,0,,,0.13424718709778538,,,0.2581601102404965,,,0.3464712296761299,,,,,0.0029997903753420855,,,0.0014246871510544433,,,0.007108804258796367,,,,,0.023728420819830013,,,0.0168800897571929,,,0.037706244201183355,,,,,0.0,,,0.0,,,0.0,,,,,24.296548087873678,,,3.1329344611779777,,,24.903732040741566,,,,,9.00981887906166,,,7.672715473931438,,,3.725237906796184,,,0.0021703423323076987,0.00043009662137019096,0.0001103078036410817,1.549748313123677e-05,5.322185285964244,0.6899232717424784,0.35037562101298075,0.00010889911137708255,0.20112317854693362,4.913543196414148,0.9714914823009572,1.032008305420652,7.707437378877622e-10,0.7985315604052795
97978ef7,0.0241176177097436,21.3,0.13504370241191313,0.2628637189159814,0.3529028870582428,0.0,0.011285320386784094,0.00255030841239436,0.0009466233861601728,0,,,0.13504370241191313,,,0.2628637189159814,,,0.3529028870582428,,,,,0.011285320386784094,,,0.00255030841239436,,,0.0009466233861601728,,,,,0.010627805859286361,,,0.022584545213018392,,,0.013759530414662942,,,,,0.0,,,0.0,,,0.0,,,,,24.740205807782786,,,2.8051304364012357,,,16.22431171008484,,,,,10.598800063326687,,,6.294756860872254,,,3.4831456500044786,,,0.0013533224443012537,0.0005561826906017174,0.00010261175342818098,1.4858881331704815e-05,4.148993306599129,0.7257134253923533,0.2981315524332824,0.00011946691095878278,0.17490663441610343,5.002907326354235,0.9828128307466585,1.0581605101803127,7.548083352153137e-10,0.807457094536495
6651cde0,0.3511924223970192,21.4,0.1296094247557674,0.24949503427753017,0.35186485743866064,0.0,0.3343085993768033,0.0003609765891764274,0.002769740789131138,0,,,0.1296094247557674,,,0.24949503427753017,,,0.35186485743866064,,,,,0.3343085993768033,,,0.0003609765891764274,,,0.002769740789131138,,,,,0.015001523348102909,,,0.008496782793227416,,,0.023536103284660943,,,,,0.0,,,0.0,,,0.0,,,,,111.15425209226366,,,19.391680806960665,,,6.153904070086887,,,,,10.617957591388127,,,6.615714951348824,,,3.86849258695494,,,0.00406670123416947,0.00035299259563282117,0.00014790962071244037,1.5579285771888623e-05,4.723235321169024,0.63728230235541,0.3709746696985193,0.00012072067177263368,0.2840726919721695,4.865702191116239,0.9932802653005287,1.0568262235628345,7.437043728378451e-10,0.7718042829659493
5d942dc9,0.00817821253211855,21.4,0.13736128375154616,0.256858383732064,0.3444261713680839,0.0,4.046936170543425e-05,0.0006148609005192535,0.0021685674278972343,0,,,0.13736128375154616,,,0.256858383732064,,,0.3444261713680839,,,,,4.046936170543425e-05,,,0.0006148609005192535,,,0.0021685674278972343,,,,,0.002844973170539021,,,0.011089282217702402,,,0.020503039357324566,,,,,0.0,,,0.0,,,0.0,,,,,42.55419504814096,,,10.741145449010197,,,7.291935929071879,,,,,9.158585875115332,,,8.124713889904783,,,3.806755672904404,,,0.003363238418551603,0.00059300236512339,0.00014028294013060039,2.276457178805793e-05,4.381739323129487,0.7370238570038821,0.34210994546112933,9.677490900405142e-05,0.2989615567261124,5.096264759253786,0.9787174640919526,1.121094232512363,7.905025211493125e-10,0.826956399947316
7ea5b21e,0.012817623360029689,21.4,0.14083998246915927,0.2509502051855223,0.35245430855452603,0.0,0.005547395630849714,0.0003069133347693989,6.992660959329514e-07,0,,,0.14083998246915927,,,0.2509502051855223,,,0.35245430855452603,,,,,0.005547395630849714,,,0.0003069133347693989,,,6.992660959329514e-07,,,,,0.03011022870505264,,,0.007834709117375053,,,0.0003739695431269641,,,,,0.0,,,0.0,,,0.0,,,,,20.803510776036976,,,4.781461602052649,,,5.8246149380061345,,,,,13.03337150184445,,,6.849187686101914,,,3.583129877306041,,,0.003106839422989855,0.0005356970875086332,0.00014560554677151057,1.6399056711653308e-05,5.491192455477426,0.6952525826025211,0.32392693754600127,0.00011872655730667233,0.2878041577061133,4.957571543248977,0.9991723890044518,1.0690889025042976,7.725147999583691e-10,0.7939360875513848
7f2ffdce,0.025213471584233923,21.4,0.13548044939987067,0.2490415156940967,0.3455626688997713,0.0,0.005861291314358507,0.007022856171925873,0.00495109665132466,0,,,0.13548044939987067,,,0.2490415156940967,,,0.3455626688997713,,,,,0.005861291314358507,,,0.007022856171925873,,,0.00495109665132466,,,,,0.031350369809996184,,,0.028313850873340766,,,0.03146775063878783,,,,,0.0,,,0.0,,,0.0,,,,,44.62441785825236,,,5.484312638727183,,,3.4333905018675566,,,,,12.716353158237107,,,7.360023535935894,,,3.9603895416193193,,,0.0026656020948330173,0.0006295403221807759,0.00015732104022487395,1.7755369630456233e-05,4.766983382827793,0.6897408625677227,0.3156139233144716,0.00011818600315091967,0.26578511652500036,4.9657909436019745,0.9995527493336873,1.0736263443119698,7.967438410937919e-10,0.7876314047845562
1c8c36ca,0.04854518141341786,21.4,0.12790901167467655,0.25106391016514346,0.3482108519072072,0.0,0.014527020360079867,0.0008685964152623043,0.019634071762104396,0,,,0.12790901167467655,,,0.25106391016514346,,,0.3482108519072072,,,,,0.014527020360079867,,,0.0008685964152623043,,,0.019634071762104396,,,,,0.022098121481427962,,,0.013180261114729893,,,0.051222486396069626,,,,,0.0,,,0.0,,,0.0,,,,,13.613380374150578,,,1.5480394511875375,,,9.089817240131461,,,,,9.65312660052263,,,6.689052097641314,,,3.5680349425375266,,,0.0033328052784460075,0.00041955303022904596,0.000119176877163457,2.2506052808784402e-05,4.482572701389577,0.7361380192470609,0.3485310869141417,0.0001041740732649684,0.2290743356236955,5.100013884855153,0.970476473006224,1.0680474969535454,7.63718004130053e-10,0.8280672690855096
b4d13d33,0.028667004212073945,21.4,0.14074430144105773,0.2508154364156578,0.3662586170347654,0.0,0.00758684821045154,0.004548691427120691,0.004002598297563622,0,,,0.14074430144105773,,,0.2508154364156578,,,0.3662586170347654,,,,,0.00758684821045154,,,0.004548691427120691,,,0.004002598297563622,,,,,0.012010168860271862,,,0.030161868069205167,,,0.02829345612527258,,,,,0.0,,,0.0,,,0.0,,,,,31.466465284361448,,,4.543208272372391,,,3.128412550416845,,,,,10.857810245860712,,,6.843796779897765,,,3.4908359031485863,,,0.002096393453549175,0.0005463096236853414,0.00011659359574221672,1.712709966263131e-05,4.246876748214647,0.7179757736856346,0.3636143378850977,0.00011773518105170433,0.24747425498966713,5.047725388592864,0.9668921084476038,1.0588601294132567,7.241947917463255e-10,0.820487464570701
c746b9d3,0.1636043964406924,21.4,0.1311272726988266,0.2543237200093497,0.31579548571849436,0.0,0.006888097070825722,3.5104947235646653e-06,0.1537940713716736,0,,,0.1311272726988266,,,0.2543237200093497,,,0.31579548571849436,,,,,0.006888097070825722,,,3.5104947235646653e-06,,,0.1537940713716736,,,,,0.00975054611693922,,,0.0008379134470295444,,,0.028014776183399096,,,,,0.0,,,0.0,,,0.003582210396971132,,,,,1.7996334584985303,,,3.7812009658192074,,,12.482776965971023,,,,,10.51688331253272,,,6.713788538647829,,,3.934019230906802,,,0.0042936299412408676,0.00043759960018753487,0.00010926104791563554,1.5064683301650171e-05,3.7424876651876327,0.6941267351463632,0.3485180263899812,8.907117651178159e-05,0.3009088980157594,4.936588743023741,0.9894008780565455,1.0693849024356838,7.897358733899304e-10,0.8006942299359737
f73a3893,0.019928803066635317,21.4,0.13465122812480654,0.23745560301272664,0.34759299308995634,0.0,0.004330196328919984,0.0008812025541407924,0.0037815842515526252,0,,,0.13465122812480654,,,0.23745560301272664,,,0.34759299308995634,,,,,0.004330196328919984,,,0.0008812025541407924,,,0.0037815842515526252,,,,,0.020585051734119703,,,0.009145661856921635,,,0.027501215433331762,,,,,0.0,,,0.0,,,0.0,,,,,4.691416826083596,,,5.365235676594786,,,4.497100726810968,,,,,9.126387249925243,,,8.190104181303726,,,3.855077468477548,,,0.002849403544958126,0.0004505094526236216,0.00013300393835225164,1.3708745617292973e-05,4.88988744705215,0.6679719331213942,0.3913549434225988,0.0001039414780325289,0.23621062713016286,5.013284617629044,0.9984668686657486,1.0981313495001201,7.761895476574603e-10,0.7978736229550436
8c4b8226,0.012045246945242932,21.6,0.13859531251419901,0.24550029326200629,0.3474388628254868,0.0,0.002388712398644555,5.9424522838971084e-05,0.0023447979145465765,0,,,0.13859531251419901,,,0.24550029326200629,,,0.3474388628254868,,,,,0.002388712398644555,,,5.9424522838971084e-05,,,0.0023447979145465765,,,,,0.007387523917005884,,,0.003447448994226632,,,0.021655474663680667,,,,,0.0,,,0.0,,,0.0,,,,,11.835011210747169,,,12.04647727752343,,,8.291662085147387,,,,,14.780274861400592,,,7.6412790803982125,,,4.463098685051986,,,0.002849956075802344,0.00038437585644645586,0.00012282199879268623,2.0695041608647667e-05,5.837373970622656,0.7576508407450866,0.22311092372388436,7.658210445049667e-05,0.26683215576606706,5.2389965903793145,0.9741413655822226,1.1095721861512169,8.520499531883263e-10,0.8116992744377847
87a1d842,0.00804767416525316,21.6,0.1369401798639911,0.2565909063715896,0.3307921475356518,0.0,0.0006628147348387368,0.0012890115554560974,0.0035491668285351596,0,,,0.1369401798639911,,,0.2565909063715896,,,0.3307921475356518,,,,,0.0006628147348387368,,,0.0012890115554560974,,,0.0035491668285351596,,,,,0.009984194664438523,,,0.01605622343800744,,,0.02664269816867338,,,,,0.0,,,0.0,,,0.0,,,,,3.5768006441755538,,,20.159622256310385,,,6.510305745443495,,,,,9.560922635437441,,,6.868410353186049,,,3.4588423962939676,,,0.0030449337430527145,0.0006522517286734612,0.00019008601537647053,1.61480591265983e-05,5.095055933485039,0.6758023777035248,0.4010938370439099,8.188252868274296e-05,0.24749560095808287,5.064422120127097,1.020846509142157,1.0705557032486472,7.237674700715097e-10,0.8057959366072259
3430e55f,0.026577389203294832,21.6,0.13498439253618424,0.25296112770458656,0.37994637042978363,0.0,0.00040959068357750123,4.2650039909598284e-05,0.002769659974830181,0,,,0.13498439253618424,,,0.25296112770458656,,,0.37994637042978363,,,,,0.00040959068357750123,,,4.2650039909598284e-05,,,0.002769659974830181,,,,,0.0008941002325241541,,,0.002920617739780346,,,0.01652859695421997,,,,,0.0,,,0.0,,,0.0,,,,,18.080805313176942,,,4.557881759556572,,,12.623718596108237,,,,,10.13387313867099,,,7.344950855413986,,,3.1511924571933667,,,0.0032375292487782487,0.0005751076603264494,0.00014258056141098002,2.2033459571038452e-05,5.035394665637318,0.804757816219307,0.34644724280481043,0.00011771448986812351,0.2651197027783549,5.002470807469952,0.9692466137394335,1.1043755164441005,8.059581828337844e-10,0.8723642877450377
4ee61c47,0.0284750779542589,21.6,0.15171662228111382,0.2581486045658331,0.3405356265378471,0.0,0.0024328229496736672,0.0014821703889658163,0.023300252491894338,0,,,0.15171662228111382,,,0.2581486045658331,,,0.3405356265378471,,,,,0.0024328229496736672,,,0.0014821703889658163,,,0.023300252491894338,,,,,0.016932974579624237,,,0.005206361571481046,,,0.032642081918720596,,,,,0.0,,,0.0,,,0.0,,,,,3.3624456444952195,,,4.7852301388226435,,,6.169032093116135,,,,,9.25842485968597,,,8.433688809159507,,,4.0085046939887485,,,0.004125962508179846,0.0006477985717087116,0.00013266457293680762,2.1593733121491257e-05,5.17566900208155,0.758281517490891,0.2893369648902284,0.00011446494011501412,0.38531810619014933,4.767485157990537,1.0029458490899834,1.0995426884427808,8.425577556845642e-10,0.8281906758814593
84bb19e7,0.019931749268340238,21.6,0.1314942819540542,0.24996475053427916,0.3458155962496736,0.0,0.0034958927797633663,0.0017770442957908503,0.004856844898274392,0,,,0.1314942819540542,,,0.24996475053427916,,,0.3458155962496736,,,,,0.0034958927797633663,,,0.0017770442957908503,,,0.004856844898274392,,,,,0.008647497051241241,,,0.018852290554682474,,,0.031166792899733498,,,,,0.0,,,0.0,,,0.0,,,,,9.736965312940583,,,3.9552869770969967,,,8.964345088762734,,,,,10.58957631543505,,,7.1707979835987095,,,4.2464872160799105,,,0.0038820440695248562,0.0004943019432915418,0.00012573981032231512,1.68670948912968e-05,5.415471756102662,0.6111103989322288,0.36866972687320243,0.00010318500231343924,0.25857607389851545,4.9784341163344905,0.9689746689419972,1.0872322577678302,7.810947792101131e-10,0.7544453549690253
e4231240,0.013131937997171644,21.6,0.13956358972430258,0.2591709143945974,0.3622845941412921,0.0,0.0011544794397015084,0.0004824302690971824,0.001675756781528846,0,,,0.13956358972430258,,,0.2591709143945974,,,0.3622845941412921,,,,,0.0011544794397015084,,,0.0004824302690971824,,,0.001675756781528846,,,,,0.014063905982185532,,,0.009822731484645016,,,0.016281411654672305,,,,,0.0,,,0.0,,,0.0,,,,,9.137150963162899,,,11.270457804098012,,,4.576434464284027,,,,,11.092678153494653,,,6.5909966885727576,,,3.7476590099243823,,,0.0037220354578254675,0.0004063435658868511,0.0001746280698492894,1.3532816447741822e-05,5.6106454963638015,0.7458525486833184,0.3134375608624787,9.274592937930012e-05,0.26556489383562226,4.9008867528071445,1.0233212920568757,1.1023966882817144,7.96042161528732e-10,0.8254805621673484
ccacab51,1.4585027636292387,21.6,0.14410642630639667,0.2488159001806345,0.36486506734389623,0.0,1.4259400254562977,0.008265166187716992,0.01323284752174319,0,,,0.14410642630639667,,,0.2488159001806345,,,0.36486506734389623,,,,,1.4259400254562977,,,0.008265166187716992,,,0.01323284752174319,,,,,0.010153848570979238,,,0.017600762548930202,,,0.05144481999529824,,,,,0.026582952473822606,,,0.0,,,0.0,,,,,166.44222931560648,,,10.569288296191703,,,14.929210595433581,,,,,13.684849420959491,,,7.337191479427442,,,3.608919511904055,,,0.003334767217975419,0.0007029076494275418,0.0001691569303440876,2.4398677620376957e-05,5.431436491068518,0.8062488751024524,0.2919567619743381,8.300062495031062e-05,0.35770596325266196,5.037416395884557,0.9714725817706897,1.0997732385272303,8.155596638828238e-10,0.8627866304802285
cd882ad0,0.019997822165861073,21.6,0.13465648826253482,0.2524860484245226,0.36233957360758245,0.0,0.002972554227926277,0.0017640600733546496,0.0010558569699012027,0,,,0.13465648826253482,,,0.2524860484245226,,,0.36233957360758245,,,,,0.002972554227926277,,,0.0017640600733546496,,,0.0010558569699012027,,,,,0.02438259308574983,,,0.018783290837095876,,,0.014531737472864027,,,,,0.0,,,0.0,,,0.0,,,,,11.81899308252656,,,0.4910558165192122,,,7.050352308765075,,,,,11.757008854744207,,,8.123581230554938,,,3.3098379983409276,,,0.004960282060317383,0.00037583709406718304,0.00015240690001408505,1.5688543543638087e-05,4.683234023852807,0.7122606188660907,0.3607962866832003,0.00013674619461913887,0.3188279972181522,4.998643416408572,0.9645992238331188,1.0831837285397474,7.85512017217838e-10,0.816039839483059
af330ad2,0.008835208090786304,21.7,0.1339057249739109,0.2410182704095325,0.32992697108968794,0.0,0.00039296260114684125,0.002229077272830528,0.0018440962219669747,0,,,0.1339057249739109,,,0.2410182704095325,,,0.32992697108968794,,,,,0.00039296260114684125,,,0.002229077272830528,,,0.0018440962219669747,,,,,0.0018463918631088049,,,0.02111434239009365,,,0.01920466725547191,,,,,0.0,,,0.0,,,0.0,,,,,2.881038393547597,,,6.055319375046478,,,24.340146938888502,,,,,11.137684692502157,,,7.882624813011041,,,3.9865503982374837,,,0.0029812403523299374,0.0004534257989245453,0.00019378629826159865,1.6082249452556165e-05,6.862783921677721,0.666392568910704,0.29980194992865167,9.394881637543851e-05,0.19503407857959007,5.23787838837019,1.0174540754400432,1.076841647707103,7.857297214207681e-10,0.7663787470669703
81202af8,0.05136393740340394,21.7,0.13697711788331893,0.2585275827739878,0.36257375999234337,0.0,0.03679637103501602,0.00046343740648523244,0.0023414279179954614,0,,,0.13697711788331893,,,0.2585275827739878,,,0.36257375999234337,,,,,0.03679637103501602,,,0.00046343740648523244,,,0.0023414279179954614,,,,,0.016068470348324936,,,0.009627433785648514,,,0.02163990719941036,,,,,0.03550539233834103,,,0.0,,,0.0,,,,,17.67221386731692,,,3.6169740848253644,,,23.288015235114987,,,,,15.900657354793337,,,6.706312350627673,,,3.0456040979629875,,,0.0031116845312373176,0.0005932631266619078,0.00019377453580192355,1.71836554622808e-05,5.831203014383381,0.7568360324617308,0.3125859261943286,9.086249683499105e-05,0.18970355276920514,5.10540279331918,1.011452517296812,1.090031073823689,8.390029094370697e-10,0.832814407879149
3217c820,0.008445183417453784,21.7,0.1392504797707198,0.25874294374076195,0.34055363703197133,0.0,0.0012572825315871324,0.0020281268293946297,0.001725046061752661,0,,,0.1392504797707198,,,0.25874294374076195,,,0.34055363703197133,,,,,0.0012572825315871324,,,0.0020281268293946297,,,0.001725046061752661,,,,,0.015857380184552128,,,0.020140143144449743,,,0.018574423607491355,,,,,0.0,,,0.0,,,0.0,,,,,7.640587160715292,,,4.114660653130445,,,4.574227825111952,,,,,10.240577905373128,,,7.6380099914656245,,,3.201243512546452,,,0.0035949109037952433,0.0005512966603051616,0.00020909236183304163,1.792382157698317e-05,5.67793225779934,0.6907021325589706,0.354905479632575,8.479875251763518e-05,0.26737450612481317,4.972717690745572,1.0206447144783604,1.1151442382648706,8.156974482733602e-10,0.8004381500044985
618df1c6,0.009123796702735353,21.7,0.1443203341053311,0.24990469474488822,0.3292263742396585,0.0,0.0003995502526977949,0.0002491805046508995,0.007404956282540408,0,,,0.1443203341053311,,,0.24990469474488822,,,0.3292263742396585,,,,,0.0003995502526977949,,,0.0002491805046508995,,,0.007404956282540408,,,,,0.005893912155135402,,,0.0070594688844260725,,,0.0384836492098668,,,,,0.0,,,0.0,,,0.0,,,,,21.416953884619964,,,1.0524586548475048,,,17.054948795386306,,,,,11.192620147969805,,,6.433037957378639,,,3.7572264402598754,,,0.0029184547177142617,0.0004450878857813159,0.00017136840080546006,1.9869089146434293e-05,5.230516588587059,0.7707665040949383,0.281648118244758,9.269485707825906e-05,0.31117374197261927,5.003338804016661,0.9884916090533417,1.091491221001562,8.001386428558393e-10,0.8353015220434419
6dfb29cf,0.028167131854412816,21.7,0.14736915237313405,0.2618019724489331,0.3496216088514053,0.0,9.247991807264142e-05,0.0022623660656885224,0.023387850929829052,0,,,0.14736915237313405,,,0.2618019724489331,,,0.3496216088514053,,,,,9.247991807264142e-05,,,0.0022623660656885224,,,0.023387850929829052,,,,,0.004300695712850223,,,0.021271417751003444,,,0.02150075003862638,,,,,0.0,,,0.0,,,0.0,,,,,9.476924205516319,,,14.621669791810103,,,24.519629943908587,,,,,11.60659202637435,,,6.4869924446856695,,,4.136277033079732,,,0.003512456525176775,0.0006426523193677745,0.0001764544691119281,1.3521898236727038e-05,5.251769762976685,0.7621191901319128,0.32027868125528836,9.069655543132097e-05,0.25049951558240025,4.881885595526547,1.0147082813842072,1.0616728070290775,8.107489116884147e-10,0.8382753143442782
0622ed7d,0.009223469582488679,21.7,0.13922834195671,0.2597600778285041,0.3335467026567032,0.0,0.0022885502523831685,0.00011818002041589061,0.004659601917333897,0,,,0.13922834195671,,,0.2597600778285041,,,0.3335467026567032,,,,,0.0022885502523831685,,,0.00011818002041589061,,,0.004659601917333897,,,,,0.01970138035055564,,,0.004861687369954811,,,0.03052737105397023,,,,,0.0,,,0.0,,,0.0,,,,,6.315099383807831,,,10.30785469801365,,,6.490681840828938,,,,,14.684391103734304,,,6.4070655931129314,,,3.215489006024635,,,0.0036375771729864666,0.000622452539290886,0.00013822958326321688,2.154458295483222e-05,5.363375129132827,0.6728848565679166,0.3772880016372006,0.00010840718362661392,0.25511916052649136,5.108400017171481,0.9906478392650837,1.0770951822762502,7.407562002568401e-10,0.7962637465385098
4d83a016,0.010428071333424013,21.7,0.13409499520012874,0.24086755140228733,0.3362328247078929,0.0,0.0004447849580214886,0.0014164857732095284,0.0023964365526418646,0,,,0.13409499520012874,,,0.24086755140228733,,,0.3362328247078929,,,,,0.0004447849580214886,,,0.0014164857732095284,,,0.0023964365526418646,,,,,0.0065375910870355,,,0.007070474573827619,,,0.02189263142083137,,,,,0.0,,,0.0,,,0.0,,,,,37.770413217581726,,,9.56923821307172,,,16.660329674830468,,,,,13.344908152916991,,,8.832092190776327,,,4.267942594373272,,,0.0036415043807187103,0.0007714431349428259,0.00015441106016091097,1.530038217092439e-05,5.40235952559576,0.6649498062668758,0.32478574184388376,7.623685892220534e-05,0.22275233364283842,5.029618269081033,1.0164666789689447,1.0848938846105205,8.637181853822574e-10,0.7737368534192411
018d2aa7,0.03571679130181345,21.7,0.1260533086397507,0.24853887473300668,0.3384914863354255,0.0,0.019367195557637343,0.001412612928836322,0.0036634890969634935,0,,,0.1260533086397507,,,0.24853887473300668,,,0.3384914863354255,,,,,0.019367195557637343,,,0.001412612928836322,,,0.0036634890969634935,,,,,0.01789715529241305,,,0.0168084081865971,,,0.027068391518387247,,,,,0.0,,,0.0,,,0.0,,,,,10.692145116658478,,,3.5945957028138515,,,15.786011983247796,,,,,10.360527969216026,,,7.4738424470216405,,,4.16806082578603,,,0.002302376046702637,0.00045843439829604976,0.00019557100387918751,1.610146934019048e-05,5.46366379197838,0.6767349401974739,0.35003778481661596,8.118579824971103e-05,0.15208671220091308,5.28407837586834,1.0168503446152592,1.0771839158881793,7.864551243425047e-10,0.7898549218608794
d5ed69bc,0.008907757751800346,21.9,0.13691028500754973,0.2511059970216304,0.3401264610144824,0.0,0.00010245750985199015,0.002450876862609016,0.0015619515085948913,0,,,0.13691028500754973,,,0.2511059970216304,,,0.3401264610144824,,,,,0.00010245750985199015,,,0.002450876862609016,,,0.0015619515085948913,,,,,0.0008780098321308261,,,0.018599115678670935,,,0.017674566521388248,,,,,0.0,,,0.0,,,0.0,,,,,7.493095751480957,,,8.740464140287044,,,11.98704480303286,,,,,11.280543375880832,,,7.683520181750235,,,5.4399763788984234,,,0.005738383305800847,0.0005006145720000739,0.00016823343920925073,1.891230561484685e-05,4.209798124160345,0.7221688405603213,0.30871543145663843,9.35299296901391e-05,0.2803395637658245,4.9562502924783445,1.0223883678491275,1.146669814573235,8.959620927334829e-10,0.8079087352756942
c53aba1b,0.02058374069004774,21.9,0.13335459902937014,0.22782540137224716,0.32977521687591915,0.0,0.0013625983762414777,0.010569199386993453,0.0013222145966713028,0,,,0.13335459902937014,,,0.22782540137224716,,,0.32977521687591915,,,,,0.0013625983762414777,,,0.010569199386993453,,,0.0013222145966713028,,,,,0.010267663921816876,,,0.02711561439966504,,,0.01626170099756666,,,,,0.0,,,0.0,,,0.0,,,,,13.920720053121409,,,1.6373455343999002,,,2.8859088261755406,,,,,11.375266230072498,,,6.98810079035542,,,3.8961627658308977,,,0.003232894902534949,0.000673385472715727,0.0001980524490645787,1.5784222790003226e-05,6.245689895623575,0.624292457133761,0.3171459000250258,0.00010773783705852963,0.24445984906089716,5.023718896512799,1.0074660714370534,1.0536056191071907,8.31225565703973e-10,0.7434148493722629
3156318e,0.024866145544153735,21.9,0.1341567648290387,0.25394366071074403,0.3664356653446213,0.0,0.00024998750127878987,0.00040226777808552666,0.007861770962136338,0,,,0.1341567648290387,,,0.25394366071074403,,,0.3664356653446213,,,,,0.00024998750127878987,,,0.00040226777808552666,,,0.007861770962136338,,,,,0.005541044776347183,,,0.008969590604765935,,,0.03830814512976947,,,,,0.0,,,0.0,,,0.0,,,,,40.51470170021992,,,3.712855123779951,,,4.271490092703823,,,,,9.890096101644415,,,8.144760686742101,,,3.954475406523382,,,0.004035036474752623,0.00045901130591457834,0.00021882146264347874,2.0423367717684885e-05,4.4500474225658735,0.8172285572293263,0.2763227682835867,0.00012401339199340477,0.3357003842131747,5.150579171237003,0.9861660449393108,1.1205036233833792,7.912134054325414e-10,0.8677048359820756
9c20d6e6,0.011586016921134139,21.9,0.13965794168023218,0.26069060577383674,0.34306493062403004,0.0,0.0017532839280932262,0.0011841147772588727,0.004884952976263222,0,,,0.13965794168023218,,,0.26069060577383674,,,0.34306493062403004,,,,,0.0017532839280932262,,,0.0011841147772588727,,,0.004884952976263222,,,,,0.016088658616866768,,,0.01538905310445625,,,0.03125684877355112,,,,,0.0,,,0.0,,,0.0,,,,,26.06079070128772,,,6.489253924193041,,,15.690296013676022,,,,,10.60638318872034,,,6.263449066316592,,,4.204164684255162,,,0.003239668625818054,0.00036087631384010044,0.00019530566781871588,1.5061191001576916e-05,5.475560796889072,0.7083877372042316,0.3473934090273383,9.013260234170632e-05,0.2996994111535948,5.058391691408468,1.0186530770982152,1.0802856842379633,7.491682702414431e-10,0.809657175950127
9da8a39a,0.012647314168126396,21.9,0.13297324349039238,0.25748571352519134,0.3462955697774209,0.0,0.001281735495755315,0.0003519072360634072,0.0023662600850043953,0,,,0.13297324349039238,,,0.25748571352519134,,,0.3462955697774209,,,,,0.001281735495755315,,,0.0003519072360634072,,,0.0023662600850043953,,,,,0.0017655502106009625,,,0.008389365125722055,,,0.020486861142635957,,,,,0.0,,,0.0,,,0.0,,,,,3.4583751613939278,,,4.818861291471819,,,57.80172297307458,,,,,10.824082781222382,,,7.263695662275315,,,3.9263839109804675,,,0.00302245743838424,0.0004888334569634217,0.00019967407234466831,2.2201509351883882e-05,5.791318680411358,0.7707606674484959,0.3033873463424361,9.94937402544156e-05,0.15982931567148656,5.014280219605277,1.021082429134904,1.0680786083090217,7.981544896850733e-10,0.8402786414939737
d871aaee,0.19501090869167592,21.9,0.13133031370822296,0.2594300023525811,0.27403398117407246,0.0,0.015342323496239284,0.00038864885979681497,0.17165803408200295,0,,,0.13133031370822296,,,0.2594300023525811,,,0.27403398117407246,,,,,0.015342323496239284,,,0.00038864885979681497,,,0.17165803408200295,,,,,0.015769875894205542,,,0.008816448942707205,,,0.03353141075578928,,,,,0.0,,,0.0,,,0.019299865800646788,,,,,41.08858991526341,,,5.106550265364536,,,17.394091029401196,,,,,9.640319419701006,,,8.674826289911483,,,4.252621754060954,,,0.005724542947416054,0.0005081190454440225,0.00018280985460769535,1.2787352119862578e-05,4.6914638861730795,0.6598225307180025,0.40057670705619763,7.768180935892523e-05,0.362936533645805,4.999792130141088,1.0216074831049626,1.086361399833727,7.90325673917957e-10,0.7960496435069903
48c7a2bf,0.02535693163151723,21.9,0.14374995620934217,0.2508615604850872,0.34144205911113923,0.0,0.0005515470890307645,0.0009530138434553071,0.02078340588388225,0,,,0.14374995620934217,,,0.2508615604850872,,,0.34144205911113923,,,,,0.0005515470890307645,,,0.0009530138434553071,,,0.02078340588388225,,,,,0.009295516741324238,,,0.013805896156753513,,,0.06447232876805715,,,,,0.0,,,0.0,,,0.0,,,,,14.866681432771642,,,15.545133943144835,,,12.696980615048995,,,,,13.23445100582571,,,6.391798400303024,,,4.726206351807444,,,0.0025036535223616208,0.0007347662384690044,0.0002437671925170911,1.7826229929359388e-05,5.329048349635394,0.6876742565199021,0.3554473596077146,7.583120660450369e-05,0.25044947234990167,5.058443659342717,1.0291889987813758,1.10343972719296,8.540905870103449e-10,0.7986540726414585
e46ac755,0.048876942519030755,21.9,0.14608744173656135,0.26303895163201246,0.34751502003597273,0.0,0.04306463197438015,0.0006486199046815898,0.0029587849460817467,0,,,0.14608744173656135,,,0.26303895163201246,,,0.34751502003597273,,,,,0.04306463197438015,,,0.0006486199046815898,,,0.0029587849460817467,,,,,0.015354450851746713,,,0.011389643582497125,,,0.024326055767763696,,,,,0.04279197396638629,,,0.0,,,0.0,,,,,35.98137882402151,,,29.41436661273445,,,14.208921326927738,,,,,17.150861259741244,,,7.134838991026376,,,3.7384212855046104,,,0.003070826889729298,0.0006103353229848169,0.00022637146728454884,1.5912300806123946e-05,7.053737909311819,0.7469962329341356,0.29622944045480865,7.821703327604827e-05,0.23792958386928187,4.989125134976125,1.0251783942018673,1.0802196428350703,9.205875849332728e-10,0.8219137743409699
9ec1d764,0.4178909924444807,22.0,0.1365641175471298,0.24140871847572307,0.34580050717380395,0.0,0.40504819998593233,0.0022251633777144184,0.00222893069475978,0,,,0.1365641175471298,,,0.24140871847572307,,,0.34580050717380395,,,,,0.40504819998593233,,,0.0022251633777144184,,,0.00222893069475978,,,,,0.012623166596851844,,,0.02109579758015524,,,0.02111364816776002,,,,,0.10701163026486506,,,0.0,,,0.0,,,,,21.334570108966993,,,31.079463243168075,,,7.830822555813066,,,,,15.846159081016326,,,8.541732955244521,,,4.371754008951441,,,0.004154734183498517,0.00035621472675884087,0.00020271064872199386,1.653490587698065e-05,4.373925448578255,0.693255484128087,0.26169739076127796,8.942530312079302e-05,0.17551840784449863,5.157880096102654,1.0177596238945779,1.1311633031184214,8.827965071302784e-10,0.7735035538230219
57b36d6f,1.1732462436509543,22.0,0.13728581402682505,0.25813406198517663,0.3180567853633422,0.0,0.037275338843858835,0.0003444566512013714,1.1344803310730605,0,,,0.13728581402682505,,,0.25813406198517663,,,0.3180567853633422,,,,,0.037275338843858835,,,0.0003444566512013714,,,1.1344803310730605,,,,,0.011904151934366853,,,0.008300080134569442,,,0.020177622934343928,,,,,0.0,,,0.0,,,0.0,,,,,22.10883822723898,,,5.939461291783417,,,155.77474434717604,,,,,12.262306800769446,,,9.055091974092033,,,4.210964818013737,,,0.004807548797910104,0.00048346345828510724,0.00015420845186916017,1.7114350665041108e-05,4.447722382699166,0.7541806136536537,0.3267030396490163,0.00011575596813200808,0.33953727219631297,4.907421083432003,1.0396816048876583,1.1367137592960044,8.713174803057403e-10,0.834457884073696
a6690555,0.023544764568300316,22.0,0.13474280951550985,0.2391284346080799,0.3530199799076568,0.0,0.007987160871026138,0.0022895602283523244,0.00044428963027637184,0,,,0.13474280951550985,,,0.2391284346080799,,,0.3530199799076568,,,,,0.007987160871026138,,,0.0022895602283523244,,,0.00044428963027637184,,,,,0.0018972464222496619,,,0.02139887954240747,,,0.009426448220579921,,,,,0.0,,,0.0,,,0.0,,,,,26.18430610789944,,,5.544396100612264,,,8.013140023059714,,,,,11.119542864872969,,,6.266511357189055,,,3.5820805801816813,,,0.0037759592661217958,0.0003349016248349262,0.00017679918100703965,2.0007141468429053e-05,4.765019073825255,0.7385213112483902,0.27905054014366243,7.542087314785456e-05,0.1897987394877339,5.143844922581382,1.0010881707955113,1.1126237222847848,8.273622694300837e-10,0.8114591755265691
d9becbb1,0.01996129180812216,22.0,0.1374949416348875,0.25765455396646764,0.3665338253478479,0.0,0.003958572658489029,0.0013644847549702075,0.001409389181173979,0,,,0.1374949416348875,,,0.25765455396646764,,,0.3665338253478479,,,,,0.003958572658489029,,,0.0013644847549702075,,,0.001409389181173979,,,,,0.028137422264624845,,,0.005616853739939986,,,0.01678921785655293,,,,,0.0,,,0.0,,,0.0,,,,,8.85230917694753,,,9.460034607664356,,,8.975524352120576,,,,,10.348266125933634,,,6.762701778986653,,,3.5764365958839863,,,0.004664968469491533,0.0006026496829545948,0.00019624298350994583,1.480384977083569e-05,5.512651308922704,0.6870097445051161,0.3286850043987397,0.00013642317306928603,0.25593081040605387,4.974122570270881,1.0262517373855005,1.0921462006695086,7.794962252096639e-10,0.7898520795087748
830c892b,0.007353134976044961,22.0,0.1340716293908477,0.2570018189505788,0.30681523853715886,0.0,0.001009148115445825,0.0012177372360782555,0.0033932997705473592,0,,,0.1340716293908477,,,0.2570018189505788,,,0.30681523853715886,,,,,0.001009148115445825,,,0.0012177372360782555,,,0.0033932997705473592,,,,,0.00603909798102815,,,0.015606006767128198,,,0.016446830213573897,,,,,0.0,,,0.0,,,0.0,,,,,6.96347120229914,,,11.368387101479456,,,32.63618554630881,,,,,10.967622232903429,,,6.963389690248807,,,3.9987368833385095,,,0.005511735812730922,0.00031702850877782327,0.0002704956432859759,1.5749207908820942e-05,5.171353581348904,0.6622527157188918,0.30161699222806904,7.861612972994354e-05,0.26221881781296047,5.154868754932804,1.0053003270403966,1.1398995317335892,8.217256406503315e-10,0.7640928740377354
0317f548,1.677240211022709,22.0,0.13734027890099545,0.2423576056507075,0.33051324820791605,0.0,1.6718645464655355,0.0007874911253392572,0.0012729257660797893,0,,,0.13734027890099545,,,0.2423576056507075,,,0.33051324820791605,,,,,1.6718645464655355,,,0.0007874911253392572,,,0.0012729257660797893,,,,,0.011085668551498779,,,0.01254982968282245,,,0.015955724778773224,,,,,0.028386294115224524,,,0.0,,,0.0,,,,,175.45117094128017,,,6.491556285388075,,,19.370288867673118,,,,,17.339483855880744,,,9.859087357537886,,,3.798986982548215,,,0.0036178613984687745,0.000532093261342674,0.00018940770015223458,1.7722401884443605e-05,6.065438201127744,0.6393647994744229,0.3514365174187403,9.627961081747003e-05,0.2659710297497037,5.020736342562013,1.0205611393005332,1.1202037034288241,8.661760247577664e-10,0.7660700347539989
29ab247a,0.02068125135562982,22.0,0.14449663452910527,0.26301734880692973,0.3252094897971398,0.0,0.014772826837909198,0.0013524946383635698,0.004334884587529017,0,,,0.14449663452910527,,,0.26301734880692973,,,0.3252094897971398,,,,,0.014772826837909198,,,0.0013524946383635698,,,0.004334884587529017,,,,,0.02069282408529632,,,0.016256084296067883,,,0.029444471764760928,,,,,0.0,,,0.0,,,0.0,,,,,26.86922795632537,,,4.128718563288605,,,12.551161972900987,,,,,10.356646414038208,,,6.921867212472493,,,3.8118486286624234,,,0.004168599622060928,0.0005502697365320011,0.00019015033929761172,1.6977298095394076e-05,5.347460161818208,0.6808246871663994,0.4033333876770535,0.00013639012846900376,0.2041311726621217,4.977876212136446,1.0338222366340157,1.1122692531493596,8.484592106378561e-10,0.8095184140156912
59b6a0ad,1.0344939250587966,22.0,0.1483547015865768,0.24760331695332763,0.33816839684906347,0.0,1.0282822024813472,0.0010351231169617912,0.002240358135531726,0,,,0.1483547015865768,,,0.24760331695332763,,,0.33816839684906347,,,,,1.0282822024813472,,,0.0010351231169617912,,,0.002240358135531726,,,,,0.00763289155273213,,,0.01438835026653015,,,0.021167702452234753,,,,,0.004674787009399625,,,0.0,,,0.0,,,,,137.26920556129917,,,6.403215560855696,,,22.103395342066218,,,,,17.372034105777608,,,10.13235895326138,,,4.4411286178722795,,,0.003923888474857891,0.0004508515882299818,0.0001967744517294593,1.8140982747023054e-05,4.471075817359911,0.691754783707998,0.31312133627054245,0.00010157895016124552,0.26641319246934964,5.05146912641666,1.060614434559174,1.0869844277413774,8.618408355503717e-10,0.788241625598725
